"id";"id_projet";"intitule_financement";"code_projet";"intitule_projet";"id_rc_org_benef";"id_rc_org_benef_p";"code_benef";"benef_ar";"benef_fr";"benef_en";"cout_glob";"id_nm_devise_c";"code_devise_c";"symb_devise_c";"besoin_fin_ext";"id_rc_bailleur";"code_bailleur";"bailleur_ar";"bailleur_fr";"bailleur_en";"id_rc_entite_charge";"dt_env_bailleur";"num_fin";"id_nm_type_fin";"code_type_fin";"type_fin_ar";"type_fin_fr";"type_fin_en";"id_nm_categ_fin";"code_categ_fin";"categ_fin_ar";"categ_fin_fr";"categ_fin_en";"id_nm_nature_pret";"code_nature_pret";"nature_pret_ar";"nature_pret_fr";"nature_pret_en";"montant";"id_nm_devise";"code_devise";"symb_devise";"devise_ar";"devise_fr";"devise_en";"cour_ref";"montant_tnd";"taux_interet";"dt_limite_don";"is_draft";"dt_maj";"id_nm_type_taux";"code_type_taux";"type_taux_ar";"type_taux_fr";"dt_recept_bail";"id_nm_fin_islam";"code_fin_islam";"fin_islam_ar";"fin_islam_fr";"dt_signatures";"dt_cloture_init";"dt_cloture_act";"mnt_engage";"id_nm_type_dest_fin";"code_dest_fin";"dest_fin_ar";"dest_fin_fr";"mnt_decaiss";"mnt_reste_decaiss";"pourc_decaiss";"nbr_prorog";"is_ligne_fin";"id_ligne_fin";"id_type_appui";"comm_eng"
3 153,00;1 251,00;"PROJET DES START-UPS ET PETITES ET MOYENNES ENTREPRISES INNOVANTES";"P26058";"PROJET DES START-UPS ET PETITES ET MOYENNES ENTREPRISES INNOVANTES";null;null;"null";"null";"null";"null";66,90;39,00;"EUR";"€";null;136,00;"BIRD";"البنك الدولي لإعادة الإعمار والتنمية";"Banque Internationale de Reconstitution et de Développement";"null";12,00;null;"8984-TN";1,00;"01";"قرض";"Prêt";"Prêt";null;"null";"null";"null";"null";null;"null";"null";"null";"null";66,90;39,00;"EUR";"€";"Euro";"Euro";"null";3,12;208,59;"null";null;false;15/04/2026 09:44;null;"null";"null";"null";null;null;"null";"null";"null";30/01/2020;31/12/2026;30/11/2028;"null";1,00;"01";"مشروع";"Projet";38,36;28,54;57,34;1;false;null;null;null
3 154,00;1 250,00;" Programme Govtech: transformation digitale pour les services publics orientés usagers";"P26057";" Programme Govtech: transformation digitale pour les services publics orientés usagers";null;null;"null";"null";"null";"null";89,20;39,00;"EUR";"€";null;136,00;"BIRD";"البنك الدولي لإعادة الإعمار والتنمية";"Banque Internationale de Reconstitution et de Développement";"null";12,00;null;"TN8987";1,00;"01";"قرض";"Prêt";"Prêt";null;"null";"null";"null";"null";null;"null";"null";"null";"null";89,20;39,00;"EUR";"€";"Euro";"Euro";"null";3,39;302,57;"";null;false;15/04/2026 09:45;null;"null";"null";"null";null;null;"null";"null";"null";30/01/2020;31/01/2025;30/05/2027;"null";1,00;"01";"مشروع";"Projet";60,41;28,79;67,72;2;false;null;null;0,25
3 156,00;1 259,00;"Programme de résilience aux risques des catastrophes";"P26060";"Programme de résilience aux risques des catastrophes";null;null;"null";"null";"null";"null";102,00;39,00;"EUR";"€";null;136,00;"BIRD";"البنك الدولي لإعادة الإعمار والتنمية";"Banque Internationale de Reconstitution et de Développement";"null";12,00;22/01/2019;"9217-TN";1,00;"01";"قرض";"Prêt";"Prêt";null;"null";"null";"null";"null";3,00;"03";"قرض سيادي مباشر";"Souverain - Direct";"Direct";41,30;39,00;"EUR";"€";"Euro";"Euro";"null";3,39;140,09;"Euribor 6mois +spread fixe ";null;false;15/04/2026 10:43;null;"null";"null";"null";null;null;"null";"null";"null";03/06/2021;30/04/2026;30/04/2026;"null";3,00;"03";"مشروع ودعم ميزانية";"Appui budgétaire, accès sur les résultats";18,33;22,97;44,38;0;false;null;1;0,25
3 166,00;1 258,00;"Projet d’Intégration Électrique Tunisie–Italie et Écosystème des Énergies Renouvelables";"P26059";"Projet d’Intégration Électrique Tunisie–Italie et Écosystème des Énergies Renouvelables";null;null;"null";"null";"null";"null";1 004,70;39,00;"USD";"$";null;146,00;"GCF";"Green Climat Fund";"Green Climate Fund";"null";12,00;null;"C3447";2,00;"02";"هبة";"Don";"Donation";null;"null";"null";"null";"null";null;"null";"null";"null";"null";4,00;38,00;"USD";"$";"U.S. Dollar";"Dollar des USA";"null";3,10;12,40;"null";null;false;15/04/2026 10:47;null;"null";"null";"null";null;null;"null";"null";"null";13/12/2023;28/12/2028;28/12/2028;"null";1,00;"01";"مشروع";"Projet";0,00;4,00;0,00;0;false;null;null;null
3 165,00;1 258,00;"Projet d’Intégration Électrique Tunisie–Italie et Écosystème des Énergies Renouvelables";"P26059";"Projet d’Intégration Électrique Tunisie–Italie et Écosystème des Énergies Renouvelables";null;null;"null";"null";"null";"null";1 004,70;39,00;"USD";"$";null;146,00;"GCF";"Green Climat Fund";"Green Climate Fund";"null";12,00;null;"C3536";1,00;"01";"قرض";"Prêt";"Prêt";null;"null";"null";"null";"null";null;"null";"null";"null";"null";20,00;38,00;"USD";"$";"U.S. Dollar";"Dollar des USA";"null";3,10;62,00;"null";null;false;15/04/2026 10:47;null;"null";"null";"null";null;null;"null";"null";"null";13/12/2023;28/12/2028;28/12/2028;"null";1,00;"01";"مشروع";"Projet";0,00;20,00;0,00;0;false;null;null;null
3 155,00;1 258,00;"Projet d’Intégration Électrique Tunisie–Italie et Écosystème des Énergies Renouvelables";"P26059";"Projet d’Intégration Électrique Tunisie–Italie et Écosystème des Énergies Renouvelables";null;null;"null";"null";"null";"null";1 004,70;39,00;"EUR";"€";null;136,00;"BIRD";"البنك الدولي لإعادة الإعمار والتنمية";"Banque Internationale de Reconstitution et de Développement";"null";12,00;null;"9537-TN";1,00;"01";"قرض";"Prêt";"Prêt";null;"null";"null";"null";"null";null;"null";"null";"null";"null";247,00;39,00;"EUR";"€";"Euro";"Euro";"null";3,39;837,82;"null";null;false;15/04/2026 10:47;null;"null";"null";"null";null;null;"null";"null";"null";30/06/2023;28/12/2028;28/12/2028;"null";1,00;"01";"مشروع";"Projet";1,34;245,66;0,54;0;false;null;null;null
3 157,00;1 269,00;"Projet Onas PPP";"P26062";"Projet Onas PPP";null;null;"null";"null";"null";"null";1 746,00;37,00;"EUR";"€";299,10;136,00;"BIRD";"البنك الدولي لإعادة الإعمار والتنمية";"Banque Internationale de Reconstitution et de Développement";"null";12,00;null;"9462-TN";1,00;"01";"قرض";"Prêt";"Prêt";null;"null";"null";"null";"null";6,00;"06";"قرض بضمان بسيط";"Avec Garanti - Simple";"Simple";113,60;39,00;"EUR";"€";"Euro";"Euro";"null";3,39;385,33;"null";null;false;15/04/2026 11:18;null;"null";"null";"null";null;null;"null";"null";"null";02/06/2023;30/06/2033;30/06/2033;"null";1,00;"01";"مشروع";"Projet";22,12;91,48;19,47;0;false;null;null;null
3 159,00;1 272,00;"Projet d’appui à la relance économique des Petites et Moyennes Entreprises (PME)";"P26063";"Projet d’appui à la relance économique des Petites et Moyennes Entreprises (PME)";null;null;"null";"null";"null";"null";115,90;39,00;"EUR";"€";null;136,00;"BIRD";"البنك الدولي لإعادة الإعمار والتنمية";"Banque Internationale de Reconstitution et de Développement";"null";12,00;null;"9472-TN";1,00;"01";"قرض";"Prêt";"Prêt";null;"null";"null";"null";"null";null;"null";"null";"null";"null";115,90;39,00;"EUR";"€";"Euro";"Euro";"null";3,39;393,13;"null";null;false;15/04/2026 14:01;null;"null";"null";"null";null;null;"null";"null";"null";10/02/2023;31/05/2028;31/05/2028;"null";1,00;"01";"مشروع";"Projet";20,80;95,10;17,95;0;false;null;null;null
3 158,00;1 267,00;"Projet d’Intensification des périmètres irrigués (PIAIT)";"P26061";"Projet d’Intensification des périmètres irrigués (PIAIT)";null;null;"null";"null";"null";"null";121,00;39,00;"EUR";"€";385,33;36,00;"BM";"بنك عالمي";"Banque mondiale";"null";12,00;null;"8858-TN";1,00;"01";"قرض";"Prêt";"Prêt";null;"null";"null";"null";"null";null;"null";"null";"null";"null";113,60;39,00;"EUR";"€";"Euro";"Euro";"null";3,39;385,33;"null";null;false;15/04/2026 14:50;null;"null";"null";"null";null;null;"null";"null";"null";07/06/2018;30/06/2026;30/06/2026;"null";1,00;"01";"مشروع";"Projet";87,36;26,24;76,90;0;false;null;null;null
3 162,00;1 281,00;"Preparation Facility Tunisia Water Security and Resilience Program (programme RESEau)";"PAT26015";"Preparation Facility Tunisia Water Security and Resilience Program (programme RESEau)";null;null;"null";"null";"null";"null";0,50;38,00;"USD";"$";0,50;36,00;"BM";"بنك عالمي";"Banque mondiale";"null";12,00;null;"TF C8900";2,00;"02";"هبة";"Don";"Donation";null;"null";"null";"null";"null";null;"null";"null";"null";"null";0,50;38,00;"USD";"$";"U.S. Dollar";"Dollar des USA";"null";3,06;1,53;"null";null;false;15/04/2026 15:07;null;"null";"null";"null";null;null;"null";"null";"null";30/06/2025;31/12/2026;31/12/2026;"null";1,00;"01";"مشروع";"Projet";0,00;0,50;0,00;0;false;null;null;null
3 163,00;1 282,00;"support to job creation in the Agri-Food and rural space";"PAT26016";"support to job creation in the Agri-Food and rural space";null;null;"null";"null";"null";"null";4,00;38,00;"USD";"$";4,00;36,00;"BM";"بنك عالمي";"Banque mondiale";"null";12,00;null;"TF C8402";2,00;"02";"هبة";"Don";"Donation";null;"null";"null";"null";"null";null;"null";"null";"null";"null";4,00;38,00;"USD";"$";"U.S. Dollar";"Dollar des USA";"null";3,06;12,26;"null";null;false;15/04/2026 15:20;null;"null";"null";"null";null;null;"null";"null";"null";01/07/2025;31/12/2026;31/12/2026;"null";1,00;"01";"مشروع";"Projet";0,87;3,13;21,75;0;false;null;null;null
3 164,00;1 284,00;"Digitalisation des services de l’Emploi en Tunisie ";"PAT26017";"Digitalisation des services de l’Emploi en Tunisie ";null;null;"null";"null";"null";"null";null;37,00;"EUR";"€";null;36,00;"BM";"بنك عالمي";"Banque mondiale";"null";12,00;null;"TFOC1943";2,00;"02";"هبة";"Don";"Donation";null;"null";"null";"null";"null";null;"null";"null";"null";"null";3,70;39,00;"EUR";"€";"Euro";"Euro";"null";3,39;12,55;"null";null;false;16/04/2026 09:10;null;"null";"null";"null";null;null;"null";"null";"null";06/02/2023;31/12/2025;31/12/2025;"null";1,00;"01";"مشروع";"Projet";0,00;3,70;0,00;0;false;null;null;null
3 140,00;1 230,00;"Etudes des corridors Bouchebka-Telepete-Gafsa et Gabes et Hazoua-Touzeur- Gabes  مشروع إنجاز الدراسات الفنية المتعلقة بالطريق الرابطة بين ميناء قابس والحدود الجزائرية وإحداث المنطقة اللوجستية بميناء قابس";"PAT26009";"Projet d'Étude des Corridors stratégiques Bouchebka-Gafsa-Gabes-Hazoua-Touzeur- Gabes (PECS-BGGHTG)";null;null;"null";"null";"null";"null";1,00;38,00;"USD";"$";null;32,00;"BAD";"البنك الإفريقي للتنمية";"Banque africaine de développement ";"African development bank";9,00;null;"5150155003001";2,00;"02";"هبة";"Don";"Donation";null;"null";"null";"null";"null";null;"null";"null";"null";"null";1,00;38,00;"USD";"$";"U.S. Dollar";"Dollar des USA";"null";3,06;3,06;"null";null;false;15/04/2026 14:44;null;"null";"null";"null";null;null;"null";"null";"null";11/09/2020;31/12/2022;31/12/2025;"null";1,00;"01";"مشروع";"Projet";0,64;0,36;64,00;2;false;null;null;null
3 152,00;1 246,00;"Projet d'urgence à la sécurité alimentaire (PRUSA)";"P26056";"Projet d'urgence à la sécurité alimentaire (PRUSA)";null;null;"null";"null";"null";"null";441,16;38,00;"USD";"$";441,16;36,00;"BM";"بنك عالمي";"Banque mondiale";"null";12,00;null;"TF C2639";2,00;"02";"هبة";"Don";"Donation";null;"null";"null";"null";"null";null;"null";"null";"null";"null";11,16;38,00;"USD";"$";"U.S. Dollar";"Dollar des USA";"null";3,38;37,72;"null";null;false;15/04/2026 14:49;null;"null";"null";"null";null;null;"null";"null";"null";08/09/2023;30/06/2025;30/06/2025;"null";1,00;"01";"مشروع";"Projet";11,16;0,00;100,00;0;false;null;null;null
3 151,00;1 246,00;"Projet d'urgence à la sécurité alimentaire (PRUSA)";"P26056";"Projet d'urgence à la sécurité alimentaire (PRUSA)";null;null;"null";"null";"null";"null";441,16;38,00;"USD";"$";441,16;36,00;"BM";"بنك عالمي";"Banque mondiale";"null";12,00;null;"96570-TN";1,00;"01";"قرض";"Prêt";"Prêt";null;"null";"null";"null";"null";null;"null";"null";"null";"null";300,00;38,00;"USD";"$";"U.S. Dollar";"Dollar des USA";"null";3,38;1 014,00;"null";null;false;15/04/2026 14:49;null;"null";"null";"null";null;null;"null";"null";"null";26/03/2024;31/12/2026;31/12/2026;"null";1,00;"01";"مشروع";"Projet";299,80;0,20;99,93;0;false;null;null;null
3 150,00;1 246,00;"Projet d'urgence à la sécurité alimentaire (PRUSA)";"P26056";"Projet d'urgence à la sécurité alimentaire (PRUSA)";null;null;"null";"null";"null";"null";441,16;38,00;"USD";"$";441,16;36,00;"BM";"بنك عالمي";"Banque mondiale";"null";12,00;null;"94320-TN";1,00;"01";"قرض";"Prêt";"Prêt";null;"null";"null";"null";"null";3,00;"03";"قرض سيادي مباشر";"Souverain - Direct";"Direct";130,00;38,00;"USD";"$";"U.S. Dollar";"Dollar des USA";"null";3,38;439,40;"null";null;false;15/04/2026 14:49;null;"null";"null";"null";null;null;"null";"null";"null";04/07/2022;31/12/2026;31/12/2026;"null";1,00;"01";"مشروع";"Projet";130,00;0,00;100,00;0;false;null;null;null
3 161,00;1 280,00;"Projet de la protection sociale d'appui à la réponse d'urgence à la COVID 19";"P26064";"Projet de la protection sociale d'appui à la réponse d'urgence à la COVID 19";null;null;"null";"null";"null";"null";605,00;39,00;"EUR";"€";2 052,16;36,00;"BM";"بنك عالمي";"Banque mondiale";"null";12,00;null;"9371-TN";1,00;"01";"قرض";"Prêt";"Prêt";null;"null";"null";"null";"null";null;"null";"null";"null";"null";357,20;39,00;"EUR";"€";"Euro";"Euro";"null";3,39;1 211,62;"null";null;false;15/04/2026 14:53;null;"null";"null";"null";null;null;"null";"null";"null";06/04/2022;31/03/2026;31/03/2026;"null";1,00;"01";"مشروع";"Projet";283,60;73,60;79,40;0;false;null;null;null
3 160,00;1 280,00;"Projet de la protection sociale d'appui à la réponse d'urgence à la COVID 19";"P26064";"Projet de la protection sociale d'appui à la réponse d'urgence à la COVID 19";null;null;"null";"null";"null";"null";605,00;39,00;"EUR";"€";2 052,16;36,00;"BM";"بنك عالمي";"Banque mondiale";"null";12,00;null;"9230-TN";1,00;"01";"قرض";"Prêt";"Prêt";null;"null";"null";"null";"null";null;"null";"null";"null";"null";247,80;39,00;"EUR";"€";"Euro";"Euro";"null";3,39;840,54;"null";null;false;15/04/2026 14:53;null;"null";"null";"null";null;null;"null";"null";"null";29/06/2021;31/03/2026;31/03/2026;"null";1,00;"01";"مشروع";"Projet";218,70;29,10;88,26;0;false;null;null;null
3 145,00;1 237,00;"Appui aux entreprises publics";"PAT26014";"Projet d'Appui à la Performance des Entreprises Publics  (PAPEP)";null;null;"null";"null";"null";"null";0,42;41,00;"UC";"UC";null;32,00;"BAD";"البنك الإفريقي للتنمية";"Banque africaine de développement ";"African development bank";9,00;null;"5500155016203";2,00;"02";"هبة";"Don";"Donation";null;"null";"null";"null";"null";null;"null";"null";"null";"null";0,42;41,00;"UC";"UC";"Unité de compte";"Unité de compte";"null";4,19;1,76;"null";null;false;15/04/2026 14:53;null;"null";"null";"null";null;null;"null";"null";"null";11/11/2025;30/06/2027;30/06/2027;"null";1,00;"01";"مشروع";"Projet";0,00;0,42;0,00;0;false;null;null;null
3 170,00;1 315,00;"Aménagement du réseau de transport d’électricité (XIIIème plan de développement)";"P26067";"Aménagement du réseau de transport d’électricité (XIIIème plan de développement)";null;null;"null";"null";"null";"null";121,00;39,00;"EUR";"€";null;35,00;"BID";"البنك الاسلامي للتنمية";"Banque Islamique pour le développement";"null";8,00;null;"TUN_1018";1,00;"01";"قرض";"Prêt";"Prêt";null;"null";"null";"null";"null";null;"null";"null";"null";"null";121,00;39,00;"EUR";"€";"Euro";"Euro";"null";3,39;410,43;"null";null;false;17/04/2026 09:50;null;"null";"null";"null";null;null;"null";"null";"null";05/04/2018;31/12/2023;31/12/2026;"null";1,00;"01";"مشروع";"Projet";0,00;121,00;0,00;1;false;null;null;null
3 168,00;1 320,00;"Programme de developpement intégré 1 et 2";"P26069";"Programme de developpement intégré 1 et 2";null;null;"null";"null";"null";"null";567,00;37,00;"KWD";"KD";null;40,00;"FADES";"الصندوق العربي للإنماء الاقتصادي والاجتماعي";"Fonds Arabe pour le Développement Economique et Social";"null";8,00;null;"574-11";1,00;"01";"قرض";"Prêt";"Prêt";null;"null";"null";"null";"null";3,00;"03";"قرض سيادي مباشر";"Souverain - Direct";"Direct";42,00;29,00;"KWD";"KD";"Kuwaiti Dinar";"Dinar Koweitien";"null";9,98;419,24;"3%";null;false;17/04/2026 09:51;null;"null";"null";"null";null;null;"null";"null";"null";12/01/2012;31/12/2026;31/12/2026;"null";1,00;"01";"مشروع";"Projet";26,45;15,55;62,98;0;false;null;null;null
3 169,00;1 314,00;"Autoroute oued zargua Bousalem";"P26066";"Autoroute oued zargua Bousalem";null;null;"null";"null";"null";"null";430,00;37,00;"KWD";"KD";380,00;40,00;"FADES";"الصندوق العربي للإنماء الاقتصادي والاجتماعي";"Fonds Arabe pour le Développement Economique et Social";"null";8,00;null;"561-11";1,00;"01";"قرض";"Prêt";"Prêt";null;"null";"null";"null";"null";6,00;"06";"قرض بضمان بسيط";"Avec Garanti - Simple";"Simple";38,00;29,00;"KWD";"KD";"Kuwaiti Dinar";"Dinar Koweitien";"null";9,98;379,32;"3%";null;false;17/04/2026 09:53;null;"null";"null";"null";null;null;"null";"null";"null";09/05/2011;15/07/2016;31/12/2026;"null";1,00;"01";"مشروع";"Projet";35,54;2,46;93,53;1;false;null;null;null
3 171,00;1 326,00;"Projet de Développement Agricole Intégré dans le gouvernorat de Sfax ";"P26070";"Projet de Développement Agricole Intégré dans le gouvernorat de Sfax ";null;null;"null";"null";"null";"null";70,00;38,00;"EUR";"€";null;35,00;"BID";"البنك الاسلامي للتنمية";"Banque Islamique pour le développement";"null";8,00;null;"2 TUN-139";1,00;"01";"قرض";"Prêt";"Prêt";null;"null";"null";"null";"null";null;"null";"null";"null";"null";24,33;39,00;"EUR";"€";"Euro";"Euro";"null";3,39;82,53;"null";null;false;17/04/2026 09:54;null;"null";"null";"null";null;null;"null";"null";"null";05/04/2016;05/04/2021;31/12/2026;"null";1,00;"01";"مشروع";"Projet";15,74;8,59;64,69;1;false;null;null;null
3 121,00;1 207,00;"P26041 : APPUI A LA MISE EN PLACE D’UNE « DELIVERY UNIT » AU SEIN DU MINISTERE DU DEVELOPPEMENT, DE L’INVESTISSEMENT ET DE LA COOPERATION INTERNATIONALE (MDICI) DE LA TUNISIE BAD";"P26041";"Appui à la  mise en place d'une « DELIVERY UNIT » au sein du  Ministère du Développement, de  l’Investissement et de la Coopération  Internationale de la Tunisie (DLIVERY UNIT-MDICI)";null;null;"null";"null";"null";"null";0,40;41,00;"UC";"UC";null;32,00;"BAD";"البنك الإفريقي للتنمية";"Banque africaine de développement ";"African development bank";9,00;null;"5500155013401";2,00;"02";"هبة";"Don";"Donation";null;"null";"null";"null";"null";null;"null";"null";"null";"null";0,40;41,00;"UC";"UC";"Unité de compte";"Unité de compte";"null";4,20;1,68;"null";null;false;17/04/2026 12:48;null;"null";"null";"null";null;null;"null";"null";"null";08/05/2019;31/12/2020;30/06/2026;"null";1,00;"01";"مشروع";"Projet";0,36;0,04;90,00;3;false;null;null;null
3 109,00;1 197,00;"PROJET DE MODERNISATION DES INFRASTRUCTURES ROUTIERES (PMIR) III";"P26031";"Projet  de Modernisation de l'Infrastructure Routière (PMIR-III)";null;null;"null";"null";"null";"null";86,22;39,00;"EUR";"€";null;32,00;"BAD";"البنك الإفريقي للتنمية";"Banque africaine de développement ";"African development bank";9,00;null;"2000200006764";1,00;"01";"قرض";"Prêt";"Prêt";null;"null";"null";"null";"null";null;"null";"null";"null";"null";80,00;39,00;"EUR";"€";"Euro";"Euro";"null";3,39;271,91;"null";null;false;17/04/2026 13:52;null;"null";"null";"null";null;null;"null";"null";"null";09/12/2024;31/12/2030;31/12/2030;"null";1,00;"01";"مشروع";"Projet";0,00;80,00;0,00;0;false;null;null;null
3 172,00;1 339,00;"Projet de rénovation et de développement des lignes ferroviaires pour le transport du phosphate";"P26071";"Projet de rénovation et de développement des lignes ferroviaires pour le transport du phosphate";null;null;"null";"null";"null";"null";165,50;38,00;"KWD";"KD";null;42,00;"FKDEA";"الصندوق الكويتي للتنمية الاقتصادية العربية";"Fonds Koweïtien pour le Développement Economique Arabe";"null";8,00;null;"1075";1,00;"01";"قرض";"Prêt";"Prêt";null;"null";"null";"null";"null";null;"null";"null";"null";"null";10,00;29,00;"KWD";"KD";"Kuwaiti Dinar";"Dinar Koweitien";"null";9,98;99,82;"null";null;false;17/04/2026 14:43;null;"null";"null";"null";null;null;"null";"null";"null";20/11/2024;30/06/2029;30/06/2029;"null";1,00;"01";"مشروع";"Projet";0,00;10,00;0,00;0;false;null;null;null
3 173,00;1 339,00;"Projet de rénovation et de développement des lignes ferroviaires pour le transport du phosphate";"P26071";"Projet de rénovation et de développement des lignes ferroviaires pour le transport du phosphate";null;null;"null";"null";"null";"null";165,50;38,00;"SAR";"SAR";null;43,00;"FSD";"الصندوق السعودي للتنمية";"Fonds Saoudien pour le Développement";"null";8,00;null;"828/31";1,00;"01";"قرض";"Prêt";"Prêt";null;"null";"null";"null";"null";null;"null";"null";"null";"null";206,25;35,00;"SAR";"SAR";"Saudi Arabian Riyal";"Ryal Saoudien";"null";0,77;158,81;"2";null;false;17/04/2026 14:43;null;"null";"null";"null";null;null;"null";"null";"null";22/02/2024;31/12/2028;31/12/2028;"null";1,00;"01";"مشروع";"Projet";0,00;206,25;0,00;0;false;null;null;null
3 174,00;1 341,00;"projet de rocade X20 - 2eme tranche ";"P26073";"projet de rocade X20 - 2eme tranche ";null;null;"null";"null";"null";"null";10,12;29,00;"KWD";"KD";null;42,00;"FKDEA";"الصندوق الكويتي للتنمية الاقتصادية العربية";"Fonds Koweïtien pour le Développement Economique Arabe";"null";8,00;null;"916";1,00;"01";"قرض";"Prêt";"Prêt";null;"null";"null";"null";"null";null;"null";"null";"null";"null";8,50;29,00;"KWD";"KD";"Kuwaiti Dinar";"Dinar Koweitien";"null";9,98;84,85;"null";null;false;17/04/2026 14:47;null;"null";"null";"null";null;null;"null";"null";"null";17/03/2015;31/12/2019;31/12/2026;"null";1,00;"01";"مشروع";"Projet";8,13;0,37;95,65;1;false;null;null;null
3 175,00;1 343,00;"Projet de Développement Agricole Intégré à Joumine  ghzela  et sejnane";"P26075";"Projet de Développement Agricole Intégré à Joumine  ghzela  et sejnane";null;null;"null";"null";"null";"null";null;37,00;"SAR";"SAR";93,75;43,00;"FSD";"الصندوق السعودي للتنمية";"Fonds Saoudien pour le Développement";"null";8,00;null;"28/734";1,00;"01";"قرض";"Prêt";"Prêt";null;"null";"null";"null";"null";null;"null";"null";"null";"null";93,75;35,00;"SAR";"SAR";"Saudi Arabian Riyal";"Ryal Saoudien";"null";0,77;72,19;"null";null;false;17/04/2026 14:59;null;"null";"null";"null";null;null;"null";"null";"null";13/12/2018;23/04/2026;23/04/2026;"null";1,00;"01";"مشروع";"Projet";11,00;82,75;11,73;0;false;null;null;null
3 176,00;1 344,00;"Mdhila 2 pour la production de superphosphate triple ";"P26076";"Mdhila 2 pour la production de superphosphate triple ";null;null;"null";"null";"null";"null";530,00;37,00;"KWD";"KD";220,00;40,00;"FADES";"الصندوق العربي للإنماء الاقتصادي والاجتماعي";"Fonds Arabe pour le Développement Economique et Social";"null";8,00;null;"592-13";1,00;"01";"قرض";"Prêt";"Prêt";null;"null";"null";"null";"null";6,00;"06";"قرض بضمان بسيط";"Avec Garanti - Simple";"Simple";22,00;29,00;"KWD";"KD";"Kuwaiti Dinar";"Dinar Koweitien";"null";9,98;219,60;"3";null;false;20/04/2026 06:33;null;"null";"null";"null";null;null;"null";"null";"null";19/06/2013;12/05/2019;31/12/2026;"null";1,00;"01";"مشروع";"Projet";13,64;8,36;62,00;1;false;null;null;null
3 178,00;1 347,00;"Routes et pistes rurales 3";"P26077";"Routes et pistes rurales 3";null;null;"null";"null";"null";"null";400,00;37,00;"KWD";"KD";220,00;40,00;"FADES";"الصندوق العربي للإنماء الاقتصادي والاجتماعي";"Fonds Arabe pour le Développement Economique et Social";"null";8,00;null;"608-14";1,00;"01";"قرض";"Prêt";"Prêt";null;"null";"null";"null";"null";null;"null";"null";"null";"null";40,00;29,00;"KWD";"KD";"Kuwaiti Dinar";"Dinar Koweitien";"null";9,98;399,28;"3";null;false;20/04/2026 08:33;null;"null";"null";"null";null;null;"null";"null";"null";08/04/2014;23/12/2019;31/12/2026;"null";1,00;"01";"مشروع";"Projet";37,90;2,10;94,75;2;false;null;null;null
3 108,00;1 196,00;"Projet de Modernisation de l'Infrastructure Routière II (PMIR-II)";"P26030";"Projet de Modernisation de l'Infrastructure Routière  (PMIR-II)";null;null;"null";"null";"null";"null";219,35;39,00;"EUR";"€";null;32,00;"BAD";"البنك الإفريقي للتنمية";"Banque africaine de développement ";"African development bank";9,00;null;"2000200005201";1,00;"01";"قرض";"Prêt";"Prêt";null;"null";"null";"null";"null";null;"null";"null";"null";"null";103,00;39,00;"EUR";"€";"Euro";"Euro";"null";3,39;352,60;"null";null;false;20/04/2026 08:41;null;"null";"null";"null";null;null;"null";"null";"null";14/12/2021;31/12/2028;31/12/2028;"null";1,00;"01";"مشروع";"Projet";29,00;74,00;28,16;0;false;null;null;null
3 201,00;1 351,00;"logements sociaux (deuxième phase)";"P26078";"logements sociaux (deuxième phase)";null;null;"null";"null";"null";"null";479,00;35,00;"SAR";"SAR";null;43,00;"FSD";"الصندوق السعودي للتنمية";"Fonds Saoudien pour le Développement";"null";8,00;null;"26/702";1,00;"01";"قرض";"Prêt";"Prêt";null;"null";"null";"null";"null";3,00;"03";"قرض سيادي مباشر";"Souverain - Direct";"Direct";318,00;35,00;"SAR";"SAR";"Saudi Arabian Riyal";"Ryal Saoudien";"null";0,77;244,86;"2";null;false;20/04/2026 08:44;null;"null";"null";"null";null;null;"null";"null";"null";27/07/2017;12/01/2022;12/01/2022;"null";1,00;"01";"مشروع";"Projet";0,00;318,00;0,00;0;false;null;null;0,00
3 124,00;1 208,00;"Projet d’amélioration de la qualité des eaux usées épurées pour une meilleure résilience aux changements climatiques-PAQEE-RCC";"P26042";"Projet d’Amélioration de la Qualité des Eaux Usées Épurées pour une meilleure Résilience aux Changements Climatiques (PAQEE-RCC)";null;null;"null";"null";"null";"null";81,90;39,00;"EUR";"€";null;32,00;"BAD";"البنك الإفريقي للتنمية";"Banque africaine de développement ";"African development bank";9,00;null;"20001300008183";1,00;"01";"قرض";"Prêt";"Prêt";null;"null";"null";"null";"null";null;"null";"null";"null";"null";81,00;39,00;"EUR";"€";"Euro";"Euro";"null";3,39;277,81;"null";null;false;20/04/2026 09:00;null;"null";"null";"null";null;null;"null";"null";"null";31/12/2024;31/12/2028;31/12/2028;"null";1,00;"01";"مشروع";"Projet";1,40;79,60;1,73;0;false;null;null;0,25
3 344,00;1 206,00;"Projet d'Appui au Développement Inclusif et Durable de la Filière Céréalière (PADIDFIC)";"P26040";"Projet d'Appui au Développement Inclusif et Durable de la Filière Céréalière (PADIDFIC)";null;null;"null";"null";"null";"null";87,10;38,00;"USD";"$";null;32,00;"BAD";"البنك الإفريقي للتنمية";"Banque africaine de développement ";"African development bank";9,00;null;"P-TN-AA0-031";1,00;"01";"قرض";"Prêt";"Prêt";null;"null";"null";"null";"null";null;"null";"null";"null";"null";87,10;38,00;"USD";"$";"U.S. Dollar";"Dollar des USA";"null";3,06;266,87;"null";null;false;20/04/2026 09:06;null;"null";"null";"null";null;null;"null";"null";"null";19/07/2023;30/06/2027;30/06/2027;"null";1,00;"01";"مشروع";"Projet";53,59;33,51;61,53;0;false;null;null;null
3 179,00;1 355,00;"Réalisation et équipement de deux hôpitaux, catégorie « b », à El Jem et Sbiba »";"P26079";"Réalisation et équipement de deux hôpitaux, catégorie « b », à El Jem et Sbiba »";null;null;"null";"null";"null";"null";46,48;38,00;"SAR";"SAR";null;43,00;"FSD";"الصندوق السعودي للتنمية";"Fonds Saoudien pour le Développement";"null";8,00;null;"27/703";1,00;"01";"قرض";"Prêt";"Prêt";null;"null";"null";"null";"null";3,00;"03";"قرض سيادي مباشر";"Souverain - Direct";"Direct";150,00;35,00;"SAR";"SAR";"Saudi Arabian Riyal";"Ryal Saoudien";"null";0,77;115,50;"2 %";null;false;20/04/2026 09:15;null;"null";"null";"null";null;null;"null";"null";"null";27/07/2017;27/01/2020;31/12/2026;"null";1,00;"01";"مشروع";"Projet";76,96;73,04;51,31;1;false;null;null;null
3 116,00;1 200,00;"PROJET D’AMENAGEMENT ET D’EQUIPEMENT DU RESEAU DE TRANSPORT D’ELECTRICITE (PAERTE)  BAD)";"P26034";"Projet d’Aménagement  ET d’Equipement  du Réseau de Transport d’Électricité  (PAERTE)  BAD";null;null;"null";"null";"null";"null";290,00;39,00;"EUR";"€";138,00;30,00;"AGTF";"تمويل التجارة العالمية بأفريقيا";"Financement du commerce mondial en Afrique";"null";9,00;null;"5058000000951";1,00;"01";"قرض";"Prêt";"Prêt";null;"null";"null";"null";"null";null;"null";"null";"null";"null";30,00;39,00;"EUR";"€";"Euro";"Euro";"null";3,39;101,76;"null";null;false;20/04/2026 09:21;null;"null";"null";"null";null;null;"null";"null";"null";17/12/2019;31/12/2025;31/12/2027;"null";1,00;"01";"مشروع";"Projet";2,39;27,61;7,97;2;false;null;null;null
3 111,00;1 200,00;"P26034 : PROJET D’AMENAGEMENT ET D’EQUIPEMENT DU RESEAU DE TRANSPORT D’ELECTRICITE (PAERTE)  BAD)";"P26034";"Projet d’Aménagement  ET d’Equipement  du Réseau de Transport d’Électricité  (PAERTE)  BAD";null;null;"null";"null";"null";"null";290,00;39,00;"EUR";"€";138,00;32,00;"BAD";"البنك الإفريقي للتنمية";"Banque africaine de développement ";"African development bank";9,00;null;"2000200004557";1,00;"01";"قرض";"Prêt";"Prêt";null;"null";"null";"null";"null";7,00;"07";"قرض بضمان بسيط";"Avec Garanti - A première demande";"A première demande";108,00;39,00;"EUR";"€";"Euro";"Euro";"null";3,39;366,34;"null";null;false;20/04/2026 09:21;null;"null";"null";"null";null;null;"null";"null";"null";17/12/2019;31/12/2024;31/12/2027;"null";1,00;"01";"مشروع";"Projet";8,60;99,40;7,96;1;false;null;null;0,25
3 182,00;1 358,00;"Barrage MALLEGUE Amont";"P26080";"Barrage MALLEGUE Amont";null;null;"null";"null";"null";"null";211,00;37,00;"KWD";"KD";300,00;40,00;"FADES";"الصندوق العربي للإنماء الاقتصادي والاجتماعي";"Fonds Arabe pour le Développement Economique et Social";"null";8,00;null;"609-14";1,00;"01";"قرض";"Prêt";"Prêt";null;"null";"null";"null";"null";null;"null";"null";"null";"null";30,00;29,00;"KWD";"KD";"Kuwaiti Dinar";"Dinar Koweitien";"null";9,98;299,46;"3%";null;false;20/04/2026 09:30;null;"null";"null";"null";null;null;"null";"null";"null";24/06/2014;05/01/2023;31/12/2027;"null";1,00;"01";"مشروع";"Projet";21,28;8,72;70,93;1;false;null;null;null
3 183,00;1 366,00;"Amélioration de la desserte en eau potable en milieu rural dans le gouvernorat de Bizerte";"P26081";"Amélioration de la desserte en eau potable en milieu rural dans le gouvernorat de Bizerte";null;null;"null";"null";"null";"null";89,47;38,00;"SAR";"SAR";null;43,00;"FSD";"الصندوق السعودي للتنمية";"Fonds Saoudien pour le Développement";"null";8,00;null;"29/735";1,00;"01";"قرض";"Prêt";"Prêt";null;"null";"null";"null";"null";null;"null";"null";"null";"null";318,75;35,00;"SAR";"SAR";"Saudi Arabian Riyal";"Ryal Saoudien";"null";0,77;245,44;"2%";null;false;20/04/2026 09:41;null;"null";"null";"null";null;null;"null";"null";"null";14/12/2018;31/12/2024;31/12/2026;"null";1,00;"01";"مشروع";"Projet";207,62;111,13;65,14;1;false;null;null;null
3 125,00;1 209,00;"Projet de Développement R.T.D du Gaz Naturel";"P26043";"Projet de Développement R.T.D du Gaz Naturel";null;null;"null";"null";"null";"null";56,00;39,00;"EUR";"€";null;32,00;"BAD";"البنك الإفريقي للتنمية";"Banque africaine de développement ";"African development bank";9,00;null;"2000130013480";1,00;"01";"قرض";"Prêt";"Prêt";null;"null";"null";"null";"null";null;"null";"null";"null";"null";49,00;39,00;"EUR";"€";"Euro";"Euro";"null";3,39;167,53;"null";null;false;20/04/2026 09:41;null;"null";"null";"null";null;null;"null";"null";"null";23/09/2015;31/12/2019;31/12/2025;"null";1,00;"01";"مشروع";"Projet";27,53;21,47;56,18;3;false;null;null;null
3 184,00;1 367,00;"Rehabilitation des routes classées et pistes rurales ";"P26082";"Rehabilitation des routes classées et pistes rurales ";null;null;"null";"null";"null";"null";520,00;37,00;"KWD";"KD";500,00;40,00;"FADES";"الصندوق العربي للإنماء الاقتصادي والاجتماعي";"Fonds Arabe pour le Développement Economique et Social";"null";8,00;null;"624-15";1,00;"01";"قرض";"Prêt";"Prêt";null;"null";"null";"null";"null";3,00;"03";"قرض سيادي مباشر";"Souverain - Direct";"Direct";50,00;29,00;"KWD";"KD";"Kuwaiti Dinar";"Dinar Koweitien";"null";9,98;499,10;"3%";null;false;20/04/2026 09:44;null;"null";"null";"null";null;null;"null";"null";"null";09/10/2015;25/08/2020;31/12/2026;"null";1,00;"01";"مشروع";"Projet";48,91;1,09;97,82;1;false;null;null;null
3 185,00;1 371,00;"logements sociaux ( phase 1)";"P26083";"logements sociaux ( phase 1)";null;null;"null";"null";"null";"null";650,00;38,00;"SAR";"SAR";null;43,00;"FSD";"الصندوق السعودي للتنمية";"Fonds Saoudien pour le Développement";"null";8,00;null;"24/589";1,00;"01";"قرض";"Prêt";"Prêt";null;"null";"null";"null";"null";3,00;"03";"قرض سيادي مباشر";"Souverain - Direct";"Direct";562,50;35,00;"SAR";"SAR";"Saudi Arabian Riyal";"Ryal Saoudien";"null";0,77;433,13;"2%";null;false;20/04/2026 10:05;null;"null";"null";"null";null;null;"null";"null";"null";28/03/2013;30/06/2017;31/12/2026;"null";1,00;"01";"مشروع";"Projet";344,64;217,86;61,27;1;false;null;null;0,00
3 186,00;1 372,00;"Barrages saida et kalaa kebira et conduites liées";"P26084";"Barrages saida et kalaa kebira et conduites liées";null;null;"null";"null";"null";"null";589,00;37,00;"KWD";"KD";500,00;40,00;"FADES";"الصندوق العربي للإنماء الاقتصادي والاجتماعي";"Fonds Arabe pour le Développement Economique et Social";"null";8,00;null;"631-15";1,00;"01";"قرض";"Prêt";"Prêt";null;"null";"null";"null";"null";null;"null";"null";"null";"null";50,00;29,00;"KWD";"KD";"Kuwaiti Dinar";"Dinar Koweitien";"null";9,98;499,10;"3%";null;false;20/04/2026 10:14;null;"null";"null";"null";null;null;"null";"null";"null";26/11/2016;09/11/2023;30/06/2027;"null";1,00;"01";"مشروع";"Projet";32,90;17,10;65,80;1;false;null;null;null
3 217,00;1 377,00;"projet de développement du transport et distribution de Gaz naturel ";"P26085";"projet de développement du transport et distribution de Gaz naturel ";null;null;"null";"null";"null";"null";29,75;29,00;"KWD";"KD";10,00;42,00;"FKDEA";"الصندوق الكويتي للتنمية الاقتصادية العربية";"Fonds Koweïtien pour le Développement Economique Arabe";"null";8,00;null;"871";1,00;"01";"قرض";"Prêt";"Prêt";null;"null";"null";"null";"null";null;"null";"null";"null";"null";25,00;29,00;"KWD";"KD";"Kuwaiti Dinar";"Dinar Koweitien";"null";9,98;249,55;"null";null;false;20/04/2026 10:14;null;"null";"null";"null";null;null;"null";"null";"null";17/05/2013;31/12/2015;31/08/2026;"null";1,00;"01";"مشروع";"Projet";17,93;7,07;71,72;1;false;null;null;null
3 188,00;1 379,00;"Construction des ponts sur les routes classées";"P26087";"Construction des ponts sur les routes classées";null;null;"null";"null";"null";"null";210,00;37,00;"KWD";"KD";200,00;40,00;"FADES";"الصندوق العربي للإنماء الاقتصادي والاجتماعي";"Fonds Arabe pour le Développement Economique et Social";"null";8,00;null;"640-17";1,00;"01";"قرض";"Prêt";"Prêt";null;"null";"null";"null";"null";null;"null";"null";"null";"null";20,00;29,00;"KWD";"KD";"Kuwaiti Dinar";"Dinar Koweitien";"null";9,98;199,64;"2.5%";null;false;20/04/2026 10:24;null;"null";"null";"null";null;null;"null";"null";"null";18/04/2017;25/10/2022;31/12/2026;"null";1,00;"01";"مشروع";"Projet";18,58;1,42;92,90;1;false;null;null;null
3 191,00;1 388,00;"Appui à l'enseignement primaire ";"P26090";"Appui à l'enseignement primaire ";null;null;"null";"null";"null";"null";496,00;37,00;"KWD";"KD";500,00;40,00;"FADES";"الصندوق العربي للإنماء الاقتصادي والاجتماعي";"Fonds Arabe pour le Développement Economique et Social";"null";8,00;null;"650-17";1,00;"01";"قرض";"Prêt";"Prêt";null;"null";"null";"null";"null";null;"null";"null";"null";"null";50,00;29,00;"KWD";"KD";"Kuwaiti Dinar";"Dinar Koweitien";"null";9,98;499,10;"2.5%";null;false;20/04/2026 10:52;null;"null";"null";"null";null;null;"null";"null";"null";28/02/2018;08/05/2023;31/12/2028;"null";1,00;"01";"مشروع";"Projet";30,52;19,48;61,04;1;false;null;null;null
3 193,00;1 397,00;"Programme de développement intégré3";"P26092";"Programme de développement intégré3";null;null;"null";"null";"null";"null";570,00;37,00;"KWD";"KD";500,00;40,00;"FADES";"الصندوق العربي للإنماء الاقتصادي والاجتماعي";"Fonds Arabe pour le Développement Economique et Social";"null";8,00;null;"655-18";1,00;"01";"قرض";"Prêt";"Prêt";null;"null";"null";"null";"null";3,00;"03";"قرض سيادي مباشر";"Souverain - Direct";"Direct";50,00;29,00;"KWD";"KD";"Kuwaiti Dinar";"Dinar Koweitien";"null";9,98;499,10;"2.5%";null;false;20/04/2026 13:19;null;"null";"null";"null";null;null;"null";"null";"null";10/04/2018;07/10/2027;07/10/2027;"null";1,00;"01";"مشروع";"Projet";6,00;44,00;12,00;0;false;null;null;null
3 194,00;1 402,00;"Maintenance de la mosquée ""le Roi Abdelaziz Al Saoud"" à Tunis";"P26093";"Maintenance de la mosquée ""le Roi Abdelaziz Al Saoud"" à Tunis";null;null;"null";"null";"null";"null";2,00;35,00;"SAR";"SAR";null;43,00;"FSD";"الصندوق السعودي للتنمية";"Fonds Saoudien pour le Développement";"null";8,00;null;"14/1440";2,00;"02";"هبة";"Don";"Donation";null;"null";"null";"null";"null";null;"null";"null";"null";"null";2,00;35,00;"SAR";"SAR";"Saudi Arabian Riyal";"Ryal Saoudien";"null";0,77;1,54;"null";null;false;20/04/2026 13:33;null;"null";"null";"null";null;null;"null";"null";"null";13/12/2018;31/12/2021;31/12/2025;"null";1,00;"01";"مشروع";"Projet";0,00;2,00;0,00;1;false;null;null;null
3 195,00;1 403,00;"Barrages tessa et KHALLED";"P26094";"Barrages tessa et KHALLED";null;null;"null";"null";"null";"null";337,00;37,00;"KWD";"KD";300,00;40,00;"FADES";"الصندوق العربي للإنماء الاقتصادي والاجتماعي";"Fonds Arabe pour le Développement Economique et Social";"null";8,00;null;"661-18";1,00;"01";"قرض";"Prêt";"Prêt";null;"null";"null";"null";"null";null;"null";"null";"null";"null";30,00;29,00;"KWD";"KD";"Kuwaiti Dinar";"Dinar Koweitien";"null";9,98;299,46;"2.5%";null;false;20/04/2026 13:44;null;"null";"null";"null";null;null;"null";"null";"null";28/01/2019;22/09/2027;22/09/2027;"null";1,00;"01";"مشروع";"Projet";0,91;29,09;3,03;0;false;null;null;null
3 196,00;1 404,00;"Restauration de la mosquée ""Zitouna et les Zone de la médina de Tunis";"P26095";"Restauration de la mosquée ""Zitouna et les Zone de la médina de Tunis";null;null;"null";"null";"null";"null";5,00;38,00;"USD";"$";null;43,00;"FSD";"الصندوق السعودي للتنمية";"Fonds Saoudien pour le Développement";"null";8,00;null;"15/1439";2,00;"02";"هبة";"Don";"Donation";null;"null";"null";"null";"null";null;"null";"null";"null";"null";5,00;38,00;"USD";"$";"U.S. Dollar";"Dollar des USA";"null";3,06;15,32;"null";null;false;20/04/2026 13:46;null;"null";"null";"null";null;null;"null";"null";"null";03/04/2018;31/12/2023;31/12/2027;"null";1,00;"01";"مشروع";"Projet";0,00;5,00;0,00;1;false;null;null;null
3 197,00;1 405,00;"Le programme d'urgence pour lutter contre les effets de la pandémie COVID-19";"P26096";"Le programme d'urgence pour lutter contre les effets de la pandémie COVID-19";null;null;"null";"null";"null";"null";270,00;37,00;"KWD";"KD";300,00;40,00;"FADES";"الصندوق العربي للإنماء الاقتصادي والاجتماعي";"Fonds Arabe pour le Développement Economique et Social";"null";8,00;null;"P26096";1,00;"01";"قرض";"Prêt";"Prêt";null;"null";"null";"null";"null";null;"null";"null";"null";"null";30,00;29,00;"KWD";"KD";"Kuwaiti Dinar";"Dinar Koweitien";"null";9,98;299,46;"2%";null;false;20/04/2026 14:07;null;"null";"null";"null";null;null;"null";"null";"null";27/04/2020;22/09/2027;22/09/2027;"null";1,00;"01";"مشروع";"Projet";12,98;17,02;43,27;0;false;null;null;null
3 200,00;1 410,00;"Restauration de la mosquée"" Okba Ibn Nafaa et la Médina "" Kairouan";"P26097";"Restauration de la mosquée"" Okba Ibn Nafaa et la Médina "" Kairouan";null;null;"null";"null";"null";"null";15,00;38,00;"USD";"$";null;43,00;"FSD";"الصندوق السعودي للتنمية";"Fonds Saoudien pour le Développement";"null";8,00;null;"30/1438";2,00;"02";"هبة";"Don";"Donation";null;"null";"null";"null";"null";null;"null";"null";"null";"null";15,00;38,00;"USD";"$";"U.S. Dollar";"Dollar des USA";"null";3,06;45,96;"null";31/12/2027;false;20/04/2026 14:28;null;"null";"null";"null";null;null;"null";"null";"null";27/07/2017;31/12/2022;31/12/2027;"null";1,00;"01";"مشروع";"Projet";0,00;15,00;0,00;1;false;null;null;null
3 199,00;1 414,00;"Développement Agricol Intégré du Sud du Gouvernorat Kasserine";"P26098";"Développement Agricol Intégré du Sud du Gouvernorat Kasserine";null;null;"null";"null";"null";"null";240,00;37,00;"KWD";"KD";null;40,00;"FADES";"الصندوق العربي للإنماء الاقتصادي والاجتماعي";"Fonds Arabe pour le Développement Economique et Social";"null";8,00;null;"689-22";1,00;"01";"قرض";"Prêt";"Prêt";null;"null";"null";"null";"null";null;"null";"null";"null";"null";17,00;29,00;"KWD";"KD";"Kuwaiti Dinar";"Dinar Koweitien";"null";9,98;169,69;"2.5%";null;false;20/04/2026 14:28;null;"null";"null";"null";null;null;"null";"null";"null";18/09/2022;22/05/2030;22/05/2030;"null";1,00;"01";"مشروع";"Projet";0,97;16,03;5,71;0;false;null;null;null
3 202,00;1 425,00;"Construction et réhabilitation des routes classées";"P26100";"Construction et réhabilitation des routes classées";null;null;"null";"null";"null";"null";237,00;37,00;"KWD";"KD";150,00;40,00;"FADES";"الصندوق العربي للإنماء الاقتصادي والاجتماعي";"Fonds Arabe pour le Développement Economique et Social";"null";8,00;null;"691-25";1,00;"01";"قرض";"Prêt";"Prêt";null;"null";"null";"null";"null";3,00;"03";"قرض سيادي مباشر";"Souverain - Direct";"Direct";16,00;29,00;"KWD";"KD";"Kuwaiti Dinar";"Dinar Koweitien";"null";9,98;159,71;"3%";null;false;20/04/2026 14:34;null;"null";"null";"null";null;null;"null";"null";"null";29/04/2023;06/03/2028;06/03/2028;"null";1,00;"01";"مشروع";"Projet";3,16;12,84;19,75;0;false;null;null;null
3 130,00;1 220,00;"projet d'appui technique à la digitalisation et à l’innovation PATDFIC";"PAT26006";"Projet d'Appui Technique à la Digitalisation et à l’Innovation de Filiére Céréalére ( PATDFIC)";null;null;"null";"null";"null";"null";300,00;41,00;"UC";"UC";null;32,00;"BAD";"البنك الإفريقي للتنمية";"Banque africaine de développement ";"African development bank";9,00;null;"5500155014902";2,00;"02";"هبة";"Don";"Donation";null;"null";"null";"null";"null";null;"null";"null";"null";"null";0,30;41,00;"UC";"UC";"Unité de compte";"Unité de compte";"null";4,19;1,26;"null";null;false;20/04/2026 14:39;null;"null";"null";"null";null;null;"null";"null";"null";07/07/2023;30/06/2025;31/12/2026;"null";1,00;"01";"مشروع";"Projet";0,03;0,27;10,00;1;false;null;null;null
3 343,00;1 427,00;"Projet d'amélioration de la route nationale n° 20 dans le gouvernorat de Kebili";"P26102";"Projet d'amélioration de la route nationale n° 20 dans le gouvernorat de Kebili";null;null;"null";"null";"null";"null";82,00;37,00;"KWD";"KD";null;40,00;"FADES";"الصندوق العربي للإنماء الاقتصادي والاجتماعي";"Fonds Arabe pour le Développement Economique et Social";"null";8,00;null;"698-24";1,00;"01";"قرض";"Prêt";"Prêt";null;"null";"null";"null";"null";null;"null";"null";"null";"null";7,00;29,00;"KWD";"KD";"Kuwaiti Dinar";"Dinar Koweitien";"null";9,98;69,87;"null";null;false;21/04/2026 08:35;null;"null";"null";"null";null;null;"null";"null";"null";20/02/2025;29/01/2023;29/01/2023;"null";1,00;"01";"مشروع";"Projet";0,00;7,00;0,00;0;false;null;null;null
3 206,00;1 434,00;"Protection des villes et des zones urbaines contre les inondations ";"P26103";"Protection des villes et des zones urbaines contre les inondations ";null;null;"null";"null";"null";"null";228,00;35,00;"SAR";"SAR";228,00;43,00;"FSD";"الصندوق السعودي للتنمية";"Fonds Saoudien pour le Développement";"null";8,00;null;"30/741";1,00;"01";"قرض";"Prêt";"Prêt";null;"null";"null";"null";"null";3,00;"03";"قرض سيادي مباشر";"Souverain - Direct";"Direct";228,00;35,00;"SAR";"SAR";"Saudi Arabian Riyal";"Ryal Saoudien";"null";0,81;184,68;"2%";null;false;21/04/2026 09:15;null;"null";"null";"null";null;null;"null";"null";"null";29/03/2019;30/06/2028;30/06/2028;"null";1,00;"01";"مشروع";"Projet";86,00;142,00;37,72;0;false;null;null;0,00
3 205,00;1 439,00;"Soutien à la SIPHAT pour des missions d'accés aux marchés africaains et l'enregistrement de médicaments en Libye , au Sénégal, , au Cameroun et au Togo";"PAT26020";"Soutien à la SIPHAT pour des missions d'accés aux marchés africaains et l'enregistrement de médicaments en Libye , au Sénégal, , au Cameroun et au Togo";null;null;"null";"null";"null";"null";0,07;38,00;"USD";"$";null;125,00;"ITFC";"المؤسسة الدولية الإسلامية لتمويل التجارة";"Société islamique internationale de financement du commerce";"null";8,00;null;"AATB-2";2,00;"02";"هبة";"Don";"Donation";null;"null";"null";"null";"null";null;"null";"null";"null";"null";0,07;38,00;"USD";"$";"U.S. Dollar";"Dollar des USA";"null";3,06;0,20;"null";null;false;21/04/2026 09:18;null;"null";"null";"null";null;null;"null";"null";"null";01/01/2023;31/12/2023;31/12/2023;"null";1,00;"01";"مشروع";"Projet";0,00;0,07;0,00;0;false;null;null;null
3 204,00;1 438,00;"soutien au biotechpole pour la rénovation et l'equipement d'un laboratoire, le développement de prototypes en biotechnologie, et l'accompagnements des start-ups en biothechnologie médicale.";"PAT26019";"soutien au Biotechpole Sidi Thabet pour la rénovation et l'equipement d'un laboratoire, le développement de prototypes en biotechnologie, et l'accompagnements des start-ups en biothechnologie médicale.";null;null;"null";"null";"null";"null";0,10;38,00;"USD";"$";null;125,00;"ITFC";"المؤسسة الدولية الإسلامية لتمويل التجارة";"Société islamique internationale de financement du commerce";"null";8,00;null;"AATB-1";2,00;"02";"هبة";"Don";"Donation";null;"null";"null";"null";"null";null;"null";"null";"null";"null";0,10;38,00;"USD";"$";"U.S. Dollar";"Dollar des USA";"null";3,06;0,31;"null";null;false;21/04/2026 09:28;null;"null";"null";"null";null;null;"null";"null";"null";01/01/2024;22/04/2026;22/04/2026;"null";1,00;"01";"مشروع";"Projet";0,00;0,10;0,00;0;false;null;null;null
3 203,00;1 421,00;"Organisation d'une session de formation dans le secteur de la pharmacie, des médicaments et de la chimie.";"PAT26018";"Biotechpole Sidi Thabet-ATCT: Organisation d'une session de formation dans le secteur de la pharmacie, des médicaments et de la chimie.";null;null;"null";"null";"null";"null";0,05;38,00;"USD";"$";0,05;125,00;"ITFC";"المؤسسة الدولية الإسلامية لتمويل التجارة";"Société islamique internationale de financement du commerce";"null";8,00;null;"AATB-3";2,00;"02";"هبة";"Don";"Donation";null;"null";"null";"null";"null";null;"null";"null";"null";"null";0,47;38,00;"USD";"$";"U.S. Dollar";"Dollar des USA";"null";3,06;1,44;"null";null;false;21/04/2026 09:28;null;"null";"null";"null";null;null;"null";"null";"null";01/06/2025;01/06/2026;01/06/2026;"null";1,00;"01";"مشروع";"Projet";0,00;0,47;0,00;0;false;null;null;null
3 207,00;1 442,00;"financment pour le CEPEX  d'une mission d'affaires dans le secteur des équipements et fournitures médicaux et paramédicaux, Abidjan-cote d'ivoire (22-24- avril 2025)";"PAT26021";"financment pour le CEPEX  d'une mission d'affaires dans le secteur des équipements et fournitures médicaux et paramédicaux, Abidjan-cote d'ivoire (22-24- avril 2025)";null;null;"null";"null";"null";"null";0,01;38,00;"USD";"$";null;125,00;"ITFC";"المؤسسة الدولية الإسلامية لتمويل التجارة";"Société islamique internationale de financement du commerce";"null";8,00;null;"AATB-2025-CPEX";2,00;"02";"هبة";"Don";"Donation";null;"null";"null";"null";"null";null;"null";"null";"null";"null";0,01;38,00;"USD";"$";"U.S. Dollar";"Dollar des USA";"null";3,06;0,03;"null";null;false;21/04/2026 09:42;null;"null";"null";"null";null;null;"null";"null";"null";01/01/2025;22/04/2026;22/04/2026;"null";1,00;"01";"مشروع";"Projet";0,00;0,01;0,00;0;false;null;null;null
3 208,00;1 443,00;"financment pour le CEPEX  d'une mission d'affaires dans le secteur des équipements et fournitures médicaux et paramédicaux,Nairobi-Kenya (14-16- mai2025)";"PAT26022";"financment pour le CEPEX  d'une mission d'affaires dans le secteur des équipements et fournitures médicaux et paramédicaux,Nairobi-Kenya (14-16- mai2025)";null;null;"null";"null";"null";"null";0,01;37,00;"USD";"$";null;125,00;"ITFC";"المؤسسة الدولية الإسلامية لتمويل التجارة";"Société islamique internationale de financement du commerce";"null";8,00;null;"AATB-2025-CEPEX-2";2,00;"02";"هبة";"Don";"Donation";null;"null";"null";"null";"null";null;"null";"null";"null";"null";0,01;38,00;"USD";"$";"U.S. Dollar";"Dollar des USA";"null";3,06;0,03;"null";null;false;21/04/2026 09:46;null;"null";"null";"null";null;null;"null";"null";"null";01/01/2025;22/04/2026;22/04/2026;"null";1,00;"01";"مشروع";"Projet";0,00;0,01;0,00;0;false;null;null;null
3 209,00;1 444,00;"projet d'amelioration des réseaux d'eau potable dans les zones urbaines en tunisie ";"P26104";"projet d'amelioration des réseaux d'eau potable dans les zones urbaines en tunisie ";null;null;"null";"null";"null";"null";35,70;29,00;"KWD";"KD";null;42,00;"FKDEA";"الصندوق الكويتي للتنمية الاقتصادية العربية";"Fonds Koweïtien pour le Développement Economique Arabe";"null";8,00;null;"1037";1,00;"01";"قرض";"Prêt";"Prêt";null;"null";"null";"null";"null";null;"null";"null";"null";"null";30,00;29,00;"KWD";"KD";"Kuwaiti Dinar";"Dinar Koweitien";"null";10,20;306,00;"null";null;false;21/04/2026 09:55;null;"null";"null";"null";null;null;"null";"null";"null";29/12/2020;31/12/2024;31/12/2024;"null";1,00;"01";"مشروع";"Projet";9,45;20,55;31,50;0;false;null;null;null
3 211,00;1 446,00;"financment pour le CEPEX  d'une mission d'affaires dans le secteur des équipements et fournitures médicaux et paramédicaux, KIGALI-RUWNDA(OCTOBRE2025)";"PAT26024";"financment pour le CEPEX  d'une mission d'affaires dans le secteur des équipements et fournitures médicaux et paramédicaux, Kigala-Rwanda(octobre 2025) 2025)";null;null;"null";"null";"null";"null";0,02;38,00;"USD";"$";null;125,00;"ITFC";"المؤسسة الدولية الإسلامية لتمويل التجارة";"Société islamique internationale de financement du commerce";"null";8,00;null;"AATB-2025-CEPEX-4";2,00;"02";"هبة";"Don";"Donation";null;"null";"null";"null";"null";null;"null";"null";"null";"null";0,04;38,00;"USD";"$";"U.S. Dollar";"Dollar des USA";"null";3,06;0,11;"null";null;false;21/04/2026 10:06;null;"null";"null";"null";null;null;"null";"null";"null";01/01/2025;31/12/2025;31/12/2025;"null";1,00;"01";"مشروع";"Projet";0,00;0,04;0,00;0;false;null;null;null
3 167,00;1 316,00;"Projet de création d'un pôle oasis dans le sud de la Tunisie";"P26068";"Projet de création d'un pôle oasis dans le sud de la Tunisie";null;null;"null";"null";"null";"null";143,29;35,00;"SAR";"SAR";null;43,00;"FSD";"الصندوق السعودي للتنمية";"Fonds Saoudien pour le Développement";"null";8,00;null;"849/32";1,00;"01";"قرض";"Prêt";"Prêt";null;"null";"null";"null";"null";null;"null";"null";"null";"null";143,29;35,00;"SAR";"SAR";"Saudi Arabian Riyal";"Ryal Saoudien";"null";0,77;110,33;"2.5";null;false;21/04/2026 10:17;null;"null";"null";"null";null;null;"null";"null";"null";28/06/2025;30/06/2033;30/06/2033;"null";1,00;"01";"مشروع";"Projet";0,00;143,29;0,00;0;false;null;null;null
3 212,00;1 447,00;"projet de réhabilitation et developpement des systèmes d'eau potable en tunisie";"P26105";"projet de réhabilitation et developpement des systèmes d'eau potable en tunisie";null;null;"null";"null";"null";"null";26,18;29,00;"KWD";"KD";null;42,00;"FKDEA";"الصندوق الكويتي للتنمية الاقتصادية العربية";"Fonds Koweïtien pour le Développement Economique Arabe";"null";8,00;null;"949";1,00;"01";"قرض";"Prêt";"Prêt";null;"null";"null";"null";"null";null;"null";"null";"null";"null";22,00;29,00;"KWD";"KD";"Kuwaiti Dinar";"Dinar Koweitien";"null";10,20;224,40;"null";null;false;21/04/2026 10:22;null;"null";"null";"null";null;null;"null";"null";"null";21/07/2016;31/12/2020;31/12/2029;"null";1,00;"01";"مشروع";"Projet";16,12;5,88;73,27;1;false;null;null;null
3 198,00;1 415,00;"Création de ""l'hôpital du Roi Salmene Ibn Abdelaziz universitaire"" à Kairouan";"P26099";"Création de ""l'hôpital du Roi Salmene Ibn Abdelaziz universitaire"" à Kairouan";null;null;"null";"null";"null";"null";85,00;38,00;"USD";"$";null;43,00;"FSD";"الصندوق السعودي للتنمية";"Fonds Saoudien pour le Développement";"null";8,00;null;"31/1438";2,00;"02";"هبة";"Don";"Donation";null;"null";"null";"null";"null";null;"null";"null";"null";"null";85,00;38,00;"USD";"$";"U.S. Dollar";"Dollar des USA";"null";3,06;260,44;"null";null;false;21/04/2026 13:24;null;"null";"null";"null";null;null;"null";"null";"null";27/07/2017;10/10/2022;31/12/2027;"null";1,00;"01";"مشروع";"Projet";0,00;85,00;0,00;1;false;null;null;null
3 192,00;1 393,00;"projet de Protection du littoral entre les sites de Gammarth et Carthage contre l’érosion";"P26091";"projet de Protection du littoral entre les sites de Gammarth et Carthage contre l’érosion";null;null;"null";"null";"null";"null";140,00;35,00;"SAR";"SAR";null;43,00;"FSD";"الصندوق السعودي للتنمية";"Fonds Saoudien pour le Développement";"null";8,00;null;"20/523";1,00;"01";"قرض";"Prêt";"Prêt";null;"null";"null";"null";"null";3,00;"03";"قرض سيادي مباشر";"Souverain - Direct";"Direct";70,00;35,00;"SAR";"SAR";"Saudi Arabian Riyal";"Ryal Saoudien";"null";0,77;53,90;"2%";null;false;21/04/2026 13:45;null;"null";"null";"null";null;null;"null";"null";"null";10/07/2010;31/12/2013;31/12/2027;"null";1,00;"01";"مشروع";"Projet";0,00;70,00;0,00;1;false;null;null;0,00
3 215,00;1 456,00;"projet de réhabilitation des pistes rurales en tunisie";"P26109";"projet de réhabilitation des pistes rurales en tunisie";null;null;"null";"null";"null";"null";35,70;29,00;"KWD";"KD";null;42,00;"FKDEA";"الصندوق الكويتي للتنمية الاقتصادية العربية";"Fonds Koweïtien pour le Développement Economique Arabe";"null";8,00;null;"1006";1,00;"01";"قرض";"Prêt";"Prêt";null;"null";"null";"null";"null";null;"null";"null";"null";"null";30,00;29,00;"KWD";"KD";"Kuwaiti Dinar";"Dinar Koweitien";"null";10,20;306,00;"null";null;false;21/04/2026 13:49;null;"null";"null";"null";null;null;"null";"null";"null";29/03/2019;31/12/2023;25/06/2026;"null";1,00;"01";"مشروع";"Projet";21,25;8,76;70,83;1;false;null;null;null
3 210,00;1 445,00;"financment de l'organisation de rencontres professionnelles tuniso-africaines (23-25 Juin 2025)";"PAT26023";"financment de l'organisation de rencontres professionnelles tuniso-africaines (23-25 Juin 2025)";null;null;"null";"null";"null";"null";0,04;38,00;"USD";"$";null;125,00;"ITFC";"المؤسسة الدولية الإسلامية لتمويل التجارة";"Société islamique internationale de financement du commerce";"null";8,00;null;"AATB-2025-CEPEX-3";2,00;"02";"هبة";"Don";"Donation";null;"null";"null";"null";"null";null;"null";"null";"null";"null";0,04;38,00;"USD";"$";"U.S. Dollar";"Dollar des USA";"null";3,06;0,11;"null";null;false;21/04/2026 14:02;null;"null";"null";"null";null;null;"null";"null";"null";01/01/2025;31/12/2025;31/12/2025;"null";1,00;"01";"مشروع";"Projet";0,00;0,04;0,00;0;false;null;null;null
3 213,00;1 448,00;"projet de construction et equipement de 4 hopitaux régionaux à makthar ghar dima, jelma et haffouz";"P26106";"projet de construction et equipement de 4 hopitaux régionaux à makthar ghar dima, jelma et haffouz";null;null;"null";"null";"null";"null";28,56;29,00;"KWD";"KD";null;42,00;"FKDEA";"الصندوق الكويتي للتنمية الاقتصادية العربية";"Fonds Koweïtien pour le Développement Economique Arabe";"null";8,00;null;"978";1,00;"01";"قرض";"Prêt";"Prêt";null;"null";"null";"null";"null";null;"null";"null";"null";"null";24,00;29,00;"KWD";"KD";"Kuwaiti Dinar";"Dinar Koweitien";"null";10,20;244,80;"null";null;false;21/04/2026 14:12;null;"null";"null";"null";null;null;"null";"null";"null";16/11/2017;31/12/2021;31/12/2026;"null";1,00;"01";"مشروع";"Projet";2,25;21,75;9,38;1;false;null;null;null
3 190,00;1 387,00;"le Développement du Réseau de Transport et de distribution  du Gaz Naturel ";"P26089";"le Développement du Réseau de Transport et de distribution  du Gaz Naturel ";null;null;"null";"null";"null";"null";555,00;38,00;"SAR";"SAR";null;43,00;"FSD";"الصندوق السعودي للتنمية";"Fonds Saoudien pour le Développement";"null";8,00;null;"22/568";1,00;"01";"قرض";"Prêt";"Prêt";null;"null";"null";"null";"null";3,00;"03";"قرض سيادي مباشر";"Souverain - Direct";"Direct";318,75;35,00;"SAR";"SAR";"Saudi Arabian Riyal";"Ryal Saoudien";"null";0,77;245,44;"2%";null;false;21/04/2026 14:25;null;"null";"null";"null";null;null;"null";"null";"null";25/09/2012;30/06/2018;31/12/2027;"null";1,00;"01";"مشروع";"Projet";118,00;200,75;37,02;1;false;null;null;null
3 187,00;1 378,00;"Développement du système de formation professionnelle";"P26086";"Développement du système de formation professionnelle";null;null;"null";"null";"null";"null";350,00;35,00;"SAR";"SAR";null;43,00;"FSD";"الصندوق السعودي للتنمية";"Fonds Saoudien pour le Développement";"null";8,00;null;"P26086";1,00;"01";"قرض";"Prêt";"Prêt";null;"null";"null";"null";"null";null;"null";"null";"null";"null";60,00;35,00;"SAR";"SAR";"Saudi Arabian Riyal";"Ryal Saoudien";"null";0,77;46,20;"2%";null;false;21/04/2026 14:51;null;"null";"null";"null";null;null;"null";"null";"null";25/09/2012;30/06/2018;31/12/2027;"null";1,00;"01";"مشروع";"Projet";0,00;60,00;0,00;1;false;null;null;null
3 115,00;1 199,00;"Programme d’alimentation en eau potable en milieu rural – phase ii (PAEPR II)";"P26033";"Programme d’Alimentation en Eau Potable en Milieu Rural – Phase II (PAEPR II)";null;null;"null";"null";"null";"null";143,80;39,00;"EUR";"€";null;32,00;"BAD";"البنك الإفريقي للتنمية";"Banque africaine de développement ";"African development bank";9,00;null;"2000200000402";1,00;"01";"قرض";"Prêt";"Prêt";null;"null";"null";"null";"null";null;"null";"null";"null";"null";123,70;39,00;"EUR";"€";"Euro";"Euro";"null";3,39;419,59;"null";null;false;22/04/2026 11:00;null;"null";"null";"null";null;null;"null";"null";"null";30/11/2016;31/12/2027;31/12/2025;"null";1,00;"01";"مشروع";"Projet";97,67;26,03;78,96;2;false;null;null;null
3 137,00;1 199,00;"Don au titre de l’Initiative pour l’alimentation en eau et l’assainissement en milieu rural (IAEAR) pour le PAEPR II)";"P26033";"Programme d’Alimentation en Eau Potable en Milieu Rural – Phase II (PAEPR II)";null;null;"null";"null";"null";"null";143,80;39,00;"EUR";"€";null;32,00;"BAD";"البنك الإفريقي للتنمية";"Banque africaine de développement ";"African development bank";9,00;null;"5800155001701";2,00;"02";"هبة";"Don";"Donation";null;"null";"null";"null";"null";null;"null";"null";"null";"null";1,00;39,00;"EUR";"€";"Euro";"Euro";"null";3,39;3,39;"null";null;false;22/04/2026 11:00;null;"null";"null";"null";null;null;"null";"null";"null";30/11/2016;31/12/2021;31/12/2027;"null";1,00;"01";"مشروع";"Projet";0,73;0,27;73,00;3;false;null;null;null
3 131,00;1 218,00;"Projet de promotion de l’agroforesterie et de restauration des paysages forestiers dégradés (à modifier)";"P26045";"Projet de Promotion de l'Agroforestiére et de Restauration des Paysages Forestiers Dégradés";null;null;"null";"null";"null";"null";17,00;38,00;"USD";"$";null;32,00;"BAD";"البنك الإفريقي للتنمية";"Banque africaine de développement ";"African development bank";9,00;null;"5565130000951";1,00;"01";"قرض";"Prêt";"Prêt";null;"null";"null";"null";"null";3,00;"03";"قرض سيادي مباشر";"Souverain - Direct";"Direct";14,00;38,00;"USD";"$";"U.S. Dollar";"Dollar des USA";"null";3,06;42,90;"null";null;false;23/04/2026 09:03;null;"null";"null";"null";null;null;"null";"null";"null";13/06/2024;31/05/2029;31/05/2029;"null";1,00;"01";"مشروع";"Projet";0,06;13,95;0,43;0;false;null;null;0,25
3 139,00;1 218,00;"Projet de promotion de l’agroforesterie et de restauration des paysages forestiers dégradés";"P26045";"Projet de Promotion de l'Agroforestiére et de Restauration des Paysages Forestiers Dégradés";null;null;"null";"null";"null";"null";17,00;38,00;"USD";"$";null;32,00;"BAD";"البنك الإفريقي للتنمية";"Banque africaine de développement ";"African development bank";9,00;null;"5565155002301";2,00;"02";"هبة";"Don";"Donation";null;"null";"null";"null";"null";null;"null";"null";"null";"null";3,00;38,00;"USD";"$";"U.S. Dollar";"Dollar des USA";"null";3,06;9,19;"null";null;false;23/04/2026 09:03;null;"null";"null";"null";null;null;"null";"null";"null";13/06/2024;31/05/2029;31/05/2029;"null";1,00;"01";"مشروع";"Projet";0,02;2,98;0,67;0;false;null;null;null
3 146,00;1 238,00;"Projet d’appui à la mise en œuvre du plan national stratégique « Tunisie Digitale 2020 »";"P26xxx";"Projet D'appui à la Mise en Œuvre du Plan Stratégique National";null;null;"null";"null";"null";"null";134,96;39,00;"EUR";"€";null;32,00;"BAD";"البنك الإفريقي للتنمية";"Banque africaine de développement ";"African development bank";9,00;null;"200020001802";1,00;"01";"قرض";"Prêt";"Prêt";null;"null";"null";"null";"null";null;"null";"null";"null";"null";71,56;39,00;"EUR";"€";"Euro";"Euro";"null";3,39;242,73;"null";null;false;23/04/2026 09:29;null;"null";"null";"null";null;null;"null";"null";"null";21/12/2017;31/12/2022;31/12/2026;"null";1,00;"01";"مشروع";"Projet";23,65;47,91;33,05;3;false;null;null;0,25
3 142,00;1 232,00;"Projet d’appui au développement des compétences techniques et technologiques (PADCTT)";"P26051";"Projet d’Appui au Développement des Compétences Techniques et Technologiques (PADCTT)";null;null;"null";"null";"null";"null";144,00;39,00;"EUR";"€";null;32,00;"BAD";"البنك الإفريقي للتنمية";"Banque africaine de développement ";"African development bank";9,00;null;"2000200001953";1,00;"01";"قرض";"Prêt";"Prêt";null;"null";"null";"null";"null";null;"null";"null";"null";"null";72,00;39,00;"EUR";"€";"Euro";"Euro";"null";3,39;244,22;"null";null;false;23/04/2026 09:49;null;"null";"null";"null";null;null;"null";"null";"null";21/12/2017;31/12/2023;30/06/2027;"null";1,00;"01";"مشروع";"Projet";44,11;27,89;61,26;1;false;null;null;0,25
3 135,00;1 224,00;"Programme d'assainissement de petites communes PAPC1";"P26048";"Programme d'Assainissement des Petites Communes de moins de 10 000 Habitants – Phase I (PAPC-I)";null;null;"null";"null";"null";"null";163,30;39,00;"EUR";"€";null;32,00;"BAD";"البنك الإفريقي للتنمية";"Banque africaine de développement ";"African development bank";9,00;null;"2000200003153";1,00;"01";"قرض";"Prêt";"Prêt";null;"null";"null";"null";"null";null;"null";"null";"null";"null";75,00;39,00;"EUR";"€";"Euro";"Euro";"null";3,39;254,40;"null";null;false;23/04/2026 11:32;null;"null";"null";"null";null;null;"null";"null";"null";08/01/2019;31/12/2023;31/12/2027;"null";1,00;"01";"مشروع";"Projet";29,15;45,85;38,87;2;false;null;null;0,25
3 219,00;1 224,00;"Programme d'Assainissement des Petites Communes de moins de 10 000 Habitants – Phase I (PAPC-I)";"P26048";"Programme d'Assainissement des Petites Communes de moins de 10 000 Habitants – Phase I (PAPC-I)";null;null;"null";"null";"null";"null";163,30;39,00;"EUR";"€";null;34,00;"BERD";"البنك الأوروبي للإنشاء والتعمير";"Banque Européenne pour la Reconstruction et le Développement";"null";125,00;null;"BERD03";1,00;"01";"قرض";"Prêt";"Prêt";null;"null";"null";"null";"null";null;"null";"null";"null";"null";75,00;39,00;"EUR";"€";"Euro";"Euro";"null";3,14;235,50;"null";null;false;23/04/2026 11:32;null;"null";"null";"null";null;null;"null";"null";"null";31/12/2019;31/12/2024;31/12/2024;"null";1,00;"01";"مشروع";"Projet";19,00;56,00;25,33;0;false;null;null;null
3 136,00;1 224,00;"PROGRAMME D’ASSAINISSEMENT DES PETITES COMMUNES DE MOINS DE 10 000 HABITANTS – PHASE I (PAPC-I)";"P26048";"Programme d'Assainissement des Petites Communes de moins de 10 000 Habitants – Phase I (PAPC-I)";null;null;"null";"null";"null";"null";163,30;39,00;"EUR";"€";null;32,00;"BAD";"البنك الإفريقي للتنمية";"Banque africaine de développement ";"African development bank";9,00;null;"5800155002051";2,00;"02";"هبة";"Don";"Donation";null;"null";"null";"null";"null";null;"null";"null";"null";"null";1,00;39,00;"EUR";"€";"Euro";"Euro";"null";3,39;3,39;"null";null;false;23/04/2026 11:32;null;"null";"null";"null";null;null;"null";"null";"null";08/01/2019;31/12/2023;30/06/2028;"null";1,00;"01";"مشروع";"Projet";0,22;0,78;22,00;2;false;null;null;null
3 143,00;1 233,00;"Projet d'Appui au Contrôle Général des Finances (PA-CGF) مشروع دعم الشفافية والرقابة العامة للمالية";"PAT26011";"Projet d'Appui à la Transparence et au Contrôle Général des Finances (PAT-CGF)";null;null;"null";"null";"null";"null";0,47;39,00;"UC";"UC";null;32,00;"BAD";"البنك الإفريقي للتنمية";"Banque africaine de développement ";"African development bank";9,00;null;"55000155015352";2,00;"02";"هبة";"Don";"Donation";null;"null";"null";"null";"null";null;"null";"null";"null";"null";0,23;41,00;"UC";"UC";"Unité de compte";"Unité de compte";"null";4,19;0,96;"null";null;false;24/04/2026 08:25;null;"null";"null";"null";null;null;"null";"null";"null";19/12/2025;31/01/2026;31/12/2026;"null";1,00;"01";"مشروع";"Projet";0,11;0,12;47,83;1;false;null;null;null
3 129,00;1 216,00;"Projet Chems: Le Solaire Photovoltaique pour les PME";"PAT26003";"Projet Chems: Le Solaire Photovoltaique pour les PME (PCSV-PME)";null;null;"null";"null";"null";"null";0,99;38,00;"USD";"$";null;32,00;"BAD";"البنك الإفريقي للتنمية";"Banque africaine de développement ";"African development bank";9,00;null;"5700155003802";2,00;"02";"هبة";"Don";"Donation";null;"null";"null";"null";"null";null;"null";"null";"null";"null";0,99;38,00;"USD";"$";"U.S. Dollar";"Dollar des USA";"null";3,39;3,36;"null";null;false;24/04/2026 08:33;null;"null";"null";"null";null;null;"null";"null";"null";15/09/2022;31/12/2024;31/12/2026;"null";1,00;"01";"مشروع";"Projet";0,10;0,89;10,10;2;false;null;null;null
3 133,00;1 221,00;"Etude de la transformation structurelle et à la compétitivité des créneaux porteurs ";"PAT26007";"Projet d'Étude de la Transformation Structurelle et à la Compétitivité des Créneaux Porteurs (PÉTSC-CP)";null;null;"null";"null";"null";"null";840,36;41,00;"UC";"UC";null;32,00;"BAD";"البنك الإفريقي للتنمية";"Banque africaine de développement ";"African development bank";9,00;null;"5500155009401";2,00;"02";"هبة";"Don";"Donation";null;"null";"null";"null";"null";null;"null";"null";"null";"null";0,80;41,00;"UC";"UC";"Unité de compte";"Unité de compte";"null";1,00;0,80;"null";null;false;24/04/2026 08:50;null;"null";"null";"null";null;null;"null";"null";"null";19/11/2015;28/02/2018;31/12/2026;"null";1,00;"01";"مشروع";"Projet";0,45;0,35;56,25;7;false;null;null;null
3 134,00;1 222,00;"ETUDE DE FAISABILITE TECHNIQUE RELATIVE A L’IMPLEMENTATION D’UN RESEAU DE CHALEUR ET DE FROID PILOTE POUR LA COLLINE SANITAIRE DE BAB SAADOUN";"PAT26008";"Projet d'Étude de Faisabilité Technique relative à L’Implémentation d'un Réseau de Chaleur et de Froid Pilote pour la Colline Sanitaire de Beb Saadoun (PÉFT-IRCFP)";null;null;"null";"null";"null";"null";1,00;38,00;"USD";"$";3,06;32,00;"BAD";"البنك الإفريقي للتنمية";"Banque africaine de développement ";"African development bank";9,00;null;"5565155002001";2,00;"02";"هبة";"Don";"Donation";null;"null";"null";"null";"null";null;"null";"null";"null";"null";1,00;38,00;"USD";"$";"U.S. Dollar";"Dollar des USA";"null";3,06;3,06;"null";null;false;24/04/2026 08:51;null;"null";"null";"null";null;null;"null";"null";"null";10/04/2023;30/09/2024;31/12/2026;"null";1,00;"01";"مشروع";"Projet";0,05;0,95;5,00;1;false;null;null;null
3 127,00;1 217,00;"Etudes préparatoires  du Projet de développement durable et inclusif dans les zones de montagne du Nord-Ouest de la Tunisie (PDDI-ZMNO)-ODESYPANO";"PAT26004";" Projet de Développement Durable et Inclusif dans les Zones de Montagne du Nord-Ouest de la Tunisie (PDDI-ZMNO)-ODESYPANO";null;null;"null";"null";"null";"null";0,12;41,00;"UC";"UC";null;32,00;"BAD";"البنك الإفريقي للتنمية";"Banque africaine de développement ";"African development bank";9,00;null;"5500155013909";2,00;"02";"هبة";"Don";"Donation";null;"null";"null";"null";"null";null;"null";"null";"null";"null";0,12;41,00;"UC";"UC";"Unité de compte";"Unité de compte";"null";4,20;0,52;"null";null;false;24/04/2026 09:33;null;"null";"null";"null";null;null;"null";"null";"null";26/01/2021;31/12/2023;30/06/2026;"null";1,00;"01";"مشروع";"Projet";0,08;0,04;66,67;2;false;null;null;null
3 214,00;1 449,00;"projet de réhabilitation et equipement des services hospitaliers dans les hopitaux";"P26107";"projet de réhabilitation et equipement des services hospitaliers dans les hopitaux";null;null;"null";"null";"null";"null";5,95;29,00;"KWD";"KD";null;42,00;"FKDEA";"الصندوق الكويتي للتنمية الاقتصادية العربية";"Fonds Koweïtien pour le Développement Economique Arabe";"null";8,00;null;"990";1,00;"01";"قرض";"Prêt";"Prêt";null;"null";"null";"null";"null";null;"null";"null";"null";"null";5,00;29,00;"KWD";"KD";"Kuwaiti Dinar";"Dinar Koweitien";"null";10,20;51,00;"null";null;false;24/04/2026 09:41;null;"null";"null";"null";null;null;"null";"null";"null";21/03/2018;31/12/2022;31/12/2028;"null";1,00;"01";"مشروع";"Projet";0,14;4,86;2,80;1;false;null;null;null
3 123,00;1 202,00;"P26036 : CAP EMPLOI COMPÉTITIVITÉ DES TPES ET AUTONOMISATION DES POPULATIONS";"P26036";"Cap Emploi Compétitivité des TPES et Automatisation des Populations (CECAP-TPES)";null;null;"null";"null";"null";"null";500,00;39,00;"EUR";"€";90,00;32,00;"BAD";"البنك الإفريقي للتنمية";"Banque africaine de développement ";"African development bank";9,00;null;"2000200006601";1,00;"01";"قرض";"Prêt";"Prêt";null;"null";"null";"null";"null";null;"null";"null";"null";"null";81,65;39,00;"EUR";"€";"Euro";"Euro";"null";3,39;276,96;"null";null;false;24/04/2026 13:52;null;"null";"null";"null";null;null;"null";"null";"null";10/09/2024;31/12/2028;31/12/2028;"null";1,00;"01";"مشروع";"Projet";22,67;58,98;27,76;0;false;null;null;null
3 147,00;1 202,00;"CAP EMPLOI COMPÉTITIVITÉ DES TPES ET AUTONOMISATION DES POPULATIONS";"P26036";"Cap Emploi Compétitivité des TPES et Automatisation des Populations (CECAP-TPES)";null;null;"null";"null";"null";"null";500,00;39,00;"USD";"$";90,00;32,00;"BAD";"البنك الإفريقي للتنمية";"Banque africaine de développement ";"African development bank";9,00;null;"G-TN-ID0-ZZZ-001";2,00;"02";"هبة";"Don";"Donation";null;"null";"null";"null";"null";null;"null";"null";"null";"null";2,50;38,00;"USD";"$";"U.S. Dollar";"Dollar des USA";"null";3,06;7,66;"null";null;false;24/04/2026 13:52;null;"null";"null";"null";null;null;"null";"null";"null";10/09/2024;31/12/2028;31/12/2028;"null";1,00;"01";"مشروع";"Projet";0,63;1,87;25,20;0;false;null;null;null
3 144,00;1 202,00;"Projet d'appui à la mise en oeuvre du programme cap emploi";"P26036";"Cap Emploi Compétitivité des TPES et Automatisation des Populations (CECAP-TPES)";null;null;"null";"null";"null";"null";500,00;39,00;"UC";"UC";90,00;32,00;"BAD";"البنك الإفريقي للتنمية";"Banque africaine de développement ";"African development bank";9,00;null;"5500155016202";2,00;"02";"هبة";"Don";"Donation";null;"null";"null";"null";"null";null;"null";"null";"null";"null";0,10;41,00;"UC";"UC";"Unité de compte";"Unité de compte";"null";4,19;0,42;"null";null;false;24/04/2026 13:52;null;"null";"null";"null";null;null;"null";"null";"null";16/12/2025;30/06/2027;30/06/2027;"null";1,00;"01";"مشروع";"Projet";0,00;0,10;0,00;0;false;null;null;null
3 218,00;1 470,00;"Projet de mise à niveau des lignes ferroviaires 6et 22";"P26111";"Projet de mise à niveau des lignes ferroviaires 6et 22";null;null;"null";"null";"null";"null";185,00;39,00;"EUR";"€";null;34,00;"BERD";"البنك الأوروبي للإنشاء والتعمير";"Banque Européenne pour la Reconstruction et le Développement";"null";125,00;null;"BERD02";1,00;"01";"قرض";"Prêt";"Prêt";null;"null";"null";"null";"null";4,00;"04";"قرض معار";"Souverain - Retrocédé";"Retrocédé";185,00;39,00;"EUR";"€";"Euro";"Euro";"null";2,94;543,90;"null";null;false;27/04/2026 14:24;null;"null";"null";"null";null;null;"null";"null";"null";21/12/2017;31/12/2026;31/12/2026;"null";1,00;"01";"مشروع";"Projet";1,60;183,40;0,86;0;false;null;null;null
3 222,00;1 476,00;"ELMED";"P26113";"ELMED";null;null;"null";"null";"null";"null";921,00;39,00;"EUR";"€";null;33,00;"BEI ";"بنك الاستثمار الأوروبي";"Banque Européenne d'investissement";"null";125,00;null;"FI 87375";1,00;"01";"قرض";"Prêt";"Prêt";null;"null";"null";"null";"null";null;"null";"null";"null";"null";45,00;39,00;"EUR";"€";"Euro";"Euro";"null";3,39;152,64;"null";null;false;28/04/2026 09:09;null;"null";"null";"null";null;null;"null";"null";"null";30/12/2023;30/12/2028;30/12/2028;"null";1,00;"01";"مشروع";"Projet";0,00;45,00;0,00;0;false;null;null;null
3 221,00;1 476,00;"ELMED";"P26113";"ELMED";null;null;"null";"null";"null";"null";921,00;39,00;"EUR";"€";null;34,00;"BERD";"البنك الأوروبي للإنشاء والتعمير";"Banque Européenne pour la Reconstruction et le Développement";"null";125,00;null;"BERD 05";1,00;"01";"قرض";"Prêt";"Prêt";null;"null";"null";"null";"null";null;"null";"null";"null";"null";45,00;39,00;"EUR";"€";"Euro";"Euro";"null";3,39;152,55;"null";null;false;28/04/2026 09:09;null;"null";"null";"null";null;null;"null";"null";"null";20/12/2023;31/12/2028;31/12/2028;"null";1,00;"01";"مشروع";"Projet";0,00;45,00;0,00;0;false;null;null;null
3 252,00;1 476,00;"ELMED-câble sous-marin";"P26113";"ELMED";null;null;"null";"null";"null";"null";921,00;39,00;"EUR";"€";null;46,00;"KFW";"بنك التنمية الألماني ";"Banque allemande de développement (Kreditanstalt für Wiederaufbau)";"null";10,00;null;"BMZ-No.202365112";1,00;"01";"قرض";"Prêt";"Prêt";null;"null";"null";"null";"null";null;"null";"null";"null";"null";35,00;39,00;"EUR";"€";"Euro";"Euro";"null";3,39;118,72;"2%";null;false;28/04/2026 09:09;null;"null";"null";"null";null;null;"null";"null";"null";21/12/2023;30/12/2029;30/12/2029;"null";1,00;"01";"مشروع";"Projet";0,00;35,00;0,00;0;false;null;null;0,25
3 223,00;1 474,00;"Projet de renouvellement de la flotte de transport ferroviaire de la STT ( ligne TGM)";"P26112";"Projet de renouvellement de la flotte de transport ferroviaire de la STT ( ligne TGM)";null;null;"null";"null";"null";"null";90,00;39,00;"EUR";"€";null;33,00;"BEI ";"بنك الاستثمار الأوروبي";"Banque Européenne d'investissement";"null";125,00;null;"FI 85864";1,00;"01";"قرض";"Prêt";"Prêt";null;"null";"null";"null";"null";2,00;"02";"قرض غير سيادي";"Non Souverain";"Non Souverain";45,00;39,00;"EUR";"€";"Euro";"Euro";"null";3,39;152,64;"null";null;false;28/04/2026 09:13;null;"null";"null";"null";null;null;"null";"null";"null";20/12/2021;20/12/2025;20/12/2025;"null";1,00;"01";"مشروع";"Projet";0,00;45,00;0,00;0;false;null;null;null
3 220,00;1 474,00;"Projet de renouvellement de la flotte de transport ferroviaire de la STT ( ligne TGM)";"P26112";"Projet de renouvellement de la flotte de transport ferroviaire de la STT ( ligne TGM)";null;null;"null";"null";"null";"null";90,00;39,00;"EUR";"€";null;34,00;"BERD";"البنك الأوروبي للإنشاء والتعمير";"Banque Européenne pour la Reconstruction et le Développement";"null";125,00;null;"BERD 04";1,00;"01";"قرض";"Prêt";"Prêt";null;"null";"null";"null";"null";null;"null";"null";"null";"null";90,00;39,00;"EUR";"€";"Euro";"Euro";"null";3,14;282,60;"null";null;false;28/04/2026 09:13;null;"null";"null";"null";null;null;"null";"null";"null";21/12/2019;31/12/2023;31/12/2023;"null";1,00;"01";"مشروع";"Projet";1,00;89,00;1,11;0;false;null;null;null
3 216,00;1 467,00;"Depollution integre du lac de Bizerte ";"P26110";"Programme de dépollution intégrée du lac de Bizerte ";null;null;"null";"null";"null";"null";80,00;39,00;"EUR";"€";null;34,00;"BERD";"البنك الأوروبي للإنشاء والتعمير";"Banque Européenne pour la Reconstruction et le Développement";"null";125,00;null;"BERD01";1,00;"01";"قرض";"Prêt";"Prêt";null;"null";"null";"null";"null";null;"null";"null";"null";"null";20,00;39,00;"EUR";"€";"Euro";"Euro";"null";2,22;44,36;"null";null;false;28/04/2026 10:05;null;"null";"null";"null";null;null;"null";"null";"null";01/09/2015;31/12/2019;31/12/2019;"null";1,00;"01";"مشروع";"Projet";12,50;7,50;62,50;0;false;null;null;null
3 224,00;1 467,00;"Programme de dépollution intégrée du lac de Bizerte ";"P26110";"Programme de dépollution intégrée du lac de Bizerte ";null;null;"null";"null";"null";"null";80,00;39,00;"EUR";"€";null;33,00;"BEI ";"بنك الاستثمار الأوروبي";"Banque Européenne d'investissement";"null";125,00;null;"FI 83246";1,00;"01";"قرض";"Prêt";"Prêt";null;"null";"null";"null";"null";4,00;"04";"قرض معار";"Souverain - Retrocédé";"Retrocédé";40,00;39,00;"EUR";"€";"Euro";"Euro";"null";3,39;135,68;"null";null;false;28/04/2026 10:05;null;"null";"null";"null";null;null;"null";"null";"null";19/12/2013;18/12/2018;18/12/2018;"null";1,00;"01";"مشروع";"Projet";31,15;8,85;77,88;0;false;null;null;null
3 225,00;1 201,00;"Pont de Bizerte";"P26035";"Projet d'Appui à la Connectivité Routière dans  Nord-Est (PONT DE BIZERTE)";null;null;"null";"null";"null";"null";247,00;39,00;"EUR";"€";null;33,00;"BEI ";"بنك الاستثمار الأوروبي";"Banque Européenne d'investissement";"null";125,00;null;"FI 85807";1,00;"01";"قرض";"Prêt";"Prêt";null;"null";"null";"null";"null";null;"null";"null";"null";"null";123,00;39,00;"EUR";"€";"Euro";"Euro";"null";3,39;417,22;"null";null;false;28/04/2026 11:12;null;"null";"null";"null";null;null;"null";"null";"null";29/11/2016;28/11/2020;28/11/2020;"null";1,00;"01";"مشروع";"Projet";45,27;77,73;36,80;0;false;null;null;null
3 138,00;1 201,00;"PROJET D'APPUI A LA CONNECTIVITE ROUTIERE DANS LE NORD-EST";"P26035";"Projet d'Appui à la Connectivité Routière dans  Nord-Est (PONT DE BIZERTE)";null;null;"null";"null";"null";"null";247,00;39,00;"EUR";"€";null;32,00;"BAD";"البنك الإفريقي للتنمية";"Banque africaine de développement ";"African development bank";9,00;null;"2000200001854";1,00;"01";"قرض";"Prêt";"Prêt";null;"null";"null";"null";"null";null;"null";"null";"null";"null";122,00;39,00;"EUR";"€";"Euro";"Euro";"null";3,39;413,82;"null";null;false;28/04/2026 11:12;null;"null";"null";"null";null;null;"null";"null";"null";25/01/2018;31/12/2023;31/12/2027;"null";1,00;"01";"مشروع";"Projet";32,50;89,50;26,64;2;false;null;null;0,25
3 226,00;1 485,00;"Programme  de Régénération des Centres Anciens en Tunisie (PRCA)";"P26114";"Programme  de Régénération des Centres Anciens en Tunisie (PRCA)";null;null;"null";"null";"null";"null";15,00;39,00;"EUR";"€";null;33,00;"BEI ";"بنك الاستثمار الأوروبي";"Banque Européenne d'investissement";"null";125,00;null;"FI 90365";1,00;"01";"قرض";"Prêt";"Prêt";null;"null";"null";"null";"null";3,00;"03";"قرض سيادي مباشر";"Souverain - Direct";"Direct";6,00;39,00;"EUR";"€";"Euro";"Euro";"null";3,39;20,35;"null";null;false;28/04/2026 13:25;null;"null";"null";"null";null;null;"null";"null";"null";18/10/2019;17/10/2025;17/10/2025;"null";1,00;"01";"مشروع";"Projet";3,00;3,00;50,00;0;false;null;null;null
3 227,00;1 492,00;"appui au programme de securité alimentaire ";"P26115";"appui au programme de securité alimentaire ";null;null;"null";"null";"null";"null";150,50;39,00;"EUR";"€";null;34,00;"BERD";"البنك الأوروبي للإنشاء والتعمير";"Banque Européenne pour la Reconstruction et le Développement";"null";125,00;null;"BERD06";1,00;"01";"قرض";"Prêt";"Prêt";null;"null";"null";"null";"null";null;"null";"null";"null";"null";150,50;39,00;"EUR";"€";"Euro";"Euro";"null";3,24;487,62;"null";null;false;28/04/2026 14:03;null;"null";"null";"null";null;null;"null";"null";"null";14/09/2022;14/09/2023;14/09/2023;"null";1,00;"01";"مشروع";"Projet";150,50;0,00;100,00;0;false;null;null;null
3 228,00;1 493,00;"Restructuration financière de la STEG ";"P26116";"Restructuration financière de la STEG ";null;null;"null";"null";"null";"null";300,00;39,00;"EUR";"€";null;34,00;"BERD";"البنك الأوروبي للإنشاء والتعمير";"Banque Européenne pour la Reconstruction et le Développement";"null";125,00;null;"berd07";1,00;"01";"قرض";"Prêt";"Prêt";null;"null";"null";"null";"null";null;"null";"null";"null";"null";300,00;39,00;"EUR";"€";"Euro";"Euro";"null";3,13;939,00;"null";null;false;28/04/2026 14:22;null;"null";"null";"null";null;null;"null";"null";"null";14/09/2022;14/09/2023;14/09/2023;"null";1,00;"01";"مشروع";"Projet";300,00;0,00;100,00;0;false;null;null;null
3 189,00;1 382,00;"Autoroute Tunis-jelma";"P26088";"Autoroute Tunis-jelma";null;null;"null";"null";"null";"null";1 423,00;37,00;"KWD";"KD";500,00;40,00;"FADES";"الصندوق العربي للإنماء الاقتصادي والاجتماعي";"Fonds Arabe pour le Développement Economique et Social";"null";8,00;null;"647-17";1,00;"01";"قرض";"Prêt";"Prêt";null;"null";"null";"null";"null";null;"null";"null";"null";"null";50,00;29,00;"KWD";"KD";"Kuwaiti Dinar";"Dinar Koweitien";"null";9,98;123,65;"2.5%";null;false;29/04/2026 08:24;null;"null";"null";"null";null;null;"null";"null";"null";11/07/2017;08/12/2026;08/12/2026;"null";1,00;"01";"مشروع";"Projet";13,12;36,88;26,24;0;false;null;null;null
3 230,00;1 382,00;"Autoroute Tunis-jelma";"P26088";"Autoroute Tunis-jelma";null;null;"null";"null";"null";"null";1 423,00;37,00;"EUR";"€";500,00;33,00;"BEI ";"بنك الاستثمار الأوروبي";"Banque Européenne d'investissement";"null";125,00;null;"FI 85863";1,00;"01";"قرض";"Prêt";"Prêt";null;"null";"null";"null";"null";null;"null";"null";"null";"null";166,00;39,00;"EUR";"€";"Euro";"Euro";"null";3,39;563,07;"null";null;false;29/04/2026 08:24;null;"null";"null";"null";null;null;"null";"null";"null";14/12/2017;13/12/2021;13/12/2021;"null";1,00;"01";"مشروع";"Projet";71,00;95,00;42,77;0;false;null;null;null
3 229,00;1 496,00;"Modernisation des établissements scolaires II";"P26117";"Modernisation des établissements scolaires II";null;null;"null";"null";"null";"null";80,00;39,00;"EUR";"€";null;33,00;"BEI ";"بنك الاستثمار الأوروبي";"Banque Européenne d'investissement";"null";125,00;null;"FI 89310";1,00;"01";"قرض";"Prêt";"Prêt";null;"null";"null";"null";"null";null;"null";"null";"null";"null";40,00;39,00;"EUR";"€";"Euro";"Euro";"null";3,39;135,68;"null";null;false;29/04/2026 08:37;null;"null";"null";"null";null;null;"null";"null";"null";10/07/2023;09/07/2029;09/07/2029;"null";1,00;"01";"مشروع";"Projet";10,60;29,40;26,50;0;false;null;null;null
3 231,00;1 499,00;"Modernisation routière II";"P26118";"Modernisation routière II";null;null;"null";"null";"null";"null";343,00;39,00;"EUR";"€";null;33,00;"BEI ";"بنك الاستثمار الأوروبي";"Banque Européenne d'investissement";"null";125,00;null;"FI 84809";1,00;"01";"قرض";"Prêt";"Prêt";null;"null";"null";"null";"null";null;"null";"null";"null";"null";150,00;39,00;"EUR";"€";"Euro";"Euro";"null";3,39;508,80;"null";null;false;29/04/2026 09:22;null;"null";"null";"null";null;null;"null";"null";"null";18/12/2015;17/12/2020;17/12/2020;"null";1,00;"01";"مشروع";"Projet";92,00;58,00;61,33;0;false;null;null;null
3 232,00;1 500,00;"Réhabilitation urbaine II";"P26119";"Réhabilitation urbaine II";null;null;"null";"null";"null";"null";235,00;39,00;"EUR";"€";null;33,00;"BEI ";"بنك الاستثمار الأوروبي";"Banque Européenne d'investissement";"null";125,00;null;"FI 84589";1,00;"01";"قرض";"Prêt";"Prêt";null;"null";"null";"null";"null";null;"null";"null";"null";"null";77,00;39,00;"EUR";"€";"Euro";"Euro";"null";3,39;261,18;"null";null;false;29/04/2026 09:52;null;"null";"null";"null";null;null;"null";"null";"null";10/07/2018;09/07/2023;09/07/2023;"null";1,00;"01";"مشروع";"Projet";37,70;39,30;48,96;0;false;null;null;null
3 234,00;1 239,00;"Projet des corridors de développement économique (PCDÉ)";"P26054";"Projet des corridors de développement économique (PCDÉ)";null;null;"null";"null";"null";"null";473,50;39,00;"EUR";"€";1 396,00;33,00;"BEI ";"بنك الاستثمار الأوروبي";"Banque Européenne d'investissement";"null";125,00;null;"FI 91760";1,00;"01";"قرض";"Prêt";"Prêt";null;"null";"null";"null";"null";null;"null";"null";"null";"null";210,00;39,00;"EUR";"€";"Euro";"Euro";"null";3,39;712,32;"null";null;false;29/04/2026 11:11;null;"null";"null";"null";null;null;"null";"null";"null";13/06/2024;12/06/2029;12/06/2029;"null";1,00;"01";"مشروع";"Projet";0,00;210,00;0,00;0;false;null;null;null
3 148,00;1 239,00;"Projet du corridor de développement économique";"P26054";"Projet des corridors de développement économique (PCDÉ)";null;null;"null";"null";"null";"null";473,50;39,00;"EUR";"€";1 396,00;36,00;"BM";"بنك عالمي";"Banque mondiale";"null";12,00;null;"9655-TN";1,00;"01";"قرض";"Prêt";"Prêt";null;"null";"null";"null";"null";3,00;"03";"قرض سيادي مباشر";"Souverain - Direct";"Direct";203,00;39,00;"EUR";"€";"Euro";"Euro";"null";3,38;686,14;"null";null;false;29/04/2026 11:11;null;"null";"null";"null";null;null;"null";"null";"null";26/03/2024;31/05/2030;31/05/2030;"null";1,00;"01";"مشروع";"Projet";1,10;201,90;0,54;0;false;null;null;null
3 235,00;1 243,00;"Projet D'Amélioration du Secteur Énergétique (PASÉ) / Programme transport et distribution STEG";"P26055";"Projet D'Amélioration du Secteur Énergétique (PASÉ)/ Programme transport et distribution STEG";null;null;"null";"null";"null";"null";151,00;38,00;"USD";"$";427,33;33,00;"BEI ";"بنك الاستثمار الأوروبي";"Banque Européenne d'investissement";"null";125,00;null;"FI 92780";1,00;"01";"قرض";"Prêt";"Prêt";null;"null";"null";"null";"null";null;"null";"null";"null";"null";70,00;38,00;"USD";"$";"U.S. Dollar";"Dollar des USA";"null";3,06;214,48;"null";null;false;29/04/2026 11:28;null;"null";"null";"null";null;null;"null";"null";"null";28/12/2022;27/12/2027;27/12/2027;"null";1,00;"01";"مشروع";"Projet";0,00;70,00;0,00;0;false;null;null;null
3 149,00;1 243,00;"PROJET D'AMÉLIORATION DU SECTEUR ÉNERGÉTIQUE PASE";"P26055";"Projet D'Amélioration du Secteur Énergétique (PASÉ)/ Programme transport et distribution STEG";null;null;"null";"null";"null";"null";151,00;38,00;"USD";"$";427,33;136,00;"BIRD";"البنك الدولي لإعادة الإعمار والتنمية";"Banque Internationale de Reconstitution et de Développement";"null";12,00;null;"8989-TN";1,00;"01";"قرض";"Prêt";"Prêt";null;"null";"null";"null";"null";6,00;"06";"قرض بضمان بسيط";"Avec Garanti - Simple";"Simple";151,00;38,00;"USD";"$";"U.S. Dollar";"Dollar des USA";"null";2,83;427,33;"null";null;false;29/04/2026 11:28;null;"null";"null";"null";null;null;"null";"null";"null";30/01/2020;30/06/2024;30/06/2026;"null";1,00;"01";"مشروع";"Projet";80,00;71,00;52,98;1;false;null;null;null
3 283,00;1 510,00;"APPUI AU SECTEUR DE L’EAU POTABLE (A) / Raccordement";"P26122";"APPUI AU SECTEUR DE L’EAU POTABLE (A) / Raccordement";null;null;"null";"null";"null";"null";28,00;39,00;"EUR";"€";null;31,00;"AFD";"وكالة التنمية الفرنسية";"Agence Française de Développement";"null";10,00;null;"CTN129103";1,00;"01";"قرض";"Prêt";"Prêt";null;"null";"null";"null";"null";null;"null";"null";"null";"null";14,00;39,00;"EUR";"€";"Euro";"Euro";"null";3,26;45,59;"null";null;false;29/04/2026 12:02;null;"null";"null";"null";null;null;"null";"null";"null";22/10/2020;31/12/2025;31/12/2025;"null";1,00;"01";"مشروع";"Projet";14,00;0,00;100,00;0;false;null;null;null
3 242,00;1 510,00;"APPUI AU SECTEUR DE L’EAU POTABLE (A) / Raccordement";"P26122";"APPUI AU SECTEUR DE L’EAU POTABLE (A) / Raccordement";null;null;"null";"null";"null";"null";28,00;39,00;"EUR";"€";null;33,00;"BEI ";"بنك الاستثمار الأوروبي";"Banque Européenne d'investissement";"null";125,00;null;"FI 87460";1,00;"01";"قرض";"Prêt";"Prêt";null;"null";"null";"null";"null";4,00;"04";"قرض معار";"Souverain - Retrocédé";"Retrocédé";14,00;39,00;"EUR";"€";"Euro";"Euro";"null";3,39;47,49;"null";null;false;29/04/2026 12:02;null;"null";"null";"null";null;null;"null";"null";"null";21/10/2020;20/10/2026;20/10/2026;"null";1,00;"01";"مشروع";"Projet";0,00;14,00;0,00;0;false;null;null;null
3 236,00;1 510,00;"APPUI AU SECTEUR DE L’EAU POTABLE (A) / Raccordement";"P26122";"APPUI AU SECTEUR DE L’EAU POTABLE (A) / Raccordement";null;null;"null";"null";"null";"null";28,00;39,00;"EUR";"€";null;33,00;"BEI ";"بنك الاستثمار الأوروبي";"Banque Européenne d'investissement";"null";125,00;null;"FI 87460";1,00;"01";"قرض";"Prêt";"Prêt";null;"null";"null";"null";"null";null;"null";"null";"null";"null";14,00;39,00;"EUR";"€";"Euro";"Euro";"null";3,39;47,49;"null";null;false;29/04/2026 12:02;null;"null";"null";"null";null;null;"null";"null";"null";21/10/2020;20/10/2026;20/10/2026;"null";1,00;"01";"مشروع";"Projet";14,00;0,00;100,00;0;false;null;null;null
3 282,00;1 513,00;"APPUI AU SECTEUR DE L’EAU POTABLE (B)/ réalisation d’une station de traitement d’eau à Béjaoua";"P26123";"APPUI AU SECTEUR DE L’EAU POTABLE (B)/ réalisation d’une station de traitement d’eau à Béjaoua";null;null;"null";"null";"null";"null";51,00;39,00;"EUR";"€";null;31,00;"AFD";"وكالة التنمية الفرنسية";"Agence Française de Développement";"null";10,00;null;"CTN129101";1,00;"01";"قرض";"Prêt";"Prêt";null;"null";"null";"null";"null";null;"null";"null";"null";"null";24,00;39,00;"EUR";"€";"Euro";"Euro";"null";3,26;78,15;"null";null;false;29/04/2026 12:25;null;"null";"null";"null";null;null;"null";"null";"null";22/10/2020;31/12/2025;31/12/2025;"null";1,00;"01";"مشروع";"Projet";24,00;0,00;100,00;0;false;null;null;null
3 237,00;1 513,00;"APPUI AU SECTEUR DE L’EAU POTABLE (B)/ réalisation d’une station de traitement d’eau à Béjaoua";"P26123";"APPUI AU SECTEUR DE L’EAU POTABLE (B)/ réalisation d’une station de traitement d’eau à Béjaoua";null;null;"null";"null";"null";"null";51,00;39,00;"EUR";"€";null;33,00;"BEI ";"بنك الاستثمار الأوروبي";"Banque Européenne d'investissement";"null";125,00;null;"FI 91748";1,00;"01";"قرض";"Prêt";"Prêt";null;"null";"null";"null";"null";null;"null";"null";"null";"null";24,00;39,00;"EUR";"€";"Euro";"Euro";"null";3,39;81,41;"null";null;false;29/04/2026 12:25;null;"null";"null";"null";null;null;"null";"null";"null";21/10/2020;20/10/2026;20/10/2026;"null";1,00;"01";"مشروع";"Projet";20,00;4,00;83,33;0;false;null;null;null
3 238,00;1 515,00;"ONAS IV";"P26124";"ONAS IV";null;null;"null";"null";"null";"null";40,00;39,00;"EUR";"€";null;33,00;"BEI ";"بنك الاستثمار الأوروبي";"Banque Européenne d'investissement";"null";125,00;null;"FI 23796";1,00;"01";"قرض";"Prêt";"Prêt";null;"null";"null";"null";"null";null;"null";"null";"null";"null";40,00;39,00;"EUR";"€";"Euro";"Euro";"null";3,39;135,68;"null";null;false;29/04/2026 13:00;null;"null";"null";"null";null;null;"null";"null";"null";15/12/2006;14/12/2012;14/12/2012;"null";1,00;"01";"مشروع";"Projet";32,30;7,70;80,75;0;false;null;null;null
3 249,00;1 516,00;"Programme de Dépollution de la Méditerranée DEPOLMED";"P26125";"DEPOLMED";null;null;"null";"null";"null";"null";140,00;39,00;"EUR";"€";null;31,00;"AFD";"وكالة التنمية الفرنسية";"Agence Française de Développement";"null";10,00;null;"CTN111201";1,00;"01";"قرض";"Prêt";"Prêt";null;"null";"null";"null";"null";null;"null";"null";"null";"null";60,00;39,00;"EUR";"€";"Euro";"Euro";"null";3,39;203,52;"null";null;false;29/04/2026 13:24;null;"null";"null";"null";null;null;"null";"null";"null";28/11/2016;31/12/2023;31/12/2023;"null";1,00;"01";"مشروع";"Projet";60,00;0,00;100,00;0;false;null;null;0,00
3 239,00;1 516,00;"DEPOLMED";"P26125";"DEPOLMED";null;null;"null";"null";"null";"null";140,00;39,00;"EUR";"€";null;33,00;"BEI ";"بنك الاستثمار الأوروبي";"Banque Européenne d'investissement";"null";125,00;null;"FI 84807";1,00;"01";"قرض";"Prêt";"Prêt";null;"null";"null";"null";"null";null;"null";"null";"null";"null";69,60;39,00;"EUR";"€";"Euro";"Euro";"null";3,39;236,08;"null";null;false;29/04/2026 13:24;null;"null";"null";"null";null;null;"null";"null";"null";29/11/2016;29/11/2020;29/11/2020;"null";1,00;"01";"مشروع";"Projet";58,40;11,20;83,91;0;false;null;null;null
3 241,00;1 506,00;"Appui au programme de sécurité alimentaire ";"P26121";"Appui au programme de sécurité alimentaire ";null;null;"null";"null";"null";"null";150,00;39,00;"EUR";"€";null;33,00;"BEI ";"بنك الاستثمار الأوروبي";"Banque Européenne d'investissement";"null";125,00;null;"FI 94840";1,00;"01";"قرض";"Prêt";"Prêt";null;"null";"null";"null";"null";null;"null";"null";"null";"null";150,00;39,00;"EUR";"€";"Euro";"Euro";"null";3,39;508,80;"null";null;false;29/04/2026 13:41;null;"null";"null";"null";null;null;"null";"null";"null";16/12/2022;15/12/2027;15/12/2027;"null";1,00;"01";"مشروع";"Projet";0,00;150,00;0,00;0;false;null;null;null
3 245,00;1 528,00;"amélioration des infrastructures et des services scolaires dans le cycle primaire AMIS";"P26129";"amélioration des infrastructures et des services scolaires dans le cycle primaire AMIS";null;null;"null";"null";"null";"null";null;39,00;"EUR";"€";null;44,00;"Italie ";"إيطاليا";"Italie";"null";10,00;null;"AMIS";1,00;"01";"قرض";"Prêt";"Prêt";null;"null";"null";"null";"null";null;"null";"null";"null";"null";25,00;39,00;"EUR";"€";"Euro";"Euro";"null";3,39;84,80;"1";null;false;05/05/2026 09:39;null;"null";"null";"null";null;null;"null";"null";"null";21/12/2020;30/06/2028;30/06/2028;"null";1,00;"01";"مشروع";"Projet";2,50;22,50;10,00;0;false;null;null;0,00
3 247,00;1 530,00;"Modernisation du Système d'information de l'Etat- Mesures d'Accompagnement";"P26131";"Modernisation du Système d'information de l'Etat";null;null;"null";"null";"null";"null";null;39,00;"EUR";"€";null;46,00;"KFW";"بنك التنمية الألماني ";"Banque allemande de développement (Kreditanstalt für Wiederaufbau)";"null";10,00;null;"BMZ0001";2,00;"02";"هبة";"Don";"Donation";null;"null";"null";"null";"null";null;"null";"null";"null";"null";2,00;39,00;"EUR";"€";"Euro";"Euro";"null";3,39;6,78;"null";null;false;05/05/2026 09:49;null;"null";"null";"null";null;null;"null";"null";"null";11/12/2024;15/12/2029;15/12/2029;"null";1,00;"01";"مشروع";"Projet";0,00;2,00;0,00;0;false;null;null;null
3 246,00;1 530,00;"Modernisation du Système d'information de l'Etat";"P26131";"Modernisation du Système d'information de l'Etat";null;null;"null";"null";"null";"null";null;39,00;"EUR";"€";null;46,00;"KFW";"بنك التنمية الألماني ";"Banque allemande de développement (Kreditanstalt für Wiederaufbau)";"null";10,00;null;"BMZ-No.2020.6803.9";2,00;"02";"هبة";"Don";"Donation";null;"null";"null";"null";"null";null;"null";"null";"null";"null";38,00;39,00;"EUR";"€";"Euro";"Euro";"null";3,39;128,90;"null";null;false;05/05/2026 09:49;null;"null";"null";"null";null;null;"null";"null";"null";11/12/2024;15/12/2029;15/12/2029;"null";1,00;"01";"مشروع";"Projet";0,00;38,00;0,00;0;false;null;null;null
3 243,00;1 529,00;"Modernisation de l'Office National de la Protection Civile";"P26130";"Modernisation de l'Office National de la Protection Civile";null;null;"null";"null";"null";"null";50,00;39,00;"EUR";"€";169,60;31,00;"AFD";"وكالة التنمية الفرنسية";"Agence Française de Développement";"null";10,00;02/11/2023;"CTN126301";1,00;"01";"قرض";"Prêt";"Prêt";null;"null";"null";"null";"null";4,00;"04";"قرض معار";"Souverain - Retrocédé";"Retrocédé";50,00;39,00;"EUR";"€";"Euro";"Euro";"null";3,41;170,50;"null";null;false;05/05/2026 13:33;null;"null";"null";"null";null;null;"null";"null";"null";24/09/2024;31/12/2030;31/12/2030;"null";1,00;"01";"مشروع";"Projet";8,00;42,00;16,00;0;false;null;null;0,25
3 244,00;1 527,00;"Construction de la station de dessalement d'eau de mer de Sfax";"P26128";"Construction de la station de dessalement d'eau de mer de Sfax";null;null;"null";"null";"null";"null";null;28,00;"JPY";"¥";null;45,00;"JICA";"الوكالة اليابانية للتعاون الدولي";"Agence Japonaise de Coopération Internationale";"null";11,00;null;"TS-P40";1,00;"01";"قرض";"Prêt";"Prêt";null;"null";"null";"null";"null";4,00;"04";"قرض معار";"Souverain - Retrocédé";"Retrocédé";36 676,00;28,00;"JPY";"¥";"Japanese Yen";"Yen Japonais";"null";21,76;797,92;"1.7";null;false;05/05/2026 13:43;null;"null";"null";"null";null;null;"null";"null";"null";14/07/2017;24/10/2027;24/10/2027;"null";1,00;"01";"مشروع";"Projet";36 500,00;176,00;99,52;0;false;null;null;null
3 250,00;1 538,00;"Projet de repowering de l'étape A du parc éolien de Sidi Daoud el Haouria";"P26133";"Projet de repowering de l'étape A du parc éolien de Sidi Daoud el Haouria";null;null;"null";"null";"null";"null";null;39,00;"EUR";"€";null;46,00;"KFW";"بنك التنمية الألماني ";"Banque allemande de développement (Kreditanstalt für Wiederaufbau)";"null";10,00;null;"BMZ-No.202165157";1,00;"01";"قرض";"Prêt";"Prêt";null;"null";"null";"null";"null";null;"null";"null";"null";"null";29,80;39,00;"EUR";"€";"Euro";"Euro";"null";3,39;101,08;"null";null;false;05/05/2026 13:52;null;"null";"null";"null";null;null;"null";"null";"null";22/12/2022;30/12/2028;30/12/2028;"null";1,00;"01";"مشروع";"Projet";0,00;29,80;0,00;0;false;null;null;null
3 248,00;1 537,00;"Station pilote de traitement des eaux usées de Gabes";"P26132";"Station pilote de traitement des eaux usées de Gabes";null;null;"null";"null";"null";"null";null;28,00;"JPY";"¥";null;45,00;"JICA";"الوكالة اليابانية للتعاون الدولي";"Agence Japonaise de Coopération Internationale";"null";11,00;null;"2360570";2,00;"02";"هبة";"Don";"Donation";null;"null";"null";"null";"null";null;"null";"null";"null";"null";3 208,00;28,00;"JPY";"¥";"Japanese Yen";"Yen Japonais";"null";20,69;66,37;"null";31/12/2029;false;05/05/2026 14:01;null;"null";"null";"null";null;null;"null";"null";"null";26/02/2024;31/12/2029;31/12/2029;"null";1,00;"01";"مشروع";"Projet";0,00;3 208,00;0,00;0;false;null;null;null
3 118,00;1 195,00;"P26029 : PMIR (PROGRAMME DE MODERNISATION DES INFRASTRUCTURES ROUTIÈRES";"P26029";" Projet de Modernisation de l'Infrastructure Routière (PMIR-I)";null;null;"null";"null";"null";"null";383,00;39,00;"EUR";"€";null;32,00;"BAD";"البنك الإفريقي للتنمية";"Banque africaine de développement ";"African development bank";9,00;null;"200001300014380";1,00;"01";"قرض";"Prêt";"Prêt";null;"null";"null";"null";"null";null;"null";"null";"null";"null";144,00;39,00;"EUR";"€";"Euro";"Euro";"null";3,39;488,45;"null";null;false;05/05/2026 14:06;null;"null";"null";"null";null;null;"null";"null";"null";28/10/2015;31/12/2020;31/12/2020;"null";1,00;"01";"مشروع";"Projet";138,63;5,37;96,27;0;false;null;null;null
3 112,00;1 195,00;"PMIR (PROGRAMME DE MODERNISATION DES INFRASTRUCTURES ROUTIÈRES";"P26029";" Projet de Modernisation de l'Infrastructure Routière (PMIR-I)";null;null;"null";"null";"null";"null";383,00;39,00;"EUR";"€";null;30,00;"AGTF";"تمويل التجارة العالمية بأفريقيا";"Financement du commerce mondial en Afrique";"null";9,00;null;"5050130000151";1,00;"01";"قرض";"Prêt";"Prêt";null;"null";"null";"null";"null";null;"null";"null";"null";"null";46,12;39,00;"EUR";"€";"Euro";"Euro";"null";3,39;156,44;"null";null;false;05/05/2026 14:06;null;"null";"null";"null";null;null;"null";"null";"null";28/10/2015;30/09/2027;30/09/2027;"null";1,00;"01";"مشروع";"Projet";44,40;1,72;96,27;0;false;null;null;null
3 253,00;1 543,00;"OMMP investissement-FINACEMENT DE 6 NOUVEAU REMORQUEURS";"P26138";"OMMP investissement-FINACEMENT DE 6 NOUVEAU REMORQUEURS";null;null;"null";"null";"null";"null";41,00;39,00;"EUR";"€";139,07;31,00;"AFD";"وكالة التنمية الفرنسية";"Agence Française de Développement";"null";10,00;null;"CTN119001";1,00;"01";"قرض";"Prêt";"Prêt";null;"null";"null";"null";"null";null;"null";"null";"null";"null";41,00;39,00;"EUR";"€";"Euro";"Euro";"null";3,31;135,75;"null";null;false;05/05/2026 14:22;null;"null";"null";"null";null;null;"null";"null";"null";03/06/2021;31/12/2027;31/12/2027;"null";1,00;"01";"مشروع";"Projet";41,00;0,00;100,00;0;false;null;null;null
3 251,00;1 539,00;"Projet de contrôle des inondations de l'Oued Medjerda (zone D2)";"P26134";"Projet de contrôle des inondations de l'Oued Medjerda (zone D2)";null;null;"null";"null";"null";"null";null;28,00;"JPY";"¥";null;45,00;"JICA";"الوكالة اليابانية للتعاون الدولي";"Agence Japonaise de Coopération Internationale";"null";11,00;null;"TS-P38";1,00;"01";"قرض";"Prêt";"Prêt";null;"null";"null";"null";"null";null;"null";"null";"null";"null";10 398,00;28,00;"JPY";"¥";"Japanese Yen";"Yen Japonais";"null";21,71;225,71;"0.6";null;false;05/05/2026 14:26;null;"null";"null";"null";null;null;"null";"null";"null";17/07/2014;04/08/2025;04/08/2027;"null";1,00;"01";"مشروع";"Projet";8 346,00;2 052,00;80,27;1;false;null;null;null
3 257,00;1 544,00;"Programme d'amélioration du système de stockage, de transfert et de protection contre les inondations en Tunisie (""STPCI"")";"P26139";"Programme d'amélioration du système de stockage, de transfert et de protection contre les inondations en Tunisie (""STPCI"")";null;null;"null";"null";"null";"null";null;39,00;"EUR";"€";null;46,00;"KFW";"بنك التنمية الألماني ";"Banque allemande de développement (Kreditanstalt für Wiederaufbau)";"null";10,00;null;"BMZ-No.202168250";2,00;"02";"هبة";"Don";"Donation";null;"null";"null";"null";"null";null;"null";"null";"null";"null";74,40;39,00;"EUR";"€";"Euro";"Euro";"null";3,39;252,37;"null";null;false;06/05/2026 09:15;null;"null";"null";"null";null;null;"null";"null";"null";22/12/2022;30/12/2029;30/12/2029;"null";1,00;"01";"مشروع";"Projet";0,00;74,40;0,00;0;false;null;null;null
3 256,00;1 544,00;"Programme d'amélioration du système de stockage, de transfert et de protection contre les inondations en Tunisie (""STPCI"")";"P26139";"Programme d'amélioration du système de stockage, de transfert et de protection contre les inondations en Tunisie (""STPCI"")";null;null;"null";"null";"null";"null";null;39,00;"EUR";"€";null;46,00;"KFW";"بنك التنمية الألماني ";"Banque allemande de développement (Kreditanstalt für Wiederaufbau)";"null";10,00;null;"BMZ-No. 202165140";1,00;"01";"قرض";"Prêt";"Prêt";null;"null";"null";"null";"null";null;"null";"null";"null";"null";90,30;39,00;"EUR";"€";"Euro";"Euro";"null";3,39;306,30;"null";null;false;06/05/2026 09:15;null;"null";"null";"null";null;null;"null";"null";"null";22/12/2022;30/12/2029;30/12/2029;"null";1,00;"01";"مشروع";"Projet";3,10;87,20;3,43;0;false;null;null;null
3 255,00;1 545,00;"Projet de construction de l’Ecole Nationale d’Ingénieurs de Bizerte (ENIB)";"P26140";"Projet de construction de l’Ecole Nationale d’Ingénieurs de Bizerte (ENIB)";null;null;"null";"null";"null";"null";15,00;39,00;"EUR";"€";null;31,00;"AFD";"وكالة التنمية الفرنسية";"Agence Française de Développement";"null";10,00;null;"CTN113201";1,00;"01";"قرض";"Prêt";"Prêt";null;"null";"null";"null";"null";null;"null";"null";"null";"null";15,00;39,00;"EUR";"€";"Euro";"Euro";"null";1,97;29,59;"null";null;false;06/05/2026 09:32;null;"null";"null";"null";null;null;"null";"null";"null";27/05/2011;31/12/2014;15/12/2018;"null";1,00;"01";"مشروع";"Projet";15,00;0,00;100,00;2;false;null;null;null
3 258,00;1 546,00;"Mise en oeuvre du Plan Directeur du Canal Laaroussia (GIRE)-phase I et II";"P26141";"Mise en oeuvre du Plan Directeur du Canal Laaroussia (GIRE)-phase I et II";null;null;"null";"null";"null";"null";null;39,00;"EUR";"€";null;46,00;"KFW";"بنك التنمية الألماني ";"Banque allemande de développement (Kreditanstalt für Wiederaufbau)";"null";10,00;null;"BMZ-No.2017.6532.0";1,00;"01";"قرض";"Prêt";"Prêt";null;"null";"null";"null";"null";null;"null";"null";"null";"null";10,00;39,00;"EUR";"€";"Euro";"Euro";"null";3,39;33,92;"null";null;false;06/05/2026 09:37;null;"null";"null";"null";null;null;"null";"null";"null";22/12/2022;31/12/2029;31/12/2029;"null";1,00;"01";"مشروع";"Projet";0,00;10,00;0,00;0;false;null;null;null
3 260,00;1 547,00;"Développement agricole et rural autour des lacs collinaires (DARAL), Phase II";"P26142";"Développement agricole et rural autour des lacs collinaires (DARAL), Phase II";null;null;"null";"null";"null";"null";null;39,00;"EUR";"€";null;46,00;"KFW";"بنك التنمية الألماني ";"Banque allemande de développement (Kreditanstalt für Wiederaufbau)";"null";10,00;null;"BMZ-No.2017.7014.8";2,00;"02";"هبة";"Don";"Donation";null;"null";"null";"null";"null";null;"null";"null";"null";"null";3,00;39,00;"EUR";"€";"Euro";"Euro";"null";3,39;10,18;"null";null;false;06/05/2026 10:15;null;"null";"null";"null";null;null;"null";"null";"null";22/12/2022;30/12/2029;30/12/2029;"null";1,00;"01";"مشروع";"Projet";0,18;2,82;6,00;0;false;null;null;null
3 259,00;1 547,00;"Développement agricole et rural autour des lacs collinaires (DARAL), Phase II";"P26142";"Développement agricole et rural autour des lacs collinaires (DARAL), Phase II";null;null;"null";"null";"null";"null";null;39,00;"EUR";"€";null;46,00;"KFW";"بنك التنمية الألماني ";"Banque allemande de développement (Kreditanstalt für Wiederaufbau)";"null";10,00;null;"BMZ-No.2017.6797.9";2,00;"02";"هبة";"Don";"Donation";null;"null";"null";"null";"null";null;"null";"null";"null";"null";20,00;39,00;"EUR";"€";"Euro";"Euro";"null";3,39;67,84;"null";null;false;06/05/2026 10:15;null;"null";"null";"null";null;null;"null";"null";"null";22/12/2022;30/12/2029;30/12/2029;"null";1,00;"01";"مشروع";"Projet";0,00;20,00;0,00;0;false;null;null;null
3 262,00;1 548,00;"Assainissement de 10 moyennes villes II-Mesures d'Accompagnement ";"P26143";"Assainissement de 10 moyennes villes II";null;null;"null";"null";"null";"null";null;39,00;"EUR";"€";null;46,00;"KFW";"بنك التنمية الألماني ";"Banque allemande de développement (Kreditanstalt für Wiederaufbau)";"null";10,00;null;"BMZ-No.2019.7004.5";2,00;"02";"هبة";"Don";"Donation";null;"null";"null";"null";"null";null;"null";"null";"null";"null";2,00;39,00;"EUR";"€";"Euro";"Euro";"null";3,39;6,78;"null";null;false;06/05/2026 10:28;null;"null";"null";"null";null;null;"null";"null";"null";21/12/2022;30/12/2028;30/12/2028;"null";1,00;"01";"مشروع";"Projet";0,57;1,43;28,50;0;false;null;null;null
3 261,00;1 548,00;"Assainissement de 10 moyennes villes II";"P26143";"Assainissement de 10 moyennes villes II";null;null;"null";"null";"null";"null";null;39,00;"EUR";"€";null;46,00;"KFW";"بنك التنمية الألماني ";"Banque allemande de développement (Kreditanstalt für Wiederaufbau)";"null";10,00;null;"BMZ-No.2021.6866.4";2,00;"02";"هبة";"Don";"Donation";null;"null";"null";"null";"null";null;"null";"null";"null";"null";13,00;39,00;"EUR";"€";"Euro";"Euro";"null";3,39;44,10;"null";null;false;06/05/2026 10:28;null;"null";"null";"null";null;null;"null";"null";"null";21/12/2022;30/12/2028;30/12/2028;"null";1,00;"01";"مشروع";"Projet";3,64;9,36;28,00;0;false;null;null;null
3 264,00;1 549,00;"Amélioration de l'environnement des eaux ";"P26144";"Amélioration de l'environnement des eaux ";null;null;"null";"null";"null";"null";null;28,00;"JPY";"¥";null;45,00;"JICA";"الوكالة اليابانية للتعاون الدولي";"Agence Japonaise de Coopération Internationale";"null";11,00;null;"TS-P37";1,00;"01";"قرض";"Prêt";"Prêt";null;"null";"null";"null";"null";null;"null";"null";"null";"null";10 871,00;28,00;"JPY";"¥";"Japanese Yen";"Yen Japonais";"null";16,56;180,02;"null";null;false;06/05/2026 11:10;null;"null";"null";"null";null;null;"null";"null";"null";21/06/2013;12/06/2024;12/12/2027;"null";1,00;"01";"مشروع";"Projet";8 692,00;2 179,00;79,96;1;false;null;null;null
3 263,00;1 550,00;"Modernisation du canal Medjerda-Cap Bon II";"P26145";"Modernisation du canal Medjerda-Cap Bon II";null;null;"null";"null";"null";"null";null;39,00;"EUR";"€";null;46,00;"KFW";"بنك التنمية الألماني ";"Banque allemande de développement (Kreditanstalt für Wiederaufbau)";"null";10,00;null;"Crédit No.29779";1,00;"01";"قرض";"Prêt";"Prêt";null;"null";"null";"null";"null";null;"null";"null";"null";"null";27,50;39,00;"EUR";"€";"Euro";"Euro";"null";3,39;93,28;"null";null;false;06/05/2026 11:11;null;"null";"null";"null";null;null;"null";"null";"null";25/02/2020;30/06/2027;30/06/2027;"null";1,00;"01";"مشروع";"Projet";16,75;10,75;60,91;0;false;null;null;null
3 265,00;1 551,00;"Mise en oeuvre du Plan Directeur du Canal de Laaroussia (GIRE) Phase I";"P26146";"Mise en oeuvre du Plan Directeur du Canal de Laaroussia (GIRE) Phase I";null;null;"null";"null";"null";"null";null;39,00;"EUR";"€";null;46,00;"KFW";"بنك التنمية الألماني ";"Banque allemande de développement (Kreditanstalt für Wiederaufbau)";"null";10,00;null;"BMZ 201565266";1,00;"01";"قرض";"Prêt";"Prêt";null;"null";"null";"null";"null";null;"null";"null";"null";"null";18,00;39,00;"EUR";"€";"Euro";"Euro";"null";3,39;61,06;"null";null;false;06/05/2026 11:20;null;"null";"null";"null";null;null;"null";"null";"null";19/09/2019;30/12/2026;30/12/2026;"null";1,00;"01";"مشروع";"Projet";8,26;9,74;45,89;0;false;null;null;null
3 267,00;1 552,00;"Programme efficacité énergétique dans les bâtiments publics (programme  de Transition Energétique dans les Etablissements Publics TEEP)-Mesures d'Accompagnement";"P26147";"Programme efficacité énergétique dans les bâtiments publics (programme  de Transition Energétique dans les Etablissements Publics TEEP)";null;null;"null";"null";"null";"null";null;39,00;"EUR";"€";null;46,00;"KFW";"بنك التنمية الألماني ";"Banque allemande de développement (Kreditanstalt für Wiederaufbau)";"null";10,00;null;"BMZ.No.2012.7030.5";2,00;"02";"هبة";"Don";"Donation";null;"null";"null";"null";"null";null;"null";"null";"null";"null";1,50;39,00;"EUR";"€";"Euro";"Euro";"null";3,39;5,09;"null";null;false;06/05/2026 11:31;null;"null";"null";"null";null;null;"null";"null";"null";08/12/2020;30/12/2025;30/12/2026;"null";1,00;"01";"مشروع";"Projet";1,50;0,00;100,00;1;false;null;null;null
3 266,00;1 552,00;"Programme efficacité énergétique dans les bâtiments publics (programme  de Transition Energétique dans les Etablissements Publics TEEP)";"P26147";"Programme efficacité énergétique dans les bâtiments publics (programme  de Transition Energétique dans les Etablissements Publics TEEP)";null;null;"null";"null";"null";"null";null;39,00;"EUR";"€";null;46,00;"KFW";"بنك التنمية الألماني ";"Banque allemande de développement (Kreditanstalt für Wiederaufbau)";"null";10,00;null;"BMZ-No.2012.6704.6";1,00;"01";"قرض";"Prêt";"Prêt";null;"null";"null";"null";"null";null;"null";"null";"null";"null";15,00;39,00;"EUR";"€";"Euro";"Euro";"null";3,39;50,88;"null";null;false;06/05/2026 11:31;null;"null";"null";"null";null;null;"null";"null";"null";08/12/2020;30/12/2025;30/12/2026;"null";1,00;"01";"مشروع";"Projet";2,94;12,06;19,60;1;false;null;null;null
3 270,00;1 557,00;"Système d'informations foncières de la Tunisie -TLIS";"P26152";"Système d'informations foncières de la Tunisie -TLIS";null;null;"null";"null";"null";"null";null;38,00;"USD";"$";null;151,00;"KEXIM";"Korea Eximbank";"Korea Eximbank";"null";11,00;null;"TUN-02";1,00;"01";"قرض";"Prêt";"Prêt";null;"null";"null";"null";"null";3,00;"03";"قرض سيادي مباشر";"Souverain - Direct";"Direct";60,00;38,00;"USD";"$";"U.S. Dollar";"Dollar des USA";"null";3,06;183,84;"0.15";null;false;06/05/2026 13:16;null;"null";"null";"null";null;null;"null";"null";"null";14/07/2021;16/12/2028;16/12/2028;"null";1,00;"01";"مشروع";"Projet";0,00;60,00;0,00;0;false;null;null;null
3 268,00;1 555,00;"Programme d'appui à la formation et à l'insertion professionnelle";"P26150";"Programme d'appui à la formation et à l'insertion professionnelle";null;null;"null";"null";"null";"null";27,70;39,00;"EUR";"€";null;31,00;"AFD";"وكالة التنمية الفرنسية";"Agence Française de Développement";"null";10,00;null;"CTN118101";1,00;"01";"قرض";"Prêt";"Prêt";null;"null";"null";"null";"null";null;"null";"null";"null";"null";24,00;39,00;"EUR";"€";"Euro";"Euro";"null";2,21;52,91;"null";null;false;06/05/2026 13:10;null;"null";"null";"null";null;null;"null";"null";"null";16/09/2015;30/06/2021;30/06/2021;"null";1,00;"01";"مشروع";"Projet";24,00;0,00;100,00;0;false;null;null;null
3 269,00;1 558,00;"Amélioration du taux de desserte en eau potable dans le milieu rural du gouvernorat de Beja, phase II";"P26153";"Amélioration du taux de desserte en eau potable dans le milieu rural du gouvernorat de Beja, phase II";null;null;"null";"null";"null";"null";null;39,00;"EUR";"€";null;46,00;"KFW";"بنك التنمية الألماني ";"Banque allemande de développement (Kreditanstalt für Wiederaufbau)";"null";10,00;null;"BMZ-No.2023.675.48";2,00;"02";"هبة";"Don";"Donation";null;"null";"null";"null";"null";null;"null";"null";"null";"null";26,00;39,00;"EUR";"€";"Euro";"Euro";"null";3,39;88,19;"null";null;false;06/05/2026 13:20;null;"null";"null";"null";null;null;"null";"null";"null";11/12/2024;31/03/2032;31/03/2032;"null";1,00;"01";"مشروع";"Projet";0,00;26,00;0,00;0;false;null;null;null
3 271,00;1 558,00;"Amélioration du taux de desserte en eau potable dans le milieu rural du gouvernorat de Beja, phase II-Mesures d'Accompagnement";"P26153";"Amélioration du taux de desserte en eau potable dans le milieu rural du gouvernorat de Beja, phase II";null;null;"null";"null";"null";"null";null;39,00;"EUR";"€";null;46,00;"KFW";"بنك التنمية الألماني ";"Banque allemande de développement (Kreditanstalt für Wiederaufbau)";"null";10,00;null;"BMZ-No.2023.700.39";2,00;"02";"هبة";"Don";"Donation";null;"null";"null";"null";"null";null;"null";"null";"null";"null";1,00;39,00;"EUR";"€";"Euro";"Euro";"null";3,39;3,39;"null";null;false;06/05/2026 13:20;null;"null";"null";"null";null;null;"null";"null";"null";11/12/2024;31/03/2032;31/03/2032;"null";1,00;"01";"مشروع";"Projet";0,00;1,00;0,00;0;false;null;null;null
3 272,00;1 559,00;"Soutien de la stratégie des énergies renouvelables de la STEG, phase 2 (Mesure d'Accompagnement)";"PAT26025";"Soutien de la stratégie des énergies renouvelables de la STEG, phase 2 (Mesure d'Accompagnement)";null;null;"null";"null";"null";"null";null;39,00;"EUR";"€";null;46,00;"KFW";"بنك التنمية الألماني ";"Banque allemande de développement (Kreditanstalt für Wiederaufbau)";"null";10,00;null;"BMZ-No.2020.70.373";2,00;"02";"هبة";"Don";"Donation";null;"null";"null";"null";"null";null;"null";"null";"null";"null";1,50;39,00;"EUR";"€";"Euro";"Euro";"null";3,39;5,09;"null";null;false;06/05/2026 13:36;null;"null";"null";"null";null;null;"null";"null";"null";18/11/2025;30/06/2030;30/06/2030;"null";1,00;"01";"مشروع";"Projet";0,00;1,50;0,00;0;false;null;null;null
3 273,00;1 553,00;"SMART GRID";"P26148";"SMART GRID";null;null;"null";"null";"null";"null";120,00;39,00;"EUR";"€";null;31,00;"AFD";"وكالة التنمية الفرنسية";"Agence Française de Développement";"null";10,00;null;"CTN117802";1,00;"01";"قرض";"Prêt";"Prêt";null;"null";"null";"null";"null";null;"null";"null";"null";"null";120,00;39,00;"EUR";"€";"Euro";"Euro";"null";3,44;412,39;"null";null;false;06/05/2026 13:45;null;"null";"null";"null";null;null;"null";"null";"null";04/01/2019;30/09/2024;30/12/2026;"null";1,00;"01";"مشروع";"Projet";60,00;60,00;50,00;1;false;null;null;null
3 274,00;1 560,00;"Adaptation climatique intégrée dans la région côtière tunisienne-renforcement de la résilience (PPLT+)";"P26154";"Adaptation climatique intégrée dans la région côtière tunisienne-renforcement de la résilience (PPLT+)";null;null;"null";"null";"null";"null";null;39,00;"EUR";"€";null;46,00;"KFW";"بنك التنمية الألماني ";"Banque allemande de développement (Kreditanstalt für Wiederaufbau)";"null";10,00;null;"BMZ-No.2024.67.447";2,00;"02";"هبة";"Don";"Donation";null;"null";"null";"null";"null";null;"null";"null";"null";"null";14,50;39,00;"EUR";"€";"Euro";"Euro";"null";3,39;49,18;"null";null;false;06/05/2026 13:52;null;"null";"null";"null";null;null;"null";"null";"null";28/03/2025;30/03/2030;30/03/2030;"null";1,00;"01";"مشروع";"Projet";0,00;14,50;0,00;0;false;null;null;null
3 275,00;1 556,00;"Programme de mise à niveau environnementale du groupe chimique tunisien";"P26151";"Programme de mise à niveau environnementale du groupe chimique tunisien";null;null;"null";"null";"null";"null";20,00;39,00;"EUR";"€";null;31,00;"AFD";"وكالة التنمية الفرنسية";"Agence Française de Développement";"null";10,00;null;"CTN112101";1,00;"01";"قرض";"Prêt";"Prêt";null;"null";"null";"null";"null";null;"null";"null";"null";"null";20,00;39,00;"EUR";"€";"Euro";"Euro";"null";2,45;49,02;"null";null;false;06/05/2026 14:11;null;"null";"null";"null";null;null;"null";"null";"null";28/11/2016;31/12/2020;31/12/2020;"null";1,00;"01";"مشروع";"Projet";20,00;0,00;100,00;0;false;null;null;null
3 276,00;1 561,00;"Réhabilitation et extension des stations d'épuration et des stations de pompage III Mesures d'Accompagnement ";"PAT26026";"Réhabilitation et extension des stations d'épuration et des stations de pompage III Mesures d'Accompagnement ";null;null;"null";"null";"null";"null";null;39,00;"EUR";"€";null;46,00;"KFW";"بنك التنمية الألماني ";"Banque allemande de développement (Kreditanstalt für Wiederaufbau)";"null";10,00;null;"BMZ-No.2021.7028.0";2,00;"02";"هبة";"Don";"Donation";null;"null";"null";"null";"null";null;"null";"null";"null";"null";5,00;39,00;"EUR";"€";"Euro";"Euro";"null";3,39;16,96;"null";null;false;06/05/2026 14:07;null;"null";"null";"null";null;null;"null";"null";"null";22/12/2022;30/12/2027;30/12/2027;"null";1,00;"01";"مشروع";"Projet";0,39;4,61;7,80;0;false;null;null;null
3 277,00;1 562,00;"Centre de lutte contre les maladies cancéreuses à Gabes";"P26155";"Centre de lutte contre les maladies cancéreuses à Gabes";null;null;"null";"null";"null";"null";null;37,00;"TND";"TND";40,00;129,00;"Chine";"Chine";"Chine (231)";"null";11,00;null;"CN01";2,00;"02";"هبة";"Don";"Donation";null;"null";"null";"null";"null";null;"null";"null";"null";"null";40,00;37,00;"TND";"TND";"Tunisian Dinar";"Dinar Tunisien";"null";1,00;40,00;"null";null;false;06/05/2026 14:25;null;"null";"null";"null";null;null;"null";"null";"null";31/05/2024;31/12/2027;31/12/2027;"null";1,00;"01";"مشروع";"Projet";0,00;40,00;0,00;0;false;null;null;null
3 316,00;1 602,00;"SUIDAR";"P26186";"SUIDAR";null;null;"null";"null";"null";"null";5,20;39,00;"EUR";"€";null;127,00;"UE";"الاتحاد الأوروبي";"Union Européenne";"null";124,00;null;"ENI/2022/425-501";2,00;"02";"هبة";"Don";"Donation";null;"null";"null";"null";"null";null;"null";"null";"null";"null";5,20;39,00;"EUR";"€";"Euro";"Euro";"null";3,35;17,64;"null";null;false;11/05/2026 14:23;null;"null";"null";"null";null;null;"null";"null";"null";15/11/2022;14/11/2026;14/11/2026;"null";1,00;"01";"مشروع";"Projet";0,40;4,80;7,69;0;false;null;null;null
3 278,00;1 564,00;"Financement de la participation de la République Tunisienne au capital de l'Agence pour l'Assurance du Commerce en Afrique (ATIDI)";"P26157";"Financement de la participation de la République Tunisienne au capital de l'Agence pour l'Assurance du Commerce en Afrique (ATIDI)";null;null;"null";"null";"null";"null";null;39,00;"EUR";"€";null;46,00;"KFW";"بنك التنمية الألماني ";"Banque allemande de développement (Kreditanstalt für Wiederaufbau)";"null";10,00;null;"BMZ-No.2020.68.872";2,00;"02";"هبة";"Don";"Donation";null;"null";"null";"null";"null";null;"null";"null";"null";"null";10,50;39,00;"EUR";"€";"Euro";"Euro";"null";3,39;35,62;"null";null;false;06/05/2026 14:36;null;"null";"null";"null";null;null;"null";"null";"null";11/12/2024;30/12/2027;30/12/2027;"null";1,00;"01";"مشروع";"Projet";0,00;10,50;0,00;0;false;null;null;null
3 280,00;1 563,00;"Programme d'assainissement rural 4 ième tranche ( PAR4)";"P26156";"Programme d'assainissement rural 4 ième tranche ( PAR4)";null;null;"null";"null";"null";"null";51,00;39,00;"EUR";"€";null;31,00;"AFD";"وكالة التنمية الفرنسية";"Agence Française de Développement";"null";10,00;null;"CTN12601";1,00;"01";"قرض";"Prêt";"Prêt";null;"null";"null";"null";"null";null;"null";"null";"null";"null";50,00;39,00;"EUR";"€";"Euro";"Euro";"null";3,14;157,03;"null";null;false;06/05/2026 14:32;null;"null";"null";"null";null;null;"null";"null";"null";24/09/2019;30/09/2025;30/09/2025;"null";1,00;"01";"مشروع";"Projet";50,00;0,00;100,00;0;false;null;null;null
3 281,00;1 565,00;"Programme de stockage de l'eau et de la protection contre les inondations en Tunisie Mesures d'Accompagnement";"P26158";"Programme de stockage de l'eau et de la protection contre les inondations en Tunisie ";null;null;"null";"null";"null";"null";null;39,00;"EUR";"€";null;46,00;"KFW";"بنك التنمية الألماني ";"Banque allemande de développement (Kreditanstalt für Wiederaufbau)";"null";10,00;null;"BMZ-No.2018.702.52";2,00;"02";"هبة";"Don";"Donation";null;"null";"null";"null";"null";null;"null";"null";"null";"null";5,00;39,00;"EUR";"€";"Euro";"Euro";"null";3,39;16,96;"null";null;false;06/05/2026 14:45;null;"null";"null";"null";null;null;"null";"null";"null";08/12/2020;01/12/2026;01/12/2026;"null";1,00;"01";"مشروع";"Projet";0,59;4,41;11,80;0;false;null;null;null
3 279,00;1 565,00;"Programme de stockage de l'eau et de la protection contre les inondations en Tunisie ";"P26158";"Programme de stockage de l'eau et de la protection contre les inondations en Tunisie ";null;null;"null";"null";"null";"null";null;39,00;"EUR";"€";null;46,00;"KFW";"بنك التنمية الألماني ";"Banque allemande de développement (Kreditanstalt für Wiederaufbau)";"null";10,00;null;"BMZ-No.2015.68.708";1,00;"01";"قرض";"Prêt";"Prêt";null;"null";"null";"null";"null";null;"null";"null";"null";"null";111,00;39,00;"EUR";"€";"Euro";"Euro";"null";3,39;376,51;"null";null;false;06/05/2026 14:45;null;"null";"null";"null";null;null;"null";"null";"null";08/12/2020;01/12/2026;01/12/2026;"null";1,00;"01";"مشروع";"Projet";28,27;82,73;25,47;0;false;null;null;null
3 285,00;1 566,00;"Fonds de mise à niveau des systèmes d'eau en milieu rural Mesures d'Accompagnement";"P26159";"Fonds de mise à niveau des systèmes d'eau en milieu rural";null;null;"null";"null";"null";"null";null;39,00;"EUR";"€";null;46,00;"KFW";"بنك التنمية الألماني ";"Banque allemande de développement (Kreditanstalt für Wiederaufbau)";"null";10,00;null;"BMZ000000000";2,00;"02";"هبة";"Don";"Donation";null;"null";"null";"null";"null";null;"null";"null";"null";"null";2,50;39,00;"EUR";"€";"Euro";"Euro";"null";3,39;8,48;"null";null;false;06/05/2026 15:23;null;"null";"null";"null";null;null;"null";"null";"null";19/12/2017;31/12/2027;31/12/2027;"null";1,00;"01";"مشروع";"Projet";2,50;0,00;100,00;0;false;null;null;null
3 284,00;1 566,00;"Fonds de mise à niveau des systèmes d'eau en milieu rural";"P26159";"Fonds de mise à niveau des systèmes d'eau en milieu rural";null;null;"null";"null";"null";"null";null;39,00;"EUR";"€";null;46,00;"KFW";"بنك التنمية الألماني ";"Banque allemande de développement (Kreditanstalt für Wiederaufbau)";"null";10,00;null;"BMZ-2013.67.077";1,00;"01";"قرض";"Prêt";"Prêt";null;"null";"null";"null";"null";null;"null";"null";"null";"null";10,00;39,00;"EUR";"€";"Euro";"Euro";"null";3,39;33,92;"null";null;false;06/05/2026 15:23;null;"null";"null";"null";null;null;"null";"null";"null";19/12/2017;31/12/2024;31/12/2027;"null";1,00;"01";"مشروع";"Projet";7,14;2,86;71,40;2;false;null;null;null
3 286,00;1 567,00;"Programme National d'Assainissement des QuartiersPopulaires -""PNAQP6""";"P26160";"Programme National d'Assainissement des QuartiersPopulaires -""PNAQP6""";null;null;"null";"null";"null";"null";60,00;39,00;"EUR";"€";203,52;31,00;"AFD";"وكالة التنمية الفرنسية";"Agence Française de Développement";"null";10,00;null;"CTN131801";1,00;"01";"قرض";"Prêt";"Prêt";null;"null";"null";"null";"null";4,00;"04";"قرض معار";"Souverain - Retrocédé";"Retrocédé";50,00;39,00;"EUR";"€";"Euro";"Euro";"null";3,39;169,60;"null";null;false;07/05/2026 09:10;null;"null";"null";"null";null;null;"null";"null";"null";25/06/2024;31/12/2029;31/12/2029;"null";1,00;"01";"مشروع";"Projet";10,00;40,00;20,00;0;false;null;null;null
3 287,00;1 568,00;"PROVILLE 2-PROGRAMME APPUI POLITIQUE DE LA VILLE";"P26161";"PROVILLE 2-PROGRAMME APPUI POLITIQUE DE LA VILLE";null;null;"null";"null";"null";"null";235,00;39,00;"EUR";"€";627,52;31,00;"AFD";"وكالة التنمية الفرنسية";"Agence Française de Développement";"null";10,00;null;"CTN122101";1,00;"01";"قرض";"Prêt";"Prêt";null;"null";"null";"null";"null";4,00;"04";"قرض معار";"Souverain - Retrocédé";"Retrocédé";77,00;39,00;"EUR";"€";"Euro";"Euro";"null";3,39;261,18;"null";null;false;07/05/2026 09:51;null;"null";"null";"null";null;null;"null";"null";"null";31/01/2018;31/08/2025;31/08/2025;"null";1,00;"01";"مشروع";"Projet";77,00;0,00;100,00;0;false;null;null;null
3 254,00;1 541,00;"Programme de Gestion des ressources naturelles dans les territoires vulnérables de Tunisie ""PACTE""";"P26136";"Programme de Gestion des ressources naturelles dans les territoires vulnérables de Tunisie ""PACTE""";null;null;"null";"null";"null";"null";50,00;39,00;"EUR";"€";169,60;31,00;"AFD";"وكالة التنمية الفرنسية";"Agence Française de Développement";"null";10,00;null;"CTN113001";1,00;"01";"قرض";"Prêt";"Prêt";null;"null";"null";"null";"null";null;"null";"null";"null";"null";50,00;39,00;"EUR";"€";"Euro";"Euro";"null";2,45;122,55;"null";null;false;07/05/2026 13:18;null;"null";"null";"null";null;null;"null";"null";"null";28/11/2016;30/06/2022;30/06/2025;"null";1,00;"01";"مشروع";"Projet";50,00;0,00;100,00;1;false;null;null;null
3 288,00;1 569,00;"Stratégie e-santé-APPUI PROGRAMME E-SANTé";"P26162";"Stratégie e-santé-APPUI PROGRAMME E-SANTé";null;null;"null";"null";"null";"null";27,30;39,00;"EUR";"€";27,30;31,00;"AFD";"وكالة التنمية الفرنسية";"Agence Française de Développement";"null";10,00;null;"CTN124401";1,00;"01";"قرض";"Prêt";"Prêt";null;"null";"null";"null";"null";null;"null";"null";"null";"null";27,30;39,00;"EUR";"€";"Euro";"Euro";"null";3,39;92,60;"null";null;false;07/05/2026 13:27;null;"null";"null";"null";null;null;"null";"null";"null";14/02/2019;30/09/2028;30/09/2028;"null";1,00;"01";"مشروع";"Projet";4,30;23,00;15,75;0;false;null;null;null
3 290,00;1 571,00;"Projet Dispositif Nouvelle Chance ""DNC Tunisie""";"PAT26028";"Projet Dispositif Nouvelle Chance ""DNC Tunisie""";null;null;"null";"null";"null";"null";4,00;39,00;"EUR";"€";13,57;31,00;"AFD";"وكالة التنمية الفرنسية";"Agence Française de Développement";"null";10,00;null;"CTN123402";2,00;"02";"هبة";"Don";"Donation";null;"null";"null";"null";"null";null;"null";"null";"null";"null";4,00;39,00;"EUR";"€";"Euro";"Euro";"null";3,39;13,57;"null";null;false;07/05/2026 13:44;null;"null";"null";"null";null;null;"null";"null";"null";09/05/2022;30/06/2027;30/06/2027;"null";1,00;"01";"مشروع";"Projet";0,00;4,00;0,00;0;false;null;null;null
3 289,00;1 570,00;"Qawafel";"PAT26027";"Qawafel";null;null;"null";"null";"null";"null";3,80;39,00;"EUR";"€";12,89;31,00;"AFD";"وكالة التنمية الفرنسية";"Agence Française de Développement";"null";10,00;null;"CTN1339";2,00;"02";"هبة";"Don";"Donation";null;"null";"null";"null";"null";null;"null";"null";"null";"null";3,80;39,00;"EUR";"€";"Euro";"Euro";"null";3,39;12,89;"null";null;false;07/05/2026 14:04;null;"null";"null";"null";null;null;"null";"null";"null";08/08/2023;31/12/2026;31/12/2026;"null";1,00;"01";"مشروع";"Projet";2,00;1,80;52,63;0;false;null;null;null
3 291,00;1 572,00;"Sport&Education";"PAT26029";"Sport&Education";null;null;"null";"null";"null";"null";7,00;39,00;"EUR";"€";23,74;31,00;"AFD";"وكالة التنمية الفرنسية";"Agence Française de Développement";"null";10,00;null;"CTN1353";2,00;"02";"هبة";"Don";"Donation";null;"null";"null";"null";"null";null;"null";"null";"null";"null";6,00;39,00;"EUR";"€";"Euro";"Euro";"null";3,39;20,35;"null";null;false;07/05/2026 14:21;null;"null";"null";"null";null;null;"null";"null";"null";25/06/2024;31/12/2028;31/12/2028;"null";1,00;"01";"مشروع";"Projet";0,00;6,00;0,00;0;false;null;null;null
3 292,00;1 574,00;"GREENOVI";"P26163";"GREENOVI";null;null;"null";"null";"null";"null";12,00;39,00;"EUR";"€";null;127,00;"UE";"الاتحاد الأوروبي";"Union Européenne";"null";124,00;null;"NDICI-GEO-NEAR/2022/440-504";2,00;"02";"هبة";"Don";"Donation";null;"null";"null";"null";"null";null;"null";"null";"null";"null";12,00;39,00;"EUR";"€";"Euro";"Euro";"null";3,34;40,13;"null";null;false;08/05/2026 09:22;null;"null";"null";"null";null;null;"null";"null";"null";01/01/2023;31/01/2028;31/01/2028;"null";1,00;"01";"مشروع";"Projet";7,00;5,00;58,33;0;false;null;null;null
3 293,00;1 577,00;"IRADA Youth";"P26166";"IRADA Youth";null;null;"null";"null";"null";"null";0,00;39,00;"EUR";"€";null;127,00;"UE";"الاتحاد الأوروبي";"Union Européenne";"null";124,00;null;"ENI/2022/432-935";2,00;"02";"هبة";"Don";"Donation";null;"null";"null";"null";"null";null;"null";"null";"null";"null";5,00;39,00;"EUR";"€";"Euro";"Euro";"null";3,39;16,96;"null";null;false;08/05/2026 11:25;null;"null";"null";"null";null;null;"null";"null";"null";02/06/2022;01/06/2027;01/06/2027;"null";1,00;"01";"مشروع";"Projet";0,34;4,66;6,80;0;false;null;null;null
3 294,00;1 580,00;"Science with and for youth SWAFY";"P26167";"Science with and for youth SWAFY";null;null;"null";"null";"null";"null";8,00;39,00;"EUR";"€";null;127,00;"UE";"الاتحاد الأوروبي";"Union Européenne";"null";124,00;null;"ENI/2022/432-485";2,00;"02";"هبة";"Don";"Donation";null;"null";"null";"null";"null";null;"null";"null";"null";"null";8,00;39,00;"EUR";"€";"Euro";"Euro";"null";3,39;27,14;"null";null;false;08/05/2026 14:02;null;"null";"null";"null";null;null;"null";"null";"null";02/06/2022;01/06/2026;01/06/2027;"null";1,00;"01";"مشروع";"Projet";3,61;4,39;45,13;1;false;null;null;null
3 295,00;1 581,00;"ADAPT";"P26168";"ADAPT";null;null;"null";"null";"null";"null";44,40;39,00;"EUR";"€";null;127,00;"UE";"الاتحاد الأوروبي";"Union Européenne";"null";124,00;null;"NDICI/2022/441-595";2,00;"02";"هبة";"Don";"Donation";null;"null";"null";"null";"null";null;"null";"null";"null";"null";44,40;39,00;"EUR";"€";"Euro";"Euro";"null";3,39;150,60;"null";null;false;08/05/2026 14:09;null;"null";"null";"null";null;null;"null";"null";"null";08/01/2021;07/11/2028;07/11/2028;"null";1,00;"01";"مشروع";"Projet";0,00;44,40;0,00;0;false;null;null;null
3 299,00;1 582,00;"Savoirs éco";"P26169";"Savoirs éco";null;null;"null";"null";"null";"null";4,50;39,00;"EUR";"€";4,50;127,00;"UE";"الاتحاد الأوروبي";"Union Européenne";"null";124,00;null;"ENI/2022/1";2,00;"02";"هبة";"Don";"Donation";null;"null";"null";"null";"null";null;"null";"null";"null";"null";4,50;39,00;"EUR";"€";"Euro";"Euro";"null";3,39;15,26;"null";null;false;08/05/2026 14:38;null;"null";"null";"null";null;null;"null";"null";"null";01/02/2022;31/01/2026;31/01/2026;"null";1,00;"01";"مشروع";"Projet";0,00;4,50;0,00;0;false;null;null;null
3 298,00;1 584,00;"Insertion des jeunes à travers la culture et le sport ""Maghroum'in""";"P26171";"Insertion des jeunes à travers la culture et le sport ""Maghroum'in""";null;null;"null";"null";"null";"null";15,00;39,00;"EUR";"€";null;127,00;"UE";"الاتحاد الأوروبي";"Union Européenne";"null";124,00;null;"ENI/2021/429-529";2,00;"02";"هبة";"Don";"Donation";null;"null";"null";"null";"null";null;"null";"null";"null";"null";15,00;39,00;"EUR";"€";"Euro";"Euro";"null";3,40;51,00;"null";null;false;11/05/2026 08:28;null;"null";"null";"null";null;null;"null";"null";"null";10/12/2021;10/01/2027;01/06/2027;"null";1,00;"01";"مشروع";"Projet";6,30;8,70;42,00;1;false;null;null;null
3 297,00;1 583,00;"Achèvement des études du projet d'autoroute Bousalem à la frontière algérienne";"P26170";"Achèvement des études du projet d'autoroute Bousalem à la frontière algérienne";null;null;"null";"null";"null";"null";0,30;29,00;"KWD";"KD";3,00;40,00;"FADES";"الصندوق العربي للإنماء الاقتصادي والاجتماعي";"Fonds Arabe pour le Développement Economique et Social";"null";8,00;null;"03/2013";2,00;"02";"هبة";"Don";"Donation";null;"null";"null";"null";"null";null;"null";"null";"null";"null";0,30;29,00;"KWD";"KD";"Kuwaiti Dinar";"Dinar Koweitien";"null";9,98;3,00;"null";null;false;11/05/2026 08:35;null;"null";"null";"null";null;null;"null";"null";"null";27/03/2013;27/03/2014;31/12/2026;"null";1,00;"01";"مشروع";"Projet";0,27;0,03;90,00;1;false;null;null;null
3 300,00;1 585,00;"Contribuer à couvrir le coût du programme d'économie d'eau dans le sud tunisien";"P26172";"Contribuer à couvrir le coût du programme d'économie d'eau dans le sud tunisien";null;null;"null";"null";"null";"null";3,00;37,00;"KWD";"KD";3,00;40,00;"FADES";"الصندوق العربي للإنماء الاقتصادي والاجتماعي";"Fonds Arabe pour le Développement Economique et Social";"null";8,00;null;"16/2016";2,00;"02";"هبة";"Don";"Donation";null;"null";"null";"null";"null";null;"null";"null";"null";"null";0,30;29,00;"KWD";"KD";"Kuwaiti Dinar";"Dinar Koweitien";"null";9,98;3,00;"null";null;false;11/05/2026 08:39;null;"null";"null";"null";null;null;"null";"null";"null";30/11/2016;30/11/2016;30/11/2016;"null";1,00;"01";"مشروع";"Projet";0,29;0,01;96,67;0;false;null;null;null
3 301,00;1 586,00;"Etude du projet d'autoroute Mejez El-Bab El-Kef";"P26173";"Etude du projet d'autoroute Mejez El-Bab El-Kef";null;null;"null";"null";"null";"null";3,00;37,00;"KWD";"KD";3,00;40,00;"FADES";"الصندوق العربي للإنماء الاقتصادي والاجتماعي";"Fonds Arabe pour le Développement Economique et Social";"null";8,00;null;"02/2018";2,00;"02";"هبة";"Don";"Donation";null;"null";"null";"null";"null";null;"null";"null";"null";"null";0,30;29,00;"KWD";"KD";"Kuwaiti Dinar";"Dinar Koweitien";"null";9,98;3,00;"null";null;false;11/05/2026 08:50;null;"null";"null";"null";null;null;"null";"null";"null";28/02/2018;28/02/2019;31/12/2026;"null";1,00;"01";"مشروع";"Projet";0,15;0,15;50,00;1;false;null;null;null
3 302,00;1 587,00;"Financement pour l'acquisition d'équipements médicaux";"P26174";"Financement pour l'acquisition d'équipements médicaux";null;null;"null";"null";"null";"null";3,00;37,00;"KWD";"KD";3,00;40,00;"FADES";"الصندوق العربي للإنماء الاقتصادي والاجتماعي";"Fonds Arabe pour le Développement Economique et Social";"null";8,00;null;"08-2023";2,00;"02";"هبة";"Don";"Donation";null;"null";"null";"null";"null";null;"null";"null";"null";"null";0,30;29,00;"KWD";"KD";"Kuwaiti Dinar";"Dinar Koweitien";"null";9,98;3,00;"null";null;false;11/05/2026 08:55;null;"null";"null";"null";null;null;"null";"null";"null";29/04/2023;29/04/2024;29/04/2024;"null";1,00;"01";"مشروع";"Projet";0,30;0,00;100,00;0;false;null;null;null
3 303,00;1 588,00;"Rawafed +";"P26175";"Rawafed +";null;null;"null";"null";"null";"null";8,90;39,00;"EUR";"€";null;127,00;"UE";"الاتحاد الأوروبي";"Union Européenne";"null";124,00;null;"ENI/2024/2";2,00;"02";"هبة";"Don";"Donation";null;"null";"null";"null";"null";null;"null";"null";"null";"null";8,90;39,00;"EUR";"€";"Euro";"Euro";"null";3,39;30,19;"null";null;false;11/05/2026 08:56;null;"null";"null";"null";null;null;"null";"null";"null";01/07/2024;30/06/2028;30/06/2028;"null";1,00;"01";"مشروع";"Projet";0,00;8,90;0,00;0;false;null;null;null
3 304,00;1 590,00;"Appui à la Cour des Comptes";"P26177";"Appui à la Cour des Comptes";null;null;"null";"null";"null";"null";2,00;39,00;"EUR";"€";null;127,00;"UE";"الاتحاد الأوروبي";"Union Européenne";"null";124,00;null;"ENI/2022/3";2,00;"02";"هبة";"Don";"Donation";null;"null";"null";"null";"null";null;"null";"null";"null";"null";2,00;39,00;"EUR";"€";"Euro";"Euro";"null";3,39;6,78;"null";null;false;11/05/2026 09:17;null;"null";"null";"null";null;null;"null";"null";"null";01/02/2022;31/03/2026;31/03/2026;"null";1,00;"01";"مشروع";"Projet";0,00;2,00;0,00;0;false;null;null;null
3 305,00;1 589,00;"Promotion de l'économie sociale et solidaire et création d'emploi décents ""Jeun'ESS""";"P26176";"Promotion de l'économie sociale et solidaire et création d'emploi décents ""Jeun'ESS""";null;null;"null";"null";"null";"null";9,00;39,00;"EUR";"€";null;127,00;"UE";"الاتحاد الأوروبي";"Union Européenne";"null";124,00;null;"ENI/2019/408-330";2,00;"02";"هبة";"Don";"Donation";null;"null";"null";"null";"null";null;"null";"null";"null";"null";9,00;39,00;"EUR";"€";"Euro";"Euro";"null";3,39;30,53;"null";null;false;11/05/2026 09:26;null;"null";"null";"null";null;null;"null";"null";"null";01/10/2021;30/09/2024;10/01/2026;"null";1,00;"01";"مشروع";"Projet";8,96;0,04;99,56;1;false;null;null;null
3 306,00;1 591,00;"Assistance Technique PAGE";"PAT26030";"Assistance Technique PAGE";null;null;"null";"null";"null";"null";1,00;39,00;"EUR";"€";null;127,00;"UE";"الاتحاد الأوروبي";"Union Européenne";"null";124,00;null;"ENI/2024/4";2,00;"02";"هبة";"Don";"Donation";null;"null";"null";"null";"null";null;"null";"null";"null";"null";1,00;39,00;"EUR";"€";"Euro";"Euro";"null";3,39;3,39;"null";null;false;11/05/2026 09:34;null;"null";"null";"null";null;null;"null";"null";"null";01/09/2024;01/01/2027;01/01/2027;"null";1,00;"01";"مشروع";"Projet";0,00;1,00;0,00;0;false;null;null;null
3 307,00;1 593,00;"PAMT2";"P26179";"PAMT2";null;null;"null";"null";"null";"null";9,15;39,00;"EUR";"€";null;127,00;"UE";"الاتحاد الأوروبي";"Union Européenne";"null";124,00;null;"ENI/2021/5";2,00;"02";"هبة";"Don";"Donation";null;"null";"null";"null";"null";null;"null";"null";"null";"null";9,15;39,00;"EUR";"€";"Euro";"Euro";"null";3,39;31,04;"null";null;false;11/05/2026 09:53;null;"null";"null";"null";null;null;"null";"null";"null";01/02/2021;31/03/2026;31/03/2026;"null";1,00;"01";"مشروع";"Projet";0,00;9,15;0,00;0;false;null;null;null
3 309,00;1 594,00;"Analyses économiques";"P26180";"Analyses économiques";null;null;"null";"null";"null";"null";2,50;39,00;"EUR";"€";null;127,00;"UE";"الاتحاد الأوروبي";"Union Européenne";"null";124,00;null;"Eni/2021/6";2,00;"02";"هبة";"Don";"Donation";null;"null";"null";"null";"null";null;"null";"null";"null";"null";2,50;39,00;"EUR";"€";"Euro";"Euro";"null";3,39;8,48;"null";null;false;11/05/2026 10:00;null;"null";"null";"null";null;null;"null";"null";"null";01/12/2020;29/02/2024;29/02/2024;"null";1,00;"01";"مشروع";"Projet";0,00;2,50;0,00;0;false;null;null;null
3 310,00;1 595,00;"Redevab";"P26181";"Redevab";null;null;"null";"null";"null";"null";4,60;39,00;"EUR";"€";null;127,00;"UE";"الاتحاد الأوروبي";"Union Européenne";"null";124,00;null;"ENI/2024/7";2,00;"02";"هبة";"Don";"Donation";null;"null";"null";"null";"null";null;"null";"null";"null";"null";4,60;39,00;"EUR";"€";"Euro";"Euro";"null";3,39;15,60;"null";null;false;11/05/2026 10:04;null;"null";"null";"null";null;null;"null";"null";"null";01/07/2024;30/06/2028;30/06/2028;"null";1,00;"01";"مشروع";"Projet";0,00;4,60;0,00;0;false;null;null;null
3 312,00;1 598,00;"Achèvement de l'étude complémentaire relative au projet de développement et d'amélioration du salar de Sejoumi";"P26183";"Achèvement de l'étude complémentaire relative au projet de développement et d'amélioration du salar de Sejoumi";null;null;"null";"null";"null";"null";3,00;37,00;"KWD";"KD";3,00;40,00;"FADES";"الصندوق العربي للإنماء الاقتصادي والاجتماعي";"Fonds Arabe pour le Développement Economique et Social";"null";8,00;null;"15/2023";2,00;"02";"هبة";"Don";"Donation";null;"null";"null";"null";"null";null;"null";"null";"null";"null";0,30;29,00;"KWD";"KD";"Kuwaiti Dinar";"Dinar Koweitien";"null";9,98;3,00;"null";null;false;11/05/2026 10:24;null;"null";"null";"null";null;null;"null";"null";"null";07/08/2023;07/08/2024;31/12/2027;"null";1,00;"01";"مشروع";"Projet";0,04;0,26;13,33;1;false;null;null;null
3 313,00;1 599,00;"Financement des coûts de préparation d'une étude pour l'évaluation des bâtiments anciens et délabrés du vieux centre urbain à Tunis";"P26184";"Financement des coûts de préparation d'une étude pour l'évaluation des bâtiments anciens et délabrés du vieux centre urbain à Tunis";null;null;"null";"null";"null";"null";0,15;29,00;"KWD";"KD";1,50;40,00;"FADES";"الصندوق العربي للإنماء الاقتصادي والاجتماعي";"Fonds Arabe pour le Développement Economique et Social";"null";8,00;null;"08/2025";2,00;"02";"هبة";"Don";"Donation";null;"null";"null";"null";"null";null;"null";"null";"null";"null";0,15;29,00;"KWD";"KD";"Kuwaiti Dinar";"Dinar Koweitien";"null";9,98;1,50;"null";null;false;11/05/2026 10:34;null;"null";"null";"null";null;null;"null";"null";"null";09/04/2025;07/04/2026;31/12/2027;"null";1,00;"01";"مشروع";"Projet";0,00;0,15;0,00;1;false;null;null;null
3 314,00;1 600,00;"Subvention CPSCL : Appui financier aux communes";"P26185";"Subvention CPSCL : Appui financier aux communes";null;null;"null";"null";"null";"null";55,00;39,00;"EUR";"€";null;127,00;"UE";"الاتحاد الأوروبي";"Union Européenne";"null";124,00;null;"ENI/2019/411-533";2,00;"02";"هبة";"Don";"Donation";null;"null";"null";"null";"null";null;"null";"null";"null";"null";55,00;39,00;"EUR";"€";"Euro";"Euro";"null";3,39;186,56;"null";null;false;11/05/2026 11:00;null;"null";"null";"null";null;null;"null";"null";"null";23/12/2019;23/12/2024;02/06/2027;"null";1,00;"01";"مشروع";"Projet";46,00;9,00;83,64;1;false;null;null;null
3 317,00;1 603,00;"Mise en Œuvre du FMCG et renforcement du rôle de la FNCT dans l’appui aux communes : subvention à la FNCT";"P26187";"Mise en Œuvre du FMCG et renforcement du rôle de la FNCT dans l’appui aux communes : subvention à la FNCT";null;null;"null";"null";"null";"null";6,50;39,00;"EUR";"€";null;127,00;"UE";"الاتحاد الأوروبي";"Union Européenne";"null";124,00;null;"ENI/2019/411-";2,00;"02";"هبة";"Don";"Donation";null;"null";"null";"null";"null";null;"null";"null";"null";"null";6,50;39,00;"EUR";"€";"Euro";"Euro";"null";3,39;22,05;"null";null;false;11/05/2026 14:52;null;"null";"null";"null";null;null;"null";"null";"null";02/06/2022;01/06/2027;01/06/2027;"null";1,00;"01";"مشروع";"Projet";2,00;4,50;30,77;0;false;null;null;null
3 319,00;1 605,00;"EMNA";"P26188";"EMNA";null;null;"null";"null";"null";"null";2,30;39,00;"EUR";"€";null;127,00;"UE";"الاتحاد الأوروبي";"Union Européenne";"null";124,00;null;"ENI/2021/428-588";2,00;"02";"هبة";"Don";"Donation";null;"null";"null";"null";"null";null;"null";"null";"null";"null";2,30;39,00;"EUR";"€";"Euro";"Euro";"null";3,26;7,50;"null";null;false;11/05/2026 15:10;null;"null";"null";"null";null;null;"null";"null";"null";15/12/2021;30/06/2026;30/06/2026;"null";1,00;"01";"مشروع";"Projet";0,00;2,30;0,00;0;false;null;null;null
3 318,00;1 601,00;"Assistance technique et institutionnelle aux communes";"PAT26031";"Assistance technique et institutionnelle aux communes";null;null;"null";"null";"null";"null";5,00;39,00;"EUR";"€";null;127,00;"UE";"الاتحاد الأوروبي";"Union Européenne";"null";124,00;null;"AT-UE";2,00;"02";"هبة";"Don";"Donation";null;"null";"null";"null";"null";null;"null";"null";"null";"null";5,00;39,00;"EUR";"€";"Euro";"Euro";"null";3,39;16,96;"null";null;false;11/05/2026 15:23;null;"null";"null";"null";null;null;"null";"null";"null";02/06/2022;02/06/2025;02/06/2025;"null";1,00;"01";"مشروع";"Projet";2,27;2,73;45,40;0;false;null;null;null
3 315,00;1 601,00;"Assistance technique et institutionnelle aux communes";"PAT26031";"Assistance technique et institutionnelle aux communes";null;null;"null";"null";"null";"null";5,00;39,00;"EUR";"€";null;127,00;"UE";"الاتحاد الأوروبي";"Union Européenne";"null";124,00;null;"ENI/AT";2,00;"02";"هبة";"Don";"Donation";null;"null";"null";"null";"null";null;"null";"null";"null";"null";5,00;39,00;"EUR";"€";"Euro";"Euro";"null";3,39;16,96;"null";null;false;11/05/2026 15:23;null;"null";"null";"null";null;null;"null";"null";"null";03/02/2025;01/06/2027;01/06/2027;"null";1,00;"01";"مشروع";"Projet";0,00;5,00;0,00;0;false;null;null;null
3 321,00;1 608,00;"IPDLI-OIT";"P26190";"IPDLI-OIT";null;null;"null";"null";"null";"null";11,68;39,00;"EUR";"€";null;127,00;"UE";"الاتحاد الأوروبي";"Union Européenne";"null";124,00;null;"ENI/2017/390-535";2,00;"02";"هبة";"Don";"Donation";null;"null";"null";"null";"null";null;"null";"null";"null";"null";11,68;39,00;"EUR";"€";"Euro";"Euro";"null";3,39;39,60;"null";null;false;11/05/2026 16:20;null;"null";"null";"null";null;null;"null";"null";"null";26/11/2017;25/11/2021;10/11/2025;"null";1,00;"01";"مشروع";"Projet";11,68;0,01;100,00;2;false;null;null;null
3 324,00;1 611,00;"SILA";"P26193";"SILA";null;null;"null";"null";"null";"null";6,00;39,00;"EUR";"€";null;127,00;"UE";"الاتحاد الأوروبي";"Union Européenne";"null";124,00;null;"ENI/2022/436-955";2,00;"02";"هبة";"Don";"Donation";null;"null";"null";"null";"null";null;"null";"null";"null";"null";6,00;39,00;"EUR";"€";"Euro";"Euro";"null";3,31;19,87;"null";null;false;12/05/2026 09:30;null;"null";"null";"null";null;null;"null";"null";"null";29/12/2022;31/07/2027;31/07/2027;"null";1,00;"01";"مشروع";"Projet";3,30;2,70;55,00;0;false;null;null;null
3 323,00;1 610,00;"Mécanisme de financement des actions  climatiques au niveau local ""LOCAL Tunisie""";"P26192";"Mécanisme de financement des actions  climatiques au niveau local ""LOCAL Tunisie""";null;null;"null";"null";"null";"null";13,00;39,00;"EUR";"€";null;127,00;"UE";"الاتحاد الأوروبي";"Union Européenne";"null";124,00;null;"NDICI-GEO-NEAR/2023/438-605";2,00;"02";"هبة";"Don";"Donation";null;"null";"null";"null";"null";null;"null";"null";"null";"null";13,00;39,00;"EUR";"€";"Euro";"Euro";"null";3,39;44,10;"null";null;false;12/05/2026 09:35;null;"null";"null";"null";null;null;"null";"null";"null";27/02/2023;26/02/2028;26/02/2028;"null";1,00;"01";"مشروع";"Projet";0,00;13,00;0,00;0;false;null;null;null
3 322,00;1 609,00;"Projet d’appui à la valorisation du patrimoine culturel tunisien ""Patrimoine 3000""";"P26191";"Projet d’appui à la valorisation du patrimoine culturel tunisien ""Patrimoine 3000""";null;null;"null";"null";"null";"null";19,00;39,00;"EUR";"€";null;127,00;"UE";"الاتحاد الأوروبي";"Union Européenne";"null";124,00;null;"ENI/2018/041-375";2,00;"02";"هبة";"Don";"Donation";null;"null";"null";"null";"null";null;"null";"null";"null";"null";19,50;39,00;"EUR";"€";"Euro";"Euro";"null";3,39;66,14;"null";null;false;12/05/2026 09:36;null;"null";"null";"null";null;null;"null";"null";"null";01/08/2019;31/07/2024;31/07/2027;"null";1,00;"01";"مشروع";"Projet";12,00;7,50;61,54;1;false;null;null;null
3 320,00;1 607,00;"Appui à la communalisation intégrale ""PACI""";"P26189";"Appui à la communalisation intégrale ""PACI""";null;null;"null";"null";"null";"null";39,50;39,00;"EUR";"€";null;127,00;"UE";"الاتحاد الأوروبي";"Union Européenne";"null";124,00;null;"ENI/2017/392-333";2,00;"02";"هبة";"Don";"Donation";null;"null";"null";"null";"null";null;"null";"null";"null";"null";39,50;39,00;"EUR";"€";"Euro";"Euro";"null";3,39;133,98;"null";null;false;12/05/2026 09:36;null;"null";"null";"null";null;null;"null";"null";"null";20/12/2017;19/12/2022;30/06/2028;"null";1,00;"01";"مشروع";"Projet";30,00;9,50;75,95;2;false;null;null;null
3 311,00;1 596,00;"Projet de soutien à l'employabilité des jeunes GO4YOUTH";"P26182";"Projet de soutien à l'employabilité des jeunes GO4YOUTH";null;null;"null";"null";"null";"null";10,00;39,00;"EUR";"€";null;127,00;"UE";"الاتحاد الأوروبي";"Union Européenne";"null";124,00;null;"ENI/2022/432-";2,00;"02";"هبة";"Don";"Donation";null;"null";"null";"null";"null";null;"null";"null";"null";"null";10,00;39,00;"EUR";"€";"Euro";"Euro";"null";3,39;33,92;"null";null;false;12/05/2026 09:37;null;"null";"null";"null";null;null;"null";"null";"null";02/06/2022;31/12/2025;31/12/2025;"null";1,00;"01";"مشروع";"Projet";10,00;0,00;100,00;0;false;null;null;null
3 308,00;1 592,00;"Participation des jeunes dans les politiques publiques ""Fe3il(a)""";"P26178";"Participation des jeunes dans les politiques publiques ""Fe3il(a)""";null;null;"null";"null";"null";"null";9,00;39,00;"EUR";"€";null;127,00;"UE";"الاتحاد الأوروبي";"Union Européenne";"null";124,00;null;"ENI/2022/432";2,00;"02";"هبة";"Don";"Donation";null;"null";"null";"null";"null";null;"null";"null";"null";"null";9,00;39,00;"EUR";"€";"Euro";"Euro";"null";3,39;30,53;"null";null;false;12/05/2026 09:38;null;"null";"null";"null";null;null;"null";"null";"null";02/06/2022;01/06/2026;01/06/2026;"null";1,00;"01";"مشروع";"Projet";8,00;1,00;88,89;0;false;null;null;null
3 325,00;1 612,00;"DEFI";"P26194";"DEFI";null;null;"null";"null";"null";"null";7,50;39,00;"EUR";"€";null;127,00;"UE";"الاتحاد الأوروبي";"Union Européenne";"null";124,00;null;"ENI/2023/442-673";2,00;"02";"هبة";"Don";"Donation";null;"null";"null";"null";"null";null;"null";"null";"null";"null";7,50;39,00;"EUR";"€";"Euro";"Euro";"null";3,38;25,32;"null";null;false;12/05/2026 09:42;null;"null";"null";"null";null;null;"null";"null";"null";01/09/2023;30/08/2028;30/08/2028;"null";1,00;"01";"مشروع";"Projet";4,00;3,50;53,33;0;false;null;null;null
3 329,00;1 614,00;"FCT";"P26196";"FCT";null;null;"null";"null";"null";"null";13,00;39,00;"EUR";"€";null;127,00;"UE";"الاتحاد الأوروبي";"Union Européenne";"null";124,00;null;"NDICI-GEO-NEAR/2022/ACT-60756";2,00;"02";"هبة";"Don";"Donation";null;"null";"null";"null";"null";null;"null";"null";"null";"null";13,00;39,00;"EUR";"€";"Euro";"Euro";"null";3,36;43,68;"null";null;false;12/05/2026 11:01;null;"null";"null";"null";null;null;"null";"null";"null";24/04/2023;23/04/2029;23/04/2029;"null";1,00;"01";"مشروع";"Projet";9,75;3,25;75,00;0;false;null;null;null
3 327,00;1 613,00;"sécurité alimentaire";"P26195";"sécurité alimentaire";null;null;"null";"null";"null";"null";25,00;39,00;"EUR";"€";null;127,00;"UE";"الاتحاد الأوروبي";"Union Européenne";"null";124,00;null;" NDICI/2022/441-595";2,00;"02";"هبة";"Don";"Donation";null;"null";"null";"null";"null";null;"null";"null";"null";"null";25,00;39,00;"EUR";"€";"Euro";"Euro";"null";3,31;82,78;"null";null;false;12/05/2026 11:12;null;"null";"null";"null";null;null;"null";"null";"null";27/12/2022;26/12/2027;26/12/2027;"null";1,00;"01";"مشروع";"Projet";20,00;5,00;80,00;0;false;null;null;null
3 328,00;1 615,00;"irada";"P26197";"irada";null;null;"null";"null";"null";"null";32,00;37,00;"EUR";"€";null;127,00;"UE";"الاتحاد الأوروبي";"Union Européenne";"null";124,00;null;"ENI/2015/038-411";2,00;"02";"هبة";"Don";"Donation";null;"null";"null";"null";"null";null;"null";"null";"null";"null";32,00;39,00;"EUR";"€";"Euro";"Euro";"null";2,21;70,67;"null";null;false;12/05/2026 11:19;null;"null";"null";"null";null;null;"null";"null";"null";15/12/2015;14/12/2025;14/12/2025;"null";1,00;"01";"مشروع";"Projet";24,00;8,00;75,00;0;false;null;null;null
3 330,00;1 616,00;"essaha aziza";"P26198";"essaha aziza";null;null;"null";"null";"null";"null";70,00;39,00;"EUR";"€";null;127,00;"UE";"الاتحاد الأوروبي";"Union Européenne";"null";124,00;null;"eni/2016/39819";2,00;"02";"هبة";"Don";"Donation";null;"null";"null";"null";"null";null;"null";"null";"null";"null";70,00;39,00;"EUR";"€";"Euro";"Euro";"null";2,91;203,81;"null";null;false;12/05/2026 11:23;null;"null";"null";"null";null;null;"null";"null";"null";29/09/2017;28/09/2026;28/09/2026;"null";1,00;"01";"مشروع";"Projet";42,28;27,72;60,40;0;false;null;null;null
3 332,00;1 619,00;"medfishtun";"P26200";"medfishtun";null;null;"null";"null";"null";"null";6,00;39,00;"EUR";"€";null;127,00;"UE";"الاتحاد الأوروبي";"Union Européenne";"null";124,00;null;"eni/2017/404-297";2,00;"02";"هبة";"Don";"Donation";null;"null";"null";"null";"null";null;"null";"null";"null";"null";6,00;39,00;"EUR";"€";"Euro";"Euro";"null";3,42;20,50;"null";null;false;12/05/2026 14:36;null;"null";"null";"null";null;null;"null";"null";"null";27/12/2018;31/10/2025;31/12/2027;"null";1,00;"01";"مشروع";"Projet";4,30;1,70;71,67;1;false;null;null;null
3 333,00;1 620,00;"primea";"P26201";"primea";null;null;"null";"null";"null";"null";4,00;39,00;"EUR";"€";null;127,00;"UE";"الاتحاد الأوروبي";"Union Européenne";"null";124,00;null;"eni/2018/404-417";2,00;"02";"هبة";"Don";"Donation";null;"null";"null";"null";"null";null;"null";"null";"null";"null";4,00;39,00;"EUR";"€";"Euro";"Euro";"null";3,42;13,67;"null";null;false;12/05/2026 14:45;null;"null";"null";"null";null;null;"null";"null";"null";27/12/2018;31/12/2025;31/12/2027;"null";1,00;"01";"مشروع";"Projet";2,10;1,90;52,50;1;false;null;null;null
3 334,00;1 621,00;"insadder";"P26202";"insadder";null;null;"null";"null";"null";"null";7,25;39,00;"EUR";"€";null;127,00;"UE";"الاتحاد الأوروبي";"Union Européenne";"null";124,00;null;"eni/2019/410-052";2,00;"02";"هبة";"Don";"Donation";null;"null";"null";"null";"null";null;"null";"null";"null";"null";7,25;39,00;"EUR";"€";"Euro";"Euro";"null";3,15;22,87;"null";null;false;12/05/2026 14:52;null;"null";"null";"null";null;null;"null";"null";"null";19/12/2019;13/11/2025;13/11/2027;"null";1,00;"01";"مشروع";"Projet";5,00;2,25;68,97;1;false;null;null;null
3 335,00;1 622,00;"pace amit";"P26203";"pace amit";null;null;"null";"null";"null";"null";10,60;39,00;"EUR";"€";null;127,00;"UE";"الاتحاد الأوروبي";"Union Européenne";"null";124,00;null;"ENI/2021/428-148";2,00;"02";"هبة";"Don";"Donation";null;"null";"null";"null";"null";null;"null";"null";"null";"null";10,60;39,00;"EUR";"€";"Euro";"Euro";"null";3,28;34,80;"null";null;false;12/05/2026 14:59;null;"null";"null";"null";null;null;"null";"null";"null";12/11/2021;15/11/2025;15/11/2026;"null";1,00;"01";"مشروع";"Projet";10,20;0,40;96,23;1;false;null;null;null
3 331,00;1 618,00;"ASCO";"P26199";"ASCO";null;null;"null";"null";"null";"null";6,00;39,00;"EUR";"€";null;127,00;"UE";"الاتحاد الأوروبي";"Union Européenne";"null";124,00;null;"eni/2018/404-352";2,00;"02";"هبة";"Don";"Donation";null;"null";"null";"null";"null";null;"null";"null";"null";"null";6,00;39,00;"EUR";"€";"Euro";"Euro";"null";3,20;19,18;"null";null;false;12/05/2026 15:28;null;"null";"null";"null";null;null;"null";"null";"null";01/08/2019;31/07/2023;31/07/2026;"null";1,00;"01";"مشروع";"Projet";0,00;6,00;0,00;2;false;null;null;null
3 337,00;1 623,00;"Financement des concours de projets verts";"P26204";"Financement des concours de projets verts";null;null;"null";"null";"null";"null";0,15;29,00;"KWD";"KD";null;40,00;"FADES";"الصندوق العربي للإنماء الاقتصادي والاجتماعي";"Fonds Arabe pour le Développement Economique et Social";"null";8,00;null;"2024-GCI-4";2,00;"02";"هبة";"Don";"Donation";null;"null";"null";"null";"null";null;"null";"null";"null";"null";0,15;29,00;"KWD";"KD";"Kuwaiti Dinar";"Dinar Koweitien";"null";9,98;1,50;"null";null;false;13/05/2026 06:56;null;"null";"null";"null";null;null;"null";"null";"null";16/01/2024;30/06/2026;30/06/2026;"null";1,00;"01";"مشروع";"Projet";0,03;0,12;20,00;0;false;null;null;null
3 338,00;1 627,00;"PAITT";"P26208";"PAITT";null;null;"null";"null";"null";"null";20,00;39,00;"EUR";"€";null;127,00;"UE";"الاتحاد الأوروبي";"Union Européenne";"null";124,00;null;"ENI/2018/041-231";2,00;"02";"هبة";"Don";"Donation";null;"null";"null";"null";"null";null;"null";"null";"null";"null";20,00;39,00;"EUR";"€";"Euro";"Euro";"null";3,34;66,88;"null";null;false;13/05/2026 11:25;null;"null";"null";"null";null;null;"null";"null";"null";12/06/2019;11/06/2026;11/06/2026;"null";1,00;"01";"مشروع";"Projet";14,90;5,10;74,50;0;false;null;null;null
3 339,00;1 628,00;"Projet de soutien au secteur du transport d'électricité (13ème plan de développement)";"P26209";"Projet de soutien au secteur du transport d'électricité (13ème plan de développement)";null;null;"null";"null";"null";"null";null;37,00;"EUR";"€";null;35,00;"BID";"البنك الاسلامي للتنمية";"Banque Islamique pour le développement";"null";8,00;null;"1018";1,00;"01";"قرض";"Prêt";"Prêt";null;"null";"null";"null";"null";null;"null";"null";"null";"null";121,00;39,00;"EUR";"€";"Euro";"Euro";"null";3,39;410,43;"null";null;false;15/05/2026 06:33;null;"null";"null";"null";null;null;"null";"null";"null";05/04/2018;20/08/2025;31/12/2026;"null";1,00;"01";"مشروع";"Projet";48,52;72,48;40,10;1;false;null;null;null
3 340,00;1 624,00;"Barrages saida et kalaa kebira et conduites liées";"P26205";"Barrages saida et kalaa kebira et conduites liées";null;null;"null";"null";"null";"null";null;37,00;"EUR";"€";null;35,00;"BID";"البنك الاسلامي للتنمية";"Banque Islamique pour le développement";"null";8,00;null;"1008";1,00;"01";"قرض";"Prêt";"Prêt";null;"null";"null";"null";"null";null;"null";"null";"null";"null";71,78;39,00;"EUR";"€";"Euro";"Euro";"null";3,39;243,48;"null";null;false;15/05/2026 06:39;null;"null";"null";"null";null;null;"null";"null";"null";15/10/2017;31/05/2023;31/12/2026;"null";1,00;"01";"مشروع";"Projet";34,83;36,95;48,52;1;false;null;null;null
3 341,00;1 629,00;"Construction et équipement de deux hôpitaux régionaux à Thala et Dahmani";"P26210";"Construction et équipement de deux hôpitaux régionaux à Thala et Dahmani";null;null;"null";"null";"null";"null";null;37,00;"EUR";"€";null;35,00;"BID";"البنك الاسلامي للتنمية";"Banque Islamique pour le développement";"null";8,00;null;"1015";1,00;"01";"قرض";"Prêt";"Prêt";null;"null";"null";"null";"null";null;"null";"null";"null";"null";27,34;39,00;"EUR";"€";"Euro";"Euro";"null";3,39;92,74;"null";null;false;15/05/2026 06:46;null;"null";"null";"null";null;null;"null";"null";"null";05/04/2018;31/12/2023;31/12/2027;"null";1,00;"01";"مشروع";"Projet";2,43;24,91;8,89;1;false;null;null;null
3 342,00;1 630,00;"Projet de réseau de transport de gaz naturel";"P26211";"Projet de réseau de transport de gaz naturel";null;null;"null";"null";"null";"null";null;37,00;"EUR";"€";null;35,00;"BID";"البنك الاسلامي للتنمية";"Banque Islamique pour le développement";"null";8,00;null;"1013";1,00;"01";"قرض";"Prêt";"Prêt";null;"null";"null";"null";"null";null;"null";"null";"null";"null";119,00;39,00;"EUR";"€";"Euro";"Euro";"null";3,39;403,65;"null";null;false;15/05/2026 06:50;null;"null";"null";"null";null;null;"null";"null";"null";04/04/2019;13/09/2024;31/12/2027;"null";1,00;"01";"مشروع";"Projet";18,00;101,00;15,13;1;false;null;null;null
3 120,00;1 205,00;"Projet d’Appui d’Urgence à la Sécurité Alimentaire en Tunisie (PAUSAT) BAD";"P26039";"Projet d’Appui d’Urgence à la Sécurité Alimentaire en Tunisie (PAUSAT)";null;null;"null";"null";"null";"null";80,00;38,00;"USD";"$";null;32,00;"BAD";"البنك الإفريقي للتنمية";"Banque africaine de développement ";"African development bank";9,00;null;"200030000151";1,00;"01";"قرض";"Prêt";"Prêt";null;"null";"null";"null";"null";7,00;"07";"قرض بضمان بسيط";"Avec Garanti - A première demande";"A première demande";80,00;38,00;"USD";"$";"U.S. Dollar";"Dollar des USA";"null";3,25;236,60;"null";null;false;18/05/2026 13:24;null;"null";"null";"null";null;null;"null";"null";"null";03/11/2022;30/06/2026;30/06/2026;"null";1,00;"01";"مشروع";"Projet";70,86;9,14;88,58;0;false;null;null;0,25
3 113,00;1 198,00;"VALORISATION DES PERIMETRES IRRIGUES A TRAVERS LES CHAINES D";"P26032";"Projet de Valorisation Des Périmètres Irrigués (PVPI)";null;null;"null";"null";"null";"null";59,71;39,00;"EUR";"€";101,99;32,00;"BAD";"البنك الإفريقي للتنمية";"Banque africaine de développement ";"African development bank";9,00;null;"2000200001751";1,00;"01";"قرض";"Prêt";"Prêt";null;"null";"null";"null";"null";null;"null";"null";"null";"null";28,20;39,00;"EUR";"€";"Euro";"Euro";"null";2,64;74,44;"";null;false;19/05/2026 11:29;null;"null";"null";"null";null;null;"null";"null";"null";09/11/2017;30/06/2023;31/12/2026;"null";1,00;"01";"مشروع";"Projet";20,85;7,35;73,94;1;false;null;null;null
3 110,00;1 198,00;"VALORISATION DES PERIMETRES IRRIGUES A TRAVERS LES CHAINES D";"P26032";"Projet de Valorisation Des Périmètres Irrigués (PVPI)";null;null;"null";"null";"null";"null";59,71;39,00;"EUR";"€";101,99;30,00;"AGTF";"تمويل التجارة العالمية بأفريقيا";"Financement du commerce mondial en Afrique";"null";9,00;null;"5050200000101";1,00;"01";"قرض";"Prêt";"Prêt";null;"null";"null";"null";"null";null;"null";"null";"null";"null";10,43;39,00;"EUR";"€";"Euro";"Euro";"null";2,64;27,53;"null";null;false;19/05/2026 11:29;null;"null";"null";"null";null;null;"null";"null";"null";09/11/2017;30/06/2023;31/12/2026;"null";1,00;"01";"مشروع";"Projet";7,71;2,72;73,92;1;false;null;null;null
3 119,00;1 203,00;"PROJET DE DEVELOPPEMENT ET DE PROMOTION DES FILIERES AGRICOLE DE ZAGHOUAN BAD";"P26037";"Projet de Développement et de Promotion des Filières Agricoles dans le Gouvernorat de Zaghouan(PDPFAGZ)";null;null;"null";"null";"null";"null";43,86;39,00;"EUR";"€";null;32,00;"BAD";"البنك الإفريقي للتنمية";"Banque africaine de développement ";"African development bank";9,00;null;"2000200004401";1,00;"01";"قرض";"Prêt";"Prêt";null;"null";"null";"null";"null";3,00;"03";"قرض سيادي مباشر";"Souverain - Direct";"Direct";44,86;39,00;"EUR";"€";"Euro";"Euro";"null";3,39;152,16;"null";null;false;03/06/2026 14:01;null;"null";"null";"null";null;null;"null";"null";"null";06/11/2019;31/12/2025;31/12/2028;"null";1,00;"01";"مشروع";"Projet";4,49;40,37;10,01;1;false;null;null;null
3 336,00;null;"PACE";"null";"PACE";null;null;"null";"null";"null";"null";null;null;"EUR";"€";null;127,00;"UE";"الاتحاد الأوروبي";"Union Européenne";"null";124,00;null;"ENI/2018/403-150";2,00;"02";"هبة";"Don";"Donation";null;"null";"null";"null";"null";null;"null";"null";"null";"null";52,75;39,00;"EUR";"€";"Euro";"Euro";"null";3,31;174,66;"null";null;false;12/05/2026 00:00;null;"null";"null";"null";null;null;"null";"null";"null";16/11/2018;15/11/2025;31/12/2027;"null";2,00;"02";"دعم ميزانية";"Appui budgétaire";46,30;6,45;87,77;2;false;null;null;null
3 326,00;null;"PAIS";"null";"PAIS";null;null;"null";"null";"null";"null";null;null;"EUR";"€";null;127,00;"UE";"الاتحاد الأوروبي";"Union Européenne";"null";124,00;null;"ENI/2019/41-860";2,00;"02";"هبة";"Don";"Donation";null;"null";"null";"null";"null";null;"null";"null";"null";"null";81,00;39,00;"EUR";"€";"Euro";"Euro";"null";3,24;262,49;"null";null;false;12/05/2026 00:00;null;"null";"null";"null";null;null;"null";"null";"null";14/08/2020;13/08/2026;14/02/2029;"null";2,00;"02";"دعم ميزانية";"Appui budgétaire";54,00;27,00;66,67;1;false;null;null;null
3 240,00;null;"CPSCL 2013";"null";"CPSCL 2013";null;null;"null";"null";"null";"null";null;null;"EUR";"€";null;33,00;"BEI ";"بنك الاستثمار الأوروبي";"Banque Européenne d'investissement";"null";125,00;null;"FI : 83090";1,00;"01";"قرض";"Prêt";"Prêt";null;"null";"null";"null";"null";2,00;"02";"قرض غير سيادي";"Non Souverain";"Non Souverain";50,00;39,00;"EUR";"€";"Euro";"Euro";"null";3,39;169,60;"null";null;false;29/04/2026 00:00;null;"null";"null";"null";null;null;"null";"null";"null";19/12/2013;01/06/2017;01/06/2017;"null";5,00;"05";"خط التمويل";"Ligne de financement";40,60;9,40;81,20;0;false;null;null;null
3 233,00;null;"Relance économique";"null";"Relance économique";null;null;"null";"null";"null";"null";null;null;"EUR";"€";null;33,00;"BEI ";"بنك الاستثمار الأوروبي";"Banque Européenne d'investissement";"null";125,00;null;"FI 97952";1,00;"01";"قرض";"Prêt";"Prêt";null;"null";"null";"null";"null";null;"null";"null";"null";"null";170,00;39,00;"EUR";"€";"Euro";"Euro";"null";3,39;576,64;"null";null;false;29/04/2026 00:00;null;"null";"null";"null";null;null;"null";"null";"null";18/03/2024;17/03/2027;17/03/2027;"null";5,00;"05";"خط التمويل";"Ligne de financement";51,00;119,00;30,00;0;false;null;null;null
3 177,00;null;"Financement des importations de gaz naturel de la Société Tunisienne d'Electricité et de Gaz-STEG";"null";"Financement des importations de gaz naturel de la Société Tunisienne d'Electricité et de Gaz-STEG";null;null;"null";"null";"null";"null";null;null;"USD";"$";null;125,00;"ITFC";"المؤسسة الدولية الإسلامية لتمويل التجارة";"Société islamique internationale de financement du commerce";"null";8,00;null;"TUN0205";1,00;"01";"قرض";"Prêt";"Prêt";null;"null";"null";"null";"null";null;"null";"null";"null";"null";70,00;38,00;"USD";"$";"U.S. Dollar";"Dollar des USA";"null";3,06;214,48;"Taux swap moyen (MSR) + 4 % de marge";null;false;20/04/2026 00:00;null;"null";"null";"null";null;null;"null";"null";"null";11/03/2025;11/03/2028;11/03/2028;"null";5,00;"05";"خط التمويل";"Ligne de financement";0,00;70,00;0,00;0;false;null;null;null
3 296,00;null;"PADR";"null";"PADR";null;null;"null";"null";"null";"null";null;null;"EUR";"€";null;127,00;"UE";"الاتحاد الأوروبي";"Union Européenne";"null";124,00;null;"ENI/2019/041-859";2,00;"02";"هبة";"Don";"Donation";null;"null";"null";"null";"null";null;"null";"null";"null";"null";40,00;39,00;"EUR";"€";"Euro";"Euro";"null";3,15;126,00;"null";null;false;08/05/2026 00:00;null;"null";"null";"null";null;null;"null";"null";"null";19/11/2020;18/11/2027;18/11/2027;"null";2,00;"02";"دعم ميزانية";"Appui budgétaire";29,50;10,50;73,75;0;false;null;null;null
3 181,00;null;"Financement des importations de soufre et d’autres produits chimiques (tels que l’ammoniac) pour le Groupe Chimique Tunisien-GCT";"null";"Financement des importations de soufre et d’autres produits chimiques (tels que l’ammoniac) pour le Groupe Chimique Tunisien-GCT";null;null;"null";"null";"null";"null";null;null;"USD";"$";null;125,00;"ITFC";"المؤسسة الدولية الإسلامية لتمويل التجارة";"Société islamique internationale de financement du commerce";"null";8,00;null;"TUN0210";1,00;"01";"قرض";"Prêt";"Prêt";null;"null";"null";"null";"null";null;"null";"null";"null";"null";50,00;38,00;"USD";"$";"U.S. Dollar";"Dollar des USA";"null";3,06;153,20;"SOFR+3.75%";null;false;20/04/2026 00:00;null;"null";"null";"null";null;null;"null";"null";"null";02/12/2025;02/12/2026;02/12/2026;"null";5,00;"05";"خط التمويل";"Ligne de financement";0,00;50,00;0,00;0;false;null;null;null
3 180,00;null;"Financement des importations de soufre et d'autres produits chimiques (tels que l'ammoniac) du Groupe Chimique Tunisien-GCT";"null";"Financement des importations de soufre et d'autres produits chimiques (tels que l'ammoniac) du Groupe Chimique Tunisien-GCT";null;null;"null";"null";"null";"null";null;null;"USD";"$";null;125,00;"ITFC";"المؤسسة الدولية الإسلامية لتمويل التجارة";"Société islamique internationale de financement du commerce";"null";8,00;null;"TUN0209";1,00;"01";"قرض";"Prêt";"Prêt";null;"null";"null";"null";"null";null;"null";"null";"null";"null";70,00;38,00;"USD";"$";"U.S. Dollar";"Dollar des USA";"null";3,06;214,48;"SOFR+3.75%";null;false;20/04/2026 00:00;null;"null";"null";"null";null;null;"null";"null";"null";01/12/2025;01/12/2026;01/12/2026;"null";5,00;"05";"خط التمويل";"Ligne de financement";0,00;70,00;0,00;0;false;null;null;null
