"id";"id_parent";"id_requete";"num_req";"id_nm_etat_projet";"code_etat_prj";"etat_prj_ar";"etat_prj_fr";"etat_prj_en";"id_process_instance";"code";"intitule";"num_cnap";"dt_cnap";"is_projet_nat";"is_pilote";"is_prioritaire";"cout_glob";"budg_etat_dev";"auto_fin_dev";"besoin_fin_ext_dev";"id_nm_devise";"code_devise";"symb_devise";"devise";"unite";"cours_ref";"cout_glob_tnd";"besoin_fin_ext";"dt_deb_prevue";"dt_fin_prevue";"duree_init";"dt_deb_act";"dt_fin_act";"duree_act";"auto_fin";"budg_etat";"id_rc_org_benef_p";"id_rc_org_benef";"code_org_benef";"org_benef_ar";"org_benef_fr";"org_benef_en";"id_rc_org_ouvrage_p";"id_rc_org_ouvrage";"code_org_ouvrage";"org_ouvrage_ar";"org_ouvrage_fr";"org_ouvrage_en";"id_rc_org_oeuvre_p";"id_rc_org_oeuvre";"code_org_oeuvre";"org_oeuvre_ar";"org_oeuvre_fr";"org_oeuvre_en";"beneficiaires";"objectif_general";"dt_maj";"poid";"is_draft";"id_entity_requete";"code_entity_requete";"id_nm_etat_requete";"code_etat_requete";"etat_req_ar";"etat_req_fr";"id_nm_type_projet";"code_type_projet";"type_projet_ar";"type_projet_fr";"code_status";"status_ar";"status_fr";"dt_soumission";"id_adm_utilisateur";"id_org_user";"code_avis_cgdsr";"avis_cgdsr_ar";"avis_cgdsr_fr";"code_decision_cr";"decision_cr_ar";"decision_cr_fr";"id_nm_zone_projet";"autre_secteur";"is_prog";"intitule_prog";"code_decision_cnapp";"decision_cnapp_ar";"decision_cnapp_fr";"is_cnapp";"is_evaluated";"taux_avance";"id_fip";"code_fip";"id_nm_pilier";"id_nm_programme";"id_nm_sous_prog"
1 251,00;null;null;"null";8,00;"08";"في طور التنفيذ";"En exécution";"null";"null";"P26058";"PROJET DES START-UPS ET PETITES ET MOYENNES ENTREPRISES INNOVANTES";"null";null;false;false;false;66,90;null;null;null;39,00;"EUR";"€";"Euro";1,00;3,12;208,59;null;31/01/2020;31/12/2026;"6 an(s), 11 mois";null;null;null;null;null;null;null;"null";"null";"null";"null";null;30,00;"017";"وزارة تكنولوجيات الاتصال والاقتصاد الرقمي";"Ministère des Technologies de la Communication et de l’Economie numérique ";"Ministry of Information and Communication Technologies";29,00;3 587,00;"022052";"صندوق الودائع والأمانات  ";"Caisse des Dépôts et Consignations ";"Caisse des Dépôts et Consignations";"null";"L’objectif du projet est d’accroître l’accès au financement et de soutenir la croissance des startups et des petites et moyennes entreprises innovantes.
L'innovation sera définie comme étant des produits, procédés, ou modèles commerciaux nouveaux ou visiblement améliorés, ainsi que des biens et services nouveaux ou visiblement améliorés pour la Tunisie ou d'autres marchés. Un accent particulier sera mis sur l'innovation basée sur la technologie, susceptible de générer une croissance élevée et évolutive.
";15/04/2026 09:44;null;false;null;"null";null;"null";"null";"null";2,00;"02";"المشروع/البرنامج";"Projet d'investissement";"N";"لم يتم تعيينه لطلب";"Non affecté à une requête";null;138,00;null;"null";"null";"null";"null";"null";"null";null;"null";false;"null";"null";"null";"null";null;false;0,00;null;"null";null;null;null
1 250,00;null;null;"null";8,00;"08";"في طور التنفيذ";"En exécution";"null";"null";"P26057";" Programme Govtech: transformation digitale pour les services publics orientés usagers";"null";null;false;false;false;89,20;null;null;null;39,00;"EUR";"€";"Euro";1,00;3,39;302,57;null;05/06/2020;31/01/2025;"4 an(s), 7 mois";null;null;null;null;null;null;null;"null";"null";"null";"null";null;30,00;"017";"وزارة تكنولوجيات الاتصال والاقتصاد الرقمي";"Ministère des Technologies de la Communication et de l’Economie numérique ";"Ministry of Information and Communication Technologies";null;null;"null";"null";"null";"null";"Ministère de l'éducation , ministère des affaires sociales, ministère de la santé(CIMS) , Présidence du Gouvernement , direction générale de la douane , Registre National de l'entreprise ";"Ce programme vise à soutenir une démarche de promotion des technologies appliquées à l’administration publique (ou GovTech) pour l’amélioration des systèmes de protection sociale et d'éducation. Cette approche placera les citoyens au centre du processus de réforme et combinera des innovations dans la réforme du secteur public, la gestion du changement et les technologies numériques";15/04/2026 09:45;null;false;null;"null";null;"null";"null";"null";2,00;"02";"المشروع/البرنامج";"Projet d'investissement";"N";"لم يتم تعيينه لطلب";"Non affecté à une requête";null;131,00;null;"null";"null";"null";"null";"null";"null";1,00;"null";false;"null";"null";"null";"null";null;false;0,00;null;"null";null;null;null
1 259,00;null;null;"null";8,00;"08";"في طور التنفيذ";"En exécution";"null";"null";"P26060";"Programme de résilience aux risques des catastrophes";"null";null;false;false;false;102,00;null;null;41,30;39,00;"EUR";"€";"Euro";1,00;3,39;345,98;null;14/12/2021;30/06/2027;"5 an(s), 6 mois";null;null;null;null;null;null;null;"null";"null";"null";"null";null;29,00;"022";"وزارة المالية";"Ministère des Finances";"Ministry of Finance";null;null;"null";"null";"null";"null";"	Ministère de l’équipement et de l’habitat 
	Ministère de l’agriculture, des ressources hydrauliques et de la pêche maritime
	Ministère du transport (Institut national de la météorologie) 
	Ministère de l’environnement 
	Le comité général des assurances, 
	L’office national de la protection civile. 
";"Ce programme vise à renforcer et accompagner les efforts de Gouvernement Tunisien en matière de gestion et de financement des risques de catastrophes naturelles afin d’améliorer la protection des populations et des biens contre ces phénomènes climatiques";15/04/2026 10:43;null;false;null;"null";null;"null";"null";"null";2,00;"02";"المشروع/البرنامج";"Projet d'investissement";"N";"لم يتم تعيينه لطلب";"Non affecté à une requête";null;131,00;null;"null";"null";"null";"null";"null";"null";null;"null";false;"null";"null";"null";"null";null;false;0,00;null;"null";null;null;null
1 258,00;null;null;"null";8,00;"08";"في طور التنفيذ";"En exécution";"null";"null";"P26059";"Projet d’Intégration Électrique Tunisie–Italie et Écosystème des Énergies Renouvelables";"null";null;false;false;false;1 004,70;null;null;null;39,00;"EUR";"€";"Euro";1,00;3,33;3 350,68;null;30/06/2023;28/12/2028;"5 an(s), 5 mois";null;null;null;null;null;null;null;"null";"null";"null";"null";37,00;2 859,00;"014039";"الشركة التونسيّة للكهرباء والغاز";"Société Tunisienne d'Electricité et de Gaz";"Tunisian Company For Electricity And Gas";null;null;"null";"null";"null";"null";"null";"null";15/04/2026 10:47;null;false;null;"null";null;"null";"null";"null";2,00;"02";"المشروع/البرنامج";"Projet d'investissement";"N";"لم يتم تعيينه لطلب";"Non affecté à une requête";null;138,00;null;"null";"null";"null";"null";"null";"null";null;"null";false;"null";"null";"null";"null";null;false;0,00;null;"null";null;null;null
1 269,00;null;null;"null";8,00;"08";"في طور التنفيذ";"En exécution";"null";"null";"P26062";"Projet Onas PPP";"null";null;false;false;false;1 746,00;null;null;299,10;37,00;"TND";"TND";"Dinar Tunisien";1,00;1,00;1 746,00;299,10;29/11/2023;30/06/2033;"9 an(s), 7 mois";null;null;null;null;null;null;null;"null";"null";"null";"null";20,00;2 735,00;"020004";"الديوان الوطني للتطهير";"Office National de l'Assainissement";"The National Sanitation Utility";null;null;"null";"null";"null";"null";"null";" Ce projet vise à accroitre l’accès au services de gestion des eaux usées ainsi qu’améliorer  la qualité de services publics d’assainissement en créant une nouvelle dynamique dans la gestion des ouvrages d’assainissement par la coexistence de deux modes de gestion (public et privé). Ce projet va concerner les zones du Nord du grand et Tunis et au Sud de la Tunisie (Sfax, Gabès, Médenine et Tataouine).";15/04/2026 11:18;null;false;null;"null";null;"null";"null";"null";2,00;"02";"المشروع/البرنامج";"Projet d'investissement";"N";"لم يتم تعيينه لطلب";"Non affecté à une requête";null;131,00;null;"null";"null";"null";"null";"null";"null";2,00;"null";false;"null";"null";"null";"null";null;false;0,00;null;"null";null;null;null
1 272,00;null;null;"null";8,00;"08";"في طور التنفيذ";"En exécution";"null";"null";"P26063";"Projet d’appui à la relance économique des Petites et Moyennes Entreprises (PME)";"null";null;false;false;false;115,90;null;null;null;39,00;"EUR";"€";"Euro";1,00;3,36;389,08;null;10/01/2023;31/01/2028;"5 an(s)";null;null;null;null;null;null;null;"null";"null";"null";"null";3 588,00;3 595,00;"029002";"البنك المركزي التونسي ";"Banque Centrale de Tunisie";"null";null;null;"null";"null";"null";"null";"null";"Cette ligne est exécutée par la Banque centrale de Tunisie qui en rétrocède les fonds à des institutions financières (banques et compagnies de leasing). Ces institutions financent à leur tour les PME éligibles (les PMEs solvables touchées sur le court terme par la crise covid 19).";15/04/2026 14:01;null;false;null;"null";null;"null";"null";"null";2,00;"02";"المشروع/البرنامج";"Projet d'investissement";"N";"لم يتم تعيينه لطلب";"Non affecté à une requête";null;1,00;null;"null";"null";"null";"null";"null";"null";null;"null";false;"null";"null";"null";"null";null;false;0,00;null;"null";null;null;null
1 267,00;null;null;"null";8,00;"08";"في طور التنفيذ";"En exécution";"null";"null";"P26061";"Projet d’Intensification des périmètres irrigués (PIAIT)";"null";null;false;false;false;121,00;17,69;null;113,60;39,00;"EUR";"€";"Euro";1,00;3,39;410,43;385,33;19/02/2019;30/06/2026;"7 an(s), 4 mois";null;null;null;null;60,00;null;null;"null";"null";"null";"null";null;17,00;"007";"وزارة الــفــلاحــة والموارد المائية والصيد البحري";"Ministère de l’Agriculture, des Ressources hydrauliques et de la Pêche ";"Ministry of Agriculture";null;null;"null";"null";"null";"null";"null";"null";15/04/2026 14:50;null;false;null;"null";null;"null";"null";"null";2,00;"02";"المشروع/البرنامج";"Projet d'investissement";"N";"لم يتم تعيينه لطلب";"Non affecté à une requête";null;177,00;null;"null";"null";"null";"null";"null";"null";2,00;"null";false;"null";"null";"null";"null";null;false;0,00;null;"null";null;null;null
1 281,00;null;null;"null";8,00;"08";"في طور التنفيذ";"En exécution";"null";"null";"PAT26015";"Preparation Facility Tunisia Water Security and Resilience Program (programme RESEau)";"null";null;false;false;false;0,50;null;null;0,16;38,00;"USD";"$";"Dollar des USA";1,00;3,06;1,53;0,50;30/06/2025;31/12/2026;"1 an, 6 mois";null;null;null;null;null;null;null;"null";"null";"null";"null";null;17,00;"007";"وزارة الــفــلاحــة والموارد المائية والصيد البحري";"Ministère de l’Agriculture, des Ressources hydrauliques et de la Pêche ";"Ministry of Agriculture";null;null;"null";"null";"null";"null";"null";"null";15/04/2026 15:07;null;false;null;"null";null;"null";"null";"null";1,00;"01";"مشروع مساعدة تقنية";"Projet d'assistance technique ";"N";"لم يتم تعيينه لطلب";"Non affecté à une requête";null;177,00;null;"null";"null";"null";"null";"null";"null";null;"null";false;"null";"null";"null";"null";null;false;0,00;null;"null";null;null;null
1 212,00;null;null;"null";8,00;"08";"في طور التنفيذ";"En exécution";"null";"null";"PAT26002";"Don au titre de l’Initiative pour l’Alimentation en Eau et l’Assainissement en Milieu Rural (IAEAR) pour le PAEPR II)";"null";30/11/2016;false;false;false;0,84;null;null;null;41,00;"UC";"UC";"Unité de compte";1,00;1,00;0,84;null;06/09/2016;31/12/2021;"5 an(s), 3 mois";null;null;null;null;null;null;null;"null";"null";"null";"null";17,00;2 342,00;"007059";"الشركة الوطنية لاستغلال وتوزيع المياه";"Société Nationale d'Exploitation et de Distribution des Eaux";"National Water Distribution Utility";null;null;"null";"null";"null";"null";"null";"null";15/04/2026 15:11;null;false;null;"null";null;"null";"null";"null";1,00;"01";"مشروع مساعدة تقنية";"Projet d'assistance technique ";"N";"لم يتم تعيينه لطلب";"Non affecté à une requête";null;216,00;null;"null";"null";"null";"null";"null";"null";null;"null";false;"null";"null";"null";"null";null;false;0,00;null;"null";null;null;null
1 282,00;null;null;"null";8,00;"08";"في طور التنفيذ";"En exécution";"null";"null";"PAT26016";"support to job creation in the Agri-Food and rural space";"null";null;false;false;false;4,00;null;null;1,30;38,00;"USD";"$";"Dollar des USA";1,00;3,06;12,26;4,00;01/07/2025;31/12/2026;"1 an, 6 mois";null;null;null;null;null;null;null;"null";"null";"null";"null";null;3 588,00;"029";"أخرى";"Autres";"Autres";null;null;"null";"null";"null";"null";"null";"null";15/04/2026 15:20;null;false;null;"null";null;"null";"null";"null";1,00;"01";"مشروع مساعدة تقنية";"Projet d'assistance technique ";"N";"لم يتم تعيينه لطلب";"Non affecté à une requête";null;177,00;null;"null";"null";"null";"null";"null";"null";null;"null";false;"null";"null";"null";"null";null;false;0,00;null;"null";null;null;null
1 284,00;null;null;"null";8,00;"08";"في طور التنفيذ";"En exécution";"null";"null";"PAT26017";"Digitalisation des services de l’Emploi en Tunisie ";"null";null;false;false;false;null;null;null;null;37,00;"TND";"TND";"Dinar Tunisien";1,00;1,00;null;null;null;null;"null";null;null;null;null;null;null;null;"null";"null";"null";"null";13,00;1 934,00;"006023";"الوكالة الوطنية للتشغيل وللعمل المستقل";"Agence Nationale pour l'Emploi et le Travail Indépendant";"Agence Nationale pour l'Emploi et le Travail Indépendant";null;null;"null";"null";"null";"null";"null";"null";16/04/2026 09:10;null;false;null;"null";null;"null";"null";"null";1,00;"01";"مشروع مساعدة تقنية";"Projet d'assistance technique ";"N";"لم يتم تعيينه لطلب";"Non affecté à une requête";null;138,00;null;"null";"null";"null";"null";"null";"null";null;"null";false;"null";"null";"null";"null";null;false;0,00;null;"null";null;null;null
1 230,00;null;null;"null";8,00;"08";"في طور التنفيذ";"En exécution";"null";"null";"PAT26009";"Projet d'Étude des Corridors stratégiques Bouchebka-Gafsa-Gabes-Hazoua-Touzeur- Gabes (PECS-BGGHTG)";"null";null;false;false;false;1,00;null;null;null;38,00;"USD";"$";"Dollar des USA";1,00;3,06;3,06;null;11/09/2020;31/12/2022;"2 an(s), 3 mois";null;null;null;null;null;null;null;"null";"null";"null";"null";null;21,00;"013";"وزارة التجهيز والاسكان والتهيئة الترابية";"Ministère de l’Equipement et l’habitat";"null";null;null;"null";"null";"null";"null";"null";"null";15/04/2026 14:44;null;false;null;"null";null;"null";"null";"null";1,00;"01";"مشروع مساعدة تقنية";"Projet d'assistance technique ";"N";"لم يتم تعيينه لطلب";"Non affecté à une requête";null;216,00;null;"null";"null";"null";"null";"null";"null";null;"null";false;"null";"null";"null";"null";null;false;0,00;null;"null";null;null;null
1 246,00;null;null;"null";8,00;"08";"في طور التنفيذ";"En exécution";"null";"null";"P26056";"Projet d'urgence à la sécurité alimentaire (PRUSA)";"null";null;false;false;false;441,16;0,00;0,00;147,05;38,00;"USD";"$";"Dollar des USA";1,00;3,00;1 323,48;441,16;04/07/2022;31/12/2026;"4 an(s), 5 mois";null;null;null;0,00;0,00;null;null;"null";"null";"null";"null";17,00;2 333,00;"007050";"ديوان الحبوب";"Office des Céréales";"Cereals Office";null;null;"null";"null";"null";"null";"null";"null";15/04/2026 14:49;null;false;null;"null";null;"null";"null";"null";2,00;"02";"المشروع/البرنامج";"Projet d'investissement";"N";"لم يتم تعيينه لطلب";"Non affecté à une requête";null;177,00;null;"null";"null";"null";"null";"null";"null";1,00;"null";false;"null";"null";"null";"null";null;false;0,00;null;"null";null;null;null
1 280,00;null;null;"null";8,00;"08";"في طور التنفيذ";"En exécution";"null";"null";"P26064";"Projet de la protection sociale d'appui à la réponse d'urgence à la COVID 19";"null";null;false;false;false;605,00;null;null;605,00;39,00;"EUR";"€";"Euro";1,00;3,39;2 052,16;2 052,16;02/04/2021;31/05/2026;"5 an(s), 1 mois";null;null;null;null;null;null;null;"null";"null";"null";"null";null;27,00;"028";"وزارة الشؤون الاجتماعية";"Ministère des Affaires Sociales";"Ministry of Social Affairs";null;null;"null";"null";"null";"null";"null";"null";15/04/2026 14:53;null;false;null;"null";null;"null";"null";"null";2,00;"02";"المشروع/البرنامج";"Projet d'investissement";"N";"لم يتم تعيينه لطلب";"Non affecté à une requête";null;177,00;null;"null";"null";"null";"null";"null";"null";null;"null";false;"null";"null";"null";"null";null;false;0,00;null;"null";null;null;null
1 237,00;null;null;"null";8,00;"08";"في طور التنفيذ";"En exécution";"null";"null";"PAT26014";"Projet d'Appui à la Performance des Entreprises Publics  (PAPEP)";"null";null;false;false;false;0,42;null;null;null;41,00;"UC";"UC";"Unité de compte";1,00;4,19;1,76;null;11/11/2025;30/06/2027;"1 an, 7 mois";null;null;null;null;null;null;null;"null";"null";"null";"null";null;2,00;"001";"رئاسة الحكومة";"Présidence du Gouvernement";"Présidence du Gouvernement";null;null;"null";"null";"null";"null";"null";"null";15/04/2026 14:53;null;false;null;"null";null;"null";"null";"null";1,00;"01";"مشروع مساعدة تقنية";"Projet d'assistance technique ";"N";"لم يتم تعيينه لطلب";"Non affecté à une requête";null;216,00;null;"null";"null";"null";"null";"null";"null";null;"null";false;"null";"null";"null";"null";null;false;0,00;null;"null";null;null;null
1 283,00;null;null;"null";8,00;"08";"في طور التنفيذ";"En exécution";"null";"null";"P26065";"Projet de promotion des filières pour le développement territorial de Siliana (PROFITS)";"null";null;false;false;false;null;null;null;null;37,00;"TND";"TND";"Dinar Tunisien";1,00;1,00;null;null;26/01/2017;31/12/2026;"9 an(s), 11 mois";null;null;null;null;null;null;null;"null";"null";"null";"null";null;17,00;"007";"وزارة الــفــلاحــة والموارد المائية والصيد البحري";"Ministère de l’Agriculture, des Ressources hydrauliques et de la Pêche ";"Ministry of Agriculture";null;null;"null";"null";"null";"null";"null";"null";15/04/2026 15:32;null;false;null;"null";null;"null";"null";"null";2,00;"02";"المشروع/البرنامج";"Projet d'investissement";"N";"لم يتم تعيينه لطلب";"Non affecté à une requête";null;177,00;null;"null";"null";"null";"null";"null";"null";2,00;"null";false;"null";"null";"null";"null";null;false;0,00;null;"null";null;null;null
1 315,00;null;null;"null";8,00;"08";"في طور التنفيذ";"En exécution";"null";"null";"P26067";"Aménagement du réseau de transport d’électricité (XIIIème plan de développement)";"null";null;false;false;false;121,00;null;null;null;39,00;"EUR";"€";"Euro";1,00;3,39;410,43;null;20/08/2020;31/12/2026;"6 an(s), 4 mois";null;null;null;null;null;null;null;"null";"null";"null";"null";37,00;2 859,00;"014039";"الشركة التونسيّة للكهرباء والغاز";"Société Tunisienne d'Electricité et de Gaz";"Tunisian Company For Electricity And Gas";null;null;"null";"null";"null";"null";"null";" نظام التحكم عن بعد لشبكة الكهرباء./إنشاء وتوسعة وتجديد عدد 18 محطات تحويل جهد عالي/تركيب خطوط هوائية لنقل الكهرباء 215 كلم (AIS) عدد 2 محطات تحويل متنقلة.";17/04/2026 09:50;null;false;null;"null";null;"null";"null";"null";2,00;"02";"المشروع/البرنامج";"Projet d'investissement";"N";"لم يتم تعيينه لطلب";"Non affecté à une requête";null;121,00;null;"null";"null";"null";"null";"null";"null";1,00;"null";false;"null";"null";"null";"null";null;false;0,00;null;"null";null;null;null
1 320,00;null;null;"null";8,00;"08";"في طور التنفيذ";"En exécution";"null";"null";"P26069";"Programme de developpement intégré 1 et 2";"null";null;false;false;false;567,00;null;null;null;37,00;"TND";"TND";"Dinar Tunisien";1,00;1,00;567,00;null;17/01/2011;17/01/2017;"6 an(s)";null;null;null;null;null;null;null;"null";"null";"null";"null";1,00;1 821,00;"002005";"المندوبية العامة للتنمية الجهوية";"Commissariat général au développement régional";"Commissariat général au développement régional";null;null;"null";"null";"null";"null";"null";"null";17/04/2026 09:51;null;false;null;"null";null;"null";"null";"null";2,00;"02";"المشروع/البرنامج";"Projet d'investissement";"N";"لم يتم تعيينه لطلب";"Non affecté à une requête";null;147,00;null;"null";"null";"null";"null";"null";"null";null;"null";false;"null";"null";"null";"null";null;false;0,00;null;"null";null;null;null
1 314,00;null;null;"null";8,00;"08";"في طور التنفيذ";"En exécution";"null";"null";"P26066";"Autoroute oued zargua Bousalem";"null";null;false;true;false;430,00;null;null;380,00;37,00;"TND";"TND";"Dinar Tunisien";1,00;1,00;430,00;380,00;28/06/2011;28/06/2015;"4 an(s)";null;null;null;null;null;null;null;"null";"null";"null";"null";21,00;2 806,00;"013032";"شركة تونس للطرقات السيارة";"Société Tunisie Autoroutes";"Tunisia Highways";null;null;"null";"null";"null";"null";"null";"null";17/04/2026 09:53;null;false;null;"null";null;"null";"null";"null";2,00;"02";"المشروع/البرنامج";"Projet d'investissement";"N";"لم يتم تعيينه لطلب";"Non affecté à une requête";null;120,00;null;"null";"null";"null";"null";"null";"null";null;"null";false;"null";"null";"null";"null";null;false;0,00;null;"null";null;null;null
1 326,00;null;null;"null";8,00;"08";"في طور التنفيذ";"En exécution";"null";"null";"P26070";"Projet de Développement Agricole Intégré dans le gouvernorat de Sfax ";"null";null;false;false;false;70,00;null;null;null;38,00;"USD";"$";"Dollar des USA";1,00;3,06;214,48;null;28/11/2018;null;"null";null;null;null;null;null;null;null;"null";"null";"null";"null";null;21,00;"013";"وزارة التجهيز والاسكان والتهيئة الترابية";"Ministère de l’Equipement et l’habitat";"null";null;null;"null";"null";"null";"null";"null";"null";17/04/2026 09:54;null;false;null;"null";null;"null";"null";"null";2,00;"02";"المشروع/البرنامج";"Projet d'investissement";"N";"لم يتم تعيينه لطلب";"Non affecté à une requête";null;168,00;null;"null";"null";"null";"null";"null";"null";null;"null";false;"null";"null";"null";"null";null;false;0,00;null;"null";null;null;null
1 207,00;null;null;"null";8,00;"08";"في طور التنفيذ";"En exécution";"null";"null";"P26041";"Appui à la  mise en place d'une « DELIVERY UNIT » au sein du  Ministère du Développement, de  l’Investissement et de la Coopération  Internationale de la Tunisie (DLIVERY UNIT-MDICI)";"null";null;false;false;false;0,40;null;null;null;41,00;"UC";"UC";"Unité de compte";1,00;4,19;1,67;null;08/05/2019;31/12/2020;"1 an, 7 mois";null;null;null;null;null;null;null;"null";"null";"null";"null";null;1,00;"002";"وزارة الإقتصاد والتخطيط";"Ministère de l’Economie et de Planification";"Ministry of Investment Development and International Cooperation";null;null;"null";"null";"null";"null";"null";"null";17/04/2026 12:48;null;false;null;"null";null;"null";"null";"null";2,00;"02";"المشروع/البرنامج";"Projet d'investissement";"N";"لم يتم تعيينه لطلب";"Non affecté à une requête";null;216,00;null;"null";"null";"null";"null";"null";"null";null;"null";false;"null";"null";"null";"null";null;false;0,00;null;"null";null;null;null
1 197,00;null;null;"null";8,00;"08";"في طور التنفيذ";"En exécution";"null";"null";"P26031";"Projet  de Modernisation de l'Infrastructure Routière (PMIR-III)";"null";08/04/2026;false;false;false;86,22;null;null;80,16;39,00;"EUR";"€";"Euro";1,00;3,39;292,45;null;09/12/2024;31/12/2030;"6 an(s)";null;null;null;null;null;null;null;"null";"null";"null";"null";null;21,00;"013";"وزارة التجهيز والاسكان والتهيئة الترابية";"Ministère de l’Equipement et l’habitat";"null";null;null;"null";"null";"null";"null";"null";"null";17/04/2026 13:52;null;false;null;"null";null;"null";"null";"null";2,00;"02";"المشروع/البرنامج";"Projet d'investissement";"N";"لم يتم تعيينه لطلب";"Non affecté à une requête";null;216,00;null;"null";"null";"null";"null";"null";"null";null;"null";false;"null";"null";"null";"null";null;false;0,00;null;"null";null;null;null
1 339,00;null;null;"null";8,00;"08";"في طور التنفيذ";"En exécution";"null";"null";"P26071";"Projet de rénovation et de développement des lignes ferroviaires pour le transport du phosphate";"null";null;false;false;false;165,50;null;null;null;38,00;"USD";"$";"Dollar des USA";1,00;3,11;514,87;null;null;null;"";null;null;null;null;null;null;null;"null";"null";"null";"null";9,00;1 792,00;"024006";"الشركة الوطنية للسكك الحديدية بتونس";"Société Nationale des Chemins de Fer Tunisiens";"Tunisian Railways";null;null;"null";"null";"null";"null";"null";"null";17/04/2026 14:43;null;false;null;"null";null;"null";"null";"null";2,00;"02";"المشروع/البرنامج";"Projet d'investissement";"N";"لم يتم تعيينه لطلب";"Non affecté à une requête";null;213,00;null;"null";"null";"null";"null";"null";"null";null;"null";false;"null";"null";"null";"null";null;false;0,00;null;"null";null;null;null
1 341,00;null;null;"null";8,00;"08";"في طور التنفيذ";"En exécution";"null";"null";"P26073";"projet de rocade X20 - 2eme tranche ";"null";null;false;false;false;10,12;null;null;8,50;29,00;"KWD";"KD";"Dinar Koweitien";1,00;9,98;100,97;null;01/09/2015;null;"null";null;null;null;null;null;null;null;"null";"null";"null";"null";21,00;3 594,00;"013049";"Direction Générale des Ponts et Chaussés";"Direction Générale des Ponts et Chaussés";"null";null;21,00;"013";"وزارة التجهيز والاسكان والتهيئة الترابية";"Ministère de l’Equipement et l’habitat";"null";"null";"null";17/04/2026 14:47;null;false;null;"null";null;"null";"null";"null";2,00;"02";"المشروع/البرنامج";"Projet d'investissement";"N";"لم يتم تعيينه لطلب";"Non affecté à une requête";null;168,00;null;"null";"null";"null";"null";"null";"null";null;"null";false;"null";"null";"null";"null";null;false;0,00;null;"null";null;null;null
1 342,00;null;null;"null";8,00;"08";"في طور التنفيذ";"En exécution";"null";"null";"P26074";"Protection des villes et des zones urbaines contre les inondations ";"null";null;false;false;false;140,00;null;null;null;35,00;"SAR";"SAR";"Ryal Saoudien";1,00;0,77;107,80;null;null;null;"";null;null;null;null;null;null;null;"null";"null";"null";"null";null;21,00;"013";"وزارة التجهيز والاسكان والتهيئة الترابية";"Ministère de l’Equipement et l’habitat";"null";null;null;"null";"null";"null";"null";"null";"null";17/04/2026 14:50;null;false;null;"null";null;"null";"null";"null";2,00;"02";"المشروع/البرنامج";"Projet d'investissement";"N";"لم يتم تعيينه لطلب";"Non affecté à une requête";null;146,00;null;"null";"null";"null";"null";"null";"null";null;"null";false;"null";"null";"null";"null";null;false;0,00;null;"null";null;null;null
1 343,00;null;null;"null";8,00;"08";"في طور التنفيذ";"En exécution";"null";"null";"P26075";"Projet de Développement Agricole Intégré à Joumine  ghzela  et sejnane";"null";null;false;false;false;null;null;null;93,75;37,00;"TND";"TND";"Dinar Tunisien";1,00;1,00;null;93,75;null;null;"null";null;null;null;null;null;null;null;"null";"null";"null";"null";17,00;2 299,00;"007019";"المندوبية الجهوية للتنمية الفلاحية ببنزرت";"Commissariat Régional au Développement Agricole de Bizerte";"Regional Commissary for Agricultural Development of Bizerte Governorate";null;null;"null";"null";"null";"null";"null";"null";17/04/2026 14:59;null;false;null;"null";null;"null";"null";"null";2,00;"02";"المشروع/البرنامج";"Projet d'investissement";"N";"لم يتم تعيينه لطلب";"Non affecté à une requête";null;146,00;null;"null";"null";"null";"null";"null";"null";null;"null";false;"null";"null";"null";"null";null;false;0,00;null;"null";null;null;null
1 344,00;null;null;"null";8,00;"08";"في طور التنفيذ";"En exécution";"null";"null";"P26076";"Mdhila 2 pour la production de superphosphate triple ";"null";null;false;false;false;530,00;null;null;220,00;37,00;"TND";"TND";"Dinar Tunisien";1,00;1,00;530,00;220,00;01/12/2015;12/05/2018;"2 an(s), 5 mois";null;null;null;null;null;null;null;"null";"null";"null";"null";37,00;2 837,00;"014020";"المجمع الكيميائي التونسي";"Groupe Chimique Tunisien";"Groupe Chimique Tunisien";null;null;"null";"null";"null";"null";"null";"null";20/04/2026 06:33;null;false;null;"null";null;"null";"null";"null";2,00;"02";"المشروع/البرنامج";"Projet d'investissement";"N";"لم يتم تعيينه لطلب";"Non affecté à une requête";null;120,00;null;"null";"null";"null";"null";"null";"null";null;"null";false;"null";"null";"null";"null";null;false;0,00;null;"null";null;null;null
1 347,00;null;null;"null";8,00;"08";"في طور التنفيذ";"En exécution";"null";"null";"P26077";"Routes et pistes rurales 3";"null";null;false;false;false;400,00;null;null;220,00;37,00;"TND";"TND";"Dinar Tunisien";1,00;1,00;400,00;220,00;01/04/2014;01/12/2018;"4 an(s), 8 mois";null;null;null;null;null;null;null;"null";"null";"null";"null";21,00;3 594,00;"013049";"Direction Générale des Ponts et Chaussés";"Direction Générale des Ponts et Chaussés";"null";null;null;"null";"null";"null";"null";"null";"null";20/04/2026 08:33;null;false;null;"null";null;"null";"null";"null";2,00;"02";"المشروع/البرنامج";"Projet d'investissement";"N";"لم يتم تعيينه لطلب";"Non affecté à une requête";null;120,00;null;"null";"null";"null";"null";"null";"null";null;"null";false;"null";"null";"null";"null";null;false;0,00;null;"null";null;null;null
1 196,00;null;null;"null";8,00;"08";"في طور التنفيذ";"En exécution";"null";"null";"P26030";"Projet de Modernisation de l'Infrastructure Routière  (PMIR-II)";"null";08/04/2026;false;false;false;219,35;null;null;103,95;39,00;"EUR";"€";"Euro";1,00;3,39;744,03;null;14/12/2021;31/12/2028;"7 an(s)";null;null;null;null;null;null;null;"null";"null";"null";"null";null;21,00;"013";"وزارة التجهيز والاسكان والتهيئة الترابية";"Ministère de l’Equipement et l’habitat";"null";null;null;"null";"null";"null";"null";"null";"null";20/04/2026 08:41;null;false;null;"null";null;"null";"null";"null";2,00;"02";"المشروع/البرنامج";"Projet d'investissement";"N";"لم يتم تعيينه لطلب";"Non affecté à une requête";null;216,00;null;"null";"null";"null";"null";"null";"null";null;"null";false;"null";"null";"null";"null";null;false;33,33;null;"null";null;null;null
1 351,00;null;null;"null";8,00;"08";"في طور التنفيذ";"En exécution";"null";"null";"P26078";"logements sociaux (deuxième phase)";"null";null;false;false;false;479,00;null;null;null;35,00;"SAR";"SAR";"Ryal Saoudien";1,00;0,77;368,83;null;null;null;"null";null;null;null;null;null;null;null;"null";"null";"null";"null";null;21,00;"013";"وزارة التجهيز والاسكان والتهيئة الترابية";"Ministère de l’Equipement et l’habitat";"null";null;null;"null";"null";"null";"null";"null";"null";20/04/2026 08:44;null;false;null;"null";null;"null";"null";"null";2,00;"02";"المشروع/البرنامج";"Projet d'investissement";"N";"لم يتم تعيينه لطلب";"Non affecté à une requête";null;146,00;null;"null";"null";"null";"null";"null";"null";1,00;"null";false;"null";"null";"null";"null";null;false;0,00;null;"null";null;null;null
1 208,00;null;null;"null";8,00;"08";"في طور التنفيذ";"En exécution";"null";"null";"P26042";"Projet d’Amélioration de la Qualité des Eaux Usées Épurées pour une meilleure Résilience aux Changements Climatiques (PAQEE-RCC)";"null";08/04/2026;false;false;false;81,90;null;null;null;39,00;"EUR";"€";"Euro";1,00;3,39;277,81;null;31/12/2024;31/12/2028;"4 an(s)";null;null;null;null;null;null;null;"null";"null";"null";"null";20,00;2 735,00;"020004";"الديوان الوطني للتطهير";"Office National de l'Assainissement";"The National Sanitation Utility";null;null;"null";"null";"null";"null";"null";"null";20/04/2026 09:00;null;false;null;"null";null;"null";"null";"null";2,00;"02";"المشروع/البرنامج";"Projet d'investissement";"N";"لم يتم تعيينه لطلب";"Non affecté à une requête";null;216,00;null;"null";"null";"null";"null";"null";"null";null;"null";false;"null";"null";"null";"null";null;false;0,00;null;"null";null;null;null
1 206,00;null;null;"null";8,00;"08";"في طور التنفيذ";"En exécution";"null";"null";"P26040";"Projet d'Appui au Développement Inclusif et Durable de la Filière Céréalière (PADIDFIC)";"null";08/04/2026;false;false;false;87,10;null;null;null;38,00;"USD";"$";"Dollar des USA";1,00;3,06;266,87;null;19/06/2023;30/06/2027;"4 an(s)";null;null;null;null;null;null;null;"null";"null";"null";"null";17,00;2 333,00;"007050";"ديوان الحبوب";"Office des Céréales";"Cereals Office";null;null;"null";"null";"null";"null";"null";"null";20/04/2026 09:06;null;false;null;"null";null;"null";"null";"null";2,00;"02";"المشروع/البرنامج";"Projet d'investissement";"N";"لم يتم تعيينه لطلب";"Non affecté à une requête";null;216,00;null;"null";"null";"null";"null";"null";"null";1,00;"null";false;"null";"null";"null";"null";null;false;0,00;null;"null";null;null;null
1 355,00;null;null;"null";8,00;"08";"في طور التنفيذ";"En exécution";"null";"null";"P26079";"Réalisation et équipement de deux hôpitaux, catégorie « b », à El Jem et Sbiba »";"null";null;false;false;false;46,48;null;null;null;38,00;"USD";"$";"Dollar des USA";1,00;3,06;142,41;null;null;31/12/2026;"null";null;null;null;null;null;null;null;"null";"null";"null";"null";null;16,00;"010";"وزارة الصحّة";"Ministère de la Santé";"Ministry of Health";null;null;"null";"null";"null";"null";"null";"null";20/04/2026 09:15;null;false;null;"null";null;"null";"null";"null";2,00;"02";"المشروع/البرنامج";"Projet d'investissement";"N";"لم يتم تعيينه لطلب";"Non affecté à une requête";null;146,00;null;"null";"null";"null";"null";"null";"null";null;"null";false;"null";"null";"null";"null";null;false;0,00;null;"null";null;null;null
1 200,00;null;null;"null";8,00;"08";"في طور التنفيذ";"En exécution";"null";"null";"P26034";"Projet d’Aménagement  ET d’Equipement  du Réseau de Transport d’Électricité  (PAERTE)  BAD";"null";08/04/2026;false;false;false;290,00;null;null;40,68;39,00;"EUR";"€";"Euro";1,00;3,39;983,68;138,00;17/12/2019;31/12/2024;"5 an(s)";null;null;null;null;null;null;null;"null";"null";"null";"null";37,00;2 859,00;"014039";"الشركة التونسيّة للكهرباء والغاز";"Société Tunisienne d'Electricité et de Gaz";"Tunisian Company For Electricity And Gas";null;null;"null";"null";"null";"null";"null";"null";20/04/2026 09:21;null;false;null;"null";null;"null";"null";"null";2,00;"02";"المشروع/البرنامج";"Projet d'investissement";"N";"لم يتم تعيينه لطلب";"Non affecté à une requête";null;216,00;null;"null";"null";"null";"null";"null";"null";null;"null";false;"null";"null";"null";"null";null;false;0,00;null;"null";null;null;null
1 358,00;null;null;"null";8,00;"08";"في طور التنفيذ";"En exécution";"null";"null";"P26080";"Barrage MALLEGUE Amont";"null";null;false;false;false;211,00;null;null;300,00;37,00;"TND";"TND";"Dinar Tunisien";1,00;1,00;211,00;300,00;31/08/2017;01/08/2022;"4 an(s), 11 mois";null;null;null;null;null;null;null;"null";"null";"null";"null";17,00;3 586,00;"007092";"الإدارة العامة للسدود والإشغال المائية الكبرى";"DG- BARRAGES ET DES GRANDS TRAVAUX HYDRAULIQUES";"DG- BARRAGES ET DES GRANDS TRAVAUX HYDRAULIQUES";null;null;"null";"null";"null";"null";"null";"null";20/04/2026 09:30;null;false;null;"null";null;"null";"null";"null";2,00;"02";"المشروع/البرنامج";"Projet d'investissement";"N";"لم يتم تعيينه لطلب";"Non affecté à une requête";null;120,00;null;"null";"null";"null";"null";"null";"null";3,00;"null";false;"null";"null";"null";"null";null;false;0,00;null;"null";null;null;null
1 366,00;null;null;"null";8,00;"08";"في طور التنفيذ";"En exécution";"null";"null";"P26081";"Amélioration de la desserte en eau potable en milieu rural dans le gouvernorat de Bizerte";"null";null;false;false;false;89,47;null;null;null;38,00;"USD";"$";"Dollar des USA";1,00;3,06;274,14;null;null;null;"null";null;null;null;null;null;null;null;"null";"null";"null";"null";17,00;2 342,00;"007059";"الشركة الوطنية لاستغلال وتوزيع المياه";"Société Nationale d'Exploitation et de Distribution des Eaux";"National Water Distribution Utility";null;null;"null";"null";"null";"null";"null";"null";20/04/2026 09:41;null;false;null;"null";null;"null";"null";"null";2,00;"02";"المشروع/البرنامج";"Projet d'investissement";"N";"لم يتم تعيينه لطلب";"Non affecté à une requête";null;146,00;null;"null";"null";"null";"null";"null";"null";3,00;"null";false;"null";"null";"null";"null";null;false;0,00;null;"null";null;null;null
1 209,00;null;null;"null";8,00;"08";"في طور التنفيذ";"En exécution";"null";"null";"P26043";"Projet de Développement R.T.D du Gaz Naturel";"null";08/04/2026;false;false;false;56,00;null;null;null;39,00;"EUR";"€";"Euro";1,00;3,39;189,95;null;null;null;"null";null;null;null;null;null;null;null;"null";"null";"null";"null";37,00;2 859,00;"014039";"الشركة التونسيّة للكهرباء والغاز";"Société Tunisienne d'Electricité et de Gaz";"Tunisian Company For Electricity And Gas";null;null;"null";"null";"null";"null";"null";"null";20/04/2026 09:41;null;false;null;"null";null;"null";"null";"null";2,00;"02";"المشروع/البرنامج";"Projet d'investissement";"N";"لم يتم تعيينه لطلب";"Non affecté à une requête";null;216,00;null;"null";"null";"null";"null";"null";"null";null;"null";false;"null";"null";"null";"null";null;false;0,00;null;"null";null;null;null
1 367,00;null;null;"null";8,00;"08";"في طور التنفيذ";"En exécution";"null";"null";"P26082";"Rehabilitation des routes classées et pistes rurales ";"null";null;false;false;false;520,00;null;null;500,00;37,00;"TND";"TND";"Dinar Tunisien";1,00;1,00;520,00;500,00;01/10/2015;01/12/2019;"4 an(s), 2 mois";null;null;null;null;null;null;null;"null";"null";"null";"null";21,00;3 594,00;"013049";"Direction Générale des Ponts et Chaussés";"Direction Générale des Ponts et Chaussés";"null";null;null;"null";"null";"null";"null";"null";"null";20/04/2026 09:44;null;false;null;"null";null;"null";"null";"null";2,00;"02";"المشروع/البرنامج";"Projet d'investissement";"N";"لم يتم تعيينه لطلب";"Non affecté à une requête";null;120,00;null;"null";"null";"null";"null";"null";"null";1,00;"null";false;"null";"null";"null";"null";null;false;0,00;null;"null";null;null;null
1 371,00;null;null;"null";8,00;"08";"في طور التنفيذ";"En exécution";"null";"null";"P26083";"logements sociaux ( phase 1)";"null";null;false;false;false;650,00;null;null;null;38,00;"USD";"$";"Dollar des USA";1,00;3,06;1 991,60;null;null;null;"null";null;null;null;null;null;null;null;"null";"null";"null";"null";null;21,00;"013";"وزارة التجهيز والاسكان والتهيئة الترابية";"Ministère de l’Equipement et l’habitat";"null";null;null;"null";"null";"null";"null";"null";"null";20/04/2026 10:05;null;false;null;"null";null;"null";"null";"null";2,00;"02";"المشروع/البرنامج";"Projet d'investissement";"N";"لم يتم تعيينه لطلب";"Non affecté à une requête";null;146,00;null;"null";"null";"null";"null";"null";"null";1,00;"null";false;"null";"null";"null";"null";null;false;0,00;null;"null";null;null;null
1 372,00;null;null;"null";8,00;"08";"في طور التنفيذ";"En exécution";"null";"null";"P26084";"Barrages saida et kalaa kebira et conduites liées";"null";null;false;false;false;589,00;null;null;500,00;37,00;"TND";"TND";"Dinar Tunisien";1,00;1,00;589,00;500,00;09/11/2017;09/11/2022;"5 an(s)";null;null;null;null;null;null;null;"null";"null";"null";"null";17,00;3 586,00;"007092";"الإدارة العامة للسدود والإشغال المائية الكبرى";"DG- BARRAGES ET DES GRANDS TRAVAUX HYDRAULIQUES";"DG- BARRAGES ET DES GRANDS TRAVAUX HYDRAULIQUES";null;null;"null";"null";"null";"null";"null";"null";20/04/2026 10:14;null;false;null;"null";null;"null";"null";"null";2,00;"02";"المشروع/البرنامج";"Projet d'investissement";"N";"لم يتم تعيينه لطلب";"Non affecté à une requête";null;120,00;null;"null";"null";"null";"null";"null";"null";3,00;"null";false;"null";"null";"null";"null";null;false;0,00;null;"null";null;null;null
1 377,00;null;null;"null";8,00;"08";"في طور التنفيذ";"En exécution";"null";"null";"P26085";"projet de développement du transport et distribution de Gaz naturel ";"null";null;false;false;false;29,75;null;null;0,98;29,00;"KWD";"KD";"Dinar Koweitien";1,00;10,20;303,45;10,00;01/01/2013;31/12/2015;"3 an(s)";null;null;null;null;null;null;null;"null";"null";"null";"null";37,00;2 859,00;"014039";"الشركة التونسيّة للكهرباء والغاز";"Société Tunisienne d'Electricité et de Gaz";"Tunisian Company For Electricity And Gas";null;null;"null";"null";"null";"null";"null";"null";20/04/2026 10:14;null;false;null;"null";null;"null";"null";"null";2,00;"02";"المشروع/البرنامج";"Projet d'investissement";"N";"لم يتم تعيينه لطلب";"Non affecté à une requête";null;168,00;null;"null";"null";"null";"null";"null";"null";2,00;"null";false;"null";"null";"null";"null";null;false;0,00;null;"null";null;null;null
1 379,00;null;null;"null";8,00;"08";"في طور التنفيذ";"En exécution";"null";"null";"P26087";"Construction des ponts sur les routes classées";"null";null;false;true;false;210,00;null;null;200,00;37,00;"TND";"TND";"Dinar Tunisien";1,00;1,00;210,00;200,00;07/01/2017;07/01/2021;"4 an(s)";null;null;null;null;null;null;null;"null";"null";"null";"null";null;21,00;"013";"وزارة التجهيز والاسكان والتهيئة الترابية";"Ministère de l’Equipement et l’habitat";"null";null;null;"null";"null";"null";"null";"null";"null";20/04/2026 10:24;null;false;null;"null";null;"null";"null";"null";2,00;"02";"المشروع/البرنامج";"Projet d'investissement";"N";"لم يتم تعيينه لطلب";"Non affecté à une requête";null;120,00;null;"null";"null";"null";"null";"null";"null";1,00;"null";false;"null";"null";"null";"null";null;false;0,00;null;"null";null;null;null
1 388,00;null;null;"null";8,00;"08";"في طور التنفيذ";"En exécution";"null";"null";"P26090";"Appui à l'enseignement primaire ";"null";null;false;true;false;496,00;null;null;500,00;37,00;"TND";"TND";"Dinar Tunisien";1,00;1,00;496,00;500,00;08/05/2018;08/05/2022;"4 an(s)";null;null;null;null;null;null;null;"null";"null";"null";"null";null;18,00;"011";"وزارة التربية";"Ministère de l'Education";"Ministry of Education";null;null;"null";"null";"null";"null";"null";"null";20/04/2026 10:52;null;false;null;"null";null;"null";"null";"null";2,00;"02";"المشروع/البرنامج";"Projet d'investissement";"N";"لم يتم تعيينه لطلب";"Non affecté à une requête";null;120,00;null;"null";"null";"null";"null";"null";"null";1,00;"null";false;"null";"null";"null";"null";null;false;0,00;null;"null";null;null;null
1 397,00;null;null;"null";8,00;"08";"في طور التنفيذ";"En exécution";"null";"null";"P26092";"Programme de développement intégré3";"null";null;false;true;false;570,00;null;null;500,00;37,00;"TND";"TND";"Dinar Tunisien";1,00;1,00;570,00;500,00;10/04/2020;10/04/2026;"6 an(s)";null;null;null;null;null;null;null;"null";"null";"null";"null";1,00;1 821,00;"002005";"المندوبية العامة للتنمية الجهوية";"Commissariat général au développement régional";"Commissariat général au développement régional";null;null;"null";"null";"null";"null";"null";"null";20/04/2026 13:19;null;false;null;"null";null;"null";"null";"null";2,00;"02";"المشروع/البرنامج";"Projet d'investissement";"N";"لم يتم تعيينه لطلب";"Non affecté à une requête";null;120,00;null;"null";"null";"null";"null";"null";"null";1,00;"null";false;"null";"null";"null";"null";null;false;0,00;null;"null";null;null;null
1 402,00;null;null;"null";8,00;"08";"في طور التنفيذ";"En exécution";"null";"null";"P26093";"Maintenance de la mosquée ""le Roi Abdelaziz Al Saoud"" à Tunis";"null";null;false;false;false;2,00;0,00;0,00;2,00;35,00;"SAR";"SAR";"Ryal Saoudien";1,00;0,77;1,54;null;null;null;"null";null;null;null;0,00;0,00;null;null;"null";"null";"null";"null";null;26,00;"027";"وزارة الشؤون الدينية";"Ministère des Affaires Religieuses";"Ministry of Religious Affairs";null;null;"null";"null";"null";"null";"null";"null";20/04/2026 13:33;null;false;null;"null";null;"null";"null";"null";2,00;"02";"المشروع/البرنامج";"Projet d'investissement";"N";"لم يتم تعيينه لطلب";"Non affecté à une requête";null;146,00;null;"null";"null";"null";"null";"null";"null";null;"affaires religieuses";false;"null";"null";"null";"null";null;false;0,00;null;"null";null;null;null
1 403,00;null;null;"null";8,00;"08";"في طور التنفيذ";"En exécution";"null";"null";"P26094";"Barrages tessa et KHALLED";"null";null;false;true;false;337,00;null;null;300,00;37,00;"TND";"TND";"Dinar Tunisien";1,00;1,00;337,00;300,00;22/09/2021;22/09/2026;"5 an(s)";null;null;null;null;null;null;null;"null";"null";"null";"null";17,00;3 586,00;"007092";"الإدارة العامة للسدود والإشغال المائية الكبرى";"DG- BARRAGES ET DES GRANDS TRAVAUX HYDRAULIQUES";"DG- BARRAGES ET DES GRANDS TRAVAUX HYDRAULIQUES";null;null;"null";"null";"null";"null";"null";"null";20/04/2026 13:44;null;false;null;"null";null;"null";"null";"null";2,00;"02";"المشروع/البرنامج";"Projet d'investissement";"N";"لم يتم تعيينه لطلب";"Non affecté à une requête";null;120,00;null;"null";"null";"null";"null";"null";"null";3,00;"null";false;"null";"null";"null";"null";null;false;0,00;null;"null";null;null;null
1 404,00;null;null;"null";8,00;"08";"في طور التنفيذ";"En exécution";"null";"null";"P26095";"Restauration de la mosquée ""Zitouna et les Zone de la médina de Tunis";"null";null;false;false;false;5,00;0,00;null;5,00;38,00;"USD";"$";"Dollar des USA";1,00;3,06;15,32;null;null;null;"null";null;null;null;null;0,00;null;null;"null";"null";"null";"null";11,00;1 838,00;"1000000095";"المعهد الوطني للتراث";"Institut National du Patrimoine";"National Institute of Heritage";null;null;"null";"null";"null";"null";"Ministère de la défense nationale";"null";20/04/2026 13:46;null;false;null;"null";null;"null";"null";"null";2,00;"02";"المشروع/البرنامج";"Projet d'investissement";"N";"لم يتم تعيينه لطلب";"Non affecté à une requête";null;146,00;null;"null";"null";"null";"null";"null";"null";null;"null";false;"null";"null";"null";"null";null;false;0,00;null;"null";null;null;null
1 405,00;null;null;"null";8,00;"08";"في طور التنفيذ";"En exécution";"null";"null";"P26096";"Le programme d'urgence pour lutter contre les effets de la pandémie COVID-19";"null";null;false;false;false;270,00;null;null;300,00;37,00;"TND";"TND";"Dinar Tunisien";1,00;1,00;270,00;300,00;28/04/2021;28/04/2026;"5 an(s)";null;null;null;null;null;null;null;"null";"null";"null";"null";null;16,00;"010";"وزارة الصحّة";"Ministère de la Santé";"Ministry of Health";null;null;"null";"null";"null";"null";"null";"null";20/04/2026 14:07;null;false;null;"null";null;"null";"null";"null";2,00;"02";"المشروع/البرنامج";"Projet d'investissement";"N";"لم يتم تعيينه لطلب";"Non affecté à une requête";null;120,00;null;"null";"null";"null";"null";"null";"null";null;"null";false;"null";"null";"null";"null";null;false;0,00;null;"null";null;null;null
1 410,00;null;null;"null";8,00;"08";"في طور التنفيذ";"En exécution";"null";"null";"P26097";"Restauration de la mosquée"" Okba Ibn Nafaa et la Médina "" Kairouan";"null";null;false;false;false;15,00;0,00;null;15,00;38,00;"USD";"$";"Dollar des USA";1,00;3,06;45,96;null;null;null;"null";null;null;null;null;0,00;null;null;"null";"null";"null";"null";11,00;1 838,00;"1000000095";"المعهد الوطني للتراث";"Institut National du Patrimoine";"National Institute of Heritage";null;null;"null";"null";"null";"null";"Ministère de la défense nationale";"null";20/04/2026 14:28;null;false;null;"null";null;"null";"null";"null";2,00;"02";"المشروع/البرنامج";"Projet d'investissement";"N";"لم يتم تعيينه لطلب";"Non affecté à une requête";null;213,00;null;"null";"null";"null";"null";"null";"null";null;"null";false;"null";"null";"null";"null";null;false;0,00;null;"null";null;null;null
1 414,00;null;null;"null";8,00;"08";"في طور التنفيذ";"En exécution";"null";"null";"P26098";"Développement Agricol Intégré du Sud du Gouvernorat Kasserine";"null";null;false;true;false;240,00;null;null;null;37,00;"TND";"TND";"Dinar Tunisien";1,00;1,00;240,00;null;02/01/2023;01/12/2029;"6 an(s), 10 mois";null;null;null;null;null;null;null;"null";"null";"null";"null";17,00;2 304,00;"007024";"المندوبية الجهوية للتنمية الفلاحية بالقصرين";"Commissariat Régional au Développement Agricole de Kasserine";"Regional Commissary for Agricultural Development Of Kasserine Governorate";null;null;"null";"null";"null";"null";"null";"null";20/04/2026 14:28;null;false;null;"null";null;"null";"null";"null";2,00;"02";"المشروع/البرنامج";"Projet d'investissement";"N";"لم يتم تعيينه لطلب";"Non affecté à une requête";null;120,00;null;"null";"null";"null";"null";"null";"null";3,00;"null";false;"null";"null";"null";"null";null;false;0,00;null;"null";null;null;null
1 425,00;null;null;"null";8,00;"08";"في طور التنفيذ";"En exécution";"null";"null";"P26100";"Construction et réhabilitation des routes classées";"null";null;false;true;false;237,00;null;null;150,00;37,00;"TND";"TND";"Dinar Tunisien";1,00;1,00;237,00;150,00;29/04/2023;29/04/2026;"3 an(s)";null;null;null;null;null;null;null;"null";"null";"null";"null";21,00;3 594,00;"013049";"Direction Générale des Ponts et Chaussés";"Direction Générale des Ponts et Chaussés";"null";null;null;"null";"null";"null";"null";"null";"null";20/04/2026 14:34;null;false;null;"null";null;"null";"null";"null";2,00;"02";"المشروع/البرنامج";"Projet d'investissement";"N";"لم يتم تعيينه لطلب";"Non affecté à une requête";null;120,00;null;"null";"null";"null";"null";"null";"null";null;"null";false;"null";"null";"null";"null";null;false;0,00;null;"null";null;null;null
1 220,00;null;null;"null";8,00;"08";"في طور التنفيذ";"En exécution";"null";"null";"PAT26006";"Projet d'Appui Technique à la Digitalisation et à l’Innovation de Filiére Céréalére ( PATDFIC)";"null";null;false;false;false;300,00;null;null;null;41,00;"UC";"UC";"Unité de compte";1,00;4,19;1 257,00;null;07/07/2023;30/06/2025;"1 an, 11 mois";null;null;null;null;null;null;null;"null";"null";"null";"null";null;17,00;"007";"وزارة الــفــلاحــة والموارد المائية والصيد البحري";"Ministère de l’Agriculture, des Ressources hydrauliques et de la Pêche ";"Ministry of Agriculture";null;null;"null";"null";"null";"null";"null";"null";20/04/2026 14:39;null;false;null;"null";null;"null";"null";"null";1,00;"01";"مشروع مساعدة تقنية";"Projet d'assistance technique ";"N";"لم يتم تعيينه لطلب";"Non affecté à une requête";null;216,00;null;"null";"null";"null";"null";"null";"null";null;"null";false;"null";"null";"null";"null";null;false;0,00;null;"null";null;null;null
1 426,00;null;null;"null";8,00;"08";"في طور التنفيذ";"En exécution";"null";"null";"P26101";"Projet de développement agricole intégré dans le bassin de l'oued Tassa, gouvernorat de Kef";"null";null;false;true;false;110,00;null;null;null;37,00;"TND";"TND";"Dinar Tunisien";1,00;1,00;110,00;null;null;null;"null";null;null;null;null;null;null;null;"null";"null";"null";"null";null;17,00;"007";"وزارة الــفــلاحــة والموارد المائية والصيد البحري";"Ministère de l’Agriculture, des Ressources hydrauliques et de la Pêche ";"Ministry of Agriculture";null;null;"null";"null";"null";"null";"null";"null";20/04/2026 14:52;null;false;null;"null";null;"null";"null";"null";2,00;"02";"المشروع/البرنامج";"Projet d'investissement";"N";"لم يتم تعيينه لطلب";"Non affecté à une requête";null;120,00;null;"null";"null";"null";"null";"null";"null";3,00;"null";false;"null";"null";"null";"null";null;false;0,00;null;"null";null;null;null
1 427,00;null;null;"null";8,00;"08";"في طور التنفيذ";"En exécution";"null";"null";"P26102";"Projet d'amélioration de la route nationale n° 20 dans le gouvernorat de Kebili";"null";null;false;false;false;82,00;null;null;null;37,00;"TND";"TND";"Dinar Tunisien";1,00;1,00;82,00;null;null;null;"null";null;null;null;null;null;null;null;"null";"null";"null";"null";21,00;3 594,00;"013049";"Direction Générale des Ponts et Chaussés";"Direction Générale des Ponts et Chaussés";"null";null;null;"null";"null";"null";"null";"null";"-";21/04/2026 08:35;null;false;null;"null";null;"null";"null";"null";2,00;"02";"المشروع/البرنامج";"Projet d'investissement";"N";"لم يتم تعيينه لطلب";"Non affecté à une requête";null;213,00;null;"null";"null";"null";"null";"null";"null";null;"null";false;"null";"null";"null";"null";null;false;0,00;null;"null";null;null;null
1 434,00;null;null;"null";8,00;"08";"في طور التنفيذ";"En exécution";"null";"null";"P26103";"Protection des villes et des zones urbaines contre les inondations ";"null";null;false;false;false;228,00;null;null;281,48;35,00;"SAR";"SAR";"Ryal Saoudien";1,00;0,81;184,68;228,00;null;30/06/2027;"7 ANS";null;null;null;null;null;null;null;"null";"null";"null";"null";null;21,00;"013";"وزارة التجهيز والاسكان والتهيئة الترابية";"Ministère de l’Equipement et l’habitat";"null";null;null;"null";"null";"null";"null";"null";"la réhabilitation et la construction de canaux en béton armé, la restauration de bassins de collecte des eaux pluviales et la création d'un canal circulaire en terre à proximité du salar d'ariana et du grand tunis, il en englobe également la réhabilitation des routes et des espaces verts, ainsi que la restauration et la construction d'infrastructure hydraulique dans le gouvernorat de gabes et dans d'autres régions.  ";21/04/2026 09:15;null;false;null;"null";null;"null";"null";"null";2,00;"02";"المشروع/البرنامج";"Projet d'investissement";"N";"لم يتم تعيينه لطلب";"Non affecté à une requête";null;146,00;null;"null";"null";"null";"null";"null";"null";null;"null";false;"null";"null";"null";"null";null;false;0,00;null;"null";null;null;null
1 439,00;null;null;"null";8,00;"08";"في طور التنفيذ";"En exécution";"null";"null";"PAT26020";"Soutien à la SIPHAT pour des missions d'accés aux marchés africaains et l'enregistrement de médicaments en Libye , au Sénégal, , au Cameroun et au Togo";"null";null;false;false;false;0,07;null;null;null;38,00;"USD";"$";"Dollar des USA";1,00;3,06;0,20;null;01/01/2023;null;"null";null;null;null;null;null;null;null;"null";"null";"null";"null";16,00;2 077,00;"010042";"شركة صناعة الأدوية بالبلاد التونسية";"Société des Industries Pharmceutiques de Tunisie";"Society to Industries Pharmceutiques of Tunisia";null;null;"null";"null";"null";"null";"null";"null";21/04/2026 09:18;null;false;null;"null";null;"null";"null";"null";1,00;"01";"مشروع مساعدة تقنية";"Projet d'assistance technique ";"N";"لم يتم تعيينه لطلب";"Non affecté à une requête";null;147,00;null;"null";"null";"null";"null";"null";"null";null;"null";false;"null";"null";"null";"null";null;false;0,00;null;"null";null;null;null
1 438,00;null;null;"null";11,00;"11";"منجز";"Achevé";"null";"null";"PAT26019";"soutien au Biotechpole Sidi Thabet pour la rénovation et l'equipement d'un laboratoire, le développement de prototypes en biotechnologie, et l'accompagnements des start-ups en biothechnologie médicale.";"null";null;false;false;false;0,10;null;null;null;38,00;"USD";"$";"Dollar des USA";1,00;3,06;0,31;null;null;null;"null";null;null;null;null;null;null;null;"null";"null";"null";"null";19,00;3 596,00;"012195";"القطب البيولوجي بسيدي ثابت";"Biotechpôle de Sidi Thabet";"null";null;null;"null";"null";"null";"null";"null";"null";21/04/2026 09:28;null;false;null;"null";null;"null";"null";"null";1,00;"01";"مشروع مساعدة تقنية";"Projet d'assistance technique ";"N";"لم يتم تعيينه لطلب";"Non affecté à une requête";null;147,00;null;"null";"null";"null";"null";"null";"null";null;"null";false;"null";"null";"null";"null";null;false;0,00;null;"null";null;null;null
1 421,00;null;null;"null";11,00;"11";"منجز";"Achevé";"null";"null";"PAT26018";"Biotechpole Sidi Thabet-ATCT: Organisation d'une session de formation dans le secteur de la pharmacie, des médicaments et de la chimie.";"null";null;false;false;false;0,05;0,00;0,00;0,01;38,00;"USD";"$";"Dollar des USA";1,00;3,06;0,14;0,05;01/06/2025;21/04/2026;"10 mois";null;null;null;0,00;0,00;null;null;"null";"null";"null";"null";19,00;3 596,00;"012195";"القطب البيولوجي بسيدي ثابت";"Biotechpôle de Sidi Thabet";"null";1,00;1 817,00;"002006";"الوكالة التونسية للتعاون الفني";"Agence Tunisienne de la Coopération Technique";"Tunisian Agency for Technical Cooperation";"null";"null";21/04/2026 09:28;null;false;null;"null";null;"null";"null";"null";1,00;"01";"مشروع مساعدة تقنية";"Projet d'assistance technique ";"N";"لم يتم تعيينه لطلب";"Non affecté à une requête";null;147,00;null;"null";"null";"null";"null";"null";"null";null;"null";false;"null";"null";"null";"null";null;false;0,00;null;"null";null;null;null
1 442,00;null;null;"null";8,00;"08";"في طور التنفيذ";"En exécution";"null";"null";"PAT26021";"financment pour le CEPEX  d'une mission d'affaires dans le secteur des équipements et fournitures médicaux et paramédicaux, Abidjan-cote d'ivoire (22-24- avril 2025)";"null";null;false;false;false;0,01;null;null;null;38,00;"USD";"$";"Dollar des USA";1,00;3,06;0,03;null;null;null;"null";null;null;null;null;null;null;null;"null";"null";"null";"null";40,00;3 597,00;"019009";"مركز النهوض بالصادرات";"Centre de promotion des exportations";"null";null;null;"null";"null";"null";"null";"null";"null";21/04/2026 09:42;null;false;null;"null";null;"null";"null";"null";1,00;"01";"مشروع مساعدة تقنية";"Projet d'assistance technique ";"N";"لم يتم تعيينه لطلب";"Non affecté à une requête";null;147,00;null;"null";"null";"null";"null";"null";"null";null;"null";false;"null";"null";"null";"null";null;false;0,00;null;"null";null;null;null
1 443,00;null;null;"null";8,00;"08";"في طور التنفيذ";"En exécution";"null";"null";"PAT26022";"financment pour le CEPEX  d'une mission d'affaires dans le secteur des équipements et fournitures médicaux et paramédicaux,Nairobi-Kenya (14-16- mai2025)";"null";null;false;false;false;0,01;null;null;null;37,00;"TND";"TND";"Dinar Tunisien";1,00;1,00;0,01;null;null;null;"null";null;null;null;null;null;null;null;"null";"null";"null";"null";40,00;3 597,00;"019009";"مركز النهوض بالصادرات";"Centre de promotion des exportations";"null";null;null;"null";"null";"null";"null";"null";"null";21/04/2026 09:46;null;false;null;"null";null;"null";"null";"null";1,00;"01";"مشروع مساعدة تقنية";"Projet d'assistance technique ";"N";"لم يتم تعيينه لطلب";"Non affecté à une requête";null;147,00;null;"null";"null";"null";"null";"null";"null";null;"null";false;"null";"null";"null";"null";null;false;0,00;null;"null";null;null;null
1 444,00;null;null;"null";8,00;"08";"في طور التنفيذ";"En exécution";"null";"null";"P26104";"projet d'amelioration des réseaux d'eau potable dans les zones urbaines en tunisie ";"null";null;false;false;false;35,70;null;null;30,00;29,00;"KWD";"KD";"Dinar Koweitien";1,00;10,20;364,14;null;29/12/2020;31/12/2025;"5 an(s)";null;null;null;null;null;null;null;"null";"null";"null";"null";17,00;2 342,00;"007059";"الشركة الوطنية لاستغلال وتوزيع المياه";"Société Nationale d'Exploitation et de Distribution des Eaux";"National Water Distribution Utility";null;null;"null";"null";"null";"null";"null";"null";21/04/2026 09:55;null;false;null;"null";null;"null";"null";"null";2,00;"02";"المشروع/البرنامج";"Projet d'investissement";"N";"لم يتم تعيينه لطلب";"Non affecté à une requête";null;168,00;null;"null";"null";"null";"null";"null";"null";null;"null";false;"null";"null";"null";"null";null;false;0,00;null;"null";null;null;null
1 446,00;null;null;"null";8,00;"08";"في طور التنفيذ";"En exécution";"null";"null";"PAT26024";"financment pour le CEPEX  d'une mission d'affaires dans le secteur des équipements et fournitures médicaux et paramédicaux, Kigala-Rwanda(octobre 2025) 2025)";"null";null;false;false;false;0,02;null;null;null;38,00;"USD";"$";"Dollar des USA";1,00;3,06;0,06;null;null;null;"null";null;null;null;null;null;null;null;"null";"null";"null";"null";40,00;3 597,00;"019009";"مركز النهوض بالصادرات";"Centre de promotion des exportations";"null";null;null;"null";"null";"null";"null";"null";"null";21/04/2026 10:06;null;false;null;"null";null;"null";"null";"null";1,00;"01";"مشروع مساعدة تقنية";"Projet d'assistance technique ";"N";"لم يتم تعيينه لطلب";"Non affecté à une requête";null;147,00;null;"null";"null";"null";"null";"null";"null";null;"null";false;"null";"null";"null";"null";null;false;0,00;null;"null";null;null;null
1 316,00;null;null;"null";7,00;"07";"في انتظار التنفيذ";"En attente de mise en vigueur";"null";"null";"P26068";"Projet de création d'un pôle oasis dans le sud de la Tunisie";"null";null;false;false;false;143,29;null;null;null;35,00;"SAR";"SAR";"Ryal Saoudien";1,00;0,81;116,06;null;null;null;"null";null;null;null;null;null;null;null;"null";"null";"null";"null";17,00;2 316,00;"007035";"المندوبية الجهوية للتنمية الفلاحية بتطاوين";"Commissariat Régional au Développement Agricole de Tataouine";"Regional Commissary for Agricultural Development of Tataouine Governorate";12,00;1 865,00;"003010";"ديوان تنمية رجيم معتوق";"Office de Développement de Rjim Maâtoug";"Office for the Development of Rjim Maatoug";"null";"null";21/04/2026 10:17;null;false;null;"null";null;"null";"null";"null";2,00;"02";"المشروع/البرنامج";"Projet d'investissement";"N";"لم يتم تعيينه لطلب";"Non affecté à une requête";null;213,00;null;"null";"null";"null";"null";"null";"null";null;"null";false;"null";"null";"null";"null";null;false;0,00;null;"null";null;null;null
1 447,00;null;null;"null";8,00;"08";"في طور التنفيذ";"En exécution";"null";"null";"P26105";"projet de réhabilitation et developpement des systèmes d'eau potable en tunisie";"null";null;false;false;false;26,18;0,41;0,41;22,00;29,00;"KWD";"KD";"Dinar Koweitien";1,00;10,20;267,04;null;21/07/2016;31/12/2020;"4 an(s), 5 mois";null;null;null;null;4,18;null;null;"null";"null";"null";"null";17,00;2 342,00;"007059";"الشركة الوطنية لاستغلال وتوزيع المياه";"Société Nationale d'Exploitation et de Distribution des Eaux";"National Water Distribution Utility";null;null;"null";"null";"null";"null";"null";"null";21/04/2026 10:22;null;false;null;"null";null;"null";"null";"null";2,00;"02";"المشروع/البرنامج";"Projet d'investissement";"N";"لم يتم تعيينه لطلب";"Non affecté à une requête";null;168,00;null;"null";"null";"null";"null";"null";"null";null;"null";false;"null";"null";"null";"null";null;false;0,00;null;"null";null;null;null
1 415,00;null;null;"null";8,00;"08";"في طور التنفيذ";"En exécution";"null";"null";"P26099";"Création de ""l'hôpital du Roi Salmene Ibn Abdelaziz universitaire"" à Kairouan";"null";null;false;false;false;85,00;null;null;27,74;38,00;"USD";"$";"Dollar des USA";1,00;3,06;260,44;null;null;31/12/2027;"null";null;null;null;null;null;null;null;"null";"null";"null";"null";null;16,00;"010";"وزارة الصحّة";"Ministère de la Santé";"Ministry of Health";null;null;"null";"null";"null";"null";"null";"création et équipement d'un hôpital universitaire contenant toutes les spécialités médicales nécessaire pour le gouvernorat de Kairouan  ";21/04/2026 13:24;null;false;null;"null";null;"null";"null";"null";2,00;"02";"المشروع/البرنامج";"Projet d'investissement";"N";"لم يتم تعيينه لطلب";"Non affecté à une requête";null;146,00;null;"null";"null";"null";"null";"null";"null";3,00;"null";false;"null";"null";"null";"null";null;false;0,00;null;"null";null;null;null
1 393,00;null;null;"null";8,00;"08";"في طور التنفيذ";"En exécution";"null";"null";"P26091";"projet de Protection du littoral entre les sites de Gammarth et Carthage contre l’érosion";"null";null;false;false;false;140,00;null;null;70,00;35,00;"SAR";"SAR";"Ryal Saoudien";1,00;0,77;107,80;null;null;31/12/2027;"2 ans et 6 mois";null;null;null;null;null;null;null;"null";"null";"null";"null";20,00;2 729,00;"020037";"وكالة حماية وتهيئة الشريط الساحلي";"Agence de Protection et d'Aménagement du Littoral";"Agency of Protection and Coastal Planning";null;null;"null";"null";"null";"null";"null";"la protection du littoral touchés par l'érosion et la protection des infrastructures économique et sociales limitrophes.";21/04/2026 13:45;null;false;null;"null";null;"null";"null";"null";2,00;"02";"المشروع/البرنامج";"Projet d'investissement";"N";"لم يتم تعيينه لطلب";"Non affecté à une requête";null;146,00;null;"null";"null";"null";"null";"null";"null";null;"null";false;"null";"null";"null";"null";null;false;0,00;null;"null";null;null;null
1 456,00;null;null;"null";8,00;"08";"في طور التنفيذ";"En exécution";"null";"null";"P26109";"projet de réhabilitation des pistes rurales en tunisie";"null";null;false;false;false;35,70;null;null;null;29,00;"KWD";"KD";"Dinar Koweitien";1,00;10,20;364,14;null;29/03/2019;31/12/2025;"6 an(s), 9 mois";null;null;null;null;null;null;null;"null";"null";"null";"null";21,00;3 594,00;"013049";"Direction Générale des Ponts et Chaussés";"Direction Générale des Ponts et Chaussés";"null";null;21,00;"013";"وزارة التجهيز والاسكان والتهيئة الترابية";"Ministère de l’Equipement et l’habitat";"null";"null";"null";21/04/2026 13:49;null;false;null;"null";null;"null";"null";"null";2,00;"02";"المشروع/البرنامج";"Projet d'investissement";"N";"لم يتم تعيينه لطلب";"Non affecté à une requête";null;168,00;null;"null";"null";"null";"null";"null";"null";1,00;"null";false;"null";"null";"null";"null";null;false;0,00;null;"null";null;null;null
1 445,00;null;null;"null";8,00;"08";"في طور التنفيذ";"En exécution";"null";"null";"PAT26023";"financment de l'organisation de rencontres professionnelles tuniso-africaines (23-25 Juin 2025)";"null";null;false;false;false;0,04;null;null;0,04;38,00;"USD";"$";"Dollar des USA";1,00;3,06;0,11;null;null;null;"null";null;null;null;null;null;null;null;"null";"null";"null";"null";40,00;3 597,00;"019009";"مركز النهوض بالصادرات";"Centre de promotion des exportations";"null";null;null;"null";"null";"null";"null";"null";"null";21/04/2026 14:02;null;false;null;"null";null;"null";"null";"null";1,00;"01";"مشروع مساعدة تقنية";"Projet d'assistance technique ";"N";"لم يتم تعيينه لطلب";"Non affecté à une requête";null;213,00;null;"null";"null";"null";"null";"null";"null";null;"null";false;"null";"null";"null";"null";null;false;0,00;null;"null";null;null;null
1 452,00;null;null;"null";7,00;"07";"في انتظار التنفيذ";"En attente de mise en vigueur";"null";"null";"P26108";"financement des besoins de la STEG en gaz naturel";"null";null;false;false;false;null;null;null;9,79;38,00;"USD";"$";"Dollar des USA";1,00;3,06;null;30,00;19/12/2025;31/12/2028;"3 an(s)";null;null;null;null;null;null;null;"null";"null";"null";"null";37,00;2 859,00;"014039";"الشركة التونسيّة للكهرباء والغاز";"Société Tunisienne d'Electricité et de Gaz";"Tunisian Company For Electricity And Gas";null;null;"null";"null";"null";"null";"null";"financement des besoins en importations du gaz naturel";21/04/2026 14:02;null;false;null;"null";null;"null";"null";"null";2,00;"02";"المشروع/البرنامج";"Projet d'investissement";"N";"لم يتم تعيينه لطلب";"Non affecté à une requête";null;213,00;null;"null";"null";"null";"null";"null";"null";1,00;"null";false;"null";"null";"null";"null";null;false;0,00;null;"null";null;null;null
1 448,00;null;null;"null";8,00;"08";"في طور التنفيذ";"En exécution";"null";"null";"P26106";"projet de construction et equipement de 4 hopitaux régionaux à makthar ghar dima, jelma et haffouz";"null";null;false;false;false;28,56;0,47;null;24,00;29,00;"KWD";"KD";"Dinar Koweitien";1,00;10,21;291,71;null;16/12/2017;31/12/2022;"5 an(s)";null;null;null;null;4,86;null;null;"null";"null";"null";"null";21,00;3 594,00;"013049";"Direction Générale des Ponts et Chaussés";"Direction Générale des Ponts et Chaussés";"null";21,00;3 594,00;"013049";"Direction Générale des Ponts et Chaussés";"Direction Générale des Ponts et Chaussés";"null";"null";"null";21/04/2026 14:12;null;false;null;"null";null;"null";"null";"null";2,00;"02";"المشروع/البرنامج";"Projet d'investissement";"N";"لم يتم تعيينه لطلب";"Non affecté à une requête";null;213,00;null;"null";"null";"null";"null";"null";"null";3,00;"null";false;"null";"null";"null";"null";null;false;0,00;null;"null";null;null;null
1 387,00;null;null;"null";8,00;"08";"في طور التنفيذ";"En exécution";"null";"null";"P26089";"le Développement du Réseau de Transport et de distribution  du Gaz Naturel ";"null";null;false;false;false;555,00;null;null;null;38,00;"USD";"$";"Dollar des USA";1,00;3,06;1 700,52;null;null;null;"null";null;null;null;null;null;null;null;"null";"null";"null";"null";null;37,00;"014";"وزارة الصناعة والمؤسسات الصغرى والمتوسطة";"Ministère de l'Industrie, des Mines et de l'Energie";"Ministère de l’Industrie et des PME";null;null;"null";"null";"null";"null";"null";"Développer le réseau de gazoducs et approvisionner en gaz naturel les villes tunisiennes et vise également à réaliser des économies d'énergie et à remplacer d'autres combustibles par le gaz afin de préserver l'environnement ";21/04/2026 14:25;null;false;null;"null";null;"null";"null";"null";2,00;"02";"المشروع/البرنامج";"Projet d'investissement";"N";"لم يتم تعيينه لطلب";"Non affecté à une requête";null;213,00;null;"null";"null";"null";"null";"null";"null";1,00;"null";false;"null";"null";"null";"null";null;false;0,00;null;"null";null;null;null
1 378,00;null;null;"null";8,00;"08";"في طور التنفيذ";"En exécution";"null";"null";"P26086";"Développement du système de formation professionnelle";"null";null;false;false;false;350,00;null;null;60,00;35,00;"SAR";"SAR";"Ryal Saoudien";1,00;0,77;269,50;null;null;null;"null";null;null;null;null;null;null;null;"null";"null";"null";"null";null;13,00;"006";"وزارة التشغيل والتكوين المهني";"Ministère de la Formation Professionnelle et de l'Emploi ";"Ministry of Vocational Training and Employment";null;null;"null";"null";"null";"null";"null";"null";21/04/2026 14:51;null;false;null;"null";null;"null";"null";"null";2,00;"02";"المشروع/البرنامج";"Projet d'investissement";"N";"لم يتم تعيينه لطلب";"Non affecté à une requête";null;146,00;null;"null";"null";"null";"null";"null";"null";2,00;"null";false;"null";"null";"null";"null";null;false;0,00;null;"null";null;null;null
1 199,00;null;null;"null";8,00;"08";"في طور التنفيذ";"En exécution";"null";"null";"P26033";"Programme d’Alimentation en Eau Potable en Milieu Rural – Phase II (PAEPR II)";"null";30/11/2016;false;false;false;143,80;null;null;null;39,00;"EUR";"€";"Euro";1,00;3,39;487,77;null;06/09/2016;31/12/2021;"5 an(s), 3 mois";null;null;null;null;null;null;null;"null";"null";"null";"null";17,00;2 342,00;"007059";"الشركة الوطنية لاستغلال وتوزيع المياه";"Société Nationale d'Exploitation et de Distribution des Eaux";"National Water Distribution Utility";null;null;"null";"null";"null";"null";"null";"null";22/04/2026 11:00;null;false;null;"null";null;"null";"null";"null";2,00;"02";"المشروع/البرنامج";"Projet d'investissement";"N";"لم يتم تعيينه لطلب";"Non affecté à une requête";null;216,00;null;"null";"null";"null";"null";"null";"null";1,00;"null";false;"null";"null";"null";"null";null;false;0,00;null;"null";null;null;null
1 218,00;null;null;"null";8,00;"08";"في طور التنفيذ";"En exécution";"null";"null";"P26045";"Projet de Promotion de l'Agroforestiére et de Restauration des Paysages Forestiers Dégradés";"null";null;false;false;false;17,00;null;null;null;38,00;"USD";"$";"Dollar des USA";1,00;3,06;52,09;null;null;null;"null";null;null;null;null;null;null;null;"null";"null";"null";"null";null;17,00;"007";"وزارة الــفــلاحــة والموارد المائية والصيد البحري";"Ministère de l’Agriculture, des Ressources hydrauliques et de la Pêche ";"Ministry of Agriculture";null;null;"null";"null";"null";"null";"null";"null";23/04/2026 09:03;null;false;null;"null";null;"null";"null";"null";2,00;"02";"المشروع/البرنامج";"Projet d'investissement";"N";"لم يتم تعيينه لطلب";"Non affecté à une requête";null;216,00;null;"null";"null";"null";"null";"null";"null";null;"null";false;"null";"null";"null";"null";null;false;0,00;null;"null";null;null;null
1 238,00;null;null;"null";null;"null";"null";"null";"null";"null";"P26xxx";"Projet D'appui à la Mise en Œuvre du Plan Stratégique National";"null";null;false;false;false;134,96;null;null;null;39,00;"EUR";"€";"Euro";1,00;3,39;457,78;null;null;null;"null";null;null;null;null;null;null;null;"null";"null";"null";"null";null;30,00;"017";"وزارة تكنولوجيات الاتصال والاقتصاد الرقمي";"Ministère des Technologies de la Communication et de l’Economie numérique ";"Ministry of Information and Communication Technologies";null;null;"null";"null";"null";"null";"null";"null";23/04/2026 09:29;null;false;null;"null";null;"null";"null";"null";null;"null";"null";"null";"N";"لم يتم تعيينه لطلب";"Non affecté à une requête";null;216,00;null;"null";"null";"null";"null";"null";"null";null;"null";false;"null";"null";"null";"null";null;false;0,00;null;"null";null;null;null
1 232,00;null;null;"null";8,00;"08";"في طور التنفيذ";"En exécution";"null";"null";"P26051";"Projet d’Appui au Développement des Compétences Techniques et Technologiques (PADCTT)";"null";null;false;false;false;144,00;null;null;44,11;39,00;"EUR";"€";"Euro";1,00;3,39;488,45;null;21/12/2017;31/12/2023;"6 an(s)";null;null;null;null;null;null;null;"null";"null";"null";"null";null;18,00;"011";"وزارة التربية";"Ministère de l'Education";"Ministry of Education";null;null;"null";"null";"null";"null";"null";"null";23/04/2026 09:49;null;false;null;"null";null;"null";"null";"null";2,00;"02";"المشروع/البرنامج";"Projet d'investissement";"N";"لم يتم تعيينه لطلب";"Non affecté à une requête";null;216,00;null;"null";"null";"null";"null";"null";"null";null;"null";false;"null";"null";"null";"null";null;false;0,00;null;"null";null;null;null
1 224,00;null;null;"null";8,00;"08";"في طور التنفيذ";"En exécution";"null";"null";"P26048";"Programme d'Assainissement des Petites Communes de moins de 10 000 Habitants – Phase I (PAPC-I)";"null";null;false;false;false;163,30;null;null;null;39,00;"EUR";"€";"Euro";1,00;3,39;553,91;null;08/01/2019;31/12/2023;"4 an(s), 11 mois";null;null;null;null;null;null;null;"null";"null";"null";"null";null;20,00;"020";"وزارة البيئة";"Ministère de l'Environnement";"Ministry of Environment";null;null;"null";"null";"null";"null";"null";"null";23/04/2026 11:32;null;false;null;"null";null;"null";"null";"null";2,00;"02";"المشروع/البرنامج";"Projet d'investissement";"N";"لم يتم تعيينه لطلب";"Non affecté à une requête";null;216,00;null;"null";"null";"null";"null";"null";"null";null;"null";false;"null";"null";"null";"null";null;false;0,00;null;"null";null;null;null
1 233,00;null;null;"null";8,00;"08";"في طور التنفيذ";"En exécution";"null";"null";"PAT26011";"Projet d'Appui à la Transparence et au Contrôle Général des Finances (PAT-CGF)";"null";null;false;false;false;0,47;null;null;null;39,00;"EUR";"€";"Euro";1,00;3,39;1,59;null;null;null;"null";null;null;null;null;null;null;null;"null";"null";"null";"null";null;29,00;"022";"وزارة المالية";"Ministère des Finances";"Ministry of Finance";null;null;"null";"null";"null";"null";"null";"null";24/04/2026 08:25;null;false;null;"null";null;"null";"null";"null";1,00;"01";"مشروع مساعدة تقنية";"Projet d'assistance technique ";"N";"لم يتم تعيينه لطلب";"Non affecté à une requête";null;216,00;null;"null";"null";"null";"null";"null";"null";1,00;"null";false;"null";"null";"null";"null";null;false;0,00;null;"null";null;null;null
1 216,00;null;null;"null";8,00;"08";"في طور التنفيذ";"En exécution";"null";"null";"PAT26003";"Projet Chems: Le Solaire Photovoltaique pour les PME (PCSV-PME)";"null";null;false;false;false;0,99;null;null;null;38,00;"USD";"$";"Dollar des USA";1,00;3,06;3,03;null;null;null;"null";null;null;null;null;null;null;null;"null";"null";"null";"null";37,00;2 820,00;"014054";"الوكالة الوطنية للتحكم في الطاقة";"Agence Nationale pour la Maîtrise de l’Energie";"National Agency for Energy Conservation";null;null;"null";"null";"null";"null";"null";"null";24/04/2026 08:33;null;false;null;"null";null;"null";"null";"null";1,00;"01";"مشروع مساعدة تقنية";"Projet d'assistance technique ";"N";"لم يتم تعيينه لطلب";"Non affecté à une requête";null;216,00;null;"null";"null";"null";"null";"null";"null";null;"null";false;"null";"null";"null";"null";null;false;0,00;null;"null";null;null;null
1 221,00;null;null;"null";8,00;"08";"في طور التنفيذ";"En exécution";"null";"null";"PAT26007";"Projet d'Étude de la Transformation Structurelle et à la Compétitivité des Créneaux Porteurs (PÉTSC-CP)";"null";null;false;false;false;840,36;null;null;null;41,00;"UC";"UC";"Unité de compte";1,00;4,19;3 521,09;null;14/08/2015;28/02/2018;"2 an(s), 6 mois";null;null;null;null;null;null;null;"null";"null";"null";"null";null;1,00;"002";"وزارة الإقتصاد والتخطيط";"Ministère de l’Economie et de Planification";"Ministry of Investment Development and International Cooperation";null;null;"null";"null";"null";"null";"null";"null";24/04/2026 08:50;null;false;null;"null";null;"null";"null";"null";1,00;"01";"مشروع مساعدة تقنية";"Projet d'assistance technique ";"N";"لم يتم تعيينه لطلب";"Non affecté à une requête";null;216,00;null;"null";"null";"null";"null";"null";"null";null;"null";false;"null";"null";"null";"null";null;false;0,00;null;"null";null;null;null
1 222,00;null;null;"null";8,00;"08";"في طور التنفيذ";"En exécution";"null";"null";"PAT26008";"Projet d'Étude de Faisabilité Technique relative à L’Implémentation d'un Réseau de Chaleur et de Froid Pilote pour la Colline Sanitaire de Beb Saadoun (PÉFT-IRCFP)";"null";null;false;false;false;1,00;null;null;1,00;38,00;"USD";"$";"Dollar des USA";1,00;3,06;3,06;3,06;null;null;"null";null;null;null;null;null;null;null;"null";"null";"null";"null";37,00;2 820,00;"014054";"الوكالة الوطنية للتحكم في الطاقة";"Agence Nationale pour la Maîtrise de l’Energie";"National Agency for Energy Conservation";null;null;"null";"null";"null";"null";"null";"null";24/04/2026 08:51;null;false;null;"null";null;"null";"null";"null";1,00;"01";"مشروع مساعدة تقنية";"Projet d'assistance technique ";"N";"لم يتم تعيينه لطلب";"Non affecté à une requête";null;216,00;null;"null";"null";"null";"null";"null";"null";1,00;"null";false;"null";"null";"null";"null";null;false;0,00;null;"null";null;null;null
1 217,00;null;null;"null";8,00;"08";"في طور التنفيذ";"En exécution";"null";"null";"PAT26004";" Projet de Développement Durable et Inclusif dans les Zones de Montagne du Nord-Ouest de la Tunisie (PDDI-ZMNO)-ODESYPANO";"null";null;false;false;false;0,12;null;null;null;41,00;"UC";"UC";"Unité de compte";1,00;4,19;0,50;null;null;null;"null";null;null;null;null;null;null;null;"null";"null";"null";"null";17,00;2 331,00;"007048";"ديوان تنمية الغابات والمراعي بالشمال الغربي";"Office de Développement Sylvo Pastoral du Nord-Ouest";"Western North Sylvo-Pastoral Development Office";null;null;"null";"null";"null";"null";"null";"null";24/04/2026 09:33;null;false;null;"null";null;"null";"null";"null";1,00;"01";"مشروع مساعدة تقنية";"Projet d'assistance technique ";"N";"لم يتم تعيينه لطلب";"Non affecté à une requête";null;216,00;null;"null";"null";"null";"null";"null";"null";null;"null";false;"null";"null";"null";"null";null;false;0,00;null;"null";null;null;null
1 449,00;null;null;"null";8,00;"08";"في طور التنفيذ";"En exécution";"null";"null";"P26107";"projet de réhabilitation et equipement des services hospitaliers dans les hopitaux";"null";null;false;false;false;5,95;0,95;null;5,00;29,00;"KWD";"KD";"Dinar Koweitien";1,00;10,20;60,69;null;21/03/2018;31/12/2022;"4 an(s), 9 mois";null;null;null;null;null;null;null;"null";"null";"null";"null";null;16,00;"010";"وزارة الصحّة";"Ministère de la Santé";"Ministry of Health";21,00;3 594,00;"013049";"Direction Générale des Ponts et Chaussés";"Direction Générale des Ponts et Chaussés";"null";"null";"null";24/04/2026 09:41;null;false;null;"null";null;"null";"null";"null";2,00;"02";"المشروع/البرنامج";"Projet d'investissement";"N";"لم يتم تعيينه لطلب";"Non affecté à une requête";null;216,00;null;"null";"null";"null";"null";"null";"null";1,00;"null";false;"null";"null";"null";"null";null;false;0,00;null;"null";null;null;null
1 202,00;null;null;"null";8,00;"08";"في طور التنفيذ";"En exécution";"null";"null";"P26036";"Cap Emploi Compétitivité des TPES et Automatisation des Populations (CECAP-TPES)";"null";08/04/2026;false;false;false;500,00;null;null;26,53;39,00;"EUR";"€";"Euro";1,00;3,39;1 696,00;90,00;10/09/2024;31/12/2028;"4 an(s), 3 mois";null;null;null;null;null;null;null;"null";"null";"null";"null";13,00;1 911,00;"006002";"الوكالة التونسية للتكوين المهني";"Agence Tunisienne de la Formation Professionnelle";"Tunisian Agency of Professional Training";null;null;"null";"null";"null";"null";"Banque Tunisienne de solidarité";"null";24/04/2026 13:52;null;false;null;"null";null;"null";"null";"null";2,00;"02";"المشروع/البرنامج";"Projet d'investissement";"N";"لم يتم تعيينه لطلب";"Non affecté à une requête";null;216,00;null;"null";"null";"null";"null";"null";"null";null;"null";false;"null";"null";"null";"null";null;false;0,00;null;"null";null;null;null
1 470,00;null;null;"null";8,00;"08";"في طور التنفيذ";"En exécution";"null";"null";"P26111";"Projet de mise à niveau des lignes ferroviaires 6et 22";"null";null;false;false;false;185,00;null;null;null;39,00;"EUR";"€";"Euro";1,00;2,90;536,50;null;31/12/2018;31/12/2023;"5 an(s)";null;null;null;null;null;null;null;"null";"null";"null";"null";9,00;1 792,00;"024006";"الشركة الوطنية للسكك الحديدية بتونس";"Société Nationale des Chemins de Fer Tunisiens";"Tunisian Railways";null;null;"null";"null";"null";"null";"null";"null";27/04/2026 14:24;null;false;null;"null";null;"null";"null";"null";2,00;"02";"المشروع/البرنامج";"Projet d'investissement";"N";"لم يتم تعيينه لطلب";"Non affecté à une requête";null;218,00;null;"null";"null";"null";"null";"null";"null";2,00;"null";false;"null";"null";"null";"null";null;false;0,00;null;"null";null;null;null
1 476,00;null;null;"null";8,00;"08";"في طور التنفيذ";"En exécution";"null";"null";"P26113";"ELMED";"null";null;false;false;false;921,00;null;null;null;39,00;"EUR";"€";"Euro";1,00;3,39;3 122,19;null;31/01/2025;31/12/2028;"5 an(s), ";null;null;null;null;null;null;null;"null";"null";"null";"null";37,00;2 859,00;"014039";"الشركة التونسيّة للكهرباء والغاز";"Société Tunisienne d'Electricité et de Gaz";"Tunisian Company For Electricity And Gas";null;null;"null";"null";"null";"null";"null";"null";28/04/2026 09:09;null;false;null;"null";null;"null";"null";"null";2,00;"02";"المشروع/البرنامج";"Projet d'investissement";"N";"لم يتم تعيينه لطلب";"Non affecté à une requête";null;137,00;null;"null";"null";"null";"null";"null";"null";1,00;"null";false;"null";"null";"null";"null";null;false;0,00;null;"null";null;null;null
1 474,00;null;null;"null";8,00;"08";"في طور التنفيذ";"En exécution";"null";"null";"P26112";"Projet de renouvellement de la flotte de transport ferroviaire de la STT ( ligne TGM)";"null";null;false;false;false;90,00;null;null;null;39,00;"EUR";"€";"Euro";1,00;3,14;282,60;null;31/12/2021;31/12/2023;"4 an(s) ";null;null;null;null;null;null;null;"null";"null";"null";"null";9,00;1 789,00;"024010";"شركة النقل بتونس";"Société des Transports de Tunis";"Société des Transports de Tunis";null;null;"null";"null";"null";"null";"null";"null";28/04/2026 09:13;null;false;null;"null";null;"null";"null";"null";2,00;"02";"المشروع/البرنامج";"Projet d'investissement";"N";"لم يتم تعيينه لطلب";"Non affecté à une requête";null;213,00;null;"null";"null";"null";"null";"null";"null";null;"null";false;"null";"null";"null";"null";null;false;0,00;null;"null";null;null;null
1 467,00;null;null;"null";8,00;"08";"في طور التنفيذ";"En exécution";"null";"null";"P26110";"Programme de dépollution intégrée du lac de Bizerte ";"null";null;false;false;false;80,00;1,47;null;75,00;39,00;"EUR";"€";"Euro";1,00;3,39;271,36;null;null;31/12/2026;"4 ans ";null;null;null;null;5,00;null;null;"null";"null";"null";"null";20,00;2 735,00;"020004";"الديوان الوطني للتطهير";"Office National de l'Assainissement";"The National Sanitation Utility";null;null;"null";"null";"null";"null";"El Fouledh, STIR, ANGED, APAL, SCB";"la réalisation d'un programme intégré ayant pour objectif la réduction de la pollution de la région du Lac de Bizerte";28/04/2026 10:05;null;false;null;"null";null;"null";"null";"null";2,00;"02";"المشروع/البرنامج";"Projet d'investissement";"N";"لم يتم تعيينه لطلب";"Non affecté à une requête";null;137,00;null;"null";"null";"null";"null";"null";"null";null;"null";false;"null";"null";"null";"null";null;false;0,00;null;"null";null;null;null
1 201,00;null;null;"null";8,00;"08";"في طور التنفيذ";"En exécution";"null";"null";"P26035";"Projet d'Appui à la Connectivité Routière dans  Nord-Est (PONT DE BIZERTE)";"null";08/04/2026;false;false;false;247,00;2,00;null;245,00;39,00;"EUR";"€";"Euro";1,00;3,39;837,82;null;22/11/2017;31/12/2027;"10 an(s), 1 mois";null;null;null;null;null;null;null;"null";"null";"null";"null";null;21,00;"013";"وزارة التجهيز والاسكان والتهيئة الترابية";"Ministère de l’Equipement et l’habitat";"null";null;null;"null";"null";"null";"null";"null";"null";28/04/2026 11:12;null;false;null;"null";null;"null";"null";"null";2,00;"02";"المشروع/البرنامج";"Projet d'investissement";"N";"لم يتم تعيينه لطلب";"Non affecté à une requête";null;137,00;null;"null";"null";"null";"null";"null";"null";3,00;"null";false;"null";"null";"null";"null";null;false;0,00;null;"null";null;null;null
1 485,00;null;null;"null";8,00;"08";"في طور التنفيذ";"En exécution";"null";"null";"P26114";"Programme  de Régénération des Centres Anciens en Tunisie (PRCA)";"null";null;false;false;false;15,00;3,00;null;12,00;39,00;"EUR";"€";"Euro";1,00;3,39;50,88;null;null;null;"null";null;null;null;null;null;null;null;"null";"null";"null";"null";null;21,00;"013";"وزارة التجهيز والاسكان والتهيئة الترابية";"Ministère de l’Equipement et l’habitat";"null";null;23,00;"016";"وزارة الداخلية";"Ministère de l'Intérieur";"Ministry of the Interior";"null";"Les objectifs du Programme de Régénération des Centres Anciens sont les suivants :
-	Améliorer les conditions de vie des habitants et les conditions d’activité des acteurs économiques des centres anciens,
-	Renforcer l’attractivité culturelle, économique et touristique des centres anciens afin de générer de l’activité économique et de l’emploi à une échelle plus large.
";28/04/2026 13:25;null;false;null;"null";null;"null";"null";"null";2,00;"02";"المشروع/البرنامج";"Projet d'investissement";"N";"لم يتم تعيينه لطلب";"Non affecté à une requête";null;137,00;null;"null";"null";"null";"null";"null";"null";null;"null";false;"null";"null";"null";"null";null;false;0,00;null;"null";null;null;null
1 492,00;null;null;"null";11,00;"11";"منجز";"Achevé";"null";"null";"P26115";"appui au programme de securité alimentaire ";"null";null;false;false;false;150,50;null;null;null;39,00;"EUR";"€";"Euro";1,00;3,24;487,62;null;14/09/2022;14/09/2023;"1 an";null;null;null;null;null;null;null;"null";"null";"null";"null";17,00;2 333,00;"007050";"ديوان الحبوب";"Office des Céréales";"Cereals Office";null;null;"null";"null";"null";"null";"null";"acquisition de blé ";28/04/2026 14:03;null;false;null;"null";null;"null";"null";"null";2,00;"02";"المشروع/البرنامج";"Projet d'investissement";"N";"لم يتم تعيينه لطلب";"Non affecté à une requête";null;149,00;null;"null";"null";"null";"null";"null";"null";1,00;"null";false;"null";"null";"null";"null";null;false;0,00;null;"null";null;null;null
1 493,00;null;null;"null";11,00;"11";"منجز";"Achevé";"null";"null";"P26116";"Restructuration financière de la STEG ";"null";null;false;false;false;300,00;null;null;null;39,00;"EUR";"€";"Euro";1,00;3,13;939,00;null;13/02/2020;13/02/2023;"3 an(s)";null;null;null;null;null;null;null;"null";"null";"null";"null";37,00;2 859,00;"014039";"الشركة التونسيّة للكهرباء والغاز";"Société Tunisienne d'Electricité et de Gaz";"Tunisian Company For Electricity And Gas";null;null;"null";"null";"null";"null";"null";"Restructuration financière et appui à la trésorerie ";28/04/2026 14:22;null;false;null;"null";null;"null";"null";"null";2,00;"02";"المشروع/البرنامج";"Projet d'investissement";"N";"لم يتم تعيينه لطلب";"Non affecté à une requête";null;149,00;null;"null";"null";"null";"null";"null";"null";null;"null";false;"null";"null";"null";"null";null;false;0,00;null;"null";null;null;null
1 382,00;null;null;"null";8,00;"08";"في طور التنفيذ";"En exécution";"null";"null";"P26088";"Autoroute Tunis-jelma";"null";null;false;true;false;1 423,00;null;null;500,00;37,00;"TND";"TND";"Dinar Tunisien";1,00;1,00;1 423,00;500,00;08/12/2021;08/12/2025;"4 an(s)";null;null;null;null;null;null;null;"null";"null";"null";"null";21,00;3 594,00;"013049";"Direction Générale des Ponts et Chaussés";"Direction Générale des Ponts et Chaussés";"null";null;null;"null";"null";"null";"null";"null";"null";29/04/2026 08:24;null;false;null;"null";null;"null";"null";"null";2,00;"02";"المشروع/البرنامج";"Projet d'investissement";"N";"لم يتم تعيينه لطلب";"Non affecté à une requête";null;213,00;null;"null";"null";"null";"null";"null";"null";3,00;"null";false;"null";"null";"null";"null";null;false;0,00;null;"null";null;null;null
1 496,00;null;null;"null";8,00;"08";"في طور التنفيذ";"En exécution";"null";"null";"P26117";"Modernisation des établissements scolaires II";"null";null;false;false;false;80,00;15,00;25,00;40,00;39,00;"EUR";"€";"Euro";1,00;3,39;271,36;null;01/01/2025;31/12/2029;"5 an(s)";null;null;null;null;null;null;null;"null";"null";"null";"null";null;18,00;"011";"وزارة التربية";"Ministère de l'Education";"Ministry of Education";null;null;"null";"null";"null";"null";"null";"Le projet vise à soutenir le gouvernement tunisien à relever les principaux défis du cycle 
d'enseignement primaire et ce, en orientant les ressources vers des secteurs clés qui ont un 
impact significatif sur le capital humain.";29/04/2026 08:37;null;false;null;"null";null;"null";"null";"null";2,00;"02";"المشروع/البرنامج";"Projet d'investissement";"N";"لم يتم تعيينه لطلب";"Non affecté à une requête";null;137,00;null;"null";"null";"null";"null";"null";"null";null;"null";false;"null";"null";"null";"null";null;false;0,00;null;"null";null;null;null
1 499,00;null;null;"null";8,00;"08";"في طور التنفيذ";"En exécution";"null";"null";"P26118";"Modernisation routière II";"null";null;false;false;false;343,00;null;null;null;39,00;"EUR";"€";"Euro";1,00;3,39;1 163,46;null;04/01/2016;31/12/2019;"3 an(s), 11 mois";null;null;null;null;null;null;null;"null";"null";"null";"null";null;21,00;"013";"وزارة التجهيز والاسكان والتهيئة الترابية";"Ministère de l’Equipement et l’habitat";"null";null;null;"null";"null";"null";"null";"null";"Le projet porte sur les travaux de construction nouvelle, de rénovation et de mise à niveau relatifs à divers tronçons du réseau routier tunisien";29/04/2026 09:22;null;false;null;"null";null;"null";"null";"null";2,00;"02";"المشروع/البرنامج";"Projet d'investissement";"N";"لم يتم تعيينه لطلب";"Non affecté à une requête";null;137,00;null;"null";"null";"null";"null";"null";"null";null;"null";false;"null";"null";"null";"null";null;false;0,00;null;"null";null;null;null
1 500,00;null;null;"null";8,00;"08";"في طور التنفيذ";"En exécution";"null";"null";"P26119";"Réhabilitation urbaine II";"null";null;false;false;false;235,00;50,00;null;77,00;39,00;"EUR";"€";"Euro";1,00;3,39;797,12;null;02/09/2019;31/12/2023;"4 an(s), 3 mois";null;null;null;null;null;null;null;"null";"null";"null";"null";21,00;2 768,00;"013043";"وكالة التهذيب والتجديد العمراني";"Agence de Réhabilitation et de Rénovation Urbaine";"Urban Rehabilitation and renovation Agency";null;null;"null";"null";"null";"null";"AFD et UE";"Les objectifs du projet sont les suivants: (i) améliorer l'environnement urbain et les conditions de vie des habitants locaux; (ii) rééquilibrer les investissements en réhabilitation urbaine en faveur de zones qui ont souffert du manque de soutien national au cours des décennies précédentes.";29/04/2026 09:52;null;false;null;"null";null;"null";"null";"null";2,00;"02";"المشروع/البرنامج";"Projet d'investissement";"N";"لم يتم تعيينه لطلب";"Non affecté à une requête";null;137,00;null;"null";"null";"null";"null";"null";"null";null;"null";false;"null";"null";"null";"null";null;false;0,00;null;"null";null;null;null
1 505,00;null;null;"null";8,00;"08";"في طور التنفيذ";"En exécution";"null";"null";"P26120";"Relance économique";"null";null;false;false;false;170,00;null;null;170,00;39,00;"EUR";"€";"Euro";1,00;3,39;576,64;null;19/03/2024;17/03/2027;"2 an(s), 11 mois";null;null;null;null;null;null;null;"null";"null";"null";"null";null;1,00;"002";"وزارة الإقتصاد والتخطيط";"Ministère de l’Economie et de Planification";"Ministry of Investment Development and International Cooperation";3 588,00;3 595,00;"029002";"البنك المركزي التونسي ";"Banque Centrale de Tunisie";"null";"";"la Banque Européenne d’Investissement a mis à disposition de la République tunisienne un prêt en faveur des PME et ETI ";29/04/2026 10:13;null;false;null;"null";null;"null";"null";"null";2,00;"02";"المشروع/البرنامج";"Projet d'investissement";"N";"لم يتم تعيينه لطلب";"Non affecté à une requête";null;137,00;null;"null";"null";"null";"null";"null";"null";null;"null";false;"null";"null";"null";"null";null;false;0,00;null;"null";null;null;null
1 239,00;null;null;"null";8,00;"08";"في طور التنفيذ";"En exécution";"null";"null";"P26054";"Projet des corridors de développement économique (PCDÉ)";"null";null;false;false;false;473,50;60,14;null;411,56;39,00;"EUR";"€";"Euro";1,00;3,39;1 606,11;1 396,00;31/12/2026;31/12/2030;"4 an(s)";null;null;null;null;204,00;null;null;"null";"null";"null";"null";21,00;3 594,00;"013049";"Direction Générale des Ponts et Chaussés";"Direction Générale des Ponts et Chaussés";"null";null;null;"null";"null";"null";"null";"caisse des dépôts et de consignations CDC";"null";29/04/2026 11:11;null;false;null;"null";null;"null";"null";"null";2,00;"02";"المشروع/البرنامج";"Projet d'investissement";"N";"لم يتم تعيينه لطلب";"Non affecté à une requête";null;137,00;null;"null";"null";"null";"null";"null";"null";2,00;"null";false;"null";"null";"null";"null";null;false;11,88;null;"null";null;null;null
1 243,00;null;null;"null";8,00;"08";"في طور التنفيذ";"En exécution";"null";"null";"P26055";"Projet D'Amélioration du Secteur Énergétique (PASÉ)/ Programme transport et distribution STEG";"null";null;false;false;false;151,00;null;null;151,00;38,00;"USD";"$";"Dollar des USA";1,00;2,83;427,33;427,33;01/01/2020;31/12/2024;"5 an(s)";null;null;null;null;null;null;null;"null";"null";"null";"null";37,00;2 859,00;"014039";"الشركة التونسيّة للكهرباء والغاز";"Société Tunisienne d'Electricité et de Gaz";"Tunisian Company For Electricity And Gas";null;null;"null";"null";"null";"null";"null";"Le projet comprend des investissements pour l'expansion, le renforcement et la réhabilitation des 
réseaux de transmission et de distribution de la Tunisie visant à augmenter et à améliorer l'accès à 
l'électricité à travers tout le pays. 
Le projet comprend un grand nombre de sous-projets répartis géographiquement sur tout le territoire 
tunisien. En particulier, la Composante 2 définie ci-dessous consiste en de multiples actions (« Sous
Projets ») de réhabilitation ou remplacement des lignes de transmission et des sous-stations existantes 
dans le réseau interconnecté de moyenne/tension (MT/BT) et d'extension et densification du réseau de 
distribution.";29/04/2026 11:28;null;false;null;"null";null;"null";"null";"null";2,00;"02";"المشروع/البرنامج";"Projet d'investissement";"N";"لم يتم تعيينه لطلب";"Non affecté à une requête";null;137,00;null;"null";"null";"null";"null";"null";"null";null;"null";false;"null";"null";"null";"null";null;false;0,00;null;"null";null;null;null
1 510,00;null;null;"null";8,00;"08";"في طور التنفيذ";"En exécution";"null";"null";"P26122";"APPUI AU SECTEUR DE L’EAU POTABLE (A) / Raccordement";"null";null;false;false;false;28,00;null;14,00;14,00;39,00;"EUR";"€";"Euro";1,00;3,39;94,98;null;22/10/2020;21/10/2025;"5 an(s)";null;null;null;null;null;null;null;"null";"null";"null";"null";17,00;2 342,00;"007059";"الشركة الوطنية لاستغلال وتوزيع المياه";"Société Nationale d'Exploitation et de Distribution des Eaux";"National Water Distribution Utility";null;null;"null";"null";"null";"null";"null";"Le projet consiste en la réalisation d’une station de traitement d’eau, de conduite d’alimentation en eau brute, station de pompage et conduite de refoulement de l’eau traitée vers le Grand Tunis et le nouveau port financier.";29/04/2026 12:02;null;false;null;"null";null;"null";"null";"null";2,00;"02";"المشروع/البرنامج";"Projet d'investissement";"N";"لم يتم تعيينه لطلب";"Non affecté à une requête";null;137,00;null;"null";"null";"null";"null";"null";"null";null;"null";false;"null";"null";"null";"null";null;false;0,00;null;"null";null;null;null
1 513,00;null;null;"null";8,00;"08";"في طور التنفيذ";"En exécution";"null";"null";"P26123";"APPUI AU SECTEUR DE L’EAU POTABLE (B)/ réalisation d’une station de traitement d’eau à Béjaoua";"null";null;false;false;false;51,00;null;3,00;48,00;39,00;"EUR";"€";"Euro";1,00;3,39;172,99;null;21/10/2020;21/10/2025;"5 an(s)";null;null;null;null;null;null;null;"null";"null";"null";"null";17,00;2 342,00;"007059";"الشركة الوطنية لاستغلال وتوزيع المياه";"Société Nationale d'Exploitation et de Distribution des Eaux";"National Water Distribution Utility";null;null;"null";"null";"null";"null";"AFD";"Le projet consiste en la réalisation d’une station de traitement d’eau, de conduite d’alimentation en eau brute, station de pompage et conduite de refoulement de l’eau brute vers la station de traitement de l’eau traitée vers le Grand Tunis et le nouveau port financier.";29/04/2026 12:25;null;false;null;"null";null;"null";"null";"null";2,00;"02";"المشروع/البرنامج";"Projet d'investissement";"N";"لم يتم تعيينه لطلب";"Non affecté à une requête";null;137,00;null;"null";"null";"null";"null";"null";"null";null;"null";false;"null";"null";"null";"null";null;false;0,00;null;"null";null;null;null
1 515,00;null;null;"null";8,00;"08";"في طور التنفيذ";"En exécution";"null";"null";"P26124";"ONAS IV";"null";null;false;false;false;40,00;null;null;40,00;39,00;"EUR";"€";"Euro";1,00;3,39;135,68;null;01/01/2007;31/12/2012;"6 an(s)";null;null;null;null;null;null;null;"null";"null";"null";"null";20,00;2 735,00;"020004";"الديوان الوطني للتطهير";"Office National de l'Assainissement";"The National Sanitation Utility";null;null;"null";"null";"null";"null";"null";"Le projet concerne les investissements nécessaires à la réalisation et à l'extension de stations d'épuration, la réalisation et la réhabilitation de réseaux de collecte primaires et secondaires, de chaines de transfert et de collecteurs des eaux usées ";29/04/2026 13:00;null;false;null;"null";null;"null";"null";"null";2,00;"02";"المشروع/البرنامج";"Projet d'investissement";"N";"لم يتم تعيينه لطلب";"Non affecté à une requête";null;137,00;null;"null";"null";"null";"null";"null";"null";null;"null";false;"null";"null";"null";"null";null;false;0,00;null;"null";null;null;null
1 516,00;null;null;"null";8,00;"08";"في طور التنفيذ";"En exécution";"null";"null";"P26125";"DEPOLMED";"null";null;false;false;false;140,00;null;60,00;69,60;39,00;"EUR";"€";"Euro";1,00;3,39;474,88;null;30/11/2016;31/12/2021;"5 an(s)";null;null;null;null;null;null;null;"null";"null";"null";"null";20,00;2 735,00;"020004";"الديوان الوطني للتطهير";"Office National de l'Assainissement";"The National Sanitation Utility";null;null;"null";"null";"null";"null";"AFD, UE";"Le programme DEPOLMED a pour objectifs de contribuer à la préservation de la qualité des eaux du littoral méditerranéen tunisien, par la réduction des pollutions d’origine hydrique. Il contribuera à l’amélioration des conditions de vie des populations sur le littoral par accès à un service d’assainissement performant par l’Office National d’Assainissement (ONAS).";29/04/2026 13:24;null;false;null;"null";null;"null";"null";"null";2,00;"02";"المشروع/البرنامج";"Projet d'investissement";"N";"لم يتم تعيينه لطلب";"Non affecté à une requête";null;137,00;null;"null";"null";"null";"null";"null";"null";null;"null";false;"null";"null";"null";"null";null;false;0,00;null;"null";null;null;null
1 506,00;null;null;"null";8,00;"08";"في طور التنفيذ";"En exécution";"null";"null";"P26121";"Appui au programme de sécurité alimentaire ";"null";null;false;false;false;150,00;null;null;150,00;39,00;"EUR";"€";"Euro";1,00;3,39;508,80;null;01/07/2022;31/12/2027;"5 an(s), 6 mois";null;null;null;null;null;null;null;"null";"null";"null";"null";17,00;2 333,00;"007050";"ديوان الحبوب";"Office des Céréales";"Cereals Office";null;null;"null";"null";"null";"null";"null";"Le projet vise à renforcer les capacités à long terme des chaînes d'approvisionnement céréalières tunisiennes. Il crée une 
additionnalité et des bénéfices sociaux importants en contribuant respectivement à la sécurité alimentaire du pays et en générant d'importantes externalités en termes d'amélioration de nutrition et de la santé publique.";29/04/2026 13:41;null;false;null;"null";null;"null";"null";"null";2,00;"02";"المشروع/البرنامج";"Projet d'investissement";"N";"لم يتم تعيينه لطلب";"Non affecté à une requête";null;137,00;null;"null";"null";"null";"null";"null";"null";null;"null";false;"null";"null";"null";"null";null;false;0,00;null;"null";null;null;null
1 525,00;null;null;"null";8,00;"08";"في طور التنفيذ";"En exécution";"null";"null";"P26126";"CPSCL 2013";"null";null;false;false;false;190,00;null;110,00;80,00;39,00;"EUR";"€";"Euro";1,00;3,39;644,48;null;01/01/2014;31/12/2018;"5 an(s)";null;null;null;null;null;null;null;"null";"null";"null";"null";23,00;2 870,00;"016006";"صندوق القروض ومساعدة الجماعات المحليّة";"Caisse de Prêts et de Soutien des Collectivités Locales";"Caisse de Prêts et de Soutien des Collectivités Locales";null;null;"null";"null";"null";"null";"null";"financement de projets d’investissements communaux en infrastructures de base économiques et sociales ";29/04/2026 14:19;null;false;null;"null";null;"null";"null";"null";2,00;"02";"المشروع/البرنامج";"Projet d'investissement";"N";"لم يتم تعيينه لطلب";"Non affecté à une requête";null;137,00;null;"null";"null";"null";"null";"null";"null";null;"null";false;"null";"null";"null";"null";null;false;0,00;null;"null";null;null;null
1 526,00;null;null;"null";7,00;"07";"في انتظار التنفيذ";"En attente de mise en vigueur";"null";"null";"P26127";"APPUI AU SECTEUR DE L'EAU POTABLE (D) / Raccordement";"null";null;false;false;false;139,00;null;null;8,00;39,00;"EUR";"€";"Euro";1,00;3,39;471,49;null;21/10/2020;31/12/2029;"9 an(s), 2 mois";null;null;null;null;null;null;null;"null";"null";"null";"null";17,00;3 598,00;"007102";"Institut national de la recherche en génie rural, eaux et forêts ";"Institut national de la recherche en génie rural, eaux et forêts ";"null";null;null;"null";"null";"null";"null";"AFD";"Le projet consiste en la réalisation d'une station de traitement d'eau, de conduite d'alimentation en eau brute, station de pompage et conduite de refoulement de l'eau brute vers la station de traitement et l'eau traitée vers le Grand Tunis et le nouveau port financier. 
";04/05/2026 10:24;null;false;null;"null";null;"null";"null";"null";2,00;"02";"المشروع/البرنامج";"Projet d'investissement";"N";"لم يتم تعيينه لطلب";"Non affecté à une requête";null;213,00;null;"null";"null";"null";"null";"null";"null";null;"null";false;"null";"null";"null";"null";null;false;0,00;null;"null";null;null;null
1 528,00;null;null;"null";8,00;"08";"في طور التنفيذ";"En exécution";"null";"null";"P26129";"amélioration des infrastructures et des services scolaires dans le cycle primaire AMIS";"null";null;false;false;false;null;null;null;25,00;39,00;"EUR";"€";"Euro";1,00;3,39;null;null;30/04/2019;30/06/2028;"9 an(s), 2 mois";null;null;null;null;null;null;null;"null";"null";"null";"null";null;18,00;"011";"وزارة التربية";"Ministère de l'Education";"Ministry of Education";null;null;"null";"null";"null";"null";"null";"amélioration des infrastructures scolaires";05/05/2026 09:39;null;false;null;"null";null;"null";"null";"null";2,00;"02";"المشروع/البرنامج";"Projet d'investissement";"N";"لم يتم تعيينه لطلب";"Non affecté à une requête";null;132,00;null;"null";"null";"null";"null";"null";"null";null;"null";false;"null";"null";"null";"null";null;false;0,00;null;"null";null;null;null
1 530,00;null;null;"null";8,00;"08";"في طور التنفيذ";"En exécution";"null";"null";"P26131";"Modernisation du Système d'information de l'Etat";"null";null;false;false;false;null;null;null;39,80;39,00;"EUR";"€";"Euro";1,00;3,39;null;null;null;null;"null";null;null;null;null;null;null;null;"null";"null";"null";"null";29,00;3 018,00;"022029";"وزارة المالية - الإدارة العامة للمحاسبة العمومية و الإستخلاص";"La Direction Générale de la Comptabilité Publique et du recouvrement";"null";null;null;"null";"null";"null";"null";"null";"null";05/05/2026 09:49;null;false;null;"null";null;"null";"null";"null";2,00;"02";"المشروع/البرنامج";"Projet d'investissement";"N";"لم يتم تعيينه لطلب";"Non affecté à une requête";null;124,00;null;"null";"null";"null";"null";"null";"null";null;"null";false;"null";"null";"null";"null";null;false;0,00;null;"null";null;null;null
1 529,00;null;null;"null";8,00;"08";"في طور التنفيذ";"En exécution";"null";"null";"P26130";"Modernisation de l'Office National de la Protection Civile";"null";null;false;false;false;50,00;0,00;null;50,00;39,00;"EUR";"€";"Euro";1,00;3,39;169,60;169,60;24/09/2024;31/12/2031;"7 an(s), 3 mois";null;null;null;null;0,00;null;null;"null";"null";"null";"null";23,00;2 875,00;"016009";"الديوان الوطني للحماية المدنيّة";"Office National de la Protection Civile";"Office National de la Protection Civile";null;null;"null";"null";"null";"null";"null";"null";05/05/2026 13:33;null;false;null;"null";null;"null";"null";"null";2,00;"02";"المشروع/البرنامج";"Projet d'investissement";"N";"لم يتم تعيينه لطلب";"Non affecté à une requête";null;144,00;null;"null";"null";"null";"null";"null";"null";1,00;"null";false;"null";"null";"null";"null";null;false;0,00;null;"null";null;null;null
1 527,00;null;null;"null";8,00;"08";"في طور التنفيذ";"En exécution";"null";"null";"P26128";"Construction de la station de dessalement d'eau de mer de Sfax";"null";null;false;false;false;null;null;null;36 676,00;28,00;"JPY";"¥";"Yen Japonais";1 000,00;21,71;null;null;null;24/10/2027;"null";null;null;null;null;null;null;null;"null";"null";"null";"null";17,00;2 342,00;"007059";"الشركة الوطنية لاستغلال وتوزيع المياه";"Société Nationale d'Exploitation et de Distribution des Eaux";"National Water Distribution Utility";null;null;"null";"null";"null";"null";"null";"null";05/05/2026 13:43;null;false;null;"null";null;"null";"null";"null";2,00;"02";"المشروع/البرنامج";"Projet d'investissement";"N";"لم يتم تعيينه لطلب";"Non affecté à une requête";null;126,00;null;"null";"null";"null";"null";"null";"null";2,00;"null";false;"null";"null";"null";"null";null;false;0,00;null;"null";null;null;null
1 538,00;null;null;"null";8,00;"08";"في طور التنفيذ";"En exécution";"null";"null";"P26133";"Projet de repowering de l'étape A du parc éolien de Sidi Daoud el Haouria";"null";null;false;false;false;null;null;null;29,80;39,00;"EUR";"€";"Euro";1,00;3,39;null;null;null;null;"null";null;null;null;null;null;null;null;"null";"null";"null";"null";37,00;2 859,00;"014039";"الشركة التونسيّة للكهرباء والغاز";"Société Tunisienne d'Electricité et de Gaz";"Tunisian Company For Electricity And Gas";null;null;"null";"null";"null";"null";"null";"null";05/05/2026 13:52;null;false;null;"null";null;"null";"null";"null";2,00;"02";"المشروع/البرنامج";"Projet d'investissement";"N";"لم يتم تعيينه لطلب";"Non affecté à une requête";null;124,00;null;"null";"null";"null";"null";"null";"null";null;"null";false;"null";"null";"null";"null";null;false;0,00;null;"null";null;null;null
1 537,00;null;null;"null";8,00;"08";"في طور التنفيذ";"En exécution";"null";"null";"P26132";"Station pilote de traitement des eaux usées de Gabes";"null";null;false;true;false;null;null;null;3 208,00;28,00;"JPY";"¥";"Yen Japonais";1 000,00;21,71;null;null;null;31/12/2029;"null";null;null;null;null;null;null;null;"null";"null";"null";"null";20,00;2 735,00;"020004";"الديوان الوطني للتطهير";"Office National de l'Assainissement";"The National Sanitation Utility";null;null;"null";"null";"null";"null";"null";"null";05/05/2026 14:01;null;false;null;"null";null;"null";"null";"null";2,00;"02";"المشروع/البرنامج";"Projet d'investissement";"N";"لم يتم تعيينه لطلب";"Non affecté à une requête";null;126,00;null;"null";"null";"null";"null";"null";"null";2,00;"null";false;"null";"null";"null";"null";null;false;0,00;null;"null";null;null;null
1 195,00;null;null;"null";8,00;"08";"في طور التنفيذ";"En exécution";"null";"null";"P26029";" Projet de Modernisation de l'Infrastructure Routière (PMIR-I)";"null";08/04/2026;false;false;false;383,00;null;null;190,00;39,00;"EUR";"€";"Euro";1,00;3,39;1 299,14;null;28/10/2015;30/09/2027;"11 an(s), 11 mois";null;null;null;null;null;null;null;"null";"null";"null";"null";null;21,00;"013";"وزارة التجهيز والاسكان والتهيئة الترابية";"Ministère de l’Equipement et l’habitat";"null";null;null;"null";"null";"null";"null";"null";"null";05/05/2026 14:06;null;false;null;"null";null;"null";"null";"null";2,00;"02";"المشروع/البرنامج";"Projet d'investissement";"N";"لم يتم تعيينه لطلب";"Non affecté à une requête";null;1,00;null;"null";"null";"null";"null";"null";"null";1,00;"null";false;"null";"null";"null";"null";null;false;0,00;null;"null";null;null;null
1 543,00;null;null;"null";8,00;"08";"في طور التنفيذ";"En exécution";"null";"null";"P26138";"OMMP investissement-FINACEMENT DE 6 NOUVEAU REMORQUEURS";"null";null;false;false;false;41,00;0,00;null;41,00;39,00;"EUR";"€";"Euro";1,00;3,39;139,07;139,07;30/06/2021;31/12/2027;"6 an(s), 6 mois";null;null;null;null;0,00;null;null;"null";"null";"null";"null";9,00;1 786,00;"024008";"ديوان البحرية التجارية والموانئ";"Office de la Marine Marchande et des Ports";"Merchant Marine and Ports Office";9,00;1 786,00;"024008";"ديوان البحرية التجارية والموانئ";"Office de la Marine Marchande et des Ports";"Merchant Marine and Ports Office";"null";"null";05/05/2026 14:22;null;false;null;"null";null;"null";"null";"null";2,00;"02";"المشروع/البرنامج";"Projet d'investissement";"N";"لم يتم تعيينه لطلب";"Non affecté à une requête";null;144,00;null;"null";"null";"null";"null";"null";"null";1,00;"null";false;"null";"null";"null";"null";null;false;0,00;null;"null";null;null;null
1 539,00;null;null;"null";8,00;"08";"في طور التنفيذ";"En exécution";"null";"null";"P26134";"Projet de contrôle des inondations de l'Oued Medjerda (zone D2)";"null";null;false;false;false;null;null;null;3 208,00;28,00;"JPY";"¥";"Yen Japonais";1 000,00;21,71;null;null;null;04/08/2027;"null";null;null;null;null;null;null;null;"null";"null";"null";"null";17,00;3 586,00;"007092";"الإدارة العامة للسدود والإشغال المائية الكبرى";"DG- BARRAGES ET DES GRANDS TRAVAUX HYDRAULIQUES";"DG- BARRAGES ET DES GRANDS TRAVAUX HYDRAULIQUES";null;null;"null";"null";"null";"null";"null";"null";05/05/2026 14:26;null;false;null;"null";null;"null";"null";"null";2,00;"02";"المشروع/البرنامج";"Projet d'investissement";"N";"لم يتم تعيينه لطلب";"Non affecté à une requête";null;126,00;null;"null";"null";"null";"null";"null";"null";2,00;"null";false;"null";"null";"null";"null";null;false;0,00;null;"null";null;null;null
1 544,00;null;null;"null";8,00;"08";"في طور التنفيذ";"En exécution";"null";"null";"P26139";"Programme d'amélioration du système de stockage, de transfert et de protection contre les inondations en Tunisie (""STPCI"")";"null";null;false;false;false;null;null;null;204,55;39,00;"EUR";"€";"Euro";1,00;3,39;null;null;null;null;"null";null;null;null;null;null;null;null;"null";"null";"null";"null";17,00;3 586,00;"007092";"الإدارة العامة للسدود والإشغال المائية الكبرى";"DG- BARRAGES ET DES GRANDS TRAVAUX HYDRAULIQUES";"DG- BARRAGES ET DES GRANDS TRAVAUX HYDRAULIQUES";null;null;"null";"null";"null";"null";"null";"null";06/05/2026 09:15;null;false;null;"null";null;"null";"null";"null";2,00;"02";"المشروع/البرنامج";"Projet d'investissement";"N";"لم يتم تعيينه لطلب";"Non affecté à une requête";null;124,00;null;"null";"null";"null";"null";"null";"null";null;"null";false;"null";"null";"null";"null";null;false;0,00;null;"null";null;null;null
1 545,00;null;null;"null";8,00;"08";"في طور التنفيذ";"En exécution";"null";"null";"P26140";"Projet de construction de l’Ecole Nationale d’Ingénieurs de Bizerte (ENIB)";"null";null;false;false;false;15,00;null;null;15,00;39,00;"EUR";"€";"Euro";1,00;1,97;29,59;null;null;null;"null";null;null;null;null;null;null;null;"null";"null";"null";"null";null;19,00;"012";"وزارة التعليم العالي والبحث العلمي";"Ministère de l'Enseignement Supérieur et de la Recherche Scientifique";"Ministry of Higher Education and Scientific Research";null;21,00;"013";"وزارة التجهيز والاسكان والتهيئة الترابية";"Ministère de l’Equipement et l’habitat";"null";"null";"null";06/05/2026 09:32;null;false;null;"null";null;"null";"null";"null";2,00;"02";"المشروع/البرنامج";"Projet d'investissement";"N";"لم يتم تعيينه لطلب";"Non affecté à une requête";null;130,00;null;"null";"null";"null";"null";"null";"null";null;"null";false;"null";"null";"null";"null";null;false;0,00;null;"null";null;null;null
1 546,00;null;null;"null";8,00;"08";"في طور التنفيذ";"En exécution";"null";"null";"P26141";"Mise en oeuvre du Plan Directeur du Canal Laaroussia (GIRE)-phase I et II";"null";null;false;false;false;null;null;null;10,00;39,00;"EUR";"€";"Euro";1,00;3,39;null;null;null;null;"null";null;null;null;null;null;null;null;"null";"null";"null";"null";null;17,00;"007";"وزارة الــفــلاحــة والموارد المائية والصيد البحري";"Ministère de l’Agriculture, des Ressources hydrauliques et de la Pêche ";"Ministry of Agriculture";null;null;"null";"null";"null";"null";"null";"null";06/05/2026 09:37;null;false;null;"null";null;"null";"null";"null";2,00;"02";"المشروع/البرنامج";"Projet d'investissement";"N";"لم يتم تعيينه لطلب";"Non affecté à une requête";null;124,00;null;"null";"null";"null";"null";"null";"null";null;"null";false;"null";"null";"null";"null";null;false;0,00;null;"null";null;null;null
1 547,00;null;null;"null";8,00;"08";"في طور التنفيذ";"En exécution";"null";"null";"P26142";"Développement agricole et rural autour des lacs collinaires (DARAL), Phase II";"null";null;false;false;false;null;null;null;37,94;39,00;"EUR";"€";"Euro";1,00;3,39;null;null;null;null;"null";null;null;null;null;null;null;null;"null";"null";"null";"null";null;17,00;"007";"وزارة الــفــلاحــة والموارد المائية والصيد البحري";"Ministère de l’Agriculture, des Ressources hydrauliques et de la Pêche ";"Ministry of Agriculture";null;null;"null";"null";"null";"null";"null";"null";06/05/2026 10:15;null;false;null;"null";null;"null";"null";"null";2,00;"02";"المشروع/البرنامج";"Projet d'investissement";"N";"لم يتم تعيينه لطلب";"Non affecté à une requête";null;124,00;null;"null";"null";"null";"null";"null";"null";null;"null";false;"null";"null";"null";"null";null;false;0,00;null;"null";null;null;null
1 548,00;null;null;"null";8,00;"08";"في طور التنفيذ";"En exécution";"null";"null";"P26143";"Assainissement de 10 moyennes villes II";"null";null;false;false;false;null;null;null;15,00;39,00;"EUR";"€";"Euro";1,00;3,39;null;null;null;null;"null";null;null;null;null;null;null;null;"null";"null";"null";"null";20,00;2 735,00;"020004";"الديوان الوطني للتطهير";"Office National de l'Assainissement";"The National Sanitation Utility";null;null;"null";"null";"null";"null";"null";"null";06/05/2026 10:28;null;false;null;"null";null;"null";"null";"null";2,00;"02";"المشروع/البرنامج";"Projet d'investissement";"N";"لم يتم تعيينه لطلب";"Non affecté à une requête";null;124,00;null;"null";"null";"null";"null";"null";"null";null;"null";false;"null";"null";"null";"null";null;false;0,00;null;"null";null;null;null
1 549,00;null;null;"null";8,00;"08";"في طور التنفيذ";"En exécution";"null";"null";"P26144";"Amélioration de l'environnement des eaux ";"null";null;false;false;false;null;null;null;10 871,00;28,00;"JPY";"¥";"Yen Japonais";1 000,00;21,71;null;null;null;12/12/2027;"null";null;null;null;null;null;null;null;"null";"null";"null";"null";20,00;2 735,00;"020004";"الديوان الوطني للتطهير";"Office National de l'Assainissement";"The National Sanitation Utility";null;null;"null";"null";"null";"null";"null";"null";06/05/2026 11:10;null;false;null;"null";null;"null";"null";"null";2,00;"02";"المشروع/البرنامج";"Projet d'investissement";"N";"لم يتم تعيينه لطلب";"Non affecté à une requête";null;126,00;null;"null";"null";"null";"null";"null";"null";2,00;"null";false;"null";"null";"null";"null";null;false;0,00;null;"null";null;null;null
1 550,00;null;null;"null";8,00;"08";"في طور التنفيذ";"En exécution";"null";"null";"P26145";"Modernisation du canal Medjerda-Cap Bon II";"null";null;false;false;false;null;null;null;27,50;39,00;"EUR";"€";"Euro";1,00;3,39;null;null;null;null;"null";null;null;null;null;null;null;null;"null";"null";"null";"null";null;17,00;"007";"وزارة الــفــلاحــة والموارد المائية والصيد البحري";"Ministère de l’Agriculture, des Ressources hydrauliques et de la Pêche ";"Ministry of Agriculture";null;null;"null";"null";"null";"null";"null";"null";06/05/2026 11:11;null;false;null;"null";null;"null";"null";"null";2,00;"02";"المشروع/البرنامج";"Projet d'investissement";"N";"لم يتم تعيينه لطلب";"Non affecté à une requête";null;124,00;null;"null";"null";"null";"null";"null";"null";null;"null";false;"null";"null";"null";"null";null;false;0,00;null;"null";null;null;null
1 551,00;null;null;"null";8,00;"08";"في طور التنفيذ";"En exécution";"null";"null";"P26146";"Mise en oeuvre du Plan Directeur du Canal de Laaroussia (GIRE) Phase I";"null";null;false;false;false;null;null;null;18,00;39,00;"EUR";"€";"Euro";1,00;3,39;null;null;null;null;"null";null;null;null;null;null;null;null;"null";"null";"null";"null";null;17,00;"007";"وزارة الــفــلاحــة والموارد المائية والصيد البحري";"Ministère de l’Agriculture, des Ressources hydrauliques et de la Pêche ";"Ministry of Agriculture";null;null;"null";"null";"null";"null";"null";"null";06/05/2026 11:20;null;false;null;"null";null;"null";"null";"null";2,00;"02";"المشروع/البرنامج";"Projet d'investissement";"N";"لم يتم تعيينه لطلب";"Non affecté à une requête";null;124,00;null;"null";"null";"null";"null";"null";"null";null;"null";false;"null";"null";"null";"null";null;false;0,00;null;"null";null;null;null
1 552,00;null;null;"null";8,00;"08";"في طور التنفيذ";"En exécution";"null";"null";"P26147";"Programme efficacité énergétique dans les bâtiments publics (programme  de Transition Energétique dans les Etablissements Publics TEEP)";"null";null;false;false;false;null;null;null;16,50;39,00;"EUR";"€";"Euro";1,00;3,39;null;null;null;null;"null";null;null;null;null;null;null;null;"null";"null";"null";"null";37,00;2 820,00;"014054";"الوكالة الوطنية للتحكم في الطاقة";"Agence Nationale pour la Maîtrise de l’Energie";"National Agency for Energy Conservation";null;null;"null";"null";"null";"null";"null";"null";06/05/2026 11:31;null;false;null;"null";null;"null";"null";"null";2,00;"02";"المشروع/البرنامج";"Projet d'investissement";"N";"لم يتم تعيينه لطلب";"Non affecté à une requête";null;124,00;null;"null";"null";"null";"null";"null";"null";null;"null";false;"null";"null";"null";"null";null;false;0,00;null;"null";null;null;null
1 557,00;null;null;"null";8,00;"08";"في طور التنفيذ";"En exécution";"null";"null";"P26152";"Système d'informations foncières de la Tunisie -TLIS";"null";null;false;false;false;null;null;null;60,00;38,00;"USD";"$";"Dollar des USA";1,00;3,06;null;null;null;16/12/2028;"null";null;null;null;null;null;null;null;"null";"null";"null";"null";21,00;2 798,00;"013026";"ديوان قيس الأراضي والمسح العقاري";"Office de la Topographie et du Cadastre";"The Topography and Cartography Office";null;null;"null";"null";"null";"null";"null";"null";06/05/2026 13:16;null;false;null;"null";null;"null";"null";"null";2,00;"02";"المشروع/البرنامج";"Projet d'investissement";"N";"لم يتم تعيينه لطلب";"Non affecté à une requête";null;126,00;null;"null";"null";"null";"null";"null";"null";1,00;"null";false;"null";"null";"null";"null";null;false;0,00;null;"null";null;null;null
1 555,00;null;null;"null";8,00;"08";"في طور التنفيذ";"En exécution";"null";"null";"P26150";"Programme d'appui à la formation et à l'insertion professionnelle";"null";null;false;false;false;27,70;null;null;24,00;39,00;"EUR";"€";"Euro";1,00;3,39;93,96;null;null;null;"null";null;null;null;null;null;null;null;"null";"null";"null";"null";null;13,00;"006";"وزارة التشغيل والتكوين المهني";"Ministère de la Formation Professionnelle et de l'Emploi ";"Ministry of Vocational Training and Employment";null;null;"null";"null";"null";"null";"null";"null";06/05/2026 13:10;null;false;null;"null";null;"null";"null";"null";2,00;"02";"المشروع/البرنامج";"Projet d'investissement";"N";"لم يتم تعيينه لطلب";"Non affecté à une requête";null;213,00;null;"null";"null";"null";"null";"null";"null";null;"null";false;"null";"null";"null";"null";null;false;0,00;null;"null";null;null;null
1 558,00;null;null;"null";8,00;"08";"في طور التنفيذ";"En exécution";"null";"null";"P26153";"Amélioration du taux de desserte en eau potable dans le milieu rural du gouvernorat de Beja, phase II";"null";null;false;false;false;null;null;null;27,00;39,00;"EUR";"€";"Euro";1,00;3,39;null;null;null;null;"null";null;null;null;null;null;null;null;"null";"null";"null";"null";17,00;2 342,00;"007059";"الشركة الوطنية لاستغلال وتوزيع المياه";"Société Nationale d'Exploitation et de Distribution des Eaux";"National Water Distribution Utility";null;null;"null";"null";"null";"null";"null";"null";06/05/2026 13:20;null;false;null;"null";null;"null";"null";"null";2,00;"02";"المشروع/البرنامج";"Projet d'investissement";"N";"لم يتم تعيينه لطلب";"Non affecté à une requête";null;124,00;null;"null";"null";"null";"null";"null";"null";null;"null";false;"null";"null";"null";"null";null;false;0,00;null;"null";null;null;null
1 554,00;null;null;"null";8,00;"08";"في طور التنفيذ";"En exécution";"null";"null";"P26149";"Soned Invest";"null";null;false;false;false;60,00;null;null;60,00;39,00;"EUR";"€";"Euro";1,00;3,39;203,52;null;null;null;"null";null;null;null;null;null;null;null;"null";"null";"null";"null";17,00;2 342,00;"007059";"الشركة الوطنية لاستغلال وتوزيع المياه";"Société Nationale d'Exploitation et de Distribution des Eaux";"National Water Distribution Utility";null;null;"null";"null";"null";"null";"null";"null";06/05/2026 13:36;null;false;null;"null";null;"null";"null";"null";2,00;"02";"المشروع/البرنامج";"Projet d'investissement";"N";"لم يتم تعيينه لطلب";"Non affecté à une requête";null;130,00;null;"null";"null";"null";"null";"null";"null";null;"null";false;"null";"null";"null";"null";null;false;0,00;null;"null";null;null;null
1 559,00;null;null;"null";8,00;"08";"في طور التنفيذ";"En exécution";"null";"null";"PAT26025";"Soutien de la stratégie des énergies renouvelables de la STEG, phase 2 (Mesure d'Accompagnement)";"null";null;false;false;false;null;null;null;1,50;39,00;"EUR";"€";"Euro";1,00;3,39;null;null;null;null;"null";null;null;null;null;null;null;null;"null";"null";"null";"null";37,00;2 859,00;"014039";"الشركة التونسيّة للكهرباء والغاز";"Société Tunisienne d'Electricité et de Gaz";"Tunisian Company For Electricity And Gas";null;null;"null";"null";"null";"null";"null";"null";06/05/2026 13:36;null;false;null;"null";null;"null";"null";"null";1,00;"01";"مشروع مساعدة تقنية";"Projet d'assistance technique ";"N";"لم يتم تعيينه لطلب";"Non affecté à une requête";null;124,00;null;"null";"null";"null";"null";"null";"null";null;"null";false;"null";"null";"null";"null";null;false;0,00;null;"null";null;null;null
1 553,00;null;null;"null";8,00;"08";"في طور التنفيذ";"En exécution";"null";"null";"P26148";"SMART GRID";"null";null;false;false;false;120,00;null;null;120,00;39,00;"EUR";"€";"Euro";1,00;3,39;407,04;null;null;null;"null";null;null;null;null;null;null;null;"null";"null";"null";"null";37,00;2 859,00;"014039";"الشركة التونسيّة للكهرباء والغاز";"Société Tunisienne d'Electricité et de Gaz";"Tunisian Company For Electricity And Gas";null;null;"null";"null";"null";"null";"null";"null";06/05/2026 13:45;null;false;null;"null";null;"null";"null";"null";2,00;"02";"المشروع/البرنامج";"Projet d'investissement";"N";"لم يتم تعيينه لطلب";"Non affecté à une requête";null;130,00;null;"null";"null";"null";"null";"null";"null";null;"null";false;"null";"null";"null";"null";null;false;0,00;null;"null";null;null;null
1 560,00;null;null;"null";8,00;"08";"في طور التنفيذ";"En exécution";"null";"null";"P26154";"Adaptation climatique intégrée dans la région côtière tunisienne-renforcement de la résilience (PPLT+)";"null";null;false;false;false;null;null;null;14,50;39,00;"EUR";"€";"Euro";1,00;3,39;null;null;null;null;"null";null;null;null;null;null;null;null;"null";"null";"null";"null";20,00;2 729,00;"020037";"وكالة حماية وتهيئة الشريط الساحلي";"Agence de Protection et d'Aménagement du Littoral";"Agency of Protection and Coastal Planning";null;null;"null";"null";"null";"null";"null";"null";06/05/2026 13:52;null;false;null;"null";null;"null";"null";"null";2,00;"02";"المشروع/البرنامج";"Projet d'investissement";"N";"لم يتم تعيينه لطلب";"Non affecté à une requête";null;213,00;null;"null";"null";"null";"null";"null";"null";null;"null";false;"null";"null";"null";"null";null;false;0,00;null;"null";null;null;null
1 556,00;null;null;"null";8,00;"08";"في طور التنفيذ";"En exécution";"null";"null";"P26151";"Programme de mise à niveau environnementale du groupe chimique tunisien";"null";null;false;false;false;20,00;null;null;20,00;39,00;"EUR";"€";"Euro";1,00;3,39;67,84;null;null;null;"null";null;null;null;null;null;null;null;"null";"null";"null";"null";null;37,00;"014";"وزارة الصناعة والمؤسسات الصغرى والمتوسطة";"Ministère de l'Industrie, des Mines et de l'Energie";"Ministère de l’Industrie et des PME";null;null;"null";"null";"null";"null";"null";"null";06/05/2026 14:11;null;false;null;"null";null;"null";"null";"null";2,00;"02";"المشروع/البرنامج";"Projet d'investissement";"N";"لم يتم تعيينه لطلب";"Non affecté à une requête";null;130,00;null;"null";"null";"null";"null";"null";"null";null;"null";false;"null";"null";"null";"null";null;false;0,00;null;"null";null;null;null
1 561,00;null;null;"null";8,00;"08";"في طور التنفيذ";"En exécution";"null";"null";"PAT26026";"Réhabilitation et extension des stations d'épuration et des stations de pompage III Mesures d'Accompagnement ";"null";null;false;false;false;null;null;null;5,00;39,00;"EUR";"€";"Euro";1,00;3,39;null;null;null;null;"null";null;null;null;null;null;null;null;"null";"null";"null";"null";20,00;2 735,00;"020004";"الديوان الوطني للتطهير";"Office National de l'Assainissement";"The National Sanitation Utility";null;null;"null";"null";"null";"null";"null";"null";06/05/2026 14:07;null;false;null;"null";null;"null";"null";"null";1,00;"01";"مشروع مساعدة تقنية";"Projet d'assistance technique ";"N";"لم يتم تعيينه لطلب";"Non affecté à une requête";null;124,00;null;"null";"null";"null";"null";"null";"null";null;"null";false;"null";"null";"null";"null";null;false;0,00;null;"null";null;null;null
1 562,00;null;null;"null";8,00;"08";"في طور التنفيذ";"En exécution";"null";"null";"P26155";"Centre de lutte contre les maladies cancéreuses à Gabes";"null";null;false;false;false;null;null;null;40,00;37,00;"TND";"TND";"Dinar Tunisien";1,00;1,00;null;40,00;null;31/12/2027;"null";null;null;null;null;null;null;null;"null";"null";"null";"null";null;16,00;"010";"وزارة الصحّة";"Ministère de la Santé";"Ministry of Health";null;null;"null";"null";"null";"null";"null";"null";06/05/2026 14:25;null;false;null;"null";null;"null";"null";"null";2,00;"02";"المشروع/البرنامج";"Projet d'investissement";"N";"لم يتم تعيينه لطلب";"Non affecté à une requête";null;126,00;null;"null";"null";"null";"null";"null";"null";2,00;"null";false;"null";"null";"null";"null";null;false;0,00;null;"null";null;null;null
1 602,00;1 579,00;null;"null";8,00;"08";"في طور التنفيذ";"En exécution";"null";"null";"P26186";"SUIDAR";"null";null;false;false;false;5,20;null;null;null;39,00;"EUR";"€";"Euro";1,00;3,39;17,64;null;null;null;"null";null;null;null;null;null;null;null;"null";"null";"null";"null";1,00;3 617,00;"002012";"Programme d'Appui a I'Accord d'Association (P3A) ";"Programme d'Appui a I'Accord d'Association (P3A) ";"null";null;null;"null";"null";"null";"null";"null";"null";11/05/2026 14:23;null;false;null;"null";null;"null";"null";"null";4,00;"02";"Projet de développement";"Projet de développement";"N";"لم يتم تعيينه لطلب";"Non affecté à une requête";null;133,00;null;"null";"null";"null";"null";"null";"null";null;"null";false;"PROG26003 : Programme d'appui au développement rural PADR";"null";"null";"null";null;false;0,00;null;"null";null;null;null
1 564,00;null;null;"null";8,00;"08";"في طور التنفيذ";"En exécution";"null";"null";"P26157";"Financement de la participation de la République Tunisienne au capital de l'Agence pour l'Assurance du Commerce en Afrique (ATIDI)";"null";null;false;false;false;null;null;null;10,50;39,00;"EUR";"€";"Euro";1,00;3,39;null;null;null;null;"null";null;null;null;null;null;null;null;"null";"null";"null";"null";null;1,00;"002";"وزارة الإقتصاد والتخطيط";"Ministère de l’Economie et de Planification";"Ministry of Investment Development and International Cooperation";null;null;"null";"null";"null";"null";"null";"null";06/05/2026 14:36;null;false;null;"null";null;"null";"null";"null";2,00;"02";"المشروع/البرنامج";"Projet d'investissement";"N";"لم يتم تعيينه لطلب";"Non affecté à une requête";null;124,00;null;"null";"null";"null";"null";"null";"null";null;"null";false;"null";"null";"null";"null";null;false;0,00;null;"null";null;null;null
1 563,00;null;null;"null";8,00;"08";"في طور التنفيذ";"En exécution";"null";"null";"P26156";"Programme d'assainissement rural 4 ième tranche ( PAR4)";"null";null;false;false;false;51,00;null;null;50,00;39,00;"EUR";"€";"Euro";1,00;3,39;172,99;null;null;null;"null";null;null;null;null;null;null;null;"null";"null";"null";"null";20,00;2 735,00;"020004";"الديوان الوطني للتطهير";"Office National de l'Assainissement";"The National Sanitation Utility";null;null;"null";"null";"null";"null";"null";"null";06/05/2026 14:32;null;false;null;"null";null;"null";"null";"null";2,00;"02";"المشروع/البرنامج";"Projet d'investissement";"N";"لم يتم تعيينه لطلب";"Non affecté à une requête";null;130,00;null;"null";"null";"null";"null";"null";"null";null;"null";false;"null";"null";"null";"null";null;false;0,00;null;"null";null;null;null
1 565,00;null;null;"null";8,00;"08";"في طور التنفيذ";"En exécution";"null";"null";"P26158";"Programme de stockage de l'eau et de la protection contre les inondations en Tunisie ";"null";null;false;false;false;null;null;null;116,00;39,00;"EUR";"€";"Euro";1,00;3,39;null;null;null;null;"null";null;null;null;null;null;null;null;"null";"null";"null";"null";17,00;3 586,00;"007092";"الإدارة العامة للسدود والإشغال المائية الكبرى";"DG- BARRAGES ET DES GRANDS TRAVAUX HYDRAULIQUES";"DG- BARRAGES ET DES GRANDS TRAVAUX HYDRAULIQUES";null;null;"null";"null";"null";"null";"null";"null";06/05/2026 14:45;null;false;null;"null";null;"null";"null";"null";2,00;"02";"المشروع/البرنامج";"Projet d'investissement";"N";"لم يتم تعيينه لطلب";"Non affecté à une requête";null;124,00;null;"null";"null";"null";"null";"null";"null";null;"null";false;"null";"null";"null";"null";null;false;0,00;null;"null";null;null;null
1 566,00;null;null;"null";8,00;"08";"في طور التنفيذ";"En exécution";"null";"null";"P26159";"Fonds de mise à niveau des systèmes d'eau en milieu rural";"null";null;false;false;false;null;null;null;12,50;39,00;"EUR";"€";"Euro";1,00;3,39;null;null;null;null;"null";null;null;null;null;null;null;null;"null";"null";"null";"null";null;17,00;"007";"وزارة الــفــلاحــة والموارد المائية والصيد البحري";"Ministère de l’Agriculture, des Ressources hydrauliques et de la Pêche ";"Ministry of Agriculture";null;null;"null";"null";"null";"null";"null";"null";06/05/2026 15:23;null;false;null;"null";null;"null";"null";"null";2,00;"02";"المشروع/البرنامج";"Projet d'investissement";"N";"لم يتم تعيينه لطلب";"Non affecté à une requête";null;124,00;null;"null";"null";"null";"null";"null";"null";null;"null";false;"null";"null";"null";"null";null;false;0,00;null;"null";null;null;null
1 567,00;null;null;"null";8,00;"08";"في طور التنفيذ";"En exécution";"null";"null";"P26160";"Programme National d'Assainissement des QuartiersPopulaires -""PNAQP6""";"null";null;false;false;false;60,00;0,00;0,00;60,00;39,00;"EUR";"€";"Euro";1,00;3,39;203,52;203,52;25/06/2024;31/12/2029;"5 an(s), 6 mois";null;null;null;0,00;0,00;null;null;"null";"null";"null";"null";20,00;2 735,00;"020004";"الديوان الوطني للتطهير";"Office National de l'Assainissement";"The National Sanitation Utility";20,00;2 735,00;"020004";"الديوان الوطني للتطهير";"Office National de l'Assainissement";"The National Sanitation Utility";"null";"null";07/05/2026 09:10;null;false;null;"null";null;"null";"null";"null";2,00;"02";"المشروع/البرنامج";"Projet d'investissement";"N";"لم يتم تعيينه لطلب";"Non affecté à une requête";null;144,00;null;"null";"null";"null";"null";"null";"null";null;"null";false;"null";"null";"null";"null";null;false;0,00;null;"null";null;null;null
1 568,00;null;null;"null";8,00;"08";"في طور التنفيذ";"En exécution";"null";"null";"P26161";"PROVILLE 2-PROGRAMME APPUI POLITIQUE DE LA VILLE";"null";null;false;false;false;235,00;49,94;null;185,00;39,00;"EUR";"€";"Euro";1,00;3,39;797,12;627,52;31/01/2018;31/03/2025;"7 an(s), 2 mois";null;null;null;null;169,39;null;null;"null";"null";"null";"null";21,00;2 768,00;"013043";"وكالة التهذيب والتجديد العمراني";"Agence de Réhabilitation et de Rénovation Urbaine";"Urban Rehabilitation and renovation Agency";null;null;"null";"null";"null";"null";"null";"null";07/05/2026 09:51;null;false;null;"null";null;"null";"null";"null";2,00;"02";"المشروع/البرنامج";"Projet d'investissement";"N";"لم يتم تعيينه لطلب";"Non affecté à une requête";null;144,00;null;"null";"null";"null";"null";"null";"null";2,00;"null";false;"null";"null";"null";"null";null;false;0,00;null;"null";null;null;null
1 541,00;null;null;"null";8,00;"08";"في طور التنفيذ";"En exécution";"null";"null";"P26136";"Programme de Gestion des ressources naturelles dans les territoires vulnérables de Tunisie ""PACTE""";"null";null;false;false;false;50,00;0,00;null;50,00;39,00;"EUR";"€";"Euro";1,00;3,39;169,60;169,60;28/11/2016;30/06/2025;"8 an(s), 7 mois";null;null;null;null;0,00;null;null;"null";"null";"null";"null";null;17,00;"007";"وزارة الــفــلاحــة والموارد المائية والصيد البحري";"Ministère de l’Agriculture, des Ressources hydrauliques et de la Pêche ";"Ministry of Agriculture";null;17,00;"007";"وزارة الــفــلاحــة والموارد المائية والصيد البحري";"Ministère de l’Agriculture, des Ressources hydrauliques et de la Pêche ";"Ministry of Agriculture";"null";"L’accompagnement du gouvernement dans le développement d’une politique d’agriculture contractuelle appliquée aux filières à valeur ajoutée locale.
Développer l’accès de coopératives professionnelles aux marchés institutionnels, et à moderniser les filières à valeur ajoutée locale et professionnaliser les acteurs par l’agriculture contractuelle et l’intensification agro écologique à destination du marché privé.Le Programme a pour objectifs (i) la gestion rationnelle et durable des ressources naturelles vulnérables, (ii) le développement économique des territoires ruraux et (iii) l'amélioration de la gouvernance du développement territorial.";07/05/2026 13:18;null;false;null;"null";null;"null";"null";"null";2,00;"02";"المشروع/البرنامج";"Projet d'investissement";"N";"لم يتم تعيينه لطلب";"Non affecté à une requête";null;1,00;null;"null";"null";"null";"null";"null";"null";2,00;"null";false;"null";"null";"null";"null";null;false;0,00;null;"null";null;null;null
1 569,00;null;null;"null";8,00;"08";"في طور التنفيذ";"En exécution";"null";"null";"P26162";"Stratégie e-santé-APPUI PROGRAMME E-SANTé";"null";null;false;false;false;27,30;0,00;0,00;8,05;39,00;"EUR";"€";"Euro";1,00;3,39;92,60;27,30;14/02/2019;30/09/2028;"9 an(s), 7 mois";null;null;null;0,00;0,00;null;null;"null";"null";"null";"null";null;16,00;"010";"وزارة الصحّة";"Ministère de la Santé";"Ministry of Health";null;null;"null";"null";"null";"null";"null";"Le développement  de l'e-santé dans l'offre de soins et l'organisation des services hospitaliers publics en Tunisie.";07/05/2026 13:27;null;false;null;"null";null;"null";"null";"null";2,00;"02";"المشروع/البرنامج";"Projet d'investissement";"N";"لم يتم تعيينه لطلب";"Non affecté à une requête";null;213,00;null;"null";"null";"null";"null";"null";"null";2,00;"null";false;"null";"null";"null";"null";null;false;0,00;null;"null";null;null;null
1 571,00;null;null;"null";8,00;"08";"في طور التنفيذ";"En exécution";"null";"null";"PAT26028";"Projet Dispositif Nouvelle Chance ""DNC Tunisie""";"null";null;false;true;false;4,00;0,00;null;4,00;39,00;"EUR";"€";"Euro";1,00;3,39;13,57;13,57;09/05/2022;30/06/2027;"5 an(s), 1 mois";null;null;null;null;0,00;null;null;"null";"null";"null";"null";13,00;1 911,00;"006002";"الوكالة التونسية للتكوين المهني";"Agence Tunisienne de la Formation Professionnelle";"Tunisian Agency of Professional Training";null;null;"null";"null";"null";"null";"null";"Soutenir un dispositif original permettant de donner une chance d'insertion aux jeunes ( 18 à 30 ans) qui sortent du système scolaire sans diplôme, en s'appuyant notamment sur les expériences encourageantes conduites en France et au Maghreb concernant les écoles de la seconde chance (E2C) et les missions locales d'insertion.";07/05/2026 13:44;null;false;null;"null";null;"null";"null";"null";1,00;"01";"مشروع مساعدة تقنية";"Projet d'assistance technique ";"N";"لم يتم تعيينه لطلب";"Non affecté à une requête";null;144,00;null;"null";"null";"null";"null";"null";"null";2,00;"null";false;"null";"null";"null";"null";null;false;0,00;null;"null";null;null;null
1 570,00;null;null;"null";8,00;"08";"في طور التنفيذ";"En exécution";"null";"null";"PAT26027";"Qawafel";"null";null;false;true;false;3,80;0,00;null;3,80;39,00;"EUR";"€";"Euro";1,00;3,39;12,89;12,89;08/08/2023;31/12/2026;"3 an(s), 4 mois";null;null;null;null;0,00;null;null;"null";"null";"null";"null";13,00;1 911,00;"006002";"الوكالة التونسية للتكوين المهني";"Agence Tunisienne de la Formation Professionnelle";"Tunisian Agency of Professional Training";null;null;"null";"null";"null";"null";"null";"Soutenir l'écosystème de l'internationalisation des PME tunisiennes sur le marché africain";07/05/2026 14:04;null;false;null;"null";null;"null";"null";"null";1,00;"01";"مشروع مساعدة تقنية";"Projet d'assistance technique ";"N";"لم يتم تعيينه لطلب";"Non affecté à une requête";null;213,00;null;"null";"null";"null";"null";"null";"null";1,00;"null";false;"null";"null";"null";"null";null;false;0,00;null;"null";null;null;null
1 572,00;null;null;"null";8,00;"08";"في طور التنفيذ";"En exécution";"null";"null";"PAT26029";"Sport&Education";"null";null;false;false;false;7,00;0,00;null;7,00;39,00;"EUR";"€";"Euro";1,00;3,39;23,74;23,74;25/06/2024;31/12/2028;"4 an(s), 6 mois";null;null;null;null;null;null;null;"null";"null";"null";"null";null;18,00;"011";"وزارة التربية";"Ministère de l'Education";"Ministry of Education";null;null;"null";"null";"null";"null";"null";"null";07/05/2026 14:21;null;false;null;"null";null;"null";"null";"null";1,00;"01";"مشروع مساعدة تقنية";"Projet d'assistance technique ";"N";"لم يتم تعيينه لطلب";"Non affecté à une requête";null;144,00;null;"null";"null";"null";"null";"null";"null";1,00;"null";false;"null";"null";"null";"null";null;false;0,00;null;"null";null;null;null
1 574,00;1 573,00;null;"null";8,00;"08";"في طور التنفيذ";"En exécution";"null";"null";"P26163";"GREENOVI";"null";null;false;false;false;12,00;null;null;null;39,00;"EUR";"€";"Euro";1,00;3,39;40,70;null;null;null;"null";null;null;null;null;null;null;null;"null";"null";"null";"null";20,00;2 734,00;"020039";"مركز تونس الدولي لتكنولوجيا البيئة";"Centre International des Technologies de l'Environnement de Tunis";"Tunis International Center for Environmental Technologies";3 588,00;3 601,00;"029003";"Expertise France";"Expertise France";"null";"null";"null";08/05/2026 09:22;null;false;null;"null";null;"null";"null";"null";4,00;"02";"Projet de développement";"Projet de développement";"N";"لم يتم تعيينه لطلب";"Non affecté à une requête";null;213,00;null;"null";"null";"null";"null";"null";"null";null;"null";false;"PROG26001 : PAAET : Programme d'appui à l'action environnementale en Tunisie";"null";"null";"null";null;false;0,00;null;"null";null;null;null
1 575,00;1 573,00;null;"null";8,00;"08";"في طور التنفيذ";"En exécution";"null";"null";"P26164";"ARESSE";"null";null;false;false;false;11,00;null;null;null;39,00;"EUR";"€";"Euro";1,00;3,39;37,31;null;null;null;"null";null;null;null;null;null;null;null;"null";"null";"null";"null";19,00;2 549,00;"012029";"الوكالة الوطنية للنهوض بالبحث العلمي";"Agence Nationale de Promotion pour la Recherche et l'Innovation";"National Agency for Research and Innovation";null;null;"null";"null";"null";"null";"null";"null";08/05/2026 09:24;null;false;null;"null";null;"null";"null";"null";4,00;"02";"Projet de développement";"Projet de développement";"N";"لم يتم تعيينه لطلب";"Non affecté à une requête";null;213,00;null;"null";"null";"null";"null";"null";"null";null;"null";false;"PROG26001 : PAAET : Programme d'appui à l'action environnementale en Tunisie";"null";"null";"null";null;false;0,00;null;"null";null;null;null
1 577,00;1 578,00;null;"null";8,00;"08";"في طور التنفيذ";"En exécution";"null";"null";"P26166";"IRADA Youth";"null";null;false;false;false;0,00;0,00;null;5,00;39,00;"EUR";"€";"Euro";1,00;3,24;0,00;null;02/06/2022;01/06/2027;"5 an(s)";null;null;null;null;0,00;null;null;"null";"null";"null";"null";1,00;3 077,00;"002008";"المندوبية العامة للتنمية الجهوية";"Commissariat Général au Développement Régional";"Commissariat Général au Développement Régional";null;null;"null";"null";"null";"null";"null";"null";08/05/2026 11:25;null;false;null;"null";null;"null";"null";"null";4,00;"02";"Projet de développement";"Projet de développement";"N";"لم يتم تعيينه لطلب";"Non affecté à une requête";null;181,00;null;"null";"null";"null";"null";"null";"null";null;"null";false;"PROG26002 : Programme d'appui à la jeunesse tunisienne EU4YOUTH";"null";"null";"null";null;false;0,00;null;"null";null;null;null
1 580,00;1 578,00;null;"null";8,00;"08";"في طور التنفيذ";"En exécution";"null";"null";"P26167";"Science with and for youth SWAFY";"null";null;false;false;false;8,00;0,00;null;8,00;39,00;"EUR";"€";"Euro";1,00;3,40;27,20;null;02/06/2022;01/06/2026;"4 an(s)";null;null;null;null;null;null;null;"null";"null";"null";"null";19,00;2 549,00;"012029";"الوكالة الوطنية للنهوض بالبحث العلمي";"Agence Nationale de Promotion pour la Recherche et l'Innovation";"National Agency for Research and Innovation";null;null;"null";"null";"null";"null";"null";"null";08/05/2026 14:02;null;false;null;"null";null;"null";"null";"null";4,00;"02";"Projet de développement";"Projet de développement";"N";"لم يتم تعيينه لطلب";"Non affecté à une requête";null;181,00;null;"null";"null";"null";"null";"null";"null";null;"null";false;"PROG26002 : Programme d'appui à la jeunesse tunisienne EU4YOUTH";"null";"null";"null";null;false;0,00;null;"null";null;null;null
1 581,00;1 579,00;null;"null";8,00;"08";"في طور التنفيذ";"En exécution";"null";"null";"P26168";"ADAPT";"null";null;false;false;false;44,40;null;null;null;39,00;"EUR";"€";"Euro";1,00;3,39;150,60;null;null;null;"null";null;null;null;null;null;null;null;"null";"null";"null";"null";3 588,00;3 602,00;"029004";"Agence italienne pour la coopération au développement AICS";"Agence italienne pour la coopération au développement AICS";"null";null;3 588,00;"029";"أخرى";"Autres";"Autres";"null";"null";08/05/2026 14:09;null;false;null;"null";null;"null";"null";"null";4,00;"02";"Projet de développement";"Projet de développement";"N";"لم يتم تعيينه لطلب";"Non affecté à une requête";null;133,00;null;"null";"null";"null";"null";"null";"null";null;"null";false;"PROG26003 : Programme d'appui au développement rural PADR";"null";"null";"null";null;false;0,00;null;"null";null;null;null
1 582,00;null;null;"null";8,00;"08";"في طور التنفيذ";"En exécution";"null";"null";"P26169";"Savoirs éco";"null";null;false;false;false;4,50;null;null;1,33;39,00;"EUR";"€";"Euro";1,00;3,39;15,26;4,50;01/02/2023;31/01/2026;"3 an(s)";null;null;null;null;null;null;null;"null";"null";"null";"null";3 588,00;3 601,00;"029003";"Expertise France";"Expertise France";"null";null;null;"null";"null";"null";"null";"MESRS - ITCEQ - INS - Thinks Tanks privés";"Le projet vise à appuyer le débat public sur les enjeux économiques en Tunisie  à travers un renforcement des Structures Productrices de Savoirs à vocation Économique (SPSE)";08/05/2026 14:38;null;false;null;"null";null;"null";"null";"null";4,00;"02";"Projet de développement";"Projet de développement";"N";"لم يتم تعيينه لطلب";"Non affecté à une requête";null;182,00;null;"null";"null";"null";"null";"null";"null";1,00;"null";false;"null";"null";"null";"null";null;false;0,00;null;"null";null;null;null
1 584,00;1 578,00;null;"null";8,00;"08";"في طور التنفيذ";"En exécution";"null";"null";"P26171";"Insertion des jeunes à travers la culture et le sport ""Maghroum'in""";"null";null;false;false;false;15,00;0,00;null;15,00;39,00;"EUR";"€";"Euro";1,00;3,40;51,00;null;10/12/2021;10/01/2027;"5 an(s)";null;null;null;null;0,00;null;null;"null";"null";"null";"null";3 588,00;3 603,00;"029005";"Agence Espagnole pour la Coopération Internationale au Développement AECID";"Agence Espagnole pour la Coopération Internationale au Développement AECID";"null";null;null;"null";"null";"null";"null";"British council , Ministère de la jeunesse et du Sport, Ministère de la Culture";"null";11/05/2026 08:28;null;false;null;"null";null;"null";"null";"null";4,00;"02";"Projet de développement";"Projet de développement";"N";"لم يتم تعيينه لطلب";"Non affecté à une requête";null;181,00;null;"null";"null";"null";"null";"null";"null";null;"null";false;"PROG26002 : Programme d'appui à la jeunesse tunisienne EU4YOUTH";"null";"null";"null";null;false;0,00;null;"null";null;null;null
1 583,00;null;null;"null";8,00;"08";"في طور التنفيذ";"En exécution";"null";"null";"P26170";"Achèvement des études du projet d'autoroute Bousalem à la frontière algérienne";"null";null;false;false;false;0,30;null;null;0,30;29,00;"KWD";"KD";"Dinar Koweitien";1,00;9,98;3,00;3,00;27/03/2013;31/12/2014;"1 an, 9 mois";null;null;null;null;null;null;null;"null";"null";"null";"null";21,00;2 806,00;"013032";"شركة تونس للطرقات السيارة";"Société Tunisie Autoroutes";"Tunisia Highways";null;null;"null";"null";"null";"null";"null";"null";11/05/2026 08:35;null;false;null;"null";null;"null";"null";"null";2,00;"02";"المشروع/البرنامج";"Projet d'investissement";"N";"لم يتم تعيينه لطلب";"Non affecté à une requête";null;120,00;null;"null";"null";"null";"null";"null";"null";null;"null";false;"null";"null";"null";"null";null;false;0,00;null;"null";null;null;null
1 585,00;null;null;"null";8,00;"08";"في طور التنفيذ";"En exécution";"null";"null";"P26172";"Contribuer à couvrir le coût du programme d'économie d'eau dans le sud tunisien";"null";null;false;false;false;3,00;null;null;3,00;37,00;"TND";"TND";"Dinar Tunisien";1,00;1,00;3,00;3,00;30/11/2016;31/12/2018;"2 an(s)";null;null;null;null;null;null;null;"null";"null";"null";"null";17,00;2 342,00;"007059";"الشركة الوطنية لاستغلال وتوزيع المياه";"Société Nationale d'Exploitation et de Distribution des Eaux";"National Water Distribution Utility";null;null;"null";"null";"null";"null";"null";"null";11/05/2026 08:39;null;false;null;"null";null;"null";"null";"null";2,00;"02";"المشروع/البرنامج";"Projet d'investissement";"N";"لم يتم تعيينه لطلب";"Non affecté à une requête";null;120,00;null;"null";"null";"null";"null";"null";"null";3,00;"null";false;"null";"null";"null";"null";null;false;0,00;null;"null";null;null;null
1 586,00;null;null;"null";8,00;"08";"في طور التنفيذ";"En exécution";"null";"null";"P26173";"Etude du projet d'autoroute Mejez El-Bab El-Kef";"null";null;false;false;false;3,00;null;null;3,00;37,00;"TND";"TND";"Dinar Tunisien";1,00;1,00;3,00;3,00;28/02/2018;31/12/2020;"2 an(s), 9 mois";null;null;null;null;null;null;null;"null";"null";"null";"null";null;21,00;"013";"وزارة التجهيز والاسكان والتهيئة الترابية";"Ministère de l’Equipement et l’habitat";"null";null;null;"null";"null";"null";"null";"null";"null";11/05/2026 08:50;null;false;null;"null";null;"null";"null";"null";2,00;"02";"المشروع/البرنامج";"Projet d'investissement";"N";"لم يتم تعيينه لطلب";"Non affecté à une requête";null;120,00;null;"null";"null";"null";"null";"null";"null";null;"null";false;"null";"null";"null";"null";null;false;0,00;null;"null";null;null;null
1 587,00;null;null;"null";8,00;"08";"في طور التنفيذ";"En exécution";"null";"null";"P26174";"Financement pour l'acquisition d'équipements médicaux";"null";null;false;false;false;3,00;null;null;3,00;37,00;"TND";"TND";"Dinar Tunisien";1,00;1,00;3,00;3,00;29/04/2023;29/04/2024;"1 an";null;null;null;null;null;null;null;"null";"null";"null";"null";null;16,00;"010";"وزارة الصحّة";"Ministère de la Santé";"Ministry of Health";null;null;"null";"null";"null";"null";"null";"null";11/05/2026 08:55;null;false;null;"null";null;"null";"null";"null";4,00;"02";"Projet de développement";"Projet de développement";"N";"لم يتم تعيينه لطلب";"Non affecté à une requête";null;120,00;null;"null";"null";"null";"null";"null";"null";3,00;"null";false;"null";"null";"null";"null";null;false;0,00;null;"null";null;null;null
1 588,00;null;null;"null";8,00;"08";"في طور التنفيذ";"En exécution";"null";"null";"P26175";"Rawafed +";"null";null;false;false;false;8,90;null;null;null;39,00;"EUR";"€";"Euro";1,00;3,39;30,19;null;01/07/2024;30/06/2028;"4 an(s)";null;null;null;null;null;null;null;"null";"null";"null";"null";3 588,00;3 601,00;"029003";"Expertise France";"Expertise France";"null";null;null;"null";"null";"null";"null";"null";"null";11/05/2026 08:56;null;false;null;"null";null;"null";"null";"null";4,00;"02";"Projet de développement";"Projet de développement";"N";"لم يتم تعيينه لطلب";"Non affecté à une requête";null;182,00;null;"null";"null";"null";"null";"null";"null";null;"null";false;"null";"null";"null";"null";null;false;0,00;null;"null";null;null;null
1 590,00;null;null;"null";8,00;"08";"في طور التنفيذ";"En exécution";"null";"null";"P26177";"Appui à la Cour des Comptes";"null";null;false;false;false;2,00;null;null;null;39,00;"EUR";"€";"Euro";1,00;3,39;6,78;null;null;null;"null";null;null;null;null;null;null;null;"null";"null";"null";"null";3 588,00;3 601,00;"029003";"Expertise France";"Expertise France";"null";null;null;"null";"null";"null";"null";"null";"null";11/05/2026 09:17;null;false;null;"null";null;"null";"null";"null";4,00;"02";"Projet de développement";"Projet de développement";"N";"لم يتم تعيينه لطلب";"Non affecté à une requête";null;182,00;null;"null";"null";"null";"null";"null";"null";null;"null";false;"null";"null";"null";"null";null;false;0,00;null;"null";null;null;null
1 589,00;1 578,00;null;"null";11,00;"11";"منجز";"Achevé";"null";"null";"P26176";"Promotion de l'économie sociale et solidaire et création d'emploi décents ""Jeun'ESS""";"null";null;false;false;false;9,00;0,00;null;9,00;39,00;"EUR";"€";"Euro";1,00;3,39;30,53;null;01/10/2019;30/09/2024;"5 an(s)";null;null;null;null;0,00;null;null;"null";"null";"null";"null";3 588,00;3 604,00;"029006";"Organisation internationale du travail OIT";"Organisation internationale du travail OIT";"null";null;null;"null";"null";"null";"null";"Ministère de l'Economie et la Planification";"null";11/05/2026 09:26;null;false;null;"null";null;"null";"null";"null";4,00;"02";"Projet de développement";"Projet de développement";"N";"لم يتم تعيينه لطلب";"Non affecté à une requête";null;181,00;null;"null";"null";"null";"null";"null";"null";null;"null";false;"PROG26002 : Programme d'appui à la jeunesse tunisienne EU4YOUTH";"null";"null";"null";null;false;0,00;null;"null";null;null;null
1 591,00;null;null;"null";8,00;"08";"في طور التنفيذ";"En exécution";"null";"null";"PAT26030";"Assistance Technique PAGE";"null";null;false;false;false;1,00;null;null;null;39,00;"EUR";"€";"Euro";1,00;3,39;3,39;null;01/09/2024;01/01/2027;"2 an(s), 3 mois";null;null;null;null;null;null;null;"null";"null";"null";"null";null;3 588,00;"029";"أخرى";"Autres";"Autres";null;null;"null";"null";"null";"null";"Gestion directe par l'UE (DUE)";"Ce projet est une mission d'assistance technique au Ministère de l’Economie et de la Planification, qui vise MEP l'amélioration des fonctions d’analyses, de planification et de suivi notamment au niveau de ses directions DGCUE (coopération UE) et DGCA (climat des affaires). ";11/05/2026 09:34;null;false;null;"null";null;"null";"null";"null";1,00;"01";"مشروع مساعدة تقنية";"Projet d'assistance technique ";"N";"لم يتم تعيينه لطلب";"Non affecté à une requête";null;182,00;null;"null";"null";"null";"null";"null";"null";1,00;"null";false;"null";"null";"null";"null";null;false;0,00;null;"null";null;null;null
1 593,00;null;null;"null";8,00;"08";"في طور التنفيذ";"En exécution";"null";"null";"P26179";"PAMT2";"null";null;false;false;false;9,15;null;null;null;39,00;"EUR";"€";"Euro";1,00;3,39;31,04;null;01/02/2021;31/03/2026;"5 an(s), 1 mois";null;null;null;null;null;null;null;"null";"null";"null";"null";null;3 588,00;"029";"أخرى";"Autres";"Autres";null;null;"null";"null";"null";"null";"Gestion directe par la DUE";"Le Programme d’appui aux médias en Tunisie 2 vise à renforcer le secteur des médias professionnels afin de garantir la diffusion d’une information indépendante et plurielle, garante de la liberté d’expression.";11/05/2026 09:53;null;false;null;"null";null;"null";"null";"null";4,00;"02";"Projet de développement";"Projet de développement";"N";"لم يتم تعيينه لطلب";"Non affecté à une requête";null;182,00;null;"null";"null";"null";"null";"null";"null";null;"null";false;"null";"null";"null";"null";null;false;0,00;null;"null";null;null;null
1 594,00;null;null;"null";8,00;"08";"في طور التنفيذ";"En exécution";"null";"null";"P26180";"Analyses économiques";"null";null;false;false;false;2,50;null;null;null;39,00;"EUR";"€";"Euro";1,00;3,39;8,48;null;null;null;"null";null;null;null;null;null;null;null;"null";"null";"null";"null";3 588,00;3 612,00;"029014";"OCDE";"OCDE";"null";null;null;"null";"null";"null";"null";"null";"Ce projet vise à évaluer et renforcer la concurrence en Tunisie. À cette fin, un examen sera effectué des lois et politiques de la concurrence dans les secteurs stratégique (tourisme et banque) afin d'identifier les obstacles et de proposer des réformes favorables à un environnement commercial plus compétitif et dynamique.";11/05/2026 10:00;null;false;null;"null";null;"null";"null";"null";4,00;"02";"Projet de développement";"Projet de développement";"N";"لم يتم تعيينه لطلب";"Non affecté à une requête";null;182,00;null;"null";"null";"null";"null";"null";"null";null;"null";false;"null";"null";"null";"null";null;false;0,00;null;"null";null;null;null
1 595,00;null;null;"null";8,00;"08";"في طور التنفيذ";"En exécution";"null";"null";"P26181";"Redevab";"null";null;false;false;false;4,60;null;null;null;39,00;"EUR";"€";"Euro";1,00;3,39;15,60;null;null;null;"null";null;null;null;null;null;null;null;"null";"null";"null";"null";3 588,00;3 612,00;"029014";"OCDE";"OCDE";"null";null;null;"null";"null";"null";"null";"null";"Le projet PAGE/OCDE vise à améliorer la gouvernance publique en Tunisieen renforçant les capacités des institutions, en évaluant les obstacles réglementaires à la concurrence, et en mobilisant la société civile autour du suivi des politiques publiques, dans une approche structurée, transparente et fondée sur des données probantes.
Il vise ainsi à renforcer la transparence, la redevabilité et l'efficacité des institutions publiques tunisiennes en mobilisant la société civile, en améliorant les politiques publiques et en réduisant les obstacles réglementaires à la concurrence";11/05/2026 10:04;null;false;null;"null";null;"null";"null";"null";4,00;"02";"Projet de développement";"Projet de développement";"N";"لم يتم تعيينه لطلب";"Non affecté à une requête";null;182,00;null;"null";"null";"null";"null";"null";"null";null;"null";false;"null";"null";"null";"null";null;false;0,00;null;"null";null;null;null
1 598,00;null;null;"null";8,00;"08";"في طور التنفيذ";"En exécution";"null";"null";"P26183";"Achèvement de l'étude complémentaire relative au projet de développement et d'amélioration du salar de Sejoumi";"null";null;false;false;false;3,00;null;null;3,00;37,00;"TND";"TND";"Dinar Tunisien";1,00;1,00;3,00;3,00;17/08/2023;17/08/2024;"1 an";null;null;null;null;null;null;null;"null";"null";"null";"null";null;21,00;"013";"وزارة التجهيز والاسكان والتهيئة الترابية";"Ministère de l’Equipement et l’habitat";"null";null;null;"null";"null";"null";"null";"null";"null";11/05/2026 10:24;null;false;null;"null";null;"null";"null";"null";4,00;"02";"Projet de développement";"Projet de développement";"N";"لم يتم تعيينه لطلب";"Non affecté à une requête";null;120,00;null;"null";"null";"null";"null";"null";"null";null;"null";false;"null";"null";"null";"null";null;false;0,00;null;"null";null;null;null
1 599,00;null;null;"null";8,00;"08";"في طور التنفيذ";"En exécution";"null";"null";"P26184";"Financement des coûts de préparation d'une étude pour l'évaluation des bâtiments anciens et délabrés du vieux centre urbain à Tunis";"null";null;false;false;false;0,15;null;null;0,15;29,00;"KWD";"KD";"Dinar Koweitien";1,00;9,98;1,50;1,50;09/04/2025;09/04/2026;"1 an";null;null;null;null;null;null;null;"null";"null";"null";"null";null;21,00;"013";"وزارة التجهيز والاسكان والتهيئة الترابية";"Ministère de l’Equipement et l’habitat";"null";null;null;"null";"null";"null";"null";"null";"null";11/05/2026 10:34;null;false;null;"null";null;"null";"null";"null";4,00;"02";"Projet de développement";"Projet de développement";"N";"لم يتم تعيينه لطلب";"Non affecté à une requête";null;120,00;null;"null";"null";"null";"null";"null";"null";null;"null";false;"null";"null";"null";"null";null;false;0,00;null;"null";null;null;null
1 600,00;1 597,00;null;"null";8,00;"08";"في طور التنفيذ";"En exécution";"null";"null";"P26185";"Subvention CPSCL : Appui financier aux communes";"null";null;false;false;false;55,00;0,00;null;55,00;39,00;"EUR";"€";"Euro";1,00;3,39;186,56;null;23/12/2019;23/12/2024;"5 an(s)";null;null;null;null;0,00;null;null;"null";"null";"null";"null";23,00;2 870,00;"016006";"صندوق القروض ومساعدة الجماعات المحليّة";"Caisse de Prêts et de Soutien des Collectivités Locales";"Caisse de Prêts et de Soutien des Collectivités Locales";null;null;"null";"null";"null";"null";"null";"null";11/05/2026 11:00;null;false;null;"null";null;"null";"null";"null";4,00;"02";"Projet de développement";"Projet de développement";"N";"لم يتم تعيينه لطلب";"Non affecté à une requête";null;181,00;null;"null";"null";"null";"null";"null";"null";null;"null";false;"PROG26004 : Programme d’Appui à la Gouvernance locale - Ettamkeen El Mahalli ";"null";"null";"null";null;false;0,00;null;"null";null;null;null
1 603,00;1 597,00;null;"null";8,00;"08";"في طور التنفيذ";"En exécution";"null";"null";"P26187";"Mise en Œuvre du FMCG et renforcement du rôle de la FNCT dans l’appui aux communes : subvention à la FNCT";"null";null;false;false;false;6,50;0,00;null;6,50;39,00;"EUR";"€";"Euro";1,00;3,39;22,05;null;02/06/2022;01/06/2027;"5 an(s)";null;null;null;null;0,00;null;null;"null";"null";"null";"null";null;3 588,00;"029";"أخرى";"Autres";"Autres";null;null;"null";"null";"null";"null";"FNCT , Ministère de l'Intérieur";"null";11/05/2026 14:52;null;false;null;"null";null;"null";"null";"null";4,00;"02";"Projet de développement";"Projet de développement";"N";"لم يتم تعيينه لطلب";"Non affecté à une requête";null;181,00;null;"null";"null";"null";"null";"null";"null";null;"null";false;"PROG26004 : Programme d’Appui à la Gouvernance locale - Ettamkeen El Mahalli ";"null";"null";"null";null;false;0,00;null;"null";null;null;null
1 605,00;1 604,00;null;"null";8,00;"08";"في طور التنفيذ";"En exécution";"null";"null";"P26188";"EMNA";"null";null;false;false;false;2,30;null;null;2,30;39,00;"EUR";"€";"Euro";1,00;3,39;7,80;null;null;null;"null";null;null;null;null;null;null;null;"null";"null";"null";"null";3 588,00;3 618,00;"029019";"Fonds des Nations unies pour la population UNFPA";"Fonds des Nations unies pour la population UNFPA";"null";null;null;"null";"null";"null";"null";"null";"null";11/05/2026 15:10;null;false;null;"null";null;"null";"null";"null";4,00;"02";"Projet de développement";"Projet de développement";"N";"لم يتم تعيينه لطلب";"Non affecté à une requête";null;133,00;null;"null";"null";"null";"null";"null";"null";null;"null";false;"PROG26005 : PAIS";"null";"null";"null";null;false;0,00;null;"null";null;null;null
1 601,00;1 597,00;null;"null";8,00;"08";"في طور التنفيذ";"En exécution";"null";"null";"PAT26031";"Assistance technique et institutionnelle aux communes";"null";null;false;false;false;5,00;0,00;null;5,00;39,00;"EUR";"€";"Euro";1,00;3,39;16,96;null;02/06/2022;01/06/2027;"5 an(s)";null;null;null;null;0,00;null;null;"null";"null";"null";"null";null;3 588,00;"029";"أخرى";"Autres";"Autres";null;null;"null";"null";"null";"null";"Gestion directe par l'UE (DUE à Tunis)";"null";11/05/2026 15:23;null;false;null;"null";null;"null";"null";"null";1,00;"01";"مشروع مساعدة تقنية";"Projet d'assistance technique ";"N";"لم يتم تعيينه لطلب";"Non affecté à une requête";null;181,00;null;"null";"null";"null";"null";"null";"null";null;"null";false;"PROG26004 : Programme d’Appui à la Gouvernance locale - Ettamkeen El Mahalli ";"null";"null";"null";null;false;0,00;null;"null";null;null;null
1 608,00;1 606,00;null;"null";11,00;"11";"منجز";"Achevé";"null";"null";"P26190";"IPDLI-OIT";"null";null;false;false;false;11,68;0,00;null;11,68;39,00;"EUR";"€";"Euro";1,00;3,39;39,60;null;26/11/2017;25/11/2021;"4 an(s)";null;null;null;null;null;null;null;"null";"null";"null";"null";3 588,00;3 604,00;"029006";"Organisation internationale du travail OIT";"Organisation internationale du travail OIT";"null";null;null;"null";"null";"null";"null";"null";"null";11/05/2026 16:20;null;false;null;"null";null;"null";"null";"null";4,00;"02";"Projet de développement";"Projet de développement";"N";"لم يتم تعيينه لطلب";"Non affecté à une requête";null;181,00;null;"null";"null";"null";"null";"null";"null";null;"null";false;"PROG26006 : initiative pilote de développement local intégré ""IPDLI"" ";"null";"null";"null";null;false;0,00;null;"null";null;null;null
1 611,00;1 604,00;null;"null";8,00;"08";"في طور التنفيذ";"En exécution";"null";"null";"P26193";"SILA";"null";null;false;false;false;6,00;null;null;null;39,00;"EUR";"€";"Euro";1,00;3,39;20,35;null;null;null;"null";null;null;null;null;null;null;null;"null";"null";"null";"null";3 588,00;3 620,00;"029021";"Agence belge de coopération internationale - Enabel";"Agence belge de coopération internationale - Enabel";"null";3 588,00;3 603,00;"029005";"Agence Espagnole pour la Coopération Internationale au Développement AECID";"Agence Espagnole pour la Coopération Internationale au Développement AECID";"null";"null";"null";12/05/2026 09:30;null;false;null;"null";null;"null";"null";"null";4,00;"02";"Projet de développement";"Projet de développement";"N";"لم يتم تعيينه لطلب";"Non affecté à une requête";null;133,00;null;"null";"null";"null";"null";"null";"null";null;"null";false;"PROG26005 : PAIS";"null";"null";"null";null;false;0,00;null;"null";null;null;null
1 610,00;1 573,00;null;"null";10,00;"10";"لم يكتمل";"Arrêté non achevé";"null";"null";"P26192";"Mécanisme de financement des actions  climatiques au niveau local ""LOCAL Tunisie""";"null";null;false;false;false;13,00;0,00;null;13,00;39,00;"EUR";"€";"Euro";1,00;3,39;44,10;null;27/02/2023;26/02/2028;"5 an(s)";null;null;null;null;null;null;null;"null";"null";"null";"null";3 588,00;3 611,00;"029013";"UN Capital Development Fund UNCDF";"UN Capital Development Fund UNCDF";"null";null;null;"null";"null";"null";"null";"ministère de l'intérieur , ministère de l'environnement";"null";12/05/2026 09:35;null;false;null;"null";null;"null";"null";"null";4,00;"02";"Projet de développement";"Projet de développement";"N";"لم يتم تعيينه لطلب";"Non affecté à une requête";null;181,00;null;"null";"null";"null";"null";"null";"null";null;"null";false;"PROG26001 : PAAET : Programme d'appui à l'action environnementale en Tunisie";"null";"null";"null";null;false;0,00;null;"null";null;null;null
1 609,00;null;null;"null";8,00;"08";"في طور التنفيذ";"En exécution";"null";"null";"P26191";"Projet d’appui à la valorisation du patrimoine culturel tunisien ""Patrimoine 3000""";"null";null;false;false;false;19,00;null;null;19,00;39,00;"EUR";"€";"Euro";1,00;3,39;64,45;null;01/08/2019;31/07/2024;"5 an(s)";null;null;null;null;null;null;null;"null";"null";"null";"null";3 588,00;3 601,00;"029003";"Expertise France";"Expertise France";"null";null;null;"null";"null";"null";"null";"Institut National du patrimoine";"null";12/05/2026 09:36;null;false;null;"null";null;"null";"null";"null";4,00;"02";"Projet de développement";"Projet de développement";"N";"لم يتم تعيينه لطلب";"Non affecté à une requête";null;181,00;null;"null";"null";"null";"null";"null";"null";null;"null";false;"null";"null";"null";"null";null;false;0,00;null;"null";null;null;null
1 607,00;1 606,00;null;"null";8,00;"08";"في طور التنفيذ";"En exécution";"null";"null";"P26189";"Appui à la communalisation intégrale ""PACI""";"null";null;false;false;false;39,50;null;null;39,50;39,00;"EUR";"€";"Euro";1,00;3,39;133,98;null;20/12/2017;19/12/2022;"5 an(s)";null;null;null;null;null;null;null;"null";"null";"null";"null";3 588,00;3 605,00;"029007";"Agence française de développement AFD";"Agence française de développement AFD";"null";23,00;2 870,00;"016006";"صندوق القروض ومساعدة الجماعات المحليّة";"Caisse de Prêts et de Soutien des Collectivités Locales";"Caisse de Prêts et de Soutien des Collectivités Locales";"null";"null";12/05/2026 09:36;null;false;null;"null";null;"null";"null";"null";4,00;"02";"Projet de développement";"Projet de développement";"N";"لم يتم تعيينه لطلب";"Non affecté à une requête";null;181,00;null;"null";"null";"null";"null";"null";"null";null;"null";false;"PROG26006 : initiative pilote de développement local intégré ""IPDLI"" ";"null";"null";"null";null;false;0,00;null;"null";null;null;null
1 596,00;1 578,00;null;"null";11,00;"11";"منجز";"Achevé";"null";"null";"P26182";"Projet de soutien à l'employabilité des jeunes GO4YOUTH";"null";null;false;false;false;10,00;0,00;null;10,00;39,00;"EUR";"€";"Euro";1,00;3,39;33,92;null;02/06/2022;31/12/2025;"3 an(s), 6 mois";null;null;null;null;null;null;null;"null";"null";"null";"null";3 588,00;3 607,00;"029009";"Banque Mondiale";"Banque Mondiale";"null";null;null;"null";"null";"null";"null";"ANETI";"null";12/05/2026 09:37;null;false;null;"null";null;"null";"null";"null";4,00;"02";"Projet de développement";"Projet de développement";"N";"لم يتم تعيينه لطلب";"Non affecté à une requête";null;181,00;null;"null";"null";"null";"null";"null";"null";null;"null";false;"PROG26002 : Programme d'appui à la jeunesse tunisienne EU4YOUTH";"null";"null";"null";null;false;0,00;null;"null";null;null;null
1 592,00;1 578,00;null;"null";8,00;"08";"في طور التنفيذ";"En exécution";"null";"null";"P26178";"Participation des jeunes dans les politiques publiques ""Fe3il(a)""";"null";null;false;false;false;9,00;0,00;null;9,00;39,00;"EUR";"€";"Euro";1,00;3,39;30,53;null;02/06/2022;01/06/2026;"4 an(s)";null;null;null;null;null;null;null;"null";"null";"null";"null";3 588,00;3 606,00;"029008";"VNG-CILG";"VNG-CILG";"null";null;null;"null";"null";"null";"null";"ministère de la jeunesse et du sport";"null";12/05/2026 09:38;null;false;null;"null";null;"null";"null";"null";4,00;"02";"Projet de développement";"Projet de développement";"N";"لم يتم تعيينه لطلب";"Non affecté à une requête";null;181,00;null;"null";"null";"null";"null";"null";"null";null;"null";false;"PROG26002 : Programme d'appui à la jeunesse tunisienne EU4YOUTH";"null";"null";"null";null;false;0,00;null;"null";null;null;null
1 612,00;1 604,00;null;"null";8,00;"08";"في طور التنفيذ";"En exécution";"null";"null";"P26194";"DEFI";"null";null;false;false;false;7,50;null;null;null;39,00;"EUR";"€";"Euro";1,00;3,39;25,44;null;null;null;"null";null;null;null;null;null;null;null;"null";"null";"null";"null";3 588,00;3 619,00;"029020";"Handicap international HI";"Handicap international HI";"null";null;null;"null";"null";"null";"null";"null";"null";12/05/2026 09:42;null;false;null;"null";null;"null";"null";"null";4,00;"02";"Projet de développement";"Projet de développement";"N";"لم يتم تعيينه لطلب";"Non affecté à une requête";null;133,00;null;"null";"null";"null";"null";"null";"null";null;"null";false;"PROG26005 : PAIS";"null";"null";"null";null;false;0,00;null;"null";null;null;null
1 614,00;null;null;"null";8,00;"08";"في طور التنفيذ";"En exécution";"null";"null";"P26196";"FCT";"null";null;false;false;false;13,00;null;null;null;39,00;"EUR";"€";"Euro";1,00;3,39;44,10;null;null;null;"null";null;null;null;null;null;null;null;"null";"null";"null";"null";null;1,00;"002";"وزارة الإقتصاد والتخطيط";"Ministère de l’Economie et de Planification";"Ministry of Investment Development and International Cooperation";null;null;"null";"null";"null";"null";"null";"null";12/05/2026 11:01;null;false;null;"null";null;"null";"null";"null";4,00;"02";"Projet de développement";"Projet de développement";"N";"لم يتم تعيينه لطلب";"Non affecté à une requête";null;133,00;null;"null";"null";"null";"null";"null";"null";null;"null";false;"null";"null";"null";"null";null;false;0,00;null;"null";null;null;null
1 613,00;1 579,00;null;"null";8,00;"08";"في طور التنفيذ";"En exécution";"null";"null";"P26195";"sécurité alimentaire";"null";null;false;false;false;25,00;null;null;null;39,00;"EUR";"€";"Euro";1,00;3,39;84,80;null;null;null;"null";null;null;null;null;null;null;null;"null";"null";"null";"null";3 588,00;3 602,00;"029004";"Agence italienne pour la coopération au développement AICS";"Agence italienne pour la coopération au développement AICS";"null";null;null;"null";"null";"null";"null";"null";"null";12/05/2026 11:12;null;false;null;"null";null;"null";"null";"null";4,00;"02";"Projet de développement";"Projet de développement";"N";"لم يتم تعيينه لطلب";"Non affecté à une requête";null;213,00;null;"null";"null";"null";"null";"null";"null";null;"null";false;"PROG26003 : Programme d'appui au développement rural PADR";"null";"null";"null";null;false;0,00;null;"null";null;null;null
1 615,00;null;null;"null";8,00;"08";"في طور التنفيذ";"En exécution";"null";"null";"P26197";"irada";"null";null;false;false;false;32,00;null;null;null;37,00;"TND";"TND";"Dinar Tunisien";1,00;1,00;32,00;null;null;null;"null";null;null;null;null;null;null;null;"null";"null";"null";"null";1,00;3 621,00;"002013";"UGP IRADA";"UGP IRADA";"null";null;null;"null";"null";"null";"null";"null";"null";12/05/2026 11:19;null;false;null;"null";null;"null";"null";"null";4,00;"02";"Projet de développement";"Projet de développement";"N";"لم يتم تعيينه لطلب";"Non affecté à une requête";null;133,00;null;"null";"null";"null";"null";"null";"null";null;"null";false;"null";"null";"null";"null";null;false;0,00;null;"null";null;null;null
1 616,00;null;null;"null";8,00;"08";"في طور التنفيذ";"En exécution";"null";"null";"P26198";"essaha aziza";"null";null;false;false;false;70,00;null;null;null;39,00;"EUR";"€";"Euro";1,00;3,39;237,44;null;null;null;"null";null;null;null;null;null;null;null;"null";"null";"null";"null";null;16,00;"010";"وزارة الصحّة";"Ministère de la Santé";"Ministry of Health";null;null;"null";"null";"null";"null";"null";"null";12/05/2026 11:23;null;false;null;"null";null;"null";"null";"null";4,00;"02";"Projet de développement";"Projet de développement";"N";"لم يتم تعيينه لطلب";"Non affecté à une requête";null;133,00;null;"null";"null";"null";"null";"null";"null";null;"null";false;"null";"null";"null";"null";null;false;0,00;null;"null";null;null;null
1 619,00;1 617,00;null;"null";8,00;"08";"في طور التنفيذ";"En exécution";"null";"null";"P26200";"medfishtun";"null";null;false;false;false;6,00;null;null;null;39,00;"EUR";"€";"Euro";1,00;3,39;20,35;null;null;null;"null";null;null;null;null;null;null;null;"null";"null";"null";"null";3 588,00;3 605,00;"029007";"Agence française de développement AFD";"Agence française de développement AFD";"null";null;null;"null";"null";"null";"null";"null";"null";12/05/2026 14:36;null;false;null;"null";null;"null";"null";"null";4,00;"02";"Projet de développement";"Projet de développement";"N";"لم يتم تعيينه لطلب";"Non affecté à une requête";null;133,00;null;"null";"null";"null";"null";"null";"null";null;"null";false;"PROG26007 : PACE";"null";"null";"null";null;false;0,00;null;"null";null;null;null
1 620,00;1 617,00;null;"null";8,00;"08";"في طور التنفيذ";"En exécution";"null";"null";"P26201";"primea";"null";null;false;false;false;4,00;null;null;null;39,00;"EUR";"€";"Euro";1,00;3,39;13,57;null;null;null;"null";null;null;null;null;null;null;null;"null";"null";"null";"null";3 588,00;3 605,00;"029007";"Agence française de développement AFD";"Agence française de développement AFD";"null";null;null;"null";"null";"null";"null";"null";"null";12/05/2026 14:45;null;false;null;"null";null;"null";"null";"null";4,00;"02";"Projet de développement";"Projet de développement";"N";"لم يتم تعيينه لطلب";"Non affecté à une requête";null;133,00;null;"null";"null";"null";"null";"null";"null";null;"null";false;"PROG26007 : PACE";"null";"null";"null";null;false;0,00;null;"null";null;null;null
1 621,00;1 617,00;null;"null";8,00;"08";"في طور التنفيذ";"En exécution";"null";"null";"P26202";"insadder";"null";null;false;false;false;7,25;null;null;null;39,00;"EUR";"€";"Euro";1,00;3,39;24,59;null;null;null;"null";null;null;null;null;null;null;null;"null";"null";"null";"null";3 588,00;3 616,00;"029018";"BERD";"BERD";"null";null;null;"null";"null";"null";"null";"null";"null";12/05/2026 14:52;null;false;null;"null";null;"null";"null";"null";4,00;"02";"Projet de développement";"Projet de développement";"N";"لم يتم تعيينه لطلب";"Non affecté à une requête";null;133,00;null;"null";"null";"null";"null";"null";"null";null;"null";false;"PROG26007 : PACE";"null";"null";"null";null;false;0,00;null;"null";null;null;null
1 622,00;1 617,00;null;"null";8,00;"08";"في طور التنفيذ";"En exécution";"null";"null";"P26203";"pace amit";"null";null;false;false;false;10,60;null;null;null;39,00;"EUR";"€";"Euro";1,00;3,39;35,95;null;null;null;"null";null;null;null;null;null;null;null;"null";"null";"null";"null";3 588,00;3 613,00;"029015";"GIZ";"GIZ";"null";null;null;"null";"null";"null";"null";"null";"null";12/05/2026 14:59;null;false;null;"null";null;"null";"null";"null";4,00;"02";"Projet de développement";"Projet de développement";"N";"لم يتم تعيينه لطلب";"Non affecté à une requête";null;133,00;null;"null";"null";"null";"null";"null";"null";null;"null";false;"PROG26007 : PACE";"null";"null";"null";null;false;0,00;null;"null";null;null;null
1 618,00;1 617,00;null;"null";8,00;"08";"في طور التنفيذ";"En exécution";"null";"null";"P26199";"ASCO";"null";null;false;false;false;6,00;null;null;null;39,00;"EUR";"€";"Euro";1,00;3,39;20,35;null;null;null;"null";null;null;null;null;null;null;null;"null";"null";"null";"null";3 588,00;3 623,00;"029023";"Organisation pour l'alimentation et l'agriculture (FAO)";"Organisation pour l'alimentation et l'agriculture (FAO)";"null";null;null;"null";"null";"null";"null";"null";"null";12/05/2026 15:28;null;false;null;"null";null;"null";"null";"null";4,00;"02";"Projet de développement";"Projet de développement";"N";"لم يتم تعيينه لطلب";"Non affecté à une requête";null;133,00;null;"null";"null";"null";"null";"null";"null";null;"null";false;"PROG26007 : PACE";"null";"null";"null";null;false;0,00;null;"null";null;null;null
1 623,00;null;null;"null";8,00;"08";"في طور التنفيذ";"En exécution";"null";"null";"P26204";"Financement des concours de projets verts";"null";null;false;false;false;0,15;null;null;null;29,00;"KWD";"KD";"Dinar Koweitien";1,00;9,98;1,50;null;null;null;"null";null;null;null;null;null;null;null;"null";"null";"null";"null";null;20,00;"020";"وزارة البيئة";"Ministère de l'Environnement";"Ministry of Environment";null;null;"null";"null";"null";"null";"null";"null";13/05/2026 06:56;null;false;null;"null";null;"null";"null";"null";4,00;"02";"Projet de développement";"Projet de développement";"N";"لم يتم تعيينه لطلب";"Non affecté à une requête";null;120,00;null;"null";"null";"null";"null";"null";"null";null;"null";false;"null";"null";"null";"null";null;false;0,00;null;"null";null;null;null
1 625,00;null;603,00;"R26018";18,00;"18";"في انتظار رأي CR";"En attente proposition CR";"En attente avis CR";"null";"P26206";"Projet séance informative 1";"null";null;false;false;false;10,00;null;null;null;39,00;"EUR";"€";"Euro";1,00;3,39;33,92;null;13/05/2026;14/05/2031;"5 an(s)";null;null;null;null;null;null;null;"null";"null";"null";"null";null;1,00;"002";"وزارة الإقتصاد والتخطيط";"Ministère de l’Economie et de Planification";"Ministry of Investment Development and International Cooperation";null;null;"null";"null";"null";"null";"null";"null";13/05/2026 09:10;null;false;6,00;"DGSE";4,00;"04";"مطلب في طور الدراسة";"Requête en cours de traitement";2,00;"02";"المشروع/البرنامج";"Projet d'investissement";"Y";"تم تعيينه لطلب";"Affecté à une requête";13/05/2026;213,00;null;"01";"موافق";"Favorable";"null";"في الإنتظار";"En attente";1,00;"null";false;"null";"null";"null";"null";false;true;0,00;null;"null";null;null;null
1 627,00;null;null;"null";8,00;"08";"في طور التنفيذ";"En exécution";"null";"null";"P26208";"PAITT";"null";null;false;false;false;20,00;null;null;null;39,00;"EUR";"€";"Euro";1,00;3,39;67,84;null;null;null;"null";null;null;null;null;null;null;null;"null";"null";"null";"null";1,00;3 617,00;"002012";"Programme d'Appui a I'Accord d'Association (P3A) ";"Programme d'Appui a I'Accord d'Association (P3A) ";"null";null;null;"null";"null";"null";"null";"null";"null";13/05/2026 11:25;null;false;null;"null";null;"null";"null";"null";4,00;"02";"Projet de développement";"Projet de développement";"N";"لم يتم تعيينه لطلب";"Non affecté à une requête";null;133,00;null;"null";"null";"null";"null";"null";"null";null;"null";false;"null";"null";"null";"null";null;false;0,00;null;"null";null;null;null
1 628,00;null;null;"null";8,00;"08";"في طور التنفيذ";"En exécution";"null";"null";"P26209";"Projet de soutien au secteur du transport d'électricité (13ème plan de développement)";"null";null;false;true;false;null;null;null;null;37,00;"TND";"TND";"Dinar Tunisien";1,00;1,00;null;null;null;null;"null";null;null;null;null;null;null;null;"null";"null";"null";"null";null;37,00;"014";"وزارة الصناعة والمؤسسات الصغرى والمتوسطة";"Ministère de l'Industrie, des Mines et de l'Energie";"Ministère de l’Industrie et des PME";null;null;"null";"null";"null";"null";"null";"null";15/05/2026 06:33;null;false;null;"null";null;"null";"null";"null";4,00;"02";"Projet de développement";"Projet de développement";"N";"لم يتم تعيينه لطلب";"Non affecté à une requête";null;120,00;null;"null";"null";"null";"null";"null";"null";null;"null";false;"null";"null";"null";"null";null;false;0,00;null;"null";null;null;null
1 624,00;null;null;"null";8,00;"08";"في طور التنفيذ";"En exécution";"null";"null";"P26205";"Barrages saida et kalaa kebira et conduites liées";"null";null;false;false;false;null;null;null;null;37,00;"TND";"TND";"Dinar Tunisien";1,00;1,00;null;null;null;null;"null";null;null;null;null;null;null;null;"null";"null";"null";"null";null;17,00;"007";"وزارة الــفــلاحــة والموارد المائية والصيد البحري";"Ministère de l’Agriculture, des Ressources hydrauliques et de la Pêche ";"Ministry of Agriculture";null;null;"null";"null";"null";"null";"null";"null";15/05/2026 06:39;null;false;null;"null";null;"null";"null";"null";4,00;"02";"Projet de développement";"Projet de développement";"N";"لم يتم تعيينه لطلب";"Non affecté à une requête";null;120,00;null;"null";"null";"null";"null";"null";"null";null;"null";false;"null";"null";"null";"null";null;false;0,00;null;"null";null;null;null
1 629,00;null;null;"null";8,00;"08";"في طور التنفيذ";"En exécution";"null";"null";"P26210";"Construction et équipement de deux hôpitaux régionaux à Thala et Dahmani";"null";null;false;false;false;null;null;null;null;37,00;"TND";"TND";"Dinar Tunisien";1,00;1,00;null;null;null;null;"null";null;null;null;null;null;null;null;"null";"null";"null";"null";null;17,00;"007";"وزارة الــفــلاحــة والموارد المائية والصيد البحري";"Ministère de l’Agriculture, des Ressources hydrauliques et de la Pêche ";"Ministry of Agriculture";null;null;"null";"null";"null";"null";"null";"null";15/05/2026 06:46;null;false;null;"null";null;"null";"null";"null";4,00;"02";"Projet de développement";"Projet de développement";"N";"لم يتم تعيينه لطلب";"Non affecté à une requête";null;120,00;null;"null";"null";"null";"null";"null";"null";null;"null";false;"null";"null";"null";"null";null;false;0,00;null;"null";null;null;null
1 630,00;null;null;"null";8,00;"08";"في طور التنفيذ";"En exécution";"null";"null";"P26211";"Projet de réseau de transport de gaz naturel";"null";null;false;false;false;null;null;null;null;37,00;"TND";"TND";"Dinar Tunisien";1,00;1,00;null;null;null;null;"null";null;null;null;null;null;null;null;"null";"null";"null";"null";null;37,00;"014";"وزارة الصناعة والمؤسسات الصغرى والمتوسطة";"Ministère de l'Industrie, des Mines et de l'Energie";"Ministère de l’Industrie et des PME";null;null;"null";"null";"null";"null";"null";"null";15/05/2026 06:50;null;false;null;"null";null;"null";"null";"null";4,00;"02";"Projet de développement";"Projet de développement";"N";"لم يتم تعيينه لطلب";"Non affecté à une requête";null;120,00;null;"null";"null";"null";"null";"null";"null";null;"null";false;"null";"null";"null";"null";null;false;0,00;null;"null";null;null;null
1 205,00;null;null;"null";8,00;"08";"في طور التنفيذ";"En exécution";"null";"null";"P26039";"Projet d’Appui d’Urgence à la Sécurité Alimentaire en Tunisie (PAUSAT)";"null";08/04/2026;false;false;false;80,00;null;null;80,00;38,00;"USD";"$";"Dollar des USA";1,00;3,06;245,12;null;03/11/2022;30/06/2026;"3 an(s), 7 mois";null;null;null;null;null;null;null;"null";"null";"null";"null";17,00;2 333,00;"007050";"ديوان الحبوب";"Office des Céréales";"Cereals Office";17,00;2 333,00;"007050";"ديوان الحبوب";"Office des Céréales";"Cereals Office";"null";"null";18/05/2026 13:24;null;false;null;"null";null;"null";"null";"null";2,00;"02";"المشروع/البرنامج";"Projet d'investissement";"N";"لم يتم تعيينه لطلب";"Non affecté à une requête";null;174,00;null;"null";"null";"null";"null";"null";"null";1,00;"null";false;"null";"null";"null";"null";null;false;0,00;null;"null";null;null;null
1 631,00;null;604,00;"R26019";1,00;"01";"جديد";"Nouveau";"null";"null";"P26212";"Construction du pont ";"null";null;false;false;false;null;null;null;null;37,00;"TND";"TND";"Dinar Tunisien";1,00;1,00;null;null;null;null;"null";null;null;null;null;null;null;null;"null";"null";"null";"null";null;21,00;"013";"وزارة التجهيز والاسكان والتهيئة الترابية";"Ministère de l’Equipement et l’habitat";"null";null;null;"null";"null";"null";"null";"null";"null";19/05/2026 09:48;null;false;null;"null";1,00;"01";"مطلب في طور الإعداد";"En cours d'élaboration";4,00;"02";"Projet de développement";"Projet de développement";"Y";"تم تعيينه لطلب";"Affecté à une requête";null;213,00;null;"null";"null";"null";"null";"null";"null";null;"null";false;"null";"null";"null";"null";false;false;0,00;null;"null";null;null;null
1 632,00;null;605,00;"R26020";17,00;"17";"في انتظار رأي CGDSR";"En attente avis CGDSR";"En attente avis CGDSR";"null";"P26213";"Construction du pont du Bizerte";"null";null;false;false;false;null;null;null;null;37,00;"TND";"TND";"Dinar Tunisien";1,00;1,00;null;null;null;null;"null";null;null;null;null;null;null;null;"null";"null";"null";"null";null;21,00;"013";"وزارة التجهيز والاسكان والتهيئة الترابية";"Ministère de l’Equipement et l’habitat";"null";null;null;"null";"null";"null";"null";"null";"null";19/05/2026 10:20;null;false;3,00;"DGCSPPPR";3,00;"03";"تم إستلام المطلب بالوزارة";"Réceptionnée par le MEP";2,00;"02";"المشروع/البرنامج";"Projet d'investissement";"Y";"تم تعيينه لطلب";"Affecté à une requête";19/05/2026;221,00;null;"null";"في الإنتظار";"En attente";"null";"في الإنتظار";"En attente";null;"null";false;"null";"null";"null";"null";false;false;0,00;null;"null";null;null;null
1 198,00;null;null;"null";8,00;"08";"في طور التنفيذ";"En exécution";"null";"null";"P26032";"Projet de Valorisation Des Périmètres Irrigués (PVPI)";"null";08/04/2026;false;false;false;59,71;14,69;6,39;38,63;39,00;"EUR";"€";"Euro";1,00;2,64;157,63;101,99;null;30/06/2023;"5 an(s), 7 mois";null;null;null;16,87;38,78;null;null;"null";"null";"null";"null";null;17,00;"007";"وزارة الــفــلاحــة والموارد المائية والصيد البحري";"Ministère de l’Agriculture, des Ressources hydrauliques et de la Pêche ";"Ministry of Agriculture";null;17,00;"007";"وزارة الــفــلاحــة والموارد المائية والصيد البحري";"Ministère de l’Agriculture, des Ressources hydrauliques et de la Pêche ";"Ministry of Agriculture";"null";"valorisation des périmètres irrigués à travers le développement des chaines de valeur dans les gouvernorats de Kairouan, Sidi Bouzid et Kasserine";19/05/2026 11:29;null;false;null;"null";null;"null";"null";"null";2,00;"02";"المشروع/البرنامج";"Projet d'investissement";"N";"لم يتم تعيينه لطلب";"Non affecté à une requête";null;174,00;null;"null";"null";"null";"null";"null";"null";2,00;"null";false;"null";"null";"null";"null";null;false;0,00;null;"null";null;null;null
1 203,00;null;null;"null";8,00;"08";"في طور التنفيذ";"En exécution";"null";"null";"P26037";"Projet de Développement et de Promotion des Filières Agricoles dans le Gouvernorat de Zaghouan(PDPFAGZ)";"null";06/11/2019;false;false;false;43,86;null;null;null;39,00;"EUR";"€";"Euro";1,00;3,39;148,77;null;10/07/2019;31/12/2025;"6 an(s), 5 mois";null;null;null;null;null;null;null;"null";"null";"null";"null";17,00;2 319,00;"007038";"المندوبية الجهوية للتنمية الفلاحية بزغوان";"Commissariat Régional au Développement Agricole de Zaghouan";"Regional Commissary for Agricultural Development of Zaghouan Governorate";null;null;"null";"null";"null";"null";"null";"null";03/06/2026 14:01;null;false;null;"null";null;"null";"null";"null";2,00;"02";"المشروع/البرنامج";"Projet d'investissement";"N";"لم يتم تعيينه لطلب";"Non affecté à une requête";null;1,00;null;"null";"null";"null";"null";"null";"null";1,00;"null";false;"null";"null";"null";"null";null;false;0,00;null;"null";null;null;null
1 579,00;null;null;"null";null;"null";"null";"null";"null";"null";"PROG26003";"Programme d'appui au développement rural PADR";"null";null;false;false;false;90,00;null;null;null;39,00;"EUR";"€";"Euro";1,00;3,39;305,28;null;null;null;"null";null;null;null;null;null;null;null;"null";"null";"null";"null";null;17,00;"007";"وزارة الــفــلاحــة والموارد المائية والصيد البحري";"Ministère de l’Agriculture, des Ressources hydrauliques et de la Pêche ";"Ministry of Agriculture";null;null;"null";"null";"null";"null";"null";"null";08/05/2026 13:36;null;false;null;"null";null;"null";"null";"null";3,00;"03";"برنامج";"Programme ";"N";"لم يتم تعيينه لطلب";"Non affecté à une requête";null;1,00;null;"null";"null";"null";"null";"null";"null";null;"null";true;"null";"null";"null";"null";null;false;0,00;null;"null";null;null;null
1 617,00;null;null;"null";null;"null";"null";"null";"null";"null";"PROG26007";"PACE";"null";null;false;false;false;90,00;null;null;null;39,00;"EUR";"€";"Euro";1,00;3,39;305,28;null;null;null;"null";null;null;null;null;null;null;null;"null";"null";"null";"null";null;1,00;"002";"وزارة الإقتصاد والتخطيط";"Ministère de l’Economie et de Planification";"Ministry of Investment Development and International Cooperation";null;null;"null";"null";"null";"null";"null";"null";12/05/2026 13:38;null;false;null;"null";null;"null";"null";"null";3,00;"03";"برنامج";"Programme ";"N";"لم يتم تعيينه لطلب";"Non affecté à une requête";null;133,00;null;"null";"null";"null";"null";"null";"null";null;"null";true;"null";"null";"null";"null";null;false;0,00;null;"null";null;null;null
1 604,00;null;null;"null";null;"null";"null";"null";"null";"null";"PROG26005";"PAIS";"null";null;false;false;false;100,00;null;null;null;39,00;"EUR";"€";"Euro";1,00;3,39;339,20;null;null;null;"null";null;null;null;null;null;null;null;"null";"null";"null";"null";null;27,00;"028";"وزارة الشؤون الاجتماعية";"Ministère des Affaires Sociales";"Ministry of Social Affairs";null;null;"null";"null";"null";"null";"Ministère de la famille, de la femme, de l'enfance et des personnes agées";"null";11/05/2026 14:49;null;false;null;"null";null;"null";"null";"null";3,00;"03";"برنامج";"Programme ";"N";"لم يتم تعيينه لطلب";"Non affecté à une requête";null;133,00;null;"null";"null";"null";"null";"null";"null";1,00;"null";true;"null";"null";"null";"null";null;false;0,00;null;"null";null;null;null
1 606,00;null;null;"null";null;"null";"null";"null";"null";"null";"PROG26006";"initiative pilote de développement local intégré ""IPDLI"" ";"null";null;false;false;false;60,00;0,00;null;60,00;39,00;"EUR";"€";"Euro";1,00;3,39;203,52;null;07/07/2017;06/07/2028;"11 an(s)";null;null;null;null;null;null;null;"null";"null";"null";"null";null;23,00;"016";"وزارة الداخلية";"Ministère de l'Intérieur";"Ministry of the Interior";null;null;"null";"null";"null";"null";"null";"null";11/05/2026 16:02;null;false;null;"null";null;"null";"null";"null";3,00;"03";"برنامج";"Programme ";"N";"لم يتم تعيينه لطلب";"Non affecté à une requête";null;181,00;null;"null";"null";"null";"null";"null";"null";null;"null";true;"null";"null";"null";"null";null;false;0,00;null;"null";null;null;null
1 597,00;null;null;"null";null;"null";"null";"null";"null";"null";"PROG26004";"Programme d’Appui à la Gouvernance locale - Ettamkeen El Mahalli ";"null";null;false;false;false;70,00;0,00;null;70,00;39,00;"EUR";"€";"Euro";1,00;3,39;237,44;null;03/06/2019;02/06/2027;"8 an(s)";null;null;null;null;0,00;null;null;"null";"null";"null";"null";null;23,00;"016";"وزارة الداخلية";"Ministère de l'Intérieur";"Ministry of the Interior";null;null;"null";"null";"null";"null";"Ministère de l'Intérieur";"null";11/05/2026 16:02;null;false;null;"null";null;"null";"null";"null";3,00;"03";"برنامج";"Programme ";"N";"لم يتم تعيينه لطلب";"Non affecté à une requête";null;181,00;null;"null";"null";"null";"null";"null";"null";null;"null";true;"null";"null";"null";"null";null;false;0,00;null;"null";null;null;null
1 578,00;null;null;"null";null;"null";"null";"null";"null";"null";"PROG26002";"Programme d'appui à la jeunesse tunisienne EU4YOUTH";"null";null;false;false;false;60,00;null;null;null;39,00;"EUR";"€";"Euro";1,00;3,39;203,52;null;null;null;"null";null;null;null;null;null;null;null;"null";"null";"null";"null";null;1,00;"002";"وزارة الإقتصاد والتخطيط";"Ministère de l’Economie et de Planification";"Ministry of Investment Development and International Cooperation";null;null;"null";"null";"null";"null";"null";"null";08/05/2026 11:22;null;false;null;"null";null;"null";"null";"null";3,00;"03";"برنامج";"Programme ";"N";"لم يتم تعيينه لطلب";"Non affecté à une requête";null;1,00;null;"null";"null";"null";"null";"null";"null";null;"null";true;"null";"null";"null";"null";null;false;0,00;null;"null";null;null;null
1 573,00;null;null;"null";null;"null";"null";"null";"null";"null";"PROG26001";"PAAET : Programme d'appui à l'action environnementale en Tunisie";"null";null;false;false;false;50,00;null;null;null;39,00;"EUR";"€";"Euro";1,00;3,39;169,60;null;null;null;"null";null;null;null;null;null;null;null;"null";"null";"null";"null";null;1,00;"002";"وزارة الإقتصاد والتخطيط";"Ministère de l’Economie et de Planification";"Ministry of Investment Development and International Cooperation";null;null;"null";"null";"null";"null";"null";"null";08/05/2026 09:06;null;false;null;"null";null;"null";"null";"null";3,00;"03";"برنامج";"Programme ";"N";"لم يتم تعيينه لطلب";"Non affecté à une requête";null;1,00;null;"null";"null";"null";"null";"null";"null";null;"null";true;"null";"null";"null";"null";null;false;0,00;null;"null";null;null;null
