Movie Name,Plot Summary,Genres
Mickey 17,"Unlikely hero Mickey Barnes finds himself in the extraordinary circumstance of working for an employer who demands the ultimate commitment to the job… to die, for a living.","Science Fiction, Comedy, Adventure"
The Metropolitan Opera: Fidelio,"Following a string of awe-inspiring Met performances, soprano Lise Davidsen stars as Leonore, who risks everything to save her husband from the clutches of tyranny.",Music
Paradiso,"Inside a cold and rusty bunker, Irina and Georgi endure the aftermath of a nuclear holocaust. Georgi´s heavy radiation sickness and imminent death prompts Irina to repair his old and beloved guitar so he can hear it one last time.","Drama, Horror"
The Escape,"Follows the final days of left-wing terrorist Satoshi Kirishima, who died in 2024 after evading capture for 49 years.",
Afterwards,A young man receives advice from his deceased grandfather about the afterlife when he suddenly starts to see said advice materialize.,"Horror, Romance"
Myself Two Seconds to Cry,"The digital presence left by people I knew who died young has vanished.  Songs they’ve uploaded, photo albums, public diary entries, all deleted and all that’s left is generic obituaries.  When I think of these people, I think of a place. With two cameras, I’m capturing the outline of a memory we shared there in present and in past.",Music
Vodu Between two worlds,"Voodoo tradition is too often victim of misperceptions and stereotypes in the Western imagination. In Togo, Voodoo is revealed in all its splendour and complexity. Through spectacular ceremonies, consultations and rites, an intimate connection is revealed that unites the visible world with that of invisible forces. By giving a voice to those who live and practise Voodoo, an authentic and nuanced perspective emerges, revealing the richness of this mysterious spirituality. It's a genuine burst of curiosity about a living heritage and the sumptuousness of its traditions.",Documentary
Royal-ish,"Lacey is an amusement park princess who befriends 8-year-old Rose, a real-life princess, and is recruited by her handsome father to travel to their kingdom and be the new governess.","TV Movie, Comedy, Romance"
Family Matters,"Elder sister, Spring, seeks her origins before heading to university, Autumn, the mother, grapples with conceiving a child through artificial insemination, Summer, the younger brother, tries to engage with a paternal figure he barely knows just before his military service, and Winter, the father, desperately tries to change his fate as problems mount up.","Drama, Family"
Dead-Weight,"When three high school graduates supply booze for the big party, they discover their cargo isn't what they expected.","Thriller, Comedy"
"Liar, Liar, Love is on Fire","Influencer couple Xu Xiaoli and her ""hired boyfriend"" Hao Zha face a fan crisis and pressure from their boss. In response, Xu Xiaoli plans a fake wedding, but when Hao Zha unexpectedly disappears, she embarks on a wild chase to find him. Will their relationship survive the chaos?","Romance, Comedy"
A Day,A young boxer must confront his family's traumatic past when his estranged older brother is released from prison.,"Drama, Thriller"
Beneath The Tall Tree's Gaze,,"Drama, Horror"
Reincarnation,"""A man is confronted with a haunting reality as he uncovers dark secrets about his identity and the truth behind his mysterious circumstances.""","Science Fiction, Mystery, Thriller"
Jenuh Eksistensialisme,Three female students discusses existentialism while trapped in their classroom.,
Nanay's Frankenstein,"Emman, a young cyclist and delivery boy, races for everyday survival, pedaling through each struggle to build the bike of his dreams. Backed only by his sheer determination and his mother's familiar love; it's a race against the odds to reach the finish line.",
Sidelines,"When a young boy falls in love with a sport, he quickly realises that the only reason he did was for his father.","Drama, Family"
Neverwhen,"As a young lady prepares to leave behind her childhood home, a playful and enigmatic elf from her past invites her into a nostalgic game of hide and seek.","Fantasy, Romance"
Departures,"A must-see northern comedy-drama that dissects a toxic relationship with humor and raw emotion. Inspired by real heartbreak, this Manchester-made feature follows Benji, who meets the elusive and dominant Jake at an airport check-out gate. What begins as thrilling monthly getaways to Amsterdam soon unravels into a doomed power dynamic. Struggling to move on after being dumped, Benji spirals into addiction and fleeting hook-ups, haunted by the love he lost. Created by a collective of working-class LGBT+ filmmakers, Departures is a darkly comic, emotionally charged journey—think Shirley Valentine meets LGBTQ Trainspotting.",
"Please, Don’t Cry",A professional mourner goes to what seems just another job when she begins to suspect that the deceased might be tied to her forgotten past.,Drama
PÉPÉ,"Pépé is a dramatic short film that follows Aime, a reserved photographer from the Ivory Coast, who embarks on a trip to Morelia to collect images for his grandfather, a photo collector and lover of foreign legends and cultures, named Pépé Meless. An unfortunate incident forces him to extend his visit and confronts him with memories, both sad and happy. In the end, Aime must decide how to take on the challenges and victories we all face in life.",Drama
Urtajo,,"Thriller, Drama"
"I'm Not Crying, You're Crying",,
Nunami: là où le vent chante,,"Documentary, Music"
Alchemy of the Word,"1873 - The precocious, French poet, Arthur Rimbaud, has eloped with his mentor - the older, married Paul Verlaine - to London where they are struggling to keep the faith in their love and their work. Despite the downward spiral of poverty and violence, it is here that Rimbaud will pen his aptly named masterpiece, “A Season in Hell.”",
England’s Lions: The New Generation,"Chronicles the experiences of England’s emerging football stars as they navigate the immense pressure and glory of representing their country. The film provides intimate access to these players’ journeys, from their grassroots beginnings to the cauldron of the European Championships.",Documentary
Der geräderte Mensch,,Comedy
Bet,"Before the Liberation, during the years of the exiled Bulgarian revolutionaries in Romania, the Major and the Prime Minister once shared the same ideals, the same home, and even the same woman. Today, the Major orchestrates a conspiracy to overthrow the government led by his former friend, the Prime Minister. The head of state must be assassinated, and the Prince – dethroned. The woman is part of the plot, but she will try to prevent the fratricide.","Drama, History"
Marciano García,,Drama
Full Out,"In 19th-century Paris at the Salpêtrière Hospital, patients were hypnotized onstage to reproduce the symptoms of hysteria for public audiences. Over a century later, high school cheerleaders are fainting en masse.",
The Phalanx,"Letters from the Ceresco community trace the fragility of harmony, the dream of life in association. Members of the phalanx drift apart, lingering in private corners, suspended in speculative time.",
Songs Overheard in the Shadows,"Balanced on the edge of what is visible, everything comes from nothingness and returns to nothingness. Strands of consciousness trying to convene with each other. Forms of personal significance in a time of crisis, set free into random motion through chance operations. Recurring details point towards a center.",
Gamad Machmad 4,"Four years have passed since Kfar and Gamadi's last fight, which ended in Gamadi's defeat. As time passes, the neverending threat of Gamadi seems to haunt Kfar, and leads him into a life revolving around the constant seek of revenge, violence and hate. And now with Piggy, his best friend, leaving to join the army. Kfar is left to deal with Gamadi on his own.","Drama, Comedy, Thriller, Action"
Charon,,"Drama, Mystery"
"Y por si fuera poco, Godard","Julio, a young man in his twenties, is in a relationship with Gladys, an older woman worried about not appearing like his mother. Amid hidden feelings and the complexities of love, they discover in a downtown café that they have more in common than they ever imagined.",
Final,"One room, two girls. They would be the perfect elements for a new sapphic love story, except for Alex and Pau, which is the end of it all. Both try to “do it right”, but this was never synonymous with easy.",
The Gorge,"Two highly trained operatives grow close from a distance after being sent to guard opposite sides of a mysterious gorge. When an evil below emerges, they must work together to survive what lies within.","Romance, Science Fiction, Thriller"
High Rollers,"Mason, a master thief, lives a dream life of riches with his crew and girlfriend Decker. When nemesis Salazar kidnaps Decker, Mason must attempt a high-stakes casino heist to save her, all while evading Salazar’s rivals and the FBI.","Action, Crime, Thriller"
Flight Risk,"A U.S. Marshal escorts a government witness to trial after he's accused of getting involved with a mob boss, only to discover that the pilot who is transporting them is also a hitman sent to assassinate the informant. After they subdue him, they're forced to fly together after discovering that there are others attempting to eliminate them.","Action, Thriller, Crime"
Bill Burr: Drop Dead Years,"In what might be his most personal and introspective hour yet, Bill offers hilarious takes on everything from male sadness to dating advice.",Comedy
Eyes Everywhere,"Jodie, a police inspector, is tasked with finding out who sabotaged the technological system that governs every aspect of daily life: from transport to global security, from health care to management of essential services. Without a quick solution, hospitals will collapse, casualties will increase and the country could be plunged into an apocalyptic scenario. To carry out the investigation, Jodie must rely on her father Mark and an unlikely ally: Matt, a hacker with a criminal past. The clues seem to lead to a single culprit, Doctor Borghese, a respected psychologist who lost his job because of artificial intelligence. But is he really responsible, or is someone trying to frame him? The film explores, through interviews with experts and fictional scenarios, how technology is transforming cities, mobility, healthcare, sustainability and even space exploration.",Documentary
Bert Kreischer: Lucky,Losing 45 pounds. Getting parenting advice from Snoop Dogg. Bert Kreischer knows he's the luckiest guy around — and he's recounting his blessings.,Comedy
The Last Goodbye,Two estranged siblings attempt to reconcile after the death of their younger brother.,Drama
Sacrum and Profanum in Pievenai,"Once a year, a quiet and secluded village in the north-western part of Lithuania comes alive to celebrate Catholic Easter, doing its best to preserve the vanishing ancient tradition of the Guardians of the Cross. With gentle humor observing the preparations of the local community for the vigil and immersing the audience in Easter night, the filmmakers raise questions about the relationship between the sacred and profane in the modern world.",Documentary
High Ground,"When a mysterious prisoner lands in his jail, a border town sheriff faces the wrath of a brutal cartel.",Thriller
Gladiators,"When a once great gladiator's betrothed is murdered, he vows to hunt down the killer. But when he discovers the murderer is no stranger, the gladiator must enter the Colosseum once more to avenge his bride.",Action
La terra negra,"Miquel moves to a town in the Spanish countryside. He is there to work in an industrial mill, ran by siblings María and Ángel. María, who dislikes her work and the neighbours she has to do business with, finds in Miquel a person similar to her.","Drama, Crime"
100 di questi anni, ,Drama
Batman Ninja vs. Yakuza League,"The Batman family has returned to the present to discover that Japan has disappeared, and a giant island - Hinomoto - is now in the sky over Gotham City.  At the top sit the Yakuza, a group of superpowered individuals who reign without honor or humanity and look suspiciously like the Justice League. Now, it’s up to Batman and his allies to save Gotham!","Animation, Action"
Kamen Rider Gavv GRADUATIONS Funny School Days,"March is the month of graduation ceremonies. Graduation ceremonies are the time for fun school life. So, what if the characters from ""Kamen Rider Gavv"" were living a school life? We've created six short skits based on this theme!",
Carabao Cup Final 2025,"The 2025 Carabao Cup final is the upcoming final match of the 2024–25 EFL Cup. It is to be played between Liverpool and Newcastle United at Wembley Stadium in London, England, on 16 March 2025.",
The Electric State,"An orphaned teen hits the road with a mysterious robot to find her long-lost brother, teaming up with a smuggler and his wisecracking sidekick.","Science Fiction, Adventure, Drama"
The Alto Knights,"Two of New York's most notorious organized crime bosses, Frank Costello and Vito Genovese, vie for control of the city's streets. Once the best of friends, petty jealousies and a series of betrayals place them on a deadly collision course that will reshape the Mafia (and America) forever.","Drama, Crime"
The Actor,"Paul Cole finds himself stranded in a mysterious small town with no memory of who he is or how he got here. As bits and pieces of his past slowly emerge, he attempts to find his way home, but time is slippery, appearances can't be trusted, and it's unclear which of his identities is real.","Drama, Mystery, Thriller"
Royal-ish,"Lacey is an amusement park princess who befriends 8-year-old Rose, a real-life princess, and is recruited by her handsome father to travel to their kingdom and be the new governess.","TV Movie, Comedy, Romance"
Warden,"A docu-style science fiction thriller exploring the real-world impact of a young man discovering his superpowers. It delves into how his presence influences society, attracting followers, sparking conflict, and changing the lives of everyone around him.","Science Fiction, Thriller"
Sweet Heart,"Vasu, a gifted animator with a troubled past, is forced to face his commitment issues when his partner Manu reveals her pregnancy.","Romance, Comedy, Drama"
The World Will Tremble,"The incredible, untold true story of how a group of prisoners attempt a seemingly impossible escape from the first Nazi death camp in order to provide the first eyewitness account of the Holocaust.","Drama, War"
TNA Sacrifice 2025,"The 2025 Sacrifice was a professional wrestling event produced by Total Nonstop Action Wrestling. The event took place on March 14, 2025, at the El Paso County Coliseum in El Paso, Texas, and aired on TNA+. It was the 16th event under the Sacrifice chronology. Wrestlers from WWE's NXT brand, with which TNA had a partnership, also appeared at the event.",
The Age of Disclosure,"Director Dan Farah got 34 senior members of the U.S. Government, military, and intelligence community to come on camera. He says they reveal an 80 year cover-up of the existence of non-human intelligent life and a secret war amongst major nations to reverse engineer technology of non-human origin. The film explores the profound impact the situation has on the future of humanity, while providing a look behind-the-scenes with those at the forefront of the bi-partisan disclosure effort.",Documentary
The Age of Disclosure,"Director Dan Farah got 34 senior members of the U.S. Government, military, and intelligence community to come on camera. He says they reveal an 80 year cover-up of the existence of non-human intelligent life and a secret war amongst major nations to reverse engineer technology of non-human origin. The film explores the profound impact the situation has on the future of humanity, while providing a look behind-the-scenes with those at the forefront of the bi-partisan disclosure effort.",Documentary
I Don't Like It Here,"A recently paroled outsider returns to his desolate hometown, only to find a community plagued by a disturbing darkness. As he grapples with his own past and the town’s sinister secrets, he becomes the prime suspect in a series of gruesome murders.","Horror, Mystery, Thriller"
Penguin Girl,"Moon loves penguins. Her lifelong ambition is to study penguins in Antarctica. She believes she’ll meet her destined mate just like penguins do. One day, Moon runs into Adley, a guy in a penguin suit fortuitously making penguin courtship gestures at her. She believes the penguin-scented Adley is her fate. As they spend time together, Adley is moved by Moon's genuineness and passion. Just when their relationship has made some progress, Moon is recommended for an exchange program to the UK, throwing Moon into a dilemma between pursuing love and her dream.","Drama, Romance"
Meanwhile,"A groundbreaking, immersive, nonlinear cinematic journey where artists' expressions blend with historical and real-life footage, unveils the profound impact of white supremacy on our human connections. Led by a dynamic team including Jacqueline Woodson, Catherine Gund, Erika Dilday, Meshell Ndegeocello, and M. Trevino, this collaborative masterpiece weaves together diverse visions, poignantly revealing how race, racism, and resistance shape our shared breath, not just in moments of crisis, but in the enduring, pervasive legacy of that risk.",Documentary
Alakshye Ritwik,The biopic will see Silajit portraying Ritwik Ghatak from 35 to 50.,
Wolfgang (Extraordinari),"Wolfgang, a 9-year-old boy with an IQ of 125, is forced to live with his father, Carles, whom he has never seen, after the sudden death of his mother. He has one obsession, to run away to Paris to study at the Grimald Academy and become the best pianist in the world. But what Wolfgang doesn’t know is that the biggest challenge is right in front of him and that is to get along with his father.","Family, Drama"
Mononoke the Movie: The Ashes of Rage,Second installment of the Mononoke movie trilogy.,"Animation, Fantasy, Mystery, Horror"
Wujek foliarz,"Kuba is undergoing mandatory addiction therapy when he is kidnapped by his eccentric uncle – a conspiracy theorist who believes in the imminent end of the world. The uncle and his team of journalists from the ""Prawda TV"" channel want to involve him in their secret plan to prove that the mayoral elections were rigged. Initially skeptical of his uncle's obsession, Kuba discovers that the village is threatened with a real ecological disaster and decides to act. The situation is further complicated by his former love, Gośka. All this forces him to take matters into his own hands and make decisions that he has been running away from so far.",Comedy
Morlaix,"A young high school student marked by the recent death of her mother, Gwen, spends her time with her group of friends, including her lover Thomas, an apprentice baker. When Jean-Luc, a Parisian student who looks like an artist, moves into the area, Gwen does not hide her trouble, as if a decisive life choice was before her. One day, she discovers a film at the cinema that seems inexplicably inspired by her own life. Will she find the answers she is looking for?",Drama
The Enemy's Gift,"Victor has unfinished business with his former psychoanalyst Carmo. After years of holding a grudge, he lures Carmo into his house in order to finally take vengeance.",Drama
Court - State Vs. A Nobody,"A determined lawyer takes on a high-stakes case to defend a 19-year-old boy, challenging a system that has already branded him guilty.","Drama, Romance"
"Cupcakes, Lonely Cats","Liu Hui is a widower whose son lives in America. She insists on living alone in the house she shared with her late husband, a calligrapher, and is surrounded by fond memories. As she gradually joins community activities, she strikes up an acquaintance with the kind and shy building caretaker who faces a quandary over a stray cat. Small moments together reveal loneliness and companionship.",Drama
My Partners,"Three couples from Estonia and Germany navigate the uncharted territory of free love, finding new partners without ending their current relationships. On their journey they seek the help of mentors, psychologists, shamans, dancers and meditation experts. Over the course of several years, filmmaker Eva Kübar observes their sexual intimacy, desires and insecurities without ever judging their personal choices.",Documentary
A Murder in Oakland: Beauty is Deadly,"Recently cleared of an embezzlement charge, Detective Williams (Marcus D Spencer) is handed a high-profile murder case while also forced to take on a new partner. Williams is trying to solve this case while also working to see if he can trust his partner.","Drama, Comedy, Crime"
Art Attack! The Dissection of Terrifier 3,"Described to be 'a full dive into how the Terrifier 3 team brought various brutal kills and bloody effects to life in the latest slasher entry'. The documentary features interviews with director Damien Leone, producer Phil Falcone, and various cast members, along with new footage from the set.",Documentary
The Last Supper,A powerful cinematic Biblical journey that brings to life the ultimate act of love and sacrifice as seen through the eyes of those who walked alongside Jesus.,"Drama, History"
A Girl & Her Guard Dog,"Senagaki Isaku will be a first-year high school student starting in spring. Her grandfather is the third head of the Senagaki group, a yakuza organization, so she is feared by those around her. However, starting from spring, she hopes to make normal friends and normally fall in love. She is admitted into a high school further from her hometown, however, the overprotective young head of the Senagaki group, Utou Keiya, (26 years old) falsifies his age and enters the school with her through a backdoor admission…?! Keiya proclaims that love is too early for her although Isaku is perfectly ready. In truth, she has held an unrequited love for Keiya for quite some time.","Drama, Romance"
Skarlett,"Paying homage to 70's grindhouse and B-Movies with music by The Brujas, this music video follows a cannibal bassist that seeks her next victim in a sleazy bar, using her charms to seduce him and then eat him alive, a character introduced in the band's previous single: ""Caníbal"".","Music, Horror"
Sister Midnight,"In Mumbai, an arranged marriage spirals into darkness as the spineless husband watches his wife morph into a ruthless, feral force within their marital confines.","Comedy, Drama, Horror"
The Regulars,"Set in London's iconic Prince Charles Cinema, The Regulars follows a day in the life of its hapless employees. During their shift they watch movies, argue with customers, and, above all, deal with each other.",Comedy
DNA,,Drama
Sister's Keeper,A horror short film.,Horror
Beginning of a New Era,Documentary film of indigenous Mayan message of Unity and Hope for Humanity for these new times,"Documentary, Music"
La deuda,,Drama
Alleine (+1),,Drama
Dexter,"Aadi and Yamini's love story takes a tragic turn when Yamini is kidnapped and brutally murdered, plunging Aadi into despair. Struggling with PTSD, he undergoes a memory-erasing treatment and starts anew, reuniting with his childhood friend Bhuvi. However, their lives are upended when Bhuvi's family is taken hostage by a dangerous man named Sadhik. In a tense showdown, Sadhik traps Aadi, Bhuvi, and others in a deadly game, revealing the dark motives behind a string of murders, including Yamini's. Will Aadi uncover the truth and find redemption amidst the chaos?",Thriller
Let's Go Somewhere Else,"Five years of silence end when former high school best friends, Ethan and Gio, both cramming for finals, unexpectedly reunite at a cafe. With the cafe closing early, they must go somewhere else, confronting the unresolved pain of their fractured past.",Drama
Checkmate,,
Down We Go,A Countdown. A Chance?,Drama
Taympers,An innocent child Yumi is suddenly introduced to the world of womanhood when she witnesses her older sister Chloe feel pain in her body.,Comedy
STEP OUT,"Set against the vibrant and culturally rich backdrop of Okinawa, Step Out tells the inspiring story of Teruya, a young boy who discovers his passion for dance. Living with his dedicated single mother, Akane, and his introverted younger sister, Mai, Teruya finds himself drawn to dance after meeting Lisa, a skilled dancer at a local school. As Teruya hones his skills and partners with Lisa, his growing talent opens the door to both exciting opportunities and unexpected challenges.",Drama
Fleeting,A dreamer who wants to fly around the world meets an unambitious heir with whom she forges an improbable romance.,"Romance, Comedy"
Last Resort,"Two men star in a never-ending television show, but one grows increasingly paranoid and desperate to reclaim his autonomy.","Drama, Thriller"
Machine de rêve,"Two sailing passionates build an ice canoe, igniting the spark of a rediscovered memory for a rich culture that is still very much alive.",Documentary
Battle King!! Map of The Mind Part 2,,
Cereal Bowl,A boy discovers a fault in his normal day-to-day life.,Fantasy
müssen müssen,,"Animation, Comedy, Music"
They Watch,"A young woman's reality unravels as she becomes convinced she's being stalked by unseen, mysterious forces.",Thriller
Herman 2,A short horror film.,Horror
Wolves in the Trenches,A short horror film.,Horror
The Buried River,A short horror film.,Horror
Grin,"When newly elected mayor Frank Ford's failed attempts to run the local freak show out of town, Grady Nelson the ring master, and father figure to Grin, Karnage, and Kisses is murdered. Grin is well aware of who committed this heinous act, and The Circus Rejects seek revenge on the mayor and everyone who stands in their way!",Horror
Stalker,A young woman must confront her deepest fears if she hopes to survive the night.,Horror
Grimace,A sci-fi short film.,Science Fiction
Cold Read,"""Cold Read"" we follow Bugs, a struggling actor desperate to prove to his girlfriend and the rest of the world that he has what it takes to achieve his dreams. But when fate comes knocking with an audition for a mysterious new project, will he be willing to go to the dark places the role requires?",Horror
Grinners,Marley is a moderately successful horror cooking show host. Her life gets flipped upside down when she crosses paths with the voyeuristic possum mask. Marley has to survive the night as she is hunted down through the eyes of a possum.,Horror
Tall Girl,,"Comedy, Romance"
Surprise,A horror short film.,Horror
After Death Do Us Part,A horror short film.,Horror
Here I Remain,A horror short film.,
Imperfect Me,"Rinka Sugita is a key member of an ad agency’s marketing department. As she races back and forth between photo shoots and meetings, the shy presence of Takashi Urita catches her attention. Hired as a person with disabilities because he has an anxiety disorder, Rinka offers to take him under her wing. It initially seems to him that she takes pity on his situation, but another side to her personality emerges as they slowly get to know each other.","Drama, Romance"
And Then How He Told the Horse Mackerel,"Hanaoka loves Mirei, his classmate at a culinary school he attends, but expressing that feeling in words is hard to do. When the two are given an assignment to make Horse Mackerel Nanbanzuke, an offbeat love adventure ensues as Hanaoka is blindfolded by Mirei and led across town on a search for ingredients and, hopefully, understanding and connection.",Drama
Sujip,"Aleksandras, a man in his 30s, starts his first day at his new workplace. What appears to be a mundane office space reveals to be a suicide helpline center. One day the phone rings and Pijus, a man of the same age, calls to share his desire to take his life. Although their interaction begins on an awkward note, it gradually transforms into a moving exchange between two men who slowly realize their interconnected destinies.",
All In,Emilė always lives ten steps ahead: she knows how things should be. That doesn't help her on an awkward date - a poker party where everyone lives in the moment.,
A Lifelike Fairy Tale,A homeless family’s makeshift home is threatened when the rightful owner returns to reclaim it.,Drama
Prisoners of Fire,"June 26,1990, the Dude Fire rages across Zane Gray country in the towering ponderosa forests below the Mogollon Rim in Central Arizona, killing five prison crew members and a female supervisor on her first fire. Follow along with the survivors and firefighters as they share their experience as inmate firefighters and their harrowing story of courage, loss and redemption.","Documentary, Drama"
Terre Rouge - Topographie du poète,"Gaston Rollinger, an elderly poet and film-maker, lives alone in his childhood home in the astonishing landscape of Esch-sur-Alzette, a very special place where industrial relics meet wild nature. He draws all his inspiration from this place, and tells Fränz Hausemer many of his secrets, even though some of his landmarks are gradually beginning to disappear. This portrait of a singular man is interspersed with spellbinding pieces, the contours of which are drawn from Rollinger’s own poetry.",
Скрити в мрака,,Horror
Cinextdoor presentéiert: Marginal,"Luxembourg, beginning of the 20th century . A judge and a brigadier investigate difficult crimes which will lead them to explore the margins of a society in full transformation where victims and executioners merge.",Drama
Mindscapes,"The canvas of the mind, where an artist's inner visions and emotions are painted into existence.",
Elevator Lady,An elevator lady who uses her body to earn more money. She falls for a wealthy married man without her knowing that this will soon lead to her downfall.,Romance
Maadan Kodai Vizha,"Determined to revive a long-forgotten tradition, Murugan embarks on a mission to organize the annual Sudalai Madan ceremony, which has been defunct for years. However, his efforts are met with fierce resistance from various quarters.  Adding to the challenge, Murugan's girlfriend lays down an ultimatum: she will only marry him if he succeeds in pulling off the ceremony. Against all odds, Murugan perseveres, rallying the village community to support his cause. Will he triumph in his quest, and how will he overcome the hurdles to successfully organize the ceremony?",Drama
Mother at Sixty,An accomplished single mother's grand retirement plans fall flat as decades-long familial sentiments come to the fore.,
"We'll Laugh in the End, No Matter What",Documentary about Leelo Tungal.,Documentary
You're on Your Own,"A woman reflects on her wedding decision, lost in thought as she unwinds in a warm, candlelit bath. - Lyric video for Alicia Rose's ""You're on Your Own""",Music
Borderline,A helplessly romantic sociopath escapes from a mental institution and invades the home of a '90s pop superstar. He just wants to be loved; she just wants to survive.,"Comedy, Horror, Thriller"
Snow White,"A beautiful girl, Snow White, takes refuge in the forest in the house of seven dwarfs to hide from her stepmother, the wicked Queen. The Queen is jealous because she wants to be known as 'the fairest in the land', and Snow White's beauty surpasses her own.","Family, Fantasy"
Konjam Kadhal Konjam Modhal,"the Story Revolves Around a Young Man and a Young Woman, Who Pretend to Be Rich in Order to Impress Each Other. According to Them, Money is the Key to Happiness. But, One Day They Find Out That Neither of Them is  Rich. This Bitter Truth Makes Them Feel Disappointed and They Are Parted. Later, They Meet an Elderly Couple Who Share Selfless Love With One Another. The Husband Lives for the Wife and the Wife Lives for the Husband. Their Deep and True Love Impacts the Young Couple. The Conclusion of the Story is Marked by the Profound Transformation in the Young Couple's Mindset, Inspired by the Old Couple's Enduring Love.","Romance, Comedy"
Six Each,"A student in Canada faces charges in her husband's death after allegedly deceiving him for visa purposes, highlighting immigrant families' desperate pursuit of opportunities.","Crime, Drama"
Control Freak,"A motivational speaker, plagued by an uncontrollable itch on her head, becomes infected with a parasitic demon from her homeland.",Horror
Moana 2,"After receiving an unexpected call from her wayfinding ancestors, Moana journeys alongside Maui and a new crew to the far seas of Oceania and into dangerous, long-lost waters for an adventure unlike anything she's ever faced.","Animation, Adventure, Family, Comedy"
Flow,"A solitary cat, displaced by a great flood, finds refuge on a boat with various species and must navigate the challenges of adapting to a transformed world together.","Animation, Fantasy, Adventure"
Persona,A talented young impersonator falls for a mysterious stranger and is slowly lured into assuming the identity of a missing ivy-league student.,"Crime, Drama, Thriller"
Black Bag,"When his beloved wife is suspected of betraying the nation, an intelligence agent faces the ultimate test – loyalty to his marriage or his country.",Thriller
Mufasa: The Lion King,"Mufasa, a cub lost and alone, meets a sympathetic lion named Taka, the heir to a royal bloodline. The chance meeting sets in motion an expansive journey of a group of misfits searching for their destiny.","Adventure, Family, Animation"
Revolució 304,,"Documentary, TV Movie"
Spider in the Cupboard,"SMILE, YOU'RE ON CAMERA... Jen is a crisis hotline volunteer, using the service to cope with losing her sister at a young age. Little does she know, a former caller has beensecretly living in her apartment, recording her every move with a home video camera. Jen is sent into a spiral by thecombination ofJohn Doe's subtle maniuplations and the apathy of Jen's loved ones, namely Harry.","Horror, Thriller"
Centered: Joe Lieberman,"In a time of deep political division, Centered: Joe Lieberman chronicles the remarkable career of Joe Lieberman, a principled and bipartisan politician who navigated the tumultuous world of American politics with unwavering integrity, offering timely lessons on the power of collaboration and leadership beyond party lines.",Documentary
Leaving Neverland 2: Surviving Michael Jackson,"Explores the personal toll on James Safechuck and Wade Robson after they went public with accusations against pop icon Michael Jackson. The two men continue to seek justice as they face backlash from his global army of fans. With exclusive access to court hearings, the film shows the extent to which the Jackson estate has fought to prevent Robson and Safechuck from having their day in court.",Documentary
The Twister: Caught in the Storm,"In May 2011, a massive tornado ripped through Joplin, Missouri. With pulse-pounding firsthand footage, this documentary goes inside a deadly twister.",Documentary
"Something Old, Something New, Something Borrowed","A working-class family in Buenos Aires runs an underground sports betting operation, which becomes matriarchal after the father's death.",Drama
Dawn of Impressionism: Paris 1874,"The Impressionists are the most popular group in art history – millions flock every year to marvel at their masterpieces. But, to begin with, they were scorned, penniless outsiders. 1874 was the year that changed everything; the first Impressionists, “hungry for independence”, broke the mould by holding their own exhibition outside official channels. Impressionism was born and the art world was changed forever.  What led to that first groundbreaking show 150 years ago? Who were the maverick personalities that wielded their brushes in such a radical and provocative way? The spectacular Musée d’Orsay exhibition brings fresh eyes to this extraordinary tale of passion and rebellion. The story is told not by historians and curators but in the words of those who witnessed the dawn of Impressionism: the artists, press and people of Paris, 1874.",Documentary
USAH: Uncommon Stories of American Horror,"27 real-life stories of American horror are told by a mysterious narrator, who draws inspiration from some famous paintings of American art displayed in an ancient abbey.",Documentary
Persona,An Actress finds herself in a complex puzzle of Personas when someone unexpected arrives to take her place.,"Thriller, Horror"
RÉVEILLON 2024 OU: O Cine-Monstro da Virada,"A group of friends gathers to celebrate the end of 2023 and the beginning of 2024. Captured through a cellphone camera, the film showcases their various interactions while highlighting the artistic and cultural influences that shape their lives.",Documentary
Konosuba: God's Blessing on This Wonderful World! 3: Bonus Stage,Two new original video anime episodes of Kono Subarashii Sekai ni Shukufuku wo!.,"Animation, Comedy, Fantasy, Adventure"
The Vietnamese Concert Film,"A documentary film about the 13th-anniversary music event of singer-artist Hoàng Thùy Linh. The film offers audiences an intimate look into the artist's creative process, training journey, and behind-the-scenes moments of the Vietnamese Concert Film: Chúng ta là người Việt Nam. Behind the explosive performances and flawless on-stage visuals lies the relentless effort of the entire team.","Documentary, Music"
Novocaine,"When the girl of his dreams is kidnapped, everyman Nate turns his inability to feel pain into an unexpected strength in his fight to get her back.","Action, Comedy, Thriller"
Flow,"A solitary cat, displaced by a great flood, finds refuge on a boat with various species and must navigate the challenges of adapting to a transformed world together.","Animation, Fantasy, Adventure"
Opus,"A young writer is invited to the remote compound of a legendary pop star who mysteriously disappeared thirty years ago. Surrounded by the star's cult of sycophants and intoxicated journalists, she finds herself in the middle of his twisted plan.","Thriller, Mystery, Horror"
Sonic the Hedgehog 3,"Sonic, Knuckles, and Tails reunite against a powerful new adversary, Shadow, a mysterious villain with powers unlike anything they have faced before. With their abilities outmatched in every way, Team Sonic must seek out an unlikely alliance in hopes of stopping Shadow and protecting the planet.","Action, Science Fiction, Comedy, Family, Adventure, Fantasy"
Anora,"A young sex worker from Brooklyn gets her chance at a Cinderella story when she meets and impulsively marries the son of an oligarch. Once the news reaches Russia, her fairytale is threatened as his parents set out to get the marriage annulled.","Drama, Comedy, Romance"
The Parenting,"Boyfriends Josh and Rohan plan a weekend getaway to introduce their parents, only to discover that their rental is home to a 400-year-old poltergeist.","Horror, Comedy"
Köln 75,"Behind one of the best-selling jazz records of all time, Keith Jarrett’s 1975 Köln Concert, how it almost didn’t happen, and how one formidable German teenager, Vera Brandes, breaks every boundary to set the conditions for the creation of a masterpiece. Vera, still in high school when she started producing and promoting music concerts in Cologne, puts everything on the line to put on this show. But Vera believes in the power of music, and she’s never seen anyone play like Keith Jarrett before.",Drama
Vitória,"Inspired by a real woman, who filmed for two years, hidden, the routine of drug dealers on Ladeira dos Tabajaras, in Copacabana, in 2004. At the time, the material was passed on to the police, who opened an investigation and carried out an operation that resulted in in the arrest of more than 30 people, including military police involved with the gang.",Drama
Captain America: Brave New World,"After meeting with newly elected U.S. President Thaddeus Ross, Sam finds himself in the middle of an international incident. He must discover the reason behind a nefarious global plot before the true mastermind has the entire world seeing red.","Action, Thriller, Science Fiction"
Be Happy,"A dance-drama film that follows a single father and his witty, wise-beyond-her-years daughter. When his daughter's dream of performing in the country's biggest dance reality show collides with a life-altering crisis, the father is driven to do the unthinkable, showcasing the extraordinary lengths he will go to fulfill her wishes and find happiness.","Drama, Music"
Belle,"A couple have a peaceful existence in a small provincial town. He is a teacher and she runs an opticians practical. Their life is turned upside when Belle, a friend’s daughter who is lodging with them, is found dead in her room.  The husband becomes the prime suspect as the only one at home at the time.","Thriller, Drama"
Counterattack,"When a hostage rescue mission creates a new enemy, Capt. Guerrero and his elite soldiers must face an ambush by a criminal group.","Action, Adventure, Thriller"
Nightmare,"After moving into her family's abandoned house, horror comic artist Ilmira struggles to complete her latest work while battling financial hardship. But when eerie figures from her past stories come to life—especially the haunting Hooded Woman—her reality spirals into a nightmare, forcing her to confront a buried childhood trauma.","Drama, Horror, Mystery"
Nightmare,"After moving into her family's abandoned house, horror comic artist Ilmira struggles to complete her latest work while battling financial hardship. But when eerie figures from her past stories come to life—especially the haunting Hooded Woman—her reality spirals into a nightmare, forcing her to confront a buried childhood trauma.","Drama, Horror, Mystery"
The Return from the Other Planet,"In 1945, a few months after his release from Auschwitz, Yechiel De-Nur, still in his striped jacket, sat down and started writing. After two weeks, he was reborn as Ka-Tzetnik, “the man from the camps.” The books that he wrote were translated into 32 languages and sold millions, while the author himself hid behind the pseudonym Ka-Tzetnik. At the trial of Adolf Eichmann in 1961 his revelatory testimony revealed his true identity as he described Auschwitz as “the other planet,” a place outside of human judgment. Years later, undergoing an experimental LSD treatment for trauma, he revisits his experience, imagining himself as a SS officer, and that changes everything.",Documentary
What We Wrote Together,"Mariano and Juan have been dating for several years; they have a dog and a quiet life. Mariano always wanted to have a small plant nursery away from the city and now that Juan’s work as a writer is more established due to the success of his latest novel, they decide to make that change. While they adjust to their new space and their new routines, they receive a visit from Juan's best friend, who has news to tell them.","Drama, Romance"
Kozha: New adventure,Coming soon,"Family, Adventure"
Bonjour Tristesse,"At the height of summer, 18-year-old Cécile (Lily McInerny) is relaxing by the French seaside with her father (Claes Bang) and falling in love with her new boyfriend. The arrival of her late mother’s enigmatic friend (Chloë Sevigny) turns her world upside down. A modern take on Françoise Sagan’s unforgettable coming-of-age novel. A Toronto International Film Festival premiere.","Romance, Drama"
Mulu Nakru,"May, a young architect who has just moved into her new house in the suburbs with her boyfriend Gun, got news of the death of her stepmother, Po. Only Noon, Po's daughter, testifies that someone killed her mother, however, there does not appear to be any clear evidence.  After May decided to take care Noon at her house, Noon has abnormal symptoms as if she had been possessed by a ghost. Whereas May herself, she began to have inability to sleep cause her illness. Gun then asked Chok, Sak and Master Khom to help.  Master Khom immediately realized that there were “black magic” from the past inside her house, he asked all to find the source of this evil. There is a misfortune in the past related to the The Master's Facial Skin which was removed by Master Jong who is another disciple from his same sect was the source of all these horrifying stories.","Horror, Drama"
Dans l'Ombre de Marlow,,"Western, Adventure"
Mystery Island: Winner Takes All,"Mystery Island hosts contest winners vying to solve a fake murder for a grand prize, but the event goes awry when an employee is murdered, and secrets are uncovered.","Mystery, TV Movie"
There is a Hausen Everywhere,"What happens when seven women meet in one place for a week? Refreshingly unorthodox, THERE IS A HAUSEN EVERYWHERE addresses the fundamental questions of the present. Can we accept other people as they are and as they live? What is perception and what is reality? And when we talk about truth, what do we mean? In this comedy that plays with the absurdities of everyday life, the seminar community in Hausen becomes a microcosmic image of society.",Comedy
Anjila,"The film draws inspiration from the life of Anjila Tumbapo Subba, the goalkeeper of the Nepal women’s national football team. Anjila herself is in the lead role, sharing the screen with actors Dayahang Rai, Miruna Magar, Srijana Subba and others.",Drama
June and John,"The story of John, a man who leads an ordinary life with a monotonous routine. His existence flows away dull, and he himself makes no effort to change anything; on the contrary, he does everything to continue being an ordinary man.  One day John runs into a woman on the subway who is as beautiful as she is mysterious named June. His encounter with her finally leads him to have a goal in his bumptious life: to love June to the end of his days and at any cost.","Romance, Thriller"
Youth Eternal,A coming of age story about a group of millennials who start to face their self-destructive tendencies as they each head straight into their crisis of thirtysomethings.,Drama
Sandbag Dam,"A story about a forbidden love set in a village threatened by swollen rivers. Upon his return home for his father’s funeral, Slaven revives his relationship with his childhood friend, a young sportsman named Marko, his teenage love, and the reason his father kicked him out of the house. Now tempted to reunite, they need to make peace with their own decisions and struggle against the family restraints.",Drama
Samar: Diam Atau Mati,Horror film about the negative impact of bullying in public schools,
Couples to Hell,"A couple is kidnapped by a serial killer on their first anniversary. The kidnapper forces the couple to play a twisted game of rock paper scissors. Hyunsoo encounters a lady who looks very similar to his favorite adult streamer while delivering food to her. He gradually begins to believe that the lady is indeed the streamer and tries to contact her. Sumi needs to buy a luxury bag for her boyfriend’s birthday. But the bag is too expensive for her to purchase. So, she makes a unique trade with a wizard. Ji-Eun, who lives with her ill boyfriend, goes out every night but her daily life collapses when she brings a guy she meets at a jazz bar to her house.","Fantasy, Horror"
The Last Birthday,"A large family gather to celebrate a birthday. It would seem like a great reason to get together. But the family is just a project of one of the ""brothers"" — an experienced psychologist who is conducting an experiment to create a ""happiness formula"". He believes that manipulating others, their emotions and desires, will make them happy. However, love interferes with the mathematical calculations, which can neither be calculated nor predicted.","Drama, Thriller"
Sterben ohne Gott,,Documentary
"Der Prank - April, April!","A failed April Fool's joke by twelve-year-old Chinese guest student Xi Zhōu turns the lives of Lucas, who is the same age, and his family upside down.",
Singsot: Siulan Kematian,"A kid defies the ancient taboo of whistling at dusk, unleashing a sinister terror tied to a cursed figure who made the same mistake. Bound by an inescapable curse, he’s thrust into a deadly race against time—because if he fails, the nightmare will become his new reality.",Horror
Available Light,"The film explores notions of home and belonging in contemporary society. Comprising interviews with workers at the Edo Tokyo Open Air Architecture Museum in Tokyo, and fragments of conversations with renters in that city and London, a productive dialectic opens between the museum’s preserved historical ideal of the domestic and the often unsettling realities of temporary accommodation in modern cities. Combining trademark immersive sound design with impressionistic images and abstractions, Quaintance crafts an austere, oneiric and subtly affecting portrait of residential precarity.",Documentary
The Long Run,"When two oddball strangers leave their lives behind to chase their Hollywood dreams, they discover that what they lack in talent, they make up for with determination and a shared delusion, leading to an unexpected friendship that will make them question the realities of chasing a dream.","Drama, Comedy"
"Luv Ya, Bum!","In the ’70s, Houston was booming... except for the city’s woeful pro football team. The Oilers gambled on hiring Bum Phillips, an unconventional East Texas coach known for cowboy hats, ostrich boots, and folksy one-liners. Ditching tradition and embracing a family-first atmosphere, Bum brought in 'misfits' and 'has-beens' to build a winner. At its peak, Bum’s Oilers blew up into the Luv Ya Blue!’ phenomenon, with Earl Campbell and the Oilers going to war with a Pittsburgh Steelers dynasty. Bum’s success on and off the field, his humanity and unique style left a legacy now carried forward by many, including his son and grandson, celebrated coaches Wade and Wes Phillips.",Documentary
24 Hours of Grace,"Grammy-nominated electronic artist ZHU is running out of time. Having bursted out of the dance scene in 2014 with his hit “Faded”, he finds himself a decade later at a musical crossroad. Steadily touring worldwide on the biggest stages with his band, he returns to San Francisco, a place where he grew up, to record his fourth studio album “Grace”. Inside this gothic cathedral, ZHU and his collaborators finish composing songs which are performed for an audience later that night.",Documentary
Once Upon a Time in School 2: The Last Guardian,"Grandfather knows more than you can imagine, but no secret stays in the shadows forever. Dark clouds are gathering over the school, it's time to find out who will be the hero of this story...",
Gioco pericoloso,"Giada and Carlo are a couple with great complicity and intimacy, while each of them pursues their own career with determination. The young and ambitious Peter fascinates Carlo, who introduces him to the family. However, when Giada sees Peter, she has an unexpected reaction and tries in every way to remove him from their home: he could bring out some unspeakable secret from her past. And yet, the truth always finds a way to come out.","Thriller, Drama"
Laia,"Laia needs help, so she decides to gather four mysterious characters for a meeting that quickly spirals out of control.",Comedy
Angler,"Following the recent death of her sister Ivy, Violet cleans out Ivy’s apartment with the hope of finding some peace. She gets more than she bargained for when a mysterious camera reveals to Violet that Ivy’s troubles were more complicated than they initially appeared, suggesting that someone…or something… may have been behind her untimely end.",
Blind Vacation,"In the center of the plot is the story of a successful Kyiv businesswoman, who is respected by the management and hated by the entire team. So, to get a little rest from shefini, her subordinates send her on a forced vacation: to the top of the Ukrainian Carpathians. There, the heroine is waiting for a lot of surprises, adventures and unexpected acquaintances. This vacation turns the characters ' lives upside down and changes everything forever.","Comedy, Romance"
Last will,A wealthy family gathers for the reading of Eduardo Tejada's will,"Comedy, Family"
Epílogo,"A young man runs to try to get on the bus, he can't catch it so he has to wait for the next one; while he waits a girl accompanies him at the bus stop.",Drama
Bukan Jodoh Biasa Nih,"Tells the story of Richard, Jonggi and Lingga, three miskom students who are trying to overcome routine financial problems. Of the many solution options that they often debated, they finally came up with one method that made Richard and his friends take a desperate path. Serve Mr. Brandon's challenge to get a hidden secret box in exchange for money and the heart of his daughter, Marsya.","Drama, Comedy, Romance"
Uwentira: Kota Jin,"A woman named Dewi visited the city of Palu to look for Salena, her acquaintance. When she arrived at the village, Tiara, her friend, welcomed Dewi warmly. However, Tiara's expression turned cold for a split second when Dewi said the word ""Uwentira"". Tiara's panic increased when she slowly realized the strange behavior of her old friend. A few seconds later, Tiara was sure that the Goddess in front of her now was not the Goddess she knew.",Horror
The Fulcrum,"A successful film artist plans to go to his hometown for his sister’s wedding, accompanied by a movie star. With his arrival, he is going to humiliate his hated fiancé, the fat man and the slacker Shurik. But a quarrel with the actress ruins not only all his plans, but also radically changes his life. A true story of a selfish macho's reassessment of values.","Drama, Romance"
Man and Woman,"Poignant stories about men and women who have linked their lives — some for years, some for an hour, some for five minutes. Life stories that sound at home in the kitchen, in a compartment with strangers, in a taxi, or left in a notebook as a memory, because if the feelings are real, sincere, then it's forever. Moments of strange encounters and bitter breakups, in which you can see something familiar.",Drama
Os Infanticidas,,Comedy
Малай,"The young rich kid, Chyna, got carried away with his glamorous lifestyle and decided that he could do anything he wanted. Desperate to set his son straight, his oligarch father takes extreme measures. Together with an eccentric psychologist, he devises a unique project: somewhere in the steppe, they recreate the atmosphere of a 19th-century Kazakh village. Chyna ends up in this village, believing he has traveled back in time.",Comedy
Moiras,Three friends recall how the little details of their lives brought about their friendship.,"Drama, Comedy"
The Goals of August,"A kaleidoscope of events, incidents, and moments from the everyday life of a village in the southern Pindos mountains. during an impromptu football tournament. The documentary aims to create, through observation, an ""impressionistic"" portrait of a small community in its summer aliveness. A portrait with light and shadows, charming and sometimes frightening, which, despite its contradictions is above all unexpectedly alive and genuine.",Documentary
Whiplash,"Under the direction of a ruthless instructor, a talented young drummer begins to pursue perfection at any cost, even his humanity.","Drama, Music"
Funmilayo Ransome-Kuti,"Many have heard of Fela Anikulapo-Kuti, the legendary artist from the 70s and 80s. But some may not know that his mother Funmilayo Ransome-Kuti was also a legend in her own right, as a women's rights activist unabashedly pushing for equality in Nigeria at a time when people weren't having those conversations. ""Funmilayo Ransome-Kuti"" the film emerges as a new vivid exploration of Ransome-Kuti's journey. From growing up and learning about the importance of education, to her groundbreaking step in becoming the first girl to attend Abeokuta Grammar School at just 13, going to London and then becoming emboldened to return to Nigeria to step into her role as an educator and organizer.","Drama, Romance"
"Signed, Sealed, Delivered: To The Moon And Back","The POstables leads an investigation that takes them on the road not only to find the recipient of a lost letter, but also to track down a rock star who holds the keys.","Drama, TV Movie, Mystery"
Companion,"During a weekend getaway at a secluded lakeside estate, a group of friends finds themselves entangled in a web of secrets, deception, and advanced technology. As tensions rise and loyalties are tested, they uncover unsettling truths about themselves and the world around them.","Horror, Science Fiction, Thriller"
The Hobbit: The Battle of the Five Armies,"Immediately after the events of The Desolation of Smaug, Bilbo and the dwarves try to defend Erebor's mountain of treasure from others who claim it: the men of the ruined Laketown and the elves of Mirkwood. Meanwhile an army of Orcs led by Azog the Defiler is marching on Erebor, fueled by the rise of the dark lord Sauron. Dwarves, elves and men must unite, and the hope for Middle-Earth falls into Bilbo's hands.","Action, Adventure, Fantasy"
Magma,"Katia Reiter directs the Guadeloupe Volcano Observatory. A passionate volcanologist,  she’s waved goodbye to the idea of one day fulfilling her professional dream of managing a major eruption. But she hadn’t appreciated the unpredictable nature of the Soufrière... or of young volcanologist Aimé Lubin.",Drama
Rebirth: Home Sweet Home,"Jake is a cop thrust into an alternate realm called ‘The Hindrance’ during a deadly mall shooting. With the help of a mysterious Novice Monk, Jake must race the clock to save his wife, Prang, and stop an evil occultist, Mek, from opening the Gates of Hell.","Horror, Fantasy, Thriller, Action"
I'm Still Here,"In 1971, military dictatorship in Brazil reaches its height. The Paiva family — Rubens, Eunice, and their five children — live in a beachside house in Rio, open to all their friends. One day, Rubens is taken for questioning and does not return.","Drama, History"
Control Freak,"A motivational speaker, plagued by an uncontrollable itch on her head, becomes infected with a parasitic demon from her homeland.",Horror
Fury,"In the last months of World War II, as the Allies make their final push in the European theatre, a battle-hardened U.S. Army sergeant named 'Wardaddy' commands a Sherman tank called 'Fury' and its five-man crew on a deadly mission behind enemy lines. Outnumbered and outgunned, Wardaddy and his men face overwhelming odds in their heroic attempts to strike at the heart of Nazi Germany.","War, Drama, Action"
The Safe House,"An eccentric family portrait set during the May 1968 protests in Paris. A nine-year-old boy stays with his grandparents and uncles while his parents protest. When an illustrious guest seeks refuge in the apartment, the family’s dynamics change.","Comedy, Drama"
Sariri,"In La Lágrima, a desertic mining lost town, women live under the strict rules of patriarchy. Dina (16), pressed by an unwanted pregnancy, plans to escape. But when she finds out her sister Sariri (11), has to initiate womanhood after the arrival of her menarche, she’ll have to decide if they’ll escape together through the desert.",Drama
I Exist,A group of young LGBT+ people from Central Africa talk about their living conditions and their hopes.,
Wild Strawberries,"Overworked New York architect Daphne Bello arrives in the Rhodope Mountains to inherit the abandoned house of her grandmother, a woman she never knew, who recently passed away at the age of 102. As she searches for the truth about her long-deceased Bulgarian father, Daphne clashes with her eccentric local cousin Orlin, who is eager to rid her of the supposedly worthless property—while keeping secret the unique mineral spring flowing beneath it. Unraveling the dramatic history of her father’s lineage, still alive in the memories of the village elders, Daphne discovers an unexpected opportunity to rediscover herself.",Drama
"My Mom, God and Sylvie Vartan","In 1963, Esther gives birth to Roland, the youngest of a large family. Roland is born with a club foot that prevents him from standing. Against everyone's advice, she promises her son that he will walk like the others and that he will have a fabulous life. From then on, Esther will do everything in her power to keep this promise. Through decades of trials and miracles of life, this film is the story of a true, funny and moving story, that of an incredible destiny and the greatest love there is: that of a mother for her child.","Drama, Comedy"
Legítimo,,Documentary
The Ox Road,"Prince Joachim and author Steffen Jacobsen are on a hike through Jutland, bringing with them their own life stories. A beautiful nature film with a words of wisdom along the way.",Documentary
Take the Money and Run,The (art)work of a genius or simple theft? Artist Jens Haaning made headlines around the world when he pocketed a fortune in protest against the conditions of the art world - and exhibited his action as a work of art.,Documentary
L'échappée belle,,
3 Days,,Drama
We Live Here,"The film takes place in the desolate Kazakh steppe, on the grounds of a former nuclear testing site, where two ecologists conduct research to identify radioactive areas unfit for habitation. Nearby, an eyewitness to the nuclear tests writes down his personal memories, while his son struggles to save his sick daughter. Through the intimate story of three generations of one family, the film reflects on humanity's collective history and the dire situation facing our future. The steppe serves as a metaphor for our planet, now perilously close to becoming a vast nuclear wasteland.",Documentary
Carmen & Bolude,"Best friends Carmen and Bolude must travel from NYC to Sydney, Australia, where they have ten days to collect 100 'welcomes' so that Bolude's traditional Nigerian father will agree to let her marry an Australian.","Comedy, Romance, Drama"
Carmen & Bolude,"Best friends Carmen and Bolude must travel from NYC to Sydney, Australia, where they have ten days to collect 100 'welcomes' so that Bolude's traditional Nigerian father will agree to let her marry an Australian.","Comedy, Romance, Drama"
Women's Gukgeuk: Enduring on the Edge of Time,,Documentary
Les Bodin’s partent en vrille,,Comedy
The Golden Spurtle,"In a quaint Scottish village in the Highlands, contenders from around the globe gather to compete for the title of World Porridge Champion armed only with oats, salt and water. As the ailing Porridge Chieftain's tenure ends, he embarks on a mission to find a successor. Amidst intense rivalries and the charm of eccentric locals, this documentary delves into the legacy of the village and unveils a captivating culinary spectacle.",Documentary
The Castle,"In an isolated neighborhood of Palermo, three kids turn an abandoned building into a secret shelter. Here they can escape the violence of the outside world and share their dreams.",Documentary
Witch,"Danish author and self-proclaimed witch Andrea Hejlskov invites us into her personal universe of divination, spirituality and nature motifs from Nordic mythology. After 10 years in the wilderness, she finds herself in the middle of the crisis of her life.",Documentary
Argoat,,Documentary
The First Soul : Song Written Again,,"Drama, Music"
Sanatorium,"Despite a war raging close by, mud treatments and electroshock therapies continue at Kuyalnik Sanatorium, an enormous 1970s brutalist building on the shores of Odesa, where a small group search for love, healing, and happiness.",Documentary
"The Gardener, the Buddhist & the Spy","The Gardener, the Buddhist & the Spy is a gripping story about power struggle, failure, and the delicate balance between good and bad.",Documentary
Kitchen Dialogue,A generational trauma through the lens of an Asian American teenager through food and poetry.,"Documentary, Family"
Ждун,"The alien Zhdun meets a boy who came to visit his grandparents for the holidays. The boy will have to help the alien return home, and Zhdun will help his family solve all the accumulated problems.","Comedy, Family, Science Fiction"
Nemurubaka,"The story centers on the daily life of college dorm roommates Yumi Irusu and Ruka Kujirai. Ruka, the older of the two, is constantly penniless despite her being active in a band. Irusu works part-time at a second-hand bookstore.","Comedy, Drama"
I Saw Three Black Lights,"A wise old man embarks on his final journey, entering the Colombian jungle to find a place to die. But the paramilitary soldiers who control the area endanger his peaceful transition to the realm of the dead.",Drama
The Red Envelope,"When Menn, a super-straight mugger-turned-police spy, accidentally picks up a mysterious red envelope, he is bound by a supernatural contract that forces him to wed a ghost. Fate plays an even crueler trick on him: his ""spouse"" is not only dead, but a cute and unapologetically progressive gay man named Titi.","Action, Comedy, Crime, Fantasy, Horror, Mystery"
Dead Man's Boots,"One evening, Prosper, a loser Uber driver who still lives with his mother, picks up a dying man who has just been shot. Freaked out, Prosper gets rid of the body but not before stealing his pair of crocodile boots. As he slips them on, Prosper finds himself inhabited by the spirit of the deceased: King - a respected gangster feared by all. Split between these two opposing personalities, Prosper and King, united in one body, investigate to unmask King's killer.","Comedy, Fantasy"
Amaran,"A heroic true story of Major Mukund Varadarajan, an Indian Army officer who displayed extraordinary bravery during a counterterrorism mission in Kashmir’s Shopian district. The film captures his courage in protecting his nation and the devotion of his wife Indhu Rebecaa Varghese.","Action, Drama, Adventure, War"
Extra Life,"An experiment in filmmaking, a dream in the language of delusion...",
Tafers Code,"Tafers Code follows five teenagers at the T.A.F. language school in Itaquaquecetuba, guided by the charismatic Teacher Gilmar. Each episode explores the unique challenges and strengths of the students as they discover how learning English can transform their lives. With humor, emotion, and a touch of documentary style, the series culminates in a final project that inspires not only the characters but everyone to take the first step toward a brighter future through language learning.","Comedy, Drama, Documentary"
Gone Girl,"With his wife's disappearance having become the focus of an intense media circus, a man sees the spotlight turned on him when it's suspected that he may not be innocent.","Mystery, Thriller, Drama"
Varunan God Of Water,"In a World on the Brink of Chaos, a Seemingly Ordinary Conflict Over Water Becomes the Unexpected Catalyst for a Potential Global War. The Cutthroat Competition Between Two Groups of People Selling Water Transforms Into a Sinister Tool, Unleashing an Uncanny Tyranny Within the Rival Gangs. As the Workers Succumb to a Psychological Sin, They Evolve Into Brutal Thugs, Ultimately Leading to a Destructive Showdown That Threatens to Unravel the Fabric of a Society.","Action, Drama"
Temps mort: la resurrecció de Charles Thomas,,Documentary
Phalenes,"Paris, city of lights, has never been so aptly well-named. In a capital suffocated by light pollution, a swarm of disoriented moths get lost and roam the alleyways. A chronic insomniac wanders under the flickering streetlamps. Feeling stalked by the moths, he tries to escape this urban maze.",
They Talk About Worship Here,"Poetic, dramatic, funny, MTV kids growing up on the Greek island of Corfu, Kore. Ydro. conquered the Greek indie pop/rock scene like only a few bands did, receiving both adoration and derision. The documentary follows their journey, focusing not only on the two core members but also on the importance of being special, without feeling ashamed.","Documentary, Music"
Discordia,,Drama
Focus | Short Film,An average nobody explores the struggle of self-recognition through the lens of a photographer who has spent his life documenting everything.,Documentary
We Will Go,"Marie, an 80-year-old woman battling terminal cancer, has decided to end her life on her own terms. She embarks on a journey accompanied by her somewhat dysfunctional family and Rudy, a kind-hearted caregiver she’s just met. Unable to reveal her true intentions, Marie creates a story about an inheritance in Switzerland to convince her unreliable and distracted son Bruno, granddaughter Anna, and Rudy, to take a road trip in their old RV. But will Marie find the courage to reveal the true purpose of their journey as they approach Switzerland, and how might her family respond to the devastating truth?","Comedy, Drama"
Interstellar,The adventures of a group of explorers who make use of a newly discovered wormhole to surpass the limitations on human space travel and conquer the vast distances involved in an interstellar voyage.,"Adventure, Drama, Science Fiction"
The Wild Robot,"After a shipwreck, an intelligent robot called Roz is stranded on an uninhabited island. To survive the harsh environment, Roz bonds with the island's animals and cares for an orphaned baby goose.","Animation, Science Fiction, Family"
Forbidden City,In the suburbs of Rome two very different souls intersect. One is the son of a restaurant owner who disappeared with his lover. The other is a young mysterious woman who has arrived from China in search of her missing sister.,"Action, Romance, Drama"
Conclave,"After the unexpected death of the Pope, Cardinal Lawrence is tasked with managing the covert and ancient ritual of electing a new one. Sequestered in the Vatican with the Catholic Church’s most powerful leaders until the process is complete, Lawrence finds himself at the center of a conspiracy that could lead to its downfall.","Drama, Thriller, Mystery"
The Avengers,"When an unexpected enemy emerges and threatens global safety and security, Nick Fury, director of the international peacekeeping agency known as S.H.I.E.L.D., finds himself in need of a team to pull the world back from the brink of disaster. Spanning the globe, a daring recruitment effort begins!","Science Fiction, Action, Adventure"
The Judge,"A successful lawyer returns to his hometown for his mother's funeral only to discover that his estranged father, the town's judge, is suspected of murder.",Drama
Oppenheimer,The story of J. Robert Oppenheimer's role in the development of the atomic bomb during World War II.,"Drama, History"
Inception,"Cobb, a skilled thief who commits corporate espionage by infiltrating the subconscious of his targets is offered a chance to regain his old life as payment for a task considered to be impossible: ""inception"", the implantation of another person's idea into a target's subconscious.","Action, Science Fiction, Adventure"
Offshoring,"The day Redouane is going to get his promotion and finally become a foreman, he learns that the mattress factory where he works is being relocated to India. Determined to keep his promotion, he agrees to leave while having the guarantee of being paid double and takes his partner Marguerite with him. Once there, he discovers that his boss has duped him, he will indeed be paid double but in rupees. Furious, he decides to take revenge by teaching the teams the best of French social rights: strikes, demonstrations and RTT with the sole aim of overthrowing his boss. Between culture clash and social struggle, Redouane leads an unexpected revolution that could well change the destiny of the factory... and his own.",Comedy
Demon City,"Framed for his family's murder and left for dead, an ex-hitman will stop at nothing to exact revenge on the masked ""demons"" who have taken over his city.","Action, Crime, Fantasy, Thriller"
The Equalizer,"McCall believes he has put his mysterious past behind him and dedicated himself to beginning a new, quiet life. But when he meets Teri, a young girl under the control of ultra-violent Russian gangsters, he can’t stand idly by – he has to help her. Armed with hidden skills that allow him to serve vengeance against anyone who would brutalize the helpless, McCall comes out of his self-imposed retirement and finds his desire for justice reawakened. If someone has a problem, if the odds are stacked against them, if they have nowhere else to turn, McCall will help. He is The Equalizer.","Thriller, Action, Crime"
The Imitation Game,"Based on the real life story of legendary cryptanalyst Alan Turing, the film portrays the nail-biting race against time by Turing and his brilliant team of code-breakers at Britain's top-secret Government Code and Cypher School at Bletchley Park, during the darkest days of World War II.","History, Drama, Thriller, War"
CrazyMinded,"How much do we really know about ourselves when we make a decision? What if there are multiple versions of our I within us, each with something to say?","Comedy, Romance"
Ted 2,"Newlywed couple Ted and Tami-Lynn want to have a baby, but in order to qualify to be a parent, Ted will have to prove he's a person in a court of law.","Comedy, Fantasy"
Sin City: A Dame to Kill For,Some of Sin City's most hard-boiled citizens cross paths with a few of its more reviled inhabitants.,"Crime, Action, Thriller"
The Interview,"Dave Skylark and his producer Aaron Rapaport run the celebrity tabloid show ""Skylark Tonight"". When they land an interview with a surprise fan, North Korean dictator Kim Jong-un, they are recruited by the CIA to turn their trip to Pyongyang into an assassination mission.","Action, Comedy"
A Complete Unknown,"New York, early 1960s. Against the backdrop of a vibrant music scene and tumultuous cultural upheaval, an enigmatic 19-year-old from Minnesota arrives in the West Village with his guitar and revolutionary talent, destined to change the course of American music.","Drama, Music"
Henry Danger: The Movie,"Henry Hart meets a superfan—eager to fight crime with Kid Danger—who comes into possession of a device that can open up alternate realities. Facing a wild ride, Henry will need his best friend Jasper and his new superfan sidekick to find his way out or be stuck in another dimension forever.","Action, Comedy, Family, Science Fiction"
Gladiator II,"Years after witnessing the death of the revered hero Maximus at the hands of his uncle, Lucius is forced to enter the Colosseum after his home is conquered by the tyrannical Emperors who now lead Rome with an iron fist. With rage in his heart and the future of the Empire at stake, Lucius must look to his past to find strength and honor to return the glory of Rome to its people.","Action, Adventure, Drama"
Paddington in Peru,"Paddington travels to Peru to visit his beloved Aunt Lucy, who now resides at the Home for Retired Bears. With the Brown Family in tow, a thrilling adventure ensues when a mystery plunges them into an unexpected journey through the Amazon rainforest and up to the mountain peaks of Peru.","Family, Comedy, Adventure"
Birdman or (The Unexpected Virtue of Ignorance),"A fading actor best known for his portrayal of a popular superhero attempts to mount a comeback by appearing in a Broadway play. As opening night approaches, his attempts to become more altruistic, rebuild his career, and reconnect with friends and family prove more difficult than expected.","Drama, Comedy"
The Hunger Games: Mockingjay - Part 1,Katniss Everdeen reluctantly becomes the symbol of a mass rebellion against the autocratic Capitol.,"Science Fiction, Adventure, Thriller"
Taken 3,"Ex-government operative Bryan Mills finds his life is shattered when he's falsely accused of a murder that hits close to home. As he's pursued by a savvy police inspector, Mills employs his particular set of skills to track the real killer and exact his unique brand of justice.","Thriller, Action"
Fight Club,"A ticking-time-bomb insomniac and a slippery soap salesman channel primal male aggression into a shocking new form of therapy. Their concept catches on, with underground ""fight clubs"" forming in every town, until an eccentric gets in the way and ignites an out-of-control spiral toward oblivion.",Drama
Wild Card,"When a Las Vegas bodyguard with lethal skills and a gambling problem gets in trouble with the mob, he has one last play… and it's all or nothing.","Thriller, Crime, Action"
The Godfather,"Spanning the years 1945 to 1955, a chronicle of the fictional Italian-American Corleone crime family. When organized crime family patriarch, Vito Corleone barely survives an attempt on his life, his youngest son, Michael steps in to take care of the would-be killers, launching a campaign of bloody revenge.","Drama, Crime"
The Brutalist,"Escaping post-war Europe, visionary architect László Toth arrives in America to rebuild his life. On his own in a strange new country, a wealthy industrialist recognizes his talent. But power and legacy come at a heavy cost...",Drama
Joker,"During the 1980s, a failed stand-up comedian is driven insane and turns to a life of crime and chaos in Gotham City while becoming an infamous psychopathic crime figure.","Crime, Thriller, Drama"
The Best Friend,"Two great friends meet again after five years. Among so many things that have changed, the resumption of the bond awakens an old feeling for which they remain unprepared.","Drama, Romance, Music"
Idiotka,"In West Hollywood’s Russian district, Margarita lives out the American Dream: competing on a reality show. Will she slay, serve, or survive?",Comedy
Horrible Bosses 2,"Dale, Kurt and Nick decide to start their own business but things don't go as planned because of a slick investor, prompting the trio to pull off a harebrained and misguided kidnapping scheme.",Comedy
A Real Pain,Mismatched cousins David and Benji reunite for a tour through Poland to honor their beloved grandmother. The adventure takes a turn when the pair's old tensions resurface against the backdrop of their family history.,"Comedy, Drama"
Terminator Genisys,"The year is 2029. John Connor, leader of the resistance continues the war against the machines. At the Los Angeles offensive, John's fears of the unknown future begin to emerge when TECOM spies reveal a new plot by SkyNet that will attack him from both fronts; past and future, and will ultimately change warfare forever.","Science Fiction, Action, Thriller, Adventure"
Horrible Bosses 2,"Dale, Kurt and Nick decide to start their own business but things don't go as planned because of a slick investor, prompting the trio to pull off a harebrained and misguided kidnapping scheme.",Comedy
A Real Pain,Mismatched cousins David and Benji reunite for a tour through Poland to honor their beloved grandmother. The adventure takes a turn when the pair's old tensions resurface against the backdrop of their family history.,"Comedy, Drama"
Terminator Genisys,"The year is 2029. John Connor, leader of the resistance continues the war against the machines. At the Los Angeles offensive, John's fears of the unknown future begin to emerge when TECOM spies reveal a new plot by SkyNet that will attack him from both fronts; past and future, and will ultimately change warfare forever.","Science Fiction, Action, Thriller, Adventure"
The Sun Will Rise,"Tehran, October 2022; a theater ensemble is rehearsing the ancient greek Lysistrata by Aristophanes. In the middle of a scene in which old men storm and attack the Acropolis, which the women of Athens have taken, the ensemble learns that they are surrounded because anti-riot forces are marching around the building and putting down a large demonstration. The street noise is deafening, and the room is filled with fear and anger. Some want to hide, others, led by the leading actress, want to go out into the streets and fight alongside the people. Despite disagreements, one thing is clear, the team does not want to continue the play in the time of the revolution.",Documentary
Stonehearst Asylum,"An Oxford Medical School graduate takes a position at a mental institution and soon becomes obsessed with a female mental patient, but he has no idea of a recent and horrifying staffing change.","Thriller, Mystery, Horror"
Lilim,"Evading the police, Issa and her brother Tomas seek shelter in a secluded orphanage in the forest. But the siblings’ safe haven soon reveals itself to be a hellscape controlled by a sacrificial cult in thrall to a fearsome nocturnal deity.","Horror, Thriller, Drama"
Dune,"Paul Atreides, a brilliant and gifted young man born into a great destiny beyond his understanding, must travel to the most dangerous planet in the universe to ensure the future of his family and his people. As malevolent forces explode into conflict over the planet's exclusive supply of the most precious resource in existence-a commodity capable of unlocking humanity's greatest potential-only those who can conquer their fear will survive.","Science Fiction, Adventure"
Nosferatu,"A gothic tale of obsession between a haunted young woman and the terrifying vampire infatuated with her, causing untold horror in its wake.","Fantasy, Horror"
Pulp Fiction,"A burger-loving hit man, his philosophical partner, a drug-addled gangster's moll and a washed-up boxer converge in this sprawling, comedic crime caper. Their adventures unfurl in three stories that ingeniously trip back and forth in time.","Thriller, Crime"
The Shawshank Redemption,"Imprisoned in the 1940s for the double murder of his wife and her lover, upstanding banker Andy Dufresne begins a new life at the Shawshank prison, where he puts his accounting skills to work for an amoral warden. During his long stretch in prison, Dufresne comes to be admired by the other inmates -- including an older prisoner named Red -- for his integrity and unquenchable sense of hope.","Drama, Crime"
Queen Mom,"Amel and her family learn that their landlord wants to get his apartment back in a few months. While Mouna, her eldest daughter, begins to have visions of Charles Martel, and their request for new social housing drags on, Amel has no choice but to reinvent herself.","Drama, Comedy"
Dadaşlar Belgeseli,,"Documentary, History"
The Wolves,"In the mid-18th century, the Beast is hunted around the Château de Saint-Alban. In the mid-20th century, a new kind of psychiatry is invented there. Theatre and madness span the centuries.","Drama, Documentary, Comedy"
Teenage Mutant Ninja Turtles,"When a kingpin threatens New York City, a group of mutated turtle warriors must emerge from the shadows to protect their home.","Science Fiction, Action, Adventure, Comedy"
Resort Paraiso,"Lorenzo works for an omnipresent corporation in a future of dystopian bureaucracy. His employee insurance denies him the medication that would help prevent him from losing his senses. Lorenzo quickly begins to lose contact with the world and in esperation decides to connect to the computer, making his pain cease, but becoming an eternal digital slave.",Science Fiction
SLON,"Autumn 1929. Lina, from the noble Golitsyn family, arrives on a date with her husband Georgy Osorgin, who is serving a prison sentence in the Solovetsky special purpose camp. Lina does not know that after she leaves the island, her husband will be shot. Osorgin received a terrible sentence after he, a deeply religious man, secretly brought holy gifts to the dying Archimandrite so that he could take communion before his death. The camp authorities took the Russian officer's word of honor from Osorgin not to tell his wife anything about his predetermined fate. Only on this condition did they agree to temporarily release him from the punishment cell for his last meeting with Lina. The spouses spend the precious three days allotted to them and feel happy in the most inappropriate circumstances. Osorgin says goodbye to Lina on the pier. When the ship becomes a dot on the horizon, the guards escort George back to the punishment cell, where he carefully dresses for his final journey.",Drama
Sunday,"The film tells the story of an elderly couple living a peaceful life in a village, with their eldest son living nearby and their youngest son working abroad. It depicts the struggle and conflict between two generations.",Drama
Stitch Head,"Follows Stitch Head, a small creature awoken by a Mad Professor in a castle to protect the professor's other creations from the townspeople of Grubbers Nubbin.","Animation, Family"
Somebody,"Swimming instructor, Young-eun is a single mom raising her 7-year-old daughter, So-hyun. However, a series of tragic events happens as So-hyun's puppy falls from the apartment and dies, and So-hyun bullies other kids in school. Despite her mom's earnest efforts to address So-hyun's mental disorder, her peculiar behavior persists. Twenty years later, Min, who works in handling unclaimed deaths, meets a new colleague, Hae-young, and they form a close bond. However, as Hae-young warmly integrates herself into Min's life, Min begins to feel uncomfortable and suspicious about her intentions.","Mystery, Thriller, Drama"
Hojo,,"History, Drama"
Mechanisms,Everyone has their own way.,Drama
Chinatown Cookout,Two runaway chefs risk everything they have to start a new life.,Drama
Nightcrawler,"When Lou Bloom, desperate for work, muscles into the world of L.A. crime journalism, he blurs the line between observer and participant to become the star of his own story. Aiding him in his effort is Nina, a TV-news veteran.","Crime, Drama, Thriller"
ZEROBASEONE THE FIRST TOUR [TIMELESS WORLD] IN CINEMAS,"Achieving significant milestones in their first year of debut and captivating 140,000 fans across 8 cities on their first world tour, ZEROBASEONE’s journey with ZEROSE takes center stage on the big screen in SCREENX, 4DX, and ULTRA 4DX where available. From iconic songs such as ""In Bloom"", ""Feel the POP"", and ""GOOD SO BAD"" to “Say My Name” and “Here I Am” from the show Boys Planet, behind-the-scenes footage that can only be found in the movie, to intimate interviews brimming with heartfelt feelings for ZEROSE, ZEROBASEONE’s groundbreaking performance is coming to the big screen.","Music, Documentary"
Copiapó,,Documentary
Estranged,The rise and fall of a relationship set to the masterpiece “Estranged” by Guns N’ Roses.,"Romance, Drama, Comedy"
I'm Carl Lewis!,"In track and field he’s remembered as The Greatest. Athletics' first commercially global star. Away from the spotlight, his is a life often misunderstood. Carl Lewis did it his own way - unwilling to conform to what the US expected from its athletes. Lewis won nine Olympic gold medals across four Games and was voted “Sportsman of the Century” by the International Olympic Committee. Yet he refused to be pigeonholed and, in doing so, he inspired change on and off the field. I’m Carl Lewis! delves into the consequences of his uncompromising drive.",Documentary
Les Chialeux,,
Breath,"“Where does the soul go once it leaves the body?” For religious and philosophical reasons, viewpoints may all differ, but fundamentally, human beings have constantly asked this question. Like a lit matchstick, human life ignites the beauty and ugliness of life intensely and without reserve. The undertaker says, “The more funerals I hold, the more I think that death might not be a period but a comma.",Documentary
Last One Closes the Door,"Babi is about to move out without telling her mother. When she discovers the suitcase, it mysteriously disappears in the night.","Drama, Family"
Savanna and the Mountain,"The community of Covas do Barroso, in northern Portugal, discovers that the British company Savannah Resources plans to build the largest open-pit lithium mine in Europe just few meters from their homes. Confronted by this imminent threat, the People decide to organize themselves and expel the company from their lands.","Drama, Documentary"
Sculpted Souls,"For 26 years (1972–1998), Swiss dentist Julien Grivel treated Hansenites (lepers) free of charge in Greece. An inner journey that helped him see the world and life differently. “By adopting the language of the Greeks, I unconsciously adopted their thinking,” he says. His friendship with ex-hansenite Manolis Fountoulakis was a catalyst.",Documentary
The Drop,"Bob Saginowski finds himself at the center of a robbery gone awry and entwined in an investigation that digs deep into the neighborhood's past where friends, families, and foes all work together to make a living - no matter the cost.","Drama, Crime"
Inherent Vice,"In Los Angeles at the turn of the 1970s, drug-fueled detective Larry ""Doc"" Sportello investigates the disappearance of an ex-girlfriend.","Drama, Mystery, Comedy"
Night at the Museum: Secret of the Tomb,"When the magic powers of The Tablet of Ahkmenrah begin to die out, Larry Daley spans the globe, uniting favorite and new characters while embarking on an epic quest to save the magic before it is gone forever.","Adventure, Comedy, Fantasy, Family"
Big Hero 6,"A special bond develops between plus-sized inflatable robot Baymax, and prodigy Hiro Hamada, who team up with a group of friends to form a band of high-tech heroes.","Adventure, Family, Animation, Action, Comedy"
Better Man,"Follow Robbie Williams' journey from childhood, to being the youngest member of chart-topping boyband Take That, through to his unparalleled achievements as a record-breaking solo artist – all the while confronting the challenges that stratospheric fame and success can bring.","Music, Drama"
Avengers: Infinity War,"As the Avengers and their allies have continued to protect the world from threats too large for any one hero to handle, a new danger has emerged from the cosmic shadows: Thanos. A despot of intergalactic infamy, his goal is to collect all six Infinity Stones, artifacts of unimaginable power, and use them to inflict his twisted will on all of reality. Everything the Avengers have fought for has led up to this moment - the fate of Earth and existence itself has never been more uncertain.","Adventure, Action, Science Fiction"
Exodus: Gods and Kings,"The defiant leader Moses rises up against the Egyptian Pharaoh Ramses, setting 400,000 slaves on a monumental journey of escape from Egypt and its terrifying cycle of deadly plagues.","Adventure, Drama, Action"
A Walk Among the Tombstones,Private investigator Matthew Scudder is hired by a drug kingpin to find out who kidnapped and murdered his wife.,"Crime, Drama, Mystery, Thriller"
Take the Sound of the Wind,"Forty shots of found material featuring trees blowing in the wind. Entirely sourced from the mid-to-late 2000s, a decade in which online video sharing was in it's infancy",Documentary
Gladiator,"After the death of Emperor Marcus Aurelius, his devious son takes power and demotes Maximus, one of Rome's most capable generals who Marcus preferred. Eventually, Maximus is forced to become a gladiator and battle to the death against other men for the amusement of paying audiences.","Action, Drama, Adventure"
The Substance,"A fading celebrity decides to use a black market drug, a cell-replicating substance that temporarily creates a younger, better version of herself.","Horror, Science Fiction, Drama, Comedy"
Dumb and Dumber To,"20 years since their first adventure, Lloyd and Harry go on a road trip to find Harry's newly discovered daughter, who was given up for adoption.",Comedy
The Shrouds,"Inconsolable since the death of his wife, Karsh, a prominent businessman, invents a revolutionary and controversial technology that enables the living to monitor their dear departed in their shrouds. One night, multiple graves, including that of Karsh’s wife, are desecrated, and he sets out to track down the perpetrators.","Drama, Science Fiction"
Insurgent,Beatrice Prior must confront her inner demons and continue her fight against a powerful alliance which threatens to tear her society apart.,"Action, Science Fiction, Thriller"
Taxi Driver,A mentally unstable Vietnam War veteran works as a night-time taxi driver in New York City where the perceived decadence and sleaze feed his urge for violent action.,"Crime, Drama"
Maggie,"There's a deadly zombie epidemic threatening humanity, but Wade, a small-town farmer and family man, refuses to accept defeat even when his daughter Maggie becomes infected. As Maggie's condition worsens and the authorities seek to eradicate those with the virus, Wade is pushed to the limits in an effort to protect her. Joely Richardson co-stars in this post-apocalyptic thriller.","Horror, Drama"
Automata,"Jacq Vaucan, an insurance agent of ROC robotics corporation, routinely investigates the case of manipulating a robot. What he discovers will have profound consequences for the future of humanity.","Thriller, Science Fiction"
Presence,"A couple, Rebekah and Chris, and their children, Tyler and Chloe, move into a seemingly normal suburban home. When strange occurrences occur, they begin to believe that there is something else in the house with them. The presence is about to disrupt their lives in unimaginable ways.","Horror, Drama"
The Batman,"In his second year of fighting crime, Batman uncovers corruption in Gotham City that connects to his own family while facing a serial killer known as the Riddler.","Crime, Mystery, Thriller"
Captain Marvel,"The story follows Carol Danvers as she becomes one of the universe’s most powerful heroes when Earth is caught in the middle of a galactic war between two alien races. Set in the 1990s, Captain Marvel is an all-new adventure from a previously unseen period in the history of the Marvel Cinematic Universe.","Action, Adventure, Science Fiction"
The Lord of the Rings: The Return of the King,"As armies mass for a final battle that will decide the fate of the world--and powerful, ancient forces of Light and Dark compete to determine the outcome--one member of the Fellowship of the Ring is revealed as the noble heir to the throne of the Kings of Men. Yet, the sole hope for triumph over evil lies with a brave hobbit, Frodo, who, accompanied by his loyal friend Sam and the hideous, wretched Gollum, ventures deep into the very dark heart of Mordor on his seemingly impossible quest to destroy the Ring of Power.​","Adventure, Fantasy, Action"
Juror #2,"While serving as a juror in a high profile murder trial, family man Justin Kemp finds himself struggling with a serious moral dilemma…one he could use to sway the jury verdict and potentially convict—or free—the accused killer.","Crime, Drama"
The Lord of the Rings: The Fellowship of the Ring,"Young hobbit Frodo Baggins, after inheriting a mysterious ring from his uncle Bilbo, must leave his home in order to keep it from falling into the hands of its evil creator. Along the way, a fellowship is formed to protect the ringbearer and make sure that the ring arrives at its final destination: Mt. Doom, the only place where it can be destroyed.","Adventure, Fantasy, Action"
Eternal Sunshine of the Spotless Mind,"Joel Barish, heartbroken that his girlfriend underwent a procedure to erase him from her memory, decides to do the same. However, as he watches his memories of her fade away, he realises that he still loves her, and may be too late to correct his mistake.","Science Fiction, Drama, Romance"
Top Gun: Maverick,"After more than thirty years of service as one of the Navy’s top aviators, and dodging the advancement in rank that would ground him, Pete “Maverick” Mitchell finds himself training a detachment of TOP GUN graduates for a specialized mission the likes of which no living pilot has ever seen.","Action, Drama"
Django Unchained,"With the help of a German bounty hunter, a freed slave sets out to rescue his wife from a brutal Mississippi plantation owner.","Drama, Western"
Jojo Rabbit,"A World War II satire that follows a lonely German boy whose world view is turned upside down when he discovers his single mother is hiding a young Jewish girl in their attic. Aided only by his idiotic imaginary friend, Adolf Hitler, Jojo must confront his blind nationalism.","Comedy, War, Drama"
The November Man,An ex-CIA operative is brought back in on a very personal mission and finds himself pitted against his former pupil in a deadly game involving high level CIA officials and the Russian president-elect.,"Crime, Action, Thriller"
Entourage,"Movie star Vincent Chase, together with his boys, Eric, Turtle and Johnny, are back…and back in business with super agent-turned-studio head Ari Gold. Some of their ambitions have changed, but the bond between them remains strong as they navigate the capricious and often cutthroat world of Hollywood.","Comedy, Drama"
The Dark Knight,"Batman raises the stakes in his war on crime. With the help of Lt. Jim Gordon and District Attorney Harvey Dent, Batman sets out to dismantle the remaining criminal organizations that plague the streets. The partnership proves to be effective, but they soon find themselves prey to a reign of chaos unleashed by a rising criminal mastermind known to the terrified citizens of Gotham as the Joker.","Drama, Action, Crime, Thriller"
It Follows,"When carefree teenager Jay sleeps with her older boyfriend for the first time, she learns that she is the latest recipient of a fatal curse that is passed from victim to victim via sexual intercourse. Death, Jay learns, will creep inexorably toward her as either a friend or a stranger. Jay's friends don't believe her seemingly paranoid ravings, until they too begin to see the phantom assassins and band together to help her defend herself.","Horror, Mystery"
Screamboat,A late-night boat ride turns into a desperate fight for survival in New York City when a mischievous mouse becomes a monstrous reality.,"Horror, Comedy"
I'm Not a Robot,A music producer spirals into an existential crisis after repeatedly failing a CAPTCHA test-leading her to question whether she might actually be a robot.,"Comedy, Drama, Science Fiction, Thriller"
Southpaw,"Billy ""The Great"" Hope, the reigning junior middleweight boxing champion, has an impressive career, a loving wife and daughter, and a lavish lifestyle. However, when tragedy strikes, Billy hits rock bottom, losing his family, his house and his manager. He soon finds an unlikely savior in Tick Willis, a former fighter who trains the city's toughest amateur boxers. With his future on the line, Hope fights to reclaim the trust of those he loves the most.","Action, Drama"
The Matrix,"Set in the 22nd century, The Matrix tells the story of a computer hacker who joins a group of underground insurgents fighting the vast and powerful computers who now rule the earth.","Action, Science Fiction"
Super courier,"Timur is a kind-hearted courier who is always ready to help others, even at his own expense. One day, after defending a respected judge from a group of thugs, he receives an unusual offer—to become the driver for the judge’s daughter, Sabina. However, he soon realizes that his real job is to be her bodyguard, as a powerful enemy of the family is willing to do anything to take her away. When Sabina is kidnapped, Timur must cast aside his fears and become a hero to save her and uncover why she is so important to the criminals.","Action, Comedy"
The Shameless,"In the dead of night, Renuka escapes from a Delhi brothel after stabbing a policeman to death. She takes refuge in a community of sex workers in northern India, where she meets Devika, a young girl condemned to a life of prostitution. Their bond develops into a forbidden romance. Together, they embark on a perilous journey to escape the law and forge their path to freedom.","Drama, Romance"
Lurker,Peter's life spirals into chaos as he experiences increasingly surreal and disturbing visions.,
Nobody's Angel,"The five women in the Danish band Miss B. Haven rocked the 1980s at a time when men still had a monopoly on rock, but where a new movement was taking shape.",Documentary
The Firebird,"An actress and theater dancer flies to India to find her mother, who once abandoned her and joined a certain sect. Soon she no longer understands whether what she sees is happening in India or whether it is the scenery inside her native theater. Masks, dolls, songs - does this happen in a small town square or on one of the venues in St. Petersburg?",Drama
Locked,"When Eddie breaks into a luxury SUV, he steps into a deadly trap set by William, a self-proclaimed vigilante delivering his own brand of twisted justice. With no means of escape, Eddie must fight to survive in a ride where escape is an illusion, survival is a nightmare, and justice shifts into high gear.","Horror, Thriller"
Vinilo,"Amid her struggle with a devastating illness, a courageous mother with deep secrets and experience becomes a beacon of hope for her son. Through a delicate and emotional narrative, music becomes the guide to find the light in the darkness.",
"Tempo, O Curta.",,"Drama, Mystery"
SEVENTEEN in CARAT LAND,"Seventeen's 9th fan meeting took place at INCHEON MUNHAK MAIN STADIUM in Incheon, South Korea from March 20-21, 2025, both in-person and online.",Music
Lost for Words,The year's most beautiful natural experience on the big screen is also a poetic film about the power of language to re-enchant the world around us. Based on Robert MacFarlane and Jackie Morris' bestseller.,Documentary
Cosmic Balance,"Hour-long musical trance sessions lead a young man from a small Indonesian village to his first concert outside the city limits at a music festival in Denmark. A cosmic film about music, spirituality and heritage.",Documentary
A stranger in the world,A filmmaker and his son with autism. A composer and his musical work inspired by the slow processes of dripstone caves. Two parallel love stories.,Documentary
Memory Wars,Can we trust our own memories? An American psychologist with expertise in the brain's ability to make up its own truths takes us into her fascinating field of research.,Documentary
Hostages,"After a terrifying explosion in a hotel in London, three strangers escape together and hide out in a room. Hostages is a comedy about the 24hr news cycle, ""experts"" and whether or not social media is more important than people's lives....",
The Garden Caretaker,"At a former asphalt factory construction site in a Copenhagen suburb, a group of artists and citizens aer participating in a project to reconnect with the remnants of nature that we often overlook in the city. The boundaries between artist, gardener and biologist are osmotic in a project where five different artists, each with their own practice, share the role of ‘Garden Caretaker’ – a figure that invites participants to experience and rediscover the richness of the surrounding flora and fauna in the middle of a changing urban space.",Documentary
Close to Home,"A simple and beautiful portrait of a filmmaker and his Indian father, shot in one long take on a bench in Punjab.",Documentary
W.O.M.B. (Worth of My Body),"Becoming a mother brings many changes: the relationship to your body, to time and material things, to the sense of identity and heritage. Dancer, choreographer and artist Julienne Doko invites us to reflect on the body’s ability to change through the different cultural perceptions of motherhood in a performative work that celebrates the body that bears signs of having created life. In English, the term ‘stretch mark’ shows a negative assessment of body changes. In Doko’s native language, Gbaya from the Central African Republic, the marks are called ‘ancestral tattoo’, a word charged with pride in the continuation and transmission of life.",
They Know We Know They Lie,"A performative video work that analyzes the complex relationship between urbanity, economy and memory in the 21st century.",
I am everything,An artificial intelligence develops self-awareness and reflects on humanity's moral codes and social structures.,
4.48 Dysphoria,4.48 Dysphoria examines the pathologization of gender nonconformity and the intersections between mental illness and queerness.,
Ambivalence,"A group of mercenaries race against others to recover a mysterious package, only to discover that its contents will tear their loyalties apart.","Thriller, War, Action, Drama"
Montevideo Inolvidable,,Documentary
Shogun's Ninja,New jidai-geki directed by Koichi Sakamoto about two ninja girls.,"Action, History"
Famiglia Imbarazzi - La maledizione dello zoccolo,,"Animation, Comedy"
Oy'una Geldik,,Comedy
Please Carry On,"The neighbours next-door have loud and hot sex. Catherine, an introverted data analyst who lives alone, is deeply involved.",
It's the Minimum Reduction of the Abyss,"Inspired by a poem by Cristina Peri Rossi, this intimate film explores the distance that can only exist between lovers.",
"Wait, Wait, Now!",A Maori and a Kiwi teen buddy up to raid their mum’s wardrobe and pucker their lips with red.,
Jasmine That Blooms in Autumn,Love blossoms secretly between two old women at an elderly care home while the specter of patriarchy looms large overhead.,"Drama, Romance"
Imagine Dragons: Live From The Hollywood Bowl (with the LA Film Orchestra),"Globally renowned, GRAMMY® Award-winning band Imagine Dragons enlisted the LA Film Orchestra to perform their biggest hits and new chart-topping songs against the backdrop of the iconic Hollywood Bowl. The band fuses their explosive, cathartic sound with gorgeous, intricate symphonic arrangements played on stage by over 50 musicians.",Music
The Beloved Remains,"A short film, set two years after the main event of the horror novel of the same name, written by Sepia Gore.","Horror, Thriller"
Metropia,,Documentary
National Theatre Live: The Other Place,"Two sisters reunite on the anniversary of the death of their father. Their uncle has remodelled their family home, in an attempt at a fresh start. But one sister’s sudden reappearance threatens to shatter this fragile idyll as she demands justice for the pain she carries.Amid the debris and the new extension, guilt, grief and greed battle it out in the family’s competing dreams of their future. When we are faced with the suffering of others, even those closest to us, can we look away?",
National Theatre Live: The Other Place,"Two sisters reunite on the anniversary of the death of their father. Their uncle has remodelled their family home, in an attempt at a fresh start. But one sister’s sudden reappearance threatens to shatter this fragile idyll as she demands justice for the pain she carries.Amid the debris and the new extension, guilt, grief and greed battle it out in the family’s competing dreams of their future. When we are faced with the suffering of others, even those closest to us, can we look away?",
Aqu& No Más,,Drama
Oroboro,,Documentary
Loud and Cleo !,Cleo seeks refuge from a hostile school environment in a glitter ball fantasy make believe world... and the boys toilets. Little does she know that someone else is hiding there too.,
The Sound of Loveletters,"The frontman of the successful Danish band Ganger writes an album based on his parents' love letters, while rewriting his own life story in a charming and musical tale from the Danish West Coast.",Documentary
A Few Feet Away,"Santiago, a 20 year-old twink shaped by the anonymity of the virtual world, becomes frustrated with gay dating apps and starts obsessively looking for a real experience in the Buenos Aires nightlife.","Comedy, Adventure, Drama"
1938: Cuando el petróleo fue nuestro,A chronicle of the Mexican oil expropriation in 1938 through the eyes of President Lazaro Cardenas and journalist Alberto Miranda.,"Drama, History"
Eiga Oshiri Tantei: Star and Moon,"Story begins when Koala asks Butt Detective to find a missing relative who disappeared from an idol contest. The case takes Butt Detective to Stardust Island, the site of the contest, and also the home of the international criminal organization Phantom Thief Academy, headed by Phantom Thief G. Here, the organization advances its secret conspiracy, codenamed the Dark Age Plan. Butt Detective enters Stardust Island under the guise of an idol. At the same time, he joins forces with Phantom Thief U, who is out to steal back the valuable Moonlight Stone from Phantom Thief G. The story will also reveal more about Brown's past.",
O'Dessa,"A farm girl is on an epic quest to recover a cherished family heirloom. Her journey leads her to a strange and dangerous city where she meets her one true love – but in order to save his soul, she must put the power of destiny and song to the ultimate test.","Music, Drama, Science Fiction"
Out Like a Lamb,"After his father’s death, a grieving Yorkshire farmer is left with a choice between moving on to a new life with his fiancée or dutifully keeping the family’s lambing farm and risk losing his chance at true happiness.",Drama
Palma 2,"After leaving commercial aviation, Vyacheslav Lazarev and his family move to the countryside, where he continues to go flying, but now on a small propellered AN-2. And the life of the Lazarev family goes on as usual, until one day a small bear cub, to whom Kolya, the pilot’s son, gives the nickname Mansur, bursts in. When Mansur is kidnapped by local poachers, the faithful sheepdog Palma comes to his aid. The two animals need to find their way home through a forest full of wild animals, hunters and other dangers. And the Lazarevs, who set off in search of their four-legged friends, will have to remember what it means to be a real family.","Drama, Family"
Zlatan's Nose,"A film team hires a private detective to help them make a ""true crime"" about a nose stolen from the statue of the famous soccer player Zlatan Ibrahimović, but soon both the investigation and the film make an unexpected turn.",Documentary
Fighter,"GK, a 30-year-old MMA-fighter, who`s whole identity was built on his physicality, faces a life-altering moment after a split-second decision to dive headfirst into the ocean. When told to expect a life in a wheelchair he gives himself two years to get back on his feet - or else he doesn’t want to live. This leads him down a rabbit hole of alternative treatments that sells hope, while the fear of his already fragile relationship ending pushes him to figure out who he really is. He seeks answers in the deep- seated childhood traumas that had pushed him to extreme, self-destructive physical limits. Amidst the darkness, he embarks on an inspiring journey of transformation proving that life’s worth goes far beyond physical abilities.",Documentary
Revelations,A pastor who believes in divine revelation and a detective haunted by visions pursue a missing person case — exposing their own demons in the process.,"Thriller, Horror, Mystery"
"Romance de la Luna, Luna","Júlia takes her two daughters to spend the summer in an isolated commune in Seville. A mysterious ritual makes all the women disappear, including Isabel, the older sister, and their mother, leaving Elia alone and desperate to find them.",Drama
Ruido,,"Drama, Music"
Ждун,"The alien Zhdun meets a boy who came to visit his grandparents for the holidays. The boy will have to help the alien return home, and Zhdun will help his family solve all the accumulated problems.","Comedy, Family, Science Fiction"
A Bad Summer,"Sasaki (Takumi Kitamura) is a sincere civil servant, working at city hall. Due to his timid personality, he can't properly deal with nasty people, including a single mother on the verge of giving up her own child, another civil servant pressing him to have a physical relationship, and a person who receives welfare benefits unfairly. His passivity leads him to get caught up in a terrible crime.","Drama, Crime"
Milton Bituca Nascimento,,Documentary
Shiver Me Timbers,"In 1986 Northern California, Olive Oyl, her brother Castor and friends, go on a camping trip to see the meteor shower with Halley's comet. But the night turns into horror as a meteor transforms Popeye, into a unstoppable killing machine.","Horror, Comedy"
Bob Trevino Likes It,A people-pleasing young woman is involuntarily estranged from her narcissistic father and unexpectedly befriends a childless man with the same name as her father on the internet.,"Comedy, Drama"
I See the Demon,"At her surprise birthday party, an emotionally vulnerable woman experiences unexplainable phenomena that threaten to turn the best night of her life into a never-ending nightmare.","Horror, Science Fiction"
Dad Croaked on Saturday,"30-year-old Muscovite Aiko’s father, with whom she had not communicated for many years, died - he was a tyrant, and she does not feel sorry for him. But for some reason she goes to Kazakhstan for the funeral, where she sees her father’s second family for the first time: the sister is unbearable, the brother is out of this world, the stepmother is the same age as Aiko herself. And the strangest thing is that for them dad was completely different.",Drama
Super Paradise,"In the 1970s, a small Greek island emerges as a symbol of hope, freedom, and self-expression. Mykonos was ""paradise on earth,"" and for some, it still is.",Documentary
To live in nothingness | Short Film,A consideration of what matters in the void of nothingness we live in.,
True Beauty: Before,"Reina is bullied for her appearance and drops out. She encounters makeup and transforms into a ""goddess,"" which changes her life. However, a classmate discovers her secret bare face, which leads to unexpected challenges.","Romance, Comedy, Drama"
Little Siberia,"A pastor's faith turns upside down when a meteorite lands in his small Finnish town, its impact stirring up chaos and criminal intentions.","Comedy, Thriller"
Heavenly Bodies,"A boy and a girl go on a date; after it though, the girl must decide if she'll follow her inner thoughts or go with what society expects of her.",
Guardians of the Galaxy Vol. 2,The Guardians must fight to keep their newfound family together as they unravel the mysteries of Peter Quill's true parentage.,"Science Fiction, Adventure, Action"
Generations of Images,"A journey in search of traces through the profound processes of transformation of Albanian history. In the archives, in forgotten places and in the memories of different generations, fractures and continuities emerge, left by the transition from communist dictatorship to capitalist democracy. Adopting an essayistic-poetic approach, the film explores the images of the regime and the regimes of images, revealing how much the history of Albania is inscribed in the fabric of its present.",Documentary
L'albero,"Bianca is 23 years old, and it already feels like too much. She has left her parents' home and is supposed to attend university, but she never goes. She has a few specific obsessions: the passing of time, cocaine, and Angelica. Since they started living together, everything seems to move faster, spiraling downwards. Even their friendship stumbles into addiction and becomes confused with love. Bianca keeps a notebook, jotting down notes for her books. Still, she wishes she could write everything in it: that youth is painful and already slipping away, that friendship breaks your heart, and that we constantly lose everything — and yet, maybe, in the end — between the night streets of Rome, the boys of Naples, and the tree that stands silently, visible through the window — nothing will be truly lost.",Drama
Companion,"To their respective conservative Indian parents, Vir and Nitya are a happily married couple living in Parramatta, Sydney. They love to play the sitar together, she is a successful dentist, and he is studying for his accounting exam. However, as the cultural expectations ingrained into them from childhood start to take their toll, they both face challenges in their personal and professional lives. After reaching a breaking point, Vir comes out to Nitya about his sexuality, which causes a rift between them and brings shame to their families. Vir then decides to explore his own sexual identity with another man.",Drama
Privilege,Henri unravels the infrastructure of the LGBTQIA+ Community as we take a stroll through his daily life and get a grasp of what it truly means being different while trying to live an honest life in a world ruled by politics and religion.,Documentary
Escobar: Paradise Lost,"For Pablo Escobar family is everything. When young surfer Nick falls for Escobar's niece, Maria, he finds his life on the line when he's pulled into the dangerous world of the family business.","Thriller, Romance"
Sex Tape,"When Jay and Annie first got together, their romantic connection was intense – but ten years and two kids later, the flame of their love needs a spark.  To kick things up a notch, they decide – why not? – to make a video of themselves trying out every position in The Joy of Sex in one marathon three-hour session.  It seems like a great idea – until they discover that their most private video is no longer private.  With their reputations on the line, they know they’re just one click away from being laid bare to the world... but as their race to reclaim their video leads to a night they'll never forget, they'll find that their video will expose even more than they bargained for.",Comedy
My Fault: London,"18-year-old Noah moves from America to London, with her mother who's recently fallen in love with William, a wealthy British businessman. Noah meets William’s son, bad-boy Nick, and soon discovers there is an attraction between them neither can avoid. As Noah spends the summer adjusting to her new life, her devastating past will catch up with her while falling in love for the first time.","Romance, Drama"
The Red Envelope,"When Menn, a super-straight mugger-turned-police spy, accidentally picks up a mysterious red envelope, he is bound by a supernatural contract that forces him to wed a ghost. Fate plays an even crueler trick on him: his ""spouse"" is not only dead, but a cute and unapologetically progressive gay man named Titi.","Action, Comedy, Crime, Fantasy, Horror, Mystery"
The Boy and the Dog,"New Takahisa Zeze movie, adaptation of the book ""Shonen to Inu."" To be released in Spring 2025.",Drama
This Is Not a Love Song,A famous film director in midlife crisis invites his fatal ex-girlfriend to a lake hotel to help him write a script based on their relationship.,"Romance, Drama"
The Light,"A portrait of a modern family between collapse and new beginnings dealing with the big issues of our times, in a world that is reeling. Tim, Milena, their almost grown-up twins Frieda and Jon and their illegitimate son Dio - this is the Engels family, who seemingly have nothing left to hold them together when housekeeper Farrah enters their lives. The mysterious Syrian woman puts the Engels' emotional world to an unexpectedly wild test.",Drama
U.S. Palmese,"In Palmi, a small town in Calabria, Don Vincenzo, a genial retired farmer, has a crazy idea to revive the local soccer team by organizing a bizarre fundraiser hiring the Italian major league Serie A, soccer player Etienne Morville, a bad-tempered guy but among the strongest in the world. Albeit unwillingly, Morville leaves Milan to move to Palmi and try to save his image. In the small town he will come up against a reality of sincerity, which will lead everyone on an unforgettable experience.",Comedy
Somnium,"With hopes of making it big in LA, small-town Gemma takes the overnight shift at a mysterious sleep clinic, Somnium, but soon finds herself trapped in its web of dark secrets.","Science Fiction, Thriller, Drama"
San Cornelio,"On the day of Cornelio's funeral, Carmela is very sad.","Drama, Comedy"
Streaming,"Woo Sang is a popular online streamer. In his videos, he talks about profiling crime cases and he has attained the most subscribers on the online platform that he uses. Woo Sang then looks for clues on an unsolved consecutive murder case. This process is live streamed over the internet.","Thriller, Mystery"
Parasite,"All unemployed, Ki-taek's family takes peculiar interest in the wealthy and glamorous Parks for their livelihood until they get entangled in an unexpected incident.","Comedy, Thriller, Drama"
Dawn of the Planet of the Apes,"A group of scientists in San Francisco struggle to stay alive in the aftermath of a plague that is wiping out humanity, while Caesar tries to maintain dominance over his community of intelligent apes.","Science Fiction, Action, Drama, Thriller"
A Most Violent Year,"A thriller set in New York City during the winter of 1981, statistically one of the most violent years in the city's history, and centered on the lives of an immigrant and his family trying to expand their business and capitalize on opportunities as the rampant violence, decay, and corruption of the day drag them in and threaten to destroy all they have built.","Crime, Drama, Thriller"
Blade Runner,"In the smog-choked dystopian Los Angeles of 2019, blade runner Rick Deckard is called out of retirement to terminate a quartet of replicants who have escaped to Earth seeking their creator for a way to extend their short life spans.","Science Fiction, Drama, Thriller"
Se7en,"Two homicide detectives are on a desperate hunt for a serial killer whose crimes are based on the ""seven deadly sins"" in this dark and haunting film that takes viewers from the tortured remains of one victim to the next. The seasoned Det. Somerset researches each sin in an effort to get inside the killer's mind, while his novice partner, Mills, scoffs at his efforts to unravel the case.","Crime, Mystery, Thriller"
Alien,"During its return to the earth, commercial spaceship Nostromo intercepts a distress signal from a distant planet. When a three-member team of the crew discovers a chamber containing thousands of eggs on the planet, a creature inside one of the eggs attacks an explorer. The entire crew is unaware of the impending nightmare set to descend upon them when the alien parasite planted inside its unfortunate host is birthed.","Horror, Science Fiction"
Star Wars: The Last Jedi,"Rey develops her newly discovered abilities with the guidance of Luke Skywalker, who is unsettled by the strength of her powers. Meanwhile, the Resistance prepares to do battle with the First Order.","Adventure, Action, Science Fiction"
Blade Runner 2049,"Thirty years after the events of the first film, a new blade runner, LAPD Officer K, unearths a long-buried secret that has the potential to plunge what's left of society into chaos. K's discovery leads him on a quest to find Rick Deckard, a former LAPD blade runner who has been missing for 30 years.","Science Fiction, Drama"
Penguins of Madagascar,"Skipper, Kowalski, Rico and Private join forces with undercover organization The North Wind to stop the villainous Dr. Octavius Brine from destroying the world as we know it.","Family, Animation, Adventure, Comedy"
The Godfather Part II,"In the continuing saga of the Corleone crime family, a young Vito Corleone grows up in Sicily and in 1910s New York. In the 1950s, Michael Corleone attempts to expand the family business into Las Vegas, Hollywood and Cuba.","Drama, Crime"
Kill Bill: Vol. 1,"An assassin is shot by her ruthless employer, Bill, and other members of their assassination circle – but she lives to plot her vengeance.","Action, Crime"
Pixels,Video game experts are recruited by the military to fight 1980s-era video game characters who've attacked New York.,"Action, Comedy, Science Fiction, Fantasy"
Shutter Island,"World War II soldier-turned-U.S. Marshal Teddy Daniels investigates the disappearance of a patient from a hospital for the criminally insane, but his efforts are compromised by troubling visions and a mysterious doctor.","Drama, Thriller, Mystery"
Jupiter Ascending,"In a universe where human genetic material is the most precious commodity, an impoverished young Earth woman becomes the key to strategic maneuvers and internal strife within a powerful dynasty…","Science Fiction, Fantasy, Action"
Self/less,An extremely wealthy elderly man dying from cancer undergoes a radical medical procedure that transfers his consciousness to the body of a healthy young man but everything may not be as good as it seems when he starts to uncover the mystery of the body's origins and the secret organization that will kill to keep its secrets.,"Science Fiction, Mystery, Thriller, Action"
Mortdecai,"An art dealer, Charles Mortdecai, searches for a stolen painting rumored to contain a secret code that gains access to hidden Nazi gold.","Comedy, Adventure"
Tomorrowland,"Bound by a shared destiny, a bright, optimistic teen bursting with scientific curiosity and a former boy-genius inventor jaded by disillusionment embark on a danger-filled mission to unearth the secrets of an enigmatic place somewhere in time and space that exists in their collective memory as ""Tomorrowland.""","Adventure, Family, Mystery, Science Fiction"
Barbie,"Barbie and Ken are having the time of their lives in the colorful and seemingly perfect world of Barbie Land. However, when they get a chance to go to the real world, they soon discover the joys and perils of living among humans.","Comedy, Adventure"
Vice,"Julian Michaels has designed the ultimate resort: VICE, where anything goes and the customers can play out their wildest fantasies with artificial inhabitants who look, think and feel like humans. When an artificial becomes self-aware and escapes, she finds herself caught in the crossfire between Julian's mercenaries and a cop who is hell-bent on shutting down Vice, and stopping the violence once and for all.","Thriller, Science Fiction, Action, Adventure"
Trainwreck,"Having thought that monogamy was never possible, a commitment-phobic career woman may have to face her fears when she meets a good guy.","Comedy, Romance"
The Wedding Ringer,"Doug Harris is a loveable but socially awkward groom-to-be with a problem: he has no best man.  With less than two weeks to go until he marries the girl of his dreams, Doug is referred to Jimmy Callahan, owner and CEO of Best Man, Inc., a company that provides flattering best men for socially challenged guys in need.  What ensues is a hilarious wedding charade as they try to pull off the big con, and an unexpected budding bromance between Doug and his fake best man Jimmy.",Comedy
The Captive,"Eight years after the disappearance of Cassandra, some disturbing incidents seem to indicate that she's still alive. Police, parents and Cassandra herself, will try to unravel the mystery of her disappearance.","Drama, Thriller, Crime"
Poltergeist,"A family's suburban home is invaded by angry spirits. When the terrifying apparitions escalate their attacks and take the youngest daughter, the family must come together to rescue her.",Horror
The Prince,A family man who turns out to be a retired mob enforcer must travel across the country to find his daughter who has gone missing.,"Thriller, Action"
St. Vincent,"A young boy whose parents just divorced finds an unlikely friend and mentor in the misanthropic, bawdy, hedonistic, war veteran who lives next door.",Comedy
Let's Be Cops,"Best pals Ryan and Justin are stalled in their respective careers -- a fact that is painfully driven home when they go to a college reunion. Dressed as police in the mistaken belief that they were to attend a costume party, Ryan and Justin find that the uniforms earn them much respect and attention. Although Justin is uncomfortable with the idea, Ryan decides to continue with the charade, putting them both in increasingly dangerous situations. When these newly-minted “heroes” get tangled in a real life web of mobsters and dirty detectives, they must put their fake badges on the line.",Comedy
"The Good, the Bad and the Ugly","While the Civil War rages on between the Union and the Confederacy, three men – a quiet loner, a ruthless hitman, and a Mexican bandit – comb the American Southwest in search of a strongbox containing $200,000 in stolen gold.",Western
Venom: Let There Be Carnage,"After finding a host body in investigative reporter Eddie Brock, the alien symbiote must face a new enemy, Carnage, the alter ego of serial killer Cletus Kasady.","Science Fiction, Action, Adventure"
No Country for Old Men,"Llewelyn Moss stumbles upon dead bodies, $2 million and a hoard of heroin in a Texas desert, but methodical killer Anton Chigurh comes looking for it, with local sheriff Ed Tom Bell hot on his trail. The roles of prey and predator blur as the violent pursuit of money and justice collide.","Crime, Drama, Thriller"
Kill Bill: Vol. 2,"The Bride unwaveringly continues on her roaring rampage of revenge against the band of assassins who had tried to kill her and her unborn child. She visits each of her former associates one-by-one, checking off the victims on her Death List Five until there's nothing left to do … but kill Bill.","Action, Crime, Thriller"
Dune: Part Two,"Follow the mythic journey of Paul Atreides as he unites with Chani and the Fremen while on a path of revenge against the conspirators who destroyed his family. Facing a choice between the love of his life and the fate of the known universe, Paul endeavors to prevent a terrible future only he can foresee.","Science Fiction, Adventure"
Venom: The Last Dance,"Eddie and Venom are on the run. Hunted by both of their worlds and with the net closing in, the duo are forced into a devastating decision that will bring the curtains down on Venom and Eddie's last dance.","Action, Science Fiction, Adventure"
Fargo,"Jerry, a small-town Minnesota car salesman is bursting at the seams with debt... but he's got a plan. He's going to hire two thugs to kidnap his wife in a scheme to collect a hefty ransom from his wealthy father-in-law. It's going to be a snap and nobody's going to get hurt... until people start dying. Enter Police Chief Marge, a coffee-drinking, parka-wearing - and extremely pregnant - investigator who'll stop at nothing to get her man. And if you think her small-time investigative skills will give the crooks a run for their ransom... you betcha!","Crime, Drama, Thriller"
Panda Plan,"International action star Jackie Chan is invited to the adoption ceremony of a rare baby panda, but after an international crime syndicate attempts to kidnap the bear, Jackie has to save the bear using his stunt work skills.","Action, Comedy"
Green Book,"Tony Lip, a bouncer in 1962, is hired to drive pianist Don Shirley on a tour through the Deep South in the days when African Americans, forced to find alternate accommodations and services due to segregation laws below the Mason-Dixon Line, relied on a guide called The Negro Motorist Green Book.","Drama, History"
The Hangover,"When three friends finally come to after a raucous night of bachelor-party revelry, they find a baby in the closet and a tiger in the bathroom. But they can't seem to locate their best friend, Doug – who's supposed to be tying the knot. Launching a frantic search for Doug, the trio perseveres through a nasty hangover to try to make it to the church on time.",Comedy
I'm Still Here,"In 1971, military dictatorship in Brazil reaches its height. The Paiva family — Rubens, Eunice, and their five children — live in a beachside house in Rio, open to all their friends. One day, Rubens is taken for questioning and does not return.","Drama, History"
The Hangover,"When three friends finally come to after a raucous night of bachelor-party revelry, they find a baby in the closet and a tiger in the bathroom. But they can't seem to locate their best friend, Doug – who's supposed to be tying the knot. Launching a frantic search for Doug, the trio perseveres through a nasty hangover to try to make it to the church on time.",Comedy
GoodFellas,"The true story of Henry Hill, a half-Irish, half-Sicilian Brooklyn kid who is adopted by neighbourhood gangsters at an early age and climbs the ranks of a Mafia family under the guidance of Jimmy Conway.","Drama, Crime"
Ne Zha 2,"Following the Tribulation, although the souls of Ne Zha and Ao Bing were preserved, their physical bodies will soon be destroyed. Tai Yi Zhen Ren plans to use the Seven Colored Lotus to reshape their physical forms, but encounters numerous difficulties. What will become of Ne Zha and Ao Bing?","Animation, Fantasy, Adventure"
Die Hard,"NYPD cop John McClane's plan to reconcile with his estranged wife is thrown for a serious loop when, minutes after he arrives at her offices Christmas Party, the entire building is overtaken by a group of terrorists. With little help from the LAPD, wisecracking McClane sets out to single-handedly rescue the hostages and bring the bad guys down.","Action, Thriller"
Captain America: Civil War,"Following the events of Age of Ultron, the collective governments of the world pass an act designed to regulate all superhuman activity. This polarizes opinion amongst the Avengers, causing two factions to side with Iron Man or Captain America, which causes an epic battle between former allies.","Adventure, Action, Science Fiction"
Forrest Gump,"A man with a low IQ has accomplished great things in his life and been present during significant historic events—in each case, far exceeding what anyone imagined he could do. But despite all he has achieved, his one true love eludes him.","Comedy, Drama, Romance"
Picture This,"Single and without a man on the horizon, Pia runs a failing photography studio in London with her best friend Jay. As her sister Sonal prepares for marriage and her mother Laxmi urges her to partner up, a spiritual guru predicts Pia will meet the love of her life among her next five dates. With her family intervening, Pia embarks on a hilarious yet heartfelt quest for love.","Romance, Comedy"
Killers of the Flower Moon,"When oil is discovered in 1920s Oklahoma under Osage Nation land, the Osage people are murdered one by one—until the FBI steps in to unravel the mystery.","Crime, History, Drama"
Reservoir Dogs,"A botched robbery indicates a police informant, and the pressure mounts in the aftermath at a warehouse. Crime begets violence as the survivors -- veteran Mr. White, newcomer Mr. Orange, psychopathic parolee Mr. Blonde, bickering weasel Mr. Pink and Nice Guy Eddie -- unravel.","Crime, Thriller"
Inglourious Basterds,"In Nazi-occupied France during World War II, a group of Jewish-American soldiers known as ""The Basterds"" are chosen specifically to spread fear throughout the Third Reich by scalping and brutally killing Nazis. The Basterds, lead by Lt. Aldo Raine soon cross paths with a French-Jewish teenage girl who runs a movie theater in Paris which is targeted by the soldiers.","Drama, Thriller, War"
Hercules,"When a new enemy threatens the innocent, Hercules must lead his fearless team of warriors in a battle against overwhelming odds.","Action, Adventure"
Deadpool,"The origin story of former Special Forces operative turned mercenary Wade Wilson, who, after being subjected to a rogue experiment that leaves him with accelerated healing powers, adopts the alter ego Deadpool. Armed with his new abilities and a dark, twisted sense of humor, Deadpool hunts down the man who nearly destroyed his life.","Action, Adventure, Comedy"
Plankton: The Movie,Plankton's tangled love story with his sentient computer wife goes sideways when she takes a stand — and decides to destroy the world without him.,"Animation, Adventure, Comedy, Family, Fantasy"
Spider-Man: Homecoming,"Following the events of Captain America: Civil War, Peter Parker, with the help of his mentor Tony Stark, tries to balance his life as an ordinary high school student in Queens, New York City, with fighting crime as his superhero alter ego Spider-Man as a new threat, the Vulture, emerges.","Action, Adventure, Science Fiction, Drama"
Everything Everywhere All at Once,"An aging Chinese immigrant is swept up in an insane adventure, where she alone can save what's important to her by connecting with the lives she could have led in other universes.","Action, Adventure, Science Fiction"
A Clockwork Orange,"In a near-future Britain, young Alexander DeLarge and his pals get their kicks beating and raping anyone they please. When not destroying the lives of others, Alex swoons to the music of Beethoven. The state, eager to crack down on juvenile crime, gives an incarcerated Alex the option to undergo an invasive procedure that'll rob him of all personal agency. In a time when conscience is a commodity, can Alex change his tune?","Science Fiction, Crime"
The Lord of the Rings: The Two Towers,"Frodo Baggins and the other members of the Fellowship continue on their sacred quest to destroy the One Ring--but on separate paths. Their destinies lie at two towers--Orthanc Tower in Isengard, where the corrupt wizard Saruman awaits, and Sauron's fortress at Barad-dur, deep within the dark lands of Mordor. Frodo and Sam are trekking to Mordor to destroy the One Ring of Power while Gimli, Legolas and Aragorn search for the orc-captured Merry and Pippin. All along, nefarious wizard Saruman awaits the Fellowship members at the Orthanc Tower in Isengard.","Adventure, Fantasy, Action"
Bullet Train,"Unlucky assassin Ladybug is determined to do his job peacefully after one too many gigs gone off the rails. Fate, however, may have other plans, as Ladybug's latest mission puts him on a collision course with lethal adversaries from around the globe—all with connected, yet conflicting, objectives—on the world's fastest train.","Action, Comedy, Thriller"
Avatar,"In the 22nd century, a paraplegic Marine is dispatched to the moon Pandora on a unique mission, but becomes torn between following orders and protecting an alien civilization.","Action, Adventure, Fantasy, Science Fiction"
Black Panther,"King T'Challa returns home to the reclusive, technologically advanced African nation of Wakanda to serve as his country's new leader. However, T'Challa soon finds that he is challenged for the throne by factions within his own country as well as without. Using powers reserved to Wakandan kings, T'Challa assumes the Black Panther mantle to join with ex-girlfriend Nakia, the queen-mother, his princess-kid sister, members of the Dora Milaje (the Wakandan 'special forces') and an American secret agent, to prevent Wakanda from being dragged into a world war.","Action, Adventure, Science Fiction"
Kraven the Hunter,"Kraven Kravinoff's complex relationship with his ruthless gangster father, Nikolai, starts him down a path of vengeance with brutal consequences, motivating him to become not only the greatest hunter in the world, but also one of its most feared.","Action, Adventure, Thriller"
Here,"An odyssey through time and memory, centered on a place in New England where—from wilderness, and then, later, from a home—love, loss, struggle, hope and legacy play out between couples and families over generations.",Drama
Léon: The Professional,"Léon, the top hit man in New York, has earned a rep as an effective ""cleaner"". But when his next-door neighbors are wiped out by a loose-cannon DEA agent, he becomes the unwilling custodian of 12-year-old Mathilda. Before long, Mathilda's thoughts turn to revenge, and she considers following in Léon's footsteps.","Crime, Drama, Action"
Venom,"Investigative journalist Eddie Brock attempts a comeback following a scandal, but accidentally becomes the host of Venom, a violent, super powerful alien symbiote. Soon, he must rely on his newfound powers to protect the world from a shadowy organization looking for a symbiote of their own.","Science Fiction, Action"
Mr. Holmes,"In 1947, long-retired and near the end of his life, Sherlock Holmes grapples with an unreliable memory and must rely on his housekeeper's son as he revisits the still-unsolved case that led to his retirement.","Drama, Crime, Family, Mystery"
A Man Called Otto,"When a lively young family moves in next door, grumpy widower Otto Anderson meets his match in a quick-witted, pregnant woman named Marisol, leading to an unlikely friendship that turns his world upside down.","Comedy, Drama"
The Prestige,"A mysterious story of two magicians whose intense rivalry leads them on a life-long battle for supremacy -- full of obsession, deceit and jealousy with dangerous and deadly consequences.","Drama, Mystery, Science Fiction"
Memento,"Leonard Shelby is tracking down the man who raped and murdered his wife. The difficulty of locating his wife's killer, however, is compounded by the fact that he suffers from a rare, untreatable form of short-term memory loss. Although he can recall details of life before his accident, Leonard cannot remember what happened fifteen minutes ago, where he's going, or why.","Mystery, Thriller"
Kingsman: The Golden Circle,"When an attack on the Kingsman headquarters takes place and a new villain rises, Eggsy and Merlin are forced to work together with the American agency known as the Statesman to save the world.","Action, Adventure, Comedy, Crime, Thriller, Science Fiction"
Kingsman: The Secret Service,The story of a super-secret spy organization that recruits an unrefined but promising street kid into the agency's ultra-competitive training program just as a global threat emerges from a twisted tech genius.,"Crime, Comedy, Action, Adventure"
The Terminator,"In the post-apocalyptic future, reigning tyrannical supercomputers teleport a cyborg assassin known as the ""Terminator"" back to 1984 to kill Sarah Connor, whose unborn son is destined to lead insurgents against 21st century mechanical hegemony. Meanwhile, the human-resistance movement dispatches a lone warrior to safeguard Sarah. Can he stop the virtually indestructible killing machine?","Action, Thriller, Science Fiction"
Oldboy,"With no clue how he came to be imprisoned, drugged and tortured for 15 years, a desperate man seeks revenge on his captors.","Drama, Thriller, Mystery, Action"
The Monkey,"When twin brothers find a mysterious wind-up monkey, a series of outrageous deaths tear their family apart. Twenty-five years later, the monkey begins a new killing spree forcing the estranged brothers to confront the cursed toy.","Horror, Comedy"
John Wick: Chapter 2,"John Wick is forced out of retirement by a former associate looking to seize control of a shadowy international assassins’ guild. Bound by a blood oath to aid him, Wick travels to Rome and does battle against some of the world’s most dangerous killers.","Action, Thriller, Crime"
Thor: Ragnarok,"Thor is imprisoned on the other side of the universe and finds himself in a race against time to get back to Asgard to stop Ragnarok, the destruction of his home-world and the end of Asgardian civilization, at the hands of a powerful new threat, the ruthless Hela.","Action, Adventure, Science Fiction"
The Hateful Eight,Bounty hunters seek shelter from a raging blizzard and get caught up in a plot of betrayal and deception.,"Drama, Mystery, Western"
Playing It Cool,A young man meets and instantly falls in love with an engaged woman.,"Comedy, Romance"
Blackhat,"Nicholas Hathaway, a furloughed convict, and his American and Chinese partners hunt a high-level cybercrime network from Chicago to Los Angeles to Hong Kong to Jakarta. As Hathaway closes in, the stakes become personal as he discovers that the attack on a Chinese nuclear power plant was just the beginning.","Crime, Thriller, Action"
Child 44,"Set in Stalin-era Soviet Union, a disgraced MGB agent is dispatched to investigate a series of child murders -- a case that begins to connect with the very top of party leadership.","Crime, Thriller"
The Loft,"For five men, the opportunity to share a penthouse in the city -- in which to carry on extramarital affairs -- is a dream come true, until the dead body of an unknown woman turns up. Realizing that her killer must be one of their group, the men are gripped by paranoia as each one suspects another. Friendships are tested, loyalties are questioned, and marriages crumble while fear and suspicion run rampant.",Thriller
Left Behind,A small group of survivors are left behind after millions of people suddenly vanish during the rapture and the world is plunged into chaos and destruction.,"Thriller, Action, Science Fiction"
Back to the Future,"Eighties teenager Marty McFly is accidentally sent back in time to 1955, inadvertently disrupting his parents' first meeting and attracting his mother's romantic interest. Marty must repair the damage to history by rekindling his parents' romance and - with the help of his eccentric inventor friend Doc Brown - return to 1985.","Adventure, Comedy, Science Fiction"
The Irishman,"Pennsylvania, 1956. Frank Sheeran, a war veteran of Irish origin who works as a truck driver, accidentally meets mobster Russell Bufalino. Once Frank becomes his trusted man, Bufalino sends him to Chicago with the task of helping Jimmy Hoffa, a powerful union leader related to organized crime, with whom Frank will maintain a close friendship for nearly twenty years.","Crime, Drama, History"
Fire,On the subject of Japan,
To Love a Narcissist,Trust is weaponised in this obsessive love story that blurs the line between love and deceit.,Drama
Apollo 1,"At the height of the space race, three U.S. astronauts are tapped as the first Apollo crew. With dazzling archival footage and exceptional access, this riveting documentary explores the tragic events that followed, shaking NASA to the core.",Documentary
Vlam,"The temporarily displaced teenager Olivia wants nothing more than to return to her mother Selma. In crisis center Girla, she discovers just how suffocating their symbiotic bond truly is.",
Engidu,Afilm By Saddam Negeso,Thriller
Татко,,Drama
Un posto sicuro,,Horror
"Това, което остава",,Drama
Intertwined,"Ezra (M19) and Awan (F19) are two melancholic teenagers who one day meet by chance in the Library. In their meeting, they both feel they have the same memories and speculations. In the memories and speculations created between the two of them, they are lost in feelings of love in their minds. Those thoughts make them feel the complexity of love that they have never felt before.",Romance
Romance,The absence of a lover with no memorable identity provokes a search throughout the city of Mar del Plata.,"Romance, Drama"
Revenge of the Boogeyman,"A group of friends take their recently sober friend, to the remote Hills to help him stay clean. But when eerie events unfold and people start disappearing, they must question whether it's the Boogeyman or their own unraveling minds.","Horror, Comedy"
Nathan And His Dad Go Hiking,Nathan goes hiking with his dad,"Documentary, Comedy"
Pitch Perfect 2,"The Bellas are back, and they are better than ever. After being humiliated in front of none other than the President of the United States of America, the Bellas are taken out of the Aca-Circuit. In order to clear their name, and regain their status, the Bellas take on a seemingly impossible task: winning an international competition no American team has ever won. In order to accomplish this monumental task, they need to strengthen the bonds of friendship and sisterhood and blow away the competition with their amazing aca-magic! With all new friends and old rivals tagging along for the trip, the Bellas can hopefully accomplish their dreams.","Comedy, Music"
Cinderella,"When her father unexpectedly passes away, young Ella finds herself at the mercy of her cruel stepmother and her daughters. Never one to give up hope, Ella's fortunes begin to change after meeting a dashing stranger in the woods.","Romance, Fantasy, Family, Drama"
Camp X-Ray,"A young woman joins the military to be part of something bigger than herself and her small-town roots. Instead, she ends up as a new guard at Guantanamo Bay, where her mission is far from black and white. Surrounded by hostile jihadists and aggressive squadmates, she strikes up an unusual friendship with one of the detainees.",Drama
Outcast,"A mysterious warrior teams up with the daughter and son of a deposed Chinese Emperor to defeat their cruel brother, who seeks their deaths.","Action, Adventure"
Outcast,"A mysterious warrior teams up with the daughter and son of a deposed Chinese Emperor to defeat their cruel brother, who seeks their deaths.","Action, Adventure"
A Merry Friggin' Christmas,"Boyd Mitchler and his family must spend Christmas with his estranged family of misfits. Upon realizing that he left all his son's gifts at home, he hits the road with his dad in an attempt to make the 8-hour round trip before sunrise.",Comedy
Cake,"After having visions of a member of her support group who killed herself, a woman who also suffers with chronic pain seeks out the widower of the suicide.",Drama
Annie,"Annie is a young, happy foster kid who's also tough enough to make her way on the streets of New York in 2014. Originally left by her parents as a baby with the promise that they'd be back for her someday, it's been a hard knock life ever since with her mean foster mom Miss Hannigan. But everything's about to change when the hard-nosed tycoon and New York mayoral candidate Will Stacks—advised by his brilliant VP and his shrewd and scheming campaign advisor—makes a thinly-veiled campaign move and takes her in. Stacks believes he's her guardian angel, but Annie's self-assured nature and bright, sun-will-come-out-tomorrow outlook on life just might mean it's the other way around.","Comedy, Drama, Family"
Life of Crime,Two common criminals get more than they bargained for after kidnapping the wife of a corrupt real-estate developer who shows no interest in paying the $1 million dollar ransom for her safe return.,"Comedy, Crime"
Hacksaw Ridge,"WWII American Army Medic Desmond T. Doss, who served during the Battle of Okinawa, refuses to kill people and becomes the first Conscientious Objector in American history to receive the Congressional Medal of Honor.","Drama, History, War"
Deadpool & Wolverine,"A listless Wade Wilson toils away in civilian life with his days as the morally flexible mercenary, Deadpool, behind him. But when his homeworld faces an existential threat, Wade must reluctantly suit-up again with an even more reluctant Wolverine.","Action, Comedy, Science Fiction"
Are You Here,"When Steve Dallas, a womanizing local weatherman, hears that his off-the-grid best friend Ben Baker has lost his estranged father, the two return to Ben's childhood home. Once there, they discover Ben has inherited the family fortune, and the ill-equipped duo must battle Ben's formidable sister and deal with his father's gorgeous 25-year old widow.",Comedy
Survivor,"A Foreign Service Officer in London tries to prevent a terrorist attack set to hit New York, but is forced to go on the run when she is framed for crimes she did not commit.","Action, Crime, Mystery, Thriller"
Tracers,"Wanted by the mafia, a New York City bike messenger escapes into the world of parkour after meeting a beautiful stranger.",Action
Beyond the Reach,A high-rolling corporate shark and his impoverished young guide play the most dangerous game during a hunting trip in the Mojave Desert.,Thriller
Frontera,"After crossing the border illegally for work, Miguel, a hard-working father and devoted husband, finds himself wrongfully accused of murdering a former sheriff’s wife. After learning of his imprisonment, Miguel’s pregnant wife tries to come to his aid and lands in the hands of corrupt coyotes who hold her for ransom. Dissatisfied with the police department’s investigation, the former sheriff tries to uncover the truth about his wife’s death and discovers disturbing evidence that will destroy one family’s future, or tear another’s apart.","Western, Drama"
Paul Blart: Mall Cop 2,"Security guard Paul Blart is headed to Las Vegas to attend a Security Guard Expo with his teenage daughter Maya before she departs for college. While at the convention, he inadvertently discovers a heist - and it's up to Blart to apprehend the criminals.","Action, Comedy, Family"
Ouija,A group of friends must confront their most terrifying fears when they awaken the dark powers of an ancient spirit board.,Horror
Before I Go to Sleep,"A woman wakes up every day, remembering nothing as a result of a traumatic accident in her past. One day, new terrifying truths emerge that force her to question everyone around her.","Thriller, Mystery"
No Good Deed,"Terri is a devoted wife and mother of two, living an ideal suburban life in Atlanta when Colin, a charming but dangerous escaped convict, shows up at her door claiming car trouble. Terri offers her phone to help him but soon learns that no good deed goes unpunished as she finds herself fighting for survival when he invades her home and terrorizes her family.","Crime, Thriller"
Seventh Son,"John Gregory, who is a seventh son of a seventh son and also the local spook, has protected the country from witches, boggarts, ghouls and all manner of things that go bump in the night. However John is not young anymore, and has been seeking an apprentice to carry on his trade. Most have failed to survive. The last hope is a young farmer's son named Thomas Ward. Will he survive the training to become the spook that so many others couldn't?","Adventure, Fantasy"
The Order,A string of violent robberies in the Pacific Northwest leads veteran FBI agent Terry Husk into a white supremacist plot to overthrow the federal government.,"Crime, Drama, Thriller"
Inside Out 2,"Teenager Riley's mind headquarters is undergoing a sudden demolition to make room for something entirely unexpected: new Emotions! Joy, Sadness, Anger, Fear and Disgust, who’ve long been running a successful operation by all accounts, aren’t sure how to feel when Anxiety shows up. And it looks like she’s not alone.","Animation, Adventure, Comedy, Family"
Batman Begins,"Driven by tragedy, billionaire Bruce Wayne dedicates his life to uncovering and defeating the corruption that plagues his home, Gotham City.  Unable to work within the system, he instead creates a new identity, a symbol of fear for the criminal underworld - The Batman.","Action, Crime, Drama"
Batman Begins,"Driven by tragedy, billionaire Bruce Wayne dedicates his life to uncovering and defeating the corruption that plagues his home, Gotham City.  Unable to work within the system, he instead creates a new identity, a symbol of fear for the criminal underworld - The Batman.","Action, Crime, Drama"
Spider-Man: No Way Home,"Peter Parker is unmasked and no longer able to separate his normal life from the high-stakes of being a super-hero. When he asks for help from Doctor Strange the stakes become even more dangerous, forcing him to discover what it truly means to be Spider-Man.","Action, Adventure, Science Fiction"
Pirates of the Caribbean: Dead Man's Chest,"Captain Jack Sparrow races to recover the heart of Davy Jones to avoid enslaving his soul to Jones' service, as other friends and foes seek the heart for their own agenda as well.","Adventure, Fantasy, Action"
Live Free or Die Hard,"John McClane is back and badder than ever, and this time he calls on the services of a young hacker in his bid to stop a ring of Internet terrorists intent on taking control of America's computer infrastructure.","Action, Thriller"
Logan,"In the near future, a weary Logan cares for an ailing Professor X in a hideout on the Mexican border. But Logan's attempts to hide from the world and his legacy are upended when a young mutant arrives, pursued by dark forces.","Action, Drama, Science Fiction"
1917,"At the height of the First World War, two young British soldiers must cross enemy territory and deliver a message that will stop a deadly attack on hundreds of soldiers.","War, History, Thriller, Drama"
Spider-Man: Far From Home,"Peter Parker and his friends go on a summer trip to Europe. However, they will hardly be able to rest - Peter will have to agree to help Nick Fury uncover the mystery of creatures that cause natural disasters and destruction throughout the continent.","Action, Adventure, Science Fiction"
Skyfall,"When Bond's latest assignment goes gravely wrong, agents around the world are exposed and MI6 headquarters is attacked. While M faces challenges to her authority and position from Gareth Mallory, the new Chairman of the Intelligence and Security Committee, it's up to Bond, aided only by field agent Eve, to locate the mastermind behind the attack.","Action, Adventure, Thriller"
The Usual Suspects,"Held in an L.A. interrogation room, Verbal Kint attempts to convince the feds that a mythic crime lord, Keyser Soze, not only exists, but was also responsible for drawing him and his four partners into a multi-million dollar heist that ended with an explosion in San Pedro harbor – leaving few survivors. Verbal lures his interrogators with an incredible story of the crime lord's almost supernatural prowess.","Drama, Crime, Thriller"
The Martian,"During a manned mission to Mars, Astronaut Mark Watney is presumed dead after a fierce storm and left behind by his crew. But Watney has survived and finds himself stranded and alone on the hostile planet. With only meager supplies, he must draw upon his ingenuity, wit and spirit to subsist and find a way to signal to Earth that he is alive.","Drama, Adventure, Science Fiction"
Shrek 2,"Shrek, Fiona, and Donkey set off to Far, Far Away to meet Fiona's mother and father, the Queen and King. But not everyone is happily ever after. Shrek and the King find it difficult to get along, and there's tension in the marriage. The Fairy Godmother discovers that Fiona has married Shrek instead of her son Prince Charming and plots to destroy their marriage.","Animation, Family, Comedy, Fantasy, Adventure"
Shrek,"It ain't easy bein' green -- especially if you're a likable (albeit smelly) ogre named Shrek. On a mission to retrieve a gorgeous princess from the clutches of a fire-breathing dragon, Shrek teams up with an unlikely compatriot -- a wisecracking donkey.","Animation, Comedy, Fantasy, Adventure, Family"
Terminator 2: Judgment Day,"Set ten years after the events of the original, James Cameron’s classic sci-fi action flick tells the story of a second attempt to get rid of rebellion leader John Connor, this time targeting the boy himself. However, the rebellion has sent a reprogrammed terminator to protect Connor.","Action, Thriller, Science Fiction"
Squad 36,"Forced out of his elite unit, a troubled cop launches his own rogue investigation when mysterious killings claim the lives of his former colleagues.","Action, Crime, Drama, Thriller"
Emilia Pérez,"Rita, an underrated lawyer working for a large law firm more interested in getting criminals out of jail than bringing them to justice, is hired by the leader of a criminal organization.","Drama, Thriller"
Snowpiercer,"In a future where a failed global-warming experiment kills off most life on the planet, a class system evolves aboard the Snowpiercer; a train that travels around the globe via a perpetual-motion engine.","Action, Science Fiction, Drama"
Pirates of the Caribbean: At World's End,"Will Turner and Elizabeth Swann join forces with the revived Captain Barbossa to free Jack Sparrow from Davy Jones' locker. The group must navigate dangerous waters, confront many foes and, ultimately, choose sides in a battle wherein piracy itself hangs in the balance.","Adventure, Fantasy, Action"
Iron Man 3,"When Tony Stark's world is torn apart by a formidable terrorist called the Mandarin, he starts an odyssey of rebuilding and retribution.","Action, Adventure, Science Fiction"
The Departed,"To take down South Boston's Irish Mafia, the police send in one of their own to infiltrate the underworld, not realizing the syndicate has done likewise. While an undercover cop curries favor with the mob kingpin, a career criminal rises through the police ranks. But both sides soon discover there's a mole among them.","Drama, Thriller, Crime"
Heat,Obsessive master thief Neil McCauley leads a top-notch crew on various daring heists throughout Los Angeles while determined detective Vincent Hanna pursues him without rest. Each man recognizes and respects the ability and the dedication of the other even though they are aware their cat-and-mouse game may end in violence.,"Crime, Drama, Action"
The Departed,"To take down South Boston's Irish Mafia, the police send in one of their own to infiltrate the underworld, not realizing the syndicate has done likewise. While an undercover cop curries favor with the mob kingpin, a career criminal rises through the police ranks. But both sides soon discover there's a mole among them.","Drama, Thriller, Crime"
Heat,Obsessive master thief Neil McCauley leads a top-notch crew on various daring heists throughout Los Angeles while determined detective Vincent Hanna pursues him without rest. Each man recognizes and respects the ability and the dedication of the other even though they are aware their cat-and-mouse game may end in violence.,"Crime, Drama, Action"
The Wolf of Wall Street,"A New York stockbroker refuses to cooperate in a large securities fraud case involving corruption on Wall Street, corporate banking world and mob infiltration. Based on Jordan Belfort's autobiography.","Crime, Drama, Comedy"
Once Upon a Time in America,"A former Prohibition-era Jewish gangster returns to the Lower East Side of Manhattan over thirty years later, where he once again must confront the ghosts and regrets of his old life.","Drama, Crime"
Alien: Romulus,"While scavenging the deep ends of a derelict space station, a group of young space colonizers come face to face with the most terrifying life form in the universe.","Horror, Science Fiction"
The Fifth Element,"In 2257, a taxi driver is unintentionally given the task of saving a young girl who is part of the key that will ensure the survival of humanity.","Science Fiction, Action, Adventure"
Harry Potter and the Prisoner of Azkaban,"Year three at Hogwarts means new fun and challenges as Harry learns the delicate art of approaching a Hippogriff, transforming shape-shifting Boggarts into hilarity and even turning back time. But the term also brings danger: soul-sucking Dementors hover over the school, an ally of the accursed He-Who-Cannot-Be-Named lurks within the castle walls, and fearsome wizard Sirius Black escapes Azkaban. And Harry will confront them all.","Adventure, Fantasy"
Solo: A Star Wars Story,"Through a series of daring escapades deep within a dark and dangerous criminal underworld, Han Solo meets his mighty future copilot Chewbacca and encounters the notorious gambler Lando Calrissian.","Science Fiction, Adventure, Action"
Apocalypse Now,"At the height of the Vietnam war, Captain Benjamin Willard is sent on a dangerous mission that, officially, ""does not exist, nor will it ever exist."" His goal is to locate - and eliminate - a mysterious Green Beret Colonel named Walter Kurtz, who has been leading his personal army on illegal guerrilla missions into enemy territory.","Drama, War"
Schindler's List,The true story of how businessman Oskar Schindler saved over a thousand Jewish lives from the Nazis while they worked as slaves in his factory during World War II.,"Drama, History, War"
Amélie,"At a tiny Parisian café, the adorable yet painfully shy Amélie accidentally discovers a gift for helping others. Soon Amelie is spending her days as a matchmaker, guardian angel, and all-around do-gooder. But when she bumps into a handsome stranger, will she find the courage to become the star of her very own love story?","Comedy, Romance"
Hidden Figures,"The untold story of Katherine G. Johnson, Dorothy Vaughan and Mary Jackson – brilliant African-American women working at NASA and serving as the brains behind one of the greatest operations in history – the launch of astronaut John Glenn into orbit. The visionary trio crossed all gender and race lines to inspire generations to dream big.","Drama, History"
Avatar: The Way of Water,"Set more than a decade after the events of the first film, learn the story of the Sully family (Jake, Neytiri, and their kids), the trouble that follows them, the lengths they go to keep each other safe, the battles they fight to stay alive, and the tragedies they endure.","Science Fiction, Adventure, Action"
Blink Twice,"When tech billionaire Slater King meets cocktail waitress Frida at his fundraising gala, he invites her to join him and his friends on a dream vacation on his private island. But despite the epic setting, beautiful people, ever-flowing champagne, and late-night dance parties, Frida can sense that there’s something sinister hiding beneath the island’s lush façade.","Mystery, Thriller"
Jurassic World: Fallen Kingdom,"Three years after Jurassic World was destroyed, Isla Nublar now sits abandoned. When the island's dormant volcano begins roaring to life, Owen and Claire mount a campaign to rescue the remaining dinosaurs from this extinction-level event.","Action, Adventure, Science Fiction, Thriller"
Bridget Jones: Mad About the Boy,"Bridget Jones navigates life as a widow and single mum with the help of her family, friends, and former lover, Daniel. Back to work and on the apps, she's pursued by a younger man and maybe – just maybe – her son's science teacher.","Romance, Comedy, Drama"
John Wick: Chapter 3 - Parabellum,"Super-assassin John Wick returns with a $14 million price tag on his head and an army of bounty-hunting killers on his trail. After killing a member of the shadowy international assassin’s guild, the High Table, John Wick is excommunicado, but the world’s most ruthless hit men and women await his every turn.","Action, Thriller, Crime"
Avengers: Age of Ultron,"When Tony Stark tries to jumpstart a dormant peacekeeping program, things go awry and Earth’s Mightiest Heroes are put to the ultimate test as the fate of the planet hangs in the balance. As the villainous Ultron emerges, it is up to The Avengers to stop him from enacting his terrible plans, and soon uneasy alliances and unexpected action pave the way for an epic and unique global adventure.","Action, Adventure, Science Fiction"
Carry-On,An airport security officer races to outsmart a mysterious traveler forcing him to let a dangerous item slip onto a Christmas Eve flight.,"Thriller, Action"
A Few Good Men,"When cocky military lawyer Lt. Daniel Kaffee and his co-counsel, Lt. Cmdr. JoAnne Galloway, are assigned to a murder case, they uncover a hazing ritual that could implicate high-ranking officials such as shady Col. Nathan Jessep.",Drama
Cast Away,"Chuck Nolan, a top international manager for FedEx, and Kelly, a Ph.D. student, are in love and heading towards marriage. Then Chuck's plane to Malaysia crashes at sea during a terrible storm. He's the only survivor, and finds himself marooned on a desolate island. With no way to escape, Chuck must find ways to survive in his new home.","Adventure, Drama"
Baby Driver,"After being coerced into working for a crime boss, a young getaway driver finds himself taking part in a heist doomed to fail.","Action, Crime"
Looper,"In the year 2044, time travel has not yet been invented but in 30 years it will have been. When the mob wants to get rid of someone, they will send their target into the past where a looper, a hired gun, like Joe is waiting to mop up. Joe is getting rich and life is good until the day the mob decides to close the loop, sending back Joe's future self for assassination.","Action, Thriller, Science Fiction"
RED,"After surviving an assault from a squad of hit men, retired CIA black ops agent Frank Moses reassembles his old team for an all-out war. Frank reunites with old Joe, crazy Marvin and wily Victoria to uncover a massive conspiracy that threatens their lives. Only their expert training will allow them to survive a near-impossible mission -- breaking into CIA headquarters.","Action, Adventure, Comedy, Crime, Thriller"
Gangs of New York,"In 1863, Amsterdam Vallon returns to the Five Points of America to seek vengeance against the psychotic gangland kingpin, Bill the Butcher, who murdered his father years earlier. With an eager pickpocket by his side and a whole new army, Vallon fights his way to seek vengeance on the Butcher and restore peace in the area.","Drama, History, Crime"
American History X,"Derek Vineyard is paroled after serving 3 years in prison for killing two African-American men. Through his brother, Danny Vineyard's narration, we learn that before going to prison, Derek was a skinhead and the leader of a violent white supremacist gang that committed acts of racial crime throughout L.A. and his actions greatly influenced Danny. Reformed and fresh out of prison, Derek severs contact with the gang and becomes determined to keep Danny from going down the same violent path as he did.",Drama
Smile 2,"About to embark on a new world tour, global pop sensation Skye Riley begins experiencing increasingly terrifying and inexplicable events. Overwhelmed by the escalating horrors and the pressures of fame, Skye is forced to face her dark past to regain control of her life before it spirals out of control.","Horror, Mystery"
Ghostbusters: Afterlife,"When single mom Callie and her two kids Trevor and Phoebe arrive in a small Oklahoma town, they begin to discover their connection to the original Ghostbusters and the secret legacy their grandfather left behind.","Fantasy, Comedy, Adventure, Science Fiction"
Ready Player One,"When the creator of a popular video game system dies, a virtual contest is created to compete for his fortune.","Adventure, Action, Science Fiction"
RED 2,Retired C.I.A. agent Frank Moses reunites his unlikely team of elite operatives for a global quest to track down a missing portable nuclear device.,"Action, Comedy, Crime, Thriller"
Civil War,"In the near future, a group of war journalists attempt to survive while reporting the truth as the United States stands on the brink of civil war.","War, Action, Drama"
The Highwaymen,"In 1934, Frank Hamer and Manny Gault, two former Texas Rangers, are commissioned to put an end to the wave of vicious crimes perpetrated by Bonnie Parker and Clyde Barrow, a notorious duo of infamous robbers and cold-blooded killers who nevertheless are worshiped by the public.","Crime, Drama, Thriller"
Longlegs,"FBI Agent Lee Harker is a gifted new recruit assigned to the unsolved case of an elusive serial killer. As the case takes complex turns, unearthing evidence of the occult, Harker discovers a personal connection to the merciless killer and must race against time to stop him before he claims the lives of another innocent family.","Crime, Horror, Thriller"
Marching Band,"Diagnosed with leukemia, a successful orchestra conductor learns that he is adopted, and his younger brother is in a village marching band. The conductor decides to help them win a regional contest.","Comedy, Drama, Music"
La Dolce Villa,"When his daughter decides to buy a crumbling Tuscan villa, Eric rushes to Italy to talk her out of it — and instead finds beauty, romance and new purpose.","Romance, Comedy"
The Boy in the Striped Pyjamas,"When his family moves from their home in Berlin to a strange new house in Poland, young Bruno befriends Shmuel, a boy who lives on the other side of the fence where everyone seems to be wearing striped pajamas. Unaware of Shmuel's fate as a Jewish prisoner or the role his own Nazi father plays in his imprisonment, Bruno embarks on a dangerous journey inside the camp's walls.","Drama, War, History"
American Beauty,"Lester Burnham, a depressed suburban father in a mid-life crisis, decides to turn his hectic life around after developing an infatuation with his daughter's attractive friend.",Drama
Prometheus,"A team of explorers discover a clue to the origins of mankind on Earth, leading them on a journey to the darkest corners of the universe. There, they must fight a terrifying battle to save the future of the human race.","Science Fiction, Adventure, Mystery"
The Pianist,"The true story of pianist Władysław Szpilman's experiences in Warsaw during the Nazi occupation. When the Jews of the city find themselves forced into a ghetto, Szpilman finds work playing in a café; and when his family is deported in 1942, he stays behind, works for a while as a laborer, and eventually goes into hiding in the ruins of the war-torn city.","Drama, War"
Babygirl,A high-powered CEO puts her career and family on the line when she begins a torrid affair with her much younger intern.,Drama
Prometheus,"A team of explorers discover a clue to the origins of mankind on Earth, leading them on a journey to the darkest corners of the universe. There, they must fight a terrifying battle to save the future of the human race.","Science Fiction, Adventure, Mystery"
The Pianist,"The true story of pianist Władysław Szpilman's experiences in Warsaw during the Nazi occupation. When the Jews of the city find themselves forced into a ghetto, Szpilman finds work playing in a café; and when his family is deported in 1942, he stays behind, works for a while as a laborer, and eventually goes into hiding in the ruins of the war-torn city.","Drama, War"
Babygirl,A high-powered CEO puts her career and family on the line when she begins a torrid affair with her much younger intern.,Drama
Spider-Man: Into the Spider-Verse,"Struggling to find his place in the world while juggling school and family, Brooklyn teenager Miles Morales is unexpectedly bitten by a radioactive spider and develops unfathomable powers just like the one and only Spider-Man. While wrestling with the implications of his new abilities, Miles discovers a super collider created by the madman Wilson ""Kingpin"" Fisk, causing others from across the Spider-Verse to be inadvertently transported to his dimension.","Animation, Action, Adventure, Science Fiction"
Arrival,"Taking place after alien crafts land around the world, an expert linguist is recruited by the military to determine whether they come in peace or are a threat.","Drama, Science Fiction, Mystery"
Star Wars,Princess Leia is captured and held hostage by the evil Imperial forces in their effort to take over the galactic Empire. Venturesome Luke Skywalker and dashing captain Han Solo team together with the loveable robot duo R2-D2 and C-3PO to rescue the beautiful princess and restore peace and justice in the Empire.,"Adventure, Action, Science Fiction"
Downsizing,A kindly occupational therapist undergoes a new procedure to be shrunken to four inches tall so that he and his wife can help save the planet and afford a nice lifestyle at the same time.,"Drama, Science Fiction"
Iron Man 2,"With the world now aware of his dual life as the armored superhero Iron Man, billionaire inventor Tony Stark faces pressure from the government, the press and the public to share his technology with the military. Unwilling to let go of his invention, Stark, with Pepper Potts and James 'Rhodey' Rhodes at his side, must forge new alliances – and confront powerful enemies.","Adventure, Action, Science Fiction"
Thor,"Against his father Odin's will, The Mighty Thor - a powerful but arrogant warrior god - recklessly reignites an ancient war. Thor is cast down to Earth and forced to live among humans as punishment. Once here, Thor learns what it takes to be a true hero when the most dangerous villain of his world sends the darkest forces of Asgard to invade Earth.","Adventure, Fantasy, Action"
Perfect Days,"Hirayama is content with his life as a toilet cleaner in Tokyo. Outside of his structured routine, he cherishes music on cassette tapes, books, and taking photos of trees. Through unexpected encounters, he reflects on finding beauty in the world.",Drama
Iron Man,"After being held captive in an Afghan cave, billionaire engineer Tony Stark creates a unique weaponized suit of armor to fight evil.","Action, Science Fiction, Adventure"
Drive,"Driver is a skilled Hollywood stuntman who moonlights as a getaway driver for criminals. Though he projects an icy exterior, lately he's been warming up to a pretty neighbor named Irene and her young son, Benicio. When Irene's husband gets out of jail, he enlists Driver's help in a million-dollar heist. The job goes horribly wrong, and Driver must risk his life to protect Irene and Benicio from the vengeful masterminds behind the robbery.","Drama, Thriller, Crime"
Aliens,"Ripley, the sole survivor of the Nostromo's deadly encounter with the monstrous Alien, returns to Earth after drifting through space in hypersleep for 57 years. Although her story is initially met with skepticism, she agrees to accompany a team of Colonial Marines back to LV-426.","Action, Thriller, Science Fiction"
Los aitas,"It’s the late 1980s in a working-class neighborhood on the outskirts of Bilbao. A children’s rhythmic gymnastics team has the chance to compete in a tournament in Berlin, but with the girls’ mothers unable to take time off work, it falls to the dads to take them on the trip. There’s just one problem: these men have little to no interest in the sport or even in their own daughters.",Comedy
Ant-Man,"Armed with the astonishing ability to shrink in scale but increase in strength, master thief Scott Lang must embrace his inner-hero and help his mentor, Doctor Hank Pym, protect the secret behind his spectacular Ant-Man suit from a new generation of towering threats. Against seemingly insurmountable obstacles, Pym and Lang must plan and pull off a heist that will save the world.","Science Fiction, Action, Adventure"
Catch Me If You Can,"A true story about Frank Abagnale Jr. who, before his 19th birthday, successfully conned millions of dollars worth of checks as a Pan Am pilot, doctor, and legal prosecutor. An FBI agent makes it his mission to put him behind bars. But Frank not only eludes capture, he revels in the pursuit.","Drama, Crime"
The Bourne Supremacy,"A CIA operation to purchase classified Russian documents is blown by a rival agent, who then shows up in the sleepy seaside village where Bourne and Marie have been living. The pair run for their lives and Bourne, who promised retaliation should anyone from his former life attempt contact, is forced to once again take up his life as a trained assassin to survive.","Action, Drama, Thriller"
I Am Legend,"Robert Neville is a scientist who was unable to stop the spread of the terrible virus that was incurable and man-made. Immune, Neville is now the last human survivor in what is left of New York City and perhaps the world. For three years, Neville has faithfully sent out daily radio messages, desperate to find any other survivors who might be out there. But he is not alone.","Drama, Science Fiction, Thriller"
Thor: The Dark World,"Thor fights to restore order across the cosmos… but an ancient race led by the vengeful Malekith returns to plunge the universe back into darkness. Faced with an enemy that even Odin and Asgard cannot withstand, Thor must embark on his most perilous and personal journey yet, one that will reunite him with Jane Foster and force him to sacrifice everything to save us all.","Action, Adventure, Fantasy"
Mad Max: Fury Road,"An apocalyptic story set in the furthest reaches of our planet, in a stark desert landscape where humanity is broken, and most everyone is crazed fighting for the necessities of life. Within this world exist two rebels on the run who just might be able to restore order.","Action, Adventure, Science Fiction"
The Intern,"70-year-old widower Ben Whittaker has discovered that retirement isn't all it's cracked up to be. Seizing an opportunity to get back in the game, he becomes a senior intern at an online fashion site, founded and run by Jules Ostin.",Comedy
King Kong,"In 1933 New York, an overly ambitious movie producer coerces his cast and hired ship crew to travel to mysterious Skull Island, where they encounter Kong, a giant ape who is immediately smitten with the leading lady.","Adventure, Drama, Action"
Dunkirk,"The story of the miraculous evacuation of Allied soldiers from Belgium, Britain, Canada and France, who were cut off and surrounded by the German army from the beaches and harbour of Dunkirk between May 26th and June 4th 1940 during World War II.","War, Action, Drama"
Going Places,"After covering up a hit and run on the way to their valedictory desert getaway, three high school graduates face the true test of their friendship when they become entangled in a deadly crime ring imbroglio.",
Mission: Impossible - Dead Reckoning Part One,"Ethan Hunt and his IMF team embark on their most dangerous mission yet: To track down a terrifying new weapon that threatens all of humanity before it falls into the wrong hands. With control of the future and the world's fate at stake and dark forces from Ethan's past closing in, a deadly race around the globe begins. Confronted by a mysterious, all-powerful enemy, Ethan must consider that nothing can matter more than his mission—not even the lives of those he cares about most.","Action, Adventure"
Scarface,"After getting a green card in exchange for assassinating a Cuban government official, Tony Montana stakes a claim on the drug trade in Miami. Viciously murdering anyone who stands in his way, Tony eventually becomes the biggest drug lord in the state, controlling nearly all the cocaine that comes through Miami. But increased pressure from the police, wars with Colombian drug cartels and his own drug-fueled paranoia serve to fuel the flames of his eventual downfall.","Action, Crime, Drama"
Qian Tang River,"One river, three generations, countless failures. In the late 1950s, a group of people living along the Qiantang River fought against fearsome tides for their respective beliefs.","Drama, History"
The Matrix Resurrections,"Plagued by strange memories, Neo's life takes an unexpected turn when he finds himself back inside the Matrix.","Science Fiction, Action, Adventure"
Stella Rose,"Discontent with herself after a show, a restless Stella Rose finds connection in an unexpected way.",Drama
Fascinació Mútua,"Chance leads Eiko to live in Barcelona. There she meets a series of characters who, like her, also live between two worlds.",Animation
Buster!,"A student races to deliver an attendance sheet to the main office while competing with a no-nonsense hall monitor and an aggressive bully, all to impress another student for whom he is head-over-heels.","Comedy, Drama, Action, Thriller"
NXT Roadblock 2025,"The 2025 Roadblock was a professional wrestling television special produced by WWE for the promotion's NXT brand division. The event took place March 11, 2025 at The Theater At Madison Square Garden in New York City, NY.",
Tod am Rennsteig - Haus der Toten,"Two married couples are murdered by an unknown person, including the restaurant owners Sardini, whose daughter is the only survivor. She can't remember anything, but criminal psychologist Annett Schuster and profiler Jan Kawig think she is the key to solving the case.","TV Movie, Crime"
Insomnia District,"Thomas, a young and disturbed man, has been unable to sleep for 4 nights in a row. That's when he decided to go to his mother's house, also his childhood home, in the hope of getting a good night's sleep. However, the path there is not necessarily easy, as he is constantly haunted by his mistakes and insecurities.","Drama, Thriller, Mystery"
Half Moon,Film data is unknown at this point,
Harry Potter and the Chamber of Secrets,"Cars fly, trees fight back, and a mysterious house-elf comes to warn Harry Potter at the start of his second year at Hogwarts. Adventure and danger await when bloody writing on a wall announces: The Chamber Of Secrets Has Been Opened. To save Hogwarts will require all of Harry, Ron and Hermione’s magical abilities and courage.","Adventure, Fantasy"
The Final Possession,An ancient omen comes true as the Devil rises.,Horror
The Jungle Book,"A man-cub named Mowgli fostered by wolves. After a threat from the tiger Shere Khan, Mowgli is forced to flee the jungle, by which he embarks on a journey of self discovery with the help of the panther, Bagheera and the free-spirited bear, Baloo.","Family, Adventure, Drama, Fantasy"
Blue Sun Palace,"A sudden loss catalyzes an unlikely bond between two migrants in the Chinese community of Queens. Navigating lives far from home and the painstaking labor that supports them, they journey through grief together in hopes of finding family.",Drama
Kick-Off,"In the remote village of Kök-Tash, Kyrgyzstan, where conservative norms confine women to domestic duties, an activist organizes a women's football tournament to challenge these patriarchal traditions. Stunningly filmed, visually captivating, and quite evocative, Kick-Off demonstrates how athletics has the power to break taboos, opposing the norms of traditionalism, while promoting gender quality in rigidly patriarchal societies, where women are left with no choice but to occupy the margins of solely inflexible, highly restrictive roles. Sports and play, being the most natural expression of human joy - unbound by limitations and uncontained, are the best response to the sullen ""no's"" imposed by any form of oppression.",Documentary
The Game,"In honor of his birthday, San Francisco banker Nicholas Van Orton, a financial genius and a cold-hearted loner, receives an unusual present from his younger brother, Conrad: a gift certificate to play a unique kind of game. In nary a nanosecond, Nicholas finds himself consumed by a dangerous set of ever-changing rules, unable to distinguish where the charade ends and reality begins.","Drama, Thriller, Mystery"
A Beautiful Mind,"Brilliant mathematician, John Nash, is on the brink of international acclaim when he becomes entangled in a mysterious conspiracy.","Drama, Romance"
One Flew Over the Cuckoo's Nest,"A petty criminal fakes insanity to serve his sentence in a mental ward rather than prison. He soon finds himself as a leader to the other patients—and an enemy to the cruel, domineering nurse who runs the ward.",Drama
The Assessment,"In a climate change-ravaged world, a utopian society optimizes life, including parenthood assessments. A successful couple faces scrutiny by an evaluator over seven days to determine their fitness for childbearing.","Science Fiction, Drama, Thriller"
Die Hard 2,"One year after his heroics in Los Angeles, John McClane is an off-duty cop who is the wrong guy in the wrong place at the wrong time. On a snowy Christmas Eve, as he waits for his wife's plane to land at Washington Dulles International Airport, terrorists take over the air traffic control system in a plot to free a South American army general and drug smuggler being flown into the US to face drug charges. It's now up to McClane to take on the terrorists, while coping with an inept airport police chief, an uncooperative anti-terrorist squad, and the life of his wife and everyone else trapped in planes circling overhead.","Action, Thriller"
Contact,"A radio astronomer receives the first extraterrestrial radio signal ever picked up on Earth. As the world powers scramble to decipher the message and decide upon a course of action, she must make some difficult decisions between her beliefs, the truth, and reality.","Drama, Science Fiction, Mystery"
Harry Potter and the Goblet of Fire,"When Harry Potter's name emerges from the Goblet of Fire, he becomes a competitor in a grueling battle for glory among three wizarding schools—the Triwizard Tournament. But since Harry never submitted his name for the Tournament, who did? Now Harry must confront a deadly dragon, fierce water demons and an enchanted maze only to find himself in the cruel grasp of He Who Must Not Be Named.","Adventure, Fantasy"
Deadpool 2,Wisecracking mercenary Deadpool battles the evil and powerful Cable and other bad guys to save a boy's life.,"Action, Comedy, Adventure"
Ghost in the Shell,"In the near future, Major is the first of her kind: a human saved from a terrible crash, then cyber-enhanced to be a perfect soldier devoted to stopping the world's most dangerous criminals.","Science Fiction, Drama, Action"
Moonrise Kingdom,"Set on an island off the coast of New England in the summer of 1965, Moonrise Kingdom tells the story of two twelve-year-olds who fall in love, make a secret pact, and run away together into the wilderness. As various authorities try to hunt them down, a violent storm is brewing off-shore – and the peaceful island community is turned upside down in more ways than anyone can handle.","Comedy, Drama, Romance"
Ant-Man and the Wasp,"Just when his time under house arrest is about to end, Scott Lang once again puts his freedom at risk to help Hope van Dyne and Dr. Hank Pym dive into the quantum realm and try to accomplish, against time and any chance of success, a very dangerous rescue mission.","Action, Adventure, Science Fiction"
American Psycho,"A wealthy New York investment banking executive hides his alternate psychopathic ego from his co-workers and friends as he escalates deeper into his illogical, gratuitous fantasies.","Thriller, Drama, Crime"
The Conjuring,"Paranormal investigators Ed and Lorraine Warren work to help a family terrorized by a dark presence in their farmhouse. Forced to confront a powerful entity, the Warrens find themselves caught in the most terrifying case of their lives.","Horror, Thriller"
Glass Onion: A Knives Out Mystery,World-famous detective Benoit Blanc heads to Greece to peel back the layers of a mystery surrounding a tech billionaire and his eclectic crew of friends.,"Comedy, Crime, Mystery"
Gravity,"Dr. Ryan Stone, a brilliant medical engineer on her first Shuttle mission, with veteran astronaut Matt Kowalsky in command of his last flight before retiring. But on a seemingly routine spacewalk, disaster strikes. The Shuttle is destroyed, leaving Stone and Kowalsky completely alone-tethered to nothing but each other and spiraling out into the blackness of space. The deafening silence tells them they have lost any link to Earth and any chance for rescue. As fear turns to panic, every gulp of air eats away at what little oxygen is left. But the only way home may be to go further out into the terrifying expanse of space.","Science Fiction, Thriller, Drama"
Always Trouble,A moral dilemma occurs when a girl attempts to steal from a store.,Drama
Pan's Labyrinth,"Living with her tyrannical stepfather in a new home with her pregnant mother, 10-year-old Ofelia feels alone until she explores a decaying labyrinth guarded by a mysterious faun who claims to know her destiny. If she wishes to return to her real father, Ofelia must complete three terrifying tasks.","Fantasy, Drama, War"
Sicario,An idealistic FBI agent is enlisted by a government task force to aid in the escalating war against drugs at the border area between the U.S. and Mexico.,"Action, Crime, Thriller"
Bird Box,"Five years after an ominous unseen presence drives most of society to suicide, a survivor and her two children make a desperate bid to reach safety.","Horror, Thriller, Drama"
Jackie Brown,"Jackie Brown is a flight attendant who gets caught in the middle of smuggling cash into the country for her gunrunner boss. When the cops try to use Jackie to get to her boss, she hatches a plan — with help from a bail bondsman — to keep the money for herself.","Crime, Drama, Thriller"
Bird Box,"Five years after an ominous unseen presence drives most of society to suicide, a survivor and her two children make a desperate bid to reach safety.","Horror, Thriller, Drama"
Jackie Brown,"Jackie Brown is a flight attendant who gets caught in the middle of smuggling cash into the country for her gunrunner boss. When the cops try to use Jackie to get to her boss, she hatches a plan — with help from a bail bondsman — to keep the money for herself.","Crime, Drama, Thriller"
Raiders of the Lost Ark,"When Dr. Indiana Jones – the tweed-suited professor who just happens to be a celebrated archaeologist – is hired by the government to locate the legendary Ark of the Covenant, he finds himself up against the entire Nazi regime.","Adventure, Action"
Training Day,"On his first day on the job as a narcotics officer, a rookie cop works with a rogue detective who isn't what he appears.","Action, Crime, Drama"
For a Few Dollars More,"Two bounty hunters both pursue the brutal and sadistic bandit, El Indio, who has a large bounty on his head.",Western
Zodiac,"The Zodiac murders cause the lives of Paul Avery, David Toschi and Robert Graysmith to intersect.","Crime, Drama, Mystery, Thriller"
Death on the Nile,Belgian sleuth Hercule Poirot's Egyptian vacation aboard a glamorous river steamer turns into a terrifying search for a murderer when a picture-perfect couple's idyllic honeymoon is tragically cut short.,"Mystery, Crime, Thriller"
The Hobbit: An Unexpected Journey,"Bilbo Baggins, a hobbit enjoying his quiet life, is swept into an epic quest by Gandalf the Grey and thirteen dwarves who seek to reclaim their mountain home from Smaug, the dragon.","Adventure, Fantasy, Action"
The Surfer,"When a man returns to his beachside hometown in Australia, many years since building a life for himself in the U.S., he is humiliated in front of his teenage son by a local gang of surfers who claim strict ownership over the secluded beach of his childhood. Wounded, he decides to remain at the beach, declaring war against those in control of the bay. But as the conflict escalates, the stakes spin wildly out of control, taking him to the edge of his sanity.","Thriller, Drama"
Soul,"Joe Gardner is a middle school teacher with a love for jazz music. After a successful audition at the Half Note Club, he suddenly gets into an accident that separates his soul from his body and is transported to the You Seminar, a center in which souls develop and gain passions before being transported to a newborn child. Joe must enlist help from the other souls-in-training, like 22, a soul who has spent eons in the You Seminar, in order to get back to Earth.","Animation, Family, Comedy, Fantasy"
The Hobbit: The Desolation of Smaug,"The Dwarves, Bilbo and Gandalf have successfully escaped the Misty Mountains, and Bilbo has gained the One Ring. They all continue their journey to get their gold back from the Dragon, Smaug.","Fantasy, Adventure, Action"
The Hunger Games: Catching Fire,"Katniss Everdeen has returned home safe after winning the 74th Annual Hunger Games along with fellow tribute Peeta Mellark. Winning means that they must turn around and leave their family and close friends, embarking on a ""Victor's Tour"" of the districts. Along the way Katniss senses that a rebellion is simmering, but the Capitol is still very much in control as President Snow prepares the 75th Annual Hunger Games (The Quarter Quell) - a competition that could change Panem forever.","Adventure, Action, Science Fiction"
Corpse Bride,"In a 19th-century European village, a young man about to be married is whisked away to the underworld and wed to a mysterious corpse bride, while his real bride waits bereft in the land of the living.","Romance, Fantasy, Animation"
Kinda Pregnant,"When Lainy's plan to settle down and start a family falls apart, she puts on a fake baby bump, tells a lie — and accidentally falls for her dream guy.","Comedy, Romance"
Wonder Woman,An Amazon princess comes to the world of Man in the grips of the First World War to confront the forces of evil and bring an end to human conflict.,"Action, Adventure, Fantasy"
Million Dollar Baby,"Despondent over a painful estrangement from his daughter, trainer Frankie Dunn isn't prepared for boxer Maggie Fitzgerald to enter his life. But Maggie's determined to go pro and to convince Dunn and his cohort to help her.",Drama
T2 Trainspotting,"After 20 years abroad, Mark Renton returns to Scotland and reunites with his old friends Sick Boy, Spud and Begbie.","Drama, Comedy, Crime"
A Star Is Born,"Seasoned musician Jackson Maine discovers — and falls in love with — struggling artist Ally. She has just about given up on her dream to make it big as a singer — until Jack coaxes her into the spotlight. But even as Ally's career takes off, the personal side of their relationship is breaking down, as Jack fights an ongoing battle with his own internal demons.","Music, Drama, Romance"
Split,"Though Kevin has evidenced 23 personalities to his trusted psychiatrist, Dr. Fletcher, there remains one still submerged who is set to materialize and dominate all the others. Compelled to abduct three teenage girls led by the willful, observant Casey, Kevin reaches a war for survival among all of those contained within him — as well as everyone around him — as the walls between his compartments shatter apart.","Horror, Thriller"
Van Helsing,Famed monster slayer Gabriel Van Helsing is dispatched to Transylvania to assist the last of the Valerious bloodline in defeating Count Dracula. Anna Valerious reveals that Dracula has formed an unholy alliance with Dr. Frankenstein's monster and is hell-bent on exacting a centuries-old curse on her family.,"Horror, Adventure, Action"
Dungeons & Dragons: Honor Among Thieves,"A charming thief and a band of unlikely adventurers undertake an epic heist to retrieve a lost relic, but things go dangerously awry when they run afoul of the wrong people.","Adventure, Fantasy, Comedy"
Eternals,"The Eternals are a team of ancient aliens who have been living on Earth in secret for thousands of years. When an unexpected tragedy forces them out of the shadows, they are forced to reunite against mankind’s most ancient enemy, the Deviants.","Science Fiction, Action, Adventure"
Palm Springs,"When carefree Nyles and reluctant maid of honor Sarah have a chance encounter at a Palm Springs wedding, things get complicated when they find themselves unable to escape the venue, themselves, or each other.","Comedy, Romance, Science Fiction"
Doctor Strange in the Multiverse of Madness,"Doctor Strange, with the help of mystical allies both old and new, traverses the mind-bending and dangerous alternate realities of the Multiverse to confront a mysterious new adversary.","Fantasy, Action, Adventure"
The Super Mario Bros. Movie,"While working underground to fix a water main, Brooklyn plumbers—and brothers—Mario and Luigi are transported down a mysterious pipe and wander into a magical new world. But when the brothers are separated, Mario embarks on an epic quest to find Luigi.","Animation, Family, Adventure, Fantasy, Comedy"
The Lego Movie,"An ordinary Lego mini-figure, mistakenly thought to be the extraordinary MasterBuilder, is recruited to join a quest to stop an evil Lego tyrant from conquering the universe.","Animation, Family, Adventure, Comedy, Fantasy"
Zombieland,"Columbus has made a habit of running from what scares him. Tallahassee doesn't have fears. If he did, he'd kick their ever-living ass. In a world overrun by zombies, these two are perfectly evolved survivors. But now, they're about to stare down the most terrifying prospect of all: each other.","Comedy, Horror"
Life Is Beautiful,A touching story of an Italian book seller of Jewish ancestry who lives in his own little fairy tale. His creative and happy life would come to an abrupt halt when his entire family is deported to a concentration camp during World War II. While locked up he tries to convince his son that the whole thing is just a game.,"Comedy, Drama"
Princess Mononoke,"Ashitaka, a prince of the disappearing Emishi people, is cursed by a demonized boar god and must journey to the west to find a cure. Along the way, he encounters San, a young human woman fighting to protect the forest, and Lady Eboshi, who is trying to destroy it. Ashitaka must find a way to bring balance to this conflict.","Adventure, Fantasy, Animation"
Analyze This,"Countless wiseguy films are spoofed in this film that centers on the neuroses and angst of a powerful Mafia racketeer who suffers from panic attacks. When Paul Vitti needs help dealing with his role in the ""family,"" unlucky shrink Dr. Ben Sobel is given just days to resolve Vitti's emotional crisis and turn him into a happy, well-adjusted gangster.","Comedy, Crime"
A History of Violence,An average family is thrust into the spotlight after the father commits a seemingly self-defense murder at his diner.,"Drama, Thriller, Crime"
The Hangover Part III,"This time, there's no wedding. No bachelor party. What could go wrong, right? But when the Wolfpack hits the road, all bets are off.",Comedy
The Hangover Part II,"The Hangover crew heads to Thailand for Stu's wedding. After the disaster of a bachelor party in Las Vegas last year, Stu is playing it safe with a mellow pre-wedding brunch. However, nothing goes as planned and Bangkok is the perfect setting for another adventure with the rowdy group.",Comedy
The Amazing Spider-Man 2,"For Peter Parker, life is busy. Between taking out the bad guys as Spider-Man and spending time with the person he loves, Gwen Stacy, high school graduation cannot come quickly enough. Peter has not forgotten about the promise he made to Gwen’s father to protect her by staying away, but that is a promise he cannot keep. Things will change for Peter when a new villain, Electro, emerges, an old friend, Harry Osborn, returns, and Peter uncovers new clues about his past.","Action, Adventure, Science Fiction"
The Conversation,"A paranoid, secretive surveillance expert has a crisis of conscience when he suspects that the couple he is spying on will be murdered.","Crime, Drama, Mystery"
The Notebook,"An epic love story centered around an older man who reads aloud to a woman with Alzheimer's. From a faded notebook, the old man's words bring to life the story about a couple who is separated by World War II, and is then passionately reunited, seven years later, after they have taken different paths.","Romance, Drama"
Wind River,An FBI agent teams with the town's veteran game tracker to investigate a murder that occurred on a Native American reservation.,"Crime, Mystery, Thriller"
The Magnificent Seven,"Looking to mine for gold, greedy industrialist Bartholomew Bogue seizes control of the Old West town of Rose Creek. With their lives in jeopardy, Emma Cullen and other desperate residents turn to bounty hunter Sam Chisolm for help. Chisolm recruits an eclectic group of gunslingers to take on Bogue and his ruthless henchmen. With a deadly showdown on the horizon, the seven mercenaries soon find themselves fighting for more than just money once the bullets start to fly.","Adventure, Action, Western"
Wolf Man,"With his marriage fraying, Blake persuades his wife Charlotte to take a break from the city and visit his remote childhood home in rural Oregon. As they arrive at the farmhouse in the dead of night, they're attacked by an unseen animal and barricade themselves inside the home as the creature prowls the perimeter. But as the night stretches on, Blake begins to behave strangely, transforming into something unrecognizable.","Horror, Thriller"
Full Metal Jacket,A pragmatic U.S. Marine observes the dehumanizing effects the U.S.-Vietnam War has on his fellow recruits from their brutal boot camp training to the bloody street fighting in Hue.,"Drama, War"
The Amazing Spider-Man 2,"For Peter Parker, life is busy. Between taking out the bad guys as Spider-Man and spending time with the person he loves, Gwen Stacy, high school graduation cannot come quickly enough. Peter has not forgotten about the promise he made to Gwen’s father to protect her by staying away, but that is a promise he cannot keep. Things will change for Peter when a new villain, Electro, emerges, an old friend, Harry Osborn, returns, and Peter uncovers new clues about his past.","Action, Adventure, Science Fiction"
The Conversation,"A paranoid, secretive surveillance expert has a crisis of conscience when he suspects that the couple he is spying on will be murdered.","Crime, Drama, Mystery"
The Notebook,"An epic love story centered around an older man who reads aloud to a woman with Alzheimer's. From a faded notebook, the old man's words bring to life the story about a couple who is separated by World War II, and is then passionately reunited, seven years later, after they have taken different paths.","Romance, Drama"
Wind River,An FBI agent teams with the town's veteran game tracker to investigate a murder that occurred on a Native American reservation.,"Crime, Mystery, Thriller"
The Magnificent Seven,"Looking to mine for gold, greedy industrialist Bartholomew Bogue seizes control of the Old West town of Rose Creek. With their lives in jeopardy, Emma Cullen and other desperate residents turn to bounty hunter Sam Chisolm for help. Chisolm recruits an eclectic group of gunslingers to take on Bogue and his ruthless henchmen. With a deadly showdown on the horizon, the seven mercenaries soon find themselves fighting for more than just money once the bullets start to fly.","Adventure, Action, Western"
Wolf Man,"With his marriage fraying, Blake persuades his wife Charlotte to take a break from the city and visit his remote childhood home in rural Oregon. As they arrive at the farmhouse in the dead of night, they're attacked by an unseen animal and barricade themselves inside the home as the creature prowls the perimeter. But as the night stretches on, Blake begins to behave strangely, transforming into something unrecognizable.","Horror, Thriller"
Full Metal Jacket,A pragmatic U.S. Marine observes the dehumanizing effects the U.S.-Vietnam War has on his fellow recruits from their brutal boot camp training to the bloody street fighting in Hue.,"Drama, War"
Suzume,"Suzume, 17, lost her mother as a little girl. On her way to school, she meets a mysterious young man. But her curiosity unleashes a calamity that endangers the entire population of Japan, and so Suzume embarks on a journey to set things right.","Animation, Drama, Adventure, Fantasy"
Tomb Raider,"Lara Croft, the fiercely independent daughter of a missing adventurer, must push herself beyond her limits when she finds herself on the island where her father disappeared.","Action, Adventure, Fantasy"
Weathering with You,"The summer of his high school freshman year, Hodaka runs away from his remote island home to Tokyo, and quickly finds himself pushed to his financial and personal limits. The weather is unusually gloomy and rainy every day, as if taking its cue from his life. After many days of solitude, he finally finds work as a freelance writer for a mysterious occult magazine. Then, one day, Hodaka meets Hina on a busy street corner. This bright and strong-willed girl possesses a strange and wonderful ability: the power to stop the rain and clear the sky.","Animation, Drama, Fantasy, Romance"
My Sunnyside,"Jo and Allie, a trans couple from Sunnyside, Queens, have built a life together that defies easy categorization. Their journey begins with a serendipitous meeting on a dating app in 2016, leading to their marriage two years later, yet their path is filled with challenges they could never have anticipated. Despite the persistent discrimination and systemic barriers they face as trans individuals, their love remains their guiding force. As they navigate their transitions, careers, and family dynamics, resilience, support, and fulfillment prevail.",Documentary
Lo,"After the directors' mother's death, he returns to his empty childhood apartment to handle a troubled inheritance. As he navigates its spaces, fragments of memories resurface, entwining the past with the Greek Junta's collective trauma.",Documentary
"Lockdown 2020, blijf in uw kot!",,
September 5,"During the 1972 Munich Olympics, an American sports broadcasting crew finds itself thrust into covering the hostage crisis involving Israeli athletes.","Thriller, Drama, History"
Poor Things,"Brought back to life by an unorthodox scientist, a young woman runs off with a lawyer on a whirlwind adventure across the continents. Free from the prejudices of her times, she grows steadfast in her purpose to stand for equality and liberation.","Science Fiction, Romance, Comedy"
Blazing Saddles,"A town—where everyone seems to be named Johnson—stands in the way of the railroad. In order to grab their land, robber baron Hedley Lamarr sends his henchmen to make life in the town unbearable. After the sheriff is killed, the town demands a new sheriff from the Governor, so Hedley convinces him to send the town the first black sheriff in the west.","Western, Comedy"
Harry Potter and the Deathly Hallows: Part 2,"Harry, Ron and Hermione continue their quest to vanquish the evil Voldemort once and for all. Just as things begin to look hopeless for the young wizards, Harry discovers a trio of magical objects that endow him with powers to rival Voldemort's formidable skills.","Fantasy, Adventure"
The Lone Ranger,"The Texas Rangers chase down a gang of outlaws led by Butch Cavendish, but the gang ambushes the Rangers, seemingly killing them all. One survivor is found, however, by an American Indian named Tonto, who nurses him back to health. The Ranger, donning a mask and riding a white stallion named Silver, teams up with Tonto to bring the unscrupulous gang and others of that ilk to justice.","Action, Adventure, Western"
Iron Sky,"In the last moments of World War II, a secret Nazi space program evaded destruction by fleeing to the Dark Side of the Moon. During 70 years of utter secrecy, the Nazis construct a gigantic space fortress with a massive armada of flying saucers.","Action, Comedy, Science Fiction"
Star Wars: The Force Awakens,"Thirty years after defeating the Galactic Empire, Han Solo and his allies face a new threat from the evil Kylo Ren and his army of Stormtroopers.","Adventure, Action, Science Fiction"
The Purge: Anarchy,"One night per year, the government sanctions a 12-hour period in which citizens can commit any crime they wish -- including murder -- without fear of punishment or imprisonment. Leo, a sergeant who lost his son, plans a vigilante mission of revenge during the mayhem. However, instead of a death-dealing avenger, he becomes the unexpected protector of four innocent strangers who desperately need his help if they are to survive the night.","Horror, Thriller"
The Six Triple Eight,"During World War II, the US Army's only all-Black, all-women battalion takes on an impossible mission: sorting through a three-year backlog of 17 million pieces of mail that hadn't been delivered to American soldiers and finish within six months.","Drama, War, History"
The Dark Knight Rises,"Following the death of District Attorney Harvey Dent, Batman assumes responsibility for Dent's crimes to protect the late attorney's reputation and is subsequently hunted by the Gotham City Police Department. Eight years later, Batman encounters the mysterious Selina Kyle and the villainous Bane, a new terrorist leader who overwhelms Gotham's finest. The Dark Knight resurfaces to protect a city that has branded him an enemy.","Action, Crime, Drama, Thriller"
Kong: Skull Island,"Explore the mysterious and dangerous home of the king of the apes as a team of explorers ventures deep inside the treacherous, primordial island.","Action, Adventure, Fantasy"
All Quiet on the Western Front,"Paul Baumer and his friends Albert and Muller, egged on by romantic dreams of heroism, voluntarily enlist in the German army. Full of excitement and patriotic fervour, the boys enthusiastically march into a war they believe in. But once on the Western Front, they discover the soul-destroying horror of World War I.","War, History, Drama"
Doctor Strange,"After his career is destroyed, a brilliant but arrogant surgeon gets a new lease on life when a sorcerer takes him under her wing and trains him to defend the world against evil.","Action, Adventure, Fantasy"
Saving Private Ryan,"As U.S. troops storm the beaches of Normandy, three brothers lie dead on the battlefield, with a fourth trapped behind enemy lines. Ranger captain John Miller and seven men are tasked with penetrating German-held territory and bringing the boy home.","Drama, History, War"
Trap,"A father and teen daughter attend a pop concert, where they realize they're at the center of a dark and sinister event.","Crime, Thriller, Horror, Mystery"
Harry Potter and the Deathly Hallows: Part 1,"Harry, Ron and Hermione walk away from their last year at Hogwarts to find and destroy the remaining Horcruxes, putting an end to Voldemort's bid for immortality. But with Harry's beloved Dumbledore dead and Voldemort's unscrupulous Death Eaters on the loose, the world is more dangerous than ever.","Adventure, Fantasy"
Beetlejuice Beetlejuice,"After a family tragedy, three generations of the Deetz family return home to Winter River. Still haunted by Betelgeuse, Lydia's life is turned upside down when her teenage daughter, Astrid, accidentally opens the portal to the Afterlife.","Comedy, Fantasy, Horror"
Casino Royale,"Le Chiffre, a banker to the world's terrorists, is scheduled to participate in a high-stakes poker game in Montenegro, where he intends to use his winnings to establish his financial grip on the terrorist market. M sends Bond—on his maiden mission as a 00 Agent—to attend this game and prevent Le Chiffre from winning. With the help of Vesper Lynd and Felix Leiter, Bond enters the most important poker game in his already dangerous career.","Adventure, Action, Thriller"
Star Trek: Section 31,Emperor Philippa Georgiou joins a secret division of Starfleet tasked with protecting the United Federation of Planets and faces the sins of her past.,"Science Fiction, Adventure, Action"
Spider-Man: Across the Spider-Verse,"After reuniting with Gwen Stacy, Brooklyn’s full-time, friendly neighborhood Spider-Man is catapulted across the Multiverse, where he encounters the Spider Society, a team of Spider-People charged with protecting the Multiverse’s very existence. But when the heroes clash on how to handle a new threat, Miles finds himself pitted against the other Spiders and must set out on his own to save those he loves most.","Animation, Action, Adventure, Science Fiction"
The Beekeeper,One man's campaign for vengeance takes on national stakes after he is revealed to be a former operative of a powerful and clandestine organization known as Beekeepers.,"Action, Adventure, Crime, Thriller"
12 Years a Slave,"In the pre-Civil War United States, Solomon Northup, a free black man from upstate New York, is abducted and sold into slavery. Facing cruelty as well as unexpected kindnesses Solomon struggles not only to stay alive, but to retain his dignity. In the twelfth year of his unforgettable odyssey, Solomon’s chance meeting with a Canadian abolitionist will forever alter his life.","Drama, History"
Don't Look Up,Two astronomers go on a media tour to warn humankind of a planet-killing comet hurtling toward Earth. The response from a distracted world: Meh.,"Comedy, Science Fiction, Drama"
Love Hurts,"A realtor is pulled back into the life he left behind after his former partner-in-crime resurfaces with an ominous message. With his crime-lord brother also on his trail, he must confront his past and the history he never fully buried.","Action, Comedy, Romance"
Spider-Man,"After being bitten by a genetically altered spider at Oscorp, nerdy but endearing high school student Peter Parker is endowed with amazing powers to become the superhero known as Spider-Man.","Action, Science Fiction"
Ash,A woman wakes up on a distant planet and finds the crew of her space station viciously killed. Her investigation into what happened sets in motion a terrifying chain of events.,"Horror, Science Fiction, Thriller"
Nightmare Alley,An ambitious carnival man with a talent for manipulating people with a few well-chosen words hooks up with a female psychologist who is even more dangerous than he is.,"Crime, Drama, Thriller"
Harry Potter and the Order of the Phoenix,"Returning for his fifth year of study at Hogwarts, Harry is stunned to find that his warnings about the return of Lord Voldemort have been ignored. Left with no choice, Harry takes matters into his own hands, training a small group of students to defend themselves against the dark arts.","Adventure, Fantasy"
Transformers One,"The untold origin story of Optimus Prime and Megatron, better known as sworn enemies, but once were friends bonded like brothers who changed the fate of Cybertron forever.","Animation, Science Fiction, Adventure, Family"
"Monsters, Inc.","Lovable Sulley and his wisecracking sidekick Mike Wazowski are the top scare team at Monsters, Inc., the scream-processing factory in Monstropolis. When a little girl named Boo wanders into their world, it's the monsters who are scared silly, and it's up to Sulley and Mike to keep her out of sight and get her back home.","Animation, Comedy, Family"
Speak No Evil,"When an American family is invited to spend the weekend at the idyllic country estate of a charming British family they befriended on vacation, what begins as a dream holiday soon warps into a snarled psychological nightmare.","Horror, Thriller"
The Bourne Identity,"Wounded to the brink of death and suffering from amnesia, Jason Bourne is rescued at sea by a fisherman. With nothing to go on but a Swiss bank account number, he starts to reconstruct his life, but finds that many people he encounters want him dead. However, Bourne realizes that he has the combat and mental skills of a world-class spy—but who does he work for?","Action, Drama, Mystery, Thriller"
The Butterfly Effect,"A young man struggles to access sublimated childhood memories. He finds a technique that allows him to travel back into the past, to occupy his childhood body and change history. However, he soon finds that every change he makes has unexpected consequences.","Science Fiction, Thriller"
Men in Black,"After a police chase with an otherworldly being, a New York City cop is recruited as an agent in a top-secret organization established to monitor and police alien activity on Earth: the Men in Black. Agent K and new recruit Agent J find themselves in the middle of a deadly plot by an intergalactic terrorist who has arrived on Earth to assassinate two ambassadors from opposing galaxies.","Action, Adventure, Comedy, Science Fiction"
The Matrix Reloaded,"Six months after the events depicted in The Matrix, Neo has proved to be a good omen for the free humans, as more and more humans are being freed from the matrix and brought to Zion, the one and only stronghold of the Resistance.  Neo himself has discovered his superpowers including super speed, ability to see the codes of the things inside the matrix and a certain degree of pre-cognition. But a nasty piece of news hits the human resistance: 250,000 machine sentinels are digging to Zion and would reach them in 72 hours. As Zion prepares for the ultimate war, Neo, Morpheus and Trinity are advised by the Oracle to find the Keymaker who would help them reach the Source.  Meanwhile Neo's recurrent dreams depicting Trinity's death have got him worried and as if it was not enough, Agent Smith has somehow escaped deletion, has become more powerful than before and has fixed Neo as his next target.","Adventure, Action, Thriller, Science Fiction"
Trainspotting,"Heroin addict Mark Renton stumbles through bad ideas and sobriety attempts with his unreliable friends -- Sick Boy, Begbie, Spud and Tommy. He also has an underage girlfriend, Diane, along for the ride. After cleaning up and moving from Edinburgh to London, Mark finds he can't escape the life he left behind when Begbie shows up at his front door on the lam, and a scheming Sick Boy follows.","Drama, Crime"
Your Name.,"High schoolers Mitsuha and Taki are complete strangers living separate lives. But one night, they suddenly switch places. Mitsuha wakes up in Taki’s body, and he in hers. This bizarre occurrence continues to happen randomly, and the two must adjust their lives around each other.","Animation, Romance, Drama"
Braveheart,"Enraged at the slaughter of Murron, his new bride and childhood love, Scottish warrior William Wallace slays a platoon of the local English lord's soldiers. This leads the village to revolt and, eventually, the entire country to rise up against English rule.","Action, Drama, History, War"
The Sixth Sense,"Following an unexpected tragedy, child psychologist Malcolm Crowe meets a nine year old boy named Cole Sear, who is hiding a dark secret.","Mystery, Thriller, Drama"
Spider-Man 3,"The seemingly invincible Spider-Man goes up against an all-new crop of villains—including the shape-shifting Sandman. While Spider-Man’s superpowers are altered by an alien organism, his alter ego, Peter Parker, deals with nemesis Eddie Brock and also gets caught up in a love triangle.","Action, Adventure, Science Fiction"
Man of Steel,"A young boy learns that he has extraordinary powers and is not of this earth. As a young man, he journeys to discover where he came from and what he was sent here to do. But the hero in him must emerge if he is to save the world from annihilation and become the symbol of hope for all mankind.","Action, Adventure, Science Fiction"
The Killer,"After a fateful miss, an assassin battles his employers, and himself, on an international manhunt he insists isn't personal.","Crime, Thriller"
Un año y un día,"Hugo has lost the love of his life and he intends to get her back by learning to play the piano for a year. Nerea, his neighbor, will be the one to help him achieve it by giving piano lessons.","Drama, Romance, Music"
American Gangster,"Following the death of his employer and mentor, Bumpy Johnson, Frank Lucas establishes himself as the number one importer of heroin in the Harlem district of Manhattan. He does so by buying heroin directly from the source in South East Asia and he comes up with a unique way of importing the drugs into the United States. Partly based on a true story.","Drama, Crime"
Den of Thieves 2: Pantera,"Big Nick is back on the hunt in Europe and closing in on Donnie, who is embroiled in the treacherous and unpredictable world of diamond thieves and the infamous Panther mafia, as they plot a massive heist of the world's largest diamond exchange.","Action, Crime, Thriller"
Knives Out,"When renowned crime novelist Harlan Thrombey is found dead at his estate just after his 85th birthday, the inquisitive and debonair Detective Benoit Blanc is mysteriously enlisted to investigate. From Harlan's dysfunctional family to his devoted staff, Blanc sifts through a web of red herrings and self-serving lies to uncover the truth behind Harlan's untimely death.","Comedy, Crime, Mystery"
Titanic,"101-year-old Rose DeWitt Bukater tells the story of her life aboard the Titanic, 84 years later. A young Rose boards the ship with her mother and fiancé. Meanwhile, Jack Dawson and Fabrizio De Rossi win third-class tickets aboard the ship. Rose tells the whole story from Titanic's departure through to its death—on its first and last voyage—on April 15, 1912.","Drama, Romance"
Titanic,"101-year-old Rose DeWitt Bukater tells the story of her life aboard the Titanic, 84 years later. A young Rose boards the ship with her mother and fiancé. Meanwhile, Jack Dawson and Fabrizio De Rossi win third-class tickets aboard the ship. Rose tells the whole story from Titanic's departure through to its death—on its first and last voyage—on April 15, 1912.","Drama, Romance"
Nickel Boys,Chronicles the powerful friendship between two young Black teenagers navigating the harrowing trials of reform school together in Florida.,Drama
Life of Brian,"Brian Cohen is an average young Jewish man, but through a series of ridiculous events, he gains a reputation as the Messiah. When he's not dodging his followers or being scolded by his shrill mother, the hapless Brian has to contend with the pompous Pontius Pilate and acronym-obsessed members of a separatist movement. Rife with Monty Python's signature absurdity, the tale finds Brian's life paralleling Biblical lore, albeit with many more laughs.",Comedy
Fly Me to the Moon,"Sparks fly in all directions as marketing maven Kelly Jones, brought in to fix NASA's public image, wreaks havoc on Apollo 11 launch director Cole Davis' already difficult task of putting a man on the moon. When the White House deems the mission too important to fail, Jones is directed to stage a fake moon landing as backup, and the countdown truly begins.","Romance, Comedy"
Souleymane's Story,"As he pedals through the streets of Paris to deliver meals, Souleymane repeats his story. In two days, he has to go through his asylum application interview, the key to obtaining papers, but Souleymane is not ready.",Drama
Spectre,"A cryptic message from Bond’s past sends him on a trail to uncover a sinister organization. While M battles political forces to keep the secret service alive, Bond peels back the layers of deceit to reveal the terrible truth behind SPECTRE.","Action, Adventure, Thriller"
"I, Robot","In 2035, where robots are commonplace and abide by the three laws of robotics, a technophobic cop investigates an apparent suicide. Suspecting that a robot may be responsible for the death, his investigation leads him to believe that humanity may be in danger.","Action, Science Fiction"
Jack Reacher,"One morning in an ordinary town, five people are shot dead in a seemingly random attack. All evidence points to a single suspect: an ex-military sniper who is quickly brought into custody. The interrogation yields one written note: 'Get Jack Reacher!'. Reacher, an enigmatic ex-Army investigator, believes the authorities have the right man but agrees to help the sniper's defense attorney. However, the more Reacher delves into the case, the less clear-cut it appears. So begins an extraordinary chase for the truth, pitting Jack Reacher against an unexpected enemy, with a skill for violence and a secret to keep.","Crime, Drama, Thriller, Action"
The Bourne Ultimatum,"Bourne is brought out of hiding once again by reporter Simon Ross who is trying to unveil Operation Blackbriar, an upgrade to Project Treadstone, in a series of newspaper columns. Information from the reporter stirs a new set of memories, and Bourne must finally uncover his dark past while dodging The Company's best efforts to eradicate him.","Action, Drama, Mystery, Thriller"
Armageddon,"When an asteroid threatens to collide with Earth, NASA honcho Dan Truman determines the only way to stop it is to drill into its surface and detonate a nuclear bomb. This leads him to renowned driller Harry Stamper, who agrees to helm the dangerous space mission provided he can bring along his own hotshot crew. Among them is the cocksure A.J. who Harry thinks isn't good enough for his daughter, until the mission proves otherwise.","Action, Thriller, Science Fiction, Adventure"
Batman v Superman: Dawn of Justice,"Fearing the actions of a god-like Super Hero left unchecked, Gotham City’s own formidable, forceful vigilante takes on Metropolis’s most revered, modern-day savior, while the world wrestles with what sort of hero it really needs. And with Batman and Superman at war with one another, a new threat quickly arises, putting mankind in greater danger than it’s ever known before.","Action, Adventure, Fantasy"
Source Code,"When decorated soldier Captain Colter Stevens wakes up in the body of an unknown man, he discovers he's part of a mission to find the bomber of a Chicago commuter train.","Thriller, Science Fiction, Mystery"
Top Gun,"For Lieutenant Pete 'Maverick' Mitchell and his friend and co-pilot Nick 'Goose' Bradshaw, being accepted into an elite training school for fighter pilots is a dream come true. But a tragedy, as well as personal demons, will threaten Pete's dreams of becoming an ace pilot.","Action, Drama"
Rocky,An uneducated collector for a Philadelphia loan shark is given a once-in-a-lifetime opportunity to fight against the world heavyweight boxing champion.,Drama
Minority Report,"John Anderton is a top 'Precrime' cop in the late-21st century, when technology can predict crimes before they're committed. But Anderton becomes the quarry when another investigator targets him for a murder charge.","Science Fiction, Action, Thriller"
Edge of Tomorrow,"Major Bill Cage is an officer who has never seen a day of combat when he is unceremoniously demoted and dropped into combat. Cage is killed within minutes, managing to take an alpha alien down with him. He awakens back at the beginning of the same day and is forced to fight and die again... and again - as physical contact with the alien has thrown him into a time loop.","Action, Science Fiction"
Twilight,"When Bella Swan moves to a small town in the Pacific Northwest, she falls in love with Edward Cullen, a mysterious classmate who reveals himself to be a 108-year-old vampire. Despite Edward's repeated cautions, Bella can't stay away from him, a fatal move that endangers her own life.","Fantasy, Drama, Romance"
Free Guy,"A bank teller discovers he is actually a background player in an open-world video game, and decides to become the hero of his own story. Now, in a world where there are no limits, he is determined to be the guy who saves his world his way before it's too late.","Comedy, Adventure, Science Fiction"
Ocean's Eleven,"Less than 24 hours into his parole, charismatic thief Danny Ocean is already rolling out his next plan: In one night, Danny's hand-picked crew of specialists will attempt to steal more than $150 million from three Las Vegas casinos. But to score the cash, Danny risks his chances of reconciling with ex-wife, Tess.","Thriller, Crime"
"O Brother, Where Art Thou?","In the deep south during the 1930s, three escaped convicts search for hidden treasure while a relentless lawman pursues them. On their journey they come across many comical characters and incredible situations. Based upon Homer's 'Odyssey'.","Adventure, Comedy, Crime"
Free Guy,"A bank teller discovers he is actually a background player in an open-world video game, and decides to become the hero of his own story. Now, in a world where there are no limits, he is determined to be the guy who saves his world his way before it's too late.","Comedy, Adventure, Science Fiction"
Ocean's Eleven,"Less than 24 hours into his parole, charismatic thief Danny Ocean is already rolling out his next plan: In one night, Danny's hand-picked crew of specialists will attempt to steal more than $150 million from three Las Vegas casinos. But to score the cash, Danny risks his chances of reconciling with ex-wife, Tess.","Thriller, Crime"
"O Brother, Where Art Thou?","In the deep south during the 1930s, three escaped convicts search for hidden treasure while a relentless lawman pursues them. On their journey they come across many comical characters and incredible situations. Based upon Homer's 'Odyssey'.","Adventure, Comedy, Crime"
Batman,"Batman must face his most ruthless nemesis when a deformed madman calling himself ""The Joker"" seizes control of Gotham's criminal underworld.","Fantasy, Action, Crime"
El Camino: A Breaking Bad Movie,"In the wake of his dramatic escape from captivity, Jesse Pinkman must come to terms with his past in order to forge some kind of future.","Crime, Drama, Thriller"
The Lobster,"In a dystopian near future, single people, according to the laws of The City, are taken to The Hotel, where they are obliged to find a romantic partner in forty-five days or are transformed into animals and sent off into The Woods.","Comedy, Drama, Romance"
Mission: Impossible - Ghost Protocol,"Ethan Hunt and his team are racing against time to track down a dangerous terrorist named Hendricks, who has gained access to Russian nuclear launch codes and is planning a strike on the United States. An attempt to stop him ends in an explosion causing severe destruction to the Kremlin and the IMF to be implicated in the bombing, forcing the President to disavow them. No longer being aided by the government, Ethan and his team chase Hendricks around the globe, although they might still be too late to stop a disaster.","Action, Thriller, Adventure"
Taken,"Bryan Mills, a former government operative, is trying to reconnect with his teenage daughter Kim. After reluctantly agreeing with his ex-wife to let Kim go to Paris on vacation with a friend, his worst nightmare comes true. While on the phone with his daughter shortly after she arrives in Paris, she and her friend are abducted by a gang of human traffickers. Working against the clock, Bryan relies on his extensive training and skills to track down the ruthless gang that abducted her and launch a one-man war to rescue his daughter.","Action, Thriller"
The Thinking Game,Chronicles the extraordinary life of visionary scientist Demis Hassabis and his relentless quest to solve the enigma of artificial general intelligence.,Documentary
House of Gucci,"When Patrizia Reggiani, an outsider from humble beginnings, marries into the Gucci family, her unbridled ambition begins to unravel the family legacy and triggers a reckless spiral of betrayal, decadence, revenge, and ultimately… murder.","History, Drama, Crime"
The Truman Show,"Every second of every day, from the moment he was born, for the last thirty years, Truman Burbank has been the unwitting star of the longest running, most popular documentary-soap opera in history. The picture-perfect town of Seahaven that he calls home is actually a gigantic soundstage. Truman's friends and family - everyone he meets, in fact - are actors. He lives every moment under the unblinking gaze of thousands of hidden TV cameras.","Comedy, Drama"
Revolutionary Road,A young couple living in a Connecticut suburb during the mid-1950s struggle to come to terms with their personal problems while trying to raise their two children. Based on a novel by Richard Yates.,"Drama, Romance"
Meet the Parents,"Greg Focker is ready to marry his girlfriend, Pam, but before he pops the question, he must win over her formidable father, humorless former CIA agent Jack Byrnes, at the wedding of Pam's sister. As Greg bends over backward to make a good impression, his visit to the Byrnes home turns into a hilarious series of disasters, and everything that can go wrong does, all under Jack's critical, hawklike gaze.","Comedy, Romance"
Saw,"Two men wake up to find themselves shackled in a grimy, abandoned bathroom. As they struggle to comprehend their predicament, they discover a disturbing tape left behind by the sadistic mastermind known as Jigsaw. With a chilling voice and cryptic instructions, Jigsaw informs them that they must partake in a gruesome game in order to secure their freedom.","Horror, Mystery, Crime"
American Made,"The true story of pilot Barry Seal, who transported contraband for the CIA and the Medellin cartel in the 1980s.","Comedy, Crime, Drama"
The Godfather Part III,"In the midst of trying to legitimize his business dealings in 1979 New York and Italy, aging mafia don, Michael Corleone seeks forgiveness for his sins while taking a young protege under his wing.","Crime, Drama, Thriller"
Sherlock Holmes: A Game of Shadows,"There is a new criminal mastermind at large (Professor Moriarty) and not only is he Holmes’ intellectual equal, but his capacity for evil and lack of conscience may give him an advantage over the  detective.","Adventure, Action, Crime, Mystery"
ODIEUSE,,"Drama, Thriller"
Swinging Light,An experience of a camera swinging in different gestures facing the optical distortion of the Sun. The last appearance of the smudge.,Documentary
Lorca en la Habana,"A documentary about Federico García Lorca's trip to Cuba in 1930. We discover his influence on the island's music, poetry, dramatic scene and current narrative, as no other poet in the world has been as acclaimed, read and performed in Cuba as he has been. He is a legend in Cuba and, for this reason, Cuban writer Martínez Carmenate points out that his presence on the island is a phenomenon of atmosphere and underground roots, but, above all, Federico was immensely happy there.",
Pintu Ki Pappi,A man starts a lucrative business with his uncle when they realise he has a special power.,"Comedy, Romance, Drama"
Human Race,"Professor Eske Willerslev has an ambition to build the world's largest collection of prehistoric human DNA. As the collection grows, he is forced to confront the ghosts of his own past.",Documentary
The Silence in my Heart,A Black woman's journey through her own history becomes a beautiful and redemptive film about finding yourself after a lifetime of searching.,Documentary
Zorla Güvenlik,,"Comedy, Family"
Europe Endless,The life of a Bulgarian truck driver in Denmark and on the lonely European highways is depicted with brutal realism and precision.,Documentary
In Search of the Miraculous,"Alex and Ana are trying to repair an old radio which transmits sound waves from the Caucasian mountains. Ana does not believe it is possible to see or understand things she does not believe in, but Alex knows it is possible to see only what you believe. A conflict erupts between the past and the present understanding of reality and the complex question of choosing your own reality. He believes in a world he creates himself, and is in search of the things you cannot see.",
Another World,"On an anarchic Minecraft server, chaos reigns. Building and destroying without rules. In a closed furry community, identity is explored in new ways. And in the depths of advanced AI models lies a terrifying yet alluring shadowland of future possibilities. Each destination reveals new ways of being online – and new questions about what kind of digital world we really want to live in.",Documentary
Animality,"Ai Weiwei examines our relationship with animals, from China and Egypt to the Danish mink farms. At times violent, always thought-provoking - and above all, a mirror image of ourselves.",Documentary
Azza,"Determined to make her own money, Azza teaches other women as a freelance driving instructor. Behind the wheel of her big black Toyota, she feels safe, proud – and free. She speeds down the country’s roads and highways. From the city to the endless desert, nothing can stop her.",Documentary
Eyes to See,"In this poetic documentary, Khoe elder Dr Yvette Abrahams honours Sarah Baartman and explores nature’s inherent queerness.",
Shall We Meet Tonight,"A young woman is given out for an arranged marriage to an aristocratic benefactor but when she discovers her rousing affection for a townswoman, she becomes torn between her arranged marriage and a secret love affair with the townswoman.",
Girl-Boy,Four masculine-presenting Nigerians challenge gender norms and share their profound journeys via animation and childhood memories.,
If I Die Today,"For seven years, documentarian Camilla Arlien follows a young man, Jannik, and his struggle to overcome his violent past and inner demons.",Documentary
Halloween Candy,"Spending her first Halloween alone, a recently divorced writer searches for inspiration from trick-or-treaters who come to her door. The night becomes a nightmare when one surprise visitor makes this Halloween one she will never forget.",Horror
Citizen of the Sun,"Brothers Tarmo and Toomas Urb are musicians whose phenomenon in 1980s Estonia is hard to overestimate. Performing romantic ballads accompanied by guitar, they were able to bring a full house to any concert hall. Some songs like ""Imeline laas"" or ""Musta pori näkku"" have become folklore. The brothers were compared to the duo Simon & Garfunkel.",Documentary
Things many have eyes seen,"A flickering diary of time, memory, and erosion, «Things Many Eyes Have Seen» unfolds over a month on an island. Hand-processed in salty seawater, its 16mm images dissolve and transform. The landscape flashes by in broken frames of light and shadow, as if the world itself was stuttering between memory and motion. A meditation on seeing and being seen, the film lingers like a fading dream, where observer and landscape blur into one.",Mystery
The Promise,"A forgotten struggle, a lost future. In the 1960s, an independent Papua seemed within reach. But international interests, geopolitical power struggles, and economic motives dictated otherwise. Using uniquely restored 35mm archival footage, The Promise brings this history to life, revealing how an entire people was systematically betrayed and oppressed.",Documentary
The Golden Apron,"A mockumentary that follows the 5 main contestants of The Golden Apron contest, a competition in search of ""the greatest home chef in America"", being held by a nefarious food manufacturing company with their own corporate agenda.",Comedy
Island Story,"In a war-torn island ruled by animals and inhabited by vegetable people, Neo, a young onion girl, embarks on a dangerous journey with her potato grandmother to reunite with her lost family after being torn apart by conflict.",
Tumko Meri Kasam,,
My Guardian Angel,A hapless guardian angel's first day on the job.,Comedy
Because I Love You,"After a career-ending injury, Dan Greentree and his wife find themselves at odds over their future. As tensions rise and painful truths surface, their love is tested like never before. But beneath the anger and uncertainty, one thing remains clear—they can’t bear to lose each other.","Romance, Drama"
Secret Mall Apartment,"In 2003, eight Rhode Islanders created a secret apartment inside a busy mall and lived there for four years, filming everything along the way. Far more than a prank, the secret apartment became a deeply meaningful place for all involved.",Documentary
8,"Octavio and Adela were born on the same day, April 14th, 1931. During the following 8 decades, their lives will intertwine through intense encounters and misunderstandings in 8 episodes. A passionate love story between a brave and fighting woman and a man confronted with his contradictions. They will have to face coming from families on opposing sides of a country slowly heading towards a Civil War, along with the history of Spain and Europe as a background.",Drama
Night of The Abandoned City,A spin-off from the Abandoned city movie focusing on the mysterious man and his son in the night of the Abandoned city,Horror
BlacKkKlansman,"Colorado Springs, late 1970s. Ron Stallworth, an African American police officer, and Flip Zimmerman, his Jewish colleague, run an undercover operation to infiltrate the Ku Klux Klan.","Crime, Comedy, Drama, History"
A Quiet Place,A family is forced to live in silence while hiding from creatures that hunt by sound.,"Horror, Drama, Science Fiction"
Tjänare,,Drama
My 80 Springs,"How does it feel to be old? The characters in this film have passed their 80th birthdays, but their age doesn’t define them. Instead, they are defined by their attitude towards life and aging. Still very positive, active and with sharp minds, four inspiring seniors from Latvia continue doing things that excite them despite the physical and other challenges that accompany their years.",Documentary
"Blood, Ink and Kin","A young traveler unravels the truth of his past on an epic, poetic journey across the northern landscape uncovering artifacts and tales of his forgotten ancestors.","Fantasy, History"
A Family Affair,A faux documentary following Melbourne’s most notorious crime family as chaos erupts after a glamorous garden party takes an unexpected turn.,
Indiana Jones and the Dial of Destiny,"Finding himself in a new era, and approaching retirement, Indy wrestles with fitting into a world that seems to have outgrown him. But as the tentacles of an all-too-familiar evil return in the form of an old rival, Indy must don his hat and pick up his whip once more to make sure an ancient and powerful artifact doesn't fall into the wrong hands.","Adventure, Action"
The Fabelmans,"Growing up in post-World War II era Arizona, young Sammy Fabelman aspires to become a filmmaker as he reaches adolescence, but soon discovers a shattering family secret and explores how the power of films can help him see the truth.",Drama
In a Violent Nature,"The enigmatic resurrection, rampage, and retribution of an undead monster in a remote wilderness unleashes an iconic new killer after a locket is removed from a collapsed fire tower that entombed its rotting corpse.","Horror, Thriller"
Where You Find Me,"Beatrice, a gynecologist seeking escape in Berlin’s club scene, and Alex, a defiant trans club manager juggling parenthood and protest, begin to fight for the right to their bodies and discover unexpected support in each other while facing difficulties of what is expected of them. Although they could not be more different, a close friendship develops between them, which soon ends up in a new understanding of what family means.",Drama
Don't F**k with Liroy,,"Documentary, Music"
Two Strangers Trying Not to Kill Each Other,"Life, death and making meaning are the heart of a beautiful and often very funny film about an aging couple who, after an accident, face the inevitability of impermanence and seek a deep peace in their relationship while they still can.",Documentary
The Revenant,"In the 1820s, a frontiersman, Hugh Glass, sets out on a path of vengeance against those who left him for dead after a bear mauling.","Western, Drama, Adventure"
La Haine,"After a chaotic night of rioting in a marginal suburb of Paris, three young friends, Vinz, Hubert and Saïd, wander around unoccupied waiting for news about the state of health of a mutual friend who has been seriously injured when confronting the police.",Drama
Yoyogi Johnny,"Yoyogi Johnny is a high school boy who gets on the nerves of his strong-willed girlfriend by spending his time loafing around the school squash club with its eccentric members and meeting his childhood friend Kagura, a recluse. His attitude changes when new girls show up in his world: Deko, a full-throttle passionate new squash player who inspires him to train, and Izumo, a country girl living in Tokyo and working part-time at a used book store. Little by little, Johnny’s daily life changes with romance, friendship, club activities and a squash team competition.",Drama
Challengers,"Tennis player turned coach Tashi has taken her husband, Art, and transformed him into a world-famous Major champion. To jolt him out of his recent losing streak, she signs him up for a ""Challenger"" event — close to the lowest level of pro tournament — where he finds himself standing across the net from his former best friend and Tashi's former boyfriend.","Romance, Drama"
BAUS 映画から船出した映画館,,Drama
Balaram Kando,Shot in Nainital.,"Comedy, Drama"
Magazine Dreams,"Aspiring bodybuilder Killian Maddox struggles to find human connection in this exploration of celebrity and violence. Nothing deters him from his fiercely protected dream of superstardom, not even the doctors who warn him of the permanent damage he causes to himself with his quest.",Drama
Fatal Watch,"This gripping, true crime documentary set on the high seas exposes the largely unseen and fascinating world of fisheries observers, whose warnings about illegal fishing practices have resulted in fatal consequences for those sounding the alarm.",Documentary
UNALIVED,Suspicions fly in a TikTok house when six wannabe influencers move in together to grow their followings—but begin dying one by one.  UNALIVED is a short satirical whodunnit that examines the depths to which we allow social media to take over our lives.,"Comedy, Horror"
Hunter Brothers,"Seven years ago, Lin Cheng was jailed for his father’s death. Finally released, he and older brother Hsiang, the real culprit, must face the consequences of the past together.",Drama
Som van Twee,"Henk is an experienced psychologist, but after the loss of his wife, Nicolene, he is powerless to help himself. He also can’t get through to his son, Renier, who hides his pain behind anger and denial. During Nicolene’s funeral, Henk confesses that he had once leaked the matric math exam paper to the entire town of Barberton. An investigation follows, and the whole class of 1990 must either retake the exam or lose their matric certificate. Henk asks Renier to tutor him, but it’s a struggle. His old classmates are furious about the trouble he has caused. Things spiral out of control, forcing Henk to make an impossible choice.",Comedy
Thelma's Perfect Birthday,"Thelma is a little penguin who is not like the others. She doesn’t like snow very much, or freezing water, and she wishes she could fly. Was that because she was born in the Great Forest, and partially raised by her best friends, Cat Vilhelm and Mouse Sophia?  Living in the Land of Ice again, Thelma also worries about her upcoming birthday. What if Birthday doesn’t find her snow-covered house - will she have to stay for forever? When Thelma tries to organize a Birthday Party for her forest friends, she tumbles into a great adventure that will teach her all she needs to know to become a proper penguin.","Animation, Family"
Sugar Island,"An unwanted pregnancy triggers the journey into adulthood for Makenya, a Dominican-Haitian teenager  who lives in the Batey, a community surrounded by sugarcane fields.",Drama
Fränk,"Following a serious domestic violence incident, 13 year old Paul arrives in an unfamiliar town where in his pursuit of happiness he makes one bad decision after another. His seemingly inevitable downfall is thwarted, however, by a strange disabled man.",Drama
Road House,"Ex-UFC fighter Dalton takes a job as a bouncer at a Florida Keys roadhouse, only to discover that this paradise is not all it seems.","Action, Thriller"
The Grand Budapest Hotel,"The Grand Budapest Hotel tells of a legendary concierge at a famous European hotel between the wars and his friendship with a young employee who becomes his trusted protégé. The story involves the theft and recovery of a priceless Renaissance painting, the battle for an enormous family fortune and the slow and then sudden upheavals that transformed Europe during the first half of the 20th century.","Comedy, Drama"
Eraserheads: Combo On The Run,"When the Eraserheads formed in 1989, their music swept the country. But the REAL story behind the group has remain untold. Until now...",Documentary
Raptures,"Rakel is a strict Christian believer living in the far north of 1930s Sweden. When her husband forms a sectarian movement, with directions straight from God, she has no choice but to join the increasingly explicit cult.","Drama, History, Thriller"
"Hail, Caesar!","When a Hollywood star mysteriously disappears in the middle of filming, the studio sends their fixer to get him back.","Comedy, Crime, Mystery, Drama"
Justice League,"Fuelled by his restored faith in humanity and inspired by Superman's selfless act, Bruce Wayne and Diana Prince assemble a team of metahumans consisting of Barry Allen, Arthur Curry and Victor Stone to face the catastrophic threat of Steppenwolf and the Parademons who are on the hunt for three Mother Boxes on Earth.","Action, Adventure, Science Fiction"
Randevular,,Thriller
"""I Don't Wanna Do This Anymore""","Reese finds herself in the desert after a party when her drunken girlfriend hurts someone. When she wakes up, they are preparing for the same party. The time is ticking to solve the time loop, while those around her become increasingly beaten and broken, mentally and physically.","Horror, Thriller, Drama, Romance"
Nope,"Residents in a lonely gulch of inland California bear witness to an uncanny, chilling discovery.","Horror, Mystery, Science Fiction, Thriller"
Randevular,,Thriller
"""I Don't Wanna Do This Anymore""","Reese finds herself in the desert after a party when her drunken girlfriend hurts someone. When she wakes up, they are preparing for the same party. The time is ticking to solve the time loop, while those around her become increasingly beaten and broken, mentally and physically.","Horror, Thriller, Drama, Romance"
Nope,"Residents in a lonely gulch of inland California bear witness to an uncanny, chilling discovery.","Horror, Mystery, Science Fiction, Thriller"
Ghostbusters: Frozen Empire,"When the discovery of an ancient artifact unleashes an evil force, Ghostbusters new and old must join forces to protect their home and save the world from a second Ice Age.","Fantasy, Adventure, Comedy"
The Intouchables,A true story of two men who should never have met – a quadriplegic aristocrat who was injured in a paragliding accident and a young man from the projects.,"Drama, Comedy"
Howl's Moving Castle,"Sophie, a young milliner, is turned into an elderly woman by a witch who enters her shop and curses her. She encounters a wizard named Howl and gets caught up in his resistance to fighting for the king.","Fantasy, Animation, Adventure"
Lady Bird,"Lady Bird McPherson, a strong willed, deeply opinionated, artistic 17 year old comes of age in Sacramento. Her relationship with her mother and her upbringing are questioned and tested as she plans to head off to college.","Drama, Comedy"
Streaming,"Woo Sang is a popular online streamer. In his videos, he talks about profiling crime cases and he has attained the most subscribers on the online platform that he uses. Woo Sang then looks for clues on an unsolved consecutive murder case. This process is live streamed over the internet.","Thriller, Mystery"
Lethal Weapon,"Buttoned-down veteran LAPD detective Roger Murtaugh is partnered with unhinged cop Martin Riggs, who — distraught after his wife's death — has a death wish and takes unnecessary risks with criminals at every turn. The odd couple embark on their first homicide investigation as partners, involving a young woman known to Murtaugh with ties to a drug and prostitution ring.","Adventure, Action, Comedy, Thriller, Crime"
The Accountant,"As a math savant uncooks the books for a new client, the Treasury Department closes in on his activities and the body count starts to rise.","Crime, Thriller, Drama"
Zootopia,"Determined to prove herself, Officer Judy Hopps, the first bunny on Zootopia's police force, jumps at the chance to crack her first case - even if it means partnering with scam-artist fox Nick Wilde to solve the mystery.","Animation, Adventure, Family, Comedy"
The Crow,"Exactly one year after young rock guitarist Eric Draven and his fiancée are brutally killed by a ruthless gang of criminals, Draven, watched over by a hypnotic crow, returns from the grave to exact revenge.","Fantasy, Action, Thriller"
Lethal Weapon 3,Riggs and Murtaugh pursue a former officer who uses his knowledge of police procedure and policies to steal and sell confiscated guns and ammunition to local street gangs.,"Adventure, Action, Comedy, Thriller, Crime"
Lethal Weapon 2,Riggs and Murtaugh are on the trail of South African diplomats using their immunity to engage in criminal activities.,"Action, Adventure, Comedy, Crime, Thriller"
Hook,"The boy who wasn't supposed to grow up—Peter Pan—does just that, becoming a soulless corporate lawyer whose workaholism could cost him his wife and kids. During his trip to see Granny Wendy in London, the vengeful Capt. Hook kidnaps Peter's kids and forces Peter to return to Neverland.","Adventure, Fantasy, Comedy, Family"
Oblivion,"Jack Harper is one of the last few drone repairmen stationed on Earth. Part of a massive operation to extract vital resources after decades of war with a terrifying threat known as the Scavs, Jack’s mission is nearly complete. His existence is brought crashing down when he rescues a beautiful  stranger from a downed spacecraft. Her arrival triggers a chain of events that  forces him to question everything he knows and puts the fate of humanity in his hands.","Action, Science Fiction, Adventure, Mystery"
Nomadland,"A woman in her sixties embarks on a journey through the western United States after losing everything in the Great Recession, living as a van-dwelling modern-day nomad.",Drama
V for Vendetta,"In a world in which Great Britain has become a fascist state, a masked vigilante known only as “V” conducts guerrilla warfare against the oppressive British government. When V rescues a young woman from the secret police, he finds in her an ally with whom he can continue his fight to free the people of Britain.","Action, Thriller, Science Fiction"
Good Will Hunting,"Headstrong yet aimless, Will Hunting has a genius-level IQ but chooses to work as a janitor at MIT. When he secretly solves highly difficult graduate-level math problems, his talents are discovered by Professor Gerald Lambeau, who decides to help the misguided youth reach his potential. When Will is arrested for attacking a police officer, Professor Lambeau makes a deal to get leniency for him if he gets court-ordered therapy. Eventually, therapist Dr. Sean Maguire helps Will confront the demons that are holding him back.",Drama
Mission: Impossible - Fallout,"When an IMF mission ends badly, the world is faced with dire consequences. As Ethan Hunt takes it upon himself to fulfill his original briefing, the CIA begin to question his loyalty and his motives. The IMF team find themselves in a race against time, hunted by assassins while trying to prevent a global catastrophe.","Action, Adventure"
The Terminal,"An Eastern European tourist unexpectedly finds himself stranded in JFK airport, and must take up temporary residence there.","Comedy, Drama"
Maze Runner: The Scorch Trials,"Thomas and his fellow Gladers face their greatest challenge yet: searching for clues about the mysterious and powerful organization known as WCKD. Their journey takes them to the Scorch, a desolate landscape filled with unimaginable obstacles. Teaming up with resistance fighters, the Gladers take on WCKD’s vastly superior forces and uncover its shocking plans for them all.","Science Fiction, Action, Thriller, Adventure"
22 Jump Street,"After making their way through high school (twice), big changes are in store for officers Schmidt and Jenko when they go deep undercover at a local college. But when Jenko meets a kindred spirit on the football team, and Schmidt infiltrates the bohemian art major scene, they begin to question their partnership. Now they don't have to just crack the case - they have to figure out if they can have a mature relationship. If these two overgrown adolescents can grow from freshmen into real men, college might be the best thing that ever happened to them.","Crime, Comedy, Action"
The Wonderful Story of Henry Sugar,A rich man learns about a guru who can see without using his eyes. He sets out to master the skill in order to cheat at gambling.,"Comedy, Fantasy, Adventure"
Murder Mystery,"On a long-awaited trip to Europe, a New York City cop and his hairdresser wife scramble to solve a baffling murder aboard a billionaire's yacht.","Action, Comedy, Mystery"
The Ides of March,Dirty tricks stand to soil an ambitious young press spokesman's idealism in a cutthroat presidential campaign where 'victory' is relative.,Drama
Midsommar,"Several friends travel to Sweden to study as anthropologists a summer festival that is held every ninety years in the remote hometown of one of them. What begins as a dream vacation in a place where the sun never sets, gradually turns into a dark nightmare as the mysterious inhabitants invite them to participate in their disturbing festive activities.","Horror, Drama, Mystery"
Spotlight,"The true story of how the Boston Globe uncovered the massive scandal of child molestation and cover-up within the local Catholic Archdiocese, shaking the entire Catholic Church to its core.","Drama, History"
The Lincoln Lawyer,"Mick Haller is a charismatic defense attorney who does business out of his Lincoln Continental sedan. Mick spends most of his time defending petty crooks and other bottom-feeders, so it comes as quite a surprise when he lands the case of a lifetime: defending a Beverly Hills playboy who is accused of attempted murder. However, what Mick initially thinks is an open-and-shut case with a big monetary reward develops into something more sinister.","Crime, Drama, Thriller"
The Bourne Legacy,New CIA operative Aaron Cross experiences life-or-death stakes that have been triggered by the previous actions of Jason Bourne.,"Action, Thriller"
Black Swan,"The story of Nina, a ballerina in a New York City ballet company whose life, like all those in her profession, is completely consumed with dance. She lives with her retired ballerina mother Erica who zealously supports her daughter's professional ambition. When artistic director Thomas Leroy decides to replace prima ballerina Beth MacIntyre for the opening production of their new season, Swan Lake, Nina is his first choice.","Drama, Thriller, Horror"
Jaws,"When the seaside community of Amity finds itself under attack by a dangerous great white shark, the town's chief of police, a young marine biologist, and a grizzled hunter embark on a desperate quest to destroy the beast before it strikes again.","Horror, Thriller, Adventure"
King Arthur: Legend of the Sword,"When the child Arthur’s father is murdered, Vortigern, Arthur’s uncle, seizes the crown. Robbed of his birthright and with no idea who he truly is, Arthur comes up the hard way in the back alleys of the city. But once he pulls the sword Excalibur from the stone, his life is turned upside down and he is forced to acknowledge his true legacy... whether he likes it or not.","Action, Drama, Fantasy"
L.A. Confidential,Three detectives in the corrupt and brutal L.A. police force of the 1950s use differing methods to uncover a conspiracy behind the shotgun slayings of the patrons at an all-night diner.,"Crime, Mystery, Thriller, Drama"
Sin City,"Welcome to Sin City. This town beckons to the tough, the corrupt, the brokenhearted. Some call it dark… Hard-boiled. Then there are those who call it home — Crooked cops, sexy dames, desperate vigilantes. Some are seeking revenge, others lust after redemption, and then there are those hoping for a little of both. A universe of unlikely and reluctant heroes still trying to do the right thing in a city that refuses to care.","Thriller, Action, Crime"
Five Nights at Freddy's,"Recently fired and desperate for work, a troubled young man named Mike agrees to take a position as a night security guard at an abandoned theme restaurant: Freddy Fazbear's Pizzeria. But he soon discovers that nothing at Freddy's is what it seems.","Horror, Thriller, Mystery"
Get Out,"Chris and his girlfriend Rose go upstate to visit her parents for the weekend. At first, Chris reads the family's overly accommodating behavior as nervous attempts to deal with their daughter's interracial relationship, but as the weekend progresses, a series of increasingly disturbing discoveries lead him to a truth that he never could have imagined.","Mystery, Thriller, Horror"
48 Hrs.,"A hard-nosed cop reluctantly teams up with a wise-cracking criminal temporarily paroled to him, in order to track down a killer.","Thriller, Action, Comedy, Crime, Drama"
Bad Boys for Life,"Marcus and Mike are forced to confront new threats, career changes, and midlife crises as they join the newly created elite team AMMO of the Miami police department to take down the ruthless Armando Armas, the vicious leader of a Miami drug cartel.","Thriller, Action, Crime"
"Inside Asda: Bigger, Better, Cheaper?",The supermarket giant that rose high by taking prices low.,Documentary
Airplane!,An ex-fighter pilot forced to take over the controls of an airliner when the flight crew succumbs to food poisoning.,Comedy
Safe,"After a former elite agent rescues a 12-year-old Chinese girl who's been abducted, they find themselves in the middle of a standoff between Triads, the Russian Mafia and high-level corrupt New York City politicians and police.","Action, Crime, Thriller"
Babylon,"A tale of outsized ambition and outrageous excess, tracing the rise and fall of multiple characters in an era of unbridled decadence and depravity during Hollywood's transition from silent films to sound films in the late 1920s.","Drama, Comedy"
A Fistful of Dollars,"The Man With No Name enters the Mexican village of San Miguel in the midst of a power struggle among the three Rojo brothers and sheriff John Baxter. When a regiment of Mexican soldiers bearing gold intended to pay for new weapons is waylaid by the Rojo brothers, the stranger inserts himself into the middle of the long-simmering battle, selling false information to both sides for his own benefit.",Western
The Boy and the Heron,"While the Second World War rages, the teenage Mahito, haunted by his mother's tragic death, is relocated from Tokyo to the serene rural home of his new stepmother Natsuko, a woman who bears a striking resemblance to the boy's mother. As he tries to adjust, this strange new world grows even stranger following the appearance of a persistent gray heron, who perplexes and bedevils Mahito, dubbing him the ""long-awaited one.""","Animation, Adventure, Fantasy, Family, Drama"
Logan Lucky,"Trying to reverse a family curse, brothers Jimmy and Clyde Logan set out to execute an elaborate robbery during the legendary Coca-Cola 600 race at the Charlotte Motor Speedway.","Comedy, Crime, Action, Drama"
36th Precinct,"The film takes place in Paris, where two cops are competing for the vacant seat of chief of police while in the middle of a search for a gang of violent thieves. The movie is directed by Olivier Marchal, a former police officer who spent 12 years with the French police before creating this story, which is taken in part from real facts that happened during the 1980s in France.","Crime, Drama, Thriller"
Pludselig Stod Verden Stille,,Documentary
Snatching Gold from the Tiger's Mouth,,"Action, War"
War Dogs,"Based on the true story of two young men, David Packouz and Efraim Diveroli, who won a $300 million contract from the Pentagon to arm America's allies in Afghanistan.","Comedy, Crime, Drama"
Wonder,"The story of August Pullman – a boy with facial differences – who enters fifth grade, attending a mainstream elementary school for the first time.","Drama, Family"
The Pursuit of Happyness,A struggling salesman takes custody of his son as he's poised to begin a life-changing professional career.,Drama
Yesterday,A struggling musician realizes he's the only person on Earth who can remember The Beatles after waking up in an alternate reality where the group was forgotten.,"Comedy, Fantasy, Music, Romance"
Madagascar,Four animal friends get a taste of the wild life when they break out of captivity at the Central Park Zoo and wash ashore on the island of Madagascar.,"Family, Animation, Adventure, Comedy"
The Last Boy Scout,"When the girl that detective Joe Hallenback is protecting gets murdered, the boyfriend of the murdered girl attempts to investigate and solve the case. What they discover is that there is deep seated corruption going on between a crooked politician and the owner of a pro football team.","Action, Thriller"
The Blues Brothers,"Jake Blues, just released from prison, puts his old band back together to save the Catholic home where he and his brother Elwood were raised.","Music, Comedy, Action, Crime"
Zombieland: Double Tap,"Columbus, Tallahassee, Wichita, and Little Rock move to the American heartland as they face off against evolved zombies, fellow survivors, and the growing pains of the snarky makeshift family.","Comedy, Horror, Action"
Solo Leveling -ReAwakening-,"Over a decade after 'gates' connecting worlds appeared, awakening 'hunters' with superpowers, weakest hunter Sung Jinwoo encounters a double dungeon and accepts a mysterious quest, becoming the only one able to level up, changing his fate. A catch-up recap of the first season coupled with an exclusive sneak peek of the first two episodes of the highly anticipated second season in one momentous theatrical fan experience.","Action, Adventure, Fantasy, Animation"
Tinker Tailor Soldier Spy,"In the bleak days of the Cold War, espionage veteran George Smiley is forced from semi-retirement to uncover a Soviet mole within his former colleagues at the heart of MI6.","Drama, Thriller, Mystery"
Surrogates,"Set in a futuristic world where humans live in isolation and interact through surrogate robots, a cop is forced to leave his home for the first time in years in order to investigate the murders of others' surrogates.","Science Fiction, Action, Thriller"
Surrogates,"Set in a futuristic world where humans live in isolation and interact through surrogate robots, a cop is forced to leave his home for the first time in years in order to investigate the murders of others' surrogates.","Science Fiction, Action, Thriller"
Red Notice,"An Interpol-issued Red Notice is a global alert to hunt and capture the world's most wanted. But when a daring heist brings together the FBI's top profiler and two rival criminals, there's no telling what will happen.","Action, Comedy, Crime"
Skyscraper,"Framed and on the run, a former FBI agent must save his family from a blazing fire in the world's tallest building.","Action, Thriller, Adventure"
Coming to America,"An African prince decides it’s time for him to find a princess... and his mission leads him and his most loyal friend to Queens, New York. In disguise as an impoverished immigrant, the pampered prince quickly finds himself a new job, new friends, new digs, new enemies and lots of trouble.","Comedy, Romance"
The Jackal,"Hired by a powerful member of the Russian mafia to avenge an FBI sting that left his brother dead, a psychopathic hitman known only as The Jackal proves an elusive target for the people charged with the task of bringing him down: a deputy FBI director, a Russian MVK Major,  and a jailed IRA terrorist who can recognize him.","Action, Thriller, Adventure, Crime"
Life,"The six-member crew of the International Space Station is tasked with studying a sample from Mars that may be the first proof of extra-terrestrial life, which proves more intelligent than ever expected.","Horror, Science Fiction, Mystery, Thriller"
The Hitman's Bodyguard,"The world’s top bodyguard gets a new client, a hitman who must testify at the International Court of Justice. They must put their differences aside and work together to make it to the trial on time.","Action, Comedy, Crime, Thriller"
The Lego Batman Movie,"A cooler-than-ever Bruce Wayne must deal with the usual suspects as they plan to rule Gotham City, while discovering that he has accidentally adopted a teenage orphan who wishes to become his sidekick.","Animation, Action, Comedy, Family"
Moneyball,"The story of Oakland Athletics general manager Billy Beane's successful attempt to put together a baseball team on a budget, by employing computer-generated analysis to draft his players.",Drama
28 Days Later,"Twenty-eight days after a killer virus was accidentally unleashed from a British research facility, a small group of London survivors are caught in a desperate struggle to protect themselves from the infected. Carried by animals and humans, the virus turns those it infects into homicidal maniacs -- and it's absolutely impossible to contain.","Horror, Thriller, Science Fiction"
From Dusk Till Dawn,"After kidnapping a father and his two kids, the Gecko brothers head south to a seedy Mexican bar to hide out in safety, unaware of its notorious vampire clientele.","Horror, Action, Thriller, Crime"
Top Secret!,"Popular and dashing American singer Nick Rivers travels to East Germany to perform in a music festival. When he loses his heart to the gorgeous Hillary Flammond, he finds himself caught up in an underground resistance movement. Rivers joins forces with Agent Cedric and Flammond to attempt the rescue of her father, Dr. Paul, from the Germans, who have captured the scientist in hopes of coercing him into building a new naval mine.",Comedy
Déjà Vu,"Called in to recover evidence in the aftermath of a horrific explosion on a New Orleans ferry, Federal agent Doug Carlin gets pulled away from the scene and taken to a top-secret government lab that uses a time-shifting surveillance device to help prevent crime.","Action, Thriller, Science Fiction"
Atomic Blonde,An undercover MI6 agent is sent to Berlin during the Cold War to investigate the murder of a fellow agent and recover a missing list of double agents.,"Action, Adventure, Thriller"
The Score,An aging thief hopes to retire and live off his ill-gotten wealth when a young kid convinces him into doing one last heist.,"Action, Crime, Thriller, Mystery, Drama"
Everything Must Go,"When Ellen and her two brothers gather in their childhood home to sort through the inheritance left by their father, a renowned composer, old memories and unresolved conflicts resurface. The house, filled with musical traces and childhood artifacts, becomes a stage for emotional reckoning.",Drama
Natural Born Killers,Two victims of traumatized childhoods become lovers and serial murderers irresponsibly glorified by the mass media.,"Crime, Thriller, Drama"
The Post,A cover-up that spanned four U.S. Presidents pushed the country's first female newspaper publisher and a hard-driving editor to join an unprecedented battle between journalist and government. Inspired by true events.,"Drama, History"
Get Shorty,"Chili Palmer is a Miami mobster who gets sent by his boss, the psychopathic ""Bones"" Barboni, to collect a bad debt from Harry Zimm, a Hollywood producer who specializes in cheesy horror films. When Chili meets Harry's leading lady, the romantic sparks fly. After pitching his own life story as a movie idea, Chili learns that being a mobster and being a Hollywood producer really aren't all that different.","Comedy, Thriller, Crime"
Seven Samurai,"A samurai answers a village's request for protection after he falls on hard times. The town needs protection from bandits, so the samurai gathers six others to help him teach the people how to defend themselves, and the villagers provide the soldiers with food.","Action, Drama"
Get Shorty,"Chili Palmer is a Miami mobster who gets sent by his boss, the psychopathic ""Bones"" Barboni, to collect a bad debt from Harry Zimm, a Hollywood producer who specializes in cheesy horror films. When Chili meets Harry's leading lady, the romantic sparks fly. After pitching his own life story as a movie idea, Chili learns that being a mobster and being a Hollywood producer really aren't all that different.","Comedy, Thriller, Crime"
Seven Samurai,"A samurai answers a village's request for protection after he falls on hard times. The town needs protection from bandits, so the samurai gathers six others to help him teach the people how to defend themselves, and the villagers provide the soldiers with food.","Action, Drama"
Despicable Me 4,"Gru and Lucy and their girls—Margo, Edith and Agnes—welcome a new member to the Gru family, Gru Jr., who is intent on tormenting his dad. Gru also faces a new nemesis in Maxime Le Mal and his femme fatale girlfriend Valentina, forcing the family to go on the run.","Animation, Family, Comedy, Science Fiction"
Monster,"When a young boy begins behaving strangely, shocking truths emerge as the story unfolds through the eyes of his single mother, a teacher who is believed to be responsible, and the child himself.","Mystery, Thriller, Drama"
A Nice Place,Two Buddies want to kill themselves...,"Drama, Comedy"
LE TEMPS D'UN SOUFFLE,"An inanimate body is touched by light, triggering an awakening, a sudden surge of life, fueled by a fantastical photosynthesis, lasting only for the span of a breath.",Animation
Untitled.2025.1080p.x264.AAC5.1-WORLD.mp4,Laugh. Dance. Eat. Pray.,
As Vítimas de Codorna e Kostelinha,,"Fantasy, Thriller, Mystery"
If I'm Afraid This Movie Is Finished,"Ardi, a 21-year-old cinephile who prides himself on being immune to Indonesian horror films. Introduced by Kitti, an ambitious film producer, and Rossi, a creative director working on a new project, Ardi expresses his disdain for local horror films, which he believes are of poor quality and rely too much on cheap jump scares.  Through interviews and interactions with his friends, including humorous moments shared while watching horror films together, Ardi's arrogance and skepticism toward the genre are evident. His friends challenge him to watch clips from some of the most terrifying horror films, hoping to make him experience fear. However, Ardi remains unimpressed by each clip shown, continuing to mock the genre's ability to frighten him.  As the film progresses, Ardi's journey becomes not just a challenge of fear but a humorous exploration of his own biases and the nature of horror in contemporary Indonesian cinema.","Horror, Comedy, Drama"
The Rock: A Puppet Parable,"Set to ""The Rock"" by Harry Chapin, a puppet village ignores the warnings of a young boy who insists that a massive rock on the hill above their town will one day destroy them. A haunting folk tale about denial, complacency, and inevitable disaster.",
The Life of David Gale,A man against capital punishment is accused of murdering a fellow activist and is sent to death row.,"Drama, Thriller, Crime"
In the Heat of the Night,"African-American Philadelphia police detective Virgil Tibbs is arrested on suspicion of murder by Bill Gillespie, the racist police chief of tiny Sparta, Mississippi. After Tibbs proves not only his own innocence but that of another man, he joins forces with Gillespie to track down the real killer. Their investigation takes them through every social level of the town, with Tibbs making enemies as well as unlikely friends as he hunts for the truth.","Crime, Drama, Mystery, Thriller"
Misery,"After an accident, acclaimed novelist Paul Sheldon is rescued by a nurse who claims to be his biggest fan.  Her obsession takes a dark turn when she holds him captive in her remote Colorado home and forces him to write back to life the popular literary character he killed off.","Drama, Thriller"
Joker: Folie à Deux,"While struggling with his dual identity, Arthur Fleck not only stumbles upon true love, but also finds the music that's always been inside him.","Drama, Crime, Thriller"
The Big Short,The men who made millions from a global economic meltdown.,"Comedy, Drama"
You're Cordially Invited,"When two weddings are accidentally booked on the same day at the same venue, each bridal party is challenged with preserving their family's special moment while making the most of the unanticipated tight quarters. In a hilarious battle of determination and grit, the father of the bride and sister of the other bride chaotically go head-to-head as they stop at nothing to uphold an unforgettable celebration for their loved ones.",Comedy
Red One,"After Santa Claus (codename: Red One) is kidnapped, the North Pole's Head of Security must team up with the world's most infamous tracker in a globe-trotting, action-packed mission to save Christmas.","Action, Fantasy, Comedy"
Maze Runner: The Death Cure,"Thomas leads his group of escaped Gladers on their final and most dangerous mission yet. To save their friends, they must break into the legendary Last City, a WCKD-controlled labyrinth that may turn out to be the deadliest maze of all. Anyone who makes it out alive will get answers to the questions the Gladers have been asking since they first arrived in the maze.","Science Fiction, Action, Adventure, Thriller"
The Handmaiden,"1930s Korea, in the period of Japanese occupation, a new girl, Sookee, is hired as a handmaiden to a Japanese heiress, Hideko, who lives a secluded life on a large countryside estate with her domineering Uncle Kouzuki. But the maid has a secret. She is a pickpocket recruited by a swindler posing as a Japanese Count to help him seduce the Lady to elope with him, rob her of her fortune, and lock her up in a madhouse. The plan seems to proceed according to plan until Sookee and Hideko discover some unexpected emotions.","Thriller, Drama, Romance"
Little Women,Four sisters come of age in America in the aftermath of the Civil War.,"Drama, Romance, History"
Godzilla,"Ford Brody, a Navy bomb expert, has just reunited with his family in San Francisco when he is forced to go to Japan to help his estranged father, Joe. Soon, both men are swept up in an escalating crisis when an ancient alpha predator arises from the sea to combat malevolent adversaries that threaten the survival of humanity. The creatures leave colossal destruction in their wake, as they make their way toward their final battleground: San Francisco.","Action, Drama, Science Fiction"
The Danish Girl,"When Gerda Wegener asks her husband Einar to fill in as a portrait model, Einar discovers the person she's meant to be and begins living her life as Lili Elbe. Having realized her true self and with Gerda's love and support, Lili embarks on a groundbreaking journey as a transgender pioneer.",Drama
Cold Pursuit,"The quiet family life of Nels Coxman, a snowplow driver, is upended after his son's murder. Nels begins a vengeful hunt for Viking, the drug lord he holds responsible for the killing, eliminating Viking's associates one by one. As Nels draws closer to Viking, his actions bring even more unexpected and violent consequences, as he proves that revenge is all in the execution.","Action, Crime, Thriller, Comedy, Drama"
Once Upon a Time in Venice,"Steve Ford is a private detective in Venice Beach, Calif., who's good with the ladies, bad with the punches and wild about his dog Buddy. When local thugs steal Buddy, Ford turns to Spyder, their devious leader, and forges an unlikely alliance. With help from his best friend, Steve pulls out the big guns to retrieve Spyder's stolen cash and cocaine and save Buddy.","Action, Comedy, Thriller, Mystery"
The Witcher: Sirens of the Deep,"Geralt of Rivia, a mutated monster hunter, is hired to investigate a series of attacks in a seaside village and finds himself drawn into a centuries-old conflict between humans and merpeople. He must count on friends — old and new — to solve the mystery before the hostilities between the two kingdoms escalate into an all-out war.","Animation, Fantasy, Action"
Carrie,"Withdrawn and sensitive teen Carrie White faces taunting from classmates at school and abuse from her fanatically pious mother. When strange occurrences start happening around Carrie, she begins to suspect that she has supernatural powers.","Horror, Thriller"
How to Train Your Dragon 2,"Five years have passed since Hiccup and Toothless united the dragons and Vikings of Berk. Now, they spend their time charting unmapped territories. During one of their adventures, the pair discover a secret cave that houses hundreds of wild dragons -- and a mysterious dragon rider who turns out to be Hiccup's mother, Valka. Hiccup and Toothless then find themselves at the center of a battle to protect Berk from a power-hungry warrior named Drago.","Fantasy, Action, Adventure, Animation, Comedy, Family"
Star Wars: The Rise of Skywalker,"The surviving Resistance faces the First Order once again as the journey of Rey, Finn and Poe Dameron continues. With the power and knowledge of generations behind them, the final battle begins.","Adventure, Action, Science Fiction"
Ratatouille,"Remy, a resident of Paris, appreciates good food and has quite a sophisticated palate. He would love to become a chef so he can create and enjoy culinary masterpieces to his heart's delight. The only problem is, Remy is a rat. When he winds up in the sewer beneath one of Paris' finest restaurants, the rodent gourmet finds himself ideally placed to realize his dream.","Animation, Comedy, Family, Fantasy"
The Social Network,"In 2003, Harvard undergrad and computer programmer Mark Zuckerberg begins work on a new concept that eventually turns into the global social network known as Facebook. Six years later, Mark is one of the youngest billionaires ever, but his unprecedented success leads to both personal and legal complications when he ends up on the receiving end of two lawsuits, one involving his former friend.",Drama
The Week,A young man tries to make it through the week.,Drama
The Room Next Door,"Ingrid and Martha were close friends in their youth, when they worked together at the same magazine. Ingrid went on to become an autofiction novelist while Martha became a war reporter, and they were separated by the circumstances of life. After years of being out of touch, they meet again in an extreme but strangely sweet situation.",Drama
Pirates of the Caribbean: The Curse of the Black Pearl,"After Port Royal is attacked and pillaged by a mysterious pirate crew, capturing the governor's daughter Elizabeth Swann in the process, William Turner asks free-willing pirate Jack Sparrow to help him locate the crew's ship—The Black Pearl—so that he can rescue the woman he loves.","Adventure, Fantasy, Action"
Me Before You,"A small town girl is caught between dead-end jobs. A high-profile, successful man becomes wheelchair bound following an accident. The man decides his life is not worth living until the girl is hired for six months to be his new caretaker. Worlds apart and trapped together by circumstance, the two get off to a rocky start. But the girl becomes determined to prove to the man that life is worth living and as they embark on a series of adventures together, each finds their world changing in ways neither of them could begin to imagine.","Drama, Romance"
MaXXXine,"In 1980s Hollywood, adult film star and aspiring actress Maxine Minx finally gets her big break. But as a mysterious killer stalks the starlets of Hollywood, a trail of blood threatens to reveal her sinister past.","Horror, Mystery, Crime"
World War Z,"Life for former United Nations investigator Gerry Lane and his family seems content. Suddenly, the world is plagued by a mysterious infection turning whole human populations into rampaging mindless zombies. After barely escaping the chaos, Lane is persuaded to go on a mission to investigate this disease. What follows is a perilous trek around the world where Lane must brave horrific dangers and long odds to find answers before human civilization falls.","Action, Horror, Science Fiction, Thriller"
Wolfs,"Hired to cover up a high-profile crime, a fixer soon finds his night spiralling out of control when he's forced to work with an unexpected counterpart.","Comedy, Action, Crime"
Wicked,"In the land of Oz, ostracized and misunderstood green-skinned Elphaba is forced to share a room with the popular aristocrat Glinda at Shiz University, and the two's unlikely friendship is tested as they begin to fulfill their respective destinies as Glinda the Good and the Wicked Witch of the West.","Drama, Romance, Fantasy"
The Gentlemen,"American expat Mickey Pearson has built a highly profitable marijuana empire in London. When word gets out that he’s looking to cash out of the business forever it triggers plots, schemes, bribery and blackmail in an attempt to steal his domain out from under him.","Action, Crime, Comedy"
Quantum of Solace,"Betrayed by Vesper, the woman he loved, 007 fights the urge to make his latest mission personal. Pursuing his determination to uncover the truth, Bond and M interrogate Mr. White, who reveals that the organization that blackmailed Vesper is far more complex and dangerous than anyone had imagined.","Adventure, Action, Thriller, Crime"
Prisoners,"Keller Dover is facing every parent’s worst nightmare. His six-year-old daughter, Anna, is missing, together with her young friend, Joy, and as minutes turn to hours, panic sets in. The only lead is a dilapidated RV that had earlier been parked on their street.","Drama, Thriller, Crime"
It Ends with Us,"When a woman's first love suddenly reenters her life, her relationship with a charming, but abusive neurosurgeon is upended, and she realizes she must learn to rely on her own strength to make an impossible choice for her future.","Drama, Romance"
The Ministry of Ungentlemanly Warfare,"During World War II, the British Army assigns a group of competent soldiers to carry out a mission against the Nazi forces behind enemy lines... A true story about a secret British WWII organization – the Special Operations Executive. Founded by Winston Churchill, their irregular warfare against the Germans helped to change the course of the war, and gave birth to modern black operations.","Action, Comedy, War"
The Shining,"Jack Torrance accepts a caretaker job at the Overlook Hotel, where he, along with his wife Wendy and their son Danny, must live isolated from the rest of the world for the winter. But they aren't prepared for the madness that lurks within.","Horror, Thriller"
The Whale,A reclusive English teacher suffering from severe obesity attempts to reconnect with his estranged teenage daughter for one last chance at redemption.,Drama
Puss in Boots: The Last Wish,"Puss in Boots discovers that his passion for adventure has taken its toll: He has burned through eight of his nine lives, leaving him with only one life left. Puss sets out on an epic journey to find the mythical Last Wish and restore his nine lives.","Animation, Adventure, Fantasy, Comedy, Family"
Big Fish,"Throughout his life Edward Bloom has always been a man of big appetites, enormous passions and tall tales. In his later years, he remains a huge mystery to his son, William. Now, to get to know the real man, Will begins piecing together a true picture of his father from flashbacks of his amazing adventures.","Adventure, Fantasy, Drama"
The Creator,"Amid a future war between the human race and the forces of artificial intelligence, a hardened ex-special forces agent grieving the disappearance of his wife, is recruited to hunt down and kill the Creator, the elusive architect of advanced AI who has developed a mysterious weapon with the power to end the war—and mankind itself.","Science Fiction, Action, Adventure"
Sherlock Holmes,Eccentric consulting detective Sherlock Holmes and Doctor John Watson battle to bring down a new nemesis and unravel a deadly plot that could destroy England.,"Action, Adventure, Crime, Mystery"
Bagman,"For centuries and across cultures, parents have warned their children of the legendary Bagman, who snatches innocent children and stuffs them into his vile, rotting bag—never to be seen again. Patrick McKee narrowly escaped such an encounter as a boy, which left him with lasting scars throughout his adulthood. Now, Patrick’s childhood tormentor has returned, threatening the safety of his wife Karina and son Jake.","Horror, Thriller"
The Dictator,The heroic story of a dictator who risks his life to ensure that democracy would never come to the country he so lovingly oppressed.,Comedy
The Book of Eli,"A post-apocalyptic tale, in which a lone man fights his way across America in order to protect a sacred book that holds the secrets to saving humankind.","Action, Thriller, Science Fiction"
Uncut Gems,"A charismatic New York City jeweler always on the lookout for the next big score makes a series of high-stakes bets that could lead to the windfall of a lifetime. Howard must perform a precarious high-wire act, balancing business, family, and encroaching adversaries on all sides in his relentless pursuit of the ultimate win.","Drama, Thriller, Crime"
Burt,"Burt, a 69-year-old musician with Parkinson’s, has his life turned upside down when a man from New York shows up claiming to be his son. Having always dreamed of being a father, Burt embraces Sammy and invites him to stay for the weekend, where he lives with his grumpy landlord.",
Boogie Nights,"Set in 1977, back when sex was safe, pleasure was a business and business was booming, idealistic porn producer Jack Horner aspires to elevate his craft to an art form. Horner discovers Eddie Adams, a hot young talent working as a busboy in a nightclub, and welcomes him into the extended family of movie-makers, misfits and hangers-on that are always around. Adams' rise from nobody to a celebrity adult entertainer is meteoric, and soon the whole world seems to know his porn alter ego, ""Dirk Diggler"". Now, when disco and drugs are in vogue, fashion is in flux and the party never seems to stop, Adams' dreams of turning sex into stardom are about to collide with cold, hard reality.",Drama
Gran Torino,"Disgruntled Korean War veteran Walt Kowalski sets out to reform his neighbor, Thao Lor, a Hmong teenager who tried to steal Kowalski's prized possession: a 1972 Gran Torino.",Drama
Watchmen,"In a gritty and alternate 1985, the glory days of costumed vigilantes have been brought to a close by a government crackdown. But after one of the masked veterans is brutally murdered, an investigation into the killer is initiated. The reunited heroes set out to prevent their own destruction, but in doing so they uncover a sinister plot that puts all of humanity in grave danger.","Mystery, Action, Science Fiction"
Troy,"In year 1250 B.C. during the late Bronze age, two emerging nations begin to clash. Paris, the Trojan prince, convinces Helen, Queen of Sparta, to leave her husband Menelaus, and sail with him back to Troy. After Menelaus finds out that his wife was taken by the Trojans, he asks his brother Agamemnon to help him get her back. Agamemnon sees this as an opportunity for power. They set off with 1,000 ships holding 50,000 Greeks to Troy.","Adventure, History, War"
Blood Diamond,"An ex-mercenary turned smuggler. A Mende fisherman. Amid the explosive civil war overtaking 1999 Sierra Leone, these men join for two desperate missions: recovering a rare pink diamond of immense value and rescuing the fisherman's son, conscripted as a child soldier into the brutal rebel forces ripping a swath of torture and bloodshed countrywide.","Drama, Thriller, Action"
The Da Vinci Code,"A murder in Paris’ Louvre Museum and cryptic clues in some of Leonardo da Vinci’s most famous paintings lead to the discovery of a religious mystery. For 2,000 years a secret society closely guards information that — should it come to light — could rock the very foundations of Christianity.","Thriller, Mystery"
Alarum,"Two married spies caught in the crosshairs of an international intelligence network will stop at nothing to obtain a critical asset. Joe and Lara are agents living off the grid whose quiet retreat at a winter resort is blown to shreds when members of the old guard suspect the two may have joined an elite team of rogue spies, known as Alarum.","Action, Crime, Thriller"
John Wick: Chapter 4,"With the price on his head ever increasing, John Wick uncovers a path to defeating The High Table. But before he can earn his freedom, Wick must face off against a new enemy with powerful alliances across the globe and forces that turn old friends into foes.","Action, Thriller, Crime"
Psycho,"When larcenous real estate clerk Marion Crane goes on the lam with a wad of cash and hopes of starting a new life, she ends up at the notorious Bates Motel, where manager Norman Bates cares for his housebound mother.","Horror, Thriller, Mystery"
Batman Returns,"Batman must face The Penguin, a sewer-dwelling gangleader intent on being accepted into Gotham society.  Meanwhile, another Gotham resident finds herself transformed into Catwoman and is out for revenge...","Action, Fantasy"
Beverly Hills Cop: Axel F,"Forty years after his unforgettable first case in Beverly Hills, Detroit cop Axel Foley returns to do what he does best: solve crimes and cause chaos.","Action, Comedy, Crime"
The Impossible,"In December 2004, close-knit family Maria, Henry and their three sons begin their winter vacation in Thailand. But the day after Christmas, the idyllic holiday turns into an incomprehensible nightmare when a terrifying roar rises from the depths of the sea, followed by a wall of black water that devours everything in its path. Though Maria and her family face their darkest hour, unexpected displays of kindness and courage ameliorate their terror.","Drama, Thriller, History"
The Equalizer 3,"Robert McCall finds himself at home in Southern Italy but he discovers his friends are under the control of local crime bosses. As events turn deadly, McCall knows what he has to do: become his friends' protector by taking on the mafia.","Action, Thriller, Crime"
Spirited Away,"A young girl, Chihiro, becomes trapped in a strange new world of spirits. When her parents undergo a mysterious transformation, she must call upon the courage she never knew she had to free her family.","Animation, Family, Fantasy"
Anatomy of a Fall,"A woman is suspected of her husband's murder, and their blind son faces a moral dilemma as the sole witness.","Thriller, Mystery, Crime"
The Tomorrow War,"The world is stunned when a group of time travelers arrive from the year 2051 to deliver an urgent message: Thirty years in the future, mankind is losing a global war against a deadly alien species. The only hope for survival is for soldiers and civilians from the present to be transported to the future and join the fight. Among those recruited is high school teacher and family man Dan Forester. Determined to save the world for his young daughter, Dan teams up with a brilliant scientist and his estranged father in a desperate quest to rewrite the fate of the planet.","Action, Science Fiction, Adventure"
Raging Bull,"The life of boxer Jake LaMotta, whose violence and temper that led him to the top in the ring destroyed his life outside of it.",Drama
Shrek the Third,"The King of Far Far Away has died and Shrek and Fiona are to become King & Queen. However, Shrek wants to return to his cozy swamp and live in peace and quiet, so when he finds out there is another heir to the throne, they set off to bring him back to rule the kingdom.","Fantasy, Adventure, Animation, Comedy, Family"
Donnie Darko,"After narrowly escaping a bizarre accident, a troubled teenager is plagued by visions of a large bunny rabbit that manipulates him to commit a series of crimes.","Fantasy, Drama, Mystery"
Coco,"Despite his family’s baffling generations-old ban on music, Miguel dreams of becoming an accomplished musician like his idol, Ernesto de la Cruz. Desperate to prove his talent, Miguel finds himself in the stunning and colorful Land of the Dead following a mysterious chain of events. Along the way, he meets charming trickster Hector, and together, they set off on an extraordinary journey to unlock the real story behind Miguel's family history.","Family, Animation, Music, Adventure"
X-Men: Days of Future Past,The ultimate X-Men ensemble fights a war for the survival of the species across two time periods as they join forces with their younger selves in an epic battle that must change the past – to save our future.,"Action, Adventure, Science Fiction"
The Mummy,Dashing legionnaire Rick O'Connell stumbles upon the hidden ruins of Hamunaptra while in the midst of a battle to claim the area in 1920s Egypt. It has been over three thousand years since former High Priest Imhotep suffered a fate worse than death as a punishment for a forbidden love—along with a curse that guarantees eternal doom upon the world if he is ever awoken.,"Adventure, Action, Fantasy"
Past Lives,"Nora and Hae Sung, two childhood friends, are reunited in New York for one fateful week as they confront notions of destiny, love, and the choices that make a life.","Drama, Romance"
Alita: Battle Angel,"When Alita awakens with no memory of who she is in a future world she does not recognize, she is taken in by Ido, a compassionate doctor who realizes that somewhere in this abandoned cyborg shell is the heart and soul of a young woman with an extraordinary past.","Action, Science Fiction, Adventure"
Ford v Ferrari,"American car designer Carroll Shelby and the British-born driver Ken Miles work together to battle corporate interference, the laws of physics, and their own personal demons to build a revolutionary race car for Ford Motor Company and take on the dominating race cars of Enzo Ferrari at the 24 Hours of Le Mans in France in 1966.","Drama, Action, History"
Shazam!,A boy is given the ability to become an adult superhero in times of need with a single magic word.,"Action, Comedy, Fantasy"
Past Lives,"Nora and Hae Sung, two childhood friends, are reunited in New York for one fateful week as they confront notions of destiny, love, and the choices that make a life.","Drama, Romance"
Alita: Battle Angel,"When Alita awakens with no memory of who she is in a future world she does not recognize, she is taken in by Ido, a compassionate doctor who realizes that somewhere in this abandoned cyborg shell is the heart and soul of a young woman with an extraordinary past.","Action, Science Fiction, Adventure"
Ford v Ferrari,"American car designer Carroll Shelby and the British-born driver Ken Miles work together to battle corporate interference, the laws of physics, and their own personal demons to build a revolutionary race car for Ford Motor Company and take on the dominating race cars of Enzo Ferrari at the 24 Hours of Le Mans in France in 1966.","Drama, Action, History"
Shazam!,A boy is given the ability to become an adult superhero in times of need with a single magic word.,"Action, Comedy, Fantasy"
WALL·E,"What if mankind had to leave Earth and somebody forgot to turn the last robot off? After hundreds of years doing what he was built for, WALL•E discovers a new purpose in life when he meets a sleek search robot named EVE. EVE comes to realize that WALL•E has inadvertently stumbled upon the key to the planet's future, and races back to space to report to the humans. Meanwhile, WALL•E chases EVE across the galaxy and sets into motion one of the most imaginative adventures ever brought to the big screen.","Animation, Family, Science Fiction"
In Bruges,"Ray and Ken, two hit men, are in Bruges, Belgium, waiting for their next mission. While they are there they have time to think and discuss their previous assignment. When the mission is revealed to Ken, it is not what he expected.","Comedy, Drama, Crime"
The Banshees of Inisherin,"Two lifelong friends find themselves at an impasse when one abruptly ends their relationship, with alarming consequences for both of them.","Drama, Comedy"
Demon Slayer -Kimetsu no Yaiba- The Movie: Mugen Train,"Tanjiro Kamado, joined with Inosuke Hashibira, a boy raised by boars who wears a boar's head, and Zenitsu Agatsuma, a scared boy who reveals his true power when he sleeps, boards the Infinity Train on a new mission with the Fire Hashira, Kyojuro Rengoku, to defeat a demon who has been tormenting the people and killing the demon slayers who oppose it!","Animation, Action, Fantasy, Thriller"
Argo,"As the Iranian revolution reaches a boiling point, a CIA 'exfiltration' specialist concocts a risky plan to free six Americans who have found shelter at the home of the Canadian ambassador.","Drama, Thriller"
The 40 Year Old Virgin,"Andy Stitzer has a pleasant life with a nice apartment and a job stamping invoices at an electronics store. But at age 40, there's one thing Andy hasn't done, and it's really bothering his sex-obsessed male co-workers: Andy is still a virgin. Determined to help Andy get laid, the guys make it their mission to de-virginize him. But it all seems hopeless until Andy meets small business owner Trish, a single mom.","Comedy, Romance"
The Matrix Revolutions,The human city of Zion defends itself against the massive invasion of the machines as Neo fights to end the war at another front while also opposing the rogue Agent Smith.,"Adventure, Action, Thriller, Science Fiction"
Argylle,"When the plots of reclusive author Elly Conway's fictional espionage novels begin to mirror the covert actions of a real-life spy organization, quiet evenings at home become a thing of the past. Accompanied by her cat Alfie and Aiden, a cat-allergic spy, Elly races across the world to stay one step ahead of the killers as the line between Conway's fictional world and her real one begins to blur.","Action, Adventure, Comedy, Thriller"
2012,"Dr. Adrian Helmsley, part of a worldwide geophysical team investigating the effect on the earth of radiation from unprecedented solar storms, learns that the earth's core is heating up. He warns U.S. President Thomas Wilson that the crust of the earth is becoming unstable and that without proper preparations for saving a fraction of the world's population, the entire race is doomed. Meanwhile, writer Jackson Curtis stumbles on the same information. While the world's leaders race to build ""arks"" to escape the impending cataclysm, Curtis struggles to find a way to save his family. Meanwhile, volcanic eruptions and earthquakes of unprecedented strength wreak havoc around the world.","Action, Adventure, Science Fiction"
Monty Python and the Holy Grail,"King Arthur, accompanied by his squire, recruits his Knights of the Round Table, including Sir Bedevere the Wise, Sir Lancelot the Brave, Sir Robin the Not-Quite-So-Brave-As-Sir-Lancelot and Sir Galahad the Pure. On the way, Arthur battles the Black Knight who, despite having had all his limbs chopped off, insists he can still fight. They reach Camelot, but Arthur decides not  to enter, as ""it is a silly place"".","Adventure, Comedy, Fantasy"
Licorice Pizza,"The story of Gary Valentine and Alana Kane growing up, running around and going through the treacherous navigation of first love in the San Fernando Valley, 1973.","Drama, Comedy, Romance"
Enola Holmes,"While searching for her missing mother, intrepid teen Enola Holmes uses her sleuthing skills to outsmart big brother Sherlock and help a runaway lord.","Adventure, Mystery, Crime"
Mad Max,"In the ravaged near-future, a savage motorcycle gang rules the road. Terrorizing innocent civilians while tearing up the streets, the ruthless gang laughs in the face of a police force hell-bent on stopping them.","Adventure, Action, Thriller, Science Fiction"
The Expendables 2,"Mr. Church reunites the Expendables for what should be an easy paycheck, but when one of their men is murdered on the job, their quest for revenge puts them deep in enemy territory and up against an unexpected threat.","Action, Adventure, Thriller"
Hancock,"Hancock is a down-and-out superhero who's forced to employ a PR expert to help repair his image when the public grows weary of all the damage he's inflicted during his lifesaving heroics. The agent's idea of imprisoning the antihero to make the world miss him proves successful, but will Hancock stick to his new sense of purpose or slip back into old habits?","Fantasy, Action"
Sicario: Day of the Soldado,Agent Matt Graver teams up with operative Alejandro Gillick to prevent Mexican drug cartels from smuggling terrorists across the United States border.,"Action, Crime, Thriller"
The Expendables,"Barney Ross leads a band of highly skilled mercenaries including knife enthusiast Lee Christmas, a martial arts expert Yin Yang, heavy weapons specialist Hale Caesar, demolitionist Toll Road, and a loose-cannon sniper Gunner Jensen. When the group is commissioned by the mysterious Mr. Church to assassinate the dictator of a small South American island, Barney and Lee visit the remote locale to scout out their opposition and discover the true nature of the conflict engulfing the city.","Thriller, Adventure, Action"
Moonlight,"The tender, heartbreaking story of a young man’s struggle to find himself, told across three defining chapters in his life as he experiences the ecstasy, pain, and beauty of falling in love, while grappling with his own sexuality.",Drama
Eyes Wide Shut,"After Dr. Bill Harford's wife, Alice, admits to having sexual fantasies about a man she met, Bill becomes obsessed with having a sexual encounter. He discovers an underground sexual group and attends one of their meetings -- and quickly discovers that he is in over his head.","Drama, Thriller, Mystery"
Alien: Covenant,"The crew of the colony ship Covenant, bound for a remote planet on the far side of the galaxy, discovers what they think is an uncharted paradise but is actually a dark, dangerous world.","Science Fiction, Horror, Thriller"
Burn After Reading,"When a disc containing memoirs of a former CIA analyst falls into the hands of gym employees, Linda and Chad, they see a chance to make enough money for Linda to have life-changing cosmetic surgery. Predictably, events whirl out of control for the duo, and those in their orbit.","Comedy, Drama"
Death Proof,"Austin's hottest DJ, Jungle Julia, sets out into the night to unwind with her two friends Shanna and Arlene. Covertly tracking their moves is Stuntman Mike, a scarred rebel leering from behind the wheel of his muscle car, revving just feet away.","Action, Thriller"
Pi,"A mathematical genius discovers a link between numbers and reality, and thus believes he can predict the future.","Mystery, Drama, Thriller"
Goldfinger,"Special agent 007 comes face to face with one of the most notorious villains of all time, and now he must outwit and outgun the powerful tycoon to prevent him from cashing in on a devious scheme to raid Fort Knox -- and obliterate the world's economy.","Adventure, Action, Thriller"
Casablanca,"In Casablanca, Morocco in December 1941, a cynical American expatriate meets a former lover, with unforeseen complications.","Drama, Romance"
Asteroid City,"In an American desert town circa 1955, the itinerary of a Junior Stargazer/Space Cadet convention is spectacularly disrupted by world-changing events.","Comedy, Drama"
Fantastic Beasts and Where to Find Them,"In 1926, Newt Scamander arrives at the Magical Congress of the United States of America with a magically expanded briefcase, which houses a number of dangerous creatures and their habitats. When the creatures escape from the briefcase, it sends the American wizarding authorities after Newt, and threatens to strain even further the state of magical and non-magical relations.","Fantasy, Adventure"
Uncharted,"A young street-smart, Nathan Drake and his wisecracking partner Victor “Sully” Sullivan embark on a dangerous pursuit of “the greatest treasure never found” while also tracking clues that may lead to Nathan’s long-lost brother.","Action, Adventure"
Seven Psychopaths,A struggling screenwriter inadvertently becomes entangled in the Los Angeles criminal underworld after his oddball friends kidnap a gangster's beloved Shih Tzu.,"Comedy, Crime"
True Grit,"Following the murder of her father by a hired hand, a 14-year-old farm girl sets out to capture the killer. To aid her, she hires the toughest U.S. Marshal she can find—a man with 'true grit'—Reuben J. 'Rooster' Cogburn.","Drama, Adventure, Western"
Predators,A group of cold-blooded killers find themselves trapped on an alien planet to be hunted by extraterrestrial Predators.,"Science Fiction, Action, Thriller"
Godzilla Minus One,"In postwar Japan, Godzilla brings new devastation to an already scorched landscape. With no military intervention or government help in sight, the survivors must join together in the face of despair and fight back against an unrelenting horror.","Science Fiction, Horror, Action"
Capote,"A biopic of writer Truman Capote and his assignment for The New Yorker to write the non-fiction book ""In Cold Blood"".","Crime, Drama"
RoboCop,"In a violent, near-apocalyptic Detroit, evil corporation Omni Consumer Products wins a contract from the city government to privatize the police force. To test their crime-eradicating cyborgs, the company leads street cop Alex Murphy into an armed confrontation with crime lord Boddicker so they can use his body to support their untested RoboCop prototype. But when RoboCop learns of the company's nefarious plans, he turns on his masters.","Action, Thriller, Science Fiction"
Once Upon a Time in the West,"As the railroad builders advance unstoppably through the Arizona desert on their way to the sea, Jill arrives in the small town of Flagstone with the intention of starting a new life.","Drama, Western"
The Invisible Guest,"Barcelona, Spain. Adrián Doria, a young and successful businessman accused of murder, meets one night with Virginia Goodman, an expert interrogation lawyer, in order to devise a defense strategy.","Drama, Mystery, Thriller"
The Thing,"In the winter of 1982, a twelve-man research team at a remote Antarctic research station discovers an alien buried in the snow for over 100,000 years. Soon unfrozen, the form-changing creature wreaks havoc, creates terror... and becomes one of them.","Horror, Mystery, Science Fiction"
Wonder Woman 1984,A botched store robbery places Wonder Woman in a global battle against a powerful and mysterious ancient force that puts her powers in jeopardy.,"Action, Adventure, Fantasy"
Evil Dead,"Mia, a drug addict, is determined to kick the habit. To that end, she asks her brother, David, his girlfriend, Natalie and their friends Olivia and Eric to accompany her to their family's remote forest cabin to help her through withdrawal. Eric finds a mysterious Book of the Dead at the cabin and reads aloud from it, awakening an ancient demon. All hell breaks loose when the malevolent entity possesses Mia.",Horror
Now You See Me,An FBI agent and an Interpol detective track a team of illusionists who pull off bank heists during their performances and reward their audiences with the money.,"Thriller, Crime"
There Will Be Blood,"Ruthless silver miner, turned oil prospector, Daniel Plainview, moves to oil-rich California. Using his son to project a trustworthy, family-man image, Plainview cons local landowners into selling him their valuable properties for a pittance. However, local preacher Eli Sunday suspects Plainview's motives and intentions, starting a slow-burning feud that threatens both their lives.",Drama
Parthenope,"Parthenope, born in the sea near Naples in 1950, is beautiful, enigmatic, and intelligent. She is shamelessly courted by many. However, beauty comes at a cost.","Romance, Drama"
Knox Goes Away,"A contract killer, after being diagnosed with a fast-moving form of dementia, is presented with the opportunity to redeem himself by saving the life of his estranged adult son. But to do so, he must race against the police closing in on him as well as the ticking clock of his own rapidly deteriorating mind.","Action, Crime, Thriller"
Dog Man,"When a faithful police dog and his human police officer owner are injured together on the job, a harebrained but life-saving surgery fuses the two of them together and Dog Man is born. Dog Man is sworn to protect and serve—and fetch, sit and roll over. As Dog Man embraces his new identity and strives to impress his Chief, he must stop the pretty evil plots of feline supervillain Petey the Cat.","Family, Animation, Comedy, Action"
Renfield,"Having grown sick and tired of his centuries as Dracula's lackey, Renfield finds a new lease on life — and maybe even redemption — when he falls for feisty, perennially angry traffic cop Rebecca Quincy.","Comedy, Horror, Action"
Maleficent,"A beautiful, pure-hearted young woman, Maleficent has an idyllic life growing up in a peaceable forest kingdom, until one day when an invading army threatens the harmony of the land. She rises to be the land's fiercest protector, but she ultimately suffers a ruthless betrayal – an act that begins to turn her heart into stone. Bent on revenge, Maleficent faces an epic battle with the invading King's successor and, as a result, places a curse upon his newborn infant Aurora. As the child grows, Maleficent realizes that Aurora holds the key to peace in the kingdom – and to Maleficent's true happiness as well.","Fantasy, Adventure, Action, Family, Romance"
The Suicide Squad,"Supervillains Harley Quinn, Bloodsport, Peacemaker and a collection of nutty cons at Belle Reve prison join the super-secret, super-shady Task Force X as they are dropped off at the remote, enemy-infused island of Corto Maltese.","Action, Comedy, Adventure"
The Great Gatsby,"An adaptation of F. Scott Fitzgerald's Long Island-set novel, where Midwesterner Nick Carraway is lured into the lavish world of his neighbor, Jay Gatsby. Soon enough, however, Carraway will see through the cracks of Gatsby's nouveau riche existence, where obsession, madness, and tragedy await.","Drama, Romance"
Men in Black 3,"Agents J and K are back...in time. J has seen some inexplicable things in his 15 years with the Men in Black, but nothing, not even aliens, perplexes him as much as his wry, reticent partner. But when K's life and the fate of the planet are put at stake, Agent J will have to travel back in time to put things right. J discovers that there are secrets to the universe that K never told him - secrets that will reveal themselves as he teams up with the young Agent K to save his partner, the agency, and the future of humankind.","Action, Comedy, Science Fiction"
The Lord of the Rings: The War of the Rohirrim,"A sudden attack by Wulf, a clever and traitorous lord of Rohan seeking vengeance for the death of his father, forces Helm Hammerhand, the King of Rohan, and his people to make a daring last stand in the ancient stronghold of the Hornburg.","Animation, Fantasy, Adventure, Action"
Due Date,"Peter Highman must scramble across the US in five days to be present for the birth of his first child. He gets off to a bad start when his wallet and luggage are stolen, and put on the 'no-fly' list. Peter embarks on a terrifying journey when he accepts a ride from an actor.","Comedy, Drama"
Seven Pounds,An IRS agent with a fateful secret embarks on an extraordinary journey of redemption by forever changing the lives of seven strangers.,Drama
Blow,"A boy named George Jung grows up in a struggling family in the 1950's. His mother nags at her husband as he is trying to make a living for the family. It is finally revealed that George's father cannot make a living and the family goes bankrupt. George does not want the same thing to happen to him, and his friend Tuna, in the 1960's, suggests that he deal marijuana. He is a big hit in California in the 1960's, yet he goes to jail, where he finds out about the wonders of cocaine. As a result, when released, he gets rich by bringing cocaine to America. However, he soon pays the price.","Crime, Drama"
Edward Scissorhands,A small suburban town receives a visit from a castaway unfinished science experiment named Edward.,"Fantasy, Drama, Romance"
War for the Planet of the Apes,"Caesar and his apes are forced into a deadly conflict with an army of humans led by a ruthless Colonel. After the apes suffer unimaginable losses, Caesar wrestles with his darker instincts and begins his own mythic quest to avenge his kind. As the journey finally brings them face to face, Caesar and the Colonel are pitted against each other in an epic battle that will determine the fate of both their species and the future of the planet.","Drama, Science Fiction, War"
The Mummy Returns,"Rick and Evelyn O’Connell, along with their 8-year-old son Alex, discover the key to the legendary Scorpion King’s might: the fabled Bracelet of Anubis. Unfortunately, a newly resurrected Imhotep has designs on the bracelet as well, and isn’t above kidnapping its new bearer, Alex, to gain control of Anubis’s otherworldly army.","Adventure, Action, Fantasy"
Edward Scissorhands,A small suburban town receives a visit from a castaway unfinished science experiment named Edward.,"Fantasy, Drama, Romance"
War for the Planet of the Apes,"Caesar and his apes are forced into a deadly conflict with an army of humans led by a ruthless Colonel. After the apes suffer unimaginable losses, Caesar wrestles with his darker instincts and begins his own mythic quest to avenge his kind. As the journey finally brings them face to face, Caesar and the Colonel are pitted against each other in an epic battle that will determine the fate of both their species and the future of the planet.","Drama, Science Fiction, War"
The Mummy Returns,"Rick and Evelyn O’Connell, along with their 8-year-old son Alex, discover the key to the legendary Scorpion King’s might: the fabled Bracelet of Anubis. Unfortunately, a newly resurrected Imhotep has designs on the bracelet as well, and isn’t above kidnapping its new bearer, Alex, to gain control of Anubis’s otherworldly army.","Adventure, Action, Fantasy"
Total Recall,"Construction worker Douglas Quaid's obsession with the planet Mars leads him to visit Recall, a company that manufactures memories. When his memory implant goes wrong, Doug can no longer be sure what is and isn't reality.","Action, Adventure, Science Fiction"
Groundhog Day,"A narcissistic TV weatherman, along with his attractive-but-distant producer, and his mawkish cameraman, is sent to report on Groundhog Day in the small town of Punxsutawney, where he finds himself repeating the same day over and over.","Romance, Fantasy, Drama, Comedy"
Pirates of the Caribbean: On Stranger Tides,"Captain Jack Sparrow crosses paths with a woman from his past, and he's not sure if it's love — or if she's a ruthless con artist who's using him to find the fabled Fountain of Youth. When she forces him aboard the Queen Anne's Revenge, the ship of the formidable pirate Blackbeard, Jack finds himself on an unexpected adventure in which he doesn't know who to fear more: Blackbeard or the woman from his past.","Adventure, Action, Fantasy"
The Last Duel,"King Charles VI declares that Knight Jean de Carrouges settle his dispute with his squire, Jacques Le Gris, by challenging him to a duel.","History, Drama, Action"
Jack Reacher: Never Go Back,"Years after resigning command of an elite military police unit, the nomadic, righter-of-wrongs Reacher is drawn back into the life he left behind when his friend and successor, Major Susan Turner is framed for espionage. Reacher will stop at nothing to prove her innocence and to expose the real perpetrators behind the killings of his former soldiers.","Action, Thriller"
21 Jump Street,"When cops Schmidt and Jenko join the secret Jump Street unit, they use their youthful appearances to go undercover as high school students. They trade in their guns and badges for backpacks, and set out to shut down a dangerous drug ring. But, as time goes on, Schmidt and Jenko discover that high school is nothing like it was just a few years earlier -- and, what's more, they must again confront the teenage terror and anxiety they thought they had left behind.","Action, Comedy, Crime"
Borat: Cultural Learnings of America for Make Benefit Glorious Nation of Kazakhstan,"Kazakh journalist Borat Sagdiyev travels to America to make a documentary. As he zigzags across the nation, Borat meets real people in real situations with hysterical consequences. His backwards behavior generates strong reactions around him exposing prejudices and hypocrisies in American culture.",Comedy
Old,A group of families on a tropical holiday discover that the secluded beach where they are staying is somehow causing them to age rapidly – reducing their entire lives into a single day.,"Thriller, Mystery, Horror"
Onward,"In a suburban fantasy world, two teenage elf brothers embark on an extraordinary quest to discover if there is still a little magic left out there.","Family, Animation, Adventure, Comedy, Fantasy"
Indiana Jones and the Kingdom of the Crystal Skull,"Set during the Cold War, the Soviets—led by sword-wielding Irina Spalko—are in search of a crystal skull which has supernatural powers related to a mystical Lost City of Gold. Indy is coerced to head to Peru at the behest of a young man whose friend—and Indy's colleague—Professor Oxley has been captured for his knowledge of the skull's whereabouts.","Adventure, Action"
Elemental,"In a city where fire, water, land and air residents live together, a fiery young woman and a go-with-the-flow guy will discover something elemental: how much they have in common.","Animation, Comedy, Family, Fantasy, Romance"
Another Round,Four high school teachers launch a drinking experiment: upholding a constant low level of intoxication.,"Comedy, Drama"
Incredibles 2,"Elastigirl springs into action to save the day, while Mr. Incredible faces his greatest challenge yet – taking care of the problems of his three children.","Action, Adventure, Animation, Family"
District 9,"Thirty years ago, aliens arrive on Earth. Not to conquer or give aid, but to find refuge from their dying planet. Separated from humans in a South African area called District 9, the aliens are managed by Multi-National United, which is unconcerned with the aliens' welfare but will do anything to master their advanced technology. When a company field agent contracts a mysterious virus that begins to alter his DNA, there is only one place he can hide: District 9.",Science Fiction
Enemy of the State,"The life of labor lawyer and dedicated family man Robert Clayton Dean is turned upside down after a chance meeting with a college buddy while holiday shopping. Unbeknownst to Dean, he's just been burdened with a videotape of a congressman's assassination. Hot on the trail of this tape is a ruthless group of National Security Agents commanded by a belligerently ambitious NSA official named Reynolds. Using satellite surveillance, bugs, and other sophisticated snooping devices, the NSA infiltrates every facet of Dean's existence, tracing each physical and digital footprint he leaves while also framing him for murder. With the help of the mysterious Brill, he attempts to throw the NSA off his trail and prove his innocence.","Action, Drama, Thriller"
Starship Troopers,"Set in the future, the story follows a young soldier named Johnny Rico and his exploits in the Mobile Infantry. Rico's military career progresses from recruit to non-commissioned officer and finally to officer against the backdrop of an interstellar war between mankind and an arachnoid species known as ""the Bugs.""","Adventure, Action, Thriller, Science Fiction"
Snatch,"Unscrupulous boxing promoters, violent bookmakers, a Russian gangster, incompetent amateur robbers and supposedly Jewish jewelers fight to track down a priceless stolen diamond.","Crime, Comedy"
War of the Worlds,"Ray Ferrier is a divorced dockworker and less-than-perfect father. Soon after his ex-wife and her new husband drop off his teenage son and young daughter for a rare weekend visit, a strange and powerful lightning storm touches down.","Adventure, Thriller, Science Fiction"
Twelve Monkeys,"In the year 2035, convict James Cole reluctantly volunteers to be sent back in time to discover the origin of a deadly virus that wiped out nearly all of the earth's population and forced the survivors into underground communities. But when Cole is mistakenly sent to 1990 instead of 1996, he's arrested and locked up in a mental hospital. There he meets psychiatrist Dr. Kathryn Railly and the son of a famous virus expert who may hold the key to the Army of the 12 Monkeys; thought to be responsible for unleashing the killer disease.","Science Fiction, Thriller, Mystery"
Dumb and Dumber,"Lloyd and Harry are two men whose stupidity is really indescribable. When Mary, a beautiful woman, loses an important suitcase with money before she leaves for Aspen, the two friends (who have found the suitcase) decide to return it to her. After some ""adventures"" they finally get to Aspen where, using the lost money they live it up and fight for Mary's heart.",Comedy
Carlito's Way,"A Puerto-Rican ex-con, just released from prison, pledges to stay away from drugs and violence despite the pressure around him, and lead a better life outside NYC.","Crime, Drama, Thriller"
Jason Bourne,The most dangerous former operative of the CIA is drawn out of hiding to uncover hidden truths about his past.,"Action, Thriller"
Silver Linings Playbook,"After losing his job and wife, and spending time in a institution, a former teacher winds up living with his parents. He wants to rebuild his life and reconcile with his wife, but his father would be happy if he shared his obsession with the Philadelphia Eagles. Things get complicated when he meets a woman, who offers to help him reconnect with his wife, if he will do something very important for her in exchange.","Drama, Comedy, Romance"
Who Framed Roger Rabbit,"'Toon star Roger is worried that his wife Jessica is playing pattycake with someone else, so the studio hires detective Eddie Valiant to snoop on her. But the stakes are quickly raised when Marvin Acme is found dead and Roger is the prime suspect.","Fantasy, Animation, Comedy, Crime"
Marriage Story,"A stage director and an actress struggle through a grueling, coast-to-coast divorce that pushes them to their personal extremes.",Drama
The Nice Guys,A private eye investigates the apparent suicide of a fading porn star in 1970s Los Angeles and uncovers a conspiracy.,"Comedy, Crime, Action"
Back in Action,"Fifteen years after vanishing from the CIA to start a family, elite spies Matt and Emily jump back into the world of espionage when their cover is blown.","Action, Comedy"
A Quiet Place Part II,"Following the events at home, the Abbott family now face the terrors of the outside world. Forced to venture into the unknown, they realize that the creatures that hunt by sound are not the only threats that lurk beyond the sand path.","Science Fiction, Thriller, Horror"
Maleficent: Mistress of Evil,"Maleficent and her goddaughter Aurora begin to question the complex family ties that bind them as they are pulled in different directions by impending nuptials, unexpected allies, and dark new forces at play.","Family, Fantasy, Adventure, Action"
The Man from U.N.C.L.E.,"At the height of the Cold War, a mysterious criminal organization plans to use nuclear weapons and technology to upset the fragile balance of power between the United States and Soviet Union. CIA agent Napoleon Solo and KGB agent Illya Kuryakin are forced to put aside their hostilities and work together to stop the evildoers in their tracks. The duo's only lead is the daughter of a missing German scientist, whom they must find soon to prevent a global catastrophe.","Comedy, Action, Adventure"
Wanted,"Doormat Wesley Gibson is an office worker whose life is going nowhere. He meets a sexy woman named Fox and discovers that his recently murdered father - whom Wesley never knew - belonged to the Fraternity, a secret society of assassins which takes its orders from Fate itself. Fox and Sloan, the Fraternity's leader, teach Wesley, through intense training, to tap into dormant powers and hone his innate killing skills. Though he enjoys his newfound abilities, he begins to suspect that there is more to the Fraternity than meets the eye.","Action, Thriller, Crime"
Triple Frontier,"Struggling to make ends meet, former special ops soldiers reunite for a high-stakes heist: stealing $75 million from a South American drug lord.","Action, Thriller, Crime, Adventure"
Knight and Day,"A fugitive couple goes on a glamorous and sometimes deadly adventure where nothing and no one – even themselves – are what they seem. Amid shifting alliances and unexpected betrayals, they race across the globe, with their survival ultimately hinging on the battle of truth vs. trust.","Action, Comedy"
Mean Girls,"Cady Heron is a hit with The Plastics, the A-list girl clique at her new school, until she makes the mistake of falling for Aaron Samuels, the ex-boyfriend of alpha Plastic Regina George.","Drama, Comedy"
Tropic Thunder,"A group of self-absorbed actors set out to make the most expensive war film ever. After ballooning costs force the studio to cancel the movie, the frustrated director refuses to stop shooting, leading his cast into the jungles of Southeast Asia, where they encounter real bad guys.","Action, Comedy, Adventure, War"
First Man,"A look at the life of the astronaut, Neil Armstrong, and the legendary space mission that led him to become the first man to walk on the Moon on July 20, 1969.","History, Drama"
The Italian Job,"Charlie Croker pulled off the crime of a lifetime. The one thing that he didn't plan on was being double-crossed. Along with a drop-dead gorgeous safecracker, Croker and his team take off to re-steal the loot and end up in a pulse-pounding, pedal-to-the-metal chase that careens up, down, above and below the streets of Los Angeles.","Action, Crime"
Planet of the Apes,"Astronaut Taylor crash lands on a distant planet ruled by apes who use a primitive race of humans for experimentation and sport. Soon Taylor finds himself among the hunted, his life in the hands of a benevolent chimpanzee scientist.","Science Fiction, Adventure, Drama, Action"
Meet the Fockers,"Hard-to-crack ex-CIA man Jack Byrnes and his wife Dina head for the warmer climes of Florida to meet the parents of their son-in-law-to-be, Greg Focker. Unlike their happily matched offspring, the future in-laws find themselves in a situation of opposites that definitely do not attract.","Comedy, Romance"
Inside Man,"When an armed, masked gang enter a Manhattan bank, lock the doors and take hostages, the detective assigned to effect their release enters negotiations preoccupied with corruption charges he is facing.","Crime, Drama, Thriller"
Napoleon,"An epic that details the checkered rise and fall of French Emperor Napoleon Bonaparte and his relentless journey to power through the prism of his addictive, volatile relationship with his wife, Josephine.","History, War, Romance"
True Lies,"A fearless, globe-trotting, terrorist-battling secret agent has his life turned upside down when he discovers his wife might be having an affair with a used car salesman while terrorists smuggle nuclear war heads into the United States.","Action, Thriller"
Beverly Hills Cop,"Fast-talking, quick-thinking Detroit street cop Axel Foley has bent more than a few rules and regs in his time, but when his best friend is murdered, he heads to sunny Beverly Hills to work the case like only he can.","Comedy, Crime, Action"
Fast & Furious Presents: Hobbs & Shaw,"Ever since US Diplomatic Security Service Agent Hobbs and lawless outcast Shaw first faced off, they just have traded smack talk and body blows. But when cyber-genetically enhanced anarchist Brixton's ruthless actions threaten the future of humanity, they join forces to defeat him.","Action, Adventure, Comedy"
Kiss Kiss Bang Bang,A petty thief posing as an actor is brought to Los Angeles for an unlikely audition and finds himself in the middle of a murder investigation along with his high school dream girl and a detective who's been training him for his upcoming role...,"Comedy, Crime, Mystery, Thriller"
Flight,"Commercial airline pilot Whip Whitaker has a problem with drugs and alcohol, though so far he's managed to complete his flights safely. His luck runs out when a disastrous mechanical malfunction sends his plane hurtling toward the ground. Whip pulls off a miraculous crash-landing that results in only six lives lost. Shaken to the core, Whip vows to get sober -- but when the crash investigation exposes his addiction, he finds himself in an even worse situation.",Drama
Alien Resurrection,"Two hundred years after Lt. Ripley died, a group of scientists clone her, hoping to breed the ultimate weapon. But the new Ripley is full of surprises … as are the new aliens. Ripley must team with a band of smugglers to keep the creatures from reaching Earth.","Science Fiction, Horror, Action"
Squid Game: Making Season 2,"From set designs to character arcs, get exclusive cast and director interviews on how Season 2 of the globally most-watched series was brought to life.",Documentary
Anyone But You,"After an amazing first date, Bea and Ben’s fiery attraction turns ice cold — until they find themselves unexpectedly reunited at a destination wedding in Australia. So they do what any two mature adults would do: pretend to be a couple.","Romance, Comedy"
The Equalizer 2,"Robert McCall, who serves an unflinching justice for the exploited and oppressed, embarks on a relentless, globe-trotting quest for vengeance when his former partner is murdered.","Action, Thriller, Crime"
Parker,"A thief with a unique code of professional ethics is double-crossed by his crew and left for dead. Assuming a new disguise and forming an unlikely alliance with a woman on the inside, he looks to hijack the score of the crew's latest heist.","Action, Crime"
The Adventures of Tintin,"Intrepid young reporter, Tintin, and his loyal dog, Snowy, are thrust into a world of high adventure when they discover a ship carrying an explosive secret. As Tintin is drawn into a centuries-old mystery, Ivan Ivanovitch Sakharine suspects him of stealing a priceless treasure. Tintin and Snowy, with the help of salty, cantankerous Captain Haddock and bumbling detectives, Thompson and Thomson, travel half the world, one step ahead of their enemies, as Tintin endeavors to find the Unicorn, a sunken ship that may hold a vast fortune, but also an ancient curse.","Adventure, Animation, Mystery"
Scream,"A year after the murder of her mother, a teenage girl is terrorized by a masked killer who targets her and her friends by using scary movies as part of a deadly game.","Crime, Horror, Mystery"
Ne Zha,"The Primus extracts a Mixed Yuan Bead into a Spirit Seed and a Demon Pill. The Spirit Seed can be reincarnated as a human to help King Zhou establish a new dynasty, whereas the Demon Pill will create a devil threatening humanity. Ne Zha is the one who is destined to be the hero, but instead he becomes a devil incarnate, because the Spirit Seed and a Demon Pill are switched.","Animation, Fantasy, Adventure"
The Ballad of Buster Scruggs,"Vignettes weaving together the stories of six individuals in the old West at the end of the Civil War. Following the tales of a sharp-shooting songster, a wannabe bank robber, two weary traveling performers, a lone gold prospector, a woman traveling the West to an uncertain future, and a motley crew of strangers undertaking a carriage ride.","Western, Comedy, Drama, Music, Mystery, Romance"
The Green Hornet,"Britt Reid, the heir to the largest newspaper fortune in Los Angeles, is a spoiled playboy who has been, thus far, happy to lead an aimless life. After his father dies, Britt meets Kato, a resourceful company employee. Realizing that they have the talent and resources to make something of their lives, Britt and Kato join forces as costumed crime-fighters to bring down the city's most-powerful criminal, Chudnofsky.","Action, Crime, Comedy"
Warcraft,"The peaceful realm of Azeroth stands on the brink of war as its civilization faces a fearsome race of invaders: orc warriors fleeing their dying home to colonize another. As a portal opens to connect the two worlds, one army faces destruction and the other faces extinction. From opposing sides, two heroes are set on a collision course that will decide the fate of their family, their people, and their home.","Action, Adventure, Fantasy"
Us,"Husband and wife Gabe and Adelaide Wilson take their kids to their beach house expecting to unplug and unwind with friends. But as night descends, their serenity turns to tension and chaos when some shocking visitors arrive uninvited.","Horror, Thriller, Mystery"
Homefront,"Phil Broker is a former DEA agent who has gone through a crisis after his action against a biker gang went horribly wrong and it cost the life of his boss' son. He is recently widowed and is left with a 9-years-old daughter, Maddy. He decides to quit the turbulent and demanding life of thrill for Maddy's sake and retires to a small town. His daughter fights off a boy who was bullying her at school and this sets in motion a round of events that end in his direct confrontation with the local Meth drug lord. His past history with the biker gang also enters the arena, making matters more complex. But he has a mission in his mind to protect his daughter and he is ready to pay any cost that it demands.","Action, Thriller"
The Lost Boys,"When an unsuspecting town newcomer is drawn to local blood fiends, the Frog brothers and other unlikely heroes gear up to rescue him.","Horror, Comedy, Thriller"
Hummingbird,"Homeless and on the run from a military court martial, a damaged ex-special forces soldier navigating London's criminal underworld seizes an opportunity to assume another man's identity, transforming into an avenging angel in the process.","Action, Thriller"
Taken 2,"In Istanbul, retired CIA operative Bryan Mills and his wife are taken hostage by the father of a kidnapper Mills killed while rescuing his daughter.","Action, Crime, Thriller"
The Iceman,"The true story of Richard Kuklinski, the notorious contract killer and family man.","Thriller, Crime, Drama"
Safe House,"A dangerous CIA renegade resurfaces after a decade on the run. When the safe house he's remanded to is attacked by mercenaries, a rookie operative escapes with him. Now, the unlikely allies must stay alive long enough to uncover who wants them dead.","Action, Thriller"
The Fighter,"Boxer ""Irish"" Micky Ward's unlikely road to the world light welterweight title. His Rocky-like rise was shepherded by half-brother Dicky, a boxer-turned-trainer who rebounded in life after nearly being KO'd by drugs and crime.",Drama
The Town,"Doug MacRay is a longtime thief, who, smarter than the rest of his crew, is looking for his chance to exit the game. When a bank job leads to the group kidnapping an attractive branch manager, he takes on the role of monitoring her – but their burgeoning relationship threatens to unveil the identities of Doug and his crew to the FBI Agent who is on their case.","Crime, Drama, Thriller"
A Prophet,"Sentenced to six years in prison, Malik El Djebena is alone in the world and can neither read nor write. On his arrival at the prison, he seems younger and more brittle than the others detained there. At once he falls under the sway of a group of Corsicans who enforce their rule in the prison. As the 'missions' go by, he toughens himself and wins the confidence of the Corsican group.","Crime, Drama"
Public Enemies,"Depression-era bank robber John Dillinger's charm and audacity endear him to much of America's downtrodden public, but he's also a thorn in the side of J. Edgar Hoover and the fledgling FBI. Desperate to capture the elusive outlaw, Hoover makes Dillinger his first Public Enemy Number One and assigns his top agent, Melvin Purvis, the task of bringing him in dead or alive.","Crime, History, Drama"
The Sisters Brothers,"Oregon, 1851. Hermann Kermit Warm, a chemist and aspiring gold prospector, keeps a profitable secret that the Commodore wants to know, so he sends the Sisters brothers, two notorious assassins, to capture him on his way to California.","Western, Drama, Comedy"
Unknown,"A man awakens from a coma, only to discover that someone has taken on his identity and that no one, (not even his wife), believes him. With the help of a young woman, he sets out to prove who he is.","Action, Mystery, Thriller"
Moon,"With only three weeks left in his three-year contract, Sam Bell is getting anxious to finally return to Earth. He is the only occupant of a Moon-based manufacturing facility along with his computer and assistant, GERTY. When he has an accident however, he awakens to find that he is not alone.","Science Fiction, Drama"
The Death of Stalin,"When dictator Joseph Stalin dies, his parasitic cronies square off in a frantic power struggle to become the next Soviet leader. As they bumble, brawl and back-stab their way to the top, the question remains — just who is running the government?","Comedy, Drama, History"
The Exorcist,"When a charming 12-year-old girl takes on the characteristics and voices of others, doctors say there is nothing they can do. As people begin to die, the girl's mother realizes her daughter has been possessed by the devil - and that her daughter's only possible hope lies with two priests and the ancient rite of demonic exorcism.",Horror
Serpico,"Frank Serpico is an idealistic New York City cop who refuses to take bribes, unlike the rest of the force. Frank's actions get him shunned by the other officers, and often placed in dangerous situations by his partners. When his superiors ignore his accusations of corruption, Frank decides to go public with the allegations. Although this causes the Knapp Commission to investigate his claims, Frank has also placed a target on himself.","Crime, Drama"
Ronin,"A briefcase with undisclosed contents – sought by Irish terrorists and the Russian mob – makes its way into criminals' hands. An Irish liaison assembles a squad of mercenaries, or 'ronin', and gives them the thorny task of recovering the case.","Action, Thriller, Crime"
Crank,"Chev Chelios, a hit man wanting to go straight, lets his latest target slip away. Then he awakes the next morning to a phone call that informs him he has been poisoned and has only an hour to live unless he keeps adrenaline coursing through his body while he searches for an antidote.","Action, Thriller, Crime"
Fear and Loathing in Las Vegas,"Raoul Duke and his attorney Dr. Gonzo drive a red convertible across the Mojave desert to Las Vegas with a suitcase full of drugs to cover a motorcycle race. As their consumption of drugs increases at an alarming rate, the stoned duo trash their hotel room and fear legal repercussions. Duke begins to drive back to L.A., but after an odd run-in with a cop, he returns to Sin City and continues his wild drug binge.","Adventure, Drama, Comedy"
Serpico,"Frank Serpico is an idealistic New York City cop who refuses to take bribes, unlike the rest of the force. Frank's actions get him shunned by the other officers, and often placed in dangerous situations by his partners. When his superiors ignore his accusations of corruption, Frank decides to go public with the allegations. Although this causes the Knapp Commission to investigate his claims, Frank has also placed a target on himself.","Crime, Drama"
Ronin,"A briefcase with undisclosed contents – sought by Irish terrorists and the Russian mob – makes its way into criminals' hands. An Irish liaison assembles a squad of mercenaries, or 'ronin', and gives them the thorny task of recovering the case.","Action, Thriller, Crime"
Crank,"Chev Chelios, a hit man wanting to go straight, lets his latest target slip away. Then he awakes the next morning to a phone call that informs him he has been poisoned and has only an hour to live unless he keeps adrenaline coursing through his body while he searches for an antidote.","Action, Thriller, Crime"
Fear and Loathing in Las Vegas,"Raoul Duke and his attorney Dr. Gonzo drive a red convertible across the Mojave desert to Las Vegas with a suitcase full of drugs to cover a motorcycle race. As their consumption of drugs increases at an alarming rate, the stoned duo trash their hotel room and fear legal repercussions. Duke begins to drive back to L.A., but after an odd run-in with a cop, he returns to Sin City and continues his wild drug binge.","Adventure, Drama, Comedy"
Sleepers,Two gangsters seek revenge on the state jail worker who during their stay at a youth prison sexually abused them. A sensational court hearing takes place to charge him for the crimes.,"Crime, Drama, Thriller"
Beverly Hills Cop II,"Axel Foley returns to the land of sunshine and palm trees to investigate the near-fatal shooting of police Captain Andrew Bogomil. With the help of Sgt. Taggart and Det. Rosewood, they soon uncover that the shooting is associated with a series of ""alphabet"" robberies masterminded by a heartless weapons kingpin—and the chase is on.","Action, Comedy, Crime"
Primer,"Two fledgling inventors discover a complex method to manipulate reality. At first, they successfully game the stock market with it, but the consequences of the invention start to catch up with them.","Science Fiction, Drama, Thriller"
To Live and Die in L.A.,"When his longtime partner on the force is killed, reckless U.S. Secret Service agent Richard Chance vows revenge, setting out to nab dangerous counterfeit artist Eric Masters.","Crime, Thriller, Action"
JFK,Follows the investigation into the assassination of President John F. Kennedy led by New Orleans district attorney Jim Garrison.,"Drama, Thriller, History"
Vertigo,"A retired San Francisco detective suffering from acrophobia investigates the strange activities of an old friend's wife, all the while becoming dangerously obsessed with her.","Mystery, Romance, Thriller"
Manchester by the Sea,"After his older brother passes away, Lee Chandler is forced to return home to care for his 16-year-old nephew. There he is compelled to deal with a tragic past that separated him from his family and the community where he was born and raised.",Drama
Aliens vs Predator: Requiem,"After a horrifying PredAlien crash-lands near a small Colorado town, killing everyone it encounters and producing countless Alien offspring, a lone Predator arrives to ""clean up"" the infestation.","Action, Science Fiction, Thriller, Horror"
Gifted,"Frank, a single man raising his child prodigy niece Mary, is drawn into a custody battle with his mother.","Drama, Comedy"
Disturbia,"Kale has a life most teenagers would envy. He spends his days endlessly playing video games, surfing the net, eating junk food and watching cable. He has complete free reign of the house, and a beautiful young hottie named Ashley has just moved in next door. There’s only one problem—he’s not allowed to leave the house. Kale’s under court-ordered house arrest for three months, and if he takes one step beyond a 100-foot perimeter of the house, his next confinement will be in a real prison.","Thriller, Drama, Mystery"
The Orphanage,"A woman brings her family back to her childhood home, which used to be an orphanage, intent on reopening it. Before long, her son starts to communicate with a new invisible friend.","Horror, Drama, Thriller"
Rear Window,A wheelchair-bound photographer spies on his neighbors from his apartment window and becomes convinced one of them has committed murder.,"Thriller, Mystery"
The Texas Chain Saw Massacre,"Five friends head out to rural Texas to visit the grave of a grandfather. On the way they stumble across what appears to be a deserted house, only to discover something sinister within. Something armed with a chainsaw.",Horror
Network,"When veteran anchorman Howard Beale is forced to retire his 25-year post because of his age, he announces to viewers that he will kill himself during his farewell broadcast. Network executives rethink their decision when his fanatical tirade results in a spike in ratings.",Drama
No Way Out,"Navy Lt. Tom Farrell meets a young woman, Susan Atwell , and they share a passionate fling. Farrell then finds out that his superior, Defense Secretary David Brice, is also romantically involved with Atwell. When the young woman turns up dead, Farrell is put in charge of the murder investigation. He begins to uncover shocking clues about the case, but when details of his encounter with Susan surface, he becomes a suspect as well.","Thriller, Drama"
Blue Velvet,"The discovery of a severed human ear found in a field leads a young man on an investigation related to a beautiful, mysterious nightclub singer and a group of psychopathic criminals who have kidnapped her child.","Mystery, Thriller, Crime"
Iliza Shlesinger: A Different Animal,"Acclaimed comedian Iliza Shlesinger debuts on Amazon Prime with a no-holds-barred, explosive and relentlessly funny hour special where she covers everything from shower sex, ugly wives and the ideal man to the truth about the ONE thing no woman wants… in this special, nothing is off limits.",Comedy
Wallace & Gromit: Vengeance Most Fowl,"Gromit’s concern that Wallace is becoming too dependent on his inventions proves justified, when Wallace invents a “smart” gnome that seems to develop a mind of its own. When it emerges that a vengeful figure from the past might be masterminding things, it falls to Gromit to battle sinister forces and save his master… or Wallace may never be able to invent again!","Animation, Comedy, Family, Adventure"
The Shape of Water,"An other-worldly story, set against the backdrop of Cold War era America circa 1962, where a mute janitor working at a lab falls in love with an amphibious man being held captive there and devises a plan to help him escape.","Drama, Fantasy, Romance"
Twisters,"As storm season intensifies, the paths of former storm chaser Kate Carter and reckless social-media superstar Tyler Owens collide when terrifying phenomena never seen before are unleashed. The pair and their competing teams find themselves squarely in the paths of multiple storm systems converging over central Oklahoma in the fight of their lives.","Action, Thriller"
Bohemian Rhapsody,"Singer Freddie Mercury, guitarist Brian May, drummer Roger Taylor and bass guitarist John Deacon take the music world by storm when they form the rock 'n' roll band Queen in 1970. Hit songs become instant classics. When Mercury's increasingly wild lifestyle starts to spiral out of control, Queen soon faces its greatest challenge yet – finding a way to keep the band together amid the success and excess.","Music, Drama"
Lethal Weapon 4,"With personal crises and age weighing in on them, Riggs and Murtaugh must contend with deadly Chinese triads trying to free their former leaders from prison and onto American soil.","Action, Adventure, Comedy, Crime, Thriller"
#Alive,"As a grisly virus rampages a city, a lone man stays locked inside his apartment, digitally cut off from seeking help and desperate to find a way out.","Action, Horror"
Hustle,"After discovering a once-in-a-lifetime player with a rocky past abroad, a down on his luck basketball scout takes it upon himself to bring the phenom to the States without his team's approval. Against the odds, they have one final shot to prove they have what it takes to make it in the NBA.","Drama, Comedy"
Elysium,"In the year 2159, two classes of people exist: the very wealthy who live on a pristine man-made space station called Elysium, and the rest, who live on an overpopulated, ruined Earth. Secretary Rhodes, a hard line government ofﬁcial, will stop at nothing to enforce anti-immigration laws and preserve the luxurious lifestyle of the citizens of Elysium. That doesn’t stop the people of Earth from trying to get in, by any means they can. When unlucky Max is backed into a corner, he agrees to take on a daunting mission that, if successful, will not only save his life, but could bring equality to these polarized worlds.","Science Fiction, Action, Drama, Thriller"
Tangled,"Feisty teenager Rapunzel, who has long and magical hair, wants to go and see sky lanterns on her eighteenth birthday, but she's bound to a tower by her overprotective mother. She strikes a deal with Flynn Rider, a charming wanted thief, and the duo set off on an action-packed escapade.","Animation, Family, Adventure"
Okay! (The ASD Band Film),"Meet the four talented, autistic members of the ASD Band: piano prodigy Ron, with an impeccable memory for reciting the correct day of the week for any date in history; lead singer Rawan, who uses makeup to express herself and can hit an impressively high pitch; Spenser, an energetic drummer with an affinity for punk rock music; and guitarist Jackson, who loves all things 1950s. Their love of music brings them together to form one kick-ass garage band. After releasing a number of covers, the band is now embarking upon the challenging journey of writing their first album of original music. With the guidance of Maury, their musical director, the band's garage sessions segue to the recording studio, where for the first time each member shares their own compositions. Will they be able to pull it off and celebrate the launch with their first-ever public show?",Documentary
Slumdog Millionaire,"A teenager reflects on his life after being accused of cheating on the Indian version of ""Who Wants to be a Millionaire?"".","Drama, Romance"
Unbreakable,"An ordinary man makes an extraordinary discovery when a train accident leaves his fellow passengers dead — and him unscathed. The answer to this mystery could lie with the mysterious Elijah Price, a man who suffers from a disease that renders his bones as fragile as glass.","Thriller, Drama, Mystery"
50 First Dates,"Henry is a player skilled at seducing women. But when this veterinarian meets Lucy, a girl with a quirky problem when it comes to total recall, he realizes it's possible to fall in love all over again…and again, and again. That's because the delightful Lucy has no short-term memory, so Henry must woo her day after day until he finally sweeps her off her feet.","Comedy, Romance"
Notting Hill,"William Thacker is a London bookstore owner whose humdrum existence is thrown into romantic turmoil when famous American actress Anna Scott appears in his shop. A chance encounter over spilled orange juice leads to a kiss that blossoms into a full-blown affair. As the average bloke and glamorous movie star draw closer and closer together, they struggle to reconcile their radically different lifestyles in the name of love.","Romance, Comedy"
Ace Ventura: Pet Detective,"He's Ace Ventura: Pet Detective. Jim Carrey is on the case to find the Miami Dolphins' missing mascot and quarterback Dan Marino. He goes eyeball to eyeball with a man-eating shark, stakes out the Miami Dolphins and woos and wows the ladies. Whether he's undercover, under fire or underwater, he always gets his man… or beast!","Comedy, Mystery, Crime, Adventure"
Dogma,An abortion clinic worker with a special heritage is called upon to save the existence of humanity from being negated by two renegade angels trying to exploit a loophole and reenter Heaven.,"Fantasy, Comedy, Adventure"
Annihilation,"A biologist signs up for a dangerous, secret expedition into a mysterious zone where the laws of nature don't apply.","Science Fiction, Horror"
Fast Charlie,"When his aging mob boss is whacked, Charlie Swift, a loyal friend and hired gun, will stop at nothing to destroy the upcoming crew that took him out.","Action, Crime, Drama"
Oz the Great and Powerful,"Oscar Diggs, a small-time circus illusionist and con-artist, is whisked from Kansas to the Land of Oz where the inhabitants assume he's the great wizard of prophecy, there to save Oz from the clutches of evil.","Fantasy, Adventure, Family"
Fast Charlie,"When his aging mob boss is whacked, Charlie Swift, a loyal friend and hired gun, will stop at nothing to destroy the upcoming crew that took him out.","Action, Crime, Drama"
Oz the Great and Powerful,"Oscar Diggs, a small-time circus illusionist and con-artist, is whisked from Kansas to the Land of Oz where the inhabitants assume he's the great wizard of prophecy, there to save Oz from the clutches of evil.","Fantasy, Adventure, Family"
Showgirls,"Fresh to Las Vegas with no connections, Nomi Malone takes a job as an exotic dancer. Her talents are quickly noticed by Cristal, a headlining dancer who senses an opportunity to bolster her own act. But Nomi won’t play second fiddle and soon begins her venomous path to the top, ruthlessly backstabbing anyone who gets in her way.",Drama
Horrible Bosses,"For Nick, Kurt and Dale, the only thing that would make the daily grind more tolerable would be to grind their intolerable bosses into dust. Quitting is not an option, so, with the benefit of a few-too-many drinks and some dubious advice from a hustling ex-con, the three friends devise a convoluted and seemingly foolproof plan to rid themselves of their respective employers... permanently.","Comedy, Crime"
The Ninth Gate,"A rare book dealer finds himself at the heart of a string of paranormal events when he is hired to find the last two copies of a text, The Nine Gates of the Kingdom of Shadows, capable of summoning the Devil.","Mystery, Thriller, Horror"
Terrifier 3,"Five years after surviving Art the Clown's Halloween massacre, Sienna and Jonathan are still struggling to rebuild their shattered lives. As the holiday season approaches, they try to embrace the Christmas spirit and leave the horrors of the past behind. But just when they think they're safe, Art returns, determined to turn their holiday cheer into a new nightmare. The festive season quickly unravels as Art unleashes his twisted brand of terror, proving that no holiday is safe.","Horror, Thriller"
Men in Black: International,"The Men in Black have always protected the Earth from the scum of the universe. In this new adventure, they tackle their biggest, most global threat to date: a mole in the Men in Black organization.","Comedy, Science Fiction, Action"
Planet of the Apes,"After a spectacular crash-landing on an uncharted planet, brash astronaut Leo Davidson finds himself trapped in a savage world where talking apes dominate the human race. Desperate to find a way home, Leo must evade the invincible gorilla army led by Ruthless General Thade.","Thriller, Science Fiction, Action, Adventure"
Men in Black II,"Kay and Jay reunite to provide our best, last and only line of defense against a sinister seductress who levels the toughest challenge yet to the MIB's untarnished mission statement – protecting Earth from the scum of the universe. It's been four years since the alien-seeking agents averted an intergalactic disaster of epic proportions. Now it's a race against the clock as Jay must convince Kay – who not only has absolutely no memory of his time spent with the MIB, but is also the only living person left with the expertise to save the galaxy – to reunite with the MIB before the earth submits to ultimate destruction.","Action, Comedy, Science Fiction"
Ferdinand,"Ferdinand, a little bull, prefers sitting quietly under a cork tree just smelling the flowers versus jumping around, snorting, and butting heads with other bulls. As Ferdinand grows big and strong, his temperament remains mellow, but one day five men come to choose the ""biggest, fastest, roughest bull"" for the bullfights in Madrid and Ferdinand is mistakenly chosen.  Based on the classic 1936 children's book by Munro Leaf.","Animation, Family, Adventure, Comedy"
Swordfish,"Rogue agent Gabriel Shear is determined to get his mitts on $9 billion stashed in a secret Drug Enforcement Administration account. He wants the cash to fight terrorism, but lacks the computer skills necessary to hack into the government mainframe. Enter Stanley Jobson, a n'er-do-well encryption expert who can log into anything.","Action, Crime, Thriller"
You've Got Mail,"Book superstore magnate, Joe Fox and independent book shop owner, Kathleen Kelly fall in love in the anonymity of the Internet—both blissfully unaware that he's trying to put her out of business.","Comedy, Romance"
There's Something About Mary,"For Ted, prom night went about as bad as it’s possible for any night to go. Thirteen years later, he finally gets another chance with his old prom date, only to run up against other suitors including the sleazy detective he hired to find her.","Romance, Comedy"
Terminator Salvation,"All grown up in post-apocalyptic 2018, John Connor must lead the resistance of humans against the increasingly dominating militaristic robots. But when Marcus Wright appears, his existence confuses the mission as Connor tries to determine whether Wright has come from the future or the past -- and whether he's friend or foe.","Action, Science Fiction, Thriller"
Christopher Robin,"Christopher Robin, the boy who had countless adventures in the Hundred Acre Wood, has grown up and lost his way. Now it’s up to his spirited and loveable stuffed animals, Winnie The Pooh, Tigger, Piglet, and the rest of the gang, to rekindle their friendship and remind him of endless days of childlike wonder and make-believe, when doing nothing was the very best something.","Adventure, Comedy, Family, Fantasy"
U.S. Marshals,"U.S. Marshal Sam Gerard is accompanying a plane load of convicts from Chicago to New York. The plane crashes spectacularly, and Mark Sheridan escapes. But when Diplomatic Security Agent John Royce is assigned to help Gerard recapture Sheridan, it becomes clear that Sheridan is more than just another murderer.","Thriller, Crime, Action"
Desperado,"El Mariachi plunges headfirst into the dark border underworld when he follows a trail of blood to the last of the infamous Mexican drug lords, Bucho, for an action-packed, bullet-riddled showdown. With the help of his friend and a beautiful bookstore owner, El Mariachi tracks Bucho, takes on his army of desperados, and leaves his own trail of blood.","Thriller, Action, Crime"
The Fugitive,"Wrongfully convicted of murdering his wife and sentenced to death, Richard Kimble escapes from the law in an attempt to find the real killer and clear his name.","Action, Thriller, Drama"
Addams Family Values,"Siblings Wednesday and Pugsley Addams will stop at nothing to get rid of Pubert, the new baby boy adored by parents Gomez and Morticia. Things go from bad to worse when the new ""black widow"" nanny, Debbie Jellinsky, launches her plan to add Fester to her collection of dead husbands.","Comedy, Family, Fantasy"
Payback,"With friends like these, who needs enemies? That's the question bad guy Porter is left asking after his wife and partner steal his heist money and leave him for dead -- or so they think. Five months and an endless reservoir of bitterness later, Porter's partners and the crooked cops on his tail learn how bad payback can be.","Action, Drama, Crime, Thriller"
Hot Shots!,"The gang that created Airplane and The Naked Gun sets its sights on Top Gun in this often hilarious spoof starring Charlie Sheen, who previously only inspired laughs with his personal life. He plays Topper Harley, a fighter pilot with an axe to grind: clearing the family name. He gets involved in a relationship with Valerie Golino, a woman with an unusually talented stomach. But his mission is to avenge his father. Lloyd Bridges, late in his career, revealed an aptitude for this kind of silliness, here as a commander who is both incredibly dim and delightfully accident prone. Directed by Jim Abrahams, the film makes fun of a variety of other films as well, from Dances with Wolves to The Fabulous Baker Boys. It was so successful that they all returned in the sequel, Hot Shots! Part Deux.","Action, Comedy, War"
Hot Shots! Part Deux,"Topper Harley is found to be working as an odd-job-man in a monastery. The CIA want him to lead a rescue mission into Iraq, to rescue the last rescue team, who went in to rescue the last rescue team—who went in to rescue hostages left behind after Desert Storm.","Action, Comedy, War"
The Amazing Spider-Man,"Peter Parker is an outcast high schooler abandoned by his parents as a boy, leaving him to be raised by his Uncle Ben and Aunt May. Like most teenagers, Peter is trying to figure out who he is and how he got to be the person he is today. As Peter discovers a mysterious briefcase that belonged to his father, he begins a quest to understand his parents' disappearance – leading him directly to Oscorp and the lab of Dr. Curt Connors, his father's former partner. As Spider-Man is set on a collision course with Connors' alter ego, The Lizard, Peter will make life-altering choices to use his powers and shape his destiny to become a hero.","Action, Adventure, Science Fiction"
Justice League: Crisis on Infinite Earths Part One,"Death is coming. Worse than death: oblivion. Not just for our Earth, but for everyone, everywhere, in every universe! Against this ultimate destruction, the mysterious Monitor has gathered the greatest team of Super Heroes ever assembled. But what can the combined might of Superman, Wonder Woman, Batman, The Flash, Green Lantern and hundreds of Super Heroes from multiple Earths even do to save all of reality from an unstoppable antimatter armageddon?!","Animation, Science Fiction, Action"
Life of Pi,"The story of an Indian boy named Pi, a zookeeper's son who finds himself in the company of a hyena, zebra, orangutan, and a Bengal tiger after a shipwreck sets them adrift in the Pacific Ocean.","Adventure, Drama"
The Chronicles of Narnia: The Voyage of the Dawn Treader,"This time around Edmund and Lucy Pevensie, along with their pesky cousin Eustace Scrubb find themselves swallowed into a painting and on to a fantastic Narnian ship headed for the very edges of the world.","Adventure, Family, Fantasy"
Shooter,"A top Marine sniper, Bob Lee Swagger, leaves the military after a mission goes horribly awry and disappears, living in seclusion. He is coaxed back into service after a high-profile government official convinces him to help thwart a plot to kill the President of the United States. Ultimately double-crossed and framed for the attempt, Swagger becomes the target of a nationwide manhunt. He goes on the run to track the real killer and find out who exactly set him up, and why, eventually seeking revenge against some of the most powerful and corrupt leaders in the free world.","Drama, Action, Thriller"
Minari,"A Korean American family moves to an Arkansas farm in search of its own American dream. Amidst the challenges of this new life in the strange and rugged Ozarks, they discover the undeniable resilience of family and what really makes a home.",Drama
News of the World,"A Texan traveling across the wild West bringing the news of the world to local townspeople, agrees to help rescue a young girl who was kidnapped.","Drama, Western, Adventure"
Only the Brave,Members of the Granite Mountain Hotshots battle deadly wildfires to save an Arizona town.,"Drama, Action"
The Bucket List,"Corporate billionaire Edward Cole and working class mechanic Carter Chambers are worlds apart. At a crossroads in their lives, they share a hospital room and discover they have two things in common: a desire to spend the time they have left doing everything they ever wanted to do and an unrealized need to come to terms with who they are. Together they embark on the road trip of a lifetime, becoming friends along the way and learning to live life to the fullest, with insight and humor.","Drama, Comedy"
Rampage,"Primatologist Davis Okoye shares an unshakable bond with George, the extraordinarily intelligent, silverback gorilla who has been in his care since birth.  But a rogue genetic experiment gone awry mutates this gentle ape into a raging creature of enormous size.  To make matters worse, it’s soon discovered there are other similarly altered animals.  As these newly created alpha predators tear across North America, destroying everything in their path, Okoye teams with a discredited genetic engineer to secure an antidote, fighting his way through an ever-changing battlefield, not only to halt a global catastrophe but to save the fearsome creature that was once his friend.","Action, Adventure, Science Fiction"
Fallen,"Homicide detective John Hobbes witnesses the execution of serial killer Edgar Reese. Soon after the execution the killings start again, and they are very similar to Reese's style.","Crime, Drama, Thriller"
Death Becomes Her,"Madeline is married to Ernest, who was once arch-rival Helen's fiance. After recovering from a mental breakdown, Helen vows to kill Madeline and steal back Ernest. Unfortunately for everyone, the introduction of a magic potion causes things to be a great deal more complicated than a mere murder plot.","Comedy, Fantasy, Horror"
The Cell,A psychotherapist journeys inside a comatose serial killer in the hopes of saving his latest victim.,"Horror, Science Fiction, Thriller"
8MM,"A small, seemingly innocuous plastic reel of film leads surveillance specialist Tom Welles down an increasingly dark and frightening path. With the help of the streetwise Max, he relentlessly follows a bizarre trail of evidence to determine the fate of a complete stranger. As his work turns into obsession, he drifts farther and farther away from his wife, family and simple life as a small-town PI.","Thriller, Crime, Mystery"
The Patriot,"After proving himself on the field of battle in the French and Indian War, Benjamin Martin wants nothing more to do with such things, preferring the simple life of a farmer. But when his son Gabriel enlists in the army to defend their new nation, America, against the British, Benjamin reluctantly returns to his old life to protect his son.","Drama, History, War, Action"
Cube,"A group of strangers find themselves trapped in a maze-like prison. It soon becomes clear that each of them possesses the peculiar skills necessary to escape, if they don't wind up dead first.","Thriller, Science Fiction, Mystery"
Spenser Confidential,"Spenser, a former Boston patrolman who just got out from prison, teams up with Hawk, an aspiring fighter, to unravel the truth behind the death of two police officers.","Comedy, Action, Thriller"
Bloodshot,"After he and his wife are murdered, marine Ray Garrison is resurrected by a team of scientists. Enhanced with nanotechnology, he becomes a superhuman, biotech killing machine—'Bloodshot'. As Ray first trains with fellow super-soldiers, he cannot recall anything from his former life. But when his memories flood back and he remembers the man that killed both him and his wife, he breaks out of the facility to get revenge, only to discover that there's more to the conspiracy than he thought.","Action, Science Fiction, Adventure"
Death Becomes Her,"Madeline is married to Ernest, who was once arch-rival Helen's fiance. After recovering from a mental breakdown, Helen vows to kill Madeline and steal back Ernest. Unfortunately for everyone, the introduction of a magic potion causes things to be a great deal more complicated than a mere murder plot.","Comedy, Fantasy, Horror"
The Cell,A psychotherapist journeys inside a comatose serial killer in the hopes of saving his latest victim.,"Horror, Science Fiction, Thriller"
8MM,"A small, seemingly innocuous plastic reel of film leads surveillance specialist Tom Welles down an increasingly dark and frightening path. With the help of the streetwise Max, he relentlessly follows a bizarre trail of evidence to determine the fate of a complete stranger. As his work turns into obsession, he drifts farther and farther away from his wife, family and simple life as a small-town PI.","Thriller, Crime, Mystery"
The Patriot,"After proving himself on the field of battle in the French and Indian War, Benjamin Martin wants nothing more to do with such things, preferring the simple life of a farmer. But when his son Gabriel enlists in the army to defend their new nation, America, against the British, Benjamin reluctantly returns to his old life to protect his son.","Drama, History, War, Action"
Cube,"A group of strangers find themselves trapped in a maze-like prison. It soon becomes clear that each of them possesses the peculiar skills necessary to escape, if they don't wind up dead first.","Thriller, Science Fiction, Mystery"
Spenser Confidential,"Spenser, a former Boston patrolman who just got out from prison, teams up with Hawk, an aspiring fighter, to unravel the truth behind the death of two police officers.","Comedy, Action, Thriller"
Bloodshot,"After he and his wife are murdered, marine Ray Garrison is resurrected by a team of scientists. Enhanced with nanotechnology, he becomes a superhuman, biotech killing machine—'Bloodshot'. As Ray first trains with fellow super-soldiers, he cannot recall anything from his former life. But when his memories flood back and he remembers the man that killed both him and his wife, he breaks out of the facility to get revenge, only to discover that there's more to the conspiracy than he thought.","Action, Science Fiction, Adventure"
A Monster Calls,"A boy imagines a monster that helps him deal with his difficult life and see the world in a different way. Conor, a twelve-year-old boy, encounters an ancient tree monster who proceeds to help him cope with his mother's terminal illness and being bullied in school.","Fantasy, Adventure, Family"
Dog Day Afternoon,"Based on the true story of would-be Brooklyn bank robbers John Wojtowicz and Salvatore Naturile. Sonny and Sal attempt a bank heist which quickly turns sour and escalates into a hostage situation and stand-off with the police. As Sonny's motives for the robbery are slowly revealed and things become more complicated, the heist turns into a media circus.","Crime, Drama, Thriller"
Predator 2,A police chief in the war-torn streets of Los Angeles discovers that an extraterrestrial creature is hunting down residents - and that he is the next target.,"Science Fiction, Action, Thriller"
Elevation,A single father and two women venture from the safety of their homes to face monstrous creatures to save the life of a young boy.,"Action, Science Fiction, Thriller"
The Social Dilemma,"This documentary-drama hybrid explores the dangerous human impact of social networking, with tech experts sounding the alarm on their own creations.","Documentary, Drama"
The Banker,"In the 1960s, two entrepreneurs hatch an ingenious business plan to fight for housing integration—and equal access to the American Dream.",Drama
"I, Daniel Blake","A middle aged carpenter, who requires state welfare after injuring himself, is joined by a single mother in a similar scenario.",Drama
This Is 40,"Pete and Debbie are both about to turn 40, their kids hate each other, both of their businesses are failing, they're on the verge of losing their house, and their relationship is threatening to fall apart.",Comedy
Queer,"1950. William Lee, an American expat in Mexico City, spends his days almost entirely alone, except for a few contacts with other members of the small American community. His encounter with Eugene Allerton, an expat former soldier, new to the city, shows him, for the first time, that it might be finally possible to establish an intimate connection with somebody.","Drama, Romance"
Godzilla: King of the Monsters,"Follows the heroic efforts of the crypto-zoological agency Monarch as its members face off against a battery of god-sized monsters, including the mighty Godzilla, who collides with Mothra, Rodan, and his ultimate nemesis, the three-headed King Ghidorah. When these ancient super-species, thought to be mere myths, rise again, they all vie for supremacy, leaving humanity's very existence hanging in the balance.","Science Fiction, Action"
Jack Ryan: Shadow Recruit,"Jack Ryan, as a young covert CIA analyst, uncovers a Russian plot to crash the U.S. economy with a terrorist attack.","Action, Drama, Thriller"
"Batman: The Dark Knight Returns, Part 1","Batman has not been seen for ten years. A new breed of criminal ravages Gotham City, forcing 55-year-old Bruce Wayne back into the cape and cowl. But, does he still have what it takes to fight crime in a new era?","Science Fiction, Action, Animation, Mystery"
The Last Stand,"Ray Owens is sheriff of the quiet US border town of Sommerton Junction after leaving the LAPD following a bungled operation. Following his escape from the FBI, a notorious drug baron, his gang, and a hostage are heading toward Sommerton Junction where the police are preparing to make a last stand to intercept them before they cross the border. Owens is reluctant to become involved but ultimately joins in with the law enforcement efforts","Action, Crime, Thriller"
Machete,"After being set-up and betrayed by the man who hired him to assassinate a Texas Senator, an ex-Federale launches a brutal rampage of revenge against his former boss.","Action, Comedy, Thriller"
Up in the Air,"Corporate downsizing expert Ryan Bingham spends his life in planes, airports, and hotels, but just as he’s about to reach a milestone of ten million frequent flyer miles, he meets a woman who causes him to rethink his transient life.","Drama, Romance"
Edge of Darkness,"As a seasoned homicide detective, Thomas Craven has seen the bleakest side of humanity. But nothing prepares him for the toughest investigation of his life: the search for his only daughter Emma's killer. Now, he is on a personal mission to uncover the disturbing secrets surrounding her murder, including corporate corruption, government collusion and Emma's own mysterious life.","Crime, Drama, Mystery, Thriller"
Humanist Vampire Seeking Consenting Suicidal Person,"Sasha is a young vampire with a serious problem: she's too sensitive to kill. When her exasperated parents cut off her blood supply, Sasha's life is in jeopardy. Luckily, she meets Paul, a lonely teenager with suicidal tendencies who is willing to give his life to save hers. But their friendly agreement soon becomes a nocturnal quest to fulfill Paul's last wishes before day breaks.","Romance, Comedy, Fantasy, Horror"
The Hate U Give,"Raised in a poverty-stricken slum, a 16-year-old girl named Starr now attends a suburban prep school. After she witnesses a police officer shoot her unarmed best friend, she's torn between her two very different worlds as she tries to speak her truth.","Crime, Drama"
The Spy Who Dumped Me,A couple of thirtysomething best friends unwittingly become entangled in an international conspiracy when one’s ex-boyfriend shows up at their apartment with a team of deadly assassins on his trail.,"Comedy, Action, Adventure"
Don't Breathe,A group of teens break into a blind man's home thinking they'll get away with the perfect crime. They're wrong.,"Horror, Thriller"
A Murder of Crows,"In the wake of a career-ending scandal, disgraced lawyer Lawson Russell moves to Key West, where he befriends aging novelist Christopher Marlowe. After letting Russell borrow his latest manuscript, Marlowe dies of a heart attack. When Russell publishes the dead man's manuscript under his own name, he makes the best-seller list—and unwittingly becomes the prime suspect in the investigation of a grisly multiple homicide.","Thriller, Action, Crime"
The Wrestler,"Aging wrestler Randy ""The Ram"" Robinson is long past his prime but still ready and rarin' to go on the pro-wrestling circuit. After a particularly brutal beating, however, Randy hangs up his tights, pursues a serious relationship with a long-in-the-tooth stripper, and tries to reconnect with his estranged daughter. But he can't resist the lure of the ring and readies himself for a comeback.","Drama, Romance"
Under Suspicion,"A lawyer is asked to come to the police station to clear up a few loose ends in his witness report of a foul murder. ""This will only take ten minutes"", they say, but it turns out to be one loose end after another, and the ten minutes he is away from his speech become longer and longer.","Thriller, Crime, Drama"
The Siege,"The secret US abduction of a suspected terrorist from his Middle East homeland leads to a wave of terrorist attacks in New York.  An FBI senior agent and his team attempt to locate and decommission the enemy cells, but must also deal with an Army General gone rogue and a female CIA agent of uncertain loyalties.","Drama, Action, Thriller, Crime"
Scent of a Woman,"Charlie Simms is a student at a private preparatory school who comes from a poor family. To earn the money for his flight home to Gresham, Oregon for Christmas, Charlie takes a job over Thanksgiving looking after retired U.S. Army officer Lieutenant Colonel Frank Slade, a cantankerous middle-aged man who lives with his niece and her family.","Drama, Comedy"
Six Days Seven Nights,"In the South Pacific island of Makatea, career-driven magazine editor Robin Monroe is on a week-long vacation getaway with her boyfriend, Frank Martin. An emergency work assignment in neighboring Tahiti requires Robin to hire the cantankerous pilot Quinn Harris who had flown them to Makatea on a small transport plane. While flying, a powerful storm forces Quinn to make an emergency landing on a nearby deserted island. The dissimilar pair avoid each other at first, until they're forced to team up to escape from the island -- and some pirates who want their heads.","Comedy, Action, Adventure, Romance"
The Machinist,"Trevor, an insomniac lathe operator, experiences unusual occurrences at work and home. A strange man follows him everywhere, but no one else seems to notice him.","Thriller, Drama"
Be Cool,"Disenchanted with the movie industry, Chili Palmer tries the music industry, meeting and romancing a widow of a music executive along the way.","Comedy, Crime"
Battle for the Planet of the Apes,"The fifth and final episode in the Planet of the Apes series. After the collapse of human civilization, a community of intelligent apes led by Caesar lives in harmony with a group of humans. Gorilla General Aldo tries to cause an ape civil war and a community of human mutants who live beneath a destroyed city try to conquer those whom they perceive as enemies. All leading to the finale.","Action, Science Fiction"
Conquest of the Planet of the Apes,"In a futuristic world that has embraced ape slavery, a chimpanzee named Caesar resurfaces after almost twenty years of hiding from the authorities, and prepares for a revolt against humanity.","Action, Science Fiction"
Persona,"A young nurse, Alma, is put in charge of Elisabeth Vogler: an actress who is seemingly healthy in all respects, but will not talk. As they spend time together, Alma speaks to Elisabeth constantly, never receiving any answer.",Drama
Lucky Number Slevin,"Slevin is mistakenly put in the middle of a personal war between the city’s biggest criminal bosses. Under constant watch, Slevin must try not to get killed by an infamous assassin and come up with an idea of how to get out of his current dilemma.","Drama, Thriller, Crime, Mystery"
Patriots Day,"In the aftermath of an unspeakable act of terror, Police Sergeant Tommy Saunders joins courageous survivors, first responders and investigators in a race against the clock to hunt down the Boston Marathon bombers before they strike again.","Action, Crime, Drama, History, Thriller"
Menace II Society,A young street hustler attempts to escape the rigors and temptations of the ghetto in a quest for a better life.,"Drama, Crime, Thriller"
Mad Max Beyond Thunderdome,"Mad Max becomes a pawn in a decadent oasis of a technological society, and when exiled, becomes the deliverer of a colony of children.","Action, Adventure, Science Fiction"
Beneath the Planet of the Apes,"The sole survivor of an interplanetary rescue mission lands on the planet of the apes, and uncovers a horrible secret beneath the surface.","Adventure, Science Fiction, Mystery"
Raising Arizona,"When a childless couple--an ex-con and an ex-cop--decide to help themselves to one of another family's quintuplets, their lives become more complicated than they anticipated.","Comedy, Crime"
The Edge of Seventeen,"Two high school girls are best friends until one dates the other's older brother, who is totally his sister's nemesis.","Comedy, Drama"
Army of Darkness,"Ash, a handsome, shotgun-toting, chainsaw-armed department store clerk, is time warped backwards into England's Dark Ages, where he romances a beauty and faces legions of the undead.","Fantasy, Horror, Comedy"
The Name of the Rose,"14th-century Franciscan monk William of Baskerville and his young novice arrive at a conference to find that several monks have been murdered under mysterious circumstances. To solve the crimes, William must rise up against the Church's authority and fight the shadowy conspiracy of monastery monks using only his intelligence; which is considerable.","Drama, Thriller, Mystery"
3:10 to Yuma,"In Arizona in the late 1800s, infamous outlaw Ben Wade and his vicious gang of thieves and murderers have plagued the Southern Railroad. When Wade is captured, Civil War veteran Dan Evans, struggling to survive on his drought-plagued ranch, volunteers to deliver him alive to the ""3:10 to Yuma"", a train that will take the killer to trial.",Western
A Nightmare on Elm Street Part 2: Freddy's Revenge,"Jesse Walsh moves with his family into the home of the lone survivor from a series of attacks by dream-stalking monster, Freddy Krueger. There, he is bedeviled by nightmares and inexplicably violent impulses.",Horror
A Nightmare on Elm Street,"Teenagers in a small town are dropping like flies, apparently in the grip of mass hysteria causing their suicides. A cop's daughter, Nancy Thompson, traces the cause to child molester Fred Krueger, who was burned alive by angry parents many years before. Krueger has now come back in the dreams of his killers' children, claiming their lives as his revenge. Nancy and her boyfriend, Glen, must devise a plan to lure the monster out of the realm of nightmares and into the real world...",Horror
Mean Streets,"A small-time hood must choose from among love, friendship and the chance to rise within the mob.","Drama, Crime"
No Hard Feelings,"On the brink of losing her childhood home, Maddie discovers an intriguing job listing: wealthy helicopter parents looking for someone to “date” their introverted 19-year-old son, Percy, before he leaves for college. To her surprise, Maddie soon discovers the awkward Percy is no sure thing.","Comedy, Romance"
Crimson Tide,"After the Cold War, a breakaway Russian republic with nuclear warheads becomes a possible worldwide threat. U.S. submarine Capt. Frank Ramsey signs on a relatively green but highly recommended Lt. Cmdr. Ron Hunter to the USS Alabama, which may be the only ship able to stop a possible Armageddon. When Ramsay insists that the Alabama must act aggressively, Hunter, fearing they will start rather than stop a disaster, leads a potential mutiny to stop him.","Thriller, Action, Drama, War"
In the Mouth of Madness,An insurance investigator begins discovering the impact a horror writer's books has on his fans is more than inspirational.,"Horror, Mystery, Fantasy, Drama, Thriller"
Cape Fear,"Sam Bowden is a small-town corporate attorney. Max Cady is a tattooed, cigar-smoking, Bible-quoting, psychotic rapist. What do they have in common? 14 years ago, Sam was a public defender assigned to Max Cady's rape trial, and he made a serious error: he hid a document from his illiterate client that could have gotten him acquitted. Now, the cagey Cady has been released, and he intends to teach Sam Bowden and his family a thing or two about loss.","Drama, Crime, Thriller"
Dirty Harry,"When a madman dubbed 'Scorpio' terrorizes San Francisco, hard-nosed cop, Harry Callahan – famous for his take-no-prisoners approach to law enforcement – is tasked with hunting down the psychopath.","Action, Crime, Thriller"
Frozen,"Young princess Anna of Arendelle dreams about finding true love at her sister Elsa’s coronation. Fate takes her on a dangerous journey in an attempt to end the eternal winter that has fallen over the kingdom. She's accompanied by ice delivery man Kristoff, his reindeer Sven, and snowman Olaf. On an adventure where she will find out what friendship, courage, family, and true love really means.","Animation, Family, Adventure, Fantasy"
Resident Evil: Death Island,"In San Francisco, Jill Valentine is dealing with a zombie outbreak and a new T-Virus, Leon Kennedy is on the trail of a kidnapped DARPA scientist, and Claire Redfield is investigating a monstrous fish that is killing whales in the bay. Joined by Chris Redfield and Rebecca Chambers, they discover the trail of clues from their separate cases all converge on the same location, Alcatraz Island, where a new evil has taken residence and awaits their arrival.","Animation, Action, Horror"
Murder Mystery 2,"After starting their own detective agency, Nick and Audrey Spitz land a career-making case when their billionaire pal is kidnapped from his wedding.","Mystery, Comedy, Crime"
A Silent Voice: The Movie,"Shouya Ishida starts bullying the new girl in class, Shouko Nishimiya, because she is deaf. But as the teasing continues, the rest of the class starts to turn on Shouya for his lack of compassion. When they leave elementary school, Shouko and Shouya do not speak to each other again... until an older, wiser Shouya, tormented by his past behaviour, decides he must see Shouko once more. He wants to atone for his sins, but is it already too late...?","Animation, Drama, Romance"
Crimson Tide,"After the Cold War, a breakaway Russian republic with nuclear warheads becomes a possible worldwide threat. U.S. submarine Capt. Frank Ramsey signs on a relatively green but highly recommended Lt. Cmdr. Ron Hunter to the USS Alabama, which may be the only ship able to stop a possible Armageddon. When Ramsay insists that the Alabama must act aggressively, Hunter, fearing they will start rather than stop a disaster, leads a potential mutiny to stop him.","Thriller, Action, Drama, War"
In the Mouth of Madness,An insurance investigator begins discovering the impact a horror writer's books has on his fans is more than inspirational.,"Horror, Mystery, Fantasy, Drama, Thriller"
Cape Fear,"Sam Bowden is a small-town corporate attorney. Max Cady is a tattooed, cigar-smoking, Bible-quoting, psychotic rapist. What do they have in common? 14 years ago, Sam was a public defender assigned to Max Cady's rape trial, and he made a serious error: he hid a document from his illiterate client that could have gotten him acquitted. Now, the cagey Cady has been released, and he intends to teach Sam Bowden and his family a thing or two about loss.","Drama, Crime, Thriller"
Dirty Harry,"When a madman dubbed 'Scorpio' terrorizes San Francisco, hard-nosed cop, Harry Callahan – famous for his take-no-prisoners approach to law enforcement – is tasked with hunting down the psychopath.","Action, Crime, Thriller"
Frozen,"Young princess Anna of Arendelle dreams about finding true love at her sister Elsa’s coronation. Fate takes her on a dangerous journey in an attempt to end the eternal winter that has fallen over the kingdom. She's accompanied by ice delivery man Kristoff, his reindeer Sven, and snowman Olaf. On an adventure where she will find out what friendship, courage, family, and true love really means.","Animation, Family, Adventure, Fantasy"
Resident Evil: Death Island,"In San Francisco, Jill Valentine is dealing with a zombie outbreak and a new T-Virus, Leon Kennedy is on the trail of a kidnapped DARPA scientist, and Claire Redfield is investigating a monstrous fish that is killing whales in the bay. Joined by Chris Redfield and Rebecca Chambers, they discover the trail of clues from their separate cases all converge on the same location, Alcatraz Island, where a new evil has taken residence and awaits their arrival.","Animation, Action, Horror"
Murder Mystery 2,"After starting their own detective agency, Nick and Audrey Spitz land a career-making case when their billionaire pal is kidnapped from his wedding.","Mystery, Comedy, Crime"
A Silent Voice: The Movie,"Shouya Ishida starts bullying the new girl in class, Shouko Nishimiya, because she is deaf. But as the teasing continues, the rest of the class starts to turn on Shouya for his lack of compassion. When they leave elementary school, Shouko and Shouya do not speak to each other again... until an older, wiser Shouya, tormented by his past behaviour, decides he must see Shouko once more. He wants to atone for his sins, but is it already too late...?","Animation, Drama, Romance"
Captain Fantastic,"Deep in the forests of the Pacific Northwest, a father devoted to raising his six kids with a rigorous physical and intellectual education is forced to leave his paradise and enter the world, beginning a journey that challenges his idea of what it means to be a parent.","Adventure, Drama"
Superbad,Two co-dependent high school seniors are forced to deal with separation anxiety after their plan to stage a booze-soaked party goes awry.,Comedy
The X-Treme Riders,"A fast-paced action drama about siblings desperately needing money for their mother's treatment. Then the brother, who is the stunt performer, inevitably needs to be involved with.","Action, Crime"
Mortal Engines,"Many thousands of years in the future, Earth’s cities roam the globe on huge wheels, devouring each other in a struggle for ever diminishing resources. On one of these massive traction cities, the old London, Tom Natsworthy has an unexpected encounter with a mysterious young woman from the wastelands who will change the course of his life forever.","Adventure, Science Fiction"
Liar Liar,"Fletcher Reed, a fast-talking, habitual liar, divorced father, is an incredibly successful lawyer who has built his career by lying. He is used to giving priority to his job and always breaking promises to be with his young son Max, but Fletcher often lets Max down, by missing his son's birthday party. But even then at 8:15 Max decides to make him an honest man as he wishes for a whole day where his father can't lie. When his son Max blows out the candles on his fifth birthday, he only has one wish - for his father to stop lying for 24 hours. When Max's wish comes true, Fletcher discovers that his mouth has suddenly become his biggest obstacle",Comedy
Queer,"1950. William Lee, an American expat in Mexico City, spends his days almost entirely alone, except for a few contacts with other members of the small American community. His encounter with Eugene Allerton, an expat former soldier, new to the city, shows him, for the first time, that it might be finally possible to establish an intimate connection with somebody.","Drama, Romance"
Den of Thieves,A gritty crime saga which follows the lives of an elite unit of the LA County Sheriff's Dept. and the state's most successful bank robbery crew as the outlaws plan a seemingly impossible heist on the Federal Reserve Bank.,"Action, Crime, Thriller, Drama"
Ralph Breaks the Internet,"Video game bad guy Ralph and fellow misfit Vanellope von Schweetz must risk it all by traveling to the World Wide Web in search of a replacement part to save Vanellope's video game, Sugar Rush. In way over their heads, Ralph and Vanellope rely on the citizens of the internet — the netizens — to help navigate their way, including an entrepreneur named Yesss, who is the head algorithm and the heart and soul of trend-making site BuzzzTube.","Family, Animation, Comedy, Adventure"
The Hitchhiker's Guide to the Galaxy,"Mere seconds before the Earth is to be demolished by an alien construction crew, Arthur Dent is swept off the planet by his friend Ford Prefect, a researcher penning a new edition of ""The Hitchhiker's Guide to the Galaxy.""","Adventure, Comedy, Science Fiction"
Lilo & Stitch,"As Stitch, a runaway genetic experiment from a faraway planet, wreaks havoc on the Hawaiian Islands, he becomes the mischievous adopted alien ""puppy"" of an independent little girl named Lilo and learns about loyalty, friendship, and ʻohana, the Hawaiian tradition of family.","Animation, Family, Comedy"
Around the World in 80 Days,"A bet pits a British inventor, a Chinese thief and a French artist on a worldwide adventure that they can circle the globe in 80 days.","Action, Adventure, Comedy"
Ace Ventura: When Nature Calls,"Summoned from an ashram in Tibet, Ace finds himself on a perilous journey into the jungles of Africa to find Shikaka, the missing sacred animal of the friendly Wachati tribe. He must accomplish this before the wedding of the Wachati's Princess to the prince of the warrior Wachootoos. If Ace fails, the result will be a vicious tribal war.","Crime, Comedy, Adventure"
The Secret Life of Pets 2,"Max the terrier must cope with some major life changes when his owner gets married and has a baby. When the family takes a trip to the countryside, nervous Max has numerous run-ins with canine-intolerant cows, hostile foxes and a scary turkey. Luckily for Max, he soon catches a break when he meets Rooster, a gruff farm dog who tries to cure the lovable pooch of his neuroses.","Adventure, Animation, Comedy, Family"
Dark Phoenix,"The X-Men face their most formidable and powerful foe when one of their own, Jean Grey, starts to spiral out of control. During a rescue mission in outer space, Jean is nearly killed when she's hit by a mysterious cosmic force. Once she returns home, this force not only makes her infinitely more powerful, but far more unstable. The X-Men must now band together to save her soul and battle aliens that want to use Grey's new abilities to rule the galaxy.","Science Fiction, Action, Adventure"
Love and Monsters,"Seven years since the Monsterpocalypse began, Joel Dawson has been living underground in order to survive. But after reconnecting over radio with his high school girlfriend Aimee, Joel decides to venture out to reunite with her, despite all the dangerous monsters that stand in his way.","Comedy, Action, Adventure, Fantasy, Science Fiction"
Run,"Chloe, a teenager who is confined to a wheelchair, is homeschooled by her mother, Diane. Chloe soon becomes suspicious of her mother and begins to suspect that she may be harboring a dark secret.","Thriller, Horror, Drama"
Overlord,"France, June 1944. On the eve of D-Day, some American paratroopers fall behind enemy lines after their aircraft crashes while on a mission to destroy a radio tower in a small village near the beaches of Normandy. After reaching their target, the surviving paratroopers realise that, in addition to fighting the Nazi troops that patrol the village, they also must fight against something else.","Horror, War, Science Fiction"
Paul,"For the past 60 years, a space-traveling smart-ass named Paul has been locked up in a top-secret military base, advising world leaders about his kind. But when he worries he’s outlived his usefulness and the dissection table is drawing uncomfortably close, Paul escapes on the first RV that passes by his compound in Area 51. Fortunately, it contains the two earthlings who are most likely to rescue and harbor an alien on the run.","Adventure, Comedy, Science Fiction"
Freaky Friday,"Mother and daughter bicker over everything -- what Anna wears, whom she likes and what she wants to do when she's older. In turn, Anna detests Tess's fiancé. When a magical fortune cookie switches their personalities, they each get a peek at how the other person feels, thinks and lives.","Comedy, Family, Fantasy"
Café Society,"The story of a young man who arrives in Hollywood during the 1930s hoping to work in the film industry, falls in love, and finds himself swept up in the vibrant café society that defined the spirit of the age.","Comedy, Drama, Romance"
The King of Staten Island,"Scott has been a case of arrested development ever since his firefighter father died when he was seven. He's now reached his mid-20s having achieved little, chasing a dream of becoming a tattoo artist that seems far out of reach. As his ambitious younger sister heads off to college, Scott is still living with his exhausted ER nurse mother and spends his days smoking weed, hanging with the guys — Oscar, Igor and Richie — and secretly hooking up with his childhood friend Kelsey. But when his mother starts dating a loudmouth firefighter named Ray, it sets off a chain of events that will force Scott to grapple with his grief and take his first tentative steps toward moving forward in life.","Comedy, Drama"
Last Man Standing,"John Smith is a mysterious stranger who is drawn into a vicious war between two Prohibition-era gangs. In a dangerous game, he switches allegiances from one to another, offering his services to the highest bidder. As the death toll mounts, Smith takes the law into his own hands in a deadly race to stay alive.","Crime, Action, Drama, Thriller, Western"
How to Train Your Dragon: Homecoming,"It's been ten years since the dragons moved to the Hidden World, and even though Toothless doesn't live in New Berk anymore, Hiccup continues the holiday traditions he once shared with his best friend. But the Vikings of New Berk were beginning to forget about their friendship with dragons. Hiccup, Astrid, and Gobber know just what to do to keep the dragons in the villagers' hearts. And across the sea, the dragons have a plan of their own...","Animation, Fantasy, Adventure, Action, Family"
Terminator: Dark Fate,"Decades after Sarah Connor prevented Judgment Day, a lethal new Terminator is sent to eliminate the future leader of the resistance. In a fight to save mankind, battle-hardened Sarah Connor teams up with an unexpected ally and an enhanced super soldier to stop the deadliest Terminator yet.","Science Fiction, Action, Adventure, Thriller"
Wild,A woman with a tragic past decides to start her new life by hiking for one thousand miles on the Pacific Crest Trail.,Drama
Coherence,"On the night of an astronomical anomaly, eight friends at a dinner party experience a troubling chain of reality bending events.","Thriller, Science Fiction"
Instant Family,"When Pete and Ellie decide to start a family, they stumble into the world of foster care adoption. They hope to take in one small child but when they meet three siblings, including a rebellious 15 year old girl, they find themselves speeding from zero to three kids overnight.","Comedy, Drama"
A Simple Favor,"Stephanie, a dedicated mother and popular vlogger, befriends Emily, a mysterious upper-class woman whose son Nicky attends the same school as Miles, Stephanie's son. When Emily asks her to pick Nicky up from school and then disappears, Stephanie undertakes an investigation that will dive deep into Emily's cloudy past.","Crime, Thriller, Comedy"
Creed II,"Between personal obligations and training for his next big fight against an opponent with ties to his family's past, Adonis Creed is up against the challenge of his life.","Drama, Action"
Greta,"A young woman returns a lonely widow’s lost purse, leading to an unlikely relationship between the two — until the young woman discovers the widow might not be all that she seems.","Mystery, Thriller, Horror, Drama"
Fighting with My Family,"Born into a tight-knit wrestling family, Paige and her brother Zak are ecstatic when they get the once-in-a-lifetime opportunity to try out for the WWE. But when only Paige earns a spot in the competitive training program, she must leave her loved ones behind and face this new cutthroat world alone. Paige's journey pushes her to dig deep and ultimately prove to the world that what makes her different is the very thing that can make her a star.",Comedy
Final Destination 5,"Death is just as omnipresent as ever, and is unleashed after one man’s premonition saves a group of coworkers from a terrifying suspension bridge collapse. But this group of unsuspecting souls was never supposed to survive, and, in a terrifying race against time, the ill-fated group frantically tries to discover a way to escape Death’s sinister agenda.","Horror, Mystery"
The Final Destination,A horrifying premonition saves a young man and his friends from death during a racetrack accident but terrible fates await them nonetheless.,"Horror, Mystery"
The Clovehitch Killer,A picture-perfect family is torn apart after Tyler finds a cache of disturbing images in his father's possession. He begins to suspect that the man he trusts most in the world may be responsible for the murder of 13 women ten years prior.,"Drama, Mystery, Crime"
Game Night,"Max and Annie's weekly game night gets kicked up a notch when Max's brother Brooks arranges a murder mystery party -- complete with fake thugs and federal agents. So when Brooks gets kidnapped, it's all supposed to be part of the game. As the competitors set out to solve the case, they start to learn that neither the game nor Brooks are what they seem to be. The friends soon find themselves in over their heads as each twist leads to another unexpected turn over the course of one chaotic night.","Mystery, Comedy, Crime"
What Happened to Monday,"In a world where families are limited to one child due to overpopulation, a set of identical septuplets must avoid being put to a long sleep by the government and dangerous infighting while investigating the disappearance of one of their own.","Science Fiction, Thriller, Mystery, Action"
Aftersun,Sophie reflects on the shared joy and private melancholy of a holiday she took with her father twenty years earlier. Memories real and imagined fill the gaps between miniDV footage as she tries to reconcile the father she knew with the man she didn't.,Drama
Mudbound,"In the post–World War II South, two families are pitted against a barbaric social hierarchy and an unrelenting landscape as they simultaneously fight the battle at home and the battle abroad.",Drama
The Commuter,"A businessman, on his daily commute home, gets unwittingly caught up in a criminal conspiracy that threatens not only his life but the lives of those around him.","Action, Thriller, Mystery"
Molly's Game,"Molly Bloom, a young skier and former Olympic hopeful becomes a successful entrepreneur (and a target of an FBI investigation) when she establishes a high-stakes, international poker game.","Drama, Crime"
Death Wish,A mild-mannered father is transformed into a killing machine after his family is torn apart by a violent act.,"Action, Crime, Thriller, Drama"
Hanna,"Raised by her father, an ex-CIA agent, in the wilds of Finland, Hanna's upbringing has been geared to making her the perfect assassin. Sent into the world by her father on a mission, Hanna journeys across Europe, eluding agents dispatched after her by a ruthless intelligence operative. As she nears her ultimate target, Hanna faces startling revelations about her existence.","Action, Thriller, Adventure"
A Dog's Purpose,A dog goes on quest to discover his purpose in life over the course of several lifetimes with multiple owners.,"Adventure, Comedy, Fantasy, Family, Drama"
Boyka: Undisputed IV,"In the fourth installment of the fighting franchise, Boyka is shooting for the big leagues when an accidental death in the ring makes him question everything he stands for. When he finds out the wife of the man he accidentally killed is in trouble, Boyka offers to fight in a series of impossible battles to free her from a life of servitude.","Action, Drama, Thriller"
A Cure for Wellness,"An ambitious young executive is sent to retrieve his company's CEO from an idyllic but mysterious ""wellness center"" at a remote location in the Swiss Alps but soon suspects that the spa's miraculous treatments are not what they seem.","Horror, Mystery, Science Fiction"
Kiss the Girls,"Forensic psychologist and detective Alex Cross travels to North Carolina and teams with escaped kidnap victim Kate McTiernan to hunt down ""Casanova,"" a serial killer who abducts strong-willed women and forces them to submit to his demands. The trail leads to Los Angeles, where the duo discovers that the psychopath may not be working alone.","Thriller, Crime, Mystery, Drama"
The Boondock Saints,"Tired of the crime overrunning the streets of Boston, Irish Catholic twin brothers Conner and Murphy are inspired by their faith to cleanse their hometown of evil with their own brand of zealous vigilante justice. As they hunt down and kill one notorious gangster after another, they become controversial folk heroes in the community. But Paul Smecker, an eccentric FBI agent, is fast closing in on their blood-soaked trail.","Action, Thriller, Crime"
Batman vs. Robin,"Damian Wayne is having a hard time coping with his father's ""no killing"" rule. Meanwhile, Gotham is going through hell with threats such as the insane Dollmaker, and the secretive Court of Owls.","Science Fiction, Action, Adventure, Animation, Crime, Drama, Fantasy, Thriller"
The Guard,"When a small-town Irish cop with a crass personality is partnered with a straight-laced FBI agent to bust an international drug-trafficking ring, they must settle their differences in order to take down a dangerous gang.","Action, Comedy, Thriller, Crime"
1408,"A man who specializes in debunking paranormal occurrences checks into the fabled room 1408 in the Dolphin Hotel. Soon after settling in, he confronts genuine terror.","Horror, Mystery"
Apocalypse Z: The Beginning of the End,"When a kind of rabies that transforms people into aggressive creatures spreads across the planet, Manel isolates himself at home with his cat, relying on his wits to survive; but soon they must go out in search of food, by land and by sea, dodging many dangers.","Drama, Action, Horror"
The Ward,"Kristen, a troubled young woman, is captured by the police after burning down a farmhouse and is locked in the North Bend Psychiatric Hospital. Soon, she begins to suspect that the place has a dark secret at its core and she's determined to find out what it is.","Horror, Mystery, Thriller"
The Man in the Iron Mask,"Years have passed since the Three Musketeers, Aramis, Athos and Porthos, have fought together with their friend, D'Artagnan. But with the tyrannical King Louis using his power to wreak havoc in the kingdom while his twin brother, Philippe, remains imprisoned, the Musketeers reunite to abduct Louis and replace him with Philippe.","Adventure, Action, Drama"
The Exorcism of Emily Rose,"When a younger girl called Emily Rose dies, everyone puts blame on the exorcism which was performed on her by Father Moore prior to her death. The priest is arrested on suspicion of murder. The trial begins with lawyer Erin Bruner representing Moore, but it is not going to be easy, as no one wants to believe what Father Moore says is true.","Crime, Drama, Horror, Thriller"
Borderlands,"Returning to her home planet, an infamous bounty hunter forms an unexpected alliance with a team of unlikely heroes. Together, they battle monsters and dangerous bandits to protect a young girl who holds the key to unimaginable power.","Action, Science Fiction, Comedy"
Wrong Turn,"Chris crashes into a carload of other young people, and the group of stranded motorists is soon lost in the woods of West Virginia, where they're hunted by three cannibalistic mountain men who are grossly disfigured by generations of inbreeding.","Horror, Thriller"
The Fly,"When Seth Brundle makes a huge scientific and technological breakthrough in teleportation, he decides to test it on himself. Unbeknownst to him, a common housefly manages to get inside the device and the two become one.","Horror, Science Fiction"
Deep Blue Sea,"Researchers on the undersea lab Aquatica have genetically altered the brains of captive sharks to develop a cure for Alzheimer's disease. But there's an unexpected side effect: the sharks got smarter, faster, and more dangerous. After a big storm damages their remote research facility, they must fight for their lives.","Action, Horror, Science Fiction"
Mercury Rising,"Renegade FBI agent Art Jeffries protects a nine-year-old autistic boy who has cracked the government's new ""unbreakable"" code.","Action, Crime, Drama, Thriller"
16 Blocks,"An aging cop is assigned the ordinary task of escorting a fast-talking witness from police custody to a courthouse, but they find themselves running the gauntlet as other forces try to prevent them from getting there.","Action, Adventure, Crime, Thriller"
All About Eve,"From the moment she glimpses her idol at the stage door, Eve Harrington is determined to take the reins of power away from the great actress Margo Channing. Eve maneuvers her way into Margo's Broadway role, becomes a sensation and even causes turmoil in the lives of Margo's director boyfriend, her playwright and his wife. Only the cynical drama critic sees through Eve, admiring her audacity and perfect pattern of deceit.",Drama
The Cabinet of Dr. Caligari,"Francis, a young man, recalls in his memory the horrible experiences he and his fiancée Jane recently went through. Francis and his friend Alan visit The Cabinet of Dr. Caligari, an exhibit where the mysterious doctor shows the somnambulist Cesare, and awakens him for some moments from his death-like sleep.","Drama, Horror, Thriller, Crime"
Amityville II: The Possession,"Anthony and Dolores Montelli, along with their four children, move into their dream house in Amityville and are immediately plagued by a string of paranormal experiences. When the abusive Anthony wrongly places the blame on their children, Dolores recruits a local Catholic priest to exorcise the house.","Horror, Thriller"
A Better Tomorrow,"A reforming ex-gangster tries to reconcile with his estranged policeman brother, but the ties to his former gang are difficult to break.","Action, Crime, Drama"
The Howling,"After a bizarre and near fatal encounter with a serial killer, a newswoman is sent to a rehabilitation center whose inhabitants may not be what they seem.",Horror
Striking Distance,"Coming from a police family, Tom Hardy ends up fighting his uncle after the murder of his father. Tom believes the killer is another cop, and goes on the record with his allegations. Demoted to water-way duty Tom, along with new partner Jo Christman, navigate the three rivers looking for clues and discovering bodies. This time the victims are women Tom knows, he must find the killer to prove his innocence.","Crime, Action, Mystery, Thriller"
Red Heat,A tough Russian policeman is forced to partner up with a cocky Chicago police detective when he is sent to Chicago to apprehend a Georgian drug lord who killed his partner and fled the country.,"Action, Crime"
Cliffhanger,"A year after losing his friend in a tragic 4,000-foot fall, former ranger Gabe Walker and his partner, Hal, are called to return to the same peak to rescue a group of stranded climbers, only to learn the climbers are actually thieving hijackers who are looking for boxes full of money.","Action, Adventure, Thriller"
"To Wong Foo, Thanks for Everything! Julie Newmar","Manhattan drag queens Vida Boheme and Noxeema Jackson impress regional judges in competition, securing berths in the Nationals in Los Angeles. When the two meet pathetic drag novice Chi-Chi Rodriguez — one of the losers that evening — the charmed Vida and Noxeema agree to take the hopeless youngster under their joined wing. Soon the three set off on a madcap road trip across America and struggle to make it to Los Angeles in time.","Comedy, Drama"
Timecop,"In 2004, an officer for a security agency that regulates time travel must fend for his life against a shady politician who has a tie to his past.","Thriller, Science Fiction, Action, Crime"
The Witches of Eastwick,Three single women in a picturesque Rhode Island village have their wishes granted - at a cost - when a mysterious and flamboyant man arrives in their lives.,"Comedy, Fantasy, Horror"
Sleuth,"A man who loves games and theater invites his wife's lover to meet him, setting up a battle of wits with potentially deadly results.","Thriller, Mystery, Crime, Comedy"
Red Heat,A tough Russian policeman is forced to partner up with a cocky Chicago police detective when he is sent to Chicago to apprehend a Georgian drug lord who killed his partner and fled the country.,"Action, Crime"
Cliffhanger,"A year after losing his friend in a tragic 4,000-foot fall, former ranger Gabe Walker and his partner, Hal, are called to return to the same peak to rescue a group of stranded climbers, only to learn the climbers are actually thieving hijackers who are looking for boxes full of money.","Action, Adventure, Thriller"
"To Wong Foo, Thanks for Everything! Julie Newmar","Manhattan drag queens Vida Boheme and Noxeema Jackson impress regional judges in competition, securing berths in the Nationals in Los Angeles. When the two meet pathetic drag novice Chi-Chi Rodriguez — one of the losers that evening — the charmed Vida and Noxeema agree to take the hopeless youngster under their joined wing. Soon the three set off on a madcap road trip across America and struggle to make it to Los Angeles in time.","Comedy, Drama"
Timecop,"In 2004, an officer for a security agency that regulates time travel must fend for his life against a shady politician who has a tie to his past.","Thriller, Science Fiction, Action, Crime"
The Witches of Eastwick,Three single women in a picturesque Rhode Island village have their wishes granted - at a cost - when a mysterious and flamboyant man arrives in their lives.,"Comedy, Fantasy, Horror"
Sleuth,"A man who loves games and theater invites his wife's lover to meet him, setting up a battle of wits with potentially deadly results.","Thriller, Mystery, Crime, Comedy"
The Girl with the Needle,"Struggling to survive in post-WWI Copenhagen, a newly unemployed and pregnant young woman is taken in by a charismatic elder to help run an underground adoption agency. The two form an unexpected bond, until a sudden discovery changes everything.","Drama, History"
Lee,"The true story of photographer Elizabeth ""Lee"" Miller, a fashion model who became an acclaimed war correspondent for Vogue magazine during World War II.","History, Drama, War"
The Seed of the Sacred Fig,"Investigating judge Iman grapples with paranoia amid political unrest in Tehran. When his gun vanishes, he suspects his wife and daughters, imposing draconian measures that strain family ties as societal rules crumble.","Drama, Thriller, Crime"
The Killer's Game,"When top hitman Joe Flood is diagnosed with a terminal illness, he decides to take matters into his own hands – by taking a hit out on himself. But when the very hitmen he hired also target his ex-girlfriend, he must fend off an army of assassin colleagues and win back the love of his life before it's too late.","Action, Comedy, Thriller"
Citizen Kane,"Newspaper magnate Charles Foster Kane is taken from his mother as a boy and made the ward of a rich industrialist. As a result, every well-meaning, tyrannical or self-destructive move he makes for the rest of his life appears in some way to be a reaction to that deeply wounding event.","Mystery, Drama"
The Apprentice,"A young Donald Trump, eager to make his name as a hungry scion of a wealthy family in 1970s New York, comes under the spell of Roy Cohn, the cutthroat attorney who would help create the Donald Trump we know today. Cohn sees in Trump the perfect protégé—someone with raw ambition, a hunger for success, and a willingness to do whatever it takes to win.","History, Drama"
Furiosa: A Mad Max Saga,"As the world falls, young Furiosa is snatched from the Green Place of Many Mothers into the hands of a great biker horde led by the warlord Dementus. Sweeping through the wasteland, they encounter the citadel presided over by Immortan Joe. The two tyrants wage war for dominance, and Furiosa must survive many trials as she puts together the means to find her way home.","Action, Science Fiction, Adventure"
Beating Hearts,"Local rebellious teenager Clotaire falls for his schoolmate Jackie, but gang violence leads him to a darker destructive path. After years apart, the star-crossed lovers discover that every path they've taken leads them back together.","Crime, Drama, Romance"
The Curious Case of Benjamin Button,"Born under unusual circumstances, Benjamin Button springs into being as an elderly man in a New Orleans nursing home and ages in reverse. Twelve years after his birth, he meets Daisy, a child who flits in and out of his life as she grows up to be a dancer. Though he has all sorts of unusual adventures over the course of his life, it is his relationship with Daisy, and the hope that they will come together at the right time, that drives Benjamin forward.","Drama, Fantasy, Romance"
A Quiet Place: Day One,"As New York City is invaded by alien creatures who hunt by sound, a woman named Sam fights to survive with her cat.","Horror, Science Fiction, Thriller"
Up,"Carl Fredricksen spent his entire life dreaming of exploring the globe and experiencing life to its fullest. But at age 78, life seems to have passed him by, until a twist of fate (and a persistent 8-year old Wilderness Explorer named Russell) gives him a new lease on life.","Animation, Comedy, Family, Adventure"
The Holdovers,"A curmudgeonly instructor at a New England prep school is forced to remain on campus during Christmas break to babysit the handful of students with nowhere to go. Eventually, he forms an unlikely bond with one of them — a damaged, brainy troublemaker — and with the school’s head cook, who has just lost a son in Vietnam.","Comedy, Drama"
Never Let Go,"As an evil takes over the world beyond their front doorstep, the only protection for a mother and her twin sons is their house and their family’s protective bond.",Horror
Leave the World Behind,A family's getaway to a luxurious rental home takes an ominous turn when a cyberattack knocks out their devices—and two strangers appear at their door.,"Drama, Mystery, Thriller"
Bad Boys: Ride or Die,"After their late former Captain is framed, Lowrey and Burnett try to clear his name, only to end up on the run themselves.","Action, Comedy, Crime, Thriller, Adventure"
The Host,"A teenage girl is captured by a giant mutated squid-like creature that appears from Seoul's Han River after toxic waste was dumped in it, prompting her family into a frantic search for her.","Horror, Drama, Science Fiction"
Afraid,Curtis Pike and his family are selected to test a new home device: a digital assistant called AIA. AIA observes the family's behaviors and begins to anticipate their needs. And she can – and will – make sure nothing – and no one – gets in her family's way.,"Horror, Science Fiction, Thriller"
Rebel Ridge,A former Marine confronts corruption in a small town when local law enforcement unjustly seizes the bag of cash he needs to post his cousin's bail.,"Crime, Action, Thriller, Drama"
The Pope's Exorcist,"Father Gabriele Amorth, Chief Exorcist of the Vatican, investigates a young boy's terrifying possession and ends up uncovering a centuries-old conspiracy the Vatican has desperately tried to keep hidden.","Horror, Thriller"
Cocaine Bear,"Inspired by a true story, an oddball group of cops, criminals, tourists and teens converge in a Georgia forest where a 500-pound black bear goes on a murderous rampage after unintentionally ingesting cocaine.","Thriller, Comedy, Crime"
Brave,"Brave is set in the mystical Scottish Highlands, where Mérida is the princess of a kingdom ruled by King Fergus and Queen Elinor. An unruly daughter and an accomplished archer, Mérida one day defies a sacred custom of the land and inadvertently brings turmoil to the kingdom. In an attempt to set things right, Mérida seeks out an eccentric old Wise Woman and is granted an ill-fated wish. Also figuring into Mérida’s quest — and serving as comic relief — are the kingdom’s three lords: the enormous Lord MacGuffin, the surly Lord Macintosh, and the disagreeable Lord Dingwall.","Animation, Adventure, Comedy, Family, Action, Fantasy"
Armor,"Armored truck security guard James Brody is working with his son Casey transporting millions of dollars between banks when a team of thieves led by Rook orchestrate a takeover of their truck to seize the riches. Following a violent car chase, Rook soon has the armored truck surrounded and James and Casey find themselves cornered onto a decrepit bridge.","Action, Crime, Thriller, Drama"
"tick, tick... BOOM!","On the brink of turning 30, a promising theater composer navigates love, friendship and the pressure to create something great before time runs out.","Drama, Music"
In Time,"In the not-too-distant future, the aging gene has been switched off. To avoid overpopulation, time has become the currency and the way people pay for luxuries and necessities. The rich can live forever, while the rest struggle to negotiate for their immortality. A poor young man who suddenly comes into a fortune of time finds himself on the run from a corrupt police force known as the ""time keepers"".","Action, Thriller, Science Fiction"
Toy Story 4,"Woody has always been confident about his place in the world and that his priority is taking care of his kid, whether that's Andy or Bonnie. But when Bonnie adds a reluctant new toy called ""Forky"" to her room, a road trip adventure alongside old and new friends will show Woody how big the world can be for a toy.","Family, Adventure, Animation, Comedy, Fantasy"
Lost in Translation,"Two lost souls visiting Tokyo -- the young, neglected wife of a photographer and a washed-up movie star shooting a TV commercial -- find an odd solace and pensive freedom to be real in each other's company, away from their lives in America.","Drama, Romance"
A Bronx Tale,"Set in the Bronx during the tumultuous 1960s, an adolescent boy is torn between his honest, working-class father and a violent yet charismatic crime boss. Complicating matters is the youngster's growing attraction - forbidden in his neighborhood - for a beautiful black girl.","Drama, Crime"
We Live in Time,"An up-and-coming chef and a recent divorcée find their lives forever changed when a chance encounter brings them together, in a decade-spanning, deeply moving romance.","Romance, Drama"
The Northman,"Prince Amleth is on the verge of becoming a man when his father is brutally murdered by his uncle, who kidnaps the boy's mother. Two decades later, Amleth is now a Viking who's on a mission to save his mother, kill his uncle and avenge his father.","Action, Adventure, Fantasy"
Die Hard: With a Vengeance,"New York detective John McClane is back and kicking bad-guy butt in the third installment of this action-packed series, which finds him teaming with civilian Zeus Carver to prevent the loss of innocent lives. McClane thought he'd seen it all, until a genius named Simon engages McClane, his new ""partner"" -- and his beloved city -- in a deadly game that demands their concentration.","Action, Thriller"
Lucy,"A woman, accidentally caught in a dark deal, turns the tables on her captors and transforms into a merciless warrior evolved beyond human logic.","Action, Science Fiction"
Inferno,"After waking up in a hospital with amnesia, professor Robert Langdon and a doctor must race against time to foil a deadly global plot.","Mystery, Thriller, Action"
Boyhood,"The film tells a story of a divorced couple trying to raise their young son. The story follows the boy for twelve years, from first grade at age 6 through 12th grade at age 17-18, and examines his relationship with his parents as he grows.",Drama
Final Destination,"After a teenager has a terrifying vision of him and his friends dying in a plane crash, he prevents the accident only to have Death hunt them down, one by one.",Horror
City of God,"In the poverty-stricken favelas of Rio de Janeiro in the 1970s, two young men choose different paths. Rocket is a budding photographer who documents the increasing drug-related violence of his neighborhood, while José “Zé” Pequeno is an ambitious drug dealer diving into a dangerous life of crime.","Drama, Crime"
Mission: Impossible II,"With computer genius Luther Stickell at his side and a beautiful thief on his mind, agent Ethan Hunt races across Australia and Spain to stop a former IMF agent from unleashing a genetically engineered biological weapon called Chimera. This mission, should Hunt choose to accept it, plunges him into the center of an international crisis of terrifying magnitude.","Adventure, Action, Thriller"
Being John Malkovich,"One day at work, unsuccessful puppeteer Craig finds a portal into the head of actor John Malkovich. The portal soon becomes a passion for anybody who enters its mad and controlling world of overtaking another human body.","Comedy, Drama, Fantasy"
The Untouchables,"Elliot Ness, an ambitious prohibition agent, is determined to take down Al Capone. In order to achieve this goal, he forms a group given the nickname “The Untouchables”.","Crime, History, Thriller"
The Three Musketeers: Milady,"D'Artagnan, on a quest to rescue the abducted Constance, runs into the mysterious Milady de Winter again. The tension between the Catholics and the Protestants finally escalates, as the king declares war — forcing the now four musketeers into battle. But as the war goes on, they are tested physically, mentally and emotionally.","Adventure, Action, Drama, History"
The Founder,"The true story of how Ray Kroc, a salesman from Illinois, met Mac and Dick McDonald, who were running a burger operation in 1950s Southern California. Kroc was impressed by the brothers’ speedy system of making the food and saw franchise potential. He maneuvered himself into a position to be able to pull the company from the brothers and create a billion-dollar empire.","Drama, History"
Family Pack,"When an old card game comes to life, a family jumps back in time to a medieval village where they must unmask werewolves to secure their return home.","Adventure, Comedy, Fantasy, Action"
The Expendables 3,"Barney, Christmas and the rest of the team comes face-to-face with Conrad Stonebanks, who years ago co-founded The Expendables with Barney. Stonebanks subsequently became a ruthless arms trader and someone who Barney was forced to kill… or so he thought. Stonebanks, who eluded death once before, now is making it his mission to end The Expendables -- but Barney has other plans. Barney decides that he has to fight old blood with new blood, and brings in a new era of Expendables team members, recruiting individuals who are younger, faster and more tech-savvy. The latest mission becomes a clash of classic old-school style versus high-tech expertise in the Expendables’ most personal battle yet.","Action, Adventure, Thriller"
Rise of the Planet of the Apes,"A highly intelligent chimpanzee named Caesar has been living a peaceful suburban life ever since he was born. But when he gets taken to a cruel primate facility, Caesar decides to revolt against those who have harmed him.","Thriller, Action, Drama, Science Fiction"
Abigail,"A group of criminals kidnap a teenage ballet dancer, the daughter of a notorious gang leader, in order to obtain a ransom of $50 million, but over time, they discover that she is not just an ordinary girl. After the kidnappers begin to diminish, one by one, they discover, to their increasing horror, that they are locked inside with no normal little girl.","Horror, Thriller"
Sing: Thriller,"Buster Moon dreams up a star-studded spectacle set to Michael Jackson's ""Thriller"" in this animated short featuring characters from the hit ""Sing"" films.","Animation, Family, Comedy, Music"
Inside Out,"When 11-year-old Riley moves to a new city, her Emotions team up to help her through the transition. Joy, Fear, Anger, Disgust and Sadness work together, but when Joy and Sadness get lost, they must journey through unfamiliar places to get back home.","Animation, Family, Adventure, Drama, Comedy"
2001: A Space Odyssey,"Humanity finds a mysterious object buried beneath the lunar surface and sets off to find its origins with the help of HAL 9000, the world's most advanced super computer.","Science Fiction, Mystery, Adventure"
The Last Stop in Yuma County,"While awaiting the next fuel truck at a middle-of-nowhere Arizona rest stop, a traveling young knife salesman is thrust into a high-stakes hostage situation by the arrival of two similarly stranded bank robbers with no qualms about using cruelty—or cold, hard steel—to protect their bloodstained, ill-gotten fortune.","Crime, Thriller"
Mission: Impossible - Rogue Nation,"Ethan and team take on their most impossible mission yet—eradicating 'The Syndicate', an International and highly-skilled rogue organization committed to destroying the IMF.","Action, Adventure"
The Idea of You,"40-year-old single mom Solène begins an unexpected romance with 24-year-old Hayes Campbell, the lead singer of August Moon, the hottest boy band on the planet. As they begin a whirlwind romance, it isn't long before Hayes' superstar status poses unavoidable challenges to their relationship, and Solène soon discovers that life in the glare of his spotlight might be more than she bargained for.","Romance, Drama, Comedy"
TÁR,"As celebrated conductor Lydia Tár starts rehearsals for a career-defining symphony, the consequences of her past choices begin to echo in the present.","Music, Drama"
Guillermo del Toro's Pinocchio,"During the rise of fascism in Mussolini's Italy, a wooden boy brought magically to life struggles to live up to his father's expectations.","Animation, Fantasy, Drama, Adventure, Family, Music"
Shrek Forever After,"A bored and domesticated Shrek pacts with deal-maker Rumpelstiltskin to get back to feeling like a real ogre again, but when he's duped and sent to a twisted version of Far Far Away—where Rumpelstiltskin is king, ogres are hunted, and he and Fiona have never met—he sets out to restore his world and reclaim his true love.","Comedy, Adventure, Fantasy, Animation, Family"
Charlie and the Chocolate Factory,"A young boy wins a tour through the most magnificent chocolate factory in the world, led by the world's most unusual candy maker.","Adventure, Comedy, Family, Fantasy"
Charlie and the Chocolate Factory,"A young boy wins a tour through the most magnificent chocolate factory in the world, led by the world's most unusual candy maker.","Adventure, Comedy, Family, Fantasy"
Pacific Rim,"Using massive piloted robots to combat the alien threat, earth's survivors take the fight to the invading alien force lurking in the depths of the Pacific Ocean. Nearly defenseless in the face of the relentless enemy, the forces of mankind have no choice but to turn to two unlikely heroes who now stand as earth's final hope against the mounting apocalypse.","Action, Science Fiction, Adventure"
The King's Speech,"The King's Speech tells the story of the man who became King George VI, the father of Queen Elizabeth II. After his brother abdicates, George ('Bertie') reluctantly assumes the throne. Plagued by a dreaded stutter and considered unfit to be king, Bertie engages the help of an unorthodox speech therapist named Lionel Logue. Through a set of unexpected techniques, and as a result of an unlikely friendship, Bertie is able to find his voice and boldly lead the country into war.","Drama, History"
The Mask,"When timid bank clerk Stanley Ipkiss discovers a magical mask containing the spirit of the Norse god Loki, his entire life changes. While wearing the mask, Ipkiss becomes a supernatural playboy exuding charm and confidence which allows him to catch the eye of local nightclub singer Tina Carlyle. Unfortunately, under the mask's influence, Ipkiss also robs a bank, which angers junior crime lord Dorian Tyrell, whose goons get blamed for the heist.","Romance, Comedy, Crime, Fantasy"
Rebel Moon - Part One: A Child of Fire,"When the ruthless forces of the Motherworld threaten a quiet farming village on a distant moon, a mysterious outsider becomes its best hope for survival.","Science Fiction, Drama, Action, War"
Predator,A team of elite commandos on a secret mission in a Central American jungle come to find themselves hunted by an extraterrestrial warrior.,"Science Fiction, Action, Adventure, Thriller"
Face/Off,"In order to foil a terrorist plot, an FBI agent undergoes facial transplant surgery and assumes the identity of a criminal mastermind. The plan turns sour when the criminal wakes up prematurely and seeks revenge.","Action, Crime, Science Fiction"
Bridge of Spies,"During the Cold War, the Soviet Union captures U.S. pilot Francis Gary Powers after shooting down his U-2 spy plane. Sentenced to 10 years in prison, Powers' only hope is New York lawyer James Donovan, recruited by a CIA operative to negotiate his release. Donovan boards a plane to Berlin, hoping to win the young man's freedom through a prisoner exchange. If all goes well, the Russians would get Rudolf Abel, the convicted spy who Donovan defended in court.","Thriller, Drama"
Fantastic Four: Rise of the Silver Surfer,"The Fantastic Four return to the big screen as a new and all powerful enemy threatens the Earth. The seemingly unstoppable 'Silver Surfer', but all is not what it seems and there are old and new enemies that pose a greater threat than the intrepid superheroes realize.","Science Fiction, Adventure, Action"
The Devil Wears Prada,"Andy moves to New York to work in the fashion industry. Her boss is extremely demanding, cruel and won't let her succeed if she doesn't fit into the high class elegant look of their magazine.","Drama, Comedy"
Cloverfield,"Five young New Yorkers throw their friend a going-away party the night that a monster the size of a skyscraper descends upon the city. Told from the point of view of their video camera, the film is a document of their attempt to survive the most surreal, horrifying event of their lives.","Action, Thriller, Science Fiction"
Fantastic Four,"During a space voyage, four scientists are altered by cosmic rays: Reed Richards gains the ability to stretch his body; Sue Storm can become invisible; Johnny Storm controls fire; and Ben Grimm is turned into a super-strong … thing. Together, these ""Fantastic Four"" must now thwart the evil plans of Dr. Doom and save the world from certain destruction.","Action, Fantasy, Science Fiction"
The Aviator,"A biopic depicting the life of filmmaker and aviation pioneer Howard Hughes from 1927 to 1947, during which time he became a successful film producer and an aviation magnate, while simultaneously growing more unstable due to severe obsessive-compulsive disorder.",Drama
Miller's Girl,A talented young writer embarks on a creative odyssey when her teacher assigns a project that entangles them both.,"Thriller, Comedy, Drama"
The Naked Gun: From the Files of Police Squad!,"When the incompetent Lieutenant Frank Drebin seeks the ruthless killer of his partner, he stumbles upon an attempt to assassinate Queen Elizabeth II.","Comedy, Crime"
Rain Man,"When car dealer Charlie Babbitt learns that his estranged father has died, he returns home to Cincinnati, where he discovers that he has a savant older brother named Raymond and that his father's $3 million fortune is being left to the mental institution in which Raymond lives. Motivated by his father's money, Charlie checks Raymond out of the facility in order to return with him to Los Angeles. The brothers' cross-country trip ends up changing both their lives.",Drama
American Hustle,"A conman and his seductive partner are forced to work for a wild FBI agent, who pushes them into a world of Jersey power-brokers and the Mafia.","Drama, Crime"
The Girl with the Dragon Tattoo,"Disgraced journalist Mikael Blomkvist investigates the disappearance of a weary patriarch's niece from 40 years ago. He is aided by the pierced, tattooed, punk computer hacker named Lisbeth Salander. As they work together in the investigation, Blomkvist and Salander uncover immense corruption beyond anything they have ever imagined.","Thriller, Crime, Mystery"
Fantastic Mr. Fox,"The Fantastic Mr. Fox, bored with his current life, plans a heist against the three local farmers. The farmers, tired of sharing their chickens with the sly fox, seek revenge against him and his family.","Adventure, Animation, Comedy, Family"
Mr. & Mrs. Smith,"After five (or six) years of vanilla-wedded bliss, ordinary suburbanites John and Jane Smith are stuck in a huge rut. Unbeknownst to each other, they are both coolly lethal, highly-paid assassins working for rival organisations. When they discover they're each other's next target, their secret lives collide in a spicy, explosive mix of wicked comedy, pent-up passion, nonstop action and high-tech weaponry.","Action, Comedy, Drama, Thriller"
Mr. & Mrs. Smith,"After five (or six) years of vanilla-wedded bliss, ordinary suburbanites John and Jane Smith are stuck in a huge rut. Unbeknownst to each other, they are both coolly lethal, highly-paid assassins working for rival organisations. When they discover they're each other's next target, their secret lives collide in a spicy, explosive mix of wicked comedy, pent-up passion, nonstop action and high-tech weaponry.","Action, Comedy, Drama, Thriller"
Apartment 7A,"A struggling young dancer finds herself drawn in by dark forces when a peculiar, well-connected older couple promise her a shot at fame.","Horror, Thriller"
GoldenEye,"When a powerful satellite system falls into the hands of Alec Trevelyan, AKA Agent 006, a former ally-turned-enemy, only James Bond can save the world from a dangerous space weapon that -- in one short pulse -- could destroy the earth! As Bond squares off against his former compatriot, he also battles Xenia Onatopp, an assassin who uses pleasure as her ultimate weapon.","Adventure, Action, Thriller"
Spencer,"During her Christmas holidays with the royal family at the Sandringham estate in Norfolk, England, Diana decides to leave her marriage to Prince Charles.","Drama, History"
Speed,"Jack Traven, an LAPD cop on SWAT detail, and veteran SWAT officer Harry Temple thwart an extortionist-bomber's scheme for a $3 million ransom. As they corner the bomber, he flees and detonates a bomb vest, seemingly killing himself. Weeks later, Jack witnesses a mass transit city bus explode and nearby a pay phone rings. On the phone is that same bomber looking for vengeance and the money he's owed. He gives a personal challenge to Jack: a bomb is rigged on another city bus - if it slows down below 50 mph, it will explode - bad enough any day, but a nightmare in LA traffic. And that's just the beginning...","Action, Thriller"
Mission: Impossible III,"Retired from active duty, and training recruits for the Impossible Mission Force, agent Ethan Hunt faces the toughest foe of his career: Owen Davian, an international broker of arms and information, who's as cunning as he is ruthless. Davian emerges to threaten Hunt and all that he holds dear – including the woman Hunt loves.","Adventure, Action, Thriller"
CODA,"As a CODA (Child of Deaf Adults), Ruby is the only hearing person in her deaf family. When the family's fishing business is threatened, Ruby finds herself torn between pursuing her love of music and her fear of abandoning her parents.","Drama, Music, Romance"
Dr. Strangelove or: How I Learned to Stop Worrying and Love the Bomb,"After the insane General Jack D. Ripper initiates a nuclear strike on the Soviet Union, a war room full of politicians, generals and a Russian diplomat all frantically try to stop the nuclear strike.","Comedy, War"
Platoon,"As a young and naive recruit in Vietnam, Chris Taylor faces a moral crisis when confronted with the horrors of war and the duality of man.","Drama, War, Action"
Magnolia,"On one random day in the San Fernando Valley, a dying father, a young wife, a male caretaker, a famous lost son, a police officer in love, a boy genius, an ex-boy genius, a game show host and an estranged daughter will each become part of a dazzling multiplicity of plots, but one story.",Drama
Escape from New York,"In a world ravaged by crime, the entire island of Manhattan has been converted into a walled prison where brutal prisoners roam free. After the US president crash-lands inside, war hero Snake Plissken has 24 hours to bring him back.","Science Fiction, Action"
The Predator,"When a young boy accidentally triggers the universe's most lethal hunters' return to Earth, only a ragtag crew of ex-soldiers and a disgruntled scientist can prevent the end of the human race.","Science Fiction, Action, Adventure, Thriller"
Ant-Man and the Wasp: Quantumania,"Super-Hero partners Scott Lang and Hope van Dyne, along with with Hope's parents Janet van Dyne and Hank Pym, and Scott's daughter Cassie Lang, find themselves exploring the Quantum Realm, interacting with strange new creatures and embarking on an adventure that will push them beyond the limits of what they thought possible.","Action, Adventure, Science Fiction"
The Mechanic,"Arthur Bishop is a 'mechanic' - an elite assassin with a strict code requiring professional perfection and total detachment. One of an elite group of assassins, Bishop may be the best in the business - with a unique talent for cleanly eliminating targets. When Harry McKenna, his close friend and mentor, is murdered, Harry's son comes to him with vengeance in his heart and a desire to learn Bishop's trade, signaling the birth of a deadly partnership.","Action, Thriller, Crime"
Toy Story,"Led by Woody, Andy's toys live happily in his room until Andy's birthday brings Buzz Lightyear onto the scene. Afraid of losing his place in Andy's heart, Woody plots against Buzz. But when circumstances separate Buzz and Woody from their owner, the duo eventually learns to put aside their differences.","Animation, Adventure, Family, Comedy"
Meet Joe Black,"William Parrish, media tycoon and loving father, is about to celebrate his 65th birthday. One morning, he is contacted by the inevitable, by hallucination, as he thinks. Later, Death enters his home and his life, personified in human form as Joe Black. His intention was to take William with him, but accidentally, Joe and William's beautiful daughter Susan have already met. Joe begins to develop certain interest in life on Earth, as well as in Susan, who has no clue with whom she's flirting.","Fantasy, Drama, Romance"
Uglies,"In a futuristic dystopia with enforced beauty standards, a teen awaiting mandatory cosmetic surgery embarks on a journey to find her missing friend.","Science Fiction, Adventure, Action"
Shang-Chi and the Legend of the Ten Rings,Shang-Chi must confront the past he thought he left behind when he is drawn into the web of the mysterious Ten Rings organization.,"Action, Adventure, Fantasy"
Happy Death Day,"Caught in a bizarre and terrifying time warp, college student Tree finds herself repeatedly reliving the day of her murder, ultimately realizing that she must identify the killer and the reason for her death before her chances of survival run out.","Comedy, Horror, Mystery, Thriller"
Cruella,"In 1970s London amidst the punk rock revolution, a young grifter named Estella is determined to make a name for herself with her designs. She befriends a pair of young thieves who appreciate her appetite for mischief, and together they are able to build a life for themselves on the London streets. One day, Estella’s flair for fashion catches the eye of the Baroness von Hellman, a fashion legend who is devastatingly chic and terrifyingly haute. But their relationship sets in motion a course of events and revelations that will cause Estella to embrace her wicked side and become the raucous, fashionable and revenge-bent Cruella.","Comedy, Crime, Adventure"
The Incredibles,"Bob Parr has given up his superhero days to log in time as an insurance adjuster and raise his three children with his formerly heroic wife in suburbia. But when he receives a mysterious assignment, it's time to get back into costume.","Action, Adventure, Animation, Family"
From Russia with Love,"Agent 007 is back in the second installment of the James Bond series, this time battling a secret crime organization known as SPECTRE. Russians Rosa Klebb and Kronsteen are out to snatch a decoding device known as the Lektor, using the ravishing Tatiana to lure Bond into helping them. Bond willingly travels to meet Tatiana in Istanbul, where he must rely on his wits to escape with his life in a series of deadly encounters with the enemy.","Action, Thriller, Adventure"
Creed,"The former World Heavyweight Champion Rocky Balboa serves as a trainer and mentor to Adonis Johnson, the son of his late friend and former rival Apollo Creed.","Action, Drama"
Enemy,A mild-mannered college professor discovers a look-alike actor and delves into the other man's private affairs.,"Thriller, Mystery"
Lincoln,"The revealing story of the 16th US President's tumultuous final months in office. In a nation divided by war and the strong winds of change, Lincoln pursues a course of action designed to end the war, unite the country and abolish slavery. With the moral courage and fierce determination to succeed, his choices during this critical moment will change the fate of generations to come.","History, Drama"
The Nun,A priest with a haunted past and a novice on the threshold of her final vows are sent by the Vatican to investigate the death of a young nun in Romania and confront a malevolent force in the form of a demonic nun.,Horror
Ordinary Decent Criminal,"Michael Lynch is a notorious criminal with two wives and a flair for showmanship. He's also a huge embarrassment to the local police, who are determined to bring him down once and for all.","Comedy, Thriller"
12 Strong,A team of special forces head into Afghanistan in the aftermath of the September 11th attacks in an attempt to dismantle the Taliban.,"War, Drama, Action, History"
The Living Daylights,"After a defecting Russian general reveals a plot to assassinate foreign spies, James Bond is assigned a secret mission to dispatch the new head of the KGB to prevent an escalation of tensions between the Soviet Union and the West.","Action, Adventure, Thriller"
Octopussy,James Bond is sent to investigate after a fellow “00” agent is found dead with a priceless Indian Fabergé egg. Bond follows the mystery and uncovers a smuggling scandal and a Russian General who wants to provoke a new World War.,"Adventure, Action, Thriller"
For Your Eyes Only,A British spy ship has sunk and on board was a hi-tech encryption device. James Bond is sent to find the device that holds British launching instructions before the enemy Soviets get to it first.,"Adventure, Action, Thriller"
The Elephant Man,"A Victorian surgeon rescues a heavily disfigured man being mistreated by his ""owner"" as a side-show freak. Behind his monstrous façade, there is revealed a person of great intelligence and sensitivity. Based on the true story of Joseph Merrick (called John Merrick in the film), a severely deformed man in 19th century London.","Drama, History"
The Nun II,"In 1956 France, a priest is violently murdered, and Sister Irene begins to investigate. She once again comes face-to-face with a powerful evil.",Horror
The Fall Guy,"Fresh off an almost career-ending accident, stuntman Colt Seavers has to track down a missing movie star, solve a conspiracy and try to win back the love of his life while still doing his day job.","Action, Comedy, Romance, Drama"
Ex Machina,"Caleb, a coder at the world's largest internet company, wins a competition to spend a week at a private mountain retreat belonging to Nathan, the reclusive CEO of the company. But when Caleb arrives at the remote location he finds that he will have to participate in a strange and fascinating experiment in which he must interact with the world's first true artificial intelligence, housed in the body of a beautiful robot girl.","Drama, Science Fiction"
Ad Vitam,"When he and his pregnant wife are attacked in their home, a former elite agent becomes trapped in a deadly manhunt tied to his own painful past.","Thriller, Drama, Crime, Action"
How to Make a Killing,"Michel and Cathy, wed for longer than they can remember, lead a quiet but monotonous life in the mountains. When a bear bursts out in front of Michel’s car, accidentally killing two drug dealers and revealing a €2 million loot in the process, their life takes an unpredictable turn, especially when they decide to cover up the incident and keep the money! But their plan leads them to stumble upon an unexplained trail of dead bodies. More used to being honest than crooked, Michel and Cathy’s clumsy cover-up efforts soon put an interfering inspector hot on their trail.","Comedy, Thriller"
Scream,"Twenty-five years after a streak of brutal murders shocked the quiet town of Woodsboro, a new killer has donned the Ghostface mask and begins targeting a group of teenagers to resurrect secrets from the town’s deadly past.","Horror, Mystery, Thriller, Crime"
Metropolis,"In a futuristic city sharply divided between the rich and the poor, the son of the city's mastermind meets a prophet who predicts the coming of a savior to mediate their differences.","Drama, Science Fiction"
Encanto,"The tale of an extraordinary family, the Madrigals, who live hidden in the mountains of Colombia, in a magical house, in a vibrant town, in a wondrous, charmed place called an Encanto. The magic of the Encanto has blessed every child in the family—every child except one, Mirabel. But when she discovers that the magic surrounding the Encanto is in danger, Mirabel decides that she, the only ordinary Madrigal, might just be her exceptional family's last hope.","Animation, Comedy, Family, Fantasy"
The Goonies,"A young teenager named Mikey Walsh finds an old treasure map in his father's attic. Hoping to save their homes from demolition, Mikey and his friends Data Wang, Chunk Cohen, and Mouth Devereaux run off on a big quest to find the secret stash of Pirate One-Eyed Willie.","Adventure, Comedy, Family"
Harold and the Purple Crayon,"Inside of his book, adventurous Harold can make anything come to life simply by drawing it. After he grows up and draws himself off the book's pages and into the physical world, Harold finds he has a lot to learn about real life.","Family, Adventure, Fantasy, Comedy"
Dark Waters,"A tenacious attorney uncovers a dark secret that connects a growing number of unexplained deaths to one of the world's largest corporations. In the process, he risks everything — his future, his family, and his own life — to expose the truth.","Drama, Thriller"
Rush,"In the 1970s, a rivalry propels race car drivers Niki Lauda and James Hunt to fame and glory — until a horrible accident threatens to end it all.","Drama, Action"
Limitless,The life of an unsuccessful writer is transformed by a top-secret 'smart drug' that allows him to use 100% of his brain and become a perfect version of himself. His enhanced abilities soon attract shadowy forces that threaten his new life.,"Thriller, Mystery, Science Fiction"
Black Widow,"Natasha Romanoff, also known as Black Widow, confronts the darker parts of her ledger when a dangerous conspiracy with ties to her past arises. Pursued by a force that will stop at nothing to bring her down, Natasha must deal with her history as a spy and the broken relationships left in her wake long before she became an Avenger.","Action, Adventure, Science Fiction"
Her,"In the not so distant future, Theodore, a lonely writer, purchases a newly developed operating system designed to meet the user's every need. To Theodore's surprise, a romantic relationship develops between him and his operating system. This unconventional love story blends science fiction and romance in a sweet tale that explores the nature of love and the ways that technology isolates and connects us all.","Romance, Science Fiction, Drama"
Hugo,"Orphaned and alone except for an uncle, Hugo Cabret lives in the walls of a train station in 1930s Paris. Hugo's job is to oil and maintain the station's clocks, but to him, his more important task is to protect a broken automaton and notebook left to him by his late father. Accompanied by the goddaughter of an embittered toy merchant, Hugo embarks on a quest to solve the mystery of the automaton and find a place he can call home.","Adventure, Drama, Family"
Alice in Wonderland,"Alice, now 19 years old, returns to the whimsical world she first entered as a child and embarks on a journey to discover her true destiny.","Family, Fantasy, Adventure"
Jack Mimoun & the Secrets of Val Verde,"Two years after surviving alone on the hostile island of Val Verde, Jack Mimoun has become an adventure star. The book recounting his experience is a bestseller and his television show breaks audience records. He is then approached by the mysterious Aurélie Diaz who will bring Jack Mimoun back to Val Verde to train him in search of the legendary sword of the pirate La Buse. Accompanied by Bruno Quézac, the ambitious but reckless manager of Jack, and Jean-Marc Bastos, a mercenary as disturbed as he is unpredictable, our adventurers will embark on an incredible treasure hunt through the jungle of the island of thousand dangers.","Comedy, Adventure"
November,"In November 2015, a series of unprecedented and deadly attacks hits Paris. The anti-terrorist police led by Heloise and her chief commander Fred - face an unprecedented level of pressure: in a race against the clock, they must find the perpetrators of the attacks as quickly as possible before they can strike again, travelling across Europe and beyond in one of the biggest manhunts in history.","Crime, Drama, Thriller"
Hellboy,"In the final days of World War II, the Nazis attempt to use black magic to aid their dying cause. The Allies raid the camp where the ceremony is taking place, but not before they summon a baby demon who is rescued by Allied forces and dubbed ""Hellboy"". Sixty years later, Hellboy serves the cause of good rather than evil as an agent in the Bureau of Paranormal Research & Defense, along with Abe Sapien - a merman with psychic powers, and Liz Sherman - a woman with pyrokinesis, protecting America against dark forces.","Fantasy, Action"
Triangle of Sadness,"A celebrity model couple are invited on a luxury cruise for the uber-rich, helmed by an unhinged, alcoholic captain. What first appears Instagrammable ends catastrophically, leaving the survivors stranded on a desert island in a struggle of hierarchy.","Comedy, Drama"
No Time to Die,"Bond has left active service and is enjoying a tranquil life in Jamaica. His peace is short-lived when his old friend Felix Leiter from the CIA turns up asking for help. The mission to rescue a kidnapped scientist turns out to be far more treacherous than expected, leading Bond onto the trail of a mysterious villain armed with dangerous new technology.","Action, Thriller, Adventure"
Lara Croft: Tomb Raider,"Orphaned heiress, English aristocrat and intrepid archaeologist, Lara Croft, embarks on a dangerous quest to retrieve the two halves of an ancient artifact which controls time before it falls into the wrong hands. As an extremely rare planetary alignment is about to occur for the first time in 5,000 years, the fearless tomb raider will have to team up with rival adventurers and sworn enemies to collect the pieces, while time is running out. But, in the end, who can harness the archaic talisman's unlimited power?","Adventure, Fantasy, Action, Thriller"
Indiana Jones and the Last Crusade,"In 1938, an art collector appeals to eminent archaeologist Dr. Indiana Jones to embark on a search for the Holy Grail. Indy learns that a medieval historian has vanished while searching for it, and the missing man is his own father, Dr. Henry Jones Sr.. He sets out to rescue his father by following clues in the old man's notebook, which his father had mailed to him before he went missing. Indy arrives in Venice, where he enlists the help of a beautiful academic, Dr. Elsa Schneider, along with Marcus Brody and Sallah. Together they must stop the Nazis from recovering the power of eternal life and taking over the world!","Adventure, Action"
Indiana Jones and the Temple of Doom,"After arriving in India, Indiana Jones is asked by a desperate village to find a mystical stone. He agrees – and stumbles upon a secret cult plotting a terrible plan in the catacombs of an ancient palace.","Adventure, Action"
Focus,"Nicky, an accomplished con artist, gets romantically involved with his disciple Jess but later ends their relationship. Years later, she returns as a femme fatale to spoil his plans.","Romance, Comedy, Crime"
Jurassic World,"Twenty-two years after the events of Jurassic Park, Isla Nublar now features a fully functioning dinosaur theme park, Jurassic World, as originally envisioned by John Hammond.","Action, Adventure, Science Fiction, Thriller"
The Courier,Cold War spy Greville Wynne and his Russian source try to put an end to the Cuban Missile Crisis.,"Thriller, History, Drama"
Jurassic World,"Twenty-two years after the events of Jurassic Park, Isla Nublar now features a fully functioning dinosaur theme park, Jurassic World, as originally envisioned by John Hammond.","Action, Adventure, Science Fiction, Thriller"
The Courier,Cold War spy Greville Wynne and his Russian source try to put an end to the Cuban Missile Crisis.,"Thriller, History, Drama"
Los dos hemisferios de Lucca,"Determined to help her son, who has cerebral palsy, Bárbara takes her family to India for an experimental treatment.",Drama
Talk to Me,"When a group of friends discover how to conjure spirits using an embalmed hand, they become hooked on the new thrill, until one of them goes too far and unleashes terrifying supernatural forces.",Horror
One Life,"British stockbroker Nicholas Winton visits Czechoslovakia in the 1930s and forms plans to assist in the rescue of Jewish children before the onset of World War II, in an operation that came to be known as the Kindertransport.","History, Drama"
The Other Guys,"Unlike their heroic counterparts on the force, desk-bound NYPD detectives Gamble and Hoitz garner no headlines as they work day to day. When a seemingly minor case turns out to be a big deal, the two cops get the opportunity to finally prove to their comrades that they have the right stuff.","Action, Comedy, Crime, Thriller"
Wedding Crashers,"John and his buddy, Jeremy are emotional criminals who know how to use a woman's hopes and dreams for their own carnal gain. Their modus operandi: crashing weddings. Normally, they meet guests who want to toast the romantic day with a random hook-up. But when John meets Claire, he discovers what true love – and heartache – feels like.","Comedy, Romance"
Rambo,"In Thailand, ex-Green Beret John James Rambo joins a group of mercenaries to venture into war-torn neighboring Myanmar to rescue a group of Christian aid workers who have been kidnapped by a ruthless local infantry unit.","Action, Thriller, War"
The Last Samurai,"Nathan Algren is an American hired to instruct the Japanese army in the ways of modern warfare, which finds him learning to respect the samurai and the honorable principles that rule them. Pressed to destroy the samurai's way of life in the name of modernization and open trade, Algren decides to become an ultimate warrior himself and to fight for their right to exist.","Drama, Action, War"
Ocean's Twelve,"Danny Ocean reunites with his old flame and the rest of his merry band of thieves in carrying out three huge heists in Rome, Paris and Amsterdam – but a Europol agent is hot on their heels.","Thriller, Crime"
There's Still Tomorrow,"In postwar Rome, a working-class woman dreams of a better future for herself and her daughter while facing abuse at the hands of her domineering husband. When a mysterious letter arrives, she discovers the courage to change the circumstances of her life.","Drama, Comedy, History"
All of Us Strangers,"One night in his near-empty tower block in contemporary London, Adam has a chance encounter with a mysterious neighbor Harry, which punctures the rhythm of his everyday life.","Romance, Drama, Fantasy"
The Trial of the Chicago 7,What was supposed to be a peaceful protest turned into a violent clash with the police. What followed was one of the most notorious trials in history.,"Drama, History"
The Old Guard,Four undying warriors who've secretly protected humanity for centuries become targeted for their mysterious powers just as they discover a new immortal.,"Action, Fantasy"
Sound of Metal,"Metal drummer Ruben begins to lose his hearing. When a doctor tells him his condition will worsen, he thinks his career and life is over. His girlfriend Lou checks the former addict into a rehab for the deaf hoping it will prevent a relapse and help him adapt to his new life. After being welcomed and accepted just as he is, Ruben must choose between his new normal and the life he once knew.","Drama, Music"
The Killing of a Sacred Deer,"Dr. Steven Murphy is a renowned cardiovascular surgeon who presides over a spotless household with his wife and two children. Lurking at the margins of his idyllic suburban existence is Martin, a fatherless teen who insinuates himself into the doctor's life in gradually unsettling ways.","Drama, Thriller, Mystery"
mother!,"A couple's relationship is tested when uninvited guests arrive at their home, disrupting their tranquil existence.","Drama, Horror, Thriller"
The Greatest Showman,"The story of American showman P.T. Barnum, founder of the circus that became the famous traveling Ringling Bros. and Barnum & Bailey Circus.",Drama
Ferris Bueller's Day Off,"After high school slacker Ferris Bueller successfully fakes an illness in order to skip school for the day, he goes on a series of adventures throughout Chicago with his girlfriend Sloane and best friend Cameron, all the while trying to outwit his wily school principal and fed-up sister.",Comedy
Grease,"Australian good girl Sandy and greaser Danny fell in love over the summer. But when they unexpectedly discover they're now in the same high school, will they be able to rekindle their romance despite their eccentric friends?","Romance, Comedy"
The Incredible Hulk,"Scientist Bruce Banner scours the planet for an antidote to the unbridled force of rage within him: the Hulk. But when the military masterminds who dream of exploiting his powers force him back to civilization, he finds himself coming face to face with a new, deadly foe.","Science Fiction, Action, Adventure"
The Conjuring: The Devil Made Me Do It,"Paranormal investigators Ed and Lorraine Warren encounter what would become one of the most sensational cases from their files. The fight for the soul of a young boy takes them beyond anything they'd ever seen before, to mark the first time in U.S. history that a murder suspect would claim demonic possession as a defense.","Horror, Mystery, Thriller"
The Lion King,"Simba idolizes his father, King Mufasa, and takes to heart his own royal destiny. But not everyone in the kingdom celebrates the new cub's arrival. Scar, Mufasa's brother—and former heir to the throne—has plans of his own. The battle for Pride Rock is ravaged with betrayal, tragedy and drama, ultimately resulting in Simba's exile. With help from a curious pair of newfound friends, Simba will have to figure out how to grow up and take back what is rightfully his.","Adventure, Drama, Family, Animation"
Steve Jobs,"Set backstage at three iconic product launches and ending in 1998 with the unveiling of the iMac, Steve Jobs takes us behind the scenes of the digital revolution to paint an intimate portrait of the brilliant man at its epicenter.","Drama, History"
Captain Phillips,"The true story of Captain Richard Phillips and the 2009 hijacking by Somali pirates of the US-flagged MV Maersk Alabama, the first American cargo ship to be hijacked in two hundred years.","Action, Drama, Thriller"
Bad Boys,"Marcus Burnett is a henpecked family man. Mike Lowrey is a footloose and fancy free ladies' man. Both Miami policemen, they have 72 hours to reclaim a consignment of drugs stolen from under their station's nose. To complicate matters, in order to get the assistance of the sole witness to a murder, they have to pretend to be each other.","Action, Comedy, Crime, Thriller"
Juno,"Faced with an unplanned pregnancy, sixteen year old high-schooler, Juno MacGuff, makes an unusual decision regarding her unborn child.","Comedy, Drama, Romance"
The Rivals of Amziah King,"In rural Oklahoma, Kateri loses her mother and flees foster care. She reunites with past foster parent Amziah King, who mentors her, revealing hidden skills. Facing devastating situations, Kateri relies on newfound strength to seek justice.","Crime, Thriller"
Hot Tub Time Machine,"Four pals are stuck in a rut in adulthood: Adam has just been dumped, Lou is a hopeless party animal, Nick is a henpecked husband, and Jacob does nothing but play video games in his basement. But they get a chance to brighten their future by changing their past after a night of heavy drinking in a ski-resort hot tub results in their waking up in 1986.","Science Fiction, Comedy, Adventure"
Paprika,"When a machine that allows therapists to enter their patient's dreams is stolen, all hell breaks loose. Only a young female therapist can stop it and recover it before damage is done: Paprika.","Animation, Science Fiction, Thriller"
Pearl Harbor,"The lifelong friendship between Rafe McCawley and Danny Walker is put to the ultimate test when the two ace fighter pilots become entangled in a love triangle with beautiful Naval nurse Evelyn Johnson. But the rivalry between the friends-turned-foes is immediately put on hold when they find themselves at the center of Japan's devastating attack on Pearl Harbor on Dec. 7, 1941.","War, History, Romance, Drama, Action"
Horizon: An American Saga - Chapter 1,"Follow the story of how the Old West was won—and lost—through the blood, sweat and tears of many. Spanning 15 years before, during and following the Civil War from 1859 to 1874, embark on an emotional journey across a country at war with itself, experienced through the lens of families, friends and foes all attempting to discover what it truly means to be the United States of America.","Western, Drama"
Rio,"Captured by smugglers when he was just a hatchling, a macaw named Blu never learned to fly and lives a happily domesticated life in Minnesota with his human friend, Linda. Blu is thought to be the last of his kind, but when word comes that Jewel, a lone female, lives in Rio de Janeiro, Blu and Linda go to meet her. Animal smugglers kidnap Blu and Jewel, but the pair soon escape and begin a perilous adventure back to freedom -- and Linda.","Animation, Adventure, Comedy, Family"
The Negotiator,"The police try to arrest expert hostage negotiator Danny Roman, who insists he's being framed for his partner's murder in what he believes is an elaborate conspiracy. Thinking there's evidence in the Internal Affairs offices that might clear him, he takes everyone in the office hostage and demands that another well-known negotiator be brought in to handle the situation and secretly investigate the conspiracy.","Action, Crime, Drama, Thriller"
Zoolander,"Clear the runway for Derek Zoolander, VH1's three-time male model of the year. His face falls when hippie-chic Hansel scooters in to steal this year's award. The evil fashion guru Mugatu seizes the opportunity to turn Derek into a killing machine. It's a well-designed conspiracy and only with the help of Hansel and a few well-chosen accessories like Matilda can Derek make the world safe for male models everywhere.",Comedy
Layer Cake,"When a seemingly straight-forward drug deal goes awry, XXXX has to break his die-hard rules and turn up the heat, not only to outwit the old regime and come out on top, but to save his own skin...","Drama, Thriller, Crime"
Scary Movie,"A familiar-looking group of teenagers find themselves being stalked by a more-than-vaguely recognizable masked killer! As the victims begin to pile up and the laughs pile on, none of your favorite scary movies escape the razor-sharp satire of this outrageously funny parody!",Comedy
Gremlins,"When Billy Peltzer is given a strange but adorable pet named Gizmo for Christmas, he inadvertently breaks the three important rules of caring for a Mogwai, unleashing a horde of mischievous gremlins on a small town.","Fantasy, Horror, Comedy"
Dogman,"A boy, bruised by life, finds his salvation through the love of his dogs.","Action, Drama, Crime"
Scream 4,"Ten years have passed, and Sidney Prescott has put herself back together thanks to her writing. However, her return to Woodsboro sparks the return of the Ghostface Killer.","Horror, Mystery"
Storks,"Storks deliver babies…or at least they used to. Now they deliver packages for a global internet retail giant. Junior, the company’s top delivery stork, is about to be promoted when he accidentally activates the Baby Making Machine, producing an adorable and wholly unauthorized baby girl...","Adventure, Animation, Comedy, Family"
Salt,"As a CIA officer, Evelyn Salt swore an oath to duty, honor and country. Her loyalty will be tested when a Russian defector accuses her of being a Russian sleeper spy. She goes on the run, using all her skills and years of experience as a covert operative to elude capture, protect her husband, and stay one step ahead of her colleagues at the CIA. Her efforts to prove her innocence only serve to cast doubt on her motives, as the hunt to uncover the truth behind her identity continues and the question remains: ""Who is Salt?""","Action, Mystery, Thriller"
Annie Hall,New York comedian Alvy Singer falls in love with the ditsy Annie Hall.,"Comedy, Drama, Romance"
K-PAX,"Prot is a patient at a mental hospital who claims to be from a far away planet. His psychiatrist tries to help him, only to begin to doubt his own explanations.","Science Fiction, Drama, Mystery"
Hitman's Wife's Bodyguard,"The world’s most lethal odd couple – bodyguard Michael Bryce and hitman Darius Kincaid – are back on another life-threatening mission. Still unlicensed and under scrutiny, Bryce is forced into action by Darius's even more volatile wife, the infamous international con artist Sonia Kincaid. As Bryce is driven over the edge by his two most dangerous protectees, the trio get in over their heads in a global plot and soon find that they are all that stand between Europe and a vengeful and powerful madman.","Action, Comedy, Crime, Thriller"
Richard Jewell,"Richard Jewell thinks quick, works fast, and saves hundreds, perhaps thousands, of lives after a domestic terrorist plants several pipe bombs and they explode during a concert, only to be falsely suspected of the crime by sloppy FBI work and sensational media coverage.",Drama
Spy,"A desk-bound CIA analyst volunteers to go undercover to infiltrate the world of a deadly arms dealer, and prevent diabolical global disaster.","Action, Comedy, Crime"
The Purge,"Given the country's overcrowded prisons, the U.S. government begins to allow 12-hour periods of time in which all illegal activity is legal. During one of these free-for-alls, a family must protect themselves from a home invasion.","Science Fiction, Horror, Thriller"
The Proposal,"When she learns she's in danger of losing her visa status and being deported, overbearing book editor Margaret Tate forces her put-upon assistant, Andrew Paxton, to marry her.","Comedy, Romance, Drama"
Saltburn,"Struggling to find his place at Oxford University, student Oliver Quick finds himself drawn into the world of the charming and aristocratic Felix Catton, who invites him to Saltburn, his eccentric family's sprawling estate, for a summer never to be forgotten.","Drama, Comedy, Thriller"
Green Lantern,"For centuries, a small but powerful force of warriors called the Green Lantern Corps has sworn to keep intergalactic order. Each Green Lantern wears a ring that grants him superpowers. But when a new enemy called Parallax threatens to destroy the balance of power in the Universe, their fate and the fate of Earth lie in the hands of the first human ever recruited.","Adventure, Action, Thriller, Science Fiction"
What Lies Beneath,"When Claire Spencer starts hearing ghostly voices and seeing spooky images, she wonders if an otherworldly spirit is trying to contact her. All the while, her husband tries to reassure her by telling her it's all in her head. But as Claire investigates, she discovers that the man she loves might know more than he's letting on.","Drama, Horror, Mystery, Thriller"
The Ring,Rachel Keller is a journalist investigating a videotape that may have killed four teenagers. There is an urban legend about this tape: the viewer will die seven days after watching it. Rachel tracks down the video... and watches it. Now she has just seven days to unravel the mystery of the Ring so she can save herself and her son.,"Horror, Mystery"
Nobody,"Hutch Mansell, a suburban dad, overlooked husband, nothing neighbor — a ""nobody."" When two thieves break into his home one night, Hutch's unknown long-simmering rage is ignited and propels him on a brutal path that will uncover dark secrets he fought to leave behind.","Action, Thriller"
I Know What You Did Last Summer,"After an accident on a winding road, four teens make the fatal mistake of dumping their victim's body into the sea. Exactly one year later, the deadly secret resurfaces as they're stalked by a hook-handed figure.","Horror, Thriller, Mystery"
Toy Story 2,"Andy heads off to Cowboy Camp, leaving his toys to their own devices. Things shift into high gear when an obsessive toy collector named Al McWhiggen, owner of Al's Toy Barn kidnaps Woody. Andy's toys mount a daring rescue mission, Buzz Lightyear meets his match and Woody has to decide where he and his heart truly belong.","Animation, Comedy, Family"
We Bought a Zoo,"Benjamin has lost his wife and, in a bid to start his life over, purchases a large house that has a zoo – welcome news for his daughter, but his son is not happy about it. The zoo is in need of renovation and Benjamin sets about the work with the head keeper and the rest of the staff, but, the zoo soon runs into financial trouble.","Drama, Comedy, Family"
The Crimson Rivers,"Two French policemen, one investigating a grisly murder at a remote mountain college, the other working on the desecration of a young girl's grave by skinheads, are brought together by the clues from their respective cases. Soon after they start working together, more murders are committed, and the pair begin to discover just what dark secrets are behind the killings.","Crime, Mystery, Thriller"
Hot Fuzz,"Former London constable Nicholas Angel finds it difficult to adapt to his new assignment in the sleepy British village of Sandford. Not only does he miss the excitement of the big city, but he also has a well-meaning oaf for a partner. However, when a series of grisly accidents rocks Sandford, Angel smells something rotten in the idyllic village.","Crime, Action, Comedy"
The Life Aquatic with Steve Zissou,"Renowned oceanographer Steve Zissou has sworn vengeance upon the rare shark that devoured a member of his crew. In addition to his regular team, he is joined on his boat by Ned, a man who believes Zissou to be his father, and Jane, a journalist pregnant by a married man. They travel the sea, all too often running into pirates and, perhaps more traumatically, various figures from Zissou's past, including his estranged wife, Eleanor.","Adventure, Comedy, Drama"
Pacific Rim: Uprising,"It has been ten years since The Battle of the Breach and the oceans are still, but restless. Vindicated by the victory at the Breach, the Jaeger program has evolved into the most powerful global defense force in human history. The PPDC now calls upon the best and brightest to rise up and become the next generation of heroes when the Kaiju threat returns.","Action, Fantasy, Science Fiction, Adventure"
Hansel & Gretel: Witch Hunters,"After getting a taste for blood as children, Hansel and Gretel have become the ultimate vigilantes, hell-bent on retribution. Now, unbeknownst to them, Hansel and Gretel have become the hunted, and must face an evil far greater than witches... their past.","Fantasy, Horror, Action"
This Is Spinal Tap,"""This Is Spinal Tap"" shines a light on the self-contained universe of a metal band struggling to get back on the charts, including everything from its complicated history of ups and downs, gold albums, name changes and undersold concert dates, along with the full host of requisite groupies, promoters, hangers-on and historians, sessions, release events and those special behind-the-scenes moments that keep it all real.","Music, Comedy"
Alien³,"After escaping with Newt and Hicks from the alien planet, Ripley crash lands on Fiorina 161, a prison planet and host to a correctional facility. Unfortunately, although Newt and Hicks do not survive the crash, a more unwelcome visitor does. The prison does not allow weapons of any kind, and with aid being a long time away, the prisoners must simply survive in any way they can.","Science Fiction, Action, Horror"
Thanksgiving,"After a Black Friday riot ends in tragedy, a mysterious Thanksgiving-inspired killer terrorizes Plymouth, Massachusetts - the birthplace of the holiday. Picking off residents one by one, what begins as random revenge killings are soon revealed to be part of a larger, sinister holiday plan.","Horror, Mystery, Thriller, Comedy"
10 Cloverfield Lane,"After a catastrophic car crash, a young woman wakes up in a survivalist's underground bunker, where he claims to have saved her from an apocalyptic attack that has left the outside world uninhabitable.","Thriller, Science Fiction, Drama, Horror"
The Great Wall,European mercenaries searching for black powder become embroiled in the defense of the Great Wall of China against a horde of monstrous creatures.,"Action, Adventure, Fantasy"
The Cabin in the Woods,A group of teens journey to a remote cabin in the woods where their fate is unknowingly controlled by technicians as part of a worldwide conspiracy where all horror movie clichés are revealed to be part of an elaborate sacrifice ritual.,"Horror, Mystery"
Dances with Wolves,"Wounded Civil War soldier John Dunbar tries to commit suicide—and becomes a hero instead. As a reward, he's assigned to his dream post, a remote junction on the Western frontier, and soon makes unlikely friends with the local Sioux tribe.","Adventure, Drama, Western"
"The Chronicles of Narnia: The Lion, the Witch and the Wardrobe","Siblings Lucy, Edmund, Susan and Peter step through a magical wardrobe and find the land of Narnia. There, they discover a charming, once peaceful kingdom that has been plunged into eternal winter by the evil White Witch, Jadis. Aided by the wise and magnificent lion, Aslan, the children lead Narnia into a spectacular, climactic battle to be free of the Witch's glacial powers forever.","Adventure, Family, Fantasy"
Poison,"When a poisonous snake slithers onto an Englishman's stomach in India, his associate and a doctor race to save him.","Comedy, Thriller"
A Haunting in Venice,"Celebrated sleuth Hercule Poirot, now retired and living in self-imposed exile in Venice, reluctantly attends a Halloween séance at a decaying, haunted palazzo. When one of the guests is murdered, the detective is thrust into a sinister world of shadows and secrets.","Mystery, Thriller, Crime"
Silent Night,"A tormented father witnesses his young son die when caught in a gang's crossfire on Christmas Eve. While recovering from a wound that costs him his voice, he makes vengeance his life's mission and embarks on a punishing training regimen in order to avenge his son's death.","Action, Thriller"
6 Underground,"After faking his death, a tech billionaire recruits a team of international operatives for a bold and bloody mission to take down a brutal dictator.","Action, Comedy, Thriller"
Underwater,"After an earthquake destroys their underwater station, six researchers must navigate two miles along the dangerous, unknown depths of the ocean floor to make it to safety in a race against time.","Horror, Science Fiction, Action, Adventure"
Broken City,"In a broken city rife with injustice, ex-cop Billy Taggart seeks redemption and revenge after being double-crossed and then framed by its most powerful figure, the mayor. Billy's relentless pursuit of justice, matched only by his streetwise toughness, makes him an unstoppable force - and the mayor's worst nightmare.","Thriller, Crime, Drama"
Get the Gringo,A career criminal nabbed by Mexican authorities is placed in a tough prison where he learns to survive with the help of a 9-year-old boy.,"Action, Thriller, Crime, Drama"
Contraband,"When his brother-in-law runs afoul of a drug lord, family man Chris Farraday turns to a skill he abandoned long ago—smuggling—to repay the debt. But the job goes wrong, and Farraday finds himself wanted by cops, crooks and killers alike.","Thriller, Action, Drama, Crime"
Trance,A violent gang enlists the help of a hypnotherapist in an attempt to locate a painting which somehow vanished in the middle of a heist.,"Thriller, Crime, Drama, Mystery"
Total Recall,"Factory worker Doug Quaid takes a virtual mind-trip vacation with the Rekall company, opting for implanted memories of being a spy. When the procedure goes wrong, Quaid becomes a wanted man by the police and joins forces with a rebel fighter to stop the evil Chancellor Cohaagen.","Action, Science Fiction, Thriller"
Wrath of the Titans,"Perseus tries to live a quieter life as a village fisherman while – dangerously weakened by humanity's lack of devotion – the gods are losing control of the long-imprisoned Titans and their ferocious leader, Kronos.","Fantasy, Adventure, Action"
Cowboys & Aliens,"A stranger stumbles into the desert town of Absolution with no memory of his past and a futuristic shackle around his wrist. With the help of mysterious beauty Ella and the iron-fisted Colonel Dolarhyde, he finds himself leading an unlikely posse of cowboys, outlaws, and Apache warriors against a common enemy from beyond this world in an epic showdown for survival.","Action, Science Fiction, Thriller, Western"
Killer Elite,"Based on a shocking true story, Killer Elite pits two of the world’s most elite operatives—Danny, an ex-special ops agent and Hunter, his longtime mentor—against the cunning leader of a secret military society. Covering the globe from Australia to Paris, London and the Middle East, Danny and Hunter are plunged into a highly dangerous game of cat and mouse—where the predators become the prey.","Action, Adventure, Thriller"
Super 8,"In 1979 Ohio, several youngsters are making a zombie movie with a Super-8 camera. In the midst of filming, the friends witness a horrifying train derailment and are lucky to escape with their lives. They soon discover that the catastrophe was no accident, as a series of unexplained events and disappearances soon follows. Deputy Jackson Lamb, the father of one of the kids, searches for the terrifying truth behind the crash.","Thriller, Science Fiction, Mystery"
28 Weeks Later,"The inhabitants of the British Isles have lost their battle against the onslaught of disease, as the deadly rage virus has killed every citizen there. Six months later, a group of Americans dare to set foot on the Isles, convinced the danger has passed. But it soon becomes all too clear that the scourge continues to live, waiting to pounce on its next victims.","Horror, Thriller, Science Fiction"
Angel Has Fallen,"After a treacherous attack, Secret Service agent Mike Banning is charged with attempting to assassinate President Trumbull. Chased by his own colleagues and the FBI, Banning begins a race against the clock to clear his name.","Action, Thriller"
Before Midnight,"It has been nine years since we last met Jesse and Celine, the French-American couple who once met on a train in Vienna. They now live in Paris with twin daughters but have spent a summer in Greece at the invitation of an author colleague of Jesse's. When the vacation is over and Jesse must send his teenage son off to the States, he begins to question his life decisions, and his relationship with Celine is at risk.","Romance, Drama"
Wolf Children,"After her werewolf lover unexpectedly dies in an accident, a woman must find a way to raise the son and daughter that she had with him. However, their inheritance of their father's traits prove to be a challenge for her.","Animation, Family, Drama, Fantasy"
The Stepford Wives,"What does it take to become a Stepford wife, a woman perfect beyond belief? Ask the Stepford husbands, who've created this high-tech, terrifying little town.","Comedy, Science Fiction, Horror"
Punch-Drunk Love,A socially awkward and volatile small business owner meets the love of his life after being threatened by a gang of scammers.,"Romance, Drama, Comedy"
The Fountain,"Spanning over one thousand years, and three parallel stories, The Fountain is a story of love, death, spirituality, and the fragility of our existence in this world.","Drama, Adventure, Science Fiction, Romance"
Mystic River,The lives of three men who were childhood friends are shattered when one of them suffers a family tragedy.,"Thriller, Crime, Drama, Mystery"
Sonic the Hedgehog,"Powered with incredible speed, Sonic The Hedgehog embraces his new home on Earth. That is, until Sonic sparks the attention of super-uncool evil genius Dr. Robotnik. Now it’s super-villain vs. super-sonic in an all-out race across the globe to stop Robotnik from using Sonic’s unique power for world domination.","Action, Science Fiction, Comedy, Family"
Blitz,A tough cop is dispatched to take down a serial killer who has been targeting police officers.,"Crime, Action, Thriller"
The Haunting,Dr. David Marrow invites three distinct individuals to the eerie and isolated Hill House to be subjects for a sleep disorder study. The unfortunate guests discover that Marrow is far more interested in the sinister mansion itself — and they soon see the true nature of its horror.,"Horror, Thriller, Fantasy, Mystery"
The Blair Witch Project,"In October of 1994 three student filmmakers disappeared in the woods near Burkittsville, Maryland, while shooting a documentary. A year later their footage was found.","Horror, Mystery"
Nosferatu,"The mysterious Count Orlok summons Thomas Hutter to his remote Transylvanian castle in the mountains. The eerie Orlok seeks to buy a house near Hutter and his wife, Ellen. After Orlok reveals his vampire nature, Hutter struggles to escape the castle, knowing that Ellen is in grave danger. Meanwhile Orlok's servant, Knock, prepares for his master to arrive at his new home.","Horror, Fantasy"
The Pledge,A police chief about to retire pledges to help a woman find her daughter's killer.,"Crime, Drama, Mystery, Thriller"
I Still Know What You Did Last Summer,"Ever since killing the Fisherman one year ago, Julie James is still haunted by images of him after her. When her best friend Karla wins free tickets to the Bahamas, Julie finds this a perfect opportunity to finally relax. But someone is waiting for her. Someone who she thought was dead. Someone who is out again for revenge.","Horror, Mystery, Thriller"
Identity,"Complete strangers stranded at a remote desert motel during a raging storm soon find themselves the target of a deranged murderer. As their numbers thin out, the travelers begin to turn on each other, as each tries to figure out who the killer is.","Mystery, Thriller"
The Pledge,A police chief about to retire pledges to help a woman find her daughter's killer.,"Crime, Drama, Mystery, Thriller"
I Still Know What You Did Last Summer,"Ever since killing the Fisherman one year ago, Julie James is still haunted by images of him after her. When her best friend Karla wins free tickets to the Bahamas, Julie finds this a perfect opportunity to finally relax. But someone is waiting for her. Someone who she thought was dead. Someone who is out again for revenge.","Horror, Mystery, Thriller"
Identity,"Complete strangers stranded at a remote desert motel during a raging storm soon find themselves the target of a deranged murderer. As their numbers thin out, the travelers begin to turn on each other, as each tries to figure out who the killer is.","Mystery, Thriller"
The Station Agent,"When his only friend dies, a man born with dwarfism moves to rural New Jersey to live a life of solitude, only to meet a chatty hot dog vendor and a woman dealing with her own personal loss.","Drama, Comedy"
Miller's Crossing,"Set in 1929, a political boss and his advisor have a parting of the ways when they both fall for the same woman.","Drama, Thriller, Crime"
Bloodsport,An American Army Major goes AWOL to Hong Kong for an outlawed martial arts contest called the Kumite.,"Action, Thriller, Drama"
Point Break,"In Los Angeles, a gang of bank robbers who call themselves The Ex-Presidents commit their crimes while wearing masks of Reagan, Carter, Nixon and Johnson. Believing that the members of the gang could be surfers, the F.B.I. sends young agent Johnny Utah to the beach undercover to mix with the surfers and gather information.","Action, Thriller, Crime"
The Seventh Seal,"When disillusioned Swedish knight Antonius Block returns home from the Crusades to find his country in the grips of the Black Death, he challenges Death to a chess match for his life. Tormented by the belief that God does not exist, Block sets off on a journey, meeting up with traveling players Jof and his wife, Mia, and becoming determined to evade Death long enough to commit one redemptive act while he still lives.","Fantasy, Drama"
Breathless,"A small-time thief steals a car and impulsively murders a motorcycle policeman. Wanted by the authorities, he attempts to persuade a girl to run away to Italy with him.","Drama, Crime"
The Last of the Mohicans,"In war-torn colonial America, in the midst of a bloody battle between British, the French and Native American allies, the aristocratic daughter of a British Colonel and her party are captured by a group of Huron warriors. Fortunately, a group of three Mohican trappers comes to their rescue.","Action, History, Romance, War"
Asterix & Obelix: The Middle Kingdom,Gallic heroes and forever friends Asterix and Obelix journey to China to help Princess Sa See save the Empress and her land from a nefarious prince.,"Family, Comedy, Adventure"
Inside Llewyn Davis,"In Greenwich Village in the early 1960s, gifted but volatile folk musician Llewyn Davis struggles with money, relationships, and his uncertain future.","Drama, Music"
The Skin I Live In,A brilliant plastic surgeon creates a synthetic skin that withstands any kind of damage. His guinea pig: a mysterious and volatile woman who holds the key to his obsession.,"Drama, Horror, Mystery, Thriller"
Superhero Movie,"Rick Riker is a nerdy teen imbued with superpowers by a radioactive dragonfly. And because every hero needs a nemesis, enter Lou Landers, aka the villainously goofy Hourglass.","Comedy, Action, Science Fiction"
The Sleeper. El Caravaggio perdido,,Documentary
Mother,"A mother lives quietly with her son. One day, a girl is brutally killed, and the boy is charged with the murder. Now, it's his mother's mission to prove him innocent.","Crime, Drama, Mystery"
Next,"Las Vegas showroom magician Cris Johnson has a secret which torments him: he can see a few minutes into the future. Sick of the examinations he underwent as a child and the interest of the government and medical establishment in his power, he lies low under an assumed name in Vegas, performing cheap tricks and living off small-time gambling ""winnings."" But when a terrorist group threatens to detonate a nuclear device in Los Angeles, government agent Callie Ferris must use all her wiles to capture Cris and convince him to help her stop the cataclysm.","Action, Science Fiction, Thriller"
Insomnia,Two Los Angeles homicide detectives are dispatched to a northern town where the sun doesn't set to investigate the methodical murder of a local teen.,"Crime, Thriller, Drama, Mystery"
Breakfast at Tiffany's,"Holly Golightly is an eccentric New York City playgirl determined to marry a Brazilian millionaire. But when young writer Paul Varjak moves into her apartment building, her past threatens to get in their way.","Comedy, Romance, Drama"
The Last Voyage of the Demeter,The crew of the merchant ship Demeter attempts to survive the ocean voyage from Carpathia to London as they are stalked each night by a merciless presence onboard the ship.,"Fantasy, Horror, Thriller"
Breakfast at Tiffany's,"Holly Golightly is an eccentric New York City playgirl determined to marry a Brazilian millionaire. But when young writer Paul Varjak moves into her apartment building, her past threatens to get in their way.","Comedy, Romance, Drama"
The Last Voyage of the Demeter,The crew of the merchant ship Demeter attempts to survive the ocean voyage from Carpathia to London as they are stalked each night by a merciless presence onboard the ship.,"Fantasy, Horror, Thriller"
Easy Rider,"Wyatt and Billy, two Harley-riding hippies, complete a drug deal in Southern California and decide to travel cross-country in search of spiritual truth.","Adventure, Drama"
The Three Musketeers: D'Artagnan,"D'Artagnan, a spirited young Gascon, is left for dead after trying to save a noblewoman from being kidnapped. Once in Paris, he tries by all means to find his attackers, unaware that his quest will lead him to the very heart of a war where the future of France is at stake. Aided by King's Musketeers Athos, Porthos and Aramis, he faces the machinations of villainous Cardinal Richelieu and Milady de Winter, while falling in love with Constance, the Queen's confidante.","Adventure, Action, Drama, History"
Primal Fear,"An arrogant, high-powered attorney takes on the case of a poor altar boy found running away from the scene of the grisly murder of the bishop who has taken him in. The case gets a lot more complex when the accused reveals that there may or may not have been a third person in the room.","Crime, Drama, Mystery, Thriller"
Wild at Heart,"Young lovers Sailor and Lula hit the road to start a new life together away from the wrath of Lula’s deranged, disapproving mother, who has hired a team of hitmen to cut the lovers’ surreal honeymoon short.","Crime, Thriller, Romance"
Morbius,"Dangerously ill with a rare blood disorder, and determined to save others suffering his same fate, Dr. Michael Morbius attempts a desperate gamble. What at first appears to be a radical success soon reveals itself to be a remedy potentially worse than the disease.","Action, Science Fiction, Fantasy"
Hereditary,"Following the death of the Leigh family matriarch, Annie and her children uncover disturbing secrets about their heritage. Their daily lives are not only impacted, but they also become entangled in a chilling fate from which they cannot escape, driving them to the brink of madness.","Horror, Mystery, Thriller"
The Home,"Many years after leaving the small town behind, Joel returns to move his mother Monika, a home for the elderly struggling with dementia. However, Monika’s health takes a turn for the worse soon after her arrival. She experiences terrifying visions of her late husband, Joel’s abusive father, and begins exhibiting violent behavior. Joel begins to believe that something malevolent and supernatural has taken control of his mother. But with his own history of substance abuse and mental instability, can he trust his own perceptions? As Monika’s memories fade, Joel must confront the demons of his own past, dredged up by his return to the home where he grew up.","Horror, Thriller"
The NeverEnding Story,"While hiding from bullies in his school's attic, a young boy discovers the extraordinary land of Fantasia, through a magical book called The Neverending Story. The book tells the tale of Atreyu, a young warrior who, with the help of a luck dragon named Falkor, must save Fantasia from the destruction of The Nothing.","Adventure, Fantasy, Family, Drama"
Operation Fortune: Ruse de Guerre,Special agent Orson Fortune and his team of operatives recruit one of Hollywood's biggest movie stars to help them on an undercover mission when the sale of a deadly new weapons technology threatens to disrupt the world order.,"Action, Thriller, Comedy, Adventure"
The Witch,"In 1630, a farmer relocates his family to a remote plot of land on the edge of a forest where strange, unsettling things happen. With suspicion and paranoia mounting, each family member's faith, loyalty and love are tested in shocking ways.","Horror, Fantasy, Drama"
Jungle Cruise,"Dr. Lily Houghton enlists the aid of wisecracking skipper Frank Wolff to take her down the Amazon in his dilapidated boat. Together, they search for an ancient tree that holds the power to heal – a discovery that will change the future of medicine.","Fantasy, Adventure"
X-Men: Apocalypse,"After the re-emergence of the world's first mutant, world-destroyer Apocalypse, the X-Men must unite to defeat his extinction level plan.","Action, Adventure, Science Fiction, Fantasy"
The Hunger Games: Mockingjay - Part 2,"With the nation of Panem in a full scale war, Katniss confronts President Snow in the final showdown. Teamed with a group of her closest friends – including Gale, Finnick, and Peeta – Katniss goes off on a mission with the unit from District 13 as they risk their lives to stage an assassination attempt on President Snow who has become increasingly obsessed with destroying her. The mortal traps, enemies, and moral choices that await Katniss will challenge her more than any arena she faced in The Hunger Games.","Action, Adventure, Science Fiction"
The Wonder,"Haunted by her past, a nurse travels from England to a remote Irish village in 1862 to investigate a young girl's supposedly miraculous fast.","Drama, Mystery"
Turning Red,"Thirteen-year-old Mei is experiencing the awkwardness of being a teenager with a twist – when she gets too excited, she transforms into a giant red panda.","Animation, Family, Comedy, Fantasy"
E.T. the Extra-Terrestrial,"An alien is left behind on Earth and saved by the 10-year-old Elliot who decides to keep him hidden in his home. While a task force hunts for the extra-terrestrial, Elliot, his brother, and his little sister Gertie form an emotional bond with their new friend, and try to help him find his way home.","Science Fiction, Adventure, Family, Fantasy"
Idiocracy,"To test its top-secret Human Hibernation Project, the Pentagon picks the most average Americans it can find - an Army private and a prostitute - and sends them to the year 2505 after a series of freak events. But when they arrive, they find a civilization so dumbed-down that they're the smartest people around.","Comedy, Science Fiction, Adventure"
Jurassic World Dominion,"Four years after Isla Nublar was destroyed, dinosaurs now live—and hunt—alongside humans all over the world. This fragile balance will reshape the future and determine, once and for all, whether human beings are to remain the apex predators on a planet they now share with history's most fearsome creatures.","Adventure, Action, Science Fiction"
Thor: Love and Thunder,"After his retirement is interrupted by Gorr the God Butcher, a galactic killer who seeks the extinction of the gods, Thor Odinson enlists the help of King Valkyrie, Korg, and ex-girlfriend Jane Foster, who now wields Mjolnir as the Mighty Thor. Together they embark upon a harrowing cosmic adventure to uncover the mystery of the God Butcher’s vengeance and stop him before it’s too late.","Fantasy, Action, Comedy"
Jumanji: The Next Level,"As the gang return to Jumanji to rescue one of their own, they discover that nothing is as they expect. The players will have to brave parts unknown and unexplored in order to escape the world’s most dangerous game.","Adventure, Comedy, Fantasy"
Hellboy II: The Golden Army,"Hellboy, his pyrokinetic girlfriend, Liz, and aquatic empath, Abe Sapien, face their biggest battle when an underworld elven prince plans to reclaim Earth for his magical kindred. Tired of living in the shadow of humans, Prince Nuada tries to awaken an ancient force of killing machines, the all-powerful Golden Army, to clear the way for fantasy creatures to roam free. Only Hellboy can stop the dark prince and prevent humanity's annihilation.","Fantasy, Adventure, Action, Horror, Science Fiction"
Army of the Dead,"Following a zombie outbreak in Las Vegas, a group of mercenaries take the ultimate gamble: venturing into the quarantine zone to pull off the greatest heist ever attempted.","Action, Crime, Horror, Adventure, Drama, Science Fiction, Thriller, War"
This Is the End,"While attending a party at James Franco's house, Seth Rogen, Jay Baruchel and many other celebrities are faced with the apocalypse.","Action, Comedy"
How to Train Your Dragon,"As the son of a Viking leader on the cusp of manhood, shy Hiccup Horrendous Haddock III faces a rite of passage: he must kill a dragon to prove his warrior mettle. But after downing a feared dragon, he realizes that he no longer wants to destroy it, and instead befriends the beast – which he names Toothless – much to the chagrin of his warrior father.","Fantasy, Adventure, Animation, Family"
The Kite Runner,"After spending years in California, Amir returns to his homeland in Afghanistan to help his old friend Hassan, whose son is in trouble.",Drama
Grown Ups,"After their high school basketball coach passes away, five good friends and former teammates reunite for a Fourth of July holiday weekend.",Comedy
Bad Boys II,"Detectives Marcus Burnett and Mike Lowrey of the Miami Narcotics Task Force are tasked with stopping the flow of the drug Ecstasy into Miami. They track the drugs to the whacked-out Cuban drug lord Johnny Tapia, who is also involved in a bloody war with Russian and Haitian mobsters. If that isn't bad enough, there's tension between the two detectives when Marcus discovers that playboy Mike is secretly romancing Marcus’ sister, Syd.","Action, Crime, Comedy"
My Neighbor Totoro,"Two sisters move to the country with their father in order to be closer to their hospitalized mother, and discover the surrounding trees are inhabited by Totoros, magical spirits of the forest. When the youngest runs away from home, the older sister seeks help from the spirits to find her.","Fantasy, Animation, Family"
The Greatest Beer Run Ever,"Chickie wants to support his friends fighting in Vietnam, so he does something wild—personally bring them American beer. What starts as a well-meaning journey quickly changes Chickie’s life and perspective. Based on a true story.","Drama, Comedy, War"
Big Daddy,"A lazy law school grad adopts a kid to impress his girlfriend, but everything doesn't go as planned and he becomes the unlikely foster father.","Comedy, Drama"
How the Grinch Stole Christmas,The Grinch decides to rob Whoville of Christmas - but a dash of kindness from little Cindy Lou Who and her family may be enough to melt his heart...,"Family, Comedy, Fantasy"
Romeo Must Die,"Two warring gang families (one African-American, the other Chinese) maneuver for bragging rights to the Oakland, California, docks. Hang Sing and Trish O'Day uncover a trail of deceit that leaves most of the warring factions dead … or worse!","Action, Crime, Thriller"
Austin Powers: The Spy Who Shagged Me,"When diabolical genius Dr. Evil travels back in time to steal superspy Austin Powers's ‘mojo,’ Austin must return to the swingin' '60s himself - with the help of American agent, Felicity Shagwell - to stop the dastardly plan. Once there, Austin faces off against Dr. Evil's army of minions to try to save the world in his own unbelievably groovy way.","Adventure, Comedy, Crime, Science Fiction"
Terminator 3: Rise of the Machines,"It's been 10 years since John Connor saved Earth from Judgment Day, and he's now living under the radar, steering clear of using anything Skynet can trace. That is, until he encounters T-X, a robotic assassin ordered to finish what T-1000 started. Good thing Connor's former nemesis, the Terminator, is back to aid the now-adult Connor … just like he promised.","Action, Thriller, Science Fiction"
A Million Ways to Die in the West,"As a cowardly farmer begins to fall for the mysterious new woman in town, he must put his new-found courage to the test when her husband, a notorious gun-slinger, announces his arrival.","Comedy, Western"
Last Action Hero,"After his father's death, a young boy finds solace in action movies featuring an indestructible cop. Given a magic ticket by a theater manager, he is transported into the film and teams up with the cop to stop a villain who escapes into the real world.","Adventure, Fantasy, Action, Comedy, Family"
Ghostbusters,"After losing their academic posts at a prestigious university, a team of parapsychologists goes into business as proton-pack-toting ""ghostbusters"" who exterminate ghouls, hobgoblins and supernatural pests of all stripes. An ad campaign pays off when a knockout cellist hires the squad to purge her swanky digs of demons that appear to be living in her refrigerator.","Comedy, Fantasy"
Hunt for the Wilderpeople,"Ricky is a defiant young city kid who finds himself on the run with his cantankerous foster uncle in the wild New Zealand bush. A national manhunt ensues, and the two are forced to put aside their differences and work together to survive.","Adventure, Comedy, Drama"
A Million Ways to Die in the West,"As a cowardly farmer begins to fall for the mysterious new woman in town, he must put his new-found courage to the test when her husband, a notorious gun-slinger, announces his arrival.","Comedy, Western"
Last Action Hero,"After his father's death, a young boy finds solace in action movies featuring an indestructible cop. Given a magic ticket by a theater manager, he is transported into the film and teams up with the cop to stop a villain who escapes into the real world.","Adventure, Fantasy, Action, Comedy, Family"
Ghostbusters,"After losing their academic posts at a prestigious university, a team of parapsychologists goes into business as proton-pack-toting ""ghostbusters"" who exterminate ghouls, hobgoblins and supernatural pests of all stripes. An ad campaign pays off when a knockout cellist hires the squad to purge her swanky digs of demons that appear to be living in her refrigerator.","Comedy, Fantasy"
Hunt for the Wilderpeople,"Ricky is a defiant young city kid who finds himself on the run with his cantankerous foster uncle in the wild New Zealand bush. A national manhunt ensues, and the two are forced to put aside their differences and work together to survive.","Adventure, Comedy, Drama"
Unbroken,"A chronicle of the life of Louis Zamperini, an Olympic runner who was taken prisoner by Japanese forces during World War II.","Drama, War"
Wayne's World 2,"A message from Jim Morrison in a dream prompts cable access TV stars Wayne and Garth to put on a rock concert, ""Waynestock,"" with Aerosmith as headliners. But amid the preparations, Wayne frets that a record producer is putting the moves on his girlfriend, Cassandra, while Garth handles the advances of mega-babe Honey Hornée.","Comedy, Music"
Ghostbusters II,"Having lost their status and credibility five years after covering New York City with gooey roasted marshmallows in Ghostbusters (1984), the city's former heroes and once-popular spirit-hunters struggle to keep afloat, forced to work odd jobs. However, when Dana and her baby have yet another terrifying encounter with the paranormal, it is up to Peter Venkman and his fearless team of supernatural crime fighters to step up and save the day. Once more, humankind is in danger, as rivers of slimy psycho-reactive ectoplasm, paired with the dreadful manifestation of evil sixteenth-century tyrant Vigo the Carpathian, threaten to plunge the entire city into darkness. Is the world ready to believe? Can the Ghostbusters save us for the second time?","Comedy, Fantasy"
Back to the Future Part II,"Marty and Doc are at it again as the time-traveling duo head to 2015 to nip some McFly family woes in the bud. But things go awry thanks to bully Biff Tannen and a pesky sports almanac. In a last-ditch attempt to set things straight, Marty finds himself bound for 1955 and face to face with his teenage parents -- again.","Adventure, Comedy, Science Fiction"
Akira,A secret military project endangers Neo-Tokyo when it turns a biker gang member into a rampaging psychic psychopath that only two teenagers and a group of psychics can stop.,"Animation, Science Fiction, Action"
Drive-Away Dolls,"Jamie, an uninhibited free spirit bemoaning yet another breakup with a girlfriend, and her demure friend Marian desperately needs to loosen up. In search of a fresh start, the two embark on an impromptu road trip to Tallahassee, but things quickly go awry when they cross paths with a group of inept criminals along the way.","Comedy, Crime"
Mortal Kombat,"Washed-up MMA fighter Cole Young, unaware of his heritage, and hunted by Emperor Shang Tsung's best warrior, Sub-Zero, seeks out and trains with Earth's greatest champions as he prepares to stand against the enemies of Outworld in a high stakes battle for the universe.","Action, Fantasy, Adventure"
The Brand New Testament,"God lives in Brussels. On Earth though, God is a coward, morally pathetic and odious to his family. His daughter, Ea, is bored at home and can't stand being locked up in a small apartment in ordinary Brussels, until the day she decides to revolt against her dad...","Comedy, Fantasy"
San Andreas,"In the aftermath of a massive earthquake in California, a rescue-chopper pilot makes a dangerous journey across the state in order to rescue his estranged daughter.","Action, Drama, Thriller"
What Women Want,"Advertising executive Nick Marshall is as cocky as they come, but what happens to a chauvinistic guy when he can suddenly hear what women are thinking? Nick gets passed over for a promotion, but after an accident enables him to hear women's thoughts, he puts his newfound talent to work against Darcy, his new boss, who seems to be infatuated with him.","Comedy, Romance"
Night at the Museum,"Chaos reigns at the natural history museum when night watchman Larry Daley accidentally stirs up an ancient curse, awakening Attila the Hun, an army of gladiators, a Tyrannosaurus rex and other exhibits.","Action, Adventure, Comedy, Family, Fantasy"
Crimes of the Future,"With his partner, a celebrity performance artist publicly showcases the metamorphosis of his organs in avant-garde performances. An investigator from the National Organ Registry obsessively tracks their movements, which is when a mysterious group is revealed... Their mission — to use the artist's notoriety to shed light on the next phase of human evolution.","Science Fiction, Horror"
Oxygen,"A woman wakes in a cryogenic chamber with no recollection of how she got there, and must find a way out before running out of air.","Science Fiction, Thriller, Horror"
Dumbo,"A young elephant, whose oversized ears enable him to fly, helps save a struggling circus, but when the circus plans a new venture, Dumbo and his friends discover dark secrets beneath its shiny veneer.","Family, Fantasy, Adventure"
The Perks of Being a Wallflower,"Pittsburgh, Pennsylvania, 1991. High school freshman Charlie is a wallflower, always watching life from the sidelines, until two senior students, Sam and her stepbrother Patrick, become his mentors, helping him discover the joys of friendship, music and love.",Drama
Madagascar 3: Europe's Most Wanted,"Animal pals Alex, Marty, Melman, and Gloria are still trying to make it back to New York's Central Park Zoo. They are forced to take a detour to Europe to find the penguins and chimps who broke the bank at a Monte Carlo casino. When French animal-control officer Capitaine Chantel DuBois picks up their scent, Alex and company are forced to hide out in a traveling circus.","Animation, Family, Comedy, Adventure"
The Campaign,Two rival politicians compete to win an election to represent their small North Carolina congressional district in the United States House of Representatives.,Comedy
Tower Heist,"A luxury condo manager leads a staff of workers to seek payback on the Wall Street swindler who defrauded them. With only days until the billionaire gets away with the perfect crime, the unlikely crew of amateur thieves enlists the help of petty crook Slide to steal the $20 million they’re sure is hidden in the penthouse.","Action, Comedy"
The A-Team,"A man who loves when a plan comes together, Col. Hannibal Smith leads a close-knit team of elite operatives and Iraq War veterans. Framed for a crime they didn't commit, Smith and his men, Capt. H.M. ‘Howling Mad’ Murdock , Sgt. Bosco ‘B.A.’ Baracus, and Lt. Templeton ‘Faceman’ Peck, break out and go rogue, using their special talents to clear their names and find the perpetrator. Hot on their trail is Capt. Charissa Sosa, who was once involved with a member of Smith's team and has sworn to capture them, no matter what it takes.","Action, Comedy, Crime"
Yes Man,"Carl Allen, a guy whose life is going nowhere, signs up for a self-help program based on one simple covenant: say yes to everything…and anything.","Comedy, Romance"
I Want to Eat Your Pancreas,"After his classmate and crush is diagnosed with a pancreatic disease, an average high schooler sets out to make the most of her final days.","Animation, Drama, Romance"
Baywatch,"Devoted lifeguard Mitch Buchannon butts heads with a brash new recruit. Together, they uncover a local criminal plot that threatens the future of the Bay.","Comedy, Action, Crime"
The Rite,"Seminary student Michael Kovak reluctantly attends exorcism school at the Vatican. While he’s in Rome, Michael meets an unorthodox priest who introduces him to the darker side of his faith, uncovering the devil’s reach even to one of the holiest places on Earth.","Drama, Thriller, Horror"
Gulliver's Travels,"Travel writer Lemuel Gulliver takes an assignment in Bermuda, but ends up on the island of Liliput, where he towers over its tiny citizens.","Family, Comedy, Adventure, Fantasy"
Scott Pilgrim vs. the World,"As bass guitarist for a garage-rock band, Scott Pilgrim has never had trouble getting a girlfriend; usually, the problem is getting rid of them. But when Ramona Flowers skates into his heart, he finds she has the most troublesome baggage of all: an army of ex-boyfriends who will stop at nothing to eliminate him from her list of suitors.","Action, Comedy, Romance"
Kiki's Delivery Service,"A young witch, on her mandatory year of independent life, finds fitting into a new community difficult while she supports herself by running an air courier service.","Animation, Family, Fantasy"
The Wave,A school teacher discusses types of government with his class. His students find it too boring to repeatedly go over national socialism and believe that dictatorship cannot be established in modern Germany. He starts an experiment to show how easily the masses can become manipulated.,"Drama, Thriller"
The Chronicles of Narnia: Prince Caspian,"One year after their incredible adventures in the Lion, the Witch and the Wardrobe, Peter, Edmund, Lucy and Susan Pevensie return to Narnia to aid a young prince whose life has been threatened by the evil King Miraz. Now, with the help of a colorful cast of new characters, including Trufflehunter the badger and Nikabrik the dwarf, the Pevensie clan embarks on an incredible quest to ensure that Narnia is returned to its rightful heir.","Adventure, Family, Fantasy"
American Pie,"At a high-school party, four friends find that losing their collective virginity isn't as easy as they had thought. But they still believe that they need to do so before college. To motivate themselves, they enter a pact to all ""score"" by their senior prom.","Comedy, Romance"
Con Air,"Newly-paroled former US Army ranger Cameron Poe is headed back to his wife, but must fly home aboard a prison transport flight dubbed ""Jailbird"" taking the “worst of the worst” prisoners, a group described as “pure predators”, to a new super-prison. Poe faces impossible odds when the transport plane is skyjacked mid-flight by the most vicious criminals in the country led by the mastermind — genius serial killer Cyrus ""The Virus"" Grissom, and backed by black militant Diamond Dog and psychopath Billy Bedlam.","Action, Thriller, Crime"
Gremlins 2: The New Batch,"Young sweethearts Billy and Kate move to the Big Apple, land jobs in a high-tech office park and soon reunite with the friendly and lovable Gizmo. But a series of accidents creates a whole new generation of Gremlins. The situation worsens when the devilish green creatures invade a top-secret laboratory and develop genetically altered powers, making them even harder to destroy!","Comedy, Horror, Fantasy"
Sing 2,"Buster and his new cast now have their sights set on debuting a new show at the Crystal Tower Theater in glamorous Redshore City. But with no connections, he and his singers must sneak into the Crystal Entertainment offices, run by the ruthless wolf mogul Jimmy Crystal, where the gang pitches the ridiculous idea of casting the lion rock legend Clay Calloway in their show. Buster must embark on a quest to find the now-isolated Clay and persuade him to return to the stage.","Animation, Family, Music, Comedy"
Roma,"In 1970s Mexico City, two domestic workers help a mother of four while her husband is away for an extended period of time.",Drama
Ferrari,"Set during the summer of 1957. Ex-racecar driver, Enzo Ferrari, is in crisis. Bankruptcy stalks the company he and his wife, Laura, built from nothing ten years earlier. Their tempestuous marriage struggles with the mourning for one son and the acknowledgement of another.","History, Drama"
Midnight in Paris,"While on a trip to Paris with his fiancée's family, a nostalgic screenwriter finds himself mysteriously going back to the 1920s every day at midnight.","Fantasy, Comedy, Romance"
Happy Gilmore,"Failed hockey player-turned-golf whiz Happy Gilmore -- whose unconventional approach and antics on the grass courts the ire of rival Shooter McGavin -- is determined to win a PGA tournament so he can save his granny's house with the prize money. Meanwhile, an attractive tour publicist tries to soften Happy's image.",Comedy
The Hand of God,"In 1980s Naples, Italy, an awkward Italian teen struggling to find his place experiences heartbreak and liberation after he's inadvertently saved from a freak accident by football legend Diego Maradona.",Drama
Train to Busan,"When a zombie virus pushes Korea into a state of emergency, those trapped on an express train to Busan must fight for their own survival.","Horror, Thriller, Action, Adventure"
Project X,"Three high school seniors throw a party to make a name for themselves. As the night progresses, things spiral out of control as word of the party spreads.",Comedy
The Jewel of the Nile,"Joan Wilder is thrust back into a world of murder, chases, foreign intrigue... and love. This time out she's duped by a duplicitous Arab dignitary who brings her to the Middle East, ostensibly to write a book about his life. Of course, he's up to no good, and Joan is just another pawn in his wicked game. But Jack Colton and his sidekick Ralph show up to help our intrepid heroine save the day.","Adventure, Action, Comedy, Romance"
EuroTrip,"When Scott learns that his longtime cyber-buddy from Berlin is a gorgeous young woman, he and his friends embark on a trip across Europe.",Comedy
Equilibrium,"In a dystopian future, a totalitarian regime maintains peace by subduing the populace with a drug, and displays of emotion are punishable by death. A man in charge of enforcing the law rises to overthrow the system.","Action, Science Fiction, Thriller"
Man on the Moon,"The story of the life and career of eccentric avant-garde comedian, Andy Kaufman.","Comedy, Drama"
The French Connection,Tough narcotics detective 'Popeye' Doyle is in hot pursuit of a suave French drug dealer who may be the key to a huge heroin-smuggling operation.,"Action, Crime, Thriller"
Austin Powers: International Man of Mystery,"As a swinging fashion photographer by day and a groovy British superagent by night, Austin Powers is the '60s' most shagadelic spy. But can he stop megalomaniac Dr. Evil after the bald villain freezes himself and unthaws in the '90s? With the help of sexy sidekick Vanessa Kensington, he just might.","Science Fiction, Comedy, Crime"
Apollo 13,"The true story of technical troubles that scuttle the Apollo 13 lunar mission in 1970, risking the lives of astronaut Jim Lovell and his crew, with the failed journey turning into a thrilling saga of heroism. Drifting more than 200,000 miles from Earth, the astronauts work furiously with the ground crew to avert tragedy.","Drama, History"
Yummy,"A young couple travels to a shabby Eastern European hospital for plastic surgery. The young woman wants a breast reduction. Her mother comes along for yet another face-lift. Wandering through an abandoned ward the boyfriend stumbles upon a young woman, gagged and strapped to an operating table; she is the result of an experimental rejuvenation treatment. He frees her, but does not realize he just caused the outbreak of a virus that will change doctors, patients and his mother-in-law into bloodthirsty zombies.","Horror, Comedy"
Perfect Strangers,"During a dinner, a group of friends decide to share whatever message or phone call they will receive during the evening, with unforeseen consequences.","Comedy, Drama"
Grown Ups 2,"Lenny has relocated his family back to the small town where he and his friends grew up. This time around, the grown ups are the ones learning lessons from their kids on a day notoriously full of surprises—the last day of school.",Comedy
Jack the Giant Slayer,"The story of an ancient war that is reignited when a young farmhand unwittingly opens a gateway between our world and a fearsome race of giants. Unleashed on the Earth for the first time in centuries, the giants strive to reclaim the land they once lost, forcing the young man, Jack into the battle of his life to stop them. Fighting for a kingdom, its people, and the love of a brave princess, he comes face to face with the unstoppable warriors he thought only existed in legend–and gets the chance to become a legend himself.","Fantasy, Action, Adventure, Drama"
Waterworld,"In a futuristic world where the polar ice caps have melted and made Earth a liquid planet, a beautiful barmaid rescues a mutant seafarer from a floating island prison. They escape, along with her young charge, Enola, and sail off aboard his ship. But the trio soon becomes the target of a menacing pirate who covets the map to 'Dryland'—which is tattooed on Enola's back.","Adventure, Action, Science Fiction"
Big Trouble in Little China,"Truck driver Jack Burton gets embroiled in a supernatural battle when his best friend Wang Chi's green-eyed fiancée is kidnapped by henchmen of the sorcerer Lo Pan, who must marry a girl with green eyes in order to return to the human realm.","Action, Comedy, Fantasy, Adventure"
Spaceballs,"When the nefarious Dark Helmet hatches a plan to snatch Princess Vespa and steal her planet's air, space-bum-for-hire Lone Starr and his clueless sidekick fly to the rescue. Along the way, they meet Yogurt, who puts Lone Starr wise to the power of ""The Schwartz."" Can he master it in time to save the day?","Comedy, Science Fiction"
Willy Wonka & the Chocolate Factory,"When eccentric candy man Willy Wonka promises a lifetime supply of sweets and a tour of his chocolate factory to five lucky kids, penniless Charlie Bucket seeks the golden ticket that will make him a winner.","Family, Fantasy, Comedy"
Footsteps,A young man recounts an unsettling event from his childhood. A fan project based on the novel by Dathan Auberach,Mystery
The Swan,"Two large, ignorant bullies ruthlessly pursue a small, brilliant boy in this young adult Roald Dahl short story.",Drama
Footsteps,A young man recounts an unsettling event from his childhood. A fan project based on the novel by Dathan Auberach,Mystery
The Swan,"Two large, ignorant bullies ruthlessly pursue a small, brilliant boy in this young adult Roald Dahl short story.",Drama
"Batman: The Long Halloween, Part Two","As Gotham City's young vigilante, the Batman, struggles to pursue a brutal serial killer, district attorney Harvey Dent gets caught in a feud involving the criminal family of the Falcones.","Animation, Mystery, Action, Crime"
Five Feet Apart,"Seventeen-year-old Stella spends most of her time in the hospital as a cystic fibrosis patient. Her life is full of routines, boundaries and self-control — all of which get put to the test when she meets Will, an impossibly charming teen who has the same illness. There's an instant flirtation, though restrictions dictate that they must maintain a safe distance between them. As their connection intensifies, so does the temptation to throw the rules out the window and embrace that attraction.","Romance, Drama"
Still Alice,"Alice Howland, happily married with three grown children, is a renowned linguistics professor who starts to forget words. When she receives a devastating diagnosis, Alice and her family find their bonds tested.",Drama
The Frozen Ground,An Alaska State Trooper partners with a young woman who escaped the clutches of serial killer Robert Hansen to bring the murderer to justice. Based on actual events.,"Thriller, Crime"
Fire with Fire,A fireman takes an unexpected course of action when a man whom he's been ordered to testify against—after being held up at a local convenience store—threatens him.,"Action, Crime, Drama, Thriller"
The Cold Light of Day,"After his family is kidnapped during their sailing trip in Spain, a young Wall Street trader is confronted by the people responsible: intelligence agents looking to recover a mysterious briefcase.","Action, Thriller, Mystery"
Red Lights,"Two investigators of paranormal hoaxes, the veteran Dr. Margaret Matheson and her young assistant, Tom Buckley, study the most varied metaphysical phenomena with the aim of proving their fraudulent origins. Simon Silver, a legendary blind psychic, reappears after an enigmatic absence of 30 years to become the greatest international challenge to both orthodox science and professional sceptics. Tom starts to develop an intense obsession with Silver, whose magnetism becomes stronger with each new manifestation of inexplicable events. As Tom gets closer to Silver, tension mounts, and his worldview is threatened to its core.",Thriller
Unstoppable,"When a massive, unmanned locomotive roars out of control, the threat is more ominous than just a derailment. The train is laden with toxic chemicals, and an accident would decimate human life and cause an environmental disaster. The only hope of bringing the train to a safe stop is in the hands of veteran engineer Frank Barnes, and young conductor Will Colson, who must risk their lives to save those in the runaway's path. Inspired by true events.","Action, Thriller"
The Lovely Bones,"After being brutally murdered, 14-year-old Susie Salmon watches from heaven over her grief-stricken family -- and her killer. As she observes their daily lives, she must balance her thirst for revenge with her desire for her family to heal.","Fantasy, Drama"
"Batman: The Long Halloween, Part One","Following a brutal series of murders taking place on Halloween, Thanksgiving, and Christmas, Gotham City's young vigilante known as the Batman sets out to pursue the mysterious serial killer alongside police officer James Gordon and district attorney Harvey Dent.","Animation, Mystery, Action, Crime"
Midnight,A serial killer ruthlessly hunts down a deaf woman through the streets of South Korea after she witnesses his brutal crime.,"Thriller, Crime"
Lola and Her Brothers,"Lola has two brothers: Benoit, who is getting married for the third time, and Pierre, who shows up late for the wedding. Excuses, reproaches, arguments, misunderstandings... beneath it all, they're just doing their best to live their own lives. Benoit is about to become a father, but he's not ready yet. Lola meets Zoher while she's still going through her divorce. Pierre's professional problems take a turn for the worse. Though everything in their lives seems to be pulling them apart, the three of them stick together - an inseparable trio.",Comedy
Godzilla vs. Kong,"In a time when monsters walk the Earth, humanity’s fight for its future sets Godzilla and Kong on a collision course that will see the two most powerful forces of nature on the planet collide in a spectacular battle for the ages.","Action, Science Fiction, Adventure"
The Help,"Aibileen Clark is a middle-aged African-American maid who has spent her life raising white children and has recently lost her only son; Minny Jackson is an African-American maid who has often offended her employers despite her family's struggles with money and her desperate need for jobs; and Eugenia ""Skeeter"" Phelan is a young white woman who has recently moved back home after graduating college to find out her childhood maid has mysteriously disappeared. These three stories intertwine to explain how life in Jackson, Mississippi revolves around ""the help""; yet they are always kept at a certain distance because of racial lines.",Drama
G.I. Joe: The Rise of Cobra,"From the Egyptian desert to deep below the polar ice caps, the elite G.I. JOE team uses the latest in next-generation spy and military equipment to fight the corrupt arms dealer Destro and the growing threat of the mysterious Cobra organization to prevent them from plunging the world into chaos.","Adventure, Action, Thriller, Science Fiction"
Scream 2,"Two years after the first series of murders, as Sidney Prescott acclimates to college life, someone donning the Ghostface costume begins a new string of killings.","Horror, Mystery"
Wrong Turn,"Jen and a group of friends set out to hike the Appalachian Trail. Despite warnings to stick to the trail, the hikers stray off course—and cross into land inhabited by The Foundation, a hidden community of mountain dwellers who use deadly means to protect their way of life.","Horror, Thriller"
Family Is Family,Valentin D is a hot designer architect who claims to be an orphan because he is too ashamed to admit he is the son of working-class scrap metal merchants from the north of France.,Comedy
Geostorm,"After an unprecedented series of natural disasters threatened the planet, the world's leaders came together to create an intricate network of satellites to control the global climate and keep everyone safe. But now, something has gone wrong: the system built to protect Earth is attacking it, and it becomes a race against the clock to uncover the real threat before a worldwide geostorm wipes out everything and everyone along with it.","Action, Science Fiction, Thriller"
The Heir Apparent: Largo Winch,"After a powerful billionaire is murdered, his secret adoptive son must race to prove his legitimacy, find his father's killers and stop them from taking over his financial empire.","Adventure, Drama, Action, Thriller"
The Girl Next Door,"Exceptionally ambitious high schooler Matthew has aspirations for a career in politics when he falls in love with his gorgeous 19-year-old neighbor, Danielle. But Matthew's bright future is jeopardized when he finds Danielle was once a porn star. As Danielle's past catches up with her, Matthew's love for her forces him to re-evaluate his goals.","Comedy, Romance"
The Number 23,"Animal control officer Walter Sparrow becomes obsessed with a novel that he believes was written about him, as more and more similarities between himself and his literary alter ego seem to arise.","Thriller, Mystery, Crime"
Chicago,Murderesses Velma Kelly and Roxie Hart find themselves on death row together and fight for the fame that will keep them from the gallows in 1920s Chicago.,"Comedy, Crime, Drama"
Irreversible,A woman’s lover and her ex-boyfriend take justice into their own hands after she becomes the victim of a rapist. Because some acts can’t be undone. Because man is an animal. Because the desire for vengeance is a natural impulse. Because most crimes remain unpunished.,"Drama, Thriller, Crime"
Billy Elliot,"County Durham, England, 1984. The miners' strike has started and the police have started coming up from Bethnal Green, starting a class war with the lower classes suffering. Caught in the middle of the conflict is 11-year old Billy Elliot, who, after leaving his boxing club for the day, stumbles upon a ballet class and finds out that he's naturally talented. He practices with his teacher Mrs. Wilkinson for an upcoming audition in Newcastle-upon Tyne for the royal Ballet school in London.","Drama, Comedy, Music"
Ago, ,Documentary
Deep Blue Sea 3,"Dr. Emma Collins and her team are spending their third summer on the island of Little Happy studying the effect of climate change on the great white sharks who come to the nearby nursery every year to give birth. Along with the last two inhabitants of this former fishing village, their peaceful life is disrupted when a ""scientific"" team led by her ex-boyfriend and marine biologist Richard show up looking for three bull sharks who we soon learn aren't just any bull sharks.","Action, Horror, Science Fiction"
The Croods: A New Age,"Searching for a safer habitat, the prehistoric Crood family discovers an idyllic, walled-in paradise that meets all of its needs. Unfortunately, they must also learn to live with the Bettermans -- a family that's a couple of steps above the Croods on the evolutionary ladder. As tensions between the new neighbors start to rise, a new threat soon propels both clans on an epic adventure that forces them to embrace their differences, draw strength from one another, and survive together.","Animation, Family, Adventure, Fantasy, Comedy"
Insidious: The Last Key,"Parapsychologist Elise Rainier and her team travel to Five Keys, NM, to investigate a man’s claim of a haunting. Terror soon strikes when Rainier realizes that the house he lives in was her family’s old home.","Horror, Thriller"
Two Is a Family,A man without attachments or responsibilities suddenly finds himself with an abandoned baby and leaves for London to try and find the mother. Eight years later after he and his daughter become inseparable Gloria's mother reappears.,"Drama, Comedy"
The Other Woman,"After discovering her boyfriend is married, Carly soon meets the wife he's been cheating on. And when yet another affair is discovered, all three women team up to plot mutual revenge on the three-timing SOB.","Comedy, Romance"
The Big Wedding,"To the amusement of their adult children and friends, long-divorced couple Don and Ellie Griffin are forced to play the happy couple for the sake of their adopted son's wedding after his ultra conservative Catholic biological mother unexpectedly decides to fly halfway across the world to attend. With all of the wedding guests looking on, the Griffins are hilariously forced to confront their past, present and future - and hopefully avoid killing each other in the process.",Comedy
Man on Fire,"Jaded ex-CIA operative John Creasy reluctantly accepts a job as the bodyguard for a 10-year-old girl in Mexico City. They clash at first, but eventually bond, and when she's kidnapped he's consumed by fury and will stop at nothing to save her life.","Action, Drama, Thriller"
Anchorman: The Legend of Ron Burgundy,"It's the 1970s and San Diego anchorman Ron Burgundy is the top dog in local TV, but that's all about to change when ambitious reporter Veronica Corningstone arrives as a new employee at his station.",Comedy
The Transporter,"Former Special Forces officer Frank Martin will deliver anything to anyone for the right price, and his no-questions-asked policy puts him in high demand. But when he realizes his latest cargo is alive, it sets in motion a dangerous chain of events. The bound and gagged Lai is being smuggled to France by a shady American businessman, and Frank works to save her as his own illegal activities are uncovered by a French detective.","Action, Crime, Thriller"
Russian Dolls,"Five years after their summer together in Barcelona, Xavier, William, Wendy, Martine and Isabelle reunite.","Comedy, Drama, Romance"
Shaun of the Dead,"Shaun lives a supremely uneventful life, which revolves around his girlfriend, his mother, and, above all, his local pub. This gentle routine is threatened when the dead return to life and make strenuous attempts to snack on ordinary Londoners.","Horror, Comedy"
Unhinged,"Rachel is a divorced single mother whose bad day gets even worse. She's running late to drop her son off at school when she honks her horn impatiently at a fellow driver during rush-hour traffic. After an exchange of words, she soon realizes that the mysterious man is following her and her young son in his truck. A case of road rage quickly escalates, at horrifyingly psychotic proportions, into full-blown terror as Rachel discovers the psychopath's sinister plan for revenge. He is single-mindedly determined to teach her a deadly lesson.","Action, Thriller, Horror"
Unhinged,"Rachel is a divorced single mother whose bad day gets even worse. She's running late to drop her son off at school when she honks her horn impatiently at a fellow driver during rush-hour traffic. After an exchange of words, she soon realizes that the mysterious man is following her and her young son in his truck. A case of road rage quickly escalates, at horrifyingly psychotic proportions, into full-blown terror as Rachel discovers the psychopath's sinister plan for revenge. He is single-mindedly determined to teach her a deadly lesson.","Action, Thriller, Horror"
The Tuche Family: The American Dream,"Les Tuche, a modest french family, change his life after winning a super lottery. Thanks to the money of his parents, the son, Donald (aka ""coin-coin) goes to Los Angeles to improve his english. On the L.A. University, he meets Jennifer, daughter of a famous American financier.",Comedy
Daddy's Home,"The story of a mild-mannered radio executive who strives to become the best stepdad ever to his wife's two children, but complications ensue when their freewheeling, freeloading real father arrives, forcing stepdad to compete for the affection of the kids.",Comedy
The Conjuring 2,Lorraine and Ed Warren travel to north London to help a single mother raising four children alone in a house plagued by malicious spirits.,Horror
Neighbors,A couple with a newborn baby face unexpected difficulties after they are forced to live next to a fraternity house.,Comedy
Beverly Hills Cop III,"When his boss is killed, Detroit cop Axel Foley finds evidence that the murderer had ties to a California amusement park called Wonder World. Returning to sunny Beverly Hills once more, Foley reunites with Detective Billy Rosewood to solve the case. Along with Billy's new partner, Detective Jon Flint, they discover that Wonder World is being used as a front for a massive counterfeiting ring.","Action, Comedy, Crime"
Sniper: The Last Stand,"To stop an arms dealer from unleashing a deadly superweapon, Ace sniper Brandon Beckett and Agent Zero are deployed to Costa Verde to lead a group of elite soldiers against an unrelenting militia. Taking an untested sniper under his wing, Beckett faces his newest challenge: giving orders instead of receiving them. With both time and ammo running low in a race to save humanity, the team must overcome all odds just to survive.","Action, Thriller"
"The Gangster, the Cop, the Devil","After barely surviving a brutal attack by a sadistic serial killer, crime boss Jang Dong-su is left humiliated. Determined to catch the killer known as K, he forms an uneasy alliance with Jung Tae-seok, a relentless and incorruptible detective who often disrupts his illegal business. However, while Jang Dong-su wants K dead, Jung Tae-suk is determined to bring him to justice. With a deal in place—whoever finds K first will decide his fate—the hunt begins, blurring the lines between crime and law.","Crime, Action, Thriller"
Black and Blue,"A rookie cop inadvertently captures the murder of a young drug dealer on her body cam. After realizing that the murder was committed by corrupt cops, she teams up with the one person from her community who is willing to help her as she tries to escape both the criminals out for revenge and the police who are desperate to destroy the incriminating footage.","Action, Crime, Drama, Thriller"
Ready or Not,A young bride's wedding night turns into her worst nightmare when her ridiculously rich in-laws force her to play a gruesome game of hide-in-seek.,"Horror, Comedy"
Escape Room,"Six strangers find themselves in circumstances beyond their control, and must use their wits to survive.","Horror, Thriller, Mystery"
Just Mercy,"The powerful true story of Harvard-educated lawyer Bryan Stevenson, who goes to Alabama to defend the disenfranchised and wrongly condemned — including Walter McMillian, a man sentenced to death despite evidence proving his innocence. Bryan fights tirelessly for Walter with the system stacked against them.","Drama, Crime, History"
Batman: The Killing Joke,"As Batman hunts for the escaped Joker, the Clown Prince of Crime attacks the Gordon family to prove a diabolical point mirroring his own fall into madness.","Action, Animation, Crime, Drama"
Marauders,An untraceable group of elite bank robbers is chased by a suicidal FBI agent who uncovers a deeper purpose behind the robbery-homicides.,"Action, Crime, Thriller"
Burnt,"Adam Jones is a Chef who destroyed his career with drugs and diva behavior. He cleans up and returns to London, determined to redeem himself by spearheading a top restaurant that can gain three Michelin stars.",Drama
And So It Goes,"Nobody likes self-centered realtor Oren Little, and he prefers it that way. He's deliberately mean to anyone who crosses his path and wants nothing more than to sell one final house and retire. His life turns upside-down when his estranged son drops off a granddaughter he never knew existed. Suddenly left in charge of her and with no idea how to take care of a child, he pawns the girl off on his neighbor, Leah -- but he eventually learns how to open his heart.","Comedy, Drama, Romance"
Rage,"When the Russian mob kidnaps the daughter of a reformed criminal, he rounds up his old crew and seeks his own brand of justice.","Action, Crime, Thriller"
The Family,"After ratting out his Mafia cohorts, Giovanni Manzoni and his family enter the Witness Protection Program and relocate to a sleepy town in France. Despite the best efforts of their handler to keep them in line, Giovanni (now called Fred Blake), his wife and children can't help but resort to doing things the ""family"" way. However, their dependence on such old habits places everyone in danger from vengeful mobsters.","Crime, Comedy, Action"
Zero Dark Thirty,"A chronicle of the decade-long hunt for al-Qaeda terrorist leader Osama bin Laden after the September 2001 attacks, and his death at the hands of the Navy S.E.A.L. Team 6 in May, 2011.","Thriller, Drama"
That's My Boy,"While in his teens, Donny fathered a son, Todd, and raised him as a single parent up until Todd's 18th birthday. Now, after not seeing each other for years, Todd's world comes crashing down when Donny resurfaces just before Todd's wedding.","Comedy, Drama"
Another 48 Hrs.,"For the past four years, San Francisco cop Jack Cates has been after an unidentified drug kingpin who calls himself the Ice Man. Jack finds a picture that proves that the Ice Man has put a price on the head of Reggie Hammond, who is scheduled to be released from prison on the next day.","Thriller, Action, Comedy, Crime, Drama"
Dune,"In the year 10,191, the most precious substance in the universe is the spice Melange. The spice extends life. The spice expands consciousness. The spice is vital to space travel.  The spice exists on only one planet in the entire universe, the vast desert planet Arrakis, also known as Dune.  Its native inhabitants, the Fremen, have long held a prophecy that a man would come, a messiah who would lead them to true freedom.","Action, Science Fiction, Adventure"
The Rat Catcher,"In an English village, a reporter and a mechanic listen to a ratcatcher explain his clever plan to outwit his prey.",Comedy
Annabelle Comes Home,"Determined to keep Annabelle from wreaking more havoc, demonologists Ed and Lorraine Warren bring the possessed doll to the locked artifacts room in their home, placing her “safely” behind sacred glass and enlisting a priest’s holy blessing. But an unholy night of horror awaits as Annabelle awakens the evil spirits in the room, who all set their sights on a new target—the Warrens' ten-year-old daughter, Judy, and her friends.",Horror
Wellwood,Nick makes an extraterrestrial discovery that he decides will cure his wife of her terminal illness.,"Science Fiction, Fantasy, Action, Crime, Adventure"
Anna,Beneath Anna Poliatova's striking beauty lies a secret that will unleash her indelible strength and skill to become one of the world's most feared government assassins.,"Action, Adventure, Thriller"
Bone Tomahawk,"During a shootout in a saloon, Sheriff Hunt injures a suspicious stranger. The doctor's assistant, wife of the local foreman, tends to him in prison. That night, the town is attacked and they both disappear—only the arrow of a cannibal tribe is found. Hunt and a few of his men go in search of the prisoner and the foreman's wife.","Western, Horror, Drama"
Chef,"When Chef Carl Casper suddenly quits his job at a prominent Los Angeles restaurant after refusing to compromise his creative integrity for its controlling owner, he is left to figure out what's next. Finding himself in Miami, he teams up with his ex-wife, his friend and his son to launch a food truck. Taking to the road, Chef Carl goes back to his roots to reignite his passion for the kitchen -- and zest for life and love.",Comedy
3 Days to Kill,"A dangerous international spy is determined to give up his high stakes life to finally build a closer relationship with his estranged wife and daughter. But first, he must complete one last mission - even if it means juggling the two toughest assignments yet: hunting down the world's most ruthless terrorist and looking after his teenage daughter for the first time in ten years, while his wife is out of town.","Action, Drama, Thriller"
Redirected,"Four friends become stranded in Eastern Europe and have to become hit men, prostitutes, corrupt cops, smugglers and more to make it home.","Action, Comedy, Crime, Thriller"
Ride Along,"For the past two years, high-school security guard Ben has been trying to show decorated APD detective James that he's more than just a video-game junkie who's unworthy of James' sister, Angela. When Ben finally gets accepted into the academy, he thinks he's earned the seasoned policeman's respect and asks for his blessing to marry Angela. Knowing that a ride along will demonstrate if Ben has what it takes to take care of his sister, James invites him on a shift designed to scare the hell out of the trainee. But when the wild night leads them to the most notorious criminal in the city, James will find that his new partner's rapid-fire mouth is just as dangerous as the bullets speeding at it.","Action, Comedy"
Identity Thief,"When a mild-mannered businessman learns his identity has been stolen, he hits the road in an attempt to foil the thief -- a trip that puts him in the path of a deceptively harmless-looking woman.","Comedy, Crime"
The Counselor,A lawyer finds himself in far over his head when he attempts to get involved in drug trafficking.,"Thriller, Crime, Drama"
"I, Frankenstein","200 years after his shocking creation, Dr. Frankenstein's creature, Adam, still walks the earth. But when he finds himself in the middle of a war over the fate of humanity, Adam discovers he holds the key that could destroy humankind.","Horror, Thriller"
The Place Beyond the Pines,"A motorcycle stunt rider considers committing a crime in order to provide for his wife and child, an act that puts him on a collision course with a cop-turned-politician.","Drama, Crime"
Here Comes the Boom,A high school biology teacher moonlights as a mixed-martial arts fighter in an effort to raise money to save the school's music program.,"Comedy, Action, Drama"
Noah,A man who suffers visions of an apocalyptic deluge takes measures to protect his family from the coming flood.,"Drama, Adventure"
Lay the Favorite,A former stripper's talent with numbers lands her a job with a professional gambler who runs a sports book in Las Vegas.,"Drama, Comedy"
Savages,Pot growers Ben and Chon face off against the Mexican drug cartel who kidnapped their shared girlfriend.,"Crime, Drama, Thriller"
Lockout,"Set in the near future, Lockout follows a falsely convicted ex-government agent , whose one chance at obtaining freedom lies in the dangerous mission of rescuing the President's daughter from rioting convicts at an outer space maximum security prison.","Action, Thriller, Science Fiction"
Lay the Favorite,A former stripper's talent with numbers lands her a job with a professional gambler who runs a sports book in Las Vegas.,"Drama, Comedy"
Savages,Pot growers Ben and Chon face off against the Mexican drug cartel who kidnapped their shared girlfriend.,"Crime, Drama, Thriller"
Lockout,"Set in the near future, Lockout follows a falsely convicted ex-government agent , whose one chance at obtaining freedom lies in the dangerous mission of rescuing the President's daughter from rioting convicts at an outer space maximum security prison.","Action, Thriller, Science Fiction"
The Watch,"Four everyday suburban guys come together as an excuse to escape their humdrum lives one night a week. But when they accidentally discover that their town has become overrun with aliens posing as ordinary suburbanites, they have no choice but to save their neighborhood – and the world – from total extermination.","Comedy, Action, Science Fiction"
Catch.44,"The lives of three female assassins take a sudden turn when their charming boss lures them into one last job. They soon find themselves thrust into a bizarre situation involving a psychotic hit man, a grizzled trucker and a delusional line cook.","Drama, Action, Thriller"
The Grey,"Following a grueling five-week shift at an Alaskan oil refinery, workers led by sharpshooter John Ottway are flying home for a much-needed vacation. But a brutal storm causes their plane to crash in the frozen wilderness, and only eight men, including Ottway, survive. As they trek southward toward civilization and safety, Ottway and his companions must battle mortal injuries, the icy elements, and a pack of hungry wolves.","Action, Adventure, Drama, Thriller"
G.I. Joe: Retaliation,"Framed for crimes against the country, the G.I. Joe team is terminated by Presidential order. This forces the G.I. Joes into not only fighting their mortal enemy Cobra; they are forced to contend with threats from within the government that jeopardize their very existence.","Action, Science Fiction, Adventure, Thriller"
Trespass,"Kyle and Sarah Miller have it all: a huge gated house on the water, fancy cars, and the potential for romance in their relationship. He's just back from a business trip and their teen daughter Avery is sneaking out to a party, when four thugs in security uniforms and ski masks stage a home invasion. They want what's in the safe: cash and diamonds. As Kyle stalls them, trying to negotiate for Sarah's freedom, the fault lines in Kyle and Sarah's marriage and the pasts of the four robbers come into play. Is there room here for heroism?",Thriller
The Raven,"A fictionalized account of the last days of Edgar Allan Poe's life, in which the poet is in pursuit of a serial killer whose murders mirror those in the writer's stories.","Crime, Thriller, Mystery"
Haywire,A black ops soldier seeks payback after she is betrayed and left for dead.,"Action, Thriller, Drama"
The Woman in Black,"The story follows a young lawyer, Arthur Kipps, who is ordered to travel to a remote village and sort out a recently deceased client’s papers. As he works alone in the client’s isolated house, Kipps begins to uncover tragic secrets, his unease growing when he glimpses a mysterious woman dressed only in black. Receiving only silence from the locals, Kipps is forced to uncover the true identity of the Woman in Black on his own, leading to a desperate race against time when he discovers her true identity.","Drama, Horror, Thriller"
The Sitter,"Noah, is not your typical entertain-the-kids-no-matter-how-boring-it-is kind of sitter. He's reluctant to take a sitting gig; he'd rather, well, be doing anything else, especially if it involves slacking. When Noah is watching the neighbor's kid he gets a booty call from his girlfriend in the city. To hook up with her, Noah takes to the streets, but his urban adventure spins out of control as he finds himself on the run from a maniacal drug lord.",Comedy
Bridesmaids,"Annie's life is a mess. But when she finds out her lifetime best friend is engaged, she simply must serve as Lillian's maid of honor. Though lovelorn and broke, Annie bluffs her way through the expensive and bizarre rituals. With one chance to get it perfect, she’ll show Lillian and her bridesmaids just how far you’ll go for someone you love.","Comedy, Romance"
Dredd,"In the future, America is a dystopian wasteland. The latest scourge is Ma-Ma, a prostitute-turned-drug pusher with a dangerous new drug and aims to take over the city. The only possibility of stopping her is an elite group of urban police called Judges, who combine the duties of judge, jury and executioner to deliver a brutal brand of swift justice. But even the top-ranking Judge, Dredd, discovers that taking down Ma-Ma isn’t as easy as it seems in this explosive adaptation of the hugely popular comic series.","Action, Science Fiction"
The Switch,"Kassie is a smart, fun-loving single woman who, despite her neurotic best friend Wally’s objections, decides it’s time to have a baby – even if it means doing it herself… with a little help from a charming sperm donor. But, unbeknownst to her, Kassie’s plans go awry because of a last-minute switch that isn’t discovered until seven years later… when Wally gets acquainted with Kassie’s cute, though slightly neurotic, son.","Comedy, Romance, Drama"
Conan the Barbarian,"A quest that begins as a personal vendetta for the fierce Cimmerian warrior soon turns into an epic battle against hulking rivals, horrific monsters, and impossible odds, as Conan realizes he is the only hope of saving the great nations of Hyboria from an encroaching reign of supernatural evil.","Adventure, Fantasy, Action"
Season of the Witch,"A 14th century Crusader returns with his comrade to a homeland devastated by the Black Plague. The Church commands the two knights to transport a witch to a remote abbey, where monks will perform a ritual in hopes of ending the pestilence.","Adventure, Fantasy, Action"
Scream 3,"While Sidney Prescott and her friends visit the Hollywood set of Stab 3, the third film based on the Woodsboro murders, another Ghostface killer rises to terrorize them.","Horror, Mystery"
Cruel Intentions,"Slaking a thirst for dangerous games, Kathryn challenges her stepbrother, Sebastian, to deflower their headmaster's daughter before the summer ends. If he succeeds, the prize is the chance to bed Kathryn. But if he loses, Kathryn will claim his most prized possession.","Drama, Romance"
Plane,"After a heroic job of successfully landing his storm-damaged aircraft in a war zone, a fearless pilot finds himself between the agendas of multiple militias planning to take the plane and its passengers hostage.","Action, Adventure, Thriller"
Scream 3,"While Sidney Prescott and her friends visit the Hollywood set of Stab 3, the third film based on the Woodsboro murders, another Ghostface killer rises to terrorize them.","Horror, Mystery"
Cruel Intentions,"Slaking a thirst for dangerous games, Kathryn challenges her stepbrother, Sebastian, to deflower their headmaster's daughter before the summer ends. If he succeeds, the prize is the chance to bed Kathryn. But if he loses, Kathryn will claim his most prized possession.","Drama, Romance"
Plane,"After a heroic job of successfully landing his storm-damaged aircraft in a war zone, a fearless pilot finds himself between the agendas of multiple militias planning to take the plane and its passengers hostage.","Action, Adventure, Thriller"
Batman: Hush,"A mysterious new villain known only as Hush uses a gallery of villains to destroy Batman's crime-fighting career as well as Bruce Wayne's personal life, which has been further complicated by a relationship with Selina Kyle/Catwoman.","Action, Animation, Crime, Mystery"
Prospect,"A teenage girl and her father travel to a remote alien moon, aiming to strike it rich. They've secured a contract to harvest a large deposit of the elusive gems hidden in the depths of the moon's toxic forest. But there are others roving the wilderness and the job quickly devolves into a fight to survive.",Science Fiction
Dragged Across Concrete,"Two policemen, one an old-timer, the other his volatile younger partner, find themselves suspended when a video of their strong-arm tactics becomes the media's cause du jour. Low on cash and with no other options, these two embittered soldiers descend into the criminal underworld to gain their just due, but instead find far more than they wanted awaiting them in the shadows.","Crime, Action, Thriller"
The Resident,"Juliet, a beautiful doctor, has found the perfect New York apartment to start a new life after separating from her husband. It's got spacious rooms, a spectacular view, and a handy, handsome landlord. But there are secrets behind every wall and terror in every room as Juliet gets the unnerving feeling that she is not alone.","Thriller, Mystery"
Hall Pass,"When best buds Rick and Fred begin to show signs of restlessness at home, their wives take a bold approach to revitalize their marriages, they grant the guys a 'hall pass'—one week of freedom to do whatever they want. At first, it seems like a dream come true, but they quickly discover that their expectations of the single life—and themselves—are completely and hilariously out of sync with reality.","Comedy, Romance"
Blue Valentine,"Dean and Cindy live a quiet life in a modest neighborhood. They appear to have the world at their feet at the outset of the relationship. However, his lack of ambition and her retreat into self-absorption cause potentially irreversible cracks in their marriage.","Drama, Romance"
No Strings Attached,"Emma is a busy doctor who sets up a seemingly perfect arrangement when she offers her best friend Adam a relationship with one rule: No strings attached. But when a fling becomes a thing, can sex friends stay best friends?","Comedy, Romance"
50/50,"Inspired by a true story, a comedy centered on a 27-year-old guy who learns of his cancer diagnosis and his subsequent struggle to beat the disease.","Comedy, Drama"
Fair Game,"A devoted wife and mother leads a secret life as a CIA agent until her husband’s article exposes a scandal, putting her identity and loved ones at risk. As her world crumbles, she must navigate the fallout of her double life.","Drama, Thriller"
Paranormal Activity,"After a young, middle-class couple moves into what seems like a typical suburban house, they become increasingly disturbed by a presence that may or may not be demonic but is certainly the most active in the middle of the night.","Horror, Mystery"
The Blind Side,"The story of Michael Oher, a homeless and traumatized boy who became an All American football player and first round NFL draft pick with the help of a caring woman and her family.",Drama
The Bone Collector,"Lincoln Rhyme was the department's top homicide detective and leading expert in criminal forensics until an injury left him paralyzed, depressed, and incapable of working. But when a gruesome murder in Manhattan leaves detectives baffled, they call on Rhyme to help solve the mystery. Amelia Donaghy, a rookie cop whose quick thinking preserved a gruesome murder scene, is enlisted by Rhyme to be his on-the-scene forensics expert. With Amelia reluctantly acting as Rhyme's able-bodied go-between, the pair piece together cryptic clues the killer leaves behind at the scene of the crime, hoping to catch the grisly serial killer.","Drama, Mystery, Thriller, Crime"
21,"Ben Campbell is a young, highly intelligent student at M.I.T. who strives to succeed. Wanting a scholarship to transfer to Harvard School of Medicine to become a doctor, Ben learns that he cannot afford the $300,000 tuition as he comes from a poor, working-class background. But one evening, Ben is introduced by his unorthodox math professor to a small but secretive club of five students, Jill, Choi, Kianna, and Fisher, who are being trained by Professor Rosa to count cards at blackjack.","Drama, Crime"
Into the Wild,"After graduating from Emory University in 1992, top student and athlete Christopher McCandless abandons his possessions, gives his entire $24,000 savings account to charity, and hitchhikes to Alaska to live in the wilderness.","Adventure, Drama"
Eastern Promises,A Russian teenager living in London dies during childbirth but leaves clues in her diary that could tie her child to a rape involving a violent Russian mob family.,"Thriller, Crime, Mystery"
A Perfect Murder,"Millionaire industrialist Steven Taylor is a man who has everything but what he craves most: the love and fidelity of his wife. A hugely successful player in the New York financial world, he considers her to be his most treasured acquisition. But she needs more than simply the role of dazzling accessory.","Crime, Thriller, Drama"
The Mummy: Tomb of the Dragon Emperor,"Archaeologist Rick O'Connell travels to China, pitting him against an emperor from the 2,000-year-old Han dynasty who's returned from the dead to pursue a quest for world domination. This time, O'Connell enlists the help of his wife and son to quash the so-called 'Dragon Emperor' and his abuse of supernatural power.","Adventure, Action, Fantasy"
The Mummy: Tomb of the Dragon Emperor,"Archaeologist Rick O'Connell travels to China, pitting him against an emperor from the 2,000-year-old Han dynasty who's returned from the dead to pursue a quest for world domination. This time, O'Connell enlists the help of his wife and son to quash the so-called 'Dragon Emperor' and his abuse of supernatural power.","Adventure, Action, Fantasy"
THE RETURN OF IVAN,,
Bad Times at the El Royale,"Lake Tahoe, 1969. Seven strangers, each one with a secret to bury, meet at El Royale, a decadent motel with a dark past. In the course of a fateful night, everyone will have one last shot at redemption.","Thriller, Mystery, Crime, Drama"
Vice,"George W. Bush picks Dick Cheney, the CEO of Halliburton Co., to be his Republican running mate in the 2000 presidential election. No stranger to politics, Cheney's impressive résumé includes stints as White House chief of staff, House Minority Whip and Defense Secretary. When Bush wins by a narrow margin, Cheney begins to use his newfound power to help reshape the country and the world.","Comedy, Drama, History"
Annabelle: Creation,"Several years after the tragic death of their little girl, a doll maker and his wife welcome a nun and several girls from a shuttered orphanage into their home, soon becoming the target of the doll maker's possessed creation—Annabelle.",Horror
ASD - Alma sin dueño (Sin alma),,Thriller
Mile 22,"An elite group of American operatives, aided by a top-secret tactical command team, must transport an asset who holds life-threatening information to an extraction point 22 miles away through the hostile streets of an Asian city.","Action, Thriller"
Tucker and Dale vs. Evil,"Two hillbillies are suspected of being killers by a group of paranoid college kids camping near the duo's West Virginian cabin. As the body count climbs, so does the fear and confusion as the college kids try to seek revenge against the pair.","Comedy, Horror"
The Children of the Marshland,"The film is set in Marais, a quiet region along the banks of Loire river in 1918. Riton is afflicted with a bad-tempered wife and three unruly children. Garris lives alone with his recollections of World War I trenches. Their daily life consists of seasonal work and visits from their two pals: Tane, the local train conductor and Amédée, a dreamer and voracious reader of classics.","Comedy, Drama"
Triangle,"When Jess sets sail on a yacht with a group of friends, she cannot shake the feeling that there is something wrong.",Horror
In Hell,A man must survive a prison where hardened criminals battle to the death for the warden's entertainment.,"Action, Drama, Thriller"
Those Happy Days,"Set in 1992, a manager Vincent has to run a children's holiday camp for three weeks and to face the unexpected concerning the place, his colleagues, various problems linked to children about the rooms, trips, their belongings...","Comedy, Family"
"OSS 117: Cairo, Nest of Spies","Set in 1955, French secret agent Hubert Bonisseur de La Bath/OSS 117 is sent to Cairo to investigate the disappearance of his best friend and fellow spy Jack Jefferson, only to stumble into a web of international intrigue.","Crime, Action, Adventure, Comedy"
3000 Miles to Graceland,"It was an ingenious enough plan: rob the Riviera Casino's count room during an Elvis impersonator convention. But Thomas Murphy decided to keep all the money for himself and shot all his partners, including recently-freed ex-con Michael Zane. With $3.2 million at stake, the Marshals Service closing in, Michael must track down Murphy.","Action, Adventure, Comedy, Crime, Thriller"
Stir of Echoes,"After being hypnotized by his sister-in-law, Tom Witzky begins seeing haunting visions of a girl's ghost and a mystery begins to unfold around her.","Horror, Mystery, Thriller"
Book of Shadows: Blair Witch 2,"Young adults become fascinated by the events of the three missing filmmakers in Maryland, so they decide to go into the same woods and find out what really happened.","Horror, Mystery"
The Man Who Wasn't There,"A tale of murder, crime and punishment set in the summer of 1949. Ed Crane, a barber in a small California town, is dissatisfied with his life, but his wife Doris' infidelity and a mysterious opportunity presents him with a chance to change it.","Crime, Drama"
The Watcher,"FBI agent Joel Campbell, burnt-out and shell-shocked after years spent chasing serial killers, flees L.A. to begin a new life for himself in Chicago. But five months later, Joel's best laid plans are abruptly cut short when his new hometown becomes the setting for some particularly gruesome murders--murders that could only have been committed by one man: David Allen Griffin. One of Joel's most elusive and cunning nemeses, Griffin has followed his former pursuer to Chicago in order to play a sadistic game of cat and mouse. Taunting Joel with photographs of his intended victims and leaving his crime scenes meticulously free of clues in order to keep the police at bay, Griffin derives as much pleasure out of watching Joel react to every movement as watching his victims die. But when Griffin moves into Joel's inner circle, Joel must quickly find some way to stop him before someone close to him becomes the next one to die.","Mystery, Thriller"
Apt Pupil,"One day in 1984, Todd Bowden, a brilliant high school boy fascinated by the history of Nazism, stumbles across an old man whose appearance resembles that of Kurt Dussander, a wanted Nazi war criminal. A month later, Todd decides to knock on his door.","Drama, Thriller"
Brotherhood of the Wolf,"In 18th century France, the Chevalier de Fronsac and his Native American friend Mani are sent by the King to the Gevaudan province to investigate the killings of hundreds by a mysterious beast.","Adventure, Horror, Action, History"
Escape from the Planet of the Apes,"The world is shocked by the appearance of three talking chimpanzees, who arrived mysteriously in a spacecraft. Intrigued by their intelligence, humans use them for research - until the apes attempt to escape.","Action, Science Fiction"
Apocalypto,"Set in the Mayan civilization, when a man's idyllic presence is brutally disrupted by a violent invading force, he is taken on a perilous journey to a world ruled by fear and oppression where a harrowing end awaits him. Through a twist of fate and spurred by the power of his love for his woman and his family he will make a desperate break to return home and to ultimately save his way of life.","Action, Drama, History"
The Hole,Four teenagers at a British private school secretly uncover and explore the depths of a sealed underground hole created decades ago as a possible bomb shelter.,"Crime, Drama, Horror, Thriller"
Barton Fink,A renowned New York playwright is enticed to California to write for the movies and discovers the hellish truth of Hollywood.,"Comedy, Drama, Thriller"
The Infinite Husk,"An alien consciousness, sent to Earth to spy on one of its own kind, learns what it means to be human.",Drama
The Tallest Dwarf,Julie Wyman’s quest to find her place within the little people (LP) community at a moment when dwarf identity is poised to radically change. As Julie unpacks the rumors of “partial dwarfism” in her family she finds that hers is the last of a body type she has inherited. She joins forces with a group of dwarf artists to confront the legacy of being tokenized and put on display,Documentary
Uvalde Mom,"When a school shooting shakes a Texas town, a mom becomes a hero and speaks against a faulty system. The community confronts those who failed its kids.",Documentary
A Dunces Burden,A Dunces Burden,
Old Dads,A cranky middle-aged dad and his two best friends find themselves out of step in a changing world of millennial CEOs and powerful preschool principals.,Comedy
"Red, White & Royal Blue","After an altercation between Alex, the president's son, and Britain's Prince Henry at a royal event becomes tabloid fodder, their long-running feud now threatens to drive a wedge in U.S./British relations. When the rivals are forced into a staged truce, their icy relationship begins to thaw and the friction between them sparks something deeper than they ever expected.","Comedy, Romance"
Hypnotic,A detective becomes entangled in a mystery involving his missing daughter and a secret government program while investigating a string of reality-bending crimes.,"Mystery, Thriller, Science Fiction, Action"
Black Adam,"Nearly 5,000 years after he was bestowed with the almighty powers of the Egyptian gods—and imprisoned just as quickly—Black Adam is freed from his earthly tomb, ready to unleash his unique form of justice on the modern world.","Action, Adventure, Science Fiction"
Daddy's Home 2,Brad and Dusty must deal with their intrusive fathers during the holidays.,Comedy
Brawl in Cell Block 99,"After working as a drug courier and getting into a brutal shootout with police, a former boxer finds himself at the mercy of his enemies as they force him to instigate violent acts that turn the prison he resides in into a battleground.","Action, Crime, Thriller"
The Dark Tower,A boy haunted by visions of a parallel world aids its disillusioned guardian in preventing the destruction of the nexus of universes known as the Dark Tower.,"Fantasy, Action, Science Fiction"
Hell or High Water,A divorced dad and his ex-con brother resort to a desperate scheme in order to save their family's farm in West Texas.,"Western, Crime, Drama"
The Hudsucker Proxy,A naive business graduate is installed as president of a manufacturing company as part of a stock scam.,"Comedy, Drama, Fantasy"
Bullet in the Head,"Three childhood friends from the slums of Hong Kong flee to war-time Saigon after accidentally murdering a gang leader, but their troubles only escalate.","Action, Crime, Thriller"
The Parent Trap,"Hallie Parker and Annie James are identical twins separated at a young age because of their parents' divorce. Unknowingly to their parents, the girls are sent to the same summer camp where they meet, discover the truth about themselves, and then plot with each other to switch places.","Comedy, Family, Romance"
Stay,"Psychiatrist Sam Foster has a new patient, Henry Letham, who claims to be suicidal. In trying to diagnose him, Sam visits Henry's prior therapist and also finds Henry's mother -- even though Henry has said that he murdered both of his parents. As reality starts to contradict fact, Sam spirals into an unstable mental state. Then he finds a clue as to how and when Henry may try to kill himself, and races to try to stop him.","Mystery, Thriller, Drama"
Stay,"Psychiatrist Sam Foster has a new patient, Henry Letham, who claims to be suicidal. In trying to diagnose him, Sam visits Henry's prior therapist and also finds Henry's mother -- even though Henry has said that he murdered both of his parents. As reality starts to contradict fact, Sam spirals into an unstable mental state. Then he finds a clue as to how and when Henry may try to kill himself, and races to try to stop him.","Mystery, Thriller, Drama"
The Piano Teacher,"Erika Kohut, a sexually repressed piano teacher living with her domineering mother, meets a young man who starts romantically pursuing her.","Drama, Romance"
Mississippi Burning,"Two FBI agents investigating the murder of civil rights workers during the 60s seek to breach the conspiracy of silence in a small Southern town where segregation divides black and white. The younger agent trained in FBI school runs up against the small town ways of his partner, a former sheriff.","Drama, Crime, Mystery, Thriller"
The 400 Blows,"For young Parisian boy Antoine Doinel, life is one difficult situation after another. Surrounded by inconsiderate adults, including his neglectful parents, Antoine spends his days with his best friend, Rene, trying to plan for a better life. When one of their schemes goes awry, Antoine ends up in trouble with the law, leading to even more conflicts with unsympathetic authority figures.",Drama
Miami Vice,"A case involving drug lords and murder in South Florida takes a personal turn for undercover detectives Sonny Crockett and Ricardo Tubbs. Unorthodox Crockett gets involved romantically with the Chinese-Cuban wife of a trafficker of arms and drugs, while Tubbs deals with an assault on those he loves.","Action, Crime, Thriller"
Miss Sloane,An ambitious lobbyist faces off against the powerful gun lobby in an attempt to pass gun control legislation.,"Drama, Crime"
Ballerina,"In 1879 Paris, a young orphan dreams of becoming a ballerina and flees her rural Brittany for Paris, where she passes for someone else and accedes to the position of pupil at the Grand Opera house.","Animation, Adventure, Comedy, Family"
Fallen,"Lucinda Price is sent to a reform academy under the assumption that she has killed a boy. There, she meets two mysterious boys, Cam and Daniel, to whom she feels drawn to both. But as the love triangle unfurls, it is Daniel that Luce cannot keep herself away from, and things begin to take a darker turn when she finds out his true identity.","Drama, Fantasy, Romance"
Crimewave,"Fed up of his business partner, Ernest Trend hires the services of two exterminators. When things go drastically wrong and they murder the wrong man, the race is on to frame an innocent video surveillance man.","Comedy, Crime, Horror"
Assault on Precinct 13,The lone inhabitants of an abandoned police station are under attack by the overwhelming numbers of a seemingly unstoppable street gang.,"Thriller, Action, Crime"
Peter's Friends,"After inheriting a large country estate from his late father, Peter invites his friends from college: married couple Roger and Mary, the lonely Maggie, fashionable Sarah, and writer Andrew, who brings his American TV star wife, Carol. Sarah's new boyfriend, Brian, also attends. It has been 10 years since college, and they find their lives are very different.","Comedy, Drama"
Body Double,"After losing an acting role and his girlfriend, Jake Scully finally catches a break: he gets offered a gig house-sitting in the Hollywood Hills. While peering through the beautiful home's telescope one night, he spies a gorgeous woman dancing in her window. But when he witnesses the girl's murder, it leads Scully through the netherworld of the adult entertainment industry on a search for answers—with porn actress Holly Body as his guide.","Crime, Mystery, Thriller"
The Last Temptation of Christ,"Jesus, a humble Judean carpenter beginning to see that he is the son of God, is drawn into revolutionary action against the Roman occupiers by Judas -- despite his protestations that love, not violence, is the path to salvation. The burden of being the savior of mankind torments Jesus throughout his life, leading him to doubt.",Drama
After Hours,"Desperate to escape his mind-numbing routine, uptown Manhattan office worker Paul Hackett ventures downtown for a hookup with a mystery woman.","Comedy, Thriller, Drama"
The Karate Kid Part III,"Despondent over the closing of his karate school, Cobra Kai teacher John Kreese joins a ruthless businessman and martial artist to get revenge on Daniel and Mr. Miyagi.","Action, Family, Drama, Adventure"
Philadelphia,Two competing lawyers join forces to sue a prestigious law firm for AIDS discrimination. As their unlikely friendship develops their courage overcomes the prejudice and corruption of their powerful adversaries.,Drama
Pride & Prejudice,"A story of love and life among the landed English gentry during the Georgian era. Mr. Bennet is a gentleman living in Hertfordshire with his overbearing wife and five daughters, but if he dies their house will be inherited by a distant cousin whom they have never met, so the family's future happiness and security is dependent on the daughters making good marriages.","Drama, Romance"
Broadway’s Leading Ladies,Broadway’s Leading Ladies is a celebration of the profound influence and enduring legacy women have made in theater. Will be broadcasted on PBS.,Music
Tinker Bell and the Legend of the NeverBeast,"An ancient myth of a massive creature sparks the curiosity of Tinker Bell and her good friend Fawn, an animal fairy who’s not afraid to break the rules to help an animal in need. But this creature is not welcome in Pixie Hollow — and the scout fairies are determined to capture the mysterious beast, who they fear will destroy their home. Fawn must convince her fairy friends to risk everything to rescue the NeverBeast.","Adventure, Animation, Family"
Batman: Assault on Arkham,Batman works desperately to find a bomb planted by the Joker while Amanda Waller sends her newly-formed Suicide Squad to break into Arkham Asylum and recover vital information stolen by the Riddler.,"Thriller, Animation, Action, Crime"
Philadelphia,Two competing lawyers join forces to sue a prestigious law firm for AIDS discrimination. As their unlikely friendship develops their courage overcomes the prejudice and corruption of their powerful adversaries.,Drama
Pride & Prejudice,"A story of love and life among the landed English gentry during the Georgian era. Mr. Bennet is a gentleman living in Hertfordshire with his overbearing wife and five daughters, but if he dies their house will be inherited by a distant cousin whom they have never met, so the family's future happiness and security is dependent on the daughters making good marriages.","Drama, Romance"
Broadway’s Leading Ladies,Broadway’s Leading Ladies is a celebration of the profound influence and enduring legacy women have made in theater. Will be broadcasted on PBS.,Music
Tinker Bell and the Legend of the NeverBeast,"An ancient myth of a massive creature sparks the curiosity of Tinker Bell and her good friend Fawn, an animal fairy who’s not afraid to break the rules to help an animal in need. But this creature is not welcome in Pixie Hollow — and the scout fairies are determined to capture the mysterious beast, who they fear will destroy their home. Fawn must convince her fairy friends to risk everything to rescue the NeverBeast.","Adventure, Animation, Family"
Batman: Assault on Arkham,Batman works desperately to find a bomb planted by the Joker while Amanda Waller sends her newly-formed Suicide Squad to break into Arkham Asylum and recover vital information stolen by the Riddler.,"Thriller, Animation, Action, Crime"
Olympus Has Fallen,"When the White House (Secret Service Code: ""Olympus"") is captured by a terrorist mastermind and the President is kidnapped, disgraced former Presidential guard Mike Banning finds himself trapped within the building. As the national security team scrambles to respond, they are forced to rely on Banning's inside knowledge to help retake the White House, save the President and avert an even bigger disaster.","Action, Thriller"
In the Mood for Love,"In 1962 Hong Kong, two neighbors form a strong bond after both suspect extramarital activities of their spouses.","Drama, Romance"
KLLR: 108.7,"When a small town's killer strikes again, the town's sheriff works with the premier radio show host to find the killer.","Horror, Mystery, Thriller"
Umm,"After years of working in seclusion, Chef Umm is given an order that requires his best efforts and all the love he can give.","Drama, Comedy"
Luck,"Suddenly finding herself in the never-before-seen Land of Luck, the unluckiest person in the world must unite with the magical creatures there to turn her luck around.","Animation, Adventure, Comedy, Fantasy"
Land of the Lost,"On his latest expedition, Dr. Rick Marshall is sucked into a space-time vortex alongside his research assistant and a redneck survivalist. In this alternate universe, the trio make friends with a primate named Chaka, their only ally in a world full of dinosaurs and other fantastic creatures.","Adventure, Comedy, Science Fiction, Action"
Dead Silence,"Jamie returns to his hometown in search of answers to his wife's murder, which occurred after receiving a weird package containing a ventriloquist dummy named Billy, which may be linked to the legend of ventriloquist Mary Shaw. Destined to find out the truth, Jamie goes to the town of Raven's Fair, where Shaw used to perform and is buried. But Jamie is in for more than he expected.",Horror
The Curtain of Emotions,,"Thriller, Mystery, Drama"
The Retirement Plan,"When Ashley and her young daughter Sarah get caught up in a criminal enterprise that puts their lives at risk, she turns to the only person who can help: her estranged father Matt, currently living the life of a retired beach bum in the Cayman Islands. Their reunion is fleeting as they are soon tracked down on the island by crime boss Donnie and his lieutenant Bobo. As Ashley, Sarah, and Matt become entangled in an increasingly dangerous web, Ashley quickly learns her father had a secret past that she knew nothing about and that there is more to her father than meets the eye.","Action, Comedy, Crime"
Oldboy,A man has only three and a half days and limited resources to discover why he was imprisoned in a nondescript room for 20 years without any explanation.,"Drama, Thriller, Mystery, Action"
Only God Forgives,"Julian, who runs a Thai boxing club as a front organization for his family's drug smuggling operation, is forced by his mother Crystal to find and kill the individual responsible for his brother's recent death.","Drama, Thriller, Crime"
Killer Joe,A cop who moonlights as a hit man agrees to kill the hated mother of a desperate drug dealer in exchange for a tumble with the young man's virginal sister.,"Crime, Thriller, Drama"
Batman: Year One,A wealthy playboy named Bruce Wayne and a Chicago cop named Jim Gordon both return to Gotham City where their lives unexpectedly intersect.,"Action, Animation, Crime, Thriller"
Saw 3D,"As a deadly battle rages over Jigsaw's brutal legacy, a group of Jigsaw survivors gathers to seek the support of self-help guru and fellow survivor Bobby Dagen, a man whose own dark secrets unleash a new wave of terror.","Horror, Crime"
Transporter 3,"Frank Martin puts the driving gloves on to deliver Valentina, the kidnapped daughter of a Ukrainian government official, from Marseilles to Odessa on the Black Sea. En route, he has to contend with thugs who want to intercept Valentina's safe delivery and not let his personal feelings get in the way of his dangerous objective.","Action, Thriller, Crime"
Batman: Gotham Knight,A chronicle of Bruce Wayne's establishment and progression into Gotham City’s legendary caped crusader through 6 standalone episodes.,"Science Fiction, Animation, Action, Crime"
Quarantine,A television reporter and her cameraman are trapped inside a building quarantined by the CDC after the outbreak of a mysterious virus which turns humans into bloodthirsty killers.,"Horror, Science Fiction, Thriller"
RocknRolla,"When a Russian mobster sets up a real estate scam that generates millions of pounds, various members of London's criminal underworld pursue their share of the fortune. Various shady characters, including Mr One-Two, Stella the accountant, and Johnny Quid, a druggie rock-star, try to claim their slice.","Action, Crime, Thriller"
Sideways,"Two middle-aged men embark on a spiritual journey through Californian wine country. One is an unpublished novelist suffering from depression, and the other is only days away from walking down the aisle.","Comedy, Drama, Romance"
Buffalo '66,"Billy is released after five years in prison. In the next moment, he kidnaps teenage student Layla and visits his parents with her, pretending she is his girlfriend and they will soon marry.","Drama, Romance, Comedy"
The Sting,A novice con man teams up with an acknowledged master to avenge the murder of a mutual friend by pulling off the ultimate big con and swindling a fortune from a big-time mobster.,"Comedy, Crime, Drama"
Walk Hard: The Dewey Cox Story,"Following a childhood tragedy, Dewey Cox follows a long and winding road to music stardom. Dewey perseveres through changing musical styles, an addiction to nearly every drug known and bouts of uncontrollable rage.","Comedy, Music"
The Queen,"The Queen is an intimate behind the scenes glimpse at the interaction between HM Elizabeth II and Prime Minister Tony Blair during their struggle, following the death of Diana, to reach a compromise between what was a private tragedy for the Royal family and the public's demand for an overt display of mourning.","Drama, History"
The Wages of Fear,"In a run-down South American town, four men are paid to drive trucks loaded with nitroglycerin into the jungle through to the oil field. Friendships are tested and rivalries develop as they embark upon the perilous journey.","Drama, Thriller, Adventure"
Witness for the Prosecution,An ailing famous barrister agrees to defend a man in a sensational murder trial where his self-possessed wife's unconvincing testimony confuses him.,"Drama, Mystery, Crime"
The Big Country,"Retired wealthy sea captain Jim McKay arrives in the Old West, where he becomes embroiled in a feud between his future father-in-law, Major Terrill, and the rough and lawless Hannasseys over a valuable patch of land.","Drama, Western, Romance"
Alice in Wonderland,"On a golden afternoon, wildly curious young Alice tumbles into the burrow and enters the merry, madcap world of Wonderland full of whimsical escapades.","Animation, Family, Fantasy, Adventure"
Tombstone,"Legendary marshal Wyatt Earp, now a weary gunfighter, joins his brothers Morgan and Virgil to pursue their collective fortune in the thriving mining town of Tombstone. But Earp is forced to don a badge again and get help from his notorious pal Doc Holliday when a gang of renegade brigands and rustlers begins terrorizing the town.","Western, Action"
Slither,"A small town is taken over by an alien plague, turning residents into zombies and all forms of mutant monsters.","Horror, Science Fiction, Comedy"
Fun with Dick and Jane,"After Dick Harper loses his job at Globodyne in an Enron-esque collapse, he and his wife, Jane, turn to crime in order to handle the massive debt they now face. Two intelligent people, Dick and Jane actually get pretty good at robbing people and even enjoy it -- but they have second thoughts when they're reminded that crime can hurt innocent people. When the couple hears that Globodyne boss Jack McCallister actually swindled the company, they plot revenge.","Comedy, Crime"
Torn Curtain,"During the Cold War, an American scientist appears to defect to East Germany as part of a cloak and dagger mission to find the formula for a resin solution, but the plan goes awry when his fiancee, unaware of his motivation, follows him across the border.",Thriller
The Abyss,"A civilian oil rig crew is recruited to conduct a search and rescue effort when a nuclear submarine mysteriously sinks. One diver soon finds himself on a spectacular odyssey 25,000 feet below the ocean's surface where he confronts a mysterious force that has the power to change the world or destroy it.","Adventure, Action, Thriller, Science Fiction"
The Remains of the Day,A rule-bound head butler's world of manners and decorum in the household he maintains is tested by the arrival of a housekeeper who falls in love with him in post-WWI Britain. The possibility of romance and his master's cultivation of ties with the Nazi cause challenge his carefully maintained veneer of servitude.,"Drama, Romance"
Arlington Road,Threats from sinister foreign nationals aren't the only thing to fear. Bedraggled college professor Michael Faraday has been vexed (and increasingly paranoid) since his wife's accidental death in a botched FBI operation. But all that takes a backseat when a seemingly all-American couple set up house next door.,"Crime, Drama, Thriller, Mystery"
Jaws 2,Police chief Brody must protect the citizens of Amity after a second monstrous shark begins terrorizing the waters.,"Horror, Thriller"
The Abyss,"A civilian oil rig crew is recruited to conduct a search and rescue effort when a nuclear submarine mysteriously sinks. One diver soon finds himself on a spectacular odyssey 25,000 feet below the ocean's surface where he confronts a mysterious force that has the power to change the world or destroy it.","Adventure, Action, Thriller, Science Fiction"
The Remains of the Day,A rule-bound head butler's world of manners and decorum in the household he maintains is tested by the arrival of a housekeeper who falls in love with him in post-WWI Britain. The possibility of romance and his master's cultivation of ties with the Nazi cause challenge his carefully maintained veneer of servitude.,"Drama, Romance"
Arlington Road,Threats from sinister foreign nationals aren't the only thing to fear. Bedraggled college professor Michael Faraday has been vexed (and increasingly paranoid) since his wife's accidental death in a botched FBI operation. But all that takes a backseat when a seemingly all-American couple set up house next door.,"Crime, Drama, Thriller, Mystery"
Jaws 2,Police chief Brody must protect the citizens of Amity after a second monstrous shark begins terrorizing the waters.,"Horror, Thriller"
Bonnie and Clyde,"In the 1930s, bored waitress Bonnie Parker falls in love with an ex-con named Clyde Barrow and together they start a violent crime spree through the country, stealing cars and robbing banks.","Crime, Drama"
Basic Instinct,"Catherine, a novelist with an insatiable sexual appetite, becomes a prime suspect when her boyfriend is brutally murdered -- a crime she had described in her latest story.","Thriller, Mystery"
64 Squares of Obsession,"19-year-old Luca Renfield’s dreams of becoming a top-level chess player begin to crumble. Struggling with self-doubt and obsession, he faces a harsh question—does he have what it takes to keep going?",Drama
The Firm,"Mitch McDeere is a young man with a promising future in Law. About to sit his Bar exam, he is approached by 'The Firm' and made an offer he doesn't refuse. Seduced by the money and gifts showered on him, he is totally oblivious to the more sinister side of his company. Then, two Associates are murdered. The FBI contact him, asking him for information and suddenly his life is ruined. He has a choice - work with the FBI, or stay with the Firm. Either way he will lose his life as he knows it. Mitch figures the only way out is to follow his own plan...","Drama, Mystery, Thriller"
Come and See,"The invasion of a village in Byelorussia by German forces sends young Florya into the forest to join the weary Resistance fighters, against his family's wishes. There he meets a girl, Glasha, who accompanies him back to his village. On returning home, Florya finds his family and fellow peasants massacred. His continued survival amidst the brutal debris of war becomes increasingly nightmarish, a battle between despair and hope.","Drama, War"
Night of the Living Dead,"In this remake of the classic 1968 film, a group of people are trapped inside a farmhouse as legions of the walking dead try to get inside and use them for food.",Horror
The Long Good Friday,"In the late 1970s, Cockney crime boss Harold Shand, a gangster trying to become a legitimate property mogul, has big plans to get the American Mafia to bankroll his transformation of a derelict area of London into the possible venue for a future Olympic Games. However, a series of bombings targets his empire on the very weekend the Americans are in town. Shand is convinced there is a traitor in his organization, and sets out to eliminate the rat in typically ruthless fashion.","Crime, Thriller, Drama, Mystery"
The Deer Hunter,"A group of working-class friends decide to enlist in the Army during the Vietnam War and finds it to be hellish chaos -- not the noble venture they imagined. Before they left, Steven married his pregnant girlfriend -- and Michael and Nick were in love with the same woman. But all three are different men upon their return.","Drama, War"
1941,"In the days after the attack on Pearl Harbor, panic grips California, where a military officer leads a mob chasing a Japanese sub.","Comedy, War, Action"
The Killer,"Mob assassin Jeffrey is no ordinary hired gun; the best in his business, he views his chosen profession as a calling rather than simply a job. So, when beautiful nightclub chanteuse Jennie is blinded in the crossfire of his most recent hit, Jeffrey chooses to retire after one last job to pay for his unintended victim's sight-restoring operation. But when Jeffrey is double-crossed, he reluctantly joins forces with a rogue policeman to make things right.","Action, Crime, Drama, Thriller"
The Dead Pool,"Dirty Harry Callahan returns for his final film adventure. Together with his partner Al Quan, he must investigate the systematic murder of actors and musicians. By the time Harry learns that the murders are a part of a sick game to predict the deaths of celebrities before they happen, it may be too late...","Action, Crime, Thriller"
Don't Be a Menace to South Central While Drinking Your Juice in the Hood,"When Ashtray moves to South Central L.A. to live with his father (who appears to be the same age he is) and grandmother (who likes to talk tough and smoke reefer), he falls in with his gang-banging cousin Loc Dog, who along with the requisite pistols and Uzi carries a thermo-nuclear warhead for self-defense. Will Ashtray be able to keep living the straight life?","Comedy, Crime"
National Lampoon's Loaded Weapon 1,An LA detective is murdered because she has microfilm with the recipe to make cocaine cookies. Two cops partner to find and stop the fiends before they can dope the nation by distributing their wares via the 'Wilderness Girls' cookie drive.,"Comedy, Crime, Action"
King of New York,A former drug lord returns from prison determined to wipe out all his competition and distribute the profits of his operations to New York's poor and lower classes in this stylish and ultra violent modern twist on Robin Hood.,"Thriller, Crime"
Superman II,"Three escaped criminals from the planet Krypton, who have the same powers on Earth as Superman, test the Man of Steel's mettle. Led by General Zod, the Kryptonians take control of the White House and partner with Lex Luthor to destroy Superman and rule the world. But Superman, who made himself human in order to get closer to Lois, realizes he has a responsibility to save the planet.","Science Fiction, Action, Adventure"
Evil Dead II,"Ash Williams and his girlfriend Linda find a log cabin in the woods with a voice recording from an archeologist who had recorded himself reciting ancient chants from ""The Book of the Dead."" As they play the recording an evil power is unleashed taking over Linda's body.","Horror, Comedy, Fantasy"
National Lampoon's Loaded Weapon 1,An LA detective is murdered because she has microfilm with the recipe to make cocaine cookies. Two cops partner to find and stop the fiends before they can dope the nation by distributing their wares via the 'Wilderness Girls' cookie drive.,"Comedy, Crime, Action"
King of New York,A former drug lord returns from prison determined to wipe out all his competition and distribute the profits of his operations to New York's poor and lower classes in this stylish and ultra violent modern twist on Robin Hood.,"Thriller, Crime"
Superman II,"Three escaped criminals from the planet Krypton, who have the same powers on Earth as Superman, test the Man of Steel's mettle. Led by General Zod, the Kryptonians take control of the White House and partner with Lex Luthor to destroy Superman and rule the world. But Superman, who made himself human in order to get closer to Lois, realizes he has a responsibility to save the planet.","Science Fiction, Action, Adventure"
Evil Dead II,"Ash Williams and his girlfriend Linda find a log cabin in the woods with a voice recording from an archeologist who had recorded himself reciting ancient chants from ""The Book of the Dead."" As they play the recording an evil power is unleashed taking over Linda's body.","Horror, Comedy, Fantasy"
The Devil's Bath,"In 1750 Austria, a deeply religious woman named Agnes has just married her beloved, but her mind and heart soon grow heavy as her life becomes a long list of chores and expectations. Day after day, she is increasingly trapped in a murky and lonely path leading to evil thoughts, until the possibility of committing a shocking act of violence seems like the only way out of her inner prison.","Drama, Mystery, History, Horror"
The Woman King,"The story of the Agojie, the all-female unit of warriors who protected the African Kingdom of Dahomey in the 1800s with skills and a fierceness unlike anything the world has ever seen, and General Nanisca as she trains the next generation of recruits and readies them for battle against an enemy determined to destroy their way of life.","Action, Drama, History"
The Roundup: No Way Out,"Detective Ma Seok-do changes his affiliation from the Geumcheon Police Station to the Metropolitan Investigation Team, in order to eradicate Japanese gangsters who enter Korea to commit heinous crimes.","Action, Crime, Comedy, Thriller, Drama"
Love Again,"Mira Ray, dealing with the loss of her fiancé, John, sends a series of romantic texts to his old cell phone number… not realizing the number was reassigned to Rob Burns' new work phone. Rob, a journalist, is captivated by the honesty in the beautifully confessional texts. When he’s assigned to write a profile of megastar Céline Dion, he enlists her help in figuring out how to meet Mira in person and win her heart.","Romance, Drama, Comedy"
Despicable Me,"Villainous Gru lives up to his reputation as a despicable, deplorable and downright unlikable guy when he hatches a plan to steal the moon from the sky. But he has a tough time staying on task after three orphans land in his care.","Animation, Family, Comedy"
Rocketman,"The story of Elton John's life, from his years as a prodigy at the Royal Academy of Music through his influential and enduring musical partnership with Bernie Taupin.","Music, Drama"
Beautiful Disaster,College freshman Abby tries to distance herself from her dark past while resisting her attraction to bad boy Travis.,"Romance, Drama, Comedy"
Strangeness,"During a trip to Sicily in 1920, Luigi Pirandello meets two gravediggers-turned-playwrights rehearsing a play with their amateur dramatics. Pirandello takes an interest in the odd couple, having been suffering from writer's block while working on his eventual masterpiece, Six Characters in Search of an Author.","Comedy, History, Drama"
The Lost City,"Reclusive author Loretta Sage writes about exotic places in her popular adventure novels that feature a handsome cover model named Alan. While on tour promoting her new book with Alan, Loretta gets kidnapped by an eccentric billionaire who hopes she can lead him to the ancient city's lost treasure that featured in her latest story. Alan, determined to prove he can be a hero in real life and not just on the pages of her books, sets off to rescue her.","Action, Adventure, Comedy"
Three Thousand Years of Longing,"A solitary scholar discovers an ancient bottle while on a trip to Istanbul and unleashes a djinn who offers her three wishes. Filled with reluctance, she is unable to come up with one, so the djinn tries to inspire her with his stories.","Drama, Fantasy, Romance"
Mulan,"When the Emperor of China issues a decree that one man per family must serve in the Imperial Chinese Army to defend the country from Huns, Hua Mulan, the eldest daughter of an honored warrior, steps in to take the place of her ailing father. She is spirited, determined and quick on her feet. Disguised as a man by the name of Hua Jun, she is tested every step of the way and must harness her innermost strength and embrace her true potential.","Adventure, Fantasy, Action, Family"
Darkest Hour,"In May 1940, the fate of World War II hangs on Winston Churchill, who must decide whether to negotiate with Adolf Hitler or fight on knowing that it could mean the end of the British Empire.","Drama, History"
Subservience,"With his wife out sick, a struggling father brings home a lifelike AI, only to have his self-aware new help want everything her new family has to offer... Like the affection of her owner and she'll kill to get it.","Science Fiction, Thriller"
Missing,"When her mother disappears while on vacation in Colombia with her new boyfriend, June’s search for answers is hindered by international red tape. Stuck thousands of miles away in Los Angeles, June creatively uses all the latest technology at her fingertips to try and find her before it’s too late. But as she digs deeper, her digital sleuthing raises more questions than answers... and when June unravels secrets about her mom, she discovers that she never really knew her at all.","Drama, Mystery, Thriller"
Real Steel,"Charlie Kenton is a washed-up fighter who retired from the ring when robots took over the sport. After his robot is trashed, he reluctantly teams up with his estranged son to rebuild and train an unlikely contender.","Action, Science Fiction, Drama"
Chase Miller Takes Over The World,"Financially and creatively bankrupt, aspiring actor Chase Miller is sleeping on his friends' couch and increasingly desperate for fame. Deciding to record his every move, Miller documents an unorthodox Oscar campaign.","Comedy, Documentary"
"BARDO, False Chronicle of a Handful of Truths","A renowned Mexican journalist and documentary filmmaker living in Los Angeles, after being named the recipient of a prestigious international award, is compelled to return to his native country, unaware that this simple trip will push him to an existential limit.","Comedy, Drama"
How to Train Your Dragon: The Hidden World,"As Hiccup fulfills his dream of creating a peaceful dragon utopia, Toothless’ discovery of an untamed, elusive mate draws the Night Fury away. When danger mounts at home and Hiccup’s reign as village chief is tested, both dragon and rider must make impossible decisions to save their kind.","Animation, Family, Adventure"
Batman and Superman: Battle of the Super Sons,"After discovering he has powers, 11-year-old Jonathan Kent and assassin-turned-Boy-Wonder Damian Wayne must join forces to rescue their fathers (Superman & Batman) and save the planet from the malevolent alien force known as Starro.","Animation, Action, Science Fiction"
The In Between,"After surviving a car accident that took the life of her boyfriend, a teenage girl believes he's attempting to reconnect with her from the after world.","Romance, Science Fiction, Drama"
Jujutsu Kaisen 0,"Yuta Okkotsu is a nervous high school student who is suffering from a serious problem—his childhood friend Rika has turned into a curse and won't leave him alone. Since Rika is no ordinary curse, his plight is noticed by Satoru Gojo, a teacher at Jujutsu High, a school where fledgling exorcists learn how to combat curses. Gojo convinces Yuta to enroll, but can he learn enough in time to confront the curse that haunts him?","Animation, Action, Fantasy"
Bridget Jones's Diary,"Bridget Jones is an average woman struggling against her age, her weight, her job, her lack of a man, and her various imperfections. As a New Year's resolution, Bridget decides to take control of her life, starting by keeping a diary in which she will always tell the complete truth. The fireworks begin when her charming though disreputable boss takes an interest in the quirky Miss Jones. Thrown into the mix are Bridget's band of slightly eccentric friends and a rather disagreeable acquaintance into whom Bridget cannot seem to stop running or help finding quietly attractive.","Comedy, Romance, Drama"
See How They Run,"In the West End of 1950s London, plans for a movie version of a smash-hit play come to an abrupt halt after a pivotal member of the crew is murdered. When world-weary Inspector Stoppard and eager rookie Constable Stalker take on the case, the two find themselves thrown into a puzzling whodunit within the glamorously sordid theater underground, investigating the mysterious homicide at their own peril.","Mystery, Comedy, Crime"
Warriors of Future,"When a meteor carrying a destructive plant strikes the world, a suicide squad is given hours to save their post-apocalyptic city from total collapse.","Drama, Action, Science Fiction"
Doctor Sleep,"Still scarred by the trauma he endured as a child at the Overlook Hotel, Dan Torrance faces the ghosts of the past when he meets Abra, a courageous teen who desperately needs his help -- and who possesses a powerful extrasensory ability called the ""shine"".","Horror, Thriller, Fantasy"
Ferry 2,"After losing his drug empire, Ferry Bouman has found a measure of peace away from Brabant's criminal underworld — until his past catches up to him.","Action, Drama, Crime, Thriller"
Old Henry,"A widowed farmer and his son warily take in a mysterious, injured man with a satchel of cash. When a posse of men claiming to be the law come for the money, the farmer must decide who to trust. Defending a siege of his homestead, the farmer reveals a talent for gun-slinging that surprises everyone calling his true identity into question.","Western, Action"
Transcendence,"Two leading computer scientists work toward their goal of Technological Singularity,  as a radical anti-technology organization fights to prevent them from creating a world where computers can transcend the abilities of the human brain.","Thriller, Science Fiction, Drama, Mystery"
Mia Mio,"After yet another after-party, Mia has an identity crisis, and for a few hours, her two best friends will try their best to help her overcome a crucial, if not the most important, moment of her life.",Drama
My Fake Boyfriend,"A young man in a tricky situation follows the advice of his unconventional best friend and uses social media to create a fake boyfriend to keep his awful ex-lover out of his life. But everything backfires when he meets the real love of his life, and breaking up with his fake boyfriend proves hard to do.","Comedy, Romance"
Hotel Transylvania 2,"When the old-old-old-fashioned vampire Vlad arrives at the hotel for an impromptu family get-together, Hotel Transylvania is in for a collision of supernatural old-school and modern day cool.","Animation, Comedy, Family, Fantasy"
The World's End,Five friends who reunite in an attempt to top their epic pub crawl from 20 years earlier unwittingly become humankind's only hope for survival.,"Comedy, Action, Science Fiction"
About Time,"The night after another unsatisfactory New Year's party, Tim's father tells his son that the men in his family have always had the ability to travel through time. They can't change history, but they can change what happens and has happened in their own lives. Thus begins the start of a lesson in learning to appreciate life itself as it is, as it comes, and most importantly, the people living alongside us.","Drama, Romance, Fantasy"
Pineapple Express,A stoner and his dealer are forced to go on the run from the police after the pothead witnesses a cop commit a murder.,"Action, Comedy, Crime"
The Midnight Sky,A lone scientist in the Arctic races to contact a crew of astronauts returning home to a mysterious global catastrophe.,"Science Fiction, Drama"
The Christmas Chronicles,"Siblings Kate and Teddy try to prove Santa Claus is real, but when they accidentally cause his sleigh to crash, they have to save Christmas.","Comedy, Adventure, Family, Fantasy"
Office Space,"A depressed white-collar worker tries hypnotherapy, only to find himself in a perpetual state of devil-may-care bliss that prompts him to start living by his own rules, and hatch a hapless attempt to embezzle money from his soul-killing employers.",Comedy
Along with the Gods: The Two Worlds,"Having died unexpectedly, firefighter Ja-hong is taken to the afterlife by 3 afterlife guardians. Only when he passes 7 trials over 49 days and proves he was innocent in human life, he’s able to reincarnate, and his 3 afterlife guardians are by his side to defend him in trial.","Action, Adventure, Drama, Fantasy, Thriller"
Signs,A family living on a farm finds mysterious crop circles in their fields which suggests something more frightening to come.,"Drama, Thriller, Science Fiction, Mystery"
The Hating Game,"Resolving to achieve professional success without compromising her ethics, Lucy embarks on a ruthless game of one-upmanship against cold and efficient nemesis Joshua, a rivalry that is complicated by her growing attraction to him.","Drama, Comedy, Romance"
Ron's Gone Wrong,"In a world where walking, talking, digitally connected bots have become children's best friends, an 11-year-old finds that his robot buddy doesn't quite work the same as the others do.","Animation, Science Fiction, Family, Comedy"
Dark Crimes,"Tadek, a Polish detective, becomes suspicious of a controversial author when the incidents described in his unpublished novel resemble the inner workings of an unsolved murder.","Drama, Thriller"
American Honey,"A teenage girl with nothing to lose joins a traveling magazine sales crew, and gets caught up in a whirlwind of hard partying, law bending and young love as she criss-crosses the Midwest with a band of misfits.",Drama
Independence Day: Resurgence,"We always knew they were coming back. Using recovered alien technology, the nations of Earth have collaborated on an immense defense program to protect the planet. But nothing can prepare us for the aliens’ advanced and unprecedented force. Only the ingenuity of a few brave men and women can bring our world back from the brink of extinction.","Action, Adventure, Science Fiction"
12 Angry Men,"During the trial of a man accused of his father's murder, a lone juror takes a stand against the guilty verdict handed down by the others as a result of their preconceptions and prejudices.","Drama, TV Movie"
Bad Santa,"You'd better watch out - Santa Claus Willie T. Soke is coming to town and he doesn't care if you've been naughty or nice. Wille's favorite holiday tradition is to fill his sacks with loot lifted from shopping malls across the country. But this year his plot gets derailed by a wisecracking store detective, a sexy bartender, and a kid who's convinced Willie is the real Santa Claus.","Drama, Comedy, Crime"
Assassins,"Assassin Robert Rath arrives at a funeral to kill a prominent mobster, only to witness a rival hired gun complete the job for him -- with grisly results. Horrified by the murder of innocent bystanders, Rath decides to take one last job and then return to civilian life. But finding his way out of the world of contract killing grows ever more dangerous as Rath falls for his female target and becomes a marked man himself.","Action, Adventure, Crime, Thriller"
Harry Potter and the Philosopher's Stone,"Harry Potter has lived under the stairs at his aunt and uncle's house his whole life. But on his 11th birthday, he learns he's a powerful wizard—with a place waiting for him at the Hogwarts School of Witchcraft and Wizardry. As he learns to harness his newfound powers with the help of the school's kindly headmaster, Harry uncovers the truth about his parents' deaths—and about the villain who's to blame.","Adventure, Fantasy"
Mortal Kombat Legends: Battle of the Realms,"The Earthrealm heroes must journey to the Outworld and fight for the survival of their homeland, invaded by the forces of evil warlord Shao Kahn, in the tournament to end all tournaments: the final Mortal Kombat.","Animation, Action, Fantasy"
Don't Breathe 2,"The Blind Man has been hiding out for several years in an isolated cabin and has taken in and raised a young girl orphaned from a devastating house fire. Their quiet life together is shattered when a group of criminals kidnap the girl, forcing the Blind Man to leave his safe haven to save her.","Thriller, Horror"
Guns Akimbo,"An ordinary guy suddenly finds himself forced to fight a gladiator-like battle for a dark website that streams the violence for viewers. In order to survive and rescue his kidnapped ex-girlfriend, he must battle Nix, a heavily armed and much more experienced fighter.","Action, Comedy, Crime, Thriller"
Labyrinth,"When teen Sarah is forced to babysit her half-brother Toby, she summons Jareth the Goblin King to take him away. When he is actually kidnapped, Sarah is given just thirteen hours to solve a labyrinth and rescue him.","Adventure, Family, Fantasy"
Stargate,"An interstellar teleportation device, found in Egypt, leads to a planet with humans resembling ancient Egyptians who worship the god Ra.","Action, Adventure, Science Fiction"
Miraculous World: Shanghai - The Legend of Ladydragon,"On school break, Marinette heads to Shanghai to meet Adrien. But after arriving, Marinette loses all her stuff, including the Miraculous that allows her to turn into Ladybug!","Animation, Fantasy, Action, TV Movie"
Rurouni Kenshin: The Beginning,"Before he was a protector, Kenshin was a fearsome assassin known as Battosai. But when he meets gentle Tomoe Yukishiro, a beautiful young woman who carries a huge burden in her heart, his life will change forever.","Action, Adventure, Drama, Romance"
Color Out of Space,"The Gardner family moves to a remote farmstead in rural New England to escape the hustle of the 21st century. They are busy adapting to their new life when a meteorite crashes into their front yard, melts into the earth, and infects both the land and the properties of space-time with a strange, otherworldly colour. To their horror, the family discovers this alien force is gradually mutating every life form that it touches—including them.","Horror, Science Fiction, Mystery, Thriller"
Guns Akimbo,"An ordinary guy suddenly finds himself forced to fight a gladiator-like battle for a dark website that streams the violence for viewers. In order to survive and rescue his kidnapped ex-girlfriend, he must battle Nix, a heavily armed and much more experienced fighter.","Action, Comedy, Crime, Thriller"
Labyrinth,"When teen Sarah is forced to babysit her half-brother Toby, she summons Jareth the Goblin King to take him away. When he is actually kidnapped, Sarah is given just thirteen hours to solve a labyrinth and rescue him.","Adventure, Family, Fantasy"
Stargate,"An interstellar teleportation device, found in Egypt, leads to a planet with humans resembling ancient Egyptians who worship the god Ra.","Action, Adventure, Science Fiction"
Miraculous World: Shanghai - The Legend of Ladydragon,"On school break, Marinette heads to Shanghai to meet Adrien. But after arriving, Marinette loses all her stuff, including the Miraculous that allows her to turn into Ladybug!","Animation, Fantasy, Action, TV Movie"
Rurouni Kenshin: The Beginning,"Before he was a protector, Kenshin was a fearsome assassin known as Battosai. But when he meets gentle Tomoe Yukishiro, a beautiful young woman who carries a huge burden in her heart, his life will change forever.","Action, Adventure, Drama, Romance"
Color Out of Space,"The Gardner family moves to a remote farmstead in rural New England to escape the hustle of the 21st century. They are busy adapting to their new life when a meteorite crashes into their front yard, melts into the earth, and infects both the land and the properties of space-time with a strange, otherworldly colour. To their horror, the family discovers this alien force is gradually mutating every life form that it touches—including them.","Horror, Science Fiction, Mystery, Thriller"
The Mule,"Earl Stone, a man in his eighties, is broke, alone, and facing foreclosure of his business when he is offered a job that simply requires him to drive. Easy enough, but, unbeknownst to Earl, he's just signed on as a drug courier for a Mexican cartel. He does so well that his cargo increases exponentially, and Earl hit the radar of hard-charging DEA agent Colin Bates.","Crime, Drama"
Pet Sematary,"Dr. Louis Creed and his wife, Rachel, move from Boston to Ludlow, in rural Maine, with their two young children. Hidden in the woods near the new family home, Ellie, their eldest daughter, discovers a mysterious cemetery where the pets of community members are buried.","Horror, Thriller"
Seaspiracy,"Passionate about ocean life, a filmmaker sets out to document the harm that humans do to marine species — and uncovers an alarming global conspiracy.","Documentary, Crime"
"Josee, the Tiger and the Fish","With dreams of diving abroad, Tsuneo gets a job assisting Josee, an artist whose imagination takes her far beyond her wheelchair. But when the tide turns against them, they push each other to places they never thought possible, and inspire a love fit for a storybook.","Animation, Drama, Romance"
Holidate,"Fed up with being single on holidays, two strangers agree to be each other's platonic plus-ones all year long, only to catch real feelings along the way.","Comedy, Romance"
American Factory,"In post-industrial Ohio, a Chinese billionaire opens a new factory in the husk of an abandoned General Motors plant, hiring two thousand blue-collar Americans. Early days of hope and optimism give way to setbacks as high-tech China clashes with working-class America.",Documentary
Wish Dragon,Determined teen Din is longing to reconnect with his childhood best friend when he meets a wish-granting dragon who shows him the magic of possibilities.,"Animation, Family, Comedy, Fantasy"
Aniara,"A ship carrying settlers to a new home on Mars after Earth is rendered uninhabitable is knocked off-course, causing the passengers to consider their place in the universe.","Science Fiction, Drama"
Palmer,"After 12 years in prison, former high school football star Eddie Palmer returns home to put his life back together—and forms an unlikely bond with Sam, an outcast boy from a troubled home. But Eddie's past threatens to ruin his new life and family.",Drama
Glass,"In a series of escalating encounters, former security guard David Dunn uses his supernatural abilities to track Kevin Wendell Crumb, a disturbed man who has twenty-four personalities. Meanwhile, the shadowy presence of Elijah Price emerges as an orchestrator who holds secrets critical to both men.","Thriller, Drama, Science Fiction"
The Book Thief,"While subjected to the horrors of WWII Germany, young Liesel finds solace by stealing books and sharing them with others. Under the stairs in her home, a Jewish refugee is being sheltered by her adoptive parents.",Drama
The Zero Theorem,"A computer hacker's goal to discover the reason for human existence continually finds his work interrupted thanks to the Management; this time, they send a teenager and lusty love interest to distract him.","Drama, Fantasy, Science Fiction"
Bridge to Terabithia,"Jesse Aarons trained all summer to become the fastest runner in school. So he's very upset when newcomer Leslie Burke outruns him and everyone else. Despite this and other differences including that she's rich, he's poor, she's a city girl, and he's a country boy the two become fast friends. Together they create Terabithia, a land of monsters, trolls, ogres, and giants where they rule as king and queen.","Adventure, Drama, Family"
Galaxy Quest,"For four years, the courageous crew of the NSEA protector - ""Commander Peter Quincy Taggart"", ""Lt. Tawny Madison and ""Dr.Lazarus"" - set off on a thrilling and often dangerous mission in space...and then their series was cancelled! Now, twenty years later, aliens under attack have mistaken the Galaxy Quest television transmissions for ""historical documents"" and beam up the crew of has-been actors to save the universe. With no script, no director and no clue, the actors must turn in the performances of their lives.","Comedy, Science Fiction, Adventure"
The Zero Theorem,"A computer hacker's goal to discover the reason for human existence continually finds his work interrupted thanks to the Management; this time, they send a teenager and lusty love interest to distract him.","Drama, Fantasy, Science Fiction"
Bridge to Terabithia,"Jesse Aarons trained all summer to become the fastest runner in school. So he's very upset when newcomer Leslie Burke outruns him and everyone else. Despite this and other differences including that she's rich, he's poor, she's a city girl, and he's a country boy the two become fast friends. Together they create Terabithia, a land of monsters, trolls, ogres, and giants where they rule as king and queen.","Adventure, Drama, Family"
Galaxy Quest,"For four years, the courageous crew of the NSEA protector - ""Commander Peter Quincy Taggart"", ""Lt. Tawny Madison and ""Dr.Lazarus"" - set off on a thrilling and often dangerous mission in space...and then their series was cancelled! Now, twenty years later, aliens under attack have mistaken the Galaxy Quest television transmissions for ""historical documents"" and beam up the crew of has-been actors to save the universe. With no script, no director and no clue, the actors must turn in the performances of their lives.","Comedy, Science Fiction, Adventure"
Feels Good Man,"When indie comic character Pepe the Frog becomes an unwitting icon of hate, his creator, artist Matt Furie, fights to bring Pepe back from the darkness and navigate America's cultural divide.",Documentary
Border,"When a border guard with a sixth sense for identifying smugglers encounters the first person she cannot prove is guilty, she is forced to confront terrifying revelations about herself and humankind.","Fantasy, Drama, Crime"
Shoplifters,"After one of their shoplifting sessions, Osamu and his son come across a little girl in the freezing cold. At first reluctant to shelter the girl, Osamu’s wife agrees to take care of her after learning of the hardships she faces. Although the family is poor, barely making enough money to survive through petty crime, they seem to live happily together until an unforeseen incident reveals hidden secrets, testing the bonds that unite them.","Drama, Crime, Thriller"
Halloween,"Laurie Strode comes to her final confrontation with Michael Myers, the masked figure who has haunted her since she narrowly escaped his killing spree on Halloween night four decades ago.","Horror, Thriller, Crime, Drama"
Tideland,"Because of the actions of her irresponsible parents, a young girl is left alone on a decrepit country estate and survives inside her fantastic imagination.","Fantasy, Drama, Thriller, Science Fiction"
The League of Extraordinary Gentlemen,"To prevent a world war from breaking out, famous characters from Victorian literature band together to do battle against a cunning villain.","Fantasy, Action, Thriller, Science Fiction"
Wild Wild West,Legless Southern inventor Dr. Arliss Loveless plans to rekindle the Civil War by assassinating President U.S. Grant. Only two men can stop him: gunfighter James West and master-of-disguise and inventor Artemus Gordon. The two must team up to thwart Loveless' plans.,"Action, Adventure, Comedy, Science Fiction, Western"
Be Kind Rewind,"A man whose brain becomes magnetized unintentionally destroys every tape in his friend's video store. In order to satisfy the store's most loyal renter, an aging woman with signs of dementia, the two men set out to remake the lost films.","Drama, Comedy"
Evan Almighty,God contacts Junior Congressman Evan Baxter and tells him to build an ark in preparation for a great flood.,"Fantasy, Comedy, Family"
Songbird,"During a pandemic lockdown, Nico, a young man with rare immunity, must overcome martial law, murderous vigilantes and a powerful family to reunite with his love, Sara.","Science Fiction, Thriller"
"Roman J. Israel, Esq.","Hard-nosed liberal lawyer Roman J. Israel has been fighting the good fight forever while others take the credit. When his partner – the firm's frontman – has a heart attack, Israel suddenly takes on that role. He soon discovers some unsettling truths about the firm – truths that conflict with his values of helping the poor and dispossessed – and finds himself in an existential crisis that leads to extreme actions.","Drama, Crime, Thriller"
Suburbicon,"In the quiet family town of Suburbicon during the 1950s, the best and worst of humanity is hilariously reflected through the deeds of seemingly ordinary people. When a home invasion turns deadly, a picture-perfect family turns to blackmail, revenge and murder.","Thriller, Crime, Drama, Mystery"
Bad Santa 2,"Fueled by cheap whiskey, greed and hatred, Willie Soke teams up with his angry little sidekick, Marcus, to knock off a Chicago charity on Christmas Eve. Along for the ride is chubby and cheery Thurman Merman, a 250-pound ray of sunshine who brings out Willie's sliver of humanity. Issues arise when the pair are joined by Willie's horror story of a mother, who raises the bar for the gang's ambitions, while somehow lowering the standards of criminal behavior.","Comedy, Crime, Mystery"
Rings,"Julia becomes worried about her boyfriend Holt when he explores the dark urban legend of a mysterious videotape said to kill the watcher seven days after viewing. She sacrifices herself to save her boyfriend and in doing so makes a horrifying discovery: there is a ""movie within the movie"" that no one has ever seen before.",Horror
Evolution,"A comedy that follows the chaos that ensues when a meteor hits the Earth carrying alien life forms that give new meaning to the term ""survival of the fittest."" David Duchovny, Orlando Jones, Seann William Scott, and Julianne Moore are the only people standing between the aliens and world domination... which could be bad news for the Earth.","Comedy, Science Fiction, Action"
Starsky & Hutch,"Join uptight David Starsky and laid-back Ken ""Hutch"" Hutchinson as they're paired for the first time as undercover cops. The new partners must overcome their differences to solve an important case with help from street informant Huggy Bear and persuasive criminal Reese Feldman.","Comedy, Crime"
Hollow Man,"Cocky researcher Sebastian Caine is working on a project to make living creatures invisible. Determined to achieve the ultimate breakthrough, Caine pushes his team to move to the next phase — using himself as the subject. The test is a success, but when the process can't be reversed and Caine seems doomed to future without flesh, he starts to turn increasingly dangerous.","Action, Science Fiction, Thriller"
Universal Soldier,"An American soldier who had been killed during the Vietnam War is revived 25 years later by the military as a semi-android, UniSols, a high-tech soldier of the future. After the failure of the initiative to erase all the soldier's memories, he begins to experience flashbacks that are forcing him to recall his past.","Thriller, Action, Science Fiction, Crime"
Bandits,"After escaping from prison, Joe and Terry go on a crime spree, robbing banks through Oregon and California in order to finance their scheme for a new life south of the border. Unfortunately, things get more complicated when they meet Kate, who runs into them with her car. She joins the bandits on their cross-country spree, and eventually she steals something, too: their hearts.","Comedy, Crime"
Cop Land,"Freddy Heflin is the sheriff of a place everyone calls “Cop Land” — a small and seemingly peaceful town populated by the big city police officers he’s long admired. Yet something ugly is taking place behind the town’s peaceful facade. And when Freddy uncovers a massive, deadly conspiracy among these local residents, he is forced to take action and make a dangerous choice between protecting his idols and upholding the law.","Crime, Drama, Thriller"
Trading Places,A snobbish investor and a wily street con-artist find their positions reversed as part of a bet by two callous millionaires.,Comedy
Rocky II,"After Rocky goes the distance with champ Apollo Creed, both try to put the fight behind them and move on. Rocky settles down with Adrian but can't put his life together outside the ring, while Creed seeks a rematch to restore his reputation. Soon enough, the ""Master of Disaster"" and the ""Italian Stallion"" are set on a collision course for a climactic battle that is brutal and unforgettable.",Drama
Caddo Lake,"When an 8-year-old girl mysteriously vanishes on Caddo Lake, a series of past deaths and disappearances begin to link together, forever altering a broken family’s history.","Thriller, Mystery, Drama, Science Fiction"
Mortal Kombat Legends: Scorpion's Revenge,"After the vicious slaughter of his family by stone-cold mercenary Sub-Zero, Hanzo Hasashi is exiled to the torturous Netherrealm. There, in exchange for his servitude to the sinister Quan Chi, he’s given a chance to avenge his family – and is resurrected as Scorpion, a lost soul bent on revenge. Back on Earthrealm, Lord Raiden gathers a team of elite warriors – Shaolin monk Liu Kang, Special Forces officer Sonya Blade and action star Johnny Cage – an unlikely band of heroes with one chance to save humanity. To do this, they must defeat Shang Tsung’s horde of Outworld gladiators and reign over the Mortal Kombat tournament.","Animation, Action, Fantasy"
Persian Lessons,"Occupied France, 1942. Gilles is arrested by SS soldiers alongside other Jews and sent to a camp in Germany. He narrowly avoids sudden execution by swearing to the guards that he is not Jewish, but Persian. This lie temporarily saves him, but Gilles gets assigned a life-or-death mission: to teach Farsi to Head of Camp Koch, who dreams of opening a restaurant in Iran once the war is over. Through an ingenious trick, Gilles manages to survive by inventing words of ""Farsi"" every day and teaching them to Koch.","War, Drama"
Lady and the Tramp,"The love story between a pampered Cocker Spaniel named Lady and a streetwise mongrel named Tramp. Lady finds herself out on the street after her owners have a baby and is saved from a pack by Tramp, who tries to show her to live her life footloose and collar-free.","Family, Romance, Comedy"
A Street Cat Named Bob,"James Bowen, a homeless busker and recovering drug addict, has his life transformed when he meets a stray ginger cat.","Family, Drama"
The Void,"In the middle of a routine patrol, officer Daniel Carter happens upon a blood-soaked figure limping down a deserted stretch of road. He rushes the young man to a nearby rural hospital staffed by a skeleton crew, only to discover that patients and personnel are transforming into something inhuman. As the horror intensifies, Carter leads the other survivors on a hellish voyage into the subterranean depths of the hospital in a desperate bid to end the nightmare before it's too late.","Mystery, Horror, Science Fiction"
Swiss Army Man,"Alone on a tiny deserted island, Hank has given up all hope of ever making it home again. But one day everything changes when a dead body washes ashore, and he soon realizes it may be his last opportunity to escape certain death. Armed with his new “friend” and an unusual bag of tricks, the duo go on an epic adventure to bring Hank back to the woman of his dreams.","Comedy, Drama, Romance, Fantasy, Adventure"
Lights Out,"Rebecca must unlock the terror behind her little brother's experiences that once tested her sanity, bringing her face to face with a supernatural spirit attached to their mother.",Horror
Whiskey Tango Foxtrot,"In 2002, cable news producer Kim Barker decides to shake up her routine by taking a daring new assignment in Kabul, Afghanistan. Dislodged from her comfortable American lifestyle, Barker finds herself in the middle of an out-of-control war zone. Luckily, she meets Tanya Vanderpoel, a fellow journalist who takes the shell-shocked reporter under her wing. Amid the militants, warlords and nighttime partying, Barker discovers the key to becoming a successful correspondent.","Comedy, Drama, War"
Grimsby,"Wrongfully accused and on the run, a top MI6 assassin joins forces with his long-lost, football hooligan brother to save the world from a sinister plot.","Action, Comedy"
Everest,"Inspired by the incredible events surrounding a treacherous attempt to reach the summit of the world's highest mountain, ""Everest"" documents the awe-inspiring journey of two different expeditions challenged beyond their limits by one of the fiercest snowstorms ever encountered by mankind. Their mettle tested by the harshest of elements found on the planet, the climbers will face nearly impossible obstacles as a lifelong obsession becomes a breathtaking struggle for survival.","Adventure, Drama, History"
Silence,"In the 17th century, two Portuguese Jesuit priests travel to Japan in an attempt to locate their mentor, who is rumored to have committed apostasy, and to propagate Catholicism.","Drama, History"
The Rocky Horror Picture Show,"Sweethearts Brad and Janet, stuck with a flat tire during a storm, discover the eerie mansion of Dr. Frank-N-Furter, a transvestite scientist. As their innocence is lost, Brad and Janet meet a houseful of wild characters, including a rocking biker and a creepy butler. Through elaborate dances and rock songs, Frank-N-Furter unveils his latest creation: a muscular man named 'Rocky'.","Comedy, Science Fiction, Fantasy, Horror"
Airheads,The Lone Rangers have heavy-metal dreams and a single demo tape they can't get anyone to play. The solution: Hijack an FM rock radio station and hold the deejays hostage until they agree to broadcast the band's tape.,"Comedy, Crime, Music"
Air America,"Air America was the CIA's private airline operating in Laos during the Vietnam War, running anything and everything from soldiers to foodstuffs for local villagers. After losing his pilot's license, Billy Covington is recruited, and ends up in the middle of a bunch of lunatic pilots, gun-running by his friend Gene Ryack, and opium smuggling by his own superiors.","Action, Adventure, Comedy, Drama"
Patriot Games,"When CIA Analyst Jack Ryan interferes with an IRA assassination, a renegade faction targets Jack and his family as revenge.","Drama, Action, Thriller, Crime"
Fletch,"When investigative reporter Irwin ""Fletch"" Fletcher goes undercover to write a piece on the drug trade at a local beach, he's approached by wealthy businessman Alan Stanwyk, who offers him $50,000 to murder him. With sarcastic wit and a knack for disguises, Fletch sets out to uncover Stanwyk's story.","Comedy, Crime, Mystery"
Scrooged,"Frank Cross is a wildly successful television executive whose cold ambition and curmudgeonly nature has driven away the love of his life. But after firing a staff member on Christmas Eve, Frank is visited by a series of ghosts who give him a chance to re-evaluate his actions and right the wrongs of his past.","Fantasy, Comedy, Drama"
Judge Dredd,"In a dystopian future, Dredd, the most famous judge (a cop with instant field judiciary powers) is convicted for a crime he did not commit while his murderous counterpart escapes.","Science Fiction, Action"
Grosse Pointe Blank,"Martin Blank is a hitman for hire. When he starts to develop a conscience, he botches a couple of routine jobs. On the advice of his secretary and his psychiatrist, he decides to attend his ten-year high school reunion in Grosse Pointe, Michigan.","Action, Comedy, Thriller, Romance"
Midnight Run,"A bounty hunter pursues a former Mafia accountant who embezzled $15 million of mob money. He is also being chased by a rival bounty hunter, the F.B.I., and his old mob boss after jumping bail.","Action, Comedy, Crime, Thriller"
Animal House,"At a 1962 College, Dean Vernon Wormer is determined to expel the entire Delta Tau Chi Fraternity, but those troublemakers have other plans for him.",Comedy
Ransom,"When a rich man's son is kidnapped, he cooperates with the police at first but then tries a unique tactic against the criminals.","Action, Thriller"
The Princess Bride,"In this enchantingly cracked fairy tale, the beautiful Princess Buttercup and the dashing Westley must overcome staggering odds to find happiness amid six-fingered swordsmen, murderous princes, Sicilians and rodents of unusual size. But even death can't stop these true lovebirds from triumphing.","Adventure, Family, Fantasy, Comedy, Romance"
Sneakers,"When shadowy U.S. intelligence agents blackmail a reformed computer hacker and his eccentric team of security experts into stealing a code-breaking 'black box' from a Soviet-funded genius, they uncover a bigger conspiracy. Now, he and his 'sneakers' must save themselves and the world economy by retrieving the box from their blackmailers.","Comedy, Crime, Drama"
Mallrats,"Both dumped by their girlfriends, two best friends seek refuge in the local mall. Eventually, they decide to try and win back their significant others and take care of their respective nemeses.","Romance, Comedy"
Chasing Amy,"Holden and Banky are comic book artists. Everything is going good for them until they meet Alyssa, also a comic book artist. Holden falls for her, but his hopes are crushed when he finds out she's a lesbian.","Comedy, Drama, Romance"
Ghost,"After a young man is murdered, his spirit stays behind to warn his lover of impending danger, with the help of a reluctant psychic.","Fantasy, Drama, Thriller, Mystery, Romance"
The Wild Goose Lake,"A gangster ends up making a mistake that causes every gun on both sides of the law to point at him. While on the run, he comes across a mysterious woman who might get him out of trouble or make things worse.","Crime, Drama, Thriller"
Time to Hunt,"Four young men want to leave their dystopian world behind and go to a distant paradise to execute a money robbery, a daring act that will have unexpected consequences.","Drama, Action, Thriller"
The Farewell,A headstrong Chinese-American woman returns to China when her beloved grandmother is given a terminal diagnosis. Billi struggles with her family's decision to keep grandma in the dark about her own illness as they all stage an impromptu wedding to see grandma one last time.,"Comedy, Drama"
Mr. Jones,"In 1933, Welsh journalist Gareth Jones travels to Ukraine, where he experiences the horrors of a famine. Everywhere he goes he meets henchmen of the Soviet secret service who are determined to prevent news about the catastrophe from getting out. Stalin’s forced collectivisation of agriculture has resulted in misery and ruin—the policy is tantamount to mass murder.","Thriller, Drama, History"
True History of the Kelly Gang,"Set against the badlands of Australia where the English rule with a bloody fist and the Irish endure, Ned Kelly discovers he comes from a line of Irish rebels — an uncompromising army of cross dressing bandits immortalised for terrorising their oppressors back in Ireland. Fuelled by the unfair arrest of his mother, Kelly recruits a wild bunch of warriors to plot one of the most audacious attacks of anarchy and rebellion the country has ever seen.","Crime, Drama, Western, Thriller"
Judy,"Thirty years after starring in ""The Wizard of Oz,"" beloved actress and singer Judy Garland arrives in London to perform sold-out shows at the Talk of the Town nightclub. While there, she reminisces with friends and fans and begins a whirlwind romance with musician Mickey Deans, her soon-to-be fifth husband.","Drama, History, Music"
Code 8,"In Lincoln City, some inhabitants have extraordinary abilities. Most live below the poverty line, under the close surveillance of a heavily militarized police force. Connor, a construction worker with powers, involves with a criminal gang to help his ailing mother. (Based on the short film “Code 8,” 2016.)","Science Fiction, Action, Crime"
Code 8,"In Lincoln City, some inhabitants have extraordinary abilities. Most live below the poverty line, under the close surveillance of a heavily militarized police force. Connor, a construction worker with powers, involves with a criminal gang to help his ailing mother. (Based on the short film “Code 8,” 2016.)","Science Fiction, Action, Crime"
The Lure,"Two mermaid sisters, who end up performing at a nightclub, face cruel and bloody choices when one of them falls in love with a beautiful young man.","Horror, Music, Romance, Drama, Fantasy, Thriller"
Our Little Sister,"Three sisters live together in a large house in the city of Kamakura. When their father – absent from the family home for the last 15 years – dies, they travel to the countryside for his funeral, and meet their shy teenage half-sister. Bonding quickly with the orphaned Suzu, they invite her to live with them.",Drama
The Visit,"A brother and sister are sent to their grandparents' remote Pennsylvania farm for a week, where they discover that the elderly couple is involved in something deeply disturbing.","Horror, Mystery, Thriller"
Vacation,"Hoping to bring his family closer together and to recreate his childhood vacation for his own kids, a grown up Rusty Griswold takes his wife and their two sons on a cross-country road trip to the coolest theme park in America, Walley World. Needless to say, things don't go quite as planned.",Comedy
The 33,"Based on the true story of the collapse of a mine in San Jose, Chile—that left 33 miners isolated underground for 69 days.","Drama, History"
Final Girl,"Veronica, the new girl in town, is lured into the woods by a group of senior boys looking to make her a victim. But the boys don't know that Veronica's been trained to handle herself in surprisingly lethal ways.","Action, Drama, Thriller"
The Book of Life,"The journey of Manolo, a young man who is torn between fulfilling the expectations of his family and following his heart. Before choosing which path to follow, he embarks on an incredible adventure that spans three fantastical worlds where he must face his greatest fears.","Animation, Adventure, Comedy, Family, Fantasy"
Svaha: The Sixth Finger,"Pastor Park, the head of a religious investigation center that exposes cults and cult leaders, begins looking into a suspicious new religion called Deer Mount.","Horror, Mystery, Thriller, Crime"
Deadwood: The Movie,"Follow the 10-year reunion of the Deadwood camp to celebrate South Dakota's statehood. Former rivalries are reignited, alliances are tested and old wounds are reopened, as all are left to navigate the inevitable changes that modernity and time have wrought.","Western, Drama"
The Prodigy,A mother concerned about her young son's disturbing behavior thinks something supernatural may be affecting him.,"Horror, Thriller"
Brightburn,"What if a child from another world crash-landed on Earth, but instead of becoming a hero to mankind, he proved to be something far more sinister?","Horror, Science Fiction, Thriller, Mystery"
A Dog's Journey,A dog finds the meaning of his own existence through the lives of the humans he meets.,"Family, Adventure, Drama"
The Golden Glove,A serial killer strikes fear in the hearts of residents of Hamburg during the early 1970s.,"Crime, Thriller, Horror, Comedy"
Upgrade,"A brutal mugging leaves Grey Trace paralyzed in the hospital and his beloved wife dead. A billionaire inventor soon offers Trace a cure — an artificial intelligence implant called STEM that will enhance his body. Now able to walk, Grey finds that he also has superhuman strength and agility — skills he uses to seek revenge against the thugs who destroyed his life.","Action, Thriller, Science Fiction"
Shaft,"JJ, aka John Shaft Jr., may be a cyber security expert with a degree from MIT, but to uncover the truth behind his best friend’s untimely death, he needs an education only his dad can provide. Absent throughout JJ’s youth, the legendary locked-and-loaded John Shaft agrees to help his progeny navigate Harlem’s heroin-infested underbelly.","Action, Crime, Comedy, Mystery"
To All the Boys I've Loved Before,Lara Jean's love life goes from imaginary to out of control when her secret letters to every boy she's ever fallen for are mysteriously mailed out.,"Comedy, Romance"
Beautiful Boy,"After he and his first wife separate, journalist David Sheff struggles to help their teenage son, who goes from experimenting with drugs to becoming devastatingly addicted to methamphetamine.",Drama
Insidious,"A family discovers that dark spirits have invaded their home after their son inexplicably falls into an endless sleep. When they reach out to a professional for help, they learn things are a lot more personal than they thought.","Horror, Thriller"
A Nightmare on Elm Street,"The film that brings back horror icon Freddy Krueger as a darker and more sinister character than ever before. While Freddy is on the prowl, a group of teenagers being stalked soon learn they all have a common factor making them targets for this twisted killer.","Horror, Mystery, Thriller"
A Dog's Way Home,"The adventure of Bella, a dog who embarks on an epic 400-mile journey home after she is separated from her beloved human.","Drama, Adventure, Family"
Operation Finale,"In 1960, a team of Israeli secret agents is deployed to find Adolf Eichmann, the infamous Nazi architect of the Holocaust, supposedly hidden in Argentina, and get him to Israel to be judged.","Drama, History, Thriller"
American Animals,"Lexington, Kentucky, 2004. Four young men attempt to execute one of the most audacious art heists in the history of the United States.","Drama, Crime, Documentary"
The Purity of Vengeance,"Copenhagen, 2018. A frightening discovery is made in an old apartment. The subsequent investigation of Department Q leads them to an infamous institution for girls that was suddenly closed in the early sixties.","Crime, Thriller, Mystery, Drama"
Tag,"For one month every year, five highly competitive friends hit the ground running in a no-holds-barred game of tag they’ve been playing since the first grade. This year, the game coincides with the wedding of their only undefeated player, which should finally make him an easy target. But he knows they’re coming...and he’s ready.","Comedy, Action"
White Boy Rick,"The story of Richard Wershe Jr., a teenager who became an undercover informant for the police during the 1980s, and was ultimately arrested for drug trafficking and sentenced to life in prison.","Crime, Drama"
Hotel Artemis,"Los Angeles, June 21st, 2028. While the streets are being torn apart by riots, the Nurse, who runs a clandestine hospital for criminals in the penthouse of the Artemis, a closed old hotel, has a rough night dealing with troublemaker clients: thieves, assassins, someone from the past and the one who owns the place and the whole city.","Thriller, Science Fiction, Action, Crime, Drama"
Ideal Home,A couple is going through marital troubles made worse when a previously unknown grandson shows up.,"Comedy, Drama"
The Santa Claus Gang,"On Christmas Eve, three friends dressed as Santa Claus are arrested in what looks like an attempted burglary and charged with being the infamous ""Santa Claus Gang"". While trying to prove their innocence to the police, the trio explains why they found themselves in such a strange situation...",Comedy
Four Lions,"Four Lions tells the story of a group of British jihadists who push their abstract dreams of glory to the breaking point. As the wheels fly off, and their competing ideologies clash, what emerges is an emotionally engaging (and entirely plausible) farce.","Comedy, Crime, Drama"
Wrong Turn 2: Dead End,Retired military commander Colonel Dale Murphy hosts the simulated post-apocalyptic reality show where participants are challenged to survive a remote West Virginia wasteland. But the show turns into a nightmarish showdown when each realizes they are being hunted by an inbred family of cannibals determined to make them all dinner!,"Horror, Thriller"
Thir13en Ghosts,"Arthur and his two children inherit his uncle's estate: a glass house that serves as a prison to twelve ghosts. When the family, accompanied by a nanny and an attorney, enter the house they find themselves trapped inside an evil machine 'designed by the Devil and powered by the dead' to open the Eye of Hell. Aided by a ghost hunter and his rival, a ghost rights activist out to set the ghosts free, the group must do what they can to get out of the house alive.","Horror, Thriller"
Jumper,"David Rice is a man who knows no boundaries, a Jumper, born with the uncanny ability to teleport instantly to anywhere on Earth. When he discovers others like himself, David is thrust into a dangerous and bloodthirsty war while being hunted by a sinister and determined group of zealots who have sworn to destroy all Jumpers. Now, David’s extraordinary gift may be his only hope for survival!","Action, Adventure, Science Fiction"
Hostel: Part II,"Three American college students studying abroad are lured to a Slovakian hostel, and discover the grim reality behind it.",Horror
Some Like It Hot,"Two musicians witness a mob hit and struggle to find a way out of the city before they are found by the gangsters. Their only opportunity is to join an all-girl band as they leave on a tour. To make their getaway they must first disguise themselves as women, then keep their identities secret and deal with the problems this brings - such as an attractive bandmate and a very determined suitor.","Comedy, Romance, Crime"
Gonjiam: Haunted Asylum,"The crew of a horror web series travels to an abandoned asylum for a live broadcast, but they encounter much more than expected as they move deeper inside the nightmarish old building.","Horror, Mystery"
Deep Blue Sea 2,"When shark conservationist Dr. Misty Calhoun is invited to consult on a top-secret project run by pharmaceutical billionaire Carl Durant, she is shocked to learn that the company is using unpredictable and highly aggressive bull sharks as its test subjects, which soon break loose and cause havoc.","Action, Horror, Science Fiction"
24 Hours to Live,An assassin seeks redemption after being given a second chance at life.,"Action, Science Fiction, Thriller, Mystery"
Hellraiser: Judgment,"Three detectives trying to stop a diabolical serial killer are sucked into a maze of otherworldly horror, where hellish denizens including the Auditor, the Assessor, and the Jury await to pass judgment.","Horror, Thriller"
Blockers,"When three parents discover that each of their daughters have a pact to lose their virginity at prom, they launch a covert one-night operation to stop the teens from sealing the deal.",Comedy
The Snowman,Detective Harry Hole investigates the disappearance of a woman whose pink scarf is found wrapped around an ominous looking snowman.,"Crime, Thriller, Mystery, Horror"
Thank You for Your Service,"A group of U.S. soldiers returning from Iraq struggle to integrate back into family and civilian life, while living with the memory of a war that threatens to destroy them long after they've left the battlefield.","Drama, War"
The House,"When Scott and Kate Johansen’s daughter gets into the college of her dreams it’s cause for celebration. That is, until Scott and Kate learn that the scholarship they were counting on didn’t come through, and they’re now on the hook for tuition they can’t begin to afford. With the help of their friend and neighbor Frank also in need of a major payday they decide to open an illegal casino in his suburban house, risking everything together on a Vegas-style bacchanal where money flows, inhibitions are checked at the door, and all bets are off.",Comedy
Shot Caller,A newly-released prison gangster is forced by the leaders of his gang to orchestrate a major crime with a brutal rival gang on the streets of Southern California.,"Crime, Drama, Thriller"
Amityville: The Awakening,"Belle, her little sister, and her comatose twin brother move into a new house with their single mother in order to save money to help pay for her brother's expensive healthcare. But when strange phenomena begin to occur including the miraculous recovery of her brother, Belle begins to suspect her mother isn't telling her everything and soon learns they moved into the infamous Amityville house.","Horror, Thriller"
The Outsider,A former American G.I. joins a yakuza family after his release from prison in post-World War II Osaka.,"Crime, Drama, Mystery"
Train,"After a night of wild partying and missing their train, the group of students is invited to board another which happens to be heading their way. Once on board, members of the team begin to go missing, and their would-be saviors claim to have no idea what could have happened to them... When they discover the truth, it is too late to escape and they must fight for their lives against their captors to put an end to their ride to hell.","Horror, Thriller"
Powder Blue,"On the gritty streets of LA, the destinies of four people desperate for connection and redemption are about to collide.",Drama
Harakiri,"Down-on-his-luck veteran Tsugumo Hanshirō enters the courtyard of the prosperous House of Iyi. Unemployed, and with no family, he hopes to find a place to commit seppuku—and a worthy second to deliver the coup de grâce in his suicide ritual. The senior counselor for the Iyi clan questions the ronin’s resolve and integrity, suspecting Hanshirō of seeking charity rather than an honorable end. What follows is a pair of interlocking stories which lay bare the difference between honor and respect, and promises to examine the legendary foundations of the Samurai code.","Action, Drama, History"
Final Destination 2,"When Kimberly has a violent premonition of a highway pileup she blocks the freeway, keeping a few others meant to die, safe...Or are they? The survivors mysteriously start dying and it's up to Kimberly to stop it before she's next.","Horror, Mystery"
Final Destination 3,"High school senior Wendy's premonition of a deadly rollercoaster ride saves her life and a lucky few, but not from death itself — which seeks out those who escaped their fate.","Horror, Mystery"
Nobody Knows,"In a small Tokyo apartment, twelve-year-old Akira must care for his younger siblings after their mother leaves them and shows no sign of returning.",Drama
Kiss of the Dragon,"Liu Jian, an elite Chinese police officer, comes to Paris to arrest a Chinese drug lord. When Jian is betrayed by a French officer and framed for murder, he must go into hiding and find new allies.","Action, Crime, Thriller"
Secret Window,"Mort Rainey, a writer just emerging from a painful divorce with his ex-wife, is stalked at his remote lake house by a psychotic stranger and would-be scribe who claims Rainey swiped his best story idea. But as Rainey endeavors to prove his innocence, he begins to question his own sanity.","Mystery, Thriller"
The Talented Mr. Ripley,"Tom Ripley is a calculating young man who believes it's better to be a fake somebody than a real nobody. Opportunity knocks in the form of a wealthy U.S. shipbuilder who hires Tom to travel to Italy to bring back his playboy son, Dickie. Ripley worms his way into the idyllic lives of Dickie and his girlfriend, plunging into a daring scheme of duplicity, lies and murder.","Thriller, Crime, Drama"
The Autopsy of Jane Doe,"Father and son coroners receive a mysterious unidentified corpse with no apparent cause of death. As they attempt to examine the ""Jane Doe,"" they discover increasingly bizarre clues that hold the key to her terrifying secrets.","Horror, Mystery"
Outbreak,"A deadly airborne virus finds its way into the USA and starts killing off people at an epidemic rate. Col. Sam Daniels' job is to stop the virus spreading from a small town, which must be quarantined, and to prevent an over reaction by the White House.","Action, Drama, Science Fiction, Thriller"
Mission to Mars,"When contact is lost with the crew of the first Mars expedition, a rescue mission is launched to discover their fate.","Science Fiction, Adventure, Thriller"
Stranger Than Fiction,Harold Crick is a lonely IRS agent whose mundane existence is transformed when he hears a mysterious voice narrating his life.,"Comedy, Drama, Fantasy, Romance"
The Lives of Others,"In 1983 East Berlin, dedicated Stasi officer Gerd Wiesler begins spying on a famous playwright and his actress-lover Christa-Maria. Wiesler becomes unexpectedly sympathetic to the couple, and faces conflicting loyalties when his superior takes a liking to Christa-Maria.","Drama, Thriller"
Mission to Mars,"When contact is lost with the crew of the first Mars expedition, a rescue mission is launched to discover their fate.","Science Fiction, Adventure, Thriller"
Stranger Than Fiction,Harold Crick is a lonely IRS agent whose mundane existence is transformed when he hears a mysterious voice narrating his life.,"Comedy, Drama, Fantasy, Romance"
The Lives of Others,"In 1983 East Berlin, dedicated Stasi officer Gerd Wiesler begins spying on a famous playwright and his actress-lover Christa-Maria. Wiesler becomes unexpectedly sympathetic to the couple, and faces conflicting loyalties when his superior takes a liking to Christa-Maria.","Drama, Thriller"
Security,"An ex-special services veteran, down on his luck and desperate for work, takes a job as a security guard at a run-down mall in a rough area of town. On his first night on the job, he opens the door to a distraught and desperate young girl who has fled the hijacking of a Police motorcade that was transporting her to testify as a witness in a trial. Hot on her heels is the psychopathic hijacker and his team of henchmen, who will stop at nothing to extract and eliminate the witness.","Action, Thriller, Crime"
Pandora,"When an earthquake hits a Korean village housing a run-down nuclear power plant, a man risks his life to save the country from imminent disaster.","Thriller, Drama, Action"
I Don't Feel at Home in This World Anymore,"When a depressed woman is burglarized, she finds a new sense of purpose by tracking down the thieves alongside her obnoxious neighbor. But they soon find themselves dangerously out of their depth against a pack of degenerate criminals.","Thriller, Drama, Crime, Comedy"
CHiPS,The adventures of two California Highway Patrol motorcycle officers as they make their rounds on the freeways of Los Angeles.,"Action, Comedy, Crime"
Teen Titans: The Judas Contract,Tara Markov is a girl who has power over earth and stone; she is also more than she seems. Is the newest Teen Titan an ally or a threat? And what are the mercenary Deathstroke's plans for the Titans?,"Science Fiction, Animation, Action, Adventure, Crime, Drama, Fantasy"
Justice League Dark,"When innocent civilians begin committing unthinkable crimes across Metropolis, Gotham City and beyond, Batman must call upon mystical counterparts to eradicate this demonic threat to the planet; enter Justice League Dark. This team of Dark Arts specialists must unravel the mystery of Earth's supernatural plague and contend with the rising, powerful villainous forces behind the siege—before it's too late for all of mankind.","Animation, Action, Adventure, Fantasy, Horror, Science Fiction"
Dangal,"Dangal is an extraordinary true story based on the life of Mahavir Singh and his two daughters, Geeta and Babita Phogat. The film traces the inspirational journey of a father who trains his daughters to become world class wrestlers.","Drama, Family, Comedy"
Free Fire,"Set in Boston in 1978, a meeting in a deserted warehouse between two gangs turns into a shoot-out and a game of survival.","Action, Crime, Mystery"
Brimstone,"In the menacing inferno of the old North-American West, Liz is a genuine survivor who is hunted by a vengeful preacher for a crime she didn’t commit.","Thriller, Western"
The Boy,"A young American woman takes a job as a nanny in a remote English village, soon discovering that the family's eight-year-old son is a life-sized doll that comes with a list of strict rules.","Horror, Mystery, Thriller"
Florence Foster Jenkins,"The story of Florence Foster Jenkins, a New York heiress, who dreamed of becoming an opera singer, despite having a terrible singing voice.","Comedy, Drama"
The Zookeeper's Wife,"The account of keepers of the Warsaw Zoo, Jan and Antonina Zabinski, who helped save hundreds of people and animals during the Nazi invasion.","Drama, History, War"
On Golden Pond,"For Norman and Ethel Thayer, this summer on golden pond is filled with conflict and resolution. When their daughter Chelsea arrives, the family is forced to renew the bonds of love and overcome the generational friction that has existed for years.","Drama, Romance"
Tango & Cash,"Ray Tango and Gabriel Cash are two successful narcotics detectives who can't stand each other. Crime lord Yves Perret, furious at the loss of income they have caused him, plots an elaborate revenge against them.","Action, Thriller, Comedy, Drama, Crime"
Double Impact,"Jean Claude Van Damme plays a dual role as Alex and Chad, twins separated at the death of their parents. Chad is raised by a family retainer in Paris, Alex becomes a petty crook in Hong Kong. Seeing a picture of Alex, Chad rejoins him and convinces him that his rival in Hong Kong is also the man who killed their parents. Alex is suspicious of Chad, especially when it comes to his girlfriend.","Thriller, Action, Crime, Drama"
Dazed and Confused,"The adventures of a group of Texas teens on their last day of school in 1976, centering on student Randall Floyd, who moves easily among stoners, jocks and geeks. Floyd is a star athlete, but he also likes smoking weed, which presents a conundrum when his football coach demands he sign a ""no drugs"" pledge.","Comedy, Drama"
Double Trouble,A stuntman and a saxophonist stand in for two billionaires threatened by killers.,"Action, Comedy"
Double Trouble,A stuntman and a saxophonist stand in for two billionaires threatened by killers.,"Action, Comedy"
Naked Lunch,"Blank-faced bug killer Bill Lee and his dead-eyed wife, Joan, like to get high on Bill's pest poisons while lounging with Beat poet pals. After meeting the devilish Dr. Benway, Bill gets a drug made from a centipede. Upon indulging, he accidentally kills Joan, takes orders from his typewriter-turned-cockroach, ends up in a constantly mutating Mediterranean city and learns that his hip friends have published his work -- which he doesn't remember writing.","Crime, Drama"
Dead Man,"William Blake, an accountant turned fugitive, is on the run. During his travels, he meets a Native American man called Nobody, who guides him on a journey to the spiritual world.","Drama, Fantasy, Western"
Skin Trade,After his family is killed by a Serbian gangster with international interests. NYC detective Nick goes to S.E. Asia and teams up with a Thai detective to get revenge and destroy the syndicates human trafficking network.,"Thriller, Action, Drama, Crime"
Brick Mansions,"In a dystopian Detroit, grand houses that once housed the wealthy are now homes of the city's most-dangerous criminals. Surrounding the area is a giant wall to keep the rest of Detroit safe. For undercover cop Damien Collier, every day is a battle against corruption as he struggles to bring his father's killer, Tremaine, to justice. Meanwhile, Damien and an ex-con named Lino work together to save the city from a plot to destroy it.","Action, Crime, Drama"
If I Stay,"Mia Hall, a talented young cellist, thought the most difficult decision she would ever have to make would be whether to pursue her musical dreams at prestigious Juilliard or follow her heart to be with the love of her life, Adam, a rock singer/guitarist. However, a car wreck changes everything in an instant, and now Mia's life hangs in the balance. Suspended between life and death, Mia faces a choice that will decide her future.",Drama
"Love, Rosie","Since the moment they met at age 5, Rosie and Alex have been best friends, facing the highs and lows of growing up side by side. A fleeting shared moment, one missed opportunity, and the decisions that follow send their lives in completely different directions. As each navigates the complexities of life, love, and everything in between, they always find their way back to each other - but is it just friendship, or something more?","Romance, Drama, Comedy"
13 Sins,"Drowning in debt as he's about to get married, a bright but meek salesman receives a mysterious phone call informing him that he's on a hidden-camera game show where he must execute 13 tasks to receive a multi-million dollar cash prize.","Horror, Thriller"
The Package,A courier for a local crime lord must deliver a mysterious package while being chased by a horde of unusual gangsters.,Action
Quarantine 2: Terminal,A plane is taken over by a mysterious virus. When the plane lands it is placed under quarantine. Now a group of survivors must band together to survive the quarantine.,"Horror, Mystery, Science Fiction"
The Secret Life of Bees,"Set in South Carolina in 1964, this is the tale of Lily Owens a 14 year-old girl who is haunted by the memory of her late mother. To escape her lonely life and troubled relationship with her father, Lily flees with Rosaleen, her caregiver and only friend, to a South Carolina town that holds the secret to her mother's past.","Family, Adventure, Drama"
Sharknado,"A freak hurricane hits Los Angeles, causing man-eating sharks to be scooped up in tornadoes and flooding the city with shark-infested seawater. Surfer and bar-owner Fin sets out with his friends Baz and Nova to rescue his estranged wife April and teenage daughter Claudia.","Science Fiction, Action, Comedy, Horror, TV Movie"
Assault on Wall Street,"Jim is an average New Yorker living a peaceful life with a well paying job and a loving family. Suddenly, everything changes when the economy crashes causing Jim to lose everything. Filled with anger and rage, Jim snaps and goes to extreme lengths to seek revenge for the life taken from him.","Drama, Thriller, Action"
The Physician,"England, 1021. Rob Cole, a boy born in a miserable mining town, swears to become a physician and vanquish disease and death. His harsh path of many years, a quest for knowledge besieged by countless challenges and sacrifices, leads him to the remote Isfahan, in Persia, where he meets Ibn Sina, the greatest healer of his time.","Adventure, Drama, History"
"Batman: The Dark Knight Returns, Part 2",Batman has stopped the reign of terror that The Mutants had cast upon his city.  Now an old foe wants a reunion and the government wants The Man of Steel to put a stop to Batman.,"Science Fiction, Action, Animation, Mystery"
Barbie: The Princess & the Popstar,"Tori is a blonde princess who is bored of living her royal life, and has dreams of becoming a popstar. Keira, on the other hand, is a brunette popstar who dreams of being a princess. When the two meet, they magically trade places, but after realising it is best to be themselves.","Family, Animation"
Wrong Turn 5: Bloodlines,"A small West Virginia town is hosting the legendary Mountain Man Festival on Halloween, where throngs of costumed party goers gather for a wild night of music and mischief. But an inbred family of hillbilly cannibals kill the fun when they trick and treat themselves to a group of visiting college students.","Horror, Thriller"
The Possession,"A young girl buys an antique box at a yard sale, unaware that inside the collectible lives a malicious ancient spirit. The girl's father teams with his ex-wife to find a way to end the curse upon their child.","Horror, Thriller"
Justice League: Doom,"An adaptation of Mark Waid's ""Tower of Babel"" story from the JLA comic. Vandal Savage steals confidential files Batman has compiled on the members of the Justice League, and learns all their weaknesses.","Action, Animation, Science Fiction, Fantasy"
The Vow,"Happy young married couple Paige and Leo are, well, happy. Then a car accident puts Paige into a life-threatening coma. Upon awakening she has lost the previous five years of memories, including those of her beloved Leo, her wedding, a confusing relationship with her parents, or the ending of her relationship with her ex-fiance. Despite these complications, Leo endeavors to win her heart again and rebuild their marriage.","Drama, Romance"
Wrong Turn 4: Bloody Beginnings,"A group of friends take refuge in a deserted sanatorium after they are left stranded in a snowstorm. Later, the place becomes a death trap when man-eating cannibals surround them.","Horror, Thriller"
Silent Hill: Revelation 3D,"Heather Mason and her father have been on the run, always one step ahead of dangerous forces that she doesn't fully understand, Now on the eve of her 18th birthday, plagued by horrific nightmares and the disappearance of her father, Heather discovers she's not who she thinks she is. The revelation leads her deeper into a demonic world that threatens to trap her forever.","Thriller, Horror, Mystery"
The Three Musketeers,The hot-headed young D'Artagnan along with three former legendary but now down on their luck Musketeers must unite and defeat a beautiful double agent and her villainous employer from seizing the French throne and engulfing Europe in war.,"Adventure, Action, Thriller"
R.I.P.D.,A recently slain cop joins a team of undead police officers working for the Rest in Peace Department and tries to find the man who murdered him.,"Fantasy, Action, Comedy"
Devil,"A group of people are trapped in an elevator high above Philadelphia, and one of them is the devil.","Horror, Mystery, Thriller"
The Box,"Norma and Arthur Lewis, a suburban couple with a young child, receive a simple wooden box as a gift, which bears fatal and irrevocable consequences. A mysterious stranger delivers the message that the box promises to bestow upon its owner $1 million with the press of a button. However pressing this button will simultaneously cause the death of another human being somewhere in the world; someone they don't know. With just 24 hours to have the box in their possession, Norma and Arthur find themselves in the cross-hairs of a startling moral dilemma and must face the true nature of their humanity.","Thriller, Science Fiction"
I Love You Phillip Morris,"Steven Russell leads a seemingly average life – an organ player in the local church, happily married to Debbie, and a member of the local police force. That is until he has a severe car accident that leads him to the ultimate epiphany: he’s gay and he’s going to live life to the fullest – even if he has to break the law to do it. Taking on an extravagant lifestyle, Steven turns to cons and fraud to make ends meet and is eventually sent to the State Penitentiary where he meets the love of his life, a sensitive, soft-spoken man named Phillip Morris. His devotion to freeing Phillip from jail and building the perfect life together prompts him to attempt (and often succeed at) one impossible con after another.","Comedy, Crime, Drama, Romance"
The Reaping,"Katherine Morrissey, a former Christian missionary, lost her faith after the tragic deaths of her family. Now she applies her expertise to debunking religious phenomena. When a series of biblical plagues overrun a small town, Katherine arrives to prove that a supernatural force is not behind the occurrences, but soon finds that science cannot explain what is happening. Instead, she must regain her faith to combat the evil that waits in a Louisiana swamp.",Horror
The Velvet Curtain,A frightened director is faced with the anticipation of his own film showing at the Los Angeles Film Festival that night and the technical difficulties that come with it.,"Drama, Comedy"
Superman/Batman: Apocalypse,"Batman discovers a mysterious teen-aged girl with superhuman powers and a connection to Superman. When the girl comes to the attention of Darkseid, the evil overlord of Apokolips, events take a decidedly dangerous turn.","Science Fiction, Action, Adventure, Animation"
Splice,"Elsa and Clive, two young rebellious scientists, defy legal and ethical boundaries and forge ahead with a dangerous experiment: splicing together human and animal DNA to create a new organism. Named ""Dren"", the creature rapidly develops from a deformed female infant into a beautiful but dangerous winged human-chimera, who forges a bond with both of her creators - only to have that bond turn deadly.","Horror, Science Fiction"
22 Bullets,A retired mobster goes on a revenge spree after being left for dead with 22 bullets in his body by his former childhood friend.,"Drama, Crime, Thriller"
Blade: Trinity,"For years, Blade has fought against the vampires in the cover of the night. But now, after falling into the crosshairs of the FBI, he is forced out into the daylight, where he is driven to join forces with a clan of human vampire hunters he never knew existed—The Nightstalkers. Together with Abigail and Hannibal, two deftly trained Nightstalkers, Blade follows a trail of blood to the ancient creature that is also hunting him—the original vampire, Dracula.","Action, Horror, Science Fiction"
Wrong Turn 3: Left for Dead,"A group of people find themselves trapped in the backwoods of West Virginia, fighting for their lives against a group of vicious and horribly disfigured inbred cannibals.","Horror, Thriller"
Sucker Punch,"A young woman, institutionalized by her abusive stepfather, retreats into a vivid fantasy world where she envisions a plan to escape. Gathering a group of fellow inmates, she embarks on a quest to collect five mystical items, blurring the lines between reality and imagination.","Action, Fantasy, Thriller"
The Fourth Kind,"Since the 1960s, a disproportionate number of the population in and around Nome, Alaska, have gone missing. Despite FBI investigations, the disappearances remain a mystery. Dr. Abigail Tyler, a psychologist, may be on the verge of blowing the unsolved cases wide open when, during the course of treating her patients, she finds evidence of alien abductions.","Mystery, Science Fiction, Thriller"
Jonah Hex,"Gunslinger Jonah Hex is appointed by President Ulysses Grant to track down terrorist Quentin Turnbull, a former Confederate officer determined on unleashing hell on earth. Jonah not only secures freedom by accepting this task, he also gets revenge on the man who slayed his wife and child.","Action, Western, Drama, Fantasy, Thriller"
Paul Blart: Mall Cop,"Mild-mannered Paul Blart has always had huge dreams of becoming a State Trooper. Until then, he patrols the local mall as a security guard. With his closely cropped moustache, personal transporter and gung-ho attitude, only Blart seems to take his job seriously. All that changes when a team of thugs raids the mall and takes hostages. Untrained, unarmed and a super-size target, Blart has to become a real cop to save the day.","Action, Adventure, Comedy, Family"
Whisper,Sinister things begin happening to kidnappers who are holding a young boy for ransom in a remote cabin.,"Horror, Thriller"
JCVD,"Between his tax problems and his legal battle with his wife for the custody of his daughter, these are hard times for the action movie star who finds that even Steven Seagal has pinched a role from him! This fictionalized version of Jean-Claude Van Damme returns to the country of his birth to seek the peace and tranquility he can no longer enjoy in the United States, but inadvertently gets involved in a bank robbery with hostages.","Drama, Action, Comedy, Crime"
The Fourth Kind,"Since the 1960s, a disproportionate number of the population in and around Nome, Alaska, have gone missing. Despite FBI investigations, the disappearances remain a mystery. Dr. Abigail Tyler, a psychologist, may be on the verge of blowing the unsolved cases wide open when, during the course of treating her patients, she finds evidence of alien abductions.","Mystery, Science Fiction, Thriller"
Jonah Hex,"Gunslinger Jonah Hex is appointed by President Ulysses Grant to track down terrorist Quentin Turnbull, a former Confederate officer determined on unleashing hell on earth. Jonah not only secures freedom by accepting this task, he also gets revenge on the man who slayed his wife and child.","Action, Western, Drama, Fantasy, Thriller"
Paul Blart: Mall Cop,"Mild-mannered Paul Blart has always had huge dreams of becoming a State Trooper. Until then, he patrols the local mall as a security guard. With his closely cropped moustache, personal transporter and gung-ho attitude, only Blart seems to take his job seriously. All that changes when a team of thugs raids the mall and takes hostages. Untrained, unarmed and a super-size target, Blart has to become a real cop to save the day.","Action, Adventure, Comedy, Family"
Whisper,Sinister things begin happening to kidnappers who are holding a young boy for ransom in a remote cabin.,"Horror, Thriller"
JCVD,"Between his tax problems and his legal battle with his wife for the custody of his daughter, these are hard times for the action movie star who finds that even Steven Seagal has pinched a role from him! This fictionalized version of Jean-Claude Van Damme returns to the country of his birth to seek the peace and tranquility he can no longer enjoy in the United States, but inadvertently gets involved in a bank robbery with hostages.","Drama, Action, Comedy, Crime"
Eden Lake,"When a young couple goes to a remote wooded lake for a romantic getaway, their quiet weekend is shattered by an aggressive group of local kids. Rowdiness quickly turns to rage as the teens terrorize the couple in unimaginable ways, and a weekend outing becomes a bloody battle for survival.","Horror, Thriller"
Punisher: War Zone,"Waging his one-man war on the world of organized crime, ruthless vigilante-hero Frank Castle sets his sights on overeager mob boss Billy Russoti. After Russoti is left horribly disfigured by Castle, he sets out for vengeance under his new alias: Jigsaw. With the ""Punisher Task Force"" hot on his trail and the FBI unable to take Jigsaw in, Frank must stand up to the formidable army that Jigsaw has recruited before more of his evil deeds go unpunished.","Action, Crime"
Porco Rosso,"In Italy in the 1930s, sky pirates in biplanes terrorize wealthy cruise ships as they sail the Adriatic Sea. The only pilot brave enough to stop the scourge is the mysterious Porco Rosso, a former World War I flying ace who was somehow turned into a pig during the war. As he prepares to battle the pirate crew's American ace, Porco Rosso enlists the help of spunky girl mechanic Fio Piccolo and his longtime friend Madame Gina.","Family, Comedy, Animation, Adventure"
Deck the Halls,"Determined to unseat Steve Finch's reign as the town's holiday season king, Buddy Hall plasters his house with so many decorative lights that it'll be visible from space! When their wives bond, and their kids follow suit, the two men only escalate their rivalry - and their decorating.","Comedy, Family"
The Hills Have Eyes 2,A group of National Guard trainees on a routine mission find themselves up against cannibalistic mutants in the New Mexico desert.,"Horror, Thriller"
The Mask of Zorro,"It has been twenty years since Don Diego de la Vega fought Spanish oppression in Alta California as the legendary romantic hero, Zorro. Having escaped from prison he transforms troubled bandit Alejandro into his successor, in order to foil the plans of the tyrannical Don Rafael Montero who robbed him of his freedom, his wife and his precious daughter.","Action, Adventure"
Green Street Hooligans,"After being wrongfully expelled from Harvard University, American Matt Buckner flees to his sister's home in England. Once there, he is befriended by her charming and dangerous brother-in-law, Pete Dunham, and introduced to the underworld of British football hooliganism. Matt learns to stand his ground through a friendship that develops against the backdrop of this secret and often violent world. 'Green Street Hooligans' is a story of loyalty, trust and the sometimes brutal consequences of living close to the edge.","Crime, Drama"
The Others,"Grace is a religious woman who lives in an old house kept dark because her two children, Anne and Nicholas, have a rare sensitivity to light. When the family begins to suspect the house is haunted, Grace fights to protect her children at any cost in the face of strange events and disturbing visions.","Horror, Mystery, Thriller"
The 13th Warrior,"A Muslim ambassador exiled from his homeland joins a group of Vikings, initially offended by their behavior but growing to respect them. As they travel together, they learn of a legendary evil closing in and must unite to confront this formidable force.","Adventure, History, Action"
Day of Anger,"A scruffy garbage boy becomes the pupil of famed gunfighter Talby, and the stage for confrontation is set when the gunman overruns the boy's town through violence and corruption.",Western
Blade II,"Blade forms an uneasy alliance with the vampire council in order to combat the Reapers, who are feeding on vampires.","Fantasy, Horror, Action, Thriller"
The Sheltering Sky,An American couple drift toward emptiness in postwar North Africa.,"Drama, Adventure"
Crossroads,"After eight years apart, three childhood friends - Lucy, Kit, and Mimi - rediscover their friendship on a cross-country trip. With barely a plan, practically no money but plenty of dreams, the girls catch a lift with Mimi's handsome friend Ben in his convertible. Along the way they not only gather experiences that will change their lives, but they also discover how important it is to hold onto their hearts' desires.","Drama, Romance, Comedy"
A Man Escaped,A captured French Resistance fighter during World War II engineers a daunting escape from prison.,"Drama, Thriller"
Barbie as The Princess & the Pauper,"In her first animated musical featuring seven original songs, Barbie comes to life in this modern re-telling of a classic tale of mistaken identity and the power of friendship. Based on the story by Mark Twain.","Animation, Family, Comedy"
Halloween H20: 20 Years Later,"Two decades after surviving a massacre on October 31, 1978, former baby sitter Laurie Strode finds herself hunted by persistent knife-wielder Michael Myers. Laurie now lives in Northern California under an assumed name, where she works as the headmistress of a private school. But it's not far enough to escape Myers, who soon discovers her whereabouts. As Halloween descends upon Laurie's peaceful community, a feeling of dread weighs upon her -- with good reason.","Horror, Thriller"
101 Dalmatians,"An evil, high-fashion designer plots to steal Dalmatian puppies in order to make an extravagant fur coat, but instead creates an extravagant mess.","Family, Comedy"
High Crimes,"A female attorney learns that her husband is really a marine officer awol for fifteen years and accused of murdering fifteen civilians in El Salvador. Believing her husband when he tells her that he's being framed as part of a U.S. Military cover-up, the attorney defends him in a military court.","Drama, Mystery, Thriller, Crime"
Halloween 4: The Return of Michael Myers,Michael returns to Haddonfield for Jamie Lloyd – the orphaned daughter of Laurie Strode – and her babysitter Rachel. Can Dr. Loomis stop him before the unholy slaughter reaches his innocent young niece?,"Horror, Thriller"
Wonder Boys,Grady is a 50-ish English professor who hasn't had a thing published in years—not since he wrote his award winning 'Great American Novel' 7 years ago. This weekend proves even worse than he could imagine as he finds himself reeling from one misadventure to another in the company of a new wonder boy author.,"Comedy, Drama"
Basic,"When a hurricane hits a US Army base on the edge of the Panama Canal, an elite covert operations team of US Army Rangers recruits are on a routine jungle training exercise that goes horribly awry. Only two recruits are rescued, one of which is badly injured, but both have different accounts regarding the fate of their leader, legendary and ruthless Army Ranger Drill Sergeant Nathan West, and the rest of their platoon. Tom Hardy, an ex-army Ranger turned maverick DEA agent is brought in to solve the mystery and uncover what really happened out there.","Action, Drama, Mystery, Thriller, Crime"
Hart's War,"When Col. William McNamara is stripped of his freedom in a German POW camp, he's determined to keep on fighting even from behind enemy lines. Enlisting the help of a young lieutenant in a brilliant plot against his captors, McNamara risks everything on a mission to free his men and change the outcome of the war.","Drama, War"
Dracula 2000,"When a team of techno-savvy thieves break into a high-security vault, they don't discover priceless works of art... they find a crypt unopened for 100 years.","Thriller, Horror, Action, Fantasy"
Double Jeopardy,"Libby Parsons, wrongly convicted for her husband Nick's murder, thinks he is still alive and wants to settle the score and find their son. As she has been tried for the crime, she cannot be re-prosecuted if she finds and kills Nick.","Drama, Thriller, Mystery"
D-Tox,A disgraced FBI agent with a drinking problem joins nine other troubled law enforcement officers at an isolated detox clinic in the wilds of Wyoming. But the therapeutic sanctuary becomes a nightmarish hellhole when a major snowstorm cuts off the clinic from the outside world and enables a killer on the inside to get busy.,"Thriller, Crime, Horror"
The Ring Two,"After the ordeal with Samara, Rachel and Aiden move to a rural town. But soon Rachel learns about the death of a girl in a similar fashion. To save Aiden, she must dig into Samara's past even further.","Drama, Horror, Thriller"
Urban Legends: Bloody Mary,"On a prom-night dare, a trio of high school friends chant an incantation, unleashing an evil spirit from the past with deadly consequences.","Horror, Thriller"
Sphere,"A spacecraft is discovered on the floor of the Pacific Ocean, presumed to be at least 300 years old and of alien origin. A crack team of scientists and experts is assembled and taken to the Habitat, a state-of-the-art underwater living environment, to investigate.","Science Fiction, Mystery, Thriller, Horror"
Lake Placid,"When a man is eaten alive by an unknown creature, the local Game Warden teams up with a paleontologist from New York to find the beast. Add to the mix an eccentric philanthropist with a penchant for ""Crocs"", and here we go! This quiet, remote lake is suddenly the focus of an intense search for a crocodile with a taste for live animals...and people!","Horror, Comedy, Action, Science Fiction, Thriller"
Ring 0,"Taking place thirty years before the events of Ringu, Ringu 0 provides the shocking background story of how the girl on the video became a deadly, vengeful spirit.","Horror, Thriller, Drama"
Ring 2,"While investigating the horrifying death of her boyfriend, Mai Takano learns about a videotape haunted by the spirit of a disturbing girl named Sadako, which kills anyone who watches it exactly one week later. When her boyfriend’s son, Yoichi, starts to develop the same psychic abilities as Sadako, Takano must find a way to keep the boy and herself from becoming the next victims.","Horror, Mystery, Science Fiction"
Ghost Ship,"After discovering a passenger ship missing since 1962 floating adrift on the Bering Sea, salvagers claim the vessel as their own. Once they begin towing the ghost ship towards harbor, a series of bizarre occurrences happen and the group becomes trapped inside the ship, which they soon learn is inhabited by a demonic creature.","Horror, Mystery, Thriller"
Half Baked,"Three lovable party buds try to bail their friend out of jail. But just when the guys have mastered a plan, everything comes dangerously close to going up in smoke.","Comedy, Crime"
Red Planet,"Astronauts search for solutions to save a dying Earth by searching on Mars, only to have the mission go terribly awry.","Thriller, Action, Science Fiction"
The Punisher,"When undercover FBI agent Frank Castle's wife and son are slaughtered, he becomes 'the Punisher' -- a ruthless vigilante willing to go to any length to avenge his family.","Action, Crime, Drama"
Wet Hot American Summer,"The setting is Camp Firewood, the year 1981. It's the last day before everyone goes back to the real world, but there's still a summer's worth of unfinished business to resolve. At the center of the action is camp director Beth, who struggles to keep order while she falls in love with the local astrophysics professor. He is busy trying to save the camp from a deadly piece of NASA's Skylab which is hurtling toward earth. All that, plus: a dangerous waterfall rescue, love triangles, misfits, cool kids, and talking vegetable cans. The questions will all be resolved, of course, at the big talent show at the end of the day.",Comedy
Along Came a Spider,"After the harrowing death of his partner, forensic psychologist and best-selling author Alex Cross cannot forgive himself and has retreated to the peace of retirement. But when a brilliant criminal kidnaps a senator's young daughter, he is lured back into action as the kidnapper wants to deal with Alex personally. Teamed with Jezzie Flanigan, the Secret Service agent assigned to protect the missing girl, Alex follows a serpentine trail of clues that leads him to a stunning discovery - the kidnapper wants more than just ransom.","Crime, Mystery, Thriller, Action"
Hostage,"When a mafia accountant is taken hostage on his beat, a police officer – wracked by guilt from a prior stint as a negotiator – must negotiate the standoff, even as his own family is held captive by the mob.","Action, Thriller, Crime"
The Magnificent Seven,An oppressed Mexican peasant village hires seven gunfighters to help defend their homes.,"Western, Action, Adventure"
Gentlemen Prefer Blondes,"Lorelei Lee is a beautiful showgirl engaged to be married to the wealthy Gus Esmond, much to the disapproval of Gus' rich father, Esmond Sr., who thinks that Lorelei is just after his money. When Lorelei goes on a cruise accompanied only by her best friend, Dorothy Shaw, Esmond Sr. hires Ernie Malone, a private detective, to follow her and report any questionable behavior that would disqualify her from the marriage.","Comedy, Romance"
Munich,"During the 1972 Olympic Games in Munich, eleven Israeli athletes are taken hostage and murdered by a Palestinian terrorist group known as Black September. In retaliation, the Israeli government recruits a group of Mossad agents to track down and execute those responsible for the attack.","Drama, Action, History, Thriller"
Broken Flowers,"As the devoutly single Don Johnston is dumped by his latest girlfriend, he receives an anonymous pink letter informing him that he has a son who may be looking for him.","Comedy, Drama, Mystery, Romance"
Terror Train,A masked killer targets six college kids responsible for a prank gone wrong three years earlier and who are currently throwing a large New Year's Eve costume party aboard a moving train.,"Horror, Thriller"
Hello Mary Lou: Prom Night II,"When Hamilton High’s Prom Queen of 1957, Mary Lou Maloney is killed by her jilted boyfriend, she comes back for revenge thirty years later.","Horror, Fantasy, Thriller"
Prom Night,"At a high school senior prom, a masked killer stalks four teenagers who were responsible for the accidental death of a classmate six years prior.","Horror, Mystery, Thriller"
Zombie Flesh Eaters 2,"When a terrorist's body, infected with a stolen chemical, is recovered by the US military, the corpse is cremated, unintentionally releasing a virus and bacteria into the atmosphere over a small island.","Horror, Action, Science Fiction"
Sleepaway Camp II: Unhappy Campers,"Angela Baker escapes from a mental hospital and surfaces at a summer camp as a counselor who lectures her teenage charges on proper moral behavior. Those teens who break her strict rules -- from the camp chatterbox or a sex-obsessed girl to the boys who are peeping Toms -- are murdered by the impostor in various gruesome ways. As more campers go missing, intrepid counselor Molly begins to piece together the truth.","Comedy, Horror"
To Live,"Fugui and Jiazhen endure tumultuous events in China as their personal fortunes move from wealthy landownership to peasantry. Addicted to gambling, Fugui loses everything. In the years that follow he is pressed into both the nationalist and communist armies, while Jiazhen is forced into menial work.","Drama, Romance, War"
A Cat in the Brain,"The master of Italian horror, Lucio Fulci, stars as... Lucio Fulci, a filmmaker with a reputation for gruesome horror films. His body of work has started to plague his mental state, and he is haunted by the grotesque set-pieces his mind has conjured up during his career. His psychiatrist, Egon Schwarz, uses a hypnotised Fulci as an avatar to carry out his own disturbed fantasies, in hopes of ruining the master’s reputation once and for all.","Horror, Comedy"
Tenebre,"A razor-wielding serial killer is on the loose, murdering those around Peter Neal, an American mystery author in Italy to promote his newest novel.","Thriller, Horror, Mystery"
The Psychic,A woman with psychic powers has a vision of a murder that took place in a house owned by her husband.,"Mystery, Thriller, Horror"
Maniac,"A psychotic man, troubled by his childhood abuse, loose in NYC, kills young women and local girl American models and takes their scalps as trophies.",Horror
Shock Waves,Visitors to a remote island discover that a reclusive Nazi commandant has been breeding a group of zombie soldiers.,"Horror, Science Fiction, War"
Xtro,"Tony's father Sam, abducted by aliens three years earlier, returns to earth and seeks out his wife and son, but Rachel has since been living with Joe and the reunion is awkward. Joe doesn't trust Sam, and Rachel can't quite decide what her feelings are for her two men. Sam is not the same as when he left, and he begins affecting Tony in frightening ways.","Science Fiction, Horror"
Drive,"A prototype enhanced human, on the run from Chinese-hired hit men, hooks up with a dread-locked bystander, and the two of them elude their pursuers narrowly each time.","Action, Adventure, Science Fiction, Comedy"
To Live,"Fugui and Jiazhen endure tumultuous events in China as their personal fortunes move from wealthy landownership to peasantry. Addicted to gambling, Fugui loses everything. In the years that follow he is pressed into both the nationalist and communist armies, while Jiazhen is forced into menial work.","Drama, Romance, War"
A Cat in the Brain,"The master of Italian horror, Lucio Fulci, stars as... Lucio Fulci, a filmmaker with a reputation for gruesome horror films. His body of work has started to plague his mental state, and he is haunted by the grotesque set-pieces his mind has conjured up during his career. His psychiatrist, Egon Schwarz, uses a hypnotised Fulci as an avatar to carry out his own disturbed fantasies, in hopes of ruining the master’s reputation once and for all.","Horror, Comedy"
Tenebre,"A razor-wielding serial killer is on the loose, murdering those around Peter Neal, an American mystery author in Italy to promote his newest novel.","Thriller, Horror, Mystery"
The Psychic,A woman with psychic powers has a vision of a murder that took place in a house owned by her husband.,"Mystery, Thriller, Horror"
Maniac,"A psychotic man, troubled by his childhood abuse, loose in NYC, kills young women and local girl American models and takes their scalps as trophies.",Horror
Shock Waves,Visitors to a remote island discover that a reclusive Nazi commandant has been breeding a group of zombie soldiers.,"Horror, Science Fiction, War"
Xtro,"Tony's father Sam, abducted by aliens three years earlier, returns to earth and seeks out his wife and son, but Rachel has since been living with Joe and the reunion is awkward. Joe doesn't trust Sam, and Rachel can't quite decide what her feelings are for her two men. Sam is not the same as when he left, and he begins affecting Tony in frightening ways.","Science Fiction, Horror"
Drive,"A prototype enhanced human, on the run from Chinese-hired hit men, hooks up with a dread-locked bystander, and the two of them elude their pursuers narrowly each time.","Action, Adventure, Science Fiction, Comedy"
Rolling Thunder,"A Vietnam veteran, Charles Rane, returns home after years in a POW camp and is treated as a hero. He has a hard time adjusting, and things go badly. A movie about the walking dead, before that meant just flesh-eating zombies.","Action, Drama, Crime, Thriller"
The Reflecting Skin,"A young boy tries to cope with rural life circa 1950s and his fantasies become a way to interpret events. After his father tells him stories of vampires, he becomes convinced that the widow up the road is a vampire, and tries to find ways of discouraging his brother from seeing her.","Drama, Thriller, Horror"
Deep Red,"An English pianist living in Rome witnesses the brutal murder of his psychic neighbor. With the help of a tenacious young reporter, he tries to discover the killer using very unconventional methods. The two are soon drawn into a shocking web of dementia and violence.","Horror, Mystery, Thriller"
The Mechanic,"Arthur Bishop is a veteran hit man who, owing to his penchant for making his targets' deaths seem like accidents, thinks himself an artist. It's made him very rich, but as he hits middle age, he's so depressed and lonely that he takes on one of his victim's sons, Steve McKenna, as his apprentice. Arthur puts him through a rigorous training period and brings him on several hits. As Steven improves, Arthur worries that he'll discover who killed his father.","Action, Thriller"
Grey Gardens,"Edie Bouvier Beale and her mother, Edith, two aging, eccentric relatives of Jackie Kennedy Onassis, are the sole inhabitants of a Long Island estate. The women reveal themselves to be misfits with outsized, engaging personalities. Much of the conversation is centered on their pasts, as mother and daughter now rarely leave home.",Documentary
The Toxic Avenger,"A gang of thugs devise a cruel hoax that goes horribly wrong as Melvin, a nerdy emaciated janitor at the local health club, is cast through a third story window into a vat of hazardous toxic waste.","Comedy, Horror, Science Fiction, Action"
Batman: Mask of the Phantasm,"Andrea Beaumont leaves her father to return to Gotham, rekindling an old romance with Bruce Wayne. At the same time, a mysterious figure begins to hunt down Gotham's criminals, wrongly implicating Batman in the murders. Now on the run from the law, Batman must find and stop the culprit, while also navigating his relationship with Andrea.","Action, Animation, Crime, Mystery, Drama"
The Funhouse,"Rebellious teen Amy defies her parents by going to a trashy carnival that has pulled into town. In tow are her boyfriend, Buzz, and their friends Liz  and Richie. Thinking it would be fun to spend the night in the campy ""Funhouse"" horror ride, the teens witness a murder by a deformed worker wearing a mask. Locked in, Amy and her friends must evade the murderous carnival workers and escape before it leaves town the next day.",Horror
Southern Comfort,"A squad of National Guards on an isolated weekend exercise in the Louisiana swamp must fight for their lives when they anger local Cajuns by stealing their canoes. Without live ammunition and in a strange country, their experience begins to mirror the Vietnam experience.","Thriller, Action"
The Hills Have Eyes,"Taking an ill-advised detour en-route to California, the Carter family soon run into trouble when their RV breaks down in the middle of the desert. Stranded, they find themselves at the mercy of monstrous cannibals lurking in the surrounding hills.",Horror
The Legend of Drunken Master,"Returning home with his father after a shopping expedition, Wong Fei-Hong is unwittingly caught up in the battle between foreigners who wish to export ancient Chinese artifacts and loyalists who don't want the pieces to leave the country. Fei-Hong must fight against the foreigners using his Drunken Boxing style, and overcome his father's antagonism as well.","Action, Comedy"
Dolores Claiborne,"Dolores Claiborne was accused of killing her abusive husband twenty years ago, but the court's findings were inconclusive and she was allowed to walk free. Now she has been accused of killing her employer, Vera Donovan, and this time there is a witness who can place her at the scene of the crime. Things look bad for Dolores when her daughter Selena, a successful Manhattan magazine writer, returns to cover the story.","Crime, Drama, Mystery"
The Black Cauldron,"Taran is an assistant pigkeeper with boyish dreams of becoming a great warrior. However, he has to put the daydreaming aside when his charge, an oracular pig named Hen Wen, is kidnapped by an evil lord known as the Horned King. The villain hopes Hen will show him the way to The Black Cauldron, which has the power to create a giant army of unstoppable soldiers.","Animation, Adventure, Family, Fantasy"
Overboard,"Heiress Joanna Stayton hires carpenter Dean Proffitt to build a closet on her yacht—and refuses to pay him for the project when it's done. But after Joanna accidentally falls overboard and loses her memory, Dean sees an opportunity to get even.","Comedy, Romance"
Henry: Portrait of a Serial Killer,"Henry likes to kill people, in different ways each time. Henry shares an apartment with Otis. When Otis' sister comes to stay, we see both sides of Henry: ""the guy next door"" and the serial killer.","Crime, Horror, Thriller, Drama"
The Arrival,"Zane Ziminski is an astrophysicist who receives a message that seems to have extraterrestrial origins. Eerily soon after his discovery, Zane is fired. He then embarks on a search to determine the origins of the transmission that leads him into a Hitchcockian labyrinth of paranoia and intrigue.","Science Fiction, Thriller, Horror"
Passenger 57,"An infamous terrorist has evaded capture for a long time by being extremely clever and ruthless. Things get interesting when he hijacks a plane carrying famous security expert John Cutter, who isn't about to stand for this sort of thing.","Action, Adventure, Thriller"
Spawn,"After being murdered by corrupt colleagues in a covert government agency, Al Simmons makes a pact with the devil to be resurrected to see his beloved wife Wanda. In exchange for his return to Earth, Simmons agrees to lead Hell's Army in the destruction of mankind.","Action, Adventure, Fantasy, Horror, Science Fiction, Thriller"
A Nightmare on Elm Street: The Dream Child,"Alice finds the deadly dreams of Freddy Krueger starting once again. This time, the taunting murderer is striking through the sleeping mind of her unborn child.","Horror, Thriller"
Critters 2,"Three bounty hunters from space fly back to the town of Grovers Bend, hoping to save local residents from a new batch of Critter eggs.","Comedy, Horror, Science Fiction"
The Pelican Brief,"A law student's theory about the recent deaths of two Supreme Court justices embroils her in a far-reaching web of murder, corruption, and greed.",Thriller
Friday the 13th: A New Beginning,"Homicidal maniac Jason returns from the grave to cause more bloody mayhem. Young Tommy may have escaped from Crystal Lake, but he’s still haunted by the gruesome events that happened there. When gory murders start happening at the secluded halfway house for troubled teens where he now lives, it seems like his nightmarish nemesis, Jason, is back for more sadistic slaughters.","Horror, Mystery, Thriller"
The Way of the Dragon,"Tang Lung arrives in Rome to help his cousins in the restaurant business. They are being pressured to sell their property to the syndicate, who will stop at nothing to get what they want. When Tang arrives he poses a new threat to the syndicate, and they are unable to defeat him. The syndicate boss hires the best Japanese and European martial artists to fight Tang, but he easily finishes them off.","Action, Crime"
Lionheart,"Lyon Gaultier is a deserter in the Foreign Legion arriving in the USA entirely hard up. He finds his brother between life and death and his sister-in-law without the money needed to heal her husband and to maintain her child. To earn the money needed, Gaultier decides to take part in some very dangerous clandestine fights.",Action
La Femme Nikita,"A beautiful felon, sentenced to life in prison for the murder of a policeman, is given a second chance – as a secret political assassin controlled by the government.","Action, Thriller"
Under Siege,"A disgruntled ex-CIA operative, his assistant and their assembled group of terrorists seize a battleship with nuclear blackmail in mind. They've planned for every contingency but ignore the ship's cook, former Navy SEAL Casey Ryback—an error that could be fatal.","Action, Thriller"
The Final Countdown,"During routine manoeuvres near Hawaii in 1980, the aircraft-carrier USS Nimitz is caught in a strange vortex-like storm, throwing the ship back in time to 1941—mere hours before the Japanese attack on Pearl Harbor.","War, Action, Science Fiction"
Cocktail,"After being discharged from the Army, Brian Flanagan moves back to Queens and takes a job in a bar run by Doug Coughlin, who teaches Brian the fine art of bar-tending. Brian quickly becomes a patron favorite with his flashy drink-mixing style, and Brian adopts his mentor's cynical philosophy on life and goes for the money.","Romance, Drama, Comedy"
Drop Zone,"A daring prison break from an airliner at 30,000 feet leaves U.S. Marshal Pete Nessip mourning a brother and gunning for revenge. After being ordered to turn in his badge, he seeks out Jessie Crossman, a noted skydiver, and offers to sponsor her crew for the annual Independence Day parachuting show in Washington, D.C., if she trains him. Meanwhile, the mastermind behind the mid-air jailbreak is planning a daring computer theft on Independence Day.","Action, Thriller"
Critters,"Carnivorous aliens arrive unannounced at a Kansas family farm; two intergalactic bounty hunters soon follow, determined to blow them off the planet.","Comedy, Horror, Science Fiction"
Bagdad Cafe,"A German woman named Jasmin stumbles upon a dilapidated motel/diner in the middle of nowhere. Her unusual appearance and demeanor are at first suspicious to Brenda, the exasperated owner who has difficulty making ends meet. But when an unlikely magic sparks between the two women, this lonely desert outpost is transformed into a thriving and popular oasis.","Comedy, Drama"
Young Frankenstein,"A young neurosurgeon inherits the castle of his grandfather, the famous Dr. Victor von Frankenstein. In the castle he finds a funny hunchback, a pretty lab assistant and the elderly housekeeper. Young Frankenstein believes that the work of his grandfather was delusional, but when he discovers the book where the mad doctor described his reanimation experiment, he suddenly changes his mind.",Comedy
Lionheart,"Lyon Gaultier is a deserter in the Foreign Legion arriving in the USA entirely hard up. He finds his brother between life and death and his sister-in-law without the money needed to heal her husband and to maintain her child. To earn the money needed, Gaultier decides to take part in some very dangerous clandestine fights.",Action
La Femme Nikita,"A beautiful felon, sentenced to life in prison for the murder of a policeman, is given a second chance – as a secret political assassin controlled by the government.","Action, Thriller"
Under Siege,"A disgruntled ex-CIA operative, his assistant and their assembled group of terrorists seize a battleship with nuclear blackmail in mind. They've planned for every contingency but ignore the ship's cook, former Navy SEAL Casey Ryback—an error that could be fatal.","Action, Thriller"
The Final Countdown,"During routine manoeuvres near Hawaii in 1980, the aircraft-carrier USS Nimitz is caught in a strange vortex-like storm, throwing the ship back in time to 1941—mere hours before the Japanese attack on Pearl Harbor.","War, Action, Science Fiction"
Cocktail,"After being discharged from the Army, Brian Flanagan moves back to Queens and takes a job in a bar run by Doug Coughlin, who teaches Brian the fine art of bar-tending. Brian quickly becomes a patron favorite with his flashy drink-mixing style, and Brian adopts his mentor's cynical philosophy on life and goes for the money.","Romance, Drama, Comedy"
Drop Zone,"A daring prison break from an airliner at 30,000 feet leaves U.S. Marshal Pete Nessip mourning a brother and gunning for revenge. After being ordered to turn in his badge, he seeks out Jessie Crossman, a noted skydiver, and offers to sponsor her crew for the annual Independence Day parachuting show in Washington, D.C., if she trains him. Meanwhile, the mastermind behind the mid-air jailbreak is planning a daring computer theft on Independence Day.","Action, Thriller"
Critters,"Carnivorous aliens arrive unannounced at a Kansas family farm; two intergalactic bounty hunters soon follow, determined to blow them off the planet.","Comedy, Horror, Science Fiction"
Bagdad Cafe,"A German woman named Jasmin stumbles upon a dilapidated motel/diner in the middle of nowhere. Her unusual appearance and demeanor are at first suspicious to Brenda, the exasperated owner who has difficulty making ends meet. But when an unlikely magic sparks between the two women, this lonely desert outpost is transformed into a thriving and popular oasis.","Comedy, Drama"
Young Frankenstein,"A young neurosurgeon inherits the castle of his grandfather, the famous Dr. Victor von Frankenstein. In the castle he finds a funny hunchback, a pretty lab assistant and the elderly housekeeper. Young Frankenstein believes that the work of his grandfather was delusional, but when he discovers the book where the mad doctor described his reanimation experiment, he suddenly changes his mind.",Comedy
The Specialist,"May Munro is a woman obsessed with getting revenge on the people who murdered her parents when she was still a girl. She hires Ray Quick, a retired explosives expert to kill her parent's killers. When Ned Trent, embittered ex-partner of Quick's is assigned to protect one of Quick's potential victims, a deadly game of cat and mouse ensues.","Action, Thriller"
Harley Davidson and the Marlboro Man,"It's the lawless future, and renegade biker Harley Davidson and his surly cowboy buddy, Marlboro, learn that a corrupt bank is about to foreclose on their friend's bar to further an expanding empire. Harley and Marlboro decide to help by robbing the crooked bank. But when they accidentally filch a drug shipment, they find themselves on the run from criminal financiers and the mob in this rugged action adventure.","Action, Thriller"
Double Dragon,"Two brothers have half of a powerful ancient Chinese talisman. An evil gang leader has the other half, and determines to get the brothers' half and have a complete medallion so he can gain absolute power.","Action, Adventure, Comedy, Fantasy, Science Fiction"
Color of Night,A color-blind psychiatrist is stalked by an unknown killer after taking over his murdered friend's therapy group and becomes embroiled in an intense affair with a mysterious woman who may be connected to the crime.,"Romance, Mystery, Thriller"
Teenage Mutant Ninja Turtles,"A quartet of humanoid turtles, trained by their mentor in ninjitsu, must learn to work together to face the menace of Shredder and the Foot Clan.","Science Fiction, Action, Adventure, Comedy, Family"
Blind Date,"When bachelor Walter Davis is set up with his sister-in-law's pretty cousin, Nadia Gates, a seemingly average blind date turns into a chaotic night on the town. Walter's brother, Ted, tells him not to let Nadia drink alcohol, but he dismisses the warning and her behaviour gets increasingly wild. Walter and Nadia's numerous incidents are made even worse as her former lover David relentlessly follows them around town.","Comedy, Romance"
Poltergeist,"Upon realizing that something truly evil haunts his home, Steve Freeling calls in a team of parapsychologists to help before it's too late.",Horror
The Lord of the Rings,The Fellowship of the Ring embark on a journey to destroy the One Ring and end Sauron's reign over Middle-earth.,"Adventure, Animation, Fantasy"
In Too Deep,"Drug lord Dwayne Gittens rules Cincinnati with an iron fist. No wonder he's known as ""God"" on the streets. Determined to break Gittens' stranglehold on the city is undercover cop Jeffrey Cole. But as Cole takes on an assumed identity to penetrate Gittens' criminal empire, he makes a disturbing discovery -- he kind of likes being a gangster.","Drama, Action, Thriller, Crime"
La La Land,"Mia, an aspiring actress, serves lattes to movie stars in between auditions and Sebastian, a jazz musician, scrapes by playing cocktail party gigs in dingy bars, but as success mounts they are faced with decisions that begin to fray the fragile fabric of their love affair, and the dreams they worked so hard to maintain in each other threaten to rip them apart.","Comedy, Drama, Romance, Music"
GTMAX,"When a notorious gang of bikers recruits her brother for a heist, a former motocross champion must face her deepest fears to keep her family safe.","Action, Crime, Drama"
Don't Move,"A grieving woman in a secluded forest encounters a killer who injects her with a paralytic drug. As her body shuts down, her fight for survival begins.","Horror, Thriller"
Manny,"An adult sister stays home to babysit her little brother. Anxious to move out, but after her brother's mysterious concussion, she closely surveils his changing behavior and recurring hallucinations of an outlaw.",Comedy
Queens of Joy,"Amidst the maelstrom of war in Ukraine, three drag queens -Diva Monroe, Marlene, and Aura- refuse to abandon their homeland. Instead of fleeing, they choose to fight: for freedom, the LGBTQ+ community, and their very existence. From the glamour of the show to the brutality of war, the film follows their lives - filled with loss, fear, as well as indomitable courage. Marlen grapples with old wounds, Diva Monroe finds herself once more, and Aura fights for a place both in the army and onto the stage. A charity drag show they organize to support Ukraine turns into a symbol of unity and resilience. The film is a story of self- discovery, love, hope, and the power to find joy even in the darkest of times.",Documentary
We Missed You,A night of filmmaking with the lads,"Documentary, Comedy"
Doppelgämbler,A man has to repay his debt the only way he knows how: by creating a clone who can gamble for him!,Comedy
The house,,
Lantana,"Seeking connection after a yearlong research project, Casey travels to the town of a man she had met at university to see if they can pick up where they left off. Upon arriving at her lodging, she is greeted by some strange characters, staying in a room that becomes increasingly isolating as surreal interactions fragment Casey’s perception of reality. Will she realise she’s not as young as she thinks she is?",Drama
Interlude 01,"First part of a series of interludes between other projects based purely in experimentation with data moshing, glitching and in general, breaking and corrupting the digital image.",Documentary
1945: Fight For Freedom,"In the middle of World War 2, Tonton loses his innocence, finding the gruesome fate his sisters and friends go through at the hands of the Japanese soldiers, as he fights for himself, his family, and his country.",Action
The Call,"Set a year after ""The Text"", Dominic, Ted, Will and Jacob gather to celebrate Jacob's birthday once again.","Drama, Comedy"
Ghost Beaters,Five ghost hunters try to avenge the death of their Great-Great-Great-Grandpa by expelling ghosts for their haunted clients. When things go wrong they must learn to overcome their differences to beat ghosts together.,Comedy
Transient Harmonies,"A parable following an ongoing departure to an unknown destination, while we are to take a look at the daily life of the miserable world.","Drama, War"
Everything Gets to Happen Once,Two men named Alex venture through an underground civilization to see the last movie theater.,"Comedy, Science Fiction"
Pirates of the Caribbean: Dead Men Tell No Tales,"Thrust into an all-new adventure, a down-on-his-luck Capt. Jack Sparrow feels the winds of ill-fortune blowing even more strongly when deadly ghost sailors led by his old nemesis, the evil Capt. Salazar, escape from the Devil's Triangle. Jack's only hope of survival lies in seeking out the legendary Trident of Poseidon, but to find it, he must forge an uneasy alliance with a brilliant and beautiful astronomer and a headstrong young man in the British navy.","Adventure, Action, Fantasy"
Ringo & Friends at the Ryman,"Ringo Starr headlines a star-studded country music concert at Nashville's Ryman. He performs new songs, solo hits, and Beatles classics with guests like Jack White and Sheryl Crow. The show also supports California wildfires' relief.",Music
Woman of the Hour,"An aspiring actress crosses paths with a prolific serial killer in '70s LA when they're cast on an episode of ""The Dating Game.""","Crime, Drama, Thriller"
The Outrun,"Fresh out of rehab, Rona returns to the Orkney Islands—a place both wild and beautiful, right off the Scottish coast. Now 29 and after more than a decade of living life on the edge in London, where she both found and lost love, Rona attempts to come to terms with her troubled past. As she reconnects with the dramatic landscape where she grew up, memories of her traumatic childhood merge with more recent challenging events that have set her on the path to recovery.",Drama
The Platform 2,"After a mysterious leader imposes his law in a brutal system of vertical cells, a new arrival battles against a dubious food distribution method.","Science Fiction, Horror, Thriller"
Monsieur Aznavour,"From his poor childhood to his rise to fame, from his triumphs to his failures, from Paris to New York, discover the exceptional journey of an artist. Intimate, intense, fragile and indestructible, devoted to his art until the very end, here is one of the most immortal singers of all time: MONSIEUR AZNAVOUR.","History, Music"
The Children's Train,"In late 1940s Italy, a mother makes the difficult decision to send her son to the north, where he catches glimpses of a new life away from poverty.",Drama
The Merry Gentlemen,"To save her parents' small-town nightclub, a Broadway dancer stages an all-male, Christmas-themed revue — and meets a guy with all the right moves.","Romance, Comedy"
The Zone of Interest,"The commandant of Auschwitz, Rudolf Höss, and his wife Hedwig, strive to build a dream life for their family in a house and garden next to the camp.","Drama, History, War"
End of Watch,Two young officers are marked for death after confiscating a small cache of money and firearms from the members of a notorious cartel during a routine traffic stop.,"Crime, Drama, Thriller"
Joy,"A young nurse, a visionary scientist and an innovative surgeon face opposition from the church, state, media and medical establishment, in their pursuit of the world’s first ‘test tube baby’, Louise Joy Brown.",Drama
Madame Web,"Forced to confront revelations about her past, paramedic Cassandra Webb forges a relationship with three young women destined for powerful futures...if they can all survive a deadly present.","Action, Fantasy"
Unforgiven,"William Munny is a retired, once-ruthless killer turned gentle widower and hog farmer. To help support his two motherless children, he accepts one last bounty-hunter mission to find the men who brutalized a prostitute. Joined by his former partner and a cocky greenhorn, he takes on a corrupt sheriff.",Western
IF,"After discovering she can see everyone's imaginary friends, a girl embarks on a magical adventure to reconnect forgotten imaginary friends with their kids.","Comedy, Fantasy, Family"
Constantine,"John Constantine has literally been to Hell and back. When he teams up with a policewoman to solve the mysterious suicide of her twin sister, their investigation takes them through the world of demons and angels that exists beneath the landscape of contemporary Los Angeles.","Fantasy, Action, Horror"
Michael Sheen's Secret Million Pound Giveaway,"In an audacious campaign to demand better borrowing, Michael Sheen buys £1m of debt from hundreds of people in Wales, and then he writes it all off",Documentary
Tarot,"When a group of friends recklessly violate the sacred rule of Tarot readings, they unknowingly unleash an unspeakable evil trapped within the cursed cards. One by one, they come face to face with fate and end up in a race against death.",Horror
King Richard,"The story of how Richard Williams served as a coach to his daughters Venus and Serena, who will soon become two of the most legendary tennis players in history.","Drama, History"
Oddity,"After the brutal murder of her twin sister, Darcy goes after those responsible by using haunted items as her tools for revenge.","Horror, Mystery"
Godzilla x Kong: The New Empire,"Following their explosive showdown, Godzilla and Kong must reunite against a colossal undiscovered threat hidden within our world, challenging their very existence – and our own.","Action, Adventure, Science Fiction"
Fast X,"Over many missions and against impossible odds, Dom Toretto and his family have outsmarted, out-nerved and outdriven every foe in their path. Now, they confront the most lethal opponent they've ever faced: A terrifying threat emerging from the shadows of the past who's fueled by blood revenge, and who is determined to shatter this family and destroy everything—and everyone—that Dom loves, forever.","Action, Crime, Thriller, Adventure, Mystery"
The Count of Monte Cristo,"Edmond Dantes becomes the target of a sinister plot and is arrested on his wedding day for a crime he did not commit. After 14 years in the island prison of Château d’If, he manages a daring escape. Now rich beyond his dreams, he assumes the identity of the Count of Monte-Cristo and exacts his revenge on the three men who betrayed him.","Action, Adventure, Drama"
The Watchers,"A young artist gets stranded in an extensive, immaculate forest in western Ireland, where, after finding shelter, she becomes trapped alongside three strangers, stalked by mysterious creatures each night.","Fantasy, Horror, Mystery"
Late Night with the Devil,"A live broadcast of a late-night talk show in 1977 goes horribly wrong, unleashing evil into the nation's living rooms.",Horror
An Ordinary Case,"Jean Monier is a disillusioned lawyer, appointed to defend Nicolas Milik, a man accused of murdering his wife. While everything points to his guilt, Monier takes up the case, convinced of his innocence.","Drama, Crime"
The Red Virgin,"Hildegart is conceived and educated by her mother Aurora to be the woman of the future, to become one of the most brilliant minds of Spain in the 1930s and one of the European references on female sexuality.","Drama, History, Thriller"
Terrifier 2,"A year after the Miles County massacre, Art the Clown is resurrected by a sinister entity. Art returns home, where he must hunt down and destroy teenage Sienna and her younger brother Jonathan on Halloween. As the body count rises, the siblings fight to stay alive while uncovering the true nature of Art's evil intent.","Horror, Thriller"
Bob & Carol & Ted & Alice,"After returning to Los Angeles from a group therapy session, documentary filmmaker Bob Sanders and his wife, Carol, find themselves becoming vigilante couples counselors, offering unsolicited advice to their best friends, Ted and Alice Henderson. Not wanting to be rude, the Hendersons play along, but some latent sexual tension among the four soon comes bubbling to the surface, and long-buried desires don't stay buried for long.","Comedy, Drama"
Time Cut,"A teen in 2024 accidentally time-travels to 2003, days before a masked killer murders her sister. Can she change the past without destroying the future?","Horror, Science Fiction, Thriller"
It's What's Inside,A pre-wedding reunion descends into a psychological nightmare for a group of college friends when a surprise guest arrives with a mysterious suitcase.,"Comedy, Mystery, Science Fiction"
Tenet,"Armed with only one word - Tenet - and fighting for the survival of the entire world, the Protagonist journeys through a twilight world of international espionage on a mission that will unfold in something beyond real time.","Action, Thriller, Science Fiction"
A Different Man,"Aspiring actor Edward undergoes a radical medical procedure to drastically transform his appearance. But his new dream face quickly turns into a nightmare, as he loses out on the role he was born to play and becomes obsessed with reclaiming what was lost.","Comedy, Drama"
(500) Days of Summer,"Tom, greeting-card writer and hopeless romantic, is caught completely off-guard when his girlfriend, Summer, suddenly dumps him. He reflects on their 500 days together to try to figure out where their love affair went sour, and in doing so, Tom rediscovers his true passions in life.","Comedy, Drama, Romance"
The Outpost,"A small unit of U.S. soldiers, alone at the remote Combat Outpost Keating, located deep in the valley of three mountains in Afghanistan, battles to defend against an overwhelming force of Taliban fighters in a coordinated attack. The Battle of Kamdesh, as it was known, was the bloodiest American engagement of the Afghan War in 2009 and Bravo Troop 3-61 CAV became one of the most decorated units of the 19-year conflict.","War, Drama, History, Action"
Air,Discover the game-changing partnership between a then undiscovered Michael Jordan and Nike's fledgling basketball division which revolutionized the world of sports and culture with the Air Jordan brand.,"Drama, History"
Slingshot,"An elite trio of astronauts aboard a years-long, possibly compromised mission to Saturn's moon Titan, gears up for a highly dangerous slingshot manoeuvre that will either catapult them to Titan or into deep space.","Science Fiction, Thriller"
The Price of Money: A Largo Winch Adventure,"Largo Winch, devastated by the kidnapping of his son, realizes that if he finds those responsible for his bankruptcy, maybe he'll see his son again.","Action, Adventure, Thriller"
Expend4bles,"Armed with every weapon they can get their hands on and the skills to use them, The Expendables are the world’s last line of defense and the team that gets called when all other options are off the table. But new team members with new styles and tactics are going to give “new blood” a whole new meaning.","Action, Adventure, Thriller, War"
The Raid,"Deep in the heart of Jakarta's slums lies an impenetrable safe house for the world's most dangerous killers and gangsters. Until now, the run-down apartment block has been considered untouchable to even the bravest of police. Cloaked under the cover of pre-dawn darkness and silence, an elite swat team is tasked with raiding the safe house in order to take down the notorious drug lord that runs it.  But when a chance encounter with a spotter blows their cover and news of their assault reaches the drug lord, the building's lights are cut and all the exits blocked. Stranded on the sixth floor with no way out, the unit must fight their way through the city's worst to survive their mission. Starring Indonesian martial arts sensation Iko Uwais.","Action, Thriller, Crime"
Dial M for Murder,"An ex-tennis pro carries out a plot to have his wealthy wife murdered after discovering she is having an affair, and assumes she will soon leave him for the other man anyway.","Thriller, Crime, Drama, Mystery"
The Killer,"Zee is a feared contract killer known as ""the Queen of the Dead,"" but when she refuses to murder a young blind woman, she finds herself hunted both by criminal colleagues and a determined police detective.","Action, Thriller, Crime"
Eraserhead,"First-time father Henry Spencer tries to survive his industrial environment, his angry girlfriend, and the unbearable screams of his newly born mutant child.",Horror
Prey,"When danger threatens her camp, the fierce and highly skilled Comanche warrior Naru sets out to protect her people. But the prey she stalks turns out to be a highly evolved alien predator with a technically advanced arsenal.","Thriller, Action, Science Fiction"
Azrael,"In a world where no one speaks, a devout female hunts down a young woman who has escaped her imprisonment. Recaptured by its ruthless leaders, Azrael is due to be sacrificed to pacify an ancient evil deep within the surrounding wilderness.","Action, Horror, Thriller"
Spaceman,"Six months into a solo mission, a lonely astronaut confronts the cracks in his marriage with help from a mysterious creature he discovers on his ship.","Science Fiction, Adventure, Drama"
Immaculate,"An American nun embarks on a new journey when she joins a remote convent in the Italian countryside. However, her warm welcome quickly turns into a living nightmare when she discovers her new home harbours a sinister secret and unspeakable horrors.","Horror, Mystery, Thriller"
The Lighthouse,Two lighthouse keepers try to maintain their sanity while living on a remote and mysterious New England island in the 1890s.,"Drama, Fantasy, Thriller"
The Worst Person in the World,"The chronicles of four years in the life of Julie, a young woman who navigates the troubled waters of her love life and struggles to find her career path, leading her to take a realistic look at who she really is.","Drama, Romance, Comedy"
The Power of the Dog,"A domineering but charismatic rancher wages a war of intimidation on his brother's new wife and her teen son, until long-hidden secrets come to light.","Drama, Western"
Kung Fu Panda,"When the Valley of Peace is threatened, lazy Po the panda discovers his destiny as the ""chosen one"" and trains to become a kung fu hero, but transforming the unsleek slacker into a brave warrior won't be easy. It's up to Master Shifu and the Furious Five -- Tigress, Crane, Mantis, Viper and Monkey -- to give it a try.","Action, Adventure, Animation, Family, Comedy"
The Nightmare Before Christmas,"Tired of scaring humans every October 31 with the same old bag of tricks, Jack Skellington, the spindly king of Halloween Town, kidnaps Santa Claus and plans to deliver shrunken heads and other ghoulish gifts to children on Christmas morning. But as Christmas approaches, Jack's rag-doll girlfriend, Sally, tries to foil his misguided plans.","Fantasy, Animation, Family"
Monsters University,A look at the relationship between Mike and Sulley during their days at Monsters University — when they weren't necessarily the best of friends.,"Animation, Family"
Kingdom of the Planet of the Apes,"Several generations following Caesar's reign, apes – now the dominant species – live harmoniously while humans have been reduced to living in the shadows. As a new tyrannical ape leader builds his empire, one young ape undertakes a harrowing journey that will cause him to question all he's known about the past and to make choices that will define a future for apes and humans alike.","Science Fiction, Adventure, Action, Drama, Thriller"
The King's Man,"As a collection of history's worst tyrants and criminal masterminds gather to plot a war to wipe out millions, one man must race against time to stop them.","Action, Adventure, Thriller"
Promising Young Woman,"A young woman, traumatized by a tragic event in her past, seeks out vengeance against those who crossed her path.","Thriller, Crime, Drama"
Last Night in Soho,"A young girl, passionate about fashion design, is mysteriously able to enter the 1960s where she encounters her idol, a dazzling wannabe singer. But 1960s London is not what it seems, and time seems to be falling apart with shady consequences.","Horror, Mystery"
Decision to Leave,"From a mountain peak in South Korea, a man plummets to his death. Did he jump, or was he pushed? When detective Hae-joon arrives on the scene, he begins to suspect the dead man’s wife Seo-rae. But as he digs deeper into the investigation, he finds himself trapped in a web of deception and desire.","Thriller, Mystery, Romance"
The Platform,"A slab of food descends down a vertical facility. The residents above eat heartily, leaving those below starving and desperate. A rebellion is imminent.","Drama, Science Fiction, Thriller"
Okja,"A young girl named Mija risks everything to prevent a powerful, multi-national company from kidnapping her best friend - a massive animal named Okja.","Adventure, Drama, Science Fiction"
Sing,A koala named Buster recruits his best friend to help him drum up business for his theater by hosting a singing competition.,"Animation, Comedy, Family, Music"
The Deep Dark,"1956, in the north of France. A group of underground miners is forced to take a professor to take samples a thousand meters underground. After a landslide that prevents them from going back up, they discover a crypt from another time, and unknowingly awaken a legendary bloodthirsty creature.","Adventure, Horror, Drama"
Contagion,"As an epidemic of a lethal airborne virus - that kills within days - rapidly grows, the worldwide medical community races to find a cure and control the panic that spreads faster than the virus itself.","Drama, Thriller, Science Fiction"
The Twilight Saga: New Moon,"Forks, Washington resident Bella Swan is reeling from the departure of her vampire love, Edward Cullen, and finds comfort in her friendship with Jacob Black, a werewolf. But before she knows it, she's thrust into a centuries-old conflict, and her desire to be with Edward at any cost leads her to take greater and greater risks.","Adventure, Fantasy, Drama, Romance"
Classified,"Operating alone in the field for more than 20 years, a CIA hitman uses the ""Help Wanted"" section of the newspapers to get his orders from the Agency. His long-lost daughter, now a UK MI6 analyst, tracks him down to deliver shocking news: his CIA boss has been dead for years and the division long since shut down. Together, they set out to discover whose orders he's been executing.","Action, Thriller"
Just Go with It,"While romancing Palmer, a much younger schoolteacher, plastic surgeon Danny Maccabee enlists his loyal assistant Katherine to pretend to be his soon to be ex-wife, in order to cover up a careless lie. When more lies backfire, Katherine's kids become involved, and everyone heads off for a weekend in Hawaii that will change all their lives.","Comedy, Romance"
The World Is Not Enough,"Greed, revenge, world dominance and high-tech terrorism – it's all in a day's work for Bond, who's on a mission to protect a beautiful oil heiress from a notorious terrorist. In a race against time that culminates in a dramatic submarine showdown, Bond works to defuse the international power struggle that has the world's oil supply hanging in the balance.","Adventure, Action, Thriller"
Toy Story 3,"Woody, Buzz, and the rest of Andy's toys haven't been played with in years. With Andy about to go to college, the gang find themselves accidentally left at a nefarious day care center. The toys must band together to escape and return home to Andy.","Animation, Family, Comedy"
Classified,"Operating alone in the field for more than 20 years, a CIA hitman uses the ""Help Wanted"" section of the newspapers to get his orders from the Agency. His long-lost daughter, now a UK MI6 analyst, tracks him down to deliver shocking news: his CIA boss has been dead for years and the division long since shut down. Together, they set out to discover whose orders he's been executing.","Action, Thriller"
Just Go with It,"While romancing Palmer, a much younger schoolteacher, plastic surgeon Danny Maccabee enlists his loyal assistant Katherine to pretend to be his soon to be ex-wife, in order to cover up a careless lie. When more lies backfire, Katherine's kids become involved, and everyone heads off for a weekend in Hawaii that will change all their lives.","Comedy, Romance"
The World Is Not Enough,"Greed, revenge, world dominance and high-tech terrorism – it's all in a day's work for Bond, who's on a mission to protect a beautiful oil heiress from a notorious terrorist. In a race against time that culminates in a dramatic submarine showdown, Bond works to defuse the international power struggle that has the world's oil supply hanging in the balance.","Adventure, Action, Thriller"
Toy Story 3,"Woody, Buzz, and the rest of Andy's toys haven't been played with in years. With Andy about to go to college, the gang find themselves accidentally left at a nefarious day care center. The toys must band together to escape and return home to Andy.","Animation, Family, Comedy"
Tomorrow Never Dies,A deranged media mogul is staging international incidents to pit the world's superpowers against each other. Now James Bond must take on this evil mastermind in an adrenaline-charged battle to end his reign of terror and prevent global pandemonium.,"Adventure, Action, Thriller"
Die Another Day,"James Bond is sent to investigate the connection between a North Korean terrorist and a diamond mogul, who is funding the development of an international space weapon.","Adventure, Action, Thriller"
Greenland,"John Garrity, his estranged wife and their young son embark on a perilous journey to find sanctuary as a planet-killing comet hurtles toward Earth. Amid terrifying accounts of cities getting levelled, the Garritys experience the best and worst in humanity. As the countdown to the global apocalypse approaches zero, their incredible trek culminates in a desperate and last-minute flight to a possible safe haven.","Action, Thriller, Science Fiction"
Arcadian,"In the near future, on a decimated Earth, Paul and his twin sons face terror at night when ferocious creatures awaken. When Paul is nearly killed, the boys come up with a plan for survival, using everything their father taught them to keep him alive.","Action, Horror, Thriller, Science Fiction"
Drive My Car,"Yusuke Kafuku, a stage actor and director, still unable, after two years, to cope with the loss of his beloved wife, accepts to direct Uncle Vanya at a theater festival in Hiroshima. There he meets Misaki, an introverted young woman, appointed to drive his car. In between rides, secrets from the past and heartfelt confessions will be unveiled.",Drama
Home Alone 2: Lost in New York,"Instead of flying to Florida with his folks, Kevin ends up alone in New York, where he gets a hotel room with his dad's credit card—despite problems from a clerk and meddling bellboy. But when Kevin runs into his old nemeses, the Wet Bandits, he's determined to foil their plans to rob a toy store on Christmas Eve.","Comedy, Family, Adventure"
Horseplay,A man on a horse enters an ice-cream store.,"Horror, Comedy"
When You Let Your Homie Borrow Your Car,"This one means a lot to me. This film not only marks the break of a long hiatus from YouTube/filmmaking for me, but it is also the first film I have produced independently. I wrote the script a few weeks ago and began shooting shortly after.  I'd like to give a HUGE thank you to everyone who left their touch on this film. I would not have been able to make this without the support and commitment from you, and I especially would not have been able to make this at this level of quality without you. Thank you.  Thank you for watching! Check out my other content on Instagram and TikTok!  #shortfilm #film #comedy #studentfilm #studentfilmmaker #filmmaker #filmmaking",Comedy
Sino Nagaeog-Gaeog sa Eugan Eugan?,"Seven-year-old Ding's dream of being a flight attendant shifts when he bonds with 'Bao,' a carabao.",
Pagpanginyawat,"Dante, a determined student, longs to attend school daily, but his dreams are stifled by his overbearing mother and the relentless struggle of poverty, forcing him to choose between education and survival.",
Mga Hutik kag Tinago,"In a small village, a young man and his friend set out to uncover the truth behind a family accused of being 'aswang,' only to discover the deeper, more mysterious tradition that binds them to the land, and the shocking secret that has been whispered for generations.",Drama
MACAMILCO: Isa ka Balinghoy ang Kalibutan,"In a world shaped by hardship and resilience, Antonio clings to a simple yet unbreakable hope: that his family’s love and humble labor will help them survive a merciless cycle of poverty and oppression. But as unrest sweeps through their factory, Antonio’s life takes a drastic turn, revealing a hard choice between loyalty and survival.",Drama
Kabay Pa,"In a village where silence speaks volumes and the dead are never truly gone, a stranger's arrival sets in motion a ritual that will change everything.",Drama
The Warrior,"Hangaway follows the harrowing journey of a dedicated bantay bukid, a loving husband whose life unravels after being scarred by a traumatic experience. Unable to escape the haunting memory, he turns to a powerful, hallucinogenic plant for relief, but soon finds himself trapped in a maddening spiral between reality and illusion, fighting to hold on to the man he once was.","Action, Horror"
The Maiden of the Depths,"In a secluded rural community plagued by water scarcity and bizarre occurrences, the arrival of a mysterious woman at an ancient well unveils dark truths and supernatural horrors, compelling a family to confront unsettling forces beyond their control.",Horror
Elyas,"Elyas, a former Special Forces soldier who has become paranoid since a mission in Afghanistan, is recruited to ensure the safety of Amina and her daughter Nour, 13 years old, both of whom came from the Middle East for the holidays. As he takes office, Elyas senses something is up.","Action, Thriller"
MACAMILCO: Isa ka Balinghoy ang Kalibutan,"In a world shaped by hardship and resilience, Antonio clings to a simple yet unbreakable hope: that his family’s love and humble labor will help them survive a merciless cycle of poverty and oppression. But as unrest sweeps through their factory, Antonio’s life takes a drastic turn, revealing a hard choice between loyalty and survival.",Drama
Kabay Pa,"In a village where silence speaks volumes and the dead are never truly gone, a stranger's arrival sets in motion a ritual that will change everything.",Drama
The Warrior,"Hangaway follows the harrowing journey of a dedicated bantay bukid, a loving husband whose life unravels after being scarred by a traumatic experience. Unable to escape the haunting memory, he turns to a powerful, hallucinogenic plant for relief, but soon finds himself trapped in a maddening spiral between reality and illusion, fighting to hold on to the man he once was.","Action, Horror"
The Maiden of the Depths,"In a secluded rural community plagued by water scarcity and bizarre occurrences, the arrival of a mysterious woman at an ancient well unveils dark truths and supernatural horrors, compelling a family to confront unsettling forces beyond their control.",Horror
Elyas,"Elyas, a former Special Forces soldier who has become paranoid since a mission in Afghanistan, is recruited to ensure the safety of Amina and her daughter Nour, 13 years old, both of whom came from the Middle East for the holidays. As he takes office, Elyas senses something is up.","Action, Thriller"
Jim's Story,"Aymeric runs into Florence, a former coworker, one evening in Saint-Claude in the Haut-Jura. She is six months pregnant and single. When she gives birth to Jim, Aymeric is there. They spend happy years together until Christophe, Jim's biological father, shows up... It could be the start of a melodrama, it's also the start of an odyssey into fatherhood.","Comedy, Drama"
Dream Scenario,"Hapless family man Paul Matthews finds his life turned upside down when millions of strangers suddenly start seeing him in their dreams. But when his nighttime appearances take a nightmarish turn, Paul is forced to navigate his newfound stardom.","Comedy, Fantasy"
Infested,"Residents of a rundown French apartment building battle against an army of deadly, rapidly reproducing spiders.","Horror, Thriller"
Bumblebee,"On the run in the year 1987, Bumblebee finds refuge in a junkyard in a small Californian beach town. Charlie, on the cusp of turning 18 and trying to find her place in the world, discovers Bumblebee, battle-scarred and broken.  When Charlie revives him, she quickly learns this is no ordinary yellow VW bug.","Action, Adventure, Science Fiction"
The Florida Project,"The story of a precocious six year-old and her ragtag group of friends whose summer break is filled with childhood wonder, possibility and a sense of adventure while the adults around them struggle with hard times.",Drama
The Shadow Strays,"Skilled in the art of killing, a young assassin defies her mentor to save a boy from a ruthless crime syndicate — and she'll destroy anyone in her path.","Action, Crime, Thriller"
Aladdin,"In the boorish city of Agrabah, kind-hearted street urchin Aladdin and Princess Jasmine fall in love, although she can only marry a prince. He and power-hungry Grand Vizier Jafar vie for a magic lamp that can fulfill their wishes.","Animation, Family, Adventure, Fantasy, Romance"
Dr. No,"Agent 007 battles mysterious Dr. No, a scientific genius bent on destroying the U.S. space program. As the countdown to disaster begins, Bond must go to Jamaica, where he encounters beautiful Honey Ryder, to confront a megalomaniacal villain in his massive island headquarters.","Adventure, Action, Thriller"
First Blood,"When former Green Beret John Rambo is harassed by local law enforcement and arrested for vagrancy, he is forced to flee into the mountains and wage an escalating one-man war against his pursuers.","Action, Adventure, Thriller, War"
Kinds of Kindness,"A triptych fable following a man without choice who tries to take control of his own life; a policeman who is alarmed that his wife who was missing-at-sea has returned and seems a different person; and a woman determined to find a specific someone with a special ability, who is destined to become a prodigious spiritual leader.","Drama, Comedy"
The Father,"A man refuses all assistance from his daughter as he ages and, as he tries to make sense of his changing circumstances, he begins to doubt his loved ones, his own mind and even the fabric of his reality.",Drama
Transformers: Age of Extinction,"As humanity picks up the pieces after the battle of Chicago, a shadowy group reveals itself in an attempt to control the direction of history…while an ancient, powerful new menace sets Earth in its crosshairs. With help from Cade Yeager, Optimus Prime and the Autobots rise to meet their most fearsome challenge yet.","Science Fiction, Action, Adventure"
Chinatown,"Private eye Jake Gittes lives off of the murky moral climate of sunbaked, pre-World War II Southern California. Hired by a beautiful socialite to investigate her husband's extra-marital affair, Gittes is swept into a maelstrom of double dealings and deadly deceits, uncovering a web of personal and political scandals that come crashing together.","Crime, Drama, Mystery, Thriller"
Killing Them Softly,"Jackie Cogan is an enforcer hired to restore order after three dumb guys rob a Mob protected card game, causing the local criminal economy to collapse.","Crime, Thriller"
Angels & Demons,"Harvard symbologist Robert Langdon is recruited by the Vatican to investigate the apparent return of the Illuminati – a secret, underground organization – after four cardinals are kidnapped on the night of the papal conclave.","Thriller, Mystery"
Delicious,"During their vacation in the French countryside, a wealthy German family becomes entangled with a young hotel worker harboring sinister intentions.","Thriller, Drama"
No Other Land,This film made by a Palestinian-Israeli collective shows the destruction of the occupied West Bank's Masafer Yatta by Israeli soldiers and the alliance which develops between the Palestinian activist Basel and Israeli journalist Yuval.,Documentary
Under the Silver Lake,"Young and disenchanted Sam meets a mysterious and beautiful woman who's swimming in his building's pool one night. When she suddenly vanishes the next morning, Sam embarks on a surreal quest across Los Angeles to decode the secret behind her disappearance, leading him into the murkiest depths of mystery, scandal and conspiracy.","Crime, Drama, Mystery"
Detachment,"A chronicle of three weeks in the lives of several high school teachers, administrators and students through the eyes of substitute teacher, Henry Barthes. Henry roams from school to school, imparting modes of knowledge, but never staying long enough to form any semblance of sentient attachment.",Drama
On Her Majesty's Secret Service,"James Bond tracks his archnemesis, Ernst Blofeld, to a mountaintop retreat in the Swiss alps where he is training an army of beautiful, lethal women. Along the way, Bond falls for Italian contessa Tracy Draco, and marries her in order to get closer to Blofeld.","Adventure, Action, Thriller"
You Only Live Twice,A mysterious spacecraft captures Russian and American space capsules and brings the two superpowers to the brink of war. James Bond investigates the case in Japan and comes face to face with his archenemy Blofeld.,"Action, Thriller, Adventure"
Thunderball,A criminal organization has obtained two nuclear bombs and are asking for a 100 million pound ransom in the form of diamonds in seven days or they will use the weapons. The secret service sends James Bond to the Bahamas to once again save the world.,"Adventure, Action, Thriller"
Honeymoon Crasher,"When his fiancée dumps him at the altar for her ex, a young man is left with no alternative but to go on his romantic honeymoon with his mother.",Comedy
The Second Act,"Florence wants to introduce David, the man she’s madly in love with, to her father Guillaume. But David isn’t attracted to Florence and wants to throw her into the arms of his friend Willy. The four characters meet in a restaurant in the middle of nowhere.",Comedy
The Eight Mountains,"An epic journey of friendship and self-discovery set in the breathtaking Italian Alps, The Eight Mountains follows over four decades the profound, complex relationship between Pietro and Bruno.",Drama
When Evil Lurks,"Residents of a small rural town discover that a demon is about to be born among them. They desperately try to escape before the evil is born, but it may be too late.","Horror, Thriller"
Blood Simple,"The owner of a seedy small-town Texas bar discovers that one of his employees is having an affair with his wife. A chaotic chain of misunderstandings, lies and mischief ensues after he devises a plot to have them murdered.","Crime, Drama, Thriller"
Once Upon a Time in China II,"Wong Fei-Hung faces the White Lotus Society, a fanatical cult seeking to drive the Europeans out of China through violence, even attacking Chinese who follow Western ways. Wong must also defend Dr. Sun Yat Sen, a revolutionary, from the military.","Action, Comedy"
The Evil Dead,"In 1979, a group of college students find a Sumerian Book of the Dead in an old wilderness cabin they've rented for a weekend getaway.",Horror
Licence to Kill,"After capturing the notorious drug lord Franz Sanchez, Bond's close friend and former CIA agent Felix Leiter is left for dead and his wife is murdered. Bond goes rogue and seeks vengeance on those responsible, as he infiltrates Sanchez's organization from the inside.","Adventure, Action, Thriller"
A View to a Kill,A newly-developed microchip designed by Zorin Industries for the British Government that can survive the electromagnetic radiation caused by a nuclear explosion has landed in the hands of the KGB. James Bond must find out how and why. His suspicions soon lead him to big industry leader Max Zorin who forms a plan to destroy his only competition in Silicon Valley by triggering a massive earthquake in the San Francisco Bay.,"Adventure, Action, Thriller"
Moonraker,"After Drax Industries' Moonraker space shuttle is hijacked, secret agent James Bond is assigned to investigate, traveling to California to meet the company's owner, the mysterious Hugo Drax. With the help of scientist Dr. Holly Goodhead, Bond soon uncovers Drax's nefarious plans for humanity, all the while fending off an old nemesis, Jaws, and venturing to Venice, Rio, the Amazon...and even outer space.","Action, Adventure, Thriller, Science Fiction"
The Spy Who Loved Me,Russian and British submarines with nuclear missiles on board both vanish from sight without a trace. England and Russia both blame each other as James Bond tries to solve the riddle of the disappearing ships. But the KGB also has an agent on the case.,"Adventure, Action, Thriller"
The Man with the Golden Gun,"Cool government operative James Bond searches for a stolen invention that can turn the sun's heat into a destructive weapon. He soon crosses paths with the menacing Francisco Scaramanga, a hitman so skilled he has a seven-figure working fee. Bond then joins forces with the swimsuit-clad Mary Goodnight, and together they track Scaramanga to a Thai tropical isle hideout where the killer-for-hire lures the slick spy into a deadly maze for a final duel.","Adventure, Action, Thriller"
Diamonds Are Forever,Diamonds are stolen only to be sold again in the international market. James Bond infiltrates a smuggling mission to find out who's guilty. The mission takes him to Las Vegas where Bond meets his archenemy Blofeld.,"Action, Thriller"
A Time to Kill,"A young lawyer defends a black man accused of murdering two white men who raped his 10-year-old daughter, sparking a rebirth of the KKK.","Crime, Drama, Thriller"
Stalker,"Near a gray and unnamed city is the Zone, a place guarded by barbed wire and soldiers, and where the normal laws of physics are victim to frequent anomalies. A stalker guides two men into the Zone, specifically to an area in which deep-seated desires are granted.","Science Fiction, Drama"
Stand by Me,"After learning that a boy their age has been accidentally killed near their rural homes, four Oregon boys decide to go see the body. On the way, Gordie,  Vern, Chris and Teddy encounter a mean junk man and a marsh full of leeches, as they also learn more about one another and their very different home lives. Just a lark at first, the boys' adventure evolves into a defining event in their lives.","Crime, Drama"
Borat Subsequent Moviefilm,"14 years after making a film about his journey across the USA, Borat risks life and limb when he returns to the United States with his young daughter, and reveals more about the culture, the COVID-19 pandemic, and the political elections.",Comedy
Journey 2: The Mysterious Island,"Sean Anderson partners with his mom's boyfriend on a mission to find his grandfather, who is thought to be missing on a mythical island.","Adventure, Action, Science Fiction"
Following,"Bill, an idle, unemployed aspiring writer, walks the crowded streets of London following randomly chosen strangers, a seemingly innocent entertainment that becomes dangerous when he crosses paths with a mysterious character.","Drama, Thriller"
The Forge,"19 year old Isaiah Wright lives for basketball and video games. A year out of high school, he has no job, no plans, and no idea how to be a man. At odds with his single mother Cynthia, Isaiah is given an ultimatum – to step up or move out. Feeling the pull from his friends and the push from his mom, Isaiah is hired by Moore Fitness, unaware of how the owner will personally impact his life. With the prayers of his mother and unexpected guidance from his new mentor, Isaiah is forced to deal with his past, sacrifice his selfishness and discover how God might have a greater purpose for his life.","Drama, Family"
A Little Something Extra,"To escape the police, a father and his son are forced to find refuge in a summer camp for young adults with mental disabilities, taking on the role of an educator and a boarder. The beginning of troubles and a wonderful human experience that will change them forever.",Comedy
Master and Commander: The Far Side of the World,"After an abrupt and violent encounter with a French warship inflicts severe damage upon his ship, a captain of the British Royal Navy begins a chase over two oceans to capture or destroy the enemy, though he must weigh his commitment to duty and ferocious pursuit of glory against the safety of his devoted crew, including the ship's thoughtful surgeon, his best friend.","Adventure, Drama, War"
Barry Lyndon,"An Irish rogue uses his cunning and wit to work his way up the social classes of 18th century England, transforming himself from the humble Redmond Barry into the noble Barry Lyndon.","Drama, Romance, War, History"
Z,"Amid a tense political climate, the opposition leader is killed in an apparent accident. When a prosecutor smells a cover-up, witnesses get targeted. A thinly veiled dramatization of the assassination of Greek politician Grigoris Lambrakis and its aftermath, “Z” captures the outrage at the US-backed junta that ruled Greece at the time of its release.","Thriller, Crime, Drama"
Elevator to the Gallows,"A self-assured businessman murders his employer, the husband of his mistress, which unintentionally provokes an ill-fated chain of events.","Crime, Drama, Thriller"
The Passion of Joan of Arc,"A classic of the silent age, this film tells the story of the doomed but ultimately canonized 15th-century teenage warrior. On trial for claiming she'd spoken to God, Jeanne d'Arc is subjected to inhumane treatment and scare tactics at the hands of church court officials. Initially bullied into changing her story, Jeanne eventually opts for what she sees as the truth. Her punishment, a famously brutal execution, earns her perpetual martyrdom.","Drama, History"
Meet the Leroys,A man takes his wife and their teenage children on a road trip down memory lane while facing divorce.,Comedy
Guy Ritchie's The Covenant,"During the war in Afghanistan, a local interpreter risks his own life to carry an injured sergeant across miles of grueling terrain.","War, Action, Thriller"
Mirror,"A dying man in his forties recalls his childhood, his mother, the war and personal moments that tell of and juxtapose pivotal moments in Soviet history with daily life.","Drama, History"
The King of Comedy,"Aspiring comic Rupert Pupkin attempts to achieve success in show business by stalking his idol, a late night talk-show host who craves his own privacy.","Drama, Comedy"
Obscura,Found Footage Horror. A camera is discovered showing all that happened to Mastertons famous missing 6,Horror
One Fast Move,"A dishonorably discharged soldier seeks out his estranged father to help him pursue his dream of becoming a professional motorcycle racer. While training, he meets a small-town, aspiring singer and a motorcycle shop owner who begin to break down the walls his father's absence had built up.","Action, Drama, Romance"
How to Make Millions Before Grandma Dies,"M, a university dropout low on money and luck, volunteers to take care of his terminally ill grandmother, in the hope of pocketing an inheritance.",Drama
Kung Fu Panda 4,"Po is gearing up to become the spiritual leader of his Valley of Peace, but also needs someone to take his place as Dragon Warrior. As such, he will train a new kung fu practitioner for the spot and will encounter a villain called the Chameleon who conjures villains from the past.","Animation, Family, Action, Comedy, Adventure, Fantasy"
Rogue One: A Star Wars Story,A rogue band of resistance fighters unite for a mission to steal the Death Star plans and bring a new hope to the galaxy.,"Action, Adventure, Science Fiction"
My Endless Eclipse,"A trans woman is forced to hide her real identity if she is to survive. On the verge of being forced into marriage, she goes on the run and is forced to cross a hostile world populated by unsettling people.",
Silence of Homa,"Amid social unrest, Homa, an Iranian rapper, cannot seem to find her voice. In the grip of her nihilistic rage, a curious being, half-bird, half-human, emerges. What message will this presence unveil in the midst of her agony?",
Holy Heaviness,"It is a fact of life that love evolves, and relationships change. Using caricatures, this animated film captures resilience as an inevitable response to dependency. A tender yet meaningful take on life's stages and ages.",
PRLYZR,"A journey through sleep through closed eyelids: drifting slowly to sleep, the mind wanders; phosphenes change colors under rapid eye movement; stuck in sleep paralysis, the colors violently pulsate; then finally, the eyes burst open wide awake.",
Sky Journal II [Yellow],"Views of the sky during the Hughes Fire, from 30 miles away: 80 seconds at each half hour, captured from 12:30pm to 5:30pm (Jan. 22, 2025).",
Rezbotanik,"After nights of heavy partying, a trans performer goes to the Botanical Garden of Lisbon to get sober again.",Documentary
Lo deseado,"Emma and her father spend a few days in an isolated collection of huts in the Argentinian mountains. It is here that they meet Elda, a solitary figure, who will guide them through the world of pagan beliefs and local legend.",
Tida no unmei,,Documentary
Escort,"On her first night on the job as an escort, a young woman's unexpected encounter with an elderly man in his apartment sets off a chain of events that will forever alter the course of both their lives.","Drama, Family"
Muses,"At the heart of their deteriorating intimate relationship, a dancer seeks to break free from the grip of his unfaithful choreographer.",
Observer,"Can we observe the world without affecting it? An adventure in eight chapters from around the world where a group of professional scientists taking part in a playful, philosophical experiment.",Documentary
I Think We Begin as Light,"Could a collaboration between plants, light and microorganisms show us a new and more fruitful path for agriculture? Take a journey beneath the earth's surface and meet the farmers who are making the attempt.",Documentary
"Dust & Flow: Muds, Movement, Time, Scale",Mud can tell us a lot about the planet's deep past and possible future - and here is the film that translates its silent language into an imaginative stream of thought.,Documentary
Drainomania,A dreamer fails to complete a simple task: to clean the bathroom. Love’s crazy y’all.,
fastLOVE,"On New Year’s Eve, a broke and restless young man is drawn into a risky encounter with a hustler's client at a hotel, only to find himself unravelling a web of deceit, power dynamics, and personal boundaries.",
Short Dick Man,"In Short Dick Man, Matthijs examines why he has been burdened with crippling uncertainty about the size of his penis all his life. Matthijs avoids places like urinals and locker rooms and dares not walk around in swimming trunks on a hot summer day. He only wears loose fitting clothes, abstains from all dating apps, and when having sexual contact he always issues a disclaimer beforehand. How did this insecurity play such an all-important role in his life, and more importantly, how does he get rid of it After years of fear and shame, Matthijs finally wants to look the beast in the eye. He has had enough. In an ultimate attempt to accept his body, Matthijs starts treatment with a psychologist, relives memories that have contributed to his insecurity, and seeks to confront the issue. Gradually, Matthijs discovers that the problem is much bigger than himself. And however vulnerable his quest may be, this film may be the last disclaimer he ever has to issue.",
The Dark Revelation: Lachesis,"Witness this beautiful yet cruel story that depicts the birth of the Three Dark Sisters and Risa Arisugawa, an ordinary girl who dreams of becoming a singer and was the model used to create Lachesis.","Science Fiction, Drama"
"Love, Z",Generation Z takes the floor in this year's definitive generation portrait. Twelve young people share their thoughts and feelings about love in our time.,Documentary
The More Naked We Dare to Be,"Danish auteur Jon Bang Carlsen takes stock of his life's work, the art of cinema and life itself in a film that stretches from the west coast of Denmark to the red desert sands of Arizona.",Documentary
Cirkeline & the Invisible Artist,"Everyone knows the animated heroine Cirkeline and her mousy friends Ingolf and Frederik. For generations they have been enjoyed by children and their parents. But few people know the woman who invented Cirkeline. Her name is Hanne Hastrup, and like many other women, she lost her place in the spotlight to a man – but in this case, to her own husband, artist and animator Jannik Hastrup. They found each other and began collaborating on the famous Cirkeline films, and now they sit side by side on a sofa and tell the story of the creation of the icon in the red dress with the black spots.",Documentary
Casa,"At an alternative fashion school in the toughest suburb of Paris, the young fashion designers of the future give free rein to their wild creative dreams.",Documentary
Stephen,"Stephen’s boyfriend suggests the perfect rave location for a night out, but this party isn’t quite what it seems.",
Yellow Is the Color of Happiness,"On the streets of Beirut, Marc works in a thrift store as he goes through a personal transformation that will lead him to while he goes through a personal transformation that will lead him to discover his true discover his true essence.",
White Glass Globe,"An artistic couple in the first flush of love are forced to part, with devastating consequences.",
The Sap (Under Our Tongues),"A court, a cell, awaiting a sentence. Two boys: Warda, a Lebanese refugee, and Ange, a white delinquent. An escape turns into a manhunt. A meeting between 2 prisoners who beyond their different languages try to imagine their fate together.",Drama
Matèl,A young man living a monotonous life finds his boredom interrupted when he encounters a group of boys while working at a pedalo rental place.,
Quickie,A moment of post-coital tristesse offers us a glimpse into an intimate moment between two men.,
Hopepunk,"Rebellious driver Andi and a restless zombie named Pina are driving through the city with a dark secret in the trunk. Their destination is HOPEPUNK, a queer zombie squat at the edge of town where they set a trap for a gang of nationalist taxi drivers that has spread its filthy tentacles across the dead-zone metropolitan highways, controlling the streets of Athens.",
Are You F***ing Kidding Me?,"Party clown Bobo endures the birthday gig from hell, involving a snarky coworker and nightmare clients.",
Don't Talk to Strangers,Love-obsessed Desiree will stop at nothing to claim her soulmate. Consequences be damned!,
Gunner,"While on a camping trip in order to reconnect, war veteran Colonel Lee Gunner must save his two sons from a gang of violent bikers when they're kidnapped after accidentally stumbling upon to a massive drug operation.","Action, Thriller, Crime"
The House Was Not Hungry Then,"While searching for her estranged father, a young woman breaks into an empty house in the countryside where every visitor disappears. Now she must avoid the man posing as a real estate agent who lures victims inside.",Horror
Hearts Around the Table: Jenna's First Love,"Jenna plans a charity event for Billionaire Tom Redlands. But working with Tom's right hand Andrew is proving difficult, especially since Jenna and Andrew have a romantic history.",Romance
Mr. Buzzkill,"Years ago, the small town of Silver Grove witnessed a massacre like no other and the legend of Mr. Buzzkill was born. Today, a group of friends are about to meet the ultimate party crasher - and slasher.",Horror
Two Places at Once,“A man's chance encounter with a mysterious woman leads him on an unexpected journey that forces him to confront the consequences of his choices and the profound impact they have on others.”,"Drama, Fantasy"
Everest Dark,"Tourists line up at the foot of Mount Everest to climb the mythological mountain – and to tell everyone else about the feat. For the same reason, Mount Everest has become a graveyard full of the frozen corpses of fallen mountaineers. But the story of the world’s highest mountain also has another, overlooked side: the local one. For around the huge mountain between Nepal and Tibet lives a local population with their own worldview, which is very different from the one Western tourists arrive with. A world of mountain gods that demands respect for nature. To appease the angry mountain gods, the famous Nepalese mountaineer and national hero, Mingma Tsiri Sherpa, risks everything to return to Mount Everest one last time to retrieve a body and appease the sacred mountain.",Documentary
Haunted House of Pancakes,On Halloween night an evil waffle maker transforms all the food in a sleazy diner into killer creatures out for revenge against the patrons.,"Horror, Comedy"
Pearl,"Trapped on her family’s isolated farm, Pearl must tend to her ailing father under the bitter and overbearing watch of her devout mother. Lusting for a glamorous life like she’s seen in the movies, Pearl’s ambitions, temptations, and repressions collide.",Horror
Black Panther: Wakanda Forever,"Queen Ramonda, Shuri, M’Baku, Okoye and the Dora Milaje fight to protect their nation from intervening world powers in the wake of King T’Challa’s death.  As the Wakandans strive to embrace their next chapter, the heroes must band together with the help of War Dog Nakia and Everett Ross and forge a new path for the kingdom of Wakanda.","Action, Adventure, Science Fiction"
Ali Eats America,"17-year-old Ali Allouche, who is battling cancer, binges on food shows during his chemo treatments. Inspired by Anthony Bourdain’s ""Parts Unknown,"" Ali plots a cross-country adventure to visit innovative chefs and immerse himself in America’s rich food culture.",Documentary
Meneer L.,"An Asian tourist visits the touristic highlights that the Netherlands has to offer. After losing his passport – due to biased assumptions about his identity – he ends up in a refugee asylum situated on a former luxury cruise ship in Amsterdam. Awaiting a solution to his precarious situation, he manages to start special friendships with the residents of the asylum through non-verbal communication.",
Ik was een kind,"A reformed girl reports sexual abuse within her family, but the accused are acquitted. Twenty-five years later, how does her community look back on what happened?",
Blauwe ballen en andere verkrachtingsmythes,"In a personally driven film essay, Sunny Bergman explores why sexual violence is a problem of epidemic proportions and how we can break it. With a mirrorhouse as a safe space where people can tell their stories, Bergman also explores her own experiences.",
Slave Island,"On the Indonesian island Sumba, slavery is a living practice. Making a documentary about the subject, activist Jeremy Kewuan begins to follow the lives of three enslaved children kept by their ‘master’ Lucky. When one of the children disappears, Jeremy’s quest to eradicate human trafficking becomes very personal.",Documentary
МУЛЬТ в кино. Выпуск 180. Для хорошего настроения,,
Do Not Enter,"Two working class youtubers ‘in the making’ enter an abandoned mansion to get their basketball back, and get lost inside while pranking each other. They record their ‘quick adventure’ with their phones for their audience, and tweak it with a fake phantom appearance to attract more followers to their YouTube channel. When uploaded the video goes viral, so they start a challenge: if the video reaches a certain number of views, they will enter the house again, at night, alone, totally unprotected. As fans react positively, they will do as promised, not only to discover and unveil the true nature of the place and their inhabitants, but to realize they might not be among the living anymore. Which opens a question - how far would you go to be famous?",Horror
Rebel Moon - Part Two: The Scargiver,"The rebels gear up for battle against the ruthless forces of the Motherworld as unbreakable bonds are forged, heroes emerge — and legends are made.","Science Fiction, Action"
To Catch a Killer,Baltimore. New Year's Eve. A talented but troubled police officer is recruited by the FBI's chief investigator to help profile and track down a mass murderer.,"Thriller, Crime, Drama"
Hitch,"Dating coach Alex 'Hitch' Hitchens mentors a bumbling client, Albert, who hopes to win the heart of the glamorous Allegra Cole. While Albert makes progress, Hitch faces his own romantic setbacks when proven techniques fail to work on Sara Melas, a tabloid reporter digging for dirt on Allegra Cole's love life. When Sara discovers Hitch's connection to Albert – now Allegra's boyfriend – it threatens to destroy both relationships.","Comedy, Drama, Romance"
Fantastic Family,"Twenty-six years after her parents' dramatic break-up, film director Nicoline Skotte takes on the task of revisiting her childhood trauma by inviting her parents to participate in an investigation of shared family dynamics. Memories of their common past seem to be selectively edited by each individual. What led to this dramatic outcome and how did two such incompatible people ever end up together? Nicoline dives into the messy family relations, seeking to uncover what has never been said.",Documentary
Lucky Winners,"After winning the lottery, the life of the happy winner turns into a nightmare. The movie consists of four separate stories divided into five parts. They tell the different stages of the winner's life, from discovering the reward to witnessing the consequences caused by the prize.",Comedy
Dirty Angels,"During the United States' 2021 withdrawal from Afghanistan, a group of female soldiers posing as medical relief are sent back in to rescue a group of kidnapped teenagers caught between ISIS and the Taliban.","Action, Drama, Thriller, War"
Valerian and the City of a Thousand Planets,"In the 28th century, Valerian and Laureline are special operatives charged with keeping order throughout the human territories. On assignment from the Minister of Defense, the two undertake a mission to Alpha, an ever-expanding metropolis where species from across the universe have converged over centuries to share knowledge, intelligence, and cultures. At the center of Alpha is a mysterious dark force which threatens the peaceful existence of the City of a Thousand Planets, and Valerian and Laureline must race to identify the menace and safeguard not just Alpha, but the future of the universe.","Adventure, Science Fiction, Action"
Almost Famous,"In 1973, 15-year-old William Miller's unabashed love of music and aspiration to become a rock journalist lands him an assignment from Rolling Stone magazine to interview and tour with the up-and-coming band, Stillwater.","Drama, Music"
New Life,"The girl Zhao Xiaoman repeated her life of doing odd jobs, and the intrusion of a stray dog gradually made her let go of the pain of her family. The inseparable day and night companionship warmed the two lonely souls. When bidding farewell is inevitable, should we still take care of it? Xiaoman chose to respond calmly with actions - I want to take care of myself, we will all be fine.",Drama
The Gray Man,"When a shadowy CIA agent uncovers damning agency secrets, he's hunted across the globe by a sociopathic rogue operative who's put a bounty on his head.","Action, Thriller"
The French Dispatch,"The staff of an American magazine based in France puts out its last issue, with stories featuring an artist sentenced to life imprisonment, student riots, and a kidnapping resolved by a chef.","Drama, Comedy"
Kung Fury,"During an unfortunate series of events, a friend of Kung Fury is assassinated by the most dangerous kung fu master criminal of all time, Adolf Hitler, a.k.a Kung Führer.  Kung Fury decides to travel back in time to Nazi Germany in order to kill Hitler and end the Nazi empire once and for all.","Action, Comedy, Science Fiction, Fantasy"
Valerian and the City of a Thousand Planets,"In the 28th century, Valerian and Laureline are special operatives charged with keeping order throughout the human territories. On assignment from the Minister of Defense, the two undertake a mission to Alpha, an ever-expanding metropolis where species from across the universe have converged over centuries to share knowledge, intelligence, and cultures. At the center of Alpha is a mysterious dark force which threatens the peaceful existence of the City of a Thousand Planets, and Valerian and Laureline must race to identify the menace and safeguard not just Alpha, but the future of the universe.","Adventure, Science Fiction, Action"
Almost Famous,"In 1973, 15-year-old William Miller's unabashed love of music and aspiration to become a rock journalist lands him an assignment from Rolling Stone magazine to interview and tour with the up-and-coming band, Stillwater.","Drama, Music"
New Life,"The girl Zhao Xiaoman repeated her life of doing odd jobs, and the intrusion of a stray dog gradually made her let go of the pain of her family. The inseparable day and night companionship warmed the two lonely souls. When bidding farewell is inevitable, should we still take care of it? Xiaoman chose to respond calmly with actions - I want to take care of myself, we will all be fine.",Drama
The Gray Man,"When a shadowy CIA agent uncovers damning agency secrets, he's hunted across the globe by a sociopathic rogue operative who's put a bounty on his head.","Action, Thriller"
The French Dispatch,"The staff of an American magazine based in France puts out its last issue, with stories featuring an artist sentenced to life imprisonment, student riots, and a kidnapping resolved by a chef.","Drama, Comedy"
Kung Fury,"During an unfortunate series of events, a friend of Kung Fury is assassinated by the most dangerous kung fu master criminal of all time, Adolf Hitler, a.k.a Kung Führer.  Kung Fury decides to travel back in time to Nazi Germany in order to kill Hitler and end the Nazi empire once and for all.","Action, Comedy, Science Fiction, Fantasy"
White House Down,"Capitol Policeman John Cale has just been denied his dream job with the Secret Service protecting President James Sawyer. Not wanting to let down his little girl with the news, he takes her on a tour of the White House, when the complex is overtaken by a heavily armed paramilitary group. Now, with the nation's government falling into chaos and time running out, it's up to Cale to save the president, his daughter, and the country.","Action, Drama, Thriller"
Paddington,"A young Peruvian bear travels to London in search of a new home. Finding himself lost and alone at Paddington Station, he meets the kindly Brown family.","Comedy, Adventure, Family"
Ponyo,"When Sosuke, a young boy who lives on a clifftop overlooking the sea, rescues a stranded goldfish named Ponyo, he discovers more than he bargained for. Ponyo is a curious, energetic young creature who yearns to be human, but even as she causes chaos around the house, her father, a powerful sorcerer, schemes to return Ponyo to the sea.","Animation, Fantasy, Family"
Snack Shack,"Inseparable best friends AJ and Moose decide to run the local pool's snack shack after their plan to sell home-brewed beer goes down the drain. Things take a turn when they meet Brooke, an effortlessly cool lifeguard who puts their big plans, and friendship, at risk.",Comedy
The Virgin Suicides,"A group of male friends become obsessed with five mysterious sisters who are sheltered by their strict, religious parents.",Drama
concerts,a documentary looking at the concert going experience and what it means to people.,Documentary
Beetlejuice,A newly dead New England couple seeks help from a deranged demon exorcist to scare an affluent New York family out of their home.,"Fantasy, Comedy"
School of Rock,"Fired from his band and hard up for cash, guitarist and vocalist Dewey Finn finagles his way into a job as a fifth-grade substitute teacher at a private school, where he secretly begins teaching his students the finer points of rock 'n' roll. The school's hard-nosed principal is rightly suspicious of Finn's activities. But Finn's roommate remains in the dark about what he's doing.","Comedy, Music"
Thelma,"When 93-year-old Thelma Post gets duped by a phone scammer pretending to be her grandson, she sets out on a treacherous quest across the city to reclaim what was taken from her.","Action, Comedy, Adventure, Drama"
The Girl Who Leapt Through Time,"When 17-year-old Makoto Konno gains the ability to, quite literally, ""leap"" backwards through time, she immediately sets about improving her grades and preventing personal mishaps. However, she soon realises that changing the past isn't as simple as it seems, and eventually, will have to rely on her new powers to shape the future of herself and her friends.","Fantasy, Animation, Drama, Science Fiction"
The Karate Kid,"Daniel LaRusso moves to Los Angeles with his mother, Lucille, and soon strikes up a relationship with Ali. He quickly finds himself the target of bullying by a group of high school students, led by Ali's ex-boyfriend Johnny, who study karate at the Cobra Kai dojo under ruthless sensei, John Kreese. Fortunately, Daniel befriends Mr. Miyagi, an unassuming repairman who just happens to be a martial arts master himself. Miyagi takes Daniel under his wing, training him in a more compassionate form of karate for self-defense and, later, preparing him to compete against the brutal Cobra Kai.","Action, Drama, Family"
A.I. Artificial Intelligence,"David, a robotic boy—the first of his kind programmed to love—is adopted as a test case by a Cybertronics employee and his wife. Though he gradually becomes their child, a series of unexpected circumstances make this life impossible for David.","Drama, Science Fiction, Adventure"
Independence Day,"Strange phenomena surface around the globe. The skies ignite. Terror races through the world's major cities. As these extraordinary events unfold, it becomes increasingly clear that a force of incredible magnitude has arrived. Its mission: total annihilation over the Fourth of July weekend. The last hope to stop the destruction is an unlikely group of people united by fate and unimaginable circumstances.","Action, Adventure, Science Fiction"
Back to the Future Part III,"The final installment finds Marty digging the trusty DeLorean out of a mineshaft and looking for Doc in the Wild West of 1885. But when their time machine breaks down, the travelers are stranded in a land of spurs. More problems arise when Doc falls for pretty schoolteacher Clara Clayton, and Marty tangles with Buford Tannen.","Adventure, Comedy, Science Fiction"
Sisu,"When an ex-soldier who discovers gold in the Lapland wilderness tries to take the loot into the city, German soldiers led by a brutal SS officer battle him.","Action, War, Adventure"
The Tragedy of Macbeth,"Macbeth, the Thane of Glamis, receives a prophecy from a trio of witches that one day he will become King of Scotland. Consumed by ambition and spurred to action by his wife, Macbeth murders his king and takes the throne for himself.","Drama, War"
Money Monster,Financial TV host Lee Gates and his producer Patty are put in an extreme situation when an irate investor takes over their studio.,"Thriller, Drama, Action, Comedy, Crime, Mystery"
Straight Outta Compton,"In 1987, five young men, using brutally honest rhymes and hardcore beats, put their frustration and anger about life in the most dangerous place in America into the most powerful weapon they had: their music.  Taking us back to where it all began, Straight Outta Compton tells the true story of how these cultural rebels—armed only with their lyrics, swagger, bravado and raw talent—stood up to the authorities that meant to keep them down and formed the world’s most dangerous group, N.W.A.  And as they spoke the truth that no one had before and exposed life in the hood, their voice ignited a social revolution that is still reverberating today.","Drama, Music, History"
River Returns,"In 1958, as a deadly typhoon approaches, a young boy embarks on a perilous journey to a haunted mountain pool, determined to calm a sorrowful spirit whose grief has cursed the village with devastating floods.","Drama, Fantasy"
Find Me Falling,"After a failed comeback album, a rock star retreats to a cliffside home on Cyprus, only to find his new life complicated by visitors — and an old flame.","Romance, Comedy, Music"
Making Of,"Simon, a well-known French filmmaker, starts shooting his next film. A story about workers fighting to protect their factory from being relocated. But nothing goes as planned... His producer Viviane wants to rewrite the ending and is threatening to cut the budget; his own crew goes on strike; his personal life is in shambles; and to make things worse, his lead actor Alain is an egocentric jerk. Joseph, an extra who wants to get into the film industry, agrees to direct the making of and shoot the behind-the-scenes. He takes his role very seriously and starts following around the crew, capturing all this mess... What follows is proof that the making of can sometimes be far better than the film itself!","Comedy, Drama"
Watcher,"As a serial killer stalks the city, Julia — a young actress who just moved to town with her husband — notices a mysterious stranger watching her from across the street.","Horror, Mystery, Thriller"
Project Silence,"Due to sudden deteriorating weather conditions, visibility on the Airport Bridge is severely impaired, leaving people stranded and at risk of the bridge collapsing due to a series of chain collisions and explosions. Amidst the chaos, the canine subjects ""Echo"" from the military experiment ""Project Silence,"" who were being transported in secret, break free, and all human survivors become targets of relentless attacks.","Thriller, Action, Horror, Science Fiction, Adventure"
Clerks,"Convenience and video store clerks Dante and Randal are sharp-witted, potty-mouthed and bored out of their minds. So in between needling customers, the counter jockeys play hockey on the roof, visit a funeral home and deal with their love lives.",Comedy
Exhuma,"After tracing the origin of a disturbing supernatural affliction to a wealthy family's ancestral gravesite, a team of paranormal experts relocates the remains—and soon discovers what happens to those who dare to mess with the wrong grave.","Mystery, Horror, Thriller"
Portrait of a Lady on Fire,"On an isolated island in Brittany at the end of the eighteenth century, a female painter is obliged to paint a wedding portrait of a young woman.","Drama, Romance, History"
Fifty Shades Freed,"Believing they have left behind shadowy figures from their past, newlyweds Christian and Ana fully embrace an inextricable connection and shared life of luxury. But just as she steps into her role as Mrs. Grey and he relaxes into an unfamiliar stability, new threats could jeopardize their happy ending before it even begins.","Drama, Romance"
Sleepy Hollow,"Skeptical young detective Ichabod Crane gets transferred to the hamlet of Sleepy Hollow, New York, where he is tasked with investigating the decapitations of three people – murders the townsfolk attribute to a legendary specter, The Headless Horseman.","Drama, Fantasy, Thriller, Mystery, Horror"
Mr. Bean's Holiday,"Mr. Bean wins a trip to Cannes where he unwittingly separates a young boy from his father and must help the two reunite. On the way he discovers France, bicycling and true love, among other things.","Family, Comedy"
Ocean's Thirteen,"Danny Ocean's team of criminals are back and composing a plan more personal than ever. When ruthless casino owner Willy Bank doublecrosses Reuben Tishkoff, causing a heart attack, Danny Ocean vows that he and his team will do anything to bring down Willy Bank along with everything he's got. Even if it means asking for help from an enemy.","Crime, Thriller"
Justice League: Crisis on Infinite Earths Part Three,"Now fully revealed as the ultimate threat to existence, the Anti-Monitor wages an unrelenting attack on the surviving Earths that struggle for survival in a pocket universe. One by one, these worlds and all their inhabitants are vaporized! On the planets that remain, even time itself is shattered, and heroes from the past join the Justice League and their rag-tag allies against the epitome of evil. But as they make their last stand, will the sacrifice of the superheroes be enough to save us all?","Animation, Science Fiction, Action"
Bob Marley: One Love,Jamaican singer-songwriter Bob Marley overcomes adversity to become the most famous reggae musician in the world.,"Music, History, Drama"
Deep Water,A well-to-do husband who allows his wife to have affairs in order to avoid a divorce becomes a prime suspect in the disappearance of her lovers.,"Drama, Mystery, Thriller"
Guardians of the Galaxy Vol. 3,"Peter Quill, still reeling from the loss of Gamora, must rally his team around him to defend the universe along with protecting one of their own. A mission that, if not completed successfully, could quite possibly lead to the end of the Guardians as we know them.","Science Fiction, Adventure, Action, Comedy"
Guardians of the Galaxy Vol. 3,"Peter Quill, still reeling from the loss of Gamora, must rally his team around him to defend the universe along with protecting one of their own. A mission that, if not completed successfully, could quite possibly lead to the end of the Guardians as we know them.","Science Fiction, Adventure, Action, Comedy"
Wall Street: Money Never Sleeps,"As the global economy teeters on the brink of disaster, a young Wall Street trader partners with disgraced former Wall Street corporate raider Gordon Gekko on a two tiered mission: To alert the financial community to the coming doom, and to find out who was responsible for the death of the young trader's mentor.","Drama, Crime"
Knowing,A teacher opens a time capsule that has been dug up at his son's elementary school; in it are some chilling predictions -- some that have already occurred and others that are about to -- that lead him to believe his family plays a role in the events that are about to unfold.,"Action, Mystery, Science Fiction, Thriller"
Ghost Rider,"In order to save his dying father, young stunt cyclist Johnny Blaze sells his soul to Mephistopheles and sadly parts from the pure-hearted Roxanne Simpson, the love of his life. Years later, Johnny's path crosses again with Roxanne, now a go-getting reporter, and also with Mephistopheles, who offers to release Johnny's soul if Johnny becomes the fabled, fiery 'Ghost Rider'.","Thriller, Action, Fantasy"
The Family Plan,"Dan Morgan is many things: a devoted husband, a loving father, a celebrated car salesman. He's also a former assassin. And when his past catches up to his present, he's forced to take his unsuspecting family on a road trip unlike any other.","Action, Comedy"
A Difficult Year,"Compulsive spenders Albert and Bruno are in debt up to their necks. While seeking help from community workers to get their lives back on track, they run into a group of young green activists. Lured by the free beer and snacks rather than by the ideals of eco-activists, Albert and Bruno find themselves joining the movement without much conviction.",Comedy
Lord of War,"Yuri Orlov is a globetrotting arms dealer and, through some of the deadliest war zones, he struggles to stay one step ahead of a relentless Interpol agent, his business rivals and even some of his customers who include many of the world's most notorious dictators. Finally, he must also face his own conscience.","Crime, Drama, Thriller"
Phone Booth,"A slick New York publicist who picks up a ringing receiver in a phone booth is told that if he hangs up, he'll be killed... and the little red light from a laser rifle sight is proof that the caller isn't kidding.","Thriller, Crime"
The Thomas Crown Affair,"Young businessman Thomas Crown is bored and decides to plan a robbery and assigns a professional agent with the right information to the job. However, Crown is soon betrayed yet cannot blow his cover because he’s in love.","Drama, Crime, Romance"
Hundreds of Beavers,"In the 19th century, a drunken applejack salesman must go from zero to hero and become North America's greatest fur trapper by defeating hundreds of beavers.","Comedy, Adventure, Action"
Phantom Thread,"In 1950s London, a renowned dressmaker's meticulous lifestyle begins drastically changing as his relationship with his young muse intensifies.","Drama, Romance"
Isle of Dogs,"In the future, an outbreak of canine flu leads the mayor of a Japanese city to banish all dogs to an island used as a garbage dump. The outcasts must soon embark on an epic journey when a 12-year-old boy arrives on the island to find his beloved pet.","Adventure, Comedy, Animation"
Beauty and the Beast,"Follow the adventures of Belle, a bright young woman who finds herself in the castle of a prince who's been turned into a mysterious beast. With the help of the castle's enchanted staff, Belle soon learns the most important lesson of all -- that true beauty comes from within.","Romance, Family, Animation, Fantasy"
Togo,"The untold true story set in the winter of 1925 that takes you across the treacherous terrain of the Alaskan tundra for an exhilarating and uplifting adventure that will test the strength, courage and determination of one man, Leonhard Seppala, and his lead sled dog, Togo.","Adventure, Family"
Legend,"Suave, charming and volatile, Reggie Kray and his unstable twin brother Ronnie start to leave their mark on the London underworld in the 1960s. Using violence to get what they want, the siblings orchestrate robberies and murders while running nightclubs and protection rackets. With police Detective Leonard ""Nipper"" Read hot on their heels, the brothers continue their rapid rise to power and achieve tabloid notoriety.","Crime, Thriller"
Wall Street,"A young and impatient stockbroker is willing to do anything to get to the top, including trading on illegal inside information taken through a ruthless and greedy corporate raider whom takes the youth under his wing.","Crime, Drama"
Nacho Libre,"Nacho Libre is loosely based on the story of Fray Tormenta (""Friar Storm""), aka Rev. Sergio Gutierrez Benitez, a real-life Mexican Catholic priest who had a 23-year career as a masked luchador. He competed in order to support the orphanage he directed.","Comedy, Family, Drama"
The Last Breath,A group of old college friends reunite on a Caribbean scuba diving trip exploring the wreckage of a WWII battleship and find themselves trapped inside the underwater labyrinth of rusted metal surrounded by great white sharks.,"Horror, Thriller"
Petite Maman,"After the death of her beloved grandmother, eight-year-old Nelly meets a strangely familiar girl her own age in the woods. Instantly forming a connection with this mysterious new friend, Nelly embarks on a fantastical journey of discovery which helps her come to terms with this newfound loss.","Drama, Fantasy, Family"
Wrath of Man,"A cold and mysterious new security guard for a Los Angeles cash truck company surprises his co-workers when he unleashes precision skills during a heist. The crew is left wondering who he is and where he came from. Soon, the marksman's ultimate motive becomes clear as he takes dramatic and irrevocable steps to settle a score.","Crime, Action, Thriller"
The Wolf's Call,"Shown from the perspective of a young submariner with unusually sensitive hearing and uncannily precise sound recognition. The fate of many often depends on his ability, and one time, whilst highly stressed, he makes a incorrect call which put his entire crew in mortal danger.  Trying to regain the confidence of his comrades, he conducts an unauthorised investigation of an apparent plot which, it turns out, risks escalating into a nuclear apocalypse. Suddenly working under pressure with the fleet admiral, they must do whatever is necessary, even the unthinkable, to prevent a nuclear war, since a confirmed nuclear strike order cannot be countermanded.","Thriller, Action, Adventure"
The Connection,"Newly transferred to the bustling port city of Marseille to assist with a crackdown on organized crime, energetic young magistrate Pierre Michel is given a rapid-fire tutorial on the ins and outs of an out-of-control drug trade. Pierre's wildly ambitious mission is to take on the French Connection, a highly organized operation that controls the city's underground heroin economy and is overseen by the notorious —and reputedly untouchable— Gaetan Zampa. Fearless, determined and willing to go the distance, Pierre plunges into an underworld world of insane danger and ruthless criminals.","Thriller, Crime, Action"
Chronicle,"Three high school students make an incredible discovery, leading to their developing uncanny powers beyond their understanding. As they learn to control their abilities and use them to their advantage, their lives start to spin out of control, and their darker sides begin to take over.","Science Fiction, Drama, Thriller"
"Crazy, Stupid, Love.","Cal Weaver is living the American dream. He has a good job, a beautiful house, great children and a beautiful wife, named Emily. Cal's seemingly perfect life unravels, however, when he learns that Emily has been unfaithful and wants a divorce. Over 40 and suddenly single, Cal is adrift in the fickle world of dating. Enter, Jacob Palmer, a self-styled player who takes Cal under his wing and teaches him how to be a hit with the ladies.","Comedy, Drama, Romance"
American Fiction,"A novelist fed up with the establishment profiting from ""Black"" entertainment uses a pen name to write a book that propels him into the heart of hypocrisy and the madness he claims to disdain.","Comedy, Drama"
The Strangers: Chapter 1,"After their car breaks down in an eerie small town, a young couple are forced to spend the night in a remote cabin. Panic ensues as they are terrorized by three masked strangers who strike with no mercy and seemingly no motives.","Horror, Thriller"
Need for Speed,"The film revolves around a local street-racer who partners with a rich and arrogant business associate, only to find himself framed by his colleague and sent to prison. After he gets out, he joins a New York-to-Los Angeles race to get revenge. But when the ex-partner learns of the scheme, he puts a massive bounty on the racer's head, forcing him to run a cross-country gauntlet of illegal racers in all manner of supercharged vehicles.","Action, Crime, Drama, Thriller"
A Family Affair,The only thing worse than being the assistant to a high-maintenance movie star who doesn't take you seriously? Finding out he's smitten with your mom.,"Romance, Comedy"
I Care a Lot,A court-appointed legal guardian defrauds her older clients and traps them under her care. But her latest mark comes with some unexpected baggage.,"Crime, Thriller, Drama"
Child's Play,"Karen, a single mother, gifts her son Andy a Buddi doll for his birthday, unaware of its more sinister nature. A contemporary re-imagining of the 1988 horror classic.","Horror, Thriller"
The Round Up,"A faithful retelling of the 1942 ""Vel' d'Hiv Roundup"" and the events surrounding it.","Drama, History, War"
The Adjustment Bureau,"A man glimpses the future Fate has planned for him – and chooses to fight for his own destiny. Battling the powerful Adjustment Bureau across, under and through the streets of New York, he risks his destined greatness to be with the only woman he's ever loved.","Science Fiction, Thriller, Romance"
The Dinner Game,"For Pierre Brochant and his friends, Wednesday is “Idiots' Day”. The idea is simple: each person has to bring along an idiot. The one who brings the most spectacular idiot wins the prize. Tonight, Brochant is ecstatic. He has found a gem. The ultimate idiot, “A world champion idiot!”. What Brochant doesn’t know is that Pignon is a real jinx, a past master in the art of bringing on catastrophes...",Comedy
Rush Hour 3,"After a botched assassination attempt, the mismatched duo finds themselves in Paris, struggling to retrieve a precious list of names, as the murderous crime syndicate's henchmen try their best to stop them. Once more, Lee and Carter must fight their way through dangerous gangsters; however, this time, the past has come back to haunt Lee. Will the boys get the job done once and for all?","Action, Comedy, Crime"
City of Angels,"When a guardian angel – who invisibly watches over the citizens of Los Angeles – becomes captivated by a strong-willed heart surgeon, he ponders trading in his pure, otherworldly existence for a mortal life with his beloved. The couple embarks on a tender but forbidden romance spanning heaven and Earth.","Romance, Drama, Fantasy"
Drawing Closer,"With only a year left to live, 17-year-old Akito finds new meaning in life by bringing joy to a terminally ill girl who has just six months remaining.","Romance, Drama"
Free Solo,"Follow Alex Honnold as he attempts to become the first person to ever free solo climb Yosemite's 3,000 foot high El Capitan wall. With no ropes or safety gear, this would arguably be the greatest feat in rock climbing history.","Documentary, Adventure"
The Insider,A research chemist comes under personal and professional attack when he decides to appear in a 60 Minutes exposé on Big Tobacco.,"Drama, Thriller"
The Polar Express,"When a doubting young boy takes an extraordinary train ride to the North Pole, he embarks on a journey of self-discovery that shows him that the wonder of life never fades for those who believe.","Animation, Adventure, Family, Fantasy"
Babel,"In Babel, a tragic incident involving an American couple in Morocco sparks a chain of events for four families in different countries throughout the world.",Drama
Babel,"In Babel, a tragic incident involving an American couple in Morocco sparks a chain of events for four families in different countries throughout the world.",Drama
Singin' in the Rain,"In 1927 Hollywood, a silent film production company and cast make a difficult transition to sound.","Comedy, Romance"
Gattaca,"Vincent is an all-too-human man who dares to defy a system obsessed with genetic perfection. He is an ""In-Valid"" who assumes the identity of a member of the genetic elite to pursue his goal of traveling into space with the Gattaca Aerospace Corporation.","Thriller, Science Fiction, Mystery, Romance"
Gone with the Wind,The spoiled daughter of a Georgia plantation owner conducts a tumultuous romance with a cynical profiteer during the American Civil War and Reconstruction Era.,"Drama, War, Romance"
Run Lola Run,"Lola receives a phone call from her boyfriend Manni. He lost 100,000 DM in a subway train that belongs to a very bad guy. She has 20 minutes to raise this amount and meet Manni. Otherwise, he will rob a store to get the money. Three different alternatives may happen depending on some minor event along Lola's run.","Action, Drama, Thriller"
Gran Turismo,The ultimate wish-fulfillment tale of a teenage Gran Turismo player whose gaming skills won him a series of Nissan competitions to become an actual professional racecar driver.,"Adventure, Action, Drama"
The Animal Kingdom,"In a world hit by a wave of mutations transforming humans into animals, François does everything he can to save his wife. As some of the creatures disappear into a nearby forest, he and their son Émile embark on a quest that will change their lives forever.","Adventure, Drama, Science Fiction"
Fantastic Beasts: The Secrets of Dumbledore,"Professor Albus Dumbledore knows the powerful, dark wizard Gellert Grindelwald is moving to seize control of the wizarding world. Unable to stop him alone, he entrusts magizoologist Newt Scamander to lead an intrepid team of wizards and witches. They soon encounter an array of old and new beasts as they clash with Grindelwald's growing legion of followers.","Fantasy, Adventure"
El Mariachi,"El Mariachi just wants to play his guitar and carry on the family tradition. Unfortunately, the town he tries to find work in has another visitor, a killer who carries his guns in a guitar case. The drug lord and his henchmen mistake el Mariachi for the killer, Azul, and chase him around town trying to kill him and get his guitar case.","Action, Crime, Thriller, Western"
Delicatessen,"In a post-apocalyptic world, the residents of an apartment above the butcher shop receive an occasional delicacy of meat, something that is in low supply. A young man new in town falls in love with the butcher's daughter, which causes conflicts in her family, who need the young man for other business-related purposes.","Comedy, Science Fiction, Fantasy"
Acid,"During a heat wave, strange clouds start pouring down acid rain, wreaking devastation and panic throughout France. In a world teetering on the edge, a girl and her divorced parents must join forces to confront and try to escape this climate catastrophe.","Drama, Science Fiction, Fantasy"
The Blackcoat's Daughter,"Two young women at a prestigious prep school are assailed by an evil, invisible power when they're stranded over winter break.","Horror, Mystery"
Samba,"Samba migrated to France 10 years ago from Senegal, and has since been plugging away at various lowly jobs. Alice is a senior executive who has recently undergone a burnout. Both struggle to get out of their dead-end lives. Samba's willing to do whatever it takes to get working papers, while Alice tries to get her life back on track until fate draws them together.","Drama, Comedy"
The Butler,"A look at the life of Cecil Gaines, who served eight presidents as the White House's head butler from 1952 to 1986, and had a unique front-row seat as political and racial history was made.",Drama
Air Force One,"When Russian neo-nationalists hijack Air Force One, the world's most secure and extraordinary aircraft, the President is faced with a nearly impossible decision to give in to terrorist demands or sacrifice not only the country's dignity, but the lives of his wife and daughter.","Action, Thriller"
Toni,"Toni has spent her entire life putting other people’s needs before her own. When she was 20 years old, she was pushed by her mother to join a TV singing competition, becoming a national star. Twenty years and five children later, she is a full-time mom who spends all her time and effort on raising her teenage kids. As she helps her children plan their future after graduation, she begins to imagine what her life could be if - for once - she did what she really wanted. Will she be able to turn her life around and dare to be something other than a mother and a daughter?","Comedy, Drama"
A Real Job,"Benjamin is a PhD student without scholarship support. Under the pressure of his parents, and in need of money, he becomes a substitute teacher in a middle school. Without training nor experience, and facing a declining public educational system, he discovers how tough this job can be. Hopefully, his supportive and committed colleagues will lead him to take a fresh look at the profession.","Comedy, Drama"
I Am: Celine Dion,"A raw and honest behind-the-scenes look at the iconic superstar's struggle with a life-altering illness. Serving as a love letter to her fans, this inspirational documentary highlights the music that has guided her life while also showcasing the resilience of the human spirit.","Documentary, Music"
The Invisible Man,"When Cecilia's abusive ex takes his own life and leaves her his fortune, she suspects his death was a hoax. As a series of coincidences turn lethal, Cecilia works to prove that she is being hunted by someone nobody can see.","Thriller, Science Fiction, Horror"
21 Bridges,"An embattled NYPD detective, is thrust into a citywide manhunt for a pair of cop killers after uncovering a massive and unexpected conspiracy. As the night unfolds, lines become blurred on who he is pursuing, and who is in pursuit of him.","Crime, Action, Drama"
Break,"The company of three guys and two girls makes their way to the old funicular to have an unforgettable New Year’s Eve celebration at the top of the mountain. A fun adventure turns into a nightmare when the funicular stops over the abyss. Coldness, height and fear of a slow death make them reveal their true essence and get in a fight with each other.",Thriller
What's in a Name,"Vincent, a wealthy real estate agent, is invited to dinner by his sister Elizabeth and her husband Peter, both professors in Paris. Claude, a childhood friend and trombonist in a symphony orchestra, is also present. Vincent brings news from the prenatal examination of his and his wife Anna's unborn son.  The name chosen by the soon-to-be parents strongly offends the others for many reasons. The dispute between the guests quickly escalates and before long the resurgence of old grudges and hidden secrets is unavoidable ...",Comedy
The Bling Ring,"Inspired by actual events, a group of fame-obsessed teenagers use the Internet to track celebrities' whereabouts in order to rob their homes.","Drama, Crime"
The Players,"Eight short films explore the subject of male infidelity. Serial cheaters, Fred and Greg, spend a night on the town doing what they do best, and with absolutely no regrets. The duo play various characters in assorted extracurricular situations, ranging from sexist to the darker sides of carnal desires.",Comedy
J. Edgar,"As the face of law enforcement in the United States for almost 50 years, J. Edgar Hoover was feared and admired, reviled and revered. But behind closed doors, he held secrets that would have destroyed his image, his career, and his life.","Drama, Crime, History"
Lawless,"In 1931, the Bondurant brothers of Franklin County, Virginia, run a multipurpose backwoods establishment that hides their true business — bootlegging. Middle brother Forrest is the brain of the operation; older Howard is the brawn, and younger Jack, the lookout. Though the local police have taken bribes and left the brothers alone, a violent war erupts when a sadistic lawman from Chicago arrives and tries to shut down the Bondurants operation.","Crime, Drama, Western"
The Baytown Outlaws,"When three redneck brothers agree to help a woman save her son from an abusive father, they become targets on the run from an odd cast of characters.","Action, Comedy, Crime"
The Awakening,"In post–War England, a writer and sometime-ghost hunter investigates a reported haunting at a boys boarding school.","Horror, Thriller, Mystery"
The Artist,"Hollywood, 1927: As silent movie star George Valentin wonders if the arrival of talking pictures will cause him to fade into oblivion, he sparks with Peppy Miller, a young dancer set for a big break.","Drama, Comedy, Romance"
Abduction,"For many years, Nathan Harper has had the uneasy feeling that life with his family isn't quite what it seems. As he draws closer to uncovering the truth, he is hunted by assassins, forcing him to flee with his neighbor, Karen, the only person he can trust.","Thriller, Action, Mystery"
Ultraman: Rising,"A star athlete reluctantly returns home to take over his father's duties as Ultraman, shielding Tokyo from giant monsters as he becomes a legendary hero.","Animation, Science Fiction, Family, Action"
Next Goal Wins,Dutch coach Thomas Rongen attempts the nearly impossible task of turning the American Samoa soccer team from perennial losers into winners.,"Comedy, Drama"
Scary Stories to Tell in the Dark,"Mill Valley, Pennsylvania, Halloween night, 1968. After playing a joke on a school bully, Stella and her friends decide to sneak into a supposedly haunted house that once belonged to the powerful Bellows family, unleashing dark forces that they will be unable to control.","Horror, Adventure, Mystery"
The Descendants,"With his wife Elizabeth on life support after a boating accident, Hawaiian land baron Matt King takes his daughters on a trip from Oahu to Kauai to confront a young real estate broker, who was having an affair with Elizabeth before her misfortune.","Comedy, Drama"
The Tourist,"American tourist Frank meets mysterious British woman Elise on the train to Venice. Romance seems to bud, but there's more to her than meets the eye.","Action, Thriller, Romance"
Repo Men,"In the future, medical technology has advanced to the point where people can buy artificial organs to extend their lives. But if they default on payments, an organization known as the Union sends agents to repossess the organs. Remy is one of the best agents in the business, but when he becomes the recipient of an artificial heart, he finds himself in the same dire straits as his many victims.","Action, Science Fiction, Thriller, Crime"
The American,"Dispatched to a small Italian town to await further orders, assassin Jack embarks on a double life that may be more relaxing than is good for him.","Crime, Drama, Thriller"
The Ghost Writer,A writer stumbles upon a long-hidden secret when he agrees to help former British Prime Minister Adam Lang complete his memoirs on a remote island after the politician's assistant drowns in a mysterious accident.,"Thriller, Mystery"
The Bank Job,"Terry is a small-time car dealer trying to leave his shady past behind and start a family. Martine is a beautiful model from Terry's old neighbourhood who knows that Terry is no angel. When Martine proposes a foolproof plan to rob a bank, Terry recognises the danger but realises this may be the opportunity of a lifetime.","Thriller, Crime, Drama"
Bottoms,Unpopular best friends PJ and Josie start a high school self-defense club to meet girls and lose their virginity. They soon find themselves in over their heads when the most popular students start beating each other up in the name of self-defense.,Comedy
The 12th Man,"After a failed anti-Nazi sabotage mission leaves his eleven comrades dead, a Norwegian resistance fighter finds himself fleeing the Gestapo through the snowbound reaches of Scandinavia.","War, Drama"
Terrifier,A maniacal clown named Art terrorizes three young women on Halloween night and everyone else who stands in his way.,"Horror, Thriller"
You Were Never Really Here,"A traumatised veteran, unafraid of violence, tracks down missing girls for a living. When a job spins out of control, his nightmares overtake him as a conspiracy is uncovered leading to what may be his death trip or his awakening.","Crime, Drama, Thriller"
"I, Tonya","Competitive ice skater Tonya Harding rises amongst the ranks at the U.S. Figure Skating Championships, but her future in the sport is thrown into doubt when her ex-husband intervenes.","Drama, Comedy"
Thirteen Days,The story of the Cuban Missile Crisis in 1962—the nuclear standoff with the USSR sparked by the discovery by the Americans of missile bases established on the Soviet-allied island of Cuba.,"History, Thriller"
The Black Dahlia,"In 1940s Los Angeles, two former boxers-turned-cops must grapple with corruption, narcissism, stag films and family madness as they pursue the killer of an aspiring young actress.","Crime, Thriller, Drama"
Stepmom,"Jackie is a divorced mother of two. Isabel is the career minded girlfriend of Jackie’s ex-husband Luke, forced into the role of unwelcome stepmother to their children. But when Jackie discovers she is ill, both women realise they must put aside their differences to find a common ground and celebrate life to the fullest, while they have the chance.","Drama, Romance, Comedy"
Donnie Brasco,An FBI undercover agent infiltrates the mob and identifies more with the mafia life at the expense of his regular one.,"Crime, Drama, Thriller"
Five Times Two,"As young French couple Gilles and Marion officially separate, we see, in reverse order, the milestone moments in their relationship: Gilles revealing his unfaithfulness at a tense dinner party; Marion giving birth to their premature son while Gilles is elsewhere; Gilles and Marion's joyous wedding; and, finally, the fateful moment when they meet as acquaintances at an Italian beach resort, and their love affair begins.","Drama, Romance"
Traffic,"An exploration of the United States of America's war on drugs from multiple perspectives. For the new head of the Office of National Drug Control Policy, the war becomes personal when he discovers his well-educated daughter is abusing cocaine within their comfortable suburban home. In Mexico, a flawed, but noble policeman agrees to testify against a powerful general in league with a cartel, and in San Diego, a drug kingpin's sheltered trophy wife must learn her husband's ruthless business after he is arrested, endangering her luxurious lifestyle.","Thriller, Drama, Crime"
Saw II,"The chilling and relentless Jigsaw killer returns to terrorize the city once again. When a gruesome murder victim emerges with unmistakable traces of Jigsaw's sinister methods, Detective Eric Matthews is thrust into a high-stakes investigation. To his surprise, apprehending Jigsaw seems almost too easy, but what he doesn't realize is that being caught is merely another piece of Jigsaw's intricate puzzle.",Horror
Three Colors: Red,"Part-time model Valentine unexpectedly befriends a retired judge after she runs over his dog. At first, the grumpy man shows no concern about the dog, and Valentine decides to keep it. But the two form a bond when she returns to his house and catches him listening to his neighbors’ phone calls.","Drama, Mystery, Romance"
Three Colors: White,"Polish immigrant Karol Karol finds himself out of a marriage, a job and a country when his French wife, Dominique, divorces him after six months due to his impotence. Forced to leave France after losing the business they jointly owned, Karol enlists fellow Polish expatriate Mikołaj to smuggle him back to their homeland.","Comedy, Drama, Mystery"
Three Colors: Blue,"The wife of a famous composer survives a car accident that kills her husband and daughter. Now alone, she shakes off her old identity and explores her newfound freedom but finds that she is unbreakably bound to other humans, including her husband’s mistress, whose existence she never suspected.",Drama
Before Sunset,"Nine years later, Jesse travels across Europe giving readings from a book he wrote about the night he spent in Vienna with Celine. After his reading in Paris, Celine finds him, and they spend part of the day together before Jesse has to again leave for a flight. They are both in relationships now, and Jesse has a son, but as their strong feelings for each other start to return, both confess a longing for more.","Drama, Romance"
All Your Faces,"Since 2014, France's restorative justice programmes have offered a safe space for supervised dialogue between offenders and victims. Grégoire, Nawelle, and Sabine, victims of heists and violent robberies, agree to join one of these discussion groups alongside offenders Nassim, Issa, and Thomas, all convicted of violent robberies. Meanwhile Chloé, a victim of childhood sexual abuse, prepares for dialogue with her own agressor after learning he has moved back into town.",Drama
La Notte,A day in the life of an unfaithful married couple and their steadily deteriorating relationship in Milan.,"Drama, Romance"
Never Say Never Again,"James Bond returns as the secret agent 007 to battle the evil organization SPECTRE. Bond must defeat Largo, who has stolen two atomic warheads for nuclear blackmail. But Bond has an ally in Largo's girlfriend, the willowy Domino, who falls for Bond and seeks revenge.","Adventure, Action, Thriller"
Man Bites Dog,"The activities of rampaging, indiscriminate serial killer Ben are recorded by a willingly complicit documentary team, who eventually become his accomplices and active participants. Ben provides casual commentary on the nature of his work and arbitrary musings on topics of interest to him, such as music or the conditions of low-income housing, and even goes so far as to introduce the documentary crew to his family. But their reckless indulgences soon get the better of them.","Comedy, Crime"
Friday the 13th: The Final Chapter,"After his revival in a hospital morgue, Jason fixes his vengeful attention on the Jarvis family and a group of hitherto carefree teenagers.","Horror, Thriller"
The Night of the Hunter,"In Depression-era West Virginia, a serial-killing preacher hunts two young children who know the whereabouts of a stash of money.","Crime, Drama, Thriller"
The Maltese Falcon,"A private detective takes on a case that involves him with three eccentric criminals, a beautiful liar, and their quest for a priceless statuette.","Mystery, Crime, Thriller"
The Bridges of Madison County,Photographer Robert Kincaid wanders into the life of housewife Francesca Johnson for four days in the 1960s.,"Drama, Romance"
Rashomon,"Brimming with action while incisively examining the nature of truth, ""Rashomon"" is perhaps the finest film ever to investigate the philosophy of justice. Through an ingenious use of camera and flashbacks, Kurosawa reveals the complexities of human nature as four people recount different versions of the story of a man's murder and the rape of his wife.","Crime, Drama, Mystery"
8½,"Guido Anselmi, a film director, finds himself creatively barren at the peak of his career. Urged by his doctors to rest, Anselmi heads for a luxurious resort, but a sorry group gathers—his producer, staff, actors, wife, mistress, and relatives—each one begging him to get on with the show. In retreat from their dependency, he fantasizes about past women and dreams of his childhood.",Drama
No One Will Save You,A lonely woman battles extraterrestrials who threaten her future while forcing her to face her past.,"Horror, Science Fiction, Thriller, Mystery"
The Exorcist: Believer,"Since his wife's death, Victor has raised his daughter Angela alone. After she and her friend return from a three-day disappearance with missing memories, they begin displaying frightening behavior reminiscent of the MacNeil possession fifty years prior.","Horror, Thriller"
Risen,"Clavius, a powerful Roman military tribune, and his aide, Lucius, are tasked with solving the mystery of what happened to Jesus in the weeks following the crucifixion, in order to disprove the rumors of a risen Messiah and prevent an uprising in Jerusalem.","Action, Adventure, Drama, Fantasy"
Mechanic: Resurrection,"Arthur Bishop thought he had put his murderous past behind him when his most formidable foe kidnaps the love of his life. Now he is forced to travel the globe to complete three impossible assassinations, and do what he does best, make them look like accidents.","Action, Crime, Thriller"
Triple 9,A gang of criminals and corrupt cops plan the murder of a police officer in order to pull off their biggest heist yet across town.,"Action, Crime, Adventure, Thriller"
Mikey and Nicky,"Nick is desperate, holed up in a cheap hotel, suffering from an ulcer and convinced that a local mob boss wants him killed. Desperate and terrified, he calls Mikey, his friend since childhood and a fellow gangster. So begins a long night…","Crime, Drama"
Nowhere to Run,Escaped convict Sam Gillen single-handedly takes on ruthless developers who are determined to evict a widow with two young children.,"Action, Drama, Thriller, Romance"
Glengarry Glen Ross,"When an office full of real estate salesmen is given the news that all but the top two will be fired at the end of the week, the atmosphere begins to heat up. Shelley Levene, who has a sick daughter, does everything in his power to get better leads from his boss, John Williamson, but to no avail. When his coworker Dave Moss comes up with a plan to steal the leads, things get complicated for the tough-talking salesmen.","Crime, Drama, Mystery"
Pet Sematary: Bloodlines,"In 1969, young Jud Crandall has dreams of leaving his hometown behind, but soon discovers sinister secrets buried within and is forced to confront a dark family history that forever binds him to Ludlow.","Horror, Fantasy"
After Everything,"Besieged by writer’s block and the crushing breakup with Tessa, Hardin travels to Portugal in search of a woman he wronged in the past – and to find himself. Hoping to win back Tessa, he realizes he needs to change his ways before he can make the ultimate commitment.","Romance, Drama"
Tetris,"In 1988, American video game salesman Henk Rogers discovers the video game Tetris. When he sets out to bring the game to the world, he enters a dangerous web of lies and corruption behind the Iron Curtain.","Thriller, History, Drama"
Insidious: The Red Door,"To put their demons to rest once and for all, Josh Lambert and a college-aged Dalton Lambert must go deeper into The Further than ever before, facing their family's dark past and a host of new and more horrifying terrors that lurk behind the red door.","Horror, Thriller"
Nebraska,"An aging, booze-addled father takes a trip from Montana to Nebraska with his estranged son in order to claim what he believes to be a million-dollar sweepstakes prize.","Drama, Adventure"
Hachi: A Dog's Tale,A drama based on the true story of a college professor's bond with the abandoned dog he takes into his home.,"Drama, Family"
The King of Algiers,"Omar, better known as Omar the Strawberry, is an old-fashioned bandit. Forced to flee to Algeria, he makes a living out of petty crime, accompanied by his famous sidekick Roger. After decades of ruling the French criminal underworld, they must come to terms with their new life together, which until now has been one of debauchery and violence.","Comedy, Drama"
Nowhere to Run,Escaped convict Sam Gillen single-handedly takes on ruthless developers who are determined to evict a widow with two young children.,"Action, Drama, Thriller, Romance"
Glengarry Glen Ross,"When an office full of real estate salesmen is given the news that all but the top two will be fired at the end of the week, the atmosphere begins to heat up. Shelley Levene, who has a sick daughter, does everything in his power to get better leads from his boss, John Williamson, but to no avail. When his coworker Dave Moss comes up with a plan to steal the leads, things get complicated for the tough-talking salesmen.","Crime, Drama, Mystery"
Pet Sematary: Bloodlines,"In 1969, young Jud Crandall has dreams of leaving his hometown behind, but soon discovers sinister secrets buried within and is forced to confront a dark family history that forever binds him to Ludlow.","Horror, Fantasy"
After Everything,"Besieged by writer’s block and the crushing breakup with Tessa, Hardin travels to Portugal in search of a woman he wronged in the past – and to find himself. Hoping to win back Tessa, he realizes he needs to change his ways before he can make the ultimate commitment.","Romance, Drama"
Tetris,"In 1988, American video game salesman Henk Rogers discovers the video game Tetris. When he sets out to bring the game to the world, he enters a dangerous web of lies and corruption behind the Iron Curtain.","Thriller, History, Drama"
Insidious: The Red Door,"To put their demons to rest once and for all, Josh Lambert and a college-aged Dalton Lambert must go deeper into The Further than ever before, facing their family's dark past and a host of new and more horrifying terrors that lurk behind the red door.","Horror, Thriller"
Nebraska,"An aging, booze-addled father takes a trip from Montana to Nebraska with his estranged son in order to claim what he believes to be a million-dollar sweepstakes prize.","Drama, Adventure"
Hachi: A Dog's Tale,A drama based on the true story of a college professor's bond with the abandoned dog he takes into his home.,"Drama, Family"
The King of Algiers,"Omar, better known as Omar the Strawberry, is an old-fashioned bandit. Forced to flee to Algeria, he makes a living out of petty crime, accompanied by his famous sidekick Roger. After decades of ruling the French criminal underworld, they must come to terms with their new life together, which until now has been one of debauchery and violence.","Comedy, Drama"
Curse of Chucky,"After her mother's mysterious death, Nica begins to suspect that the talking, red-haired doll her visiting niece has been playing with may be the key to the mounting bloodshed and chaos.","Horror, Thriller"
The Iron Lady,"A look at the life of Margaret Thatcher, the former Prime Minister of the United Kingdom, with a focus on the price she paid for power.","History, Drama"
The Thing,"When paleontologist Kate Lloyd travels to an isolated outpost in Antarctica for the expedition of a lifetime, she joins an international team that unearths a remarkable discovery. Their elation quickly turns to fear as they realize that their experiment has freed a mysterious being from its frozen prison. Paranoia spreads like an epidemic as a creature that can mimic anything it touches will pit human against human as it tries to survive and flourish in this spine-tingling thriller.","Horror, Science Fiction, Mystery"
The Mist,"After a violent storm, a dense cloud of mist envelops a small Maine town, trapping David Drayton and his five-year-old son in a local grocery store with other local residents. They soon discover that the mist conceals deadly horrors that threaten their lives, and worse, their sanity.","Horror, Science Fiction, Thriller"
AKA,A steely special ops agent finds his morality put to the test when he infiltrates a crime syndicate and unexpectedly bonds with the boss' young son.,Action
The Little Prince,"Based on the best-seller book 'The Little Prince', the movie tells the story of a little girl that lives with resignation in a world where efficiency and work are the only dogmas. Everything will change when accidentally she discovers her neighbor that will tell her about the story of the Little Prince that he once met.","Adventure, Animation, Fantasy, Family"
Three Steps Above Heaven,"Story of two young people who belong to different worlds. It is the chronicle of a love improbable, almost impossible but inevitable dragging in a frantic journey they discover the first great love. Babi is a girl from upper-middle class that is educated in goodness and innocence . Hache is a rebellious boy, impulsive, unconscious, has a appetite for risk and danger embodied in endless fights and illegal motorbike races, the limit of common sense","Romance, Drama"
Law Abiding Citizen,A frustrated man decides to take justice into his own hands after a plea bargain sets one of his family's killers free. He targets not only the killer but also the district attorney and others involved in the deal.,"Drama, Crime, Thriller"
A Serious Man,"It is 1967, and Larry Gopnik, a physics professor at a quiet Midwestern university, has just been informed by his wife Judith that she is leaving him. She has fallen in love with one of his more pompous acquaintances Sy Ableman.","Comedy, Drama"
Just Like Heaven,"Shortly after David Abbott moves into his new San Francisco digs, he has an unwelcome visitor on his hands: winsome Elizabeth Masterson, who asserts that the apartment is hers -- and promptly vanishes. When she starts appearing and disappearing at will, David thinks she's a ghost, while Elizabeth is convinced she's alive.","Drama, Comedy, Romance, Fantasy"
The Assassination of Jesse James by the Coward Robert Ford,"Outlaw Jesse James is rumored to be the 'fastest gun in the West'. An eager recruit into James' notorious gang, Robert Ford eventually grows jealous of the famed outlaw and, when Robert and his brother sense an opportunity to kill James, their murderous action elevates their target to near mythical status.","Drama, Western"
The Graduate,"Benjamin, a recent college graduate very worried about his future, finds himself in a love triangle with an older woman and her daughter.","Drama, Romance, Comedy"
The Red Shoes,"In this classic drama, Vicky Page is an aspiring ballerina torn between her dedication to dance and her desire to love. While her imperious instructor, Boris Lermontov, urges to her to forget anything but ballet, Vicky begins to fall for the charming young composer Julian Craster. Eventually Vicky, under great emotional stress, must choose to pursue either her art or her romance, a decision that carries serious consequences.","Drama, Romance"
Marty,"Marty, a butcher who lives in the Bronx with his mother is unmarried at 34. Good-natured but socially awkward he faces constant badgering from family and friends to get married but has reluctantly resigned himself to bachelorhood. Marty meets Clara, an unattractive school teacher, realising their emotional connection, he promises to call but family and friends try to convince him not to.","Drama, Romance"
Inferno,"Eddie Lomax is a drifter who has been in a suicidal funk since the death of his close friend Johnny. Riding his motorcycle into a small desert town where Johnny once lived, Lomax is confronted by a gang of toughs, who beat him and steal his bike. However, Lomax is not a man to take an injustice lying down, and soon he begins exacting a violent revenge on the men who stole his motorcycle, with local handyman Jubal Early lending a hand and several area ladies offering aid and comfort.","Action, Drama, Romance"
Spirit: Stallion of the Cimarron,A captured mustang remains determined to return to his herd no matter what.,"Animation, Adventure, Family, Drama, Western, Romance"
Bicycle Thieves,"Unemployed Antonio is elated when he finally finds work hanging posters around war-torn Rome. However on his first day, his bicycle—essential to his work—gets stolen. His job is doomed unless he can find the thief. With the help of his son, Antonio combs the city, becoming desperate for justice.",Drama
Rope,Two young men attempt to prove they committed the perfect murder by hosting a dinner party for the family of a classmate they just strangled to death.,"Thriller, Crime, Drama"
The Third Man,"In postwar Vienna, Austria, Holly Martins, a writer of pulp Westerns, arrives penniless as a guest of his childhood chum Harry Lime, only to learn he has died. Martins develops a conspiracy theory after learning of a ""third man"" present at the time of Harry's death, running into interference from British officer Major Calloway, and falling head-over-heels for Harry's grief-stricken lover, Anna.","Thriller, Mystery"
Double Indemnity,A rich woman and a calculating insurance agent plot to kill her unsuspecting husband after he signs a double indemnity policy.,"Crime, Thriller"
Sweet Smell of Success,"New York City newspaper writer J.J. Hunsecker holds considerable sway over public opinion with his Broadway column, but one thing that he can't control is his younger sister, Susan, who is in a relationship with aspiring jazz guitarist Steve Dallas. Hunsecker strongly disapproves of the romance and recruits publicist Sidney Falco to find a way to split the couple, no matter how ruthless the method.",Drama
Paths of Glory,A commanding officer defends three scapegoats on trial for a failed offensive that occurred within the French Army in 1916.,"War, Drama, History"
Cool Hand Luke,"When petty criminal Luke Jackson is sentenced to two years in a Florida prison farm, he doesn't play by the rules of either the sadistic warden or the yard's resident heavy, Dragline, who ends up admiring the new guy's unbreakable will. Luke's bravado, even in the face of repeated stints in the prison's dreaded solitary confinement cell, ""the box,"" make him a rebel hero to his fellow convicts and a thorn in the side of the prison officers.","Action, Drama, Crime"
Diabolique,"The cruel and abusive headmaster of a boarding school, Michel Delassalle, is murdered by an unlikely duo -- his meek wife and the mistress he brazenly flaunts. The women become increasingly unhinged by a series of odd occurrences after Delassalle's corpse mysteriously disappears.","Horror, Thriller, Mystery"
Wild Strawberries,"Crotchety retired doctor Isak Borg travels from Stockholm to Lund, Sweden, with his pregnant and unhappy daughter-in-law, Marianne, in order to receive an honorary degree from his alma mater. Along the way, they encounter a series of hitchhikers, each of whom causes the elderly doctor to muse upon the pleasures and failures of his own life. These include the vivacious young Sara, a dead ringer for the doctor's own first love.",Drama
Marnie,"Marnie is a thief, a liar, and a cheat. When her new boss, Mark Rutland, catches on to her routine kleptomania, she finds herself being blackmailed.","Thriller, Mystery, Romance, Crime"
The Killing,"Career criminal Johnny Clay recruits a sharpshooter, a crooked police officer, a bartender and a betting teller named George, among others, for one last job before he goes straight and gets married. But when George tells his restless wife about the scheme to steal millions from the racetrack where he works, she hatches a plot of her own.","Crime, Thriller"
North by Northwest,"Advertising man Roger Thornhill is mistaken for a spy, triggering a deadly cross-country chase.","Thriller, Adventure"
Sympathy for the Devil,"After being forced to drive a mysterious passenger at gunpoint, a man finds himself in a high-stakes game of cat and mouse where it becomes clear that not everything is as it seems.","Thriller, Action"
Life For Real,"Tridan Lagache has spent his whole life at Club Med, changing friends every 8 days. At 50, he resigns from the vacation spot where he was born, determined to track down his great mini-club childhood love, Violette. He shows up in Paris, naïve and lost but glad to be lodged by Louis, a half-brother he never knew he had. In order to be rid of the cumbersome Tridan, Louis passes one of his fling off as Violette, and Tridan, all emotional, thinks he recognizes her at first glance.",Comedy
Cobweb,"Eight year old Peter is plagued by a mysterious, constant tapping from inside his bedroom wall—one that his parents insist is all in his imagination. As Peter's fear intensifies, he believes that his parents could be hiding a terrible, dangerous secret and questions their trustworthiness.",Horror
Sonic the Hedgehog 2,"After settling in Green Hills, Sonic is eager to prove he has what it takes to be a true hero. His test comes when Dr. Robotnik returns, this time with a new partner, Knuckles, in search for an emerald that has the power to destroy civilizations. Sonic teams up with his own sidekick, Tails, and together they embark on a globe-trotting journey to find the emerald before it falls into the wrong hands.","Action, Adventure, Family, Comedy"
Repo Man,"A down and out young punk gets a job working with a seasoned repo man, but what awaits him in his new career is a series of outlandish adventures revolving around aliens, the CIA, and a most wanted '64 Chevy.","Comedy, Science Fiction"
The Final Conflict,"Damien Thorn has helped rescue the world from a recession, appearing to be a benign corporate benefactor. When he then becomes U.S. Ambassador to the United Kingdom, Damien fulfills a terrifying biblical prophecy. He also faces his own potential demise as an astronomical event brings about the second coming of Christ.","Horror, Mystery, Thriller"
Damien - Omen II,"Since the sudden and suspicious deaths of his parents, young Damien has been in the charge of his wealthy aunt and uncle and enrolled in a military school. Widely feared to be the Antichrist, he relentlessly plots to seize control of his uncle's business empire — and the world.","Horror, Thriller"
Chaplin,"An aged Charlie Chaplin narrates his life to his autobiography's editor, including his rise to wealth and comedic fame from poverty, his turbulent personal life and his run-ins with the FBI.",Drama
Friday the 13th,Camp counselors are stalked and murdered by an unknown assailant while trying to reopen a summer camp that was the site of a child's drowning.,Horror
Heathers,"A girl who halfheartedly tries to be part of the ""in crowd"" of her school meets a rebel who teaches her a more devious way to play social politics: by killing the popular kids.","Comedy, Crime"
The Driver,The Driver specializes in driving getaway cars for robberies. His exceptional talent has prevented him from being caught yet. After another successful flight from the police a self-assured detective makes it his primary goal to catch the Driver. He promises pardons to a gang if they help to convict him in a set-up robbery. The Driver seeks help from The Player to mislead the detective.,"Crime, Thriller, Action"
Solaris,A psychologist is sent to a space station orbiting a planet called Solaris to investigate the death of a doctor and the mental problems of cosmonauts on the station. He soon discovers that the water on the planet is a type of brain which brings out repressed memories and obsessions.,"Drama, Science Fiction, Mystery"
Mother of the Bride,Lana's daughter Emma returns from abroad and drops a bombshell: she's getting married. In Thailand. In a month! Things only get worse when Lana learns that the man who captured Emma's heart is the son of the man who broke hers years ago.,"Romance, Comedy"
The Small Victories,"Between her roles as mayor and teacher in the small village of Kerguen, Alice's days are very full. When an unexpected new student, 60-year-old Emile, finally decides to learn to read and write, her daily life threatens to become unmanageable. Especially since Alice will also have to save her village and her school...",Comedy
La Syndicaliste,"The true story of Maureen Kearney, the head union representative of a French multinational nuclear powerhouse. She became a whistleblower, denouncing top-secret deals that shook the French nuclear sector. Alone against the world, she fought government ministers and industry leaders, tooth and nail to bring the scandal to light and to defend more than 50,000 jobs.. Her life was turned upside down when she was violently assaulted in her own home... The investigation is carried out under pressure: the subject is sensitive. Suddenly, new elements create doubt in the minds of the investigators. At first a victim, Maureen becomes a suspect.","Thriller, Drama"
Marlowe,Private detective Philip Marlowe becomes embroiled in an investigation involving a wealthy Californian family after a beautiful blonde hires him to track down her former lover.,Crime
The Theory of Everything,"The Theory of Everything is the extraordinary story of one of the world’s greatest living minds, the renowned astrophysicist Stephen Hawking, who falls deeply in love with fellow Cambridge student Jane Wilde.","Drama, Romance"
Big,When a young boy makes a wish at a carnival machine to be big—he wakes up the following morning to find that it has been granted and his body has grown older overnight. But he is still the same 13-year-old boy inside. Now he must learn how to cope with the unfamiliar world of grown-ups including getting a job and having his first romantic encounter with a woman.,"Fantasy, Drama, Comedy, Romance, Family"
The Dead Don't Hurt,"In the 1860s, fiercely independent French-Canadian Vivienne Le Coudy embarks on a journey with Danish immigrant Holger Olsen, attempting to forge a life together in the dusty town of Elk Flats, Nevada. When Holger decides to go fight for the Union in the burgeoning Civil War, Vivienne must fend for herself, which isn't easy in a town controlled by a corrupt mayor.","Western, Drama, Romance"
Two Tickets to Greece,"As teenagers, Blandine and Magalie were inseparable. Years passed and they lost sight of each other. As their paths cross again, they decide to take the trip together that they have always dreamed of. Direction Greece, its sun, its islands but also its galleys because the two former best friends now have a very different approach to holidays... and to life!","Comedy, Drama"
Unfrosted,"In a time when breakfast is ruled by milk and cereal, a fierce corporate battle begins over a revolutionary new pastry.","Comedy, History"
Elvis,"The life story of Elvis Presley as seen through the complicated relationship with his enigmatic manager, Colonel Tom Parker.","Drama, Music, History"
Strange Way of Life,"After 25 years, an ex hired gun visits his old colleague, who is now a small town sheriff. Their past relationship is explored, as is how they reflect on it in the present.","Drama, Western, Romance"
Boy Kills World,"When his family is murdered, a deaf-mute named Boy escapes to the jungle and is trained by a mysterious shaman to repress his childish imagination and become an instrument of death.","Crime, Thriller, Action"
Asphalt City,"A young paramedic is paired with a seasoned partner on the night shift in New York revealing a city in crisis. Discovering the chaos firsthand, he is tested with the ethical ambiguity that can be the difference between life and death.","Thriller, Drama"
The Love Scam,"Drowning in debt, two brothers concoct a plan to scam a wealthy heiress and save their home in Naples — but unexpected love soon complicates the scheme.","Comedy, Romance"
Justice League: Crisis on Infinite Earths Part Two,"An endless army of shadow demons bent on the destruction of all reality swarms over our world and all parallel Earths! The only thing opposing them is the mightiest team of metahumans ever assembled. But not even the combined power of Superman, Batman, Wonder Woman, Green Lantern and all their fellow superheroes can slow down the onslaught of this invincible horde. What mysterious force is driving them? And how do the long-buried secrets of the Monitor and Supergirl threaten to crush our last defense?","Animation, Science Fiction, Action"
The Roundup: Punishment,'Monster Cop' Ma Seok-do investigates an illegal online gambling business led by a former STS Baek and an IT genius CEO Chang. Ma proposes an unexpected alliance to Jang and begins hunting down the criminals.,"Action, Crime, Drama, Thriller, Comedy"
Happy 50,"To celebrate Yves’ 50th birthday, his friends plan to take him to the sunny paradise of Paros in Greece. But due to a cancelled flight, the holiday will take place in a far less glamorous and much rainier destination: Yves’ family home in Brittany. During the vacation, their bonds are challenged by Antoine’s constant complaining, Yves’ pride, Baptiste’s superstition and Laurent’s jealousy of Jean-Mich’s perfect life and family. On top of that, Antoine’s supposedly harmless joke – offering Yves a DNA ancestry test – has unforeseen consequences…",Comedy
Evil Dead Rise,"A reunion between two estranged sisters gets cut short by the rise of flesh-possessing demons, thrusting them into a primal battle for survival as they face the most nightmarish version of family imaginable.","Horror, Thriller"
Scream VI,"Following the latest Ghostface killings, the four survivors leave Woodsboro behind and start a fresh chapter.","Horror, Crime, Thriller"
The Colors of Fire,"February 1927. The funeral of Marcel Péricourt, the most powerful banker in Paris. His daughter Madeleine must take the helm of the financial empire of which she is the heiress. But she has a son, Paul, who with an unexpected and tragic gesture will place her on the path to ruin.","History, Drama"
The Unbearable Weight of Massive Talent,"Creatively unfulfilled and facing financial ruin, Nick Cage must accept a $1 million offer to attend the birthday of a dangerous superfan. Things take a wildly unexpected turn when Cage is recruited by a CIA operative and forced to live up to his own legend, channeling his most iconic and beloved on-screen characters in order to save himself and his loved ones.","Action, Comedy, Crime"
The Mitchells vs. the Machines,"A quirky, dysfunctional family's road trip is upended when they find themselves in the middle of the robot apocalypse and suddenly become humanity's unlikeliest last hope.","Animation, Adventure, Comedy"
Back to Black,"The extraordinary story of Amy Winehouse’s early rise to fame from her early days in Camden through the making of her groundbreaking album, Back to Black that catapulted Winehouse to global fame. Told through Amy’s eyes and inspired by her deeply personal lyrics, the film explores and embraces the many layers of the iconic artist and the tumultuous love story at the center of one of the most legendary albums of all time.","Music, History, Drama"
Two Of A Kind,"Grégoire Beaulieu learns that he has a twin brother: Anthony Girard. Gregoire is bourgeois, ambitious and promised to a great career, Anthony has no prospect and lives of shenanigans. The two brothers couldn’t be more opposite. Especially when one is white and the other is black !",Comedy
Dragonkeeper,"Set in Han Imperial China, the plot follows the adventures of enslaved girl Ping with ancient dragon Long Danzi. Dragons had been banished from the kingdom. Ping, an orphan, finds one of the last remaining dragon eggs. Palace guards force Ping to run away in order to return the dragon egg to the ocean and save all dragons from extinction. Ping discovers that she is a true Dragonkeeper.","Animation, Family, Action, Adventure, Fantasy"
Finch,"On a post-apocalyptic Earth, a robot, built to protect the life of his dying creator's beloved dog, learns about life, love, friendship, and what it means to be human.","Science Fiction, Drama, Adventure"
Click,"A married workaholic, Michael Newman doesn't have time for his wife and children, not if he's to impress his ungrateful boss and earn a well-deserved promotion. So when he meets Morty, a loopy sales clerk, he gets the answer to his prayers: a magical remote that allows him to bypass life's little distractions with increasingly hysterical results.","Comedy, Drama, Fantasy"
The Tasting,"Hortense has a big heart and no one to share it with except her cat, her embittered mom, and a group of homeless people for whom she prepares a gourmet dinner at the local church every week. While buying a nice bottle of wine, Hortense meets Jacques, a fifty-something, grumpy local cellarman. Eager to see him again, she attends a chaotic wine tasting in Jacques’ shop - meeting his best friend who clumsily tries to seduce her, and his new apprentice who turns out to have a rare gift for tasting as well as an unfiltered honesty. As Hortense and Jacques grow closer and closer, their past begins to catch up to them.","Comedy, Romance"
Revoir Paris,"Three months after surviving a terrorist attack in a bistro, Mia is still traumatized and unable to recall the events of that night. In an effort to move forward, she investigates her memories and retraces her steps.",Drama
Kompromat,"Mathieu, a member of the French institute in Irkutsk, is arrested overnight by the Russian authorities.  Imprisoned and accused of sexual abuse on his own daughter, he realises he is a victim of a Kompromat. With the help of the FSB, someone has built up a case to frame him. Isolated, he has no one to turn to. Proving his innocence is impossible: the only solution is to escape.","Thriller, Drama"
Perfect Addiction,A female boxing trainer discovers that her champion cage-fighter boyfriend has been cheating on her with her sister and decides to seek revenge by training up his arch-rival to challenge him.,"Drama, Romance"
Cabrini,"Italian immigrant Francesca Cabrini arrives in 1889 New York City and is greeted by disease, crime, and impoverished children. Cabrini sets off on a daring mission to convince the hostile mayor to secure housing and healthcare for society's most vulnerable. With broken English and poor health, Cabrini uses her entrepreneurial mind to build an empire of hope unlike anything the world had ever seen.","History, Drama"
Employee of the Month,"Vincent, a civil servant, has always enjoyed the benefits of his family's status. When the government votes on a massive savings plan, Vincent is pushed out. When he is transferred to the North Pole, he meets Eva and finds love. It's time for him to choose.",Comedy
Knock at the Cabin,"While vacationing at a remote cabin, a young girl and her two fathers are taken hostage by four armed strangers who demand that the family make an unthinkable choice to avert the apocalypse. With limited access to the outside world, the family must decide what they believe before all is lost.","Horror, Mystery, Thriller"
Knocked Up,"A slacker and a career-driven woman accidentally conceive a child after a one-night stand. As they try to make the relationship work, they must navigate the challenges of parenthood and their differences in lifestyle and maturity.","Comedy, Romance, Drama"
Red Right Hand,"Cash is trying to live a quiet, honest life in a small Appalachian town. When a vicious crime boss forces him back into her services, he soon learns he's capable of anything -- even killing -- to protect his family and his home.","Crime, Action, Thriller"
Sleeping Dogs,"Roy Freeman, an ex-homicide detective with a fractured memory, is forced to revisit a case he can't remember. As a man's life hangs in the balance on death row, Freeman must piece together the brutal evidence from a decade-old murder investigation, uncovering a sinister web of buried secrets and betrayals linking to his past. With only instincts to trust, he faces a chilling truth - sometimes, it's best to let sleeping dogs lie.","Mystery, Thriller, Crime, Drama"
Tenor,"While working part-time as a food deliveryman, Antoine, an aspiring young rapper from the suburbs of Paris, meets Mrs. Loiseau, an eminent teacher at the Paris Opéra. Stunned by the young man's raw talent, she introduces him to the world of opera. As Antoine becomes one of Mrs. Loiseau's students, he hides his new dream from his friends and family, fearing that they won’t understand – this double life burdens him... Somewhere in between the gilded and uptight Parisian upper-class, and the harsh yet free-spirited and familiar suburbs he grew up in, Antoine will have to find his own voice.","Comedy, Drama, Music"
The Wandering Earth II,"Humans built huge engines on the surface of the earth to find a new home. But the road to the universe is perilous. In order to save earth, young people once again have to step forward to start a race against time for life and death.",Science Fiction
The Summit of the Gods,A photojournalist's obsessive quest for the truth about the first expedition to Mt. Everest leads him to search for an esteemed climber who went missing.,"Animation, Adventure, Mystery"
The Hunger Games: The Ballad of Songbirds & Snakes,"64 years before he becomes the tyrannical president of Panem, Coriolanus Snow sees a chance for a change in fortunes when he mentors Lucy Gray Baird, the female tribute from District 12.","Drama, Science Fiction, Action, Adventure, Thriller, War"
The Roundup,"The 'Beast Cop' Ma Seok-do heads to a foreign country to extradite a suspect, but soon after his arrival, he discovers additional murder cases and hears about a vicious killer who has been committing crimes against tourists for several years.","Action, Crime, Thriller, Adventure"
M3GAN,"A brilliant toy company roboticist uses artificial intelligence to develop M3GAN, a life-like doll programmed to emotionally bond with her newly orphaned niece. But when the doll's programming works too well, she becomes overprotective of her new friend with terrifying results.","Science Fiction, Horror"
Gemini Man,"Henry Brogan is an elite 51-year-old assassin who's ready to call it quits after completing his 72nd job. His plans get turned upside down when he becomes the target of a mysterious operative who can seemingly predict his every move. To his horror, Brogan soon learns that the man who's trying to kill him is a younger, faster, cloned version of himself.","Science Fiction, Action, Adventure, Thriller"
The Beach,"Twenty-something Richard travels to Thailand and finds himself in possession of a strange map. Rumours state that it leads to a solitary beach paradise, a tropical bliss - excited and intrigued, he sets out to find it.","Drama, Adventure, Romance, Thriller"
Sissy,"Cecilia is a successful social media influencer living the dream, until she runs into her ex-childhood best friend and is invited away on her bachelorette weekend. Suddenly, Sissy finds herself stuck in a remote cabin with her school bully... and a taste for revenge.","Horror, Comedy, Thriller, Drama"
Goliath,Patrick is a tenacious lawyer specializing in environmental law. France is a schoolteacher who becomes an activist after her husband develops cancer from exposure to a pesticide. Mathias is an ambitious lobbyist working for an international chemical corporation. The paths of these characters collide as the lives of thousands are affected by a tragic act that sparks a powerful movement while the corporation fights to prevent the truth from being revealed.,"Thriller, Drama"
Mira,"Near future. Lera Arabova is a 15-year-old girl who lives with her family in Vladivostok. Lera's father has been working at the orbiting space station ""Mira"" for many years and has long lost contact with his daughter, turning only into a voice on the phone. After a meteor shower hits the city, Lera has only one chance to save her loved ones and the city from a new disaster. Her father helps her in this - through satellite surveillance systems and the telephone, he uses every opportunity to send a message to his daughter, watching from above from the station her every step.","Science Fiction, Drama, Adventure, Family"
The Boy and the Beast,"Kyuta, a boy living in Shibuya, and Kumatetsu, a lonesome beast from Jutengai, an imaginary world. One day, Kyuta forays into the imaginary world and, as he's looking for his way back, meets Kumatetsu who becomes his spirit guide. That encounter leads them to many adventures.","Action, Adventure, Animation, Drama, Family, Fantasy"
Ghost Rider: Spirit of Vengeance,"When the devil resurfaces with aims to take over the world in human form, Johnny Blaze reluctantly comes out of hiding to transform into the flame-spewing supernatural hero Ghost Rider -- and rescue a 10-year-old boy from an unsavory end.","Action, Fantasy, Thriller"
Dark Ride,"Ten years after he brutally murdered two girls, a killer escapes from a mental institution and returns to his turf, the theme park attraction called Dark Ride. About to crash his path are a group of college kids on a road trip who stumble across the park.","Horror, Thriller"
8 Mile,"For Jimmy Smith, Jr., life is a daily fight just to keep hope alive. Feeding his dreams in Detroit's vibrant music scene, Jimmy wages an extraordinary personal struggle to find his own voice - and earn a place in a world where rhymes rule, legends are born and every moment… is another chance.","Drama, Music"
Suspiria,"Young American dancer Susie Bannion arrives in 1970s Berlin to audition for the world-renowned Helena Markos Dance Company. When she vaults to the role of lead dancer, the woman she replaces breaks down and accuses the company's female directors of witchcraft. Meanwhile, an inquisitive psychotherapist and a member of the troupe uncover dark and sinister secrets as they probe the depths of the studio's hidden underground chambers.","Horror, Mystery, Drama"
Lion,"A five-year-old Indian boy gets lost on the streets of Calcutta, thousands of kilometers from home. He survives many challenges before being adopted by a couple in Australia; 25 years later, he sets out to find his lost family.",Drama
Clean House,,Comedy
Rang du lièvre,,Documentary
Pippa et Léo,"Pippa lives in a supervised home for young mothers struggling to adapt, where she must prove her ability to fulfill her parental role. Over the course of one night, and despite the curfew imposed on her, Pippa leaves the shelter with her baby.",
Gyeongseong Touring Troupe,"Sangcheol, who gave up his life for the independence of his country, The members of the Gyeongseong Touring troupe, who have to go on the stage with a Japanese flag, Yeonhwa that heals independent troops Sangcheol but can't afford to follow a grand cause... The ordinary people who were thrown in front of the rough wheels of the times each person makes their own choice by holding onto their already broken daily life. Can you not regret the fate that this choice forces.","Drama, History"
1h30 d'orgasme,,Documentary
Mallrat,A dude attempts to convince others to join him in hanging out at a dying mall.,"Comedy, Drama"
De todos lados un poco,"We're all descended from immigrants if we dig deep into our roots. We all belong to a place, but that place doesn't belong to us. This is the conclusion reached by actor Alex O'Dogherty, as he continues the research his father began into the history of his surname. Not all descendants of immigrants are treated equally. It depends on where they come from and the color of their skin. Alex tries to find out who he is, searching for where he comes from, only to discover that he's from... a little bit of everywhere.",
Wine and Whining,A couple are sat at a table having a conversation about wine.,"Drama, Romance"
The Girl and the Envelope,A girl gets sent a demeaning note from an anonymous source.,"Thriller, Mystery"
Casa de Maria,,Drama
Kapital Europe,"Kapital Europe portrays two migrant workers in Brussels, as they navigate a journey marked by uncertainty and singular moments of joy. Reginald, a Romanian construction worker, struggles in the city’s informal building sector and contemplates returning to Romania. Niki, a young Greek newly arrived to the city, takes up work as a bicycle courier. Their stories reveal the unyielding forces of the capitalist system at work.",
ELLIPTIC,"ELLIPTIC is a filmwork that considers an image as reflecting light. It looks at how brightly a beam of light is deflected as it hits an edge and transforms the image as it enters a lens. A delicately slow focus shift carries this movement along the cone of the visual field into a certain depth, and back again.",
A Bunch of Questions With No Answers,"A Bunch of Questions With No Answers is a record of the questions posed by journalists to the US State Department during press briefings since Oct 3, 2023 about the ongoing genocide in Palestine. As the endless demands for clarification and accountability were repeatedly met with convoluted evasions, the artists chose to edit them out.",
Mother's Letter,"In Mother’s Letter, Sylvia Schedelbauer evokes her mother’s perspective. Drawing from her family archive, the film addresses the complexities of the mother-daughter relationship, often defined by unspoken tensions and unresolved histories. These dynamics are further explored within the context of mixed heritage between Japan and Germany, where differing life experiences shape their connection. These complexities unfold through a delicate interplay of fragmented images, archival material, and evocative soundscapes. Schedelbauer’s distinct formal approach, a meticulous choreography of light, texture, and rhythm, invites the viewer into the layered emotional terrain of their relationship, which, like personal history and cultural identity, is shaped by time and memory.",
Placeholder,"Placeholder is an attempt to keep it together in the face of absence: of a mother, of a memory, of something tangible. Hands holding rocks, hands gripping other hands. Images oscillate between dreams and recollection, distorted and transformed over time",
Donde Tú Quieras,"Ramiro Guerrero, a successful professional, is wrongly accused of a devastating crime. With his life in shambles, he fights to prove his innocence while facing a web of corruption and danger.",Action
MYSELF (Short Film),"We entertain ourselves 24 hours a day, and hate ourselves just as much during those 24 hours. Spending all of life attached to yourself can be both horrifying and beautiful.",
Casa de Maria,,Drama
Kapital Europe,"Kapital Europe portrays two migrant workers in Brussels, as they navigate a journey marked by uncertainty and singular moments of joy. Reginald, a Romanian construction worker, struggles in the city’s informal building sector and contemplates returning to Romania. Niki, a young Greek newly arrived to the city, takes up work as a bicycle courier. Their stories reveal the unyielding forces of the capitalist system at work.",
ELLIPTIC,"ELLIPTIC is a filmwork that considers an image as reflecting light. It looks at how brightly a beam of light is deflected as it hits an edge and transforms the image as it enters a lens. A delicately slow focus shift carries this movement along the cone of the visual field into a certain depth, and back again.",
A Bunch of Questions With No Answers,"A Bunch of Questions With No Answers is a record of the questions posed by journalists to the US State Department during press briefings since Oct 3, 2023 about the ongoing genocide in Palestine. As the endless demands for clarification and accountability were repeatedly met with convoluted evasions, the artists chose to edit them out.",
Mother's Letter,"In Mother’s Letter, Sylvia Schedelbauer evokes her mother’s perspective. Drawing from her family archive, the film addresses the complexities of the mother-daughter relationship, often defined by unspoken tensions and unresolved histories. These dynamics are further explored within the context of mixed heritage between Japan and Germany, where differing life experiences shape their connection. These complexities unfold through a delicate interplay of fragmented images, archival material, and evocative soundscapes. Schedelbauer’s distinct formal approach, a meticulous choreography of light, texture, and rhythm, invites the viewer into the layered emotional terrain of their relationship, which, like personal history and cultural identity, is shaped by time and memory.",
Placeholder,"Placeholder is an attempt to keep it together in the face of absence: of a mother, of a memory, of something tangible. Hands holding rocks, hands gripping other hands. Images oscillate between dreams and recollection, distorted and transformed over time",
Donde Tú Quieras,"Ramiro Guerrero, a successful professional, is wrongly accused of a devastating crime. With his life in shambles, he fights to prove his innocence while facing a web of corruption and danger.",Action
MYSELF (Short Film),"We entertain ourselves 24 hours a day, and hate ourselves just as much during those 24 hours. Spending all of life attached to yourself can be both horrifying and beautiful.",
Orbites,,
Les lignes invisibles,The unique worlds of four women as they reveal personal stories through the contents of their refrigerators.,
Anoche paró el ruido,,"Science Fiction, Drama"
Tom Cashman: After the Fall,"Tom Cashman's second stand up special. Yes, he really did fall over just before the show. No, he doesn't want to talk about it.  Toured in 2024 as 'Everything' and filmed at Stupid Old Studios in Melbourne on 12 October 2024.",Comedy
Was Ist Kino ?,"A ""tribute"" from Adam Bensoltane to his idols","Drama, Comedy"
but... WHY?,"The voices in Markus' head whisper to him that he is to blame for everything – just as his mother said. Years of accusations have destroyed him, and guilt has become a part of his being. As he dives into the dark world of his thoughts, he wonders: Does he really bear the blame, or is it just the echo of a toxic past?","Drama, Thriller"
Interlude 03.0,"A shift in both format and fragmentation. While previous interludes thrived within the constraints of 4:3, this iteration expands into 16:9—widening the frame but not the control. The extra space becomes a new playground for glitches, distortions, and compression artifacts, stretching and warping in unexpected ways. A continued exploration of digital decay, now with a broader canvas.",Documentary
"Meet the Pickles: The Making of ""Win or Lose""","Discover how Pixar brought its first long-form original series to life. This behind-the-scenes documentary introduces the scrappy filmmaking team that drew from personal experiences to create this ambitious and stylistically unique series that follows a middle-school softball team, the Pickles, in the week leading up to the big championship game.",Documentary
A un lloc de la Ment,,Documentary
Trip of a Lifetime,"TRIP OF A LIFETIME is a unique family footage film, Tammer being handed (in 1988) some unwanted 16mm. footage shot in 1950-51 of a seemingly ordinary older couple, as they travelled the world and recorded the sights they saw and the people they met up with. Stunningly restored by Tammer to a pristine high defintion, this is a heartfelt and exquisite film, honouring the existence of the people we see on screen, even if no-one (including Tammer) now knows who they are. A film one watches with awe and wonder.",
The Rise of the Deermageddon,A former football star returns to his struggling hometown and teams up with locals to organize a music festival and save the town from the corruption of its mayor and zombie mutant deer.,"Music, Comedy, Horror"
Clean Meat - 100% menschlich,,"Science Fiction, Thriller, Horror"
Mary,"In this adaptation of Mary's Letter, Silent Hill 2, a young woman finds herself recording a final message for the love of her life. Amid memories, regrets, and the weight of farewell, her voice becomes a testament to love, pain, and redemption.",Drama
Café Amargo,,
Outlaw - Dafa 219,A Nepali action packed movie starring Sushil Shrestha & Directed by Bickee Maharjan.,"Action, Drama"
Inhabit the Shadow,"At the end of the day, rain falls over the city of La Plata. Early morning workers begin their shift without surprises. However, the wounds of the flood dampen during stormy nights. Tasks and rituals persist, awaiting something to happen: dawn or a break in the rain.",Documentary
Abcounters: The Origins,"It all started from a piss.  After a lone wolf finds its way into drinking contaminated piss, it gains abnormal powers and causes mayhem in the city. Abcounters must find a way to stop this sigma wolf, but he doesn't know what is coming for him...","Horror, Comedy, Thriller, Action, Fantasy, Mystery"
Beautiful Minds,"Two men, with vastly different life stories and personalities, embark on a hearse heading to the South of France. During their journey they realize that, however unlikely, they're not so different in the end.","Comedy, Drama"
Undercover,"October 2015. French customs seize seven tonnes of cannabis in the heart of the capital. The same day, Hubert Antoine, a former mole with a shady past, contacts Stéphane Vilner, a journalist at Libération. He claims to be able to demonstrate the existence of State drug trafficking led by Jacques Billard, prominent media figure and high-ranking French police officer. Suspicious at first, the young journalist finally dives into an investigation that will lead him to the darkest corners of the Republic.","Crime, Drama"
American Wedding,"With high school a distant memory, Jim and Michelle are getting married — and in a hurry, since Jim's grandmother is sick and wants to see him walk down the aisle — prompting Stifler to throw the ultimate bachelor party. And Jim's dad is reliable as ever, doling out advice no one wants to hear.","Comedy, Romance"
Batman Forever,Batman must battle a disfigured district attorney and a disgruntled former employee with help from an amorous psychologist and a young circus acrobat.,"Action, Crime, Fantasy"
"Crouching Tiger, Hidden Dragon","Two warriors in pursuit of a stolen sword and a notorious fugitive are led to an impetuous, physically-skilled, teenage nobleman's daughter, who is at a crossroads in her life.","Adventure, Drama, Action, Romance"
Hero,"During China's Warring States period, a district prefect arrives at the palace of Qin Shi Huang, claiming to have killed the three assassins who had made an attempt on the king's life three years ago.","Drama, Adventure, Action, History"
Against the Ice,"In 1909, two explorers fight to survive after they're left behind while on a Danish expedition in ice-covered Greenland.","Drama, Adventure, History"
Mary and The Witch's Flower,"Mary Smith, a young girl who lives with her great-aunt in the countryside, follows a mysterious cat into the nearby forest where she finds a strange flower and an old broom, none of which is as ordinary as it seems.","Adventure, Animation, Family, Fantasy"
London Has Fallen,"In London for the Prime Minister's funeral, Mike Banning discovers a plot to assassinate all the attending world leaders.","Action, Thriller"
Tron,"When brilliant video game maker Flynn hacks the mainframe of his ex-employer, he is beamed inside an astonishing digital world...And becomes part of the very game he is designing. In his mission through cyberspace, Flynn matches wits with a maniacal Master Control Program and teams up with Tron, a security measure created to bring balance to the digital environment.","Science Fiction, Action, Adventure"
Les Misérables,"Stéphane has recently joined the Anti-Crime Squad in Montfermeil, in the suburbs of Paris, France, where Victor Hugo set his famed novel “Les Miserables”. Alongside his new colleagues Chris and Gwada – both experienced members of the team – he quickly discovers tensions running high between local gangs. When the trio finds themselves overrun during the course of an arrest, a drone captures the encounter, threatening to expose the reality of everyday life.","Crime, Drama, Thriller"
Bodies Bodies Bodies,"In an isolated family mansion, a group of rich 20-somethings decides to play Bodies Bodies Bodies, a game where one of them is secretly a ""killer"" while the rest tries to ""escape"". Things take a turn for the worse when real bodies start turning up, setting off a paranoid and dangerous chain of events.","Horror, Comedy, Mystery, Thriller"
Alice Through the Looking Glass,Alice Kingsleigh returns to Underland and faces a new adventure in saving the Mad Hatter.,"Adventure, Family, Fantasy"
True Romance,"Clarence marries hooker Alabama, steals cocaine from her pimp, and tries to sell it in Hollywood, while the owners of the coke try to reclaim it.","Action, Crime, Romance"
Absolution,"An aging ex-boxer gangster working as muscle for a Boston crime boss receives an upsetting diagnosis.  Despite a faltering memory, he attempts to rectify the sins of his past and reconnect with his estranged children. He is determined to leave a positive legacy for his grandson, but the criminal underworld isn’t done with him and won’t loosen their grip willingly.","Action, Crime, Thriller, Mystery"
Fire of Love,"A doomed love triangle between intrepid French scientists Katia and Maurice Krafft, and their beloved volcanoes.",Documentary
The Black Phone,"Finney Blake, a shy but clever 13-year-old boy, is abducted by a sadistic killer and trapped in a soundproof basement where screaming is of little use. When a disconnected phone on the wall begins to ring, Finney discovers that he can hear the voices of the killer’s previous victims. And they are dead set on making sure that what happened to them doesn’t happen to Finney.","Horror, Thriller, Mystery"
Titane,"A woman with a metal plate in her head from a childhood car accident embarks on a bizarre journey, bringing her into contact with a firefighter who's reunited with his missing son after 10 years.","Drama, Thriller, Horror"
Serial (Bad) Weddings,A catholic French couple sees their life upside down when their four daughters get married to men of different religion and origins.,Comedy
The Fault in Our Stars,"Despite the tumor-shrinking medical miracle that has bought her a few years, Hazel has never been anything but terminal, her final chapter inscribed upon diagnosis. But when a patient named Augustus Waters suddenly appears at Cancer Kid Support Group, Hazel's story is about to be completely rewritten.","Romance, Drama"
Fifty Shades of Grey,"When college senior Anastasia Steele steps in for her sick roommate to interview prominent businessman Christian Grey for their campus paper, little does she realize the path her life will take. Christian, as enigmatic as he is rich and powerful, finds himself strangely drawn to Ana, and she to him. Though sexually inexperienced, Ana plunges headlong into an affair -- and learns that Christian's true sexual proclivities push the boundaries of pain and pleasure.","Drama, Romance, Thriller"
Love & Other Drugs,"Maggie is an alluring free spirit who won't let anyone – or anything – tie her down. But she meets her match in Jamie, whose relentless and nearly infallible charm serves him well with the ladies and the cutthroat world of pharmaceutical sales. Maggie and Jamie's evolving relationship takes them both by surprise, as they find themselves under the influence of the ultimate drug: love.","Drama, Comedy, Romance"
Ambulance,"Decorated veteran Will Sharp, desperate for money to cover his wife's medical bills, asks for help from his adoptive brother Danny. A charismatic career criminal, Danny instead offers him a score: the biggest bank heist in Los Angeles history: $32 million.","Thriller, Action, Crime, Drama"
Run Hide Fight,"A 17-year-old girl uses her wits, survival skills, and compassion to fight for her life, and those of her fellow classmates, against a group of live-streaming school shooters.","Action, Crime, Thriller"
Crawl,"When a huge hurricane hits her hometown in Florida, Haley ignores evacuation orders to look for her father. After finding him badly wounded, both are trapped by the flood. With virtually no time to escape the storm, they discover that rising water levels are the least of their problems.","Horror, Thriller"
A Hidden Life,Austrian farmer Franz Jägerstätter faces the threat of execution for refusing to fight for the Nazis during World War II.,"History, Drama, War"
Wreck-It Ralph,"Wreck-It Ralph is the 9-foot-tall, 643-pound villain of an arcade video game named Fix-It Felix Jr., in which the game's titular hero fixes buildings that Ralph destroys. Wanting to prove he can be a good guy and not just a villain, Ralph escapes his game and lands in Hero's Duty, a first-person shooter where he helps the game's hero battle against alien invaders. He later enters Sugar Rush, a kart racing game set on tracks made of candies, cookies and other sweets. There, Ralph meets Vanellope von Schweetz who has learned that her game is faced with a dire threat that could affect the entire arcade, and one that Ralph may have inadvertently started.","Family, Animation, Comedy, Adventure"
Frankenweenie,"When a car hits young Victor's pet dog Sparky, Victor decides to bring him back to life the only way he knows how. But when the bolt-necked ""monster"" wreaks havoc and terror in the hearts of Victor's neighbors, he has to convince them that Sparky's still the good, loyal friend he was.","Animation, Comedy, Family"
TPB AFK: The Pirate Bay - Away from Keyboard,"TPB AFK is a documentary about three computer addicts who redefined the world of media distribution with their hobby homepage The Pirate Bay. How did Tiamo, a beer crazy hardware fanatic, Brokep a tree hugging eco activist and Anakata – a paranoid hacker libertarian – get the White House to threaten the Swedish government with trade sanctions? TPB AFK explores what Hollywood’s most hated pirates go through on a personal level.","Documentary, Crime"
Night at the Museum: Battle of the Smithsonian,"Hapless museum night watchman Larry Daley must help his living, breathing exhibit friends out of a pickle now that they've been transferred to the archives at the Smithsonian Institution. Larry's (mis)adventures this time include close encounters with Amelia Earhart, Abe Lincoln and Ivan the Terrible.","Adventure, Fantasy, Action, Comedy, Family"
The Princess and the Frog,"A waitress, desperate to fulfill her dreams as a restaurant owner, is set on a journey to turn a frog prince back into a human being, but she has to face the same problem after she kisses him.","Animation, Romance, Fantasy, Family"
National Treasure,"Modern treasure hunters, led by archaeologist Ben Gates, search for a chest of riches rumored to have been stashed away by George Washington, Thomas Jefferson and Benjamin Franklin during the Revolutionary War. The chest's whereabouts may lie in secret clues embedded in the Constitution and the Declaration of Independence, and Gates is in a race to find the gold before his enemies do.","Adventure, Action, Thriller, Mystery"
Upgraded,"Ana is an ambitious intern dreaming of a career in the art world while trying to impress her demanding boss Claire. When she's upgraded to first class on a work trip, she meets handsome Will, who mistakes Ana for her boss– a white lie that sets off a glamorous chain of events, romance and opportunity, until her fib threatens to surface.","Romance, Comedy"
Baghead,"Following the death of her estranged father, Iris learns she has inherited a run-down, centuries-old pub. She travels to Berlin to identify her father’s body and meet with The Solicitor to discuss the estate. Little does she know, when the deed is signed she will become inextricably tied to an unspeakable entity that resides in the pub’s basement – Baghead – a shape-shifting creature that can transform into the dead.",Horror
Rogue City,"Caught in the crosshairs of police corruption and Marseille’s warring gangs, a loyal cop must protect his squad by taking matters into his own hands.","Crime, Thriller, Action, Drama"
Rogue City,"Caught in the crosshairs of police corruption and Marseille’s warring gangs, a loyal cop must protect his squad by taking matters into his own hands.","Crime, Thriller, Action, Drama"
Black Mirror: Bandersnatch,"In 1984, a young programmer begins to question reality as he adapts a dark fantasy novel into a video game. A mind-bending tale with multiple endings.","Science Fiction, Mystery, Drama, Thriller, TV Movie"
Moonfall,A mysterious force knocks the moon from its orbit around Earth and sends it hurtling on a collision course with life as we know it.,"Science Fiction, Adventure, Action"
Cars 3,"Blindsided by a new generation of blazing-fast racers, the legendary Lightning McQueen is suddenly pushed out of the sport he loves. To get back in the game, he will need the help of an eager young race technician with her own plan to win, inspiration from the late Fabulous Hudson Hornet, and a few unexpected turns. Proving that #95 isn't through yet will test the heart of a champion on Piston Cup Racing’s biggest stage!","Family, Animation, Adventure, Comedy"
The Secret World of Arrietty,"14-year-old Arrietty and the rest of the Clock family live in peaceful anonymity as they make their own home from items ""borrowed"" from the house's human inhabitants. However, life changes for the Clocks when a human boy discovers Arrietty.","Fantasy, Animation, Family"
Mulan,"To save her father from certain death in the army, a young woman secretly enlists in his place and becomes one of China's greatest heroines in the process.","Animation, Family, Adventure"
National Treasure: Book of Secrets,"Benjamin Franklin Gates and Abigail Chase re-team with Riley Poole and, now armed with a stack of long-lost pages from John Wilkes Booth's diary, Ben must follow a clue left there to prove his ancestor's innocence in the assassination of Abraham Lincoln.","Action, Adventure, Mystery, Thriller"
American Pie 2,"After a year apart - attending different schools, meeting different people - the guys rent a beach house and vow to make this the best summer ever. As it turns out, whether that will happen or not has a lot to do with the girls. Between the wild parties, outrageous revelations and yes, a trip to band camp, they discover that times change and people change, but in the end, it's all about sticking together.","Comedy, Romance"
Moulin Rouge!,"A celebration of love and creative inspiration takes place in the infamous, gaudy and glamorous Parisian nightclub, at the cusp of the 20th century. A young poet, who is plunged into the heady world of Moulin Rouge, begins a passionate affair with the club's most notorious and beautiful star.","Drama, Romance, Music"
Migration,"After a migrating duck family alights on their pond with thrilling tales of far-flung places, the Mallard family embarks on a family road trip, from New England, to New York City, to tropical Jamaica.","Animation, Adventure, Comedy, Family"
Role Play,Emma has a wonderful husband and two kids in the suburbs of New Jersey – she also has a secret life as an assassin for hire – a secret that her husband David discovers when the couple decide to spice up their marriage with a little role play.,"Action, Comedy, Romance"
Two Distant Strangers,A man trying to get home to his dog gets stuck in a time loop that forces him to relive a deadly run-in with a cop.,Drama
My Cousin,"Pierre is the highly successful CEO of a large family-owned company. Before signing the deal of the century, he has to settle one last formality: obtain the signature of his cousin Adrien who owns 50% of his firm. This sweet, idealistic dreamer, who makes one blunder after another, is so happy to see Pierre again that he wants to spend time with him and delay the moment of signing. So Pierre has no choice but to take his cousin with him on a turbulent business trip during which his patience will be put to the test.",Comedy
A Friendly Tale...,"Lea and her husband Marc have known Francis and his wife Karine for a very long time.  Over the years, each one of them has been assigned a specific role.  The balance and dynamic of the group is blown up when Lea decides to write a novel, which turns into an immediate bestseller…",Comedy
Timecrimes,A man accidentally gets into a time machine and travels back in time nearly an hour. Finding himself will be the first of a series of disasters of unforeseeable consequences.,"Science Fiction, Thriller"
Robots,"Rodney Copperbottom is a young robot inventor who dreams of making the world a better place, until the evil Ratchet takes over Bigweld Industries. Now, Rodney's dreams – and those of his friends – are in danger of becoming obsolete.","Animation, Comedy, Family, Science Fiction"
As Good as It Gets,"Melvin Udall, a cranky, bigoted, obsessive-compulsive writer of romantic fiction, is rude to everyone he meets, including his gay neighbor, Simon. After Simon is brutally attacked and hospitalized, Melvin finds his life turned upside down when he has to look after Simon's dog. In addition, Carol, the only waitress at the local diner who will tolerate him, leaves work to care for her chronically ill son, making it impossible for Melvin to eat breakfast.","Drama, Comedy, Romance"
Final Fantasy: The Spirits Within,"Led by a strange dream, scientist Aki Ross struggles to collect the eight spirits in the hope of creating a force powerful enough to protect the planet. With the aid of the Deep Eyes Squadron and her mentor, Dr. Sid, Aki must save the Earth from its darkest hate and unleash the spirits within.","Adventure, Action, Fantasy, Science Fiction, Thriller, Romance, Animation"
Ray,"Born on a sharecropping plantation in Northern Florida, Ray Charles went blind at seven. Inspired by a fiercely independent mom who insisted he make his own way, He found his calling and his gift behind a piano keyboard. Touring across the Southern musical circuit, the soulful singer gained a reputation and then exploded with worldwide fame when he pioneered coupling gospel and country together.","Drama, Music"
Mrs. Doubtfire,"Loving but irresponsible dad Daniel Hillard, estranged from his exasperated spouse, is crushed by a court order allowing only weekly visits with his kids. When Daniel learns his ex needs a housekeeper, he gets the job -- disguised as a British nanny. Soon he becomes not only his children's best pal but the kind of parent he should have been from the start.","Comedy, Drama, Family"
Dark Shadows,Vampire Barnabas Collins is inadvertently freed from his tomb and emerges into the very changed world of 1972. He returns to Collinwood Manor to find that his once-grand estate and family have fallen into ruin.,"Comedy, Fantasy"
The Twilight Saga: Breaking Dawn - Part 2,"After the birth of Renesmee, the Cullens gather other vampire clans in order to protect the child from a false allegation that puts the family in front of the Volturi.","Adventure, Fantasy, Drama, Romance"
Naked Gun 33⅓: The Final Insult,"Frank Drebin is persuaded out of retirement to go undercover in a state prison. There he has to find out what top terrorist, Rocco, has planned for when he escapes. Adding to his problems, Frank's wife, Jane, is desperate for a baby.","Comedy, Crime"
Pink Floyd: The Wall,A troubled rock star descends into madness in the midst of his physical and social isolation from everyone.,"Music, Drama"
Elf,"When young Buddy falls into Santa's gift sack on Christmas Eve, he's transported back to the North Pole and raised as a toy-making elf by Santa's helpers. But as he grows into adulthood, he can't shake the nagging feeling that he doesn't belong. Buddy vows to visit Manhattan and find his real dad, a workaholic.","Comedy, Family, Fantasy"
Kung Fu Hustle,"It's the 1940s, and the notorious Axe Gang terrorizes Shanghai. Small-time criminals Sing and Bone hope to join, but they only manage to make lots of very dangerous enemies. Fortunately for them, kung fu masters and hidden strength can be found in unlikely places. Now they just have to take on the entire Axe Gang.","Action, Comedy, Crime, Fantasy"
Sonatine,"Murakawa, an aging Tokyo yakuza tiring of gangster life, is sent by his boss to Okinawa along with a few of his henchmen to help end a gang war, supposedly as mediators between two warring clans. He finds that the dispute between the clans is insignificant and whilst wondering why he was sent to Okinawa at all, his group is attacked in an ambush. The survivors flee and make a decision to lay low at the beach while they await further instructions.","Action, Crime, Thriller"
Pleasantville,"Geeky teenager David and his popular twin sister, Jennifer, get sucked into the black-and-white world of a 1950s TV sitcom called ""Pleasantville,"" and find a world where everything is peachy keen all the time. But when Jennifer's modern attitude disrupts Pleasantville's peaceful but boring routine, she literally brings color into its life.","Fantasy, Comedy, Drama"
Bicentennial Man,"Richard Martin buys a gift, a new NDR-114 robot. The product is named Andrew by the youngest of the family's children. ""Bicentennial Man"" follows the life and times of Andrew, a robot purchased as a household appliance programmed to perform menial tasks. As Andrew begins to experience emotions and creative thought, the Martin family soon discovers they don't have an ordinary robot.","Science Fiction, Drama"
Twin Peaks: Fire Walk with Me,"In the questionable town of Deer Meadow, Washington, FBI Agent Desmond inexplicably disappears while hunting for the man who murdered a teen girl. The killer is never apprehended, and, after experiencing dark visions and supernatural encounters, Agent Dale Cooper chillingly predicts that the culprit will claim another life. Meanwhile, in the more cozy town of Twin Peaks, hedonistic beauty Laura Palmer hangs with lowlifes and seems destined for a grisly fate.","Drama, Mystery, Horror"
Bean,"Childlike Englishman, Mr. Bean, is an incompetent watchman at the Royal National Gallery. After the museum's board of directors' attempt to have him fired is blocked by the chairman, who has taken a liking to Bean, they send him to Los Angeles to act as their ambassador for the unveiling of a historic painting to humiliate him. Fooled, Mr. Bean must now successfully unveil the painting or risk his and a hapless Los Angeles curator's termination.","Family, Adventure, Comedy"
Wallace & Gromit: The Curse of the Were-Rabbit,"Cheese-loving eccentric Wallace and his cunning canine pal, Gromit, investigate a mystery in Nick Park's animated adventure, in which the lovable inventor and his intrepid pup run a business ridding the town of garden pests. Using only humane methods that turn their home into a halfway house for evicted vermin, the pair stumble upon a mystery involving a voracious vegetarian monster that threatens to ruin the annual veggie-growing contest.","Adventure, Animation, Comedy, Family"
The African Queen,"At the start of the First World War, in the middle of Africa’s nowhere, a gin soaked riverboat captain is persuaded by a strong-willed missionary to go down river and face-off a German warship.","Romance, Adventure, Drama"
Dirty Dancing,"Expecting the usual tedium that accompanies a summer in the Catskills with her family, 17-year-old Frances 'Baby' Houseman is surprised to find herself stepping into the shoes of a professional hoofer—and unexpectedly falling in love.","Drama, Music, Romance"
Brazil,"Low-level bureaucrat Sam Lowry escapes the monotony of his day-to-day life through a recurring daydream of himself as a virtuous hero saving a beautiful damsel. Investigating a case that led to the wrongful arrest and eventual death of an innocent man instead of wanted terrorist Harry Tuttle, he meets the woman from his daydream, and in trying to help her gets caught in a web of mistaken identities, mindless bureaucracy and lies.","Comedy, Science Fiction"
Lamb,"An Icelandic couple live with their herd of sheep on a beautiful but remote farm. When they discover a mysterious newborn on their land, they decide to keep it and raise it as their own. This unexpected development and the prospects of a new family brings them much joy before ultimately destroying them.","Drama, Fantasy, Horror"
Till Death,"After a romantic evening at their secluded lake house, a woman wakes up handcuffed to her dead husband. Trapped and isolated in the dead of winter, she must fight off hired killers to escape her late spouse's twisted plan.","Horror, Thriller"
Papi Sitter,"Franck and Karine are offered a job on a cruise ship they can’t refuse. The only problem: their daughter Camille has to study for her finals but has other ideas of fun in mind instead… No problem! To straighten his daughter out and set her to work, Franck calls on his father André, a retired captain from the national police, hopelessly uptight and rigid. With military discipline, Camille’s finals will be a success! But this is the moment when the second grandfather Teddy, an eccentric and wild former nightclub manager and the total opposite of the strict André, chooses to return after many years abroad... Living together promises to be complicated…",Comedy
The Grudge,"After a young mother murders her family in her own house, a detective attempts to investigate the mysterious case, only to discover that the house is cursed by a vengeful ghost. Now targeted by the demonic spirits, the detective must do anything to protect herself and her family from harm.","Horror, Mystery"
Lolo,"On holiday in the south of France, chic Parisian sophisticate Violette meets life-loving IT geek Jean-René. Against all odds, there’s a real chemistry between them and at the end of the summer, Jean-René wastes no time in joining his beloved in Paris. But there’s trouble in paradise, and a third party swiftly appears to shatter the couple’s idyll: Lolo, Violette’s ultra-possessive 19-year-old son, who is determined to get rid of his mother’s lover, whatever it takes…",Comedy
The Bélier Family,"The whole Bélier family is deaf, except for sixteen year old Paula who is the important translator in her parents' day to day life especially when it comes to matters concerning the family farm. When her music teacher discovers she has a fantastic singing voice and she gets an opportunity to enter a big Radio France contest the whole family's future is set up for big changes.","Comedy, Music, Drama"
Pan,"Living a bleak existence at a London orphanage, 12-year-old Peter finds himself whisked away to the fantastical world of Neverland. Adventure awaits as he meets new friend James Hook and the warrior Tiger Lily. They must band together to save Neverland from the ruthless pirate Blackbeard. Along the way, the rebellious and mischievous boy discovers his true destiny, becoming the hero forever known as Peter Pan.","Fantasy, Adventure, Family, Action"
What We Do in the Shadows,Vampire housemates try to cope with the complexities of modern life and show a newly turned hipster some of the perks of being undead.,"Comedy, Horror"
Trolls,"After the monstrous Bergens invade Troll Village, Princess Poppy, the happiest Troll ever born, and overly-cautious, curmudgeonly outcast Branch set off on a journey to rescue her friends. Their mission is full of adventure and mishaps, as this mismatched duo try to tolerate each other long enough to get the job done.","Family, Animation, Fantasy, Adventure, Comedy, Music"
The Twilight Saga: Breaking Dawn - Part 1,The new found married bliss of Bella Swan and vampire Edward Cullen is cut short when a series of betrayals and misfortunes threatens to destroy their world.,"Adventure, Fantasy, Romance"
xXx: Return of Xander Cage,"Xander Cage is left for dead after an incident, though he secretly returns to action for a new, tough assignment with his handler Augustus Gibbons.","Action, Adventure, Crime"
Falling Down,An ordinary man frustrated with the various flaws he sees in society begins to psychotically and violently lash out against them.,"Crime, Drama, Thriller"
Leap Year,"When yet another anniversary passes without a marriage proposal from her boyfriend, Anna decides to take action. Aware of a Celtic tradition that allows women to pop the question on Feb. 29, she plans to follow her lover to Dublin and ask him to marry her. Fate has other plans, however, and Anna winds up on the other side of the Emerald Isle with handsome, but surly, Declan -- an Irishman who may just lead Anna down the road to true love.","Romance, Comedy"
The Secret of NIMH,"A widowed field mouse must move her family -- including an ailing son -- to escape a farmer's plow. Aided by a crow and a pack of superintelligent, escaped lab rats, the brave mother struggles to transplant her home to firmer ground.","Family, Animation, Fantasy, Adventure, Drama, Mystery, Science Fiction"
Commando,"John Matrix, the former leader of a special commando strike force that always got the toughest jobs done, is forced back into action when his young daughter is kidnapped. To find her, Matrix has to fight his way through an array of punks, killers, one of his former commandos, and a fully equipped private army. With the help of a feisty stewardess and an old friend, Matrix has only a few hours to overcome his greatest challenge: finding his daughter before she's killed.","Action, Adventure, Thriller"
57 Seconds,"When a tech blogger lands an interview with a tech guru and stops an attack on him, he finds a mysterious ring that takes him back 57 seconds into the past.","Thriller, Science Fiction, Action"
The Medium,"A documentary crew heads to Thailand’s Isan region to interview Nim, a shaman who believes she is inhabited by the spirit of the ancestral goddess Ba Yan. As her niece, Mink, begins displaying odd behavior, disturbing events start to challenge the community’s beliefs, suggesting a darker force may be at play.","Horror, Thriller"
The Card Counter,"William Tell just wants to play cards. His spartan existence on the casino trail is shattered when he is approached by Cirk, a vulnerable and angry young man seeking help to execute his plan for revenge on a military colonel. Tell sees a chance at redemption through his relationship with Cirk. But keeping Cirk on the straight-and-narrow proves impossible, dragging Tell back into the darkness of his past.","Drama, Thriller, Crime"
The Room,"Kate and Matt discover that a part of their house can grant wishes. In the wake of two miscarriages, what they want most is a child.","Horror, Drama, Mystery, Science Fiction"
No Filter,"Beatrice celebrates with her family the release of her book: she tells about the accident of her husband Frederic. He became blind and without filter - always so funny and seductive, he is totally unpredictable. But this book, hymn-to-life, will turn into a joyful fist because if Beatrice changed the names, each of his friends seeks to find his character. The book awakens secret jealousies, while the group of friends and family pitch.",Comedy
Little White Lies 2,"The result of the small handkerchiefs ""Petits mouchoirs"", 7 years later. The band, which erupted, is found on the occasion of the anniversary surprise organized for Max.","Comedy, Drama, Family, Romance"
Rambo: Last Blood,"After fighting his demons for decades, John Rambo now lives in peace on his family ranch in Arizona, but his rest is interrupted when Gabriela, the granddaughter of his housekeeper María, disappears after crossing the border into Mexico to meet her biological father. Rambo, who has become a true father figure for Gabriela over the years, undertakes a desperate and dangerous journey to find her.","Action, Thriller, Drama"
Bergman Island,"An English-German filmmaking couple retreat to Fårö for the summer to each write screenplays for their upcoming films in an act of pilgrimage to the place that inspired Ingmar Bergman. As the summer and their screenplays advance, the lines between reality and fiction start to blur against the backdrop of the Island's wild landscape.","Drama, Romance"
The Peanut Butter Falcon,A down-on-his-luck crab fisherman embarks on a journey to get a young man with Down syndrome to a professional wrestling school in rural North Carolina and away from the retirement home where he’s lived for the past two and a half years.,"Adventure, Comedy, Drama"
Chinese Puzzle,"Xavier is a 40-year-old father of two who still finds life very complicated. When the mother of his children moves to New York, he can't bear them growing up far away from him and so he decides to move there as well.","Comedy, Drama, Romance"
The Card Counter,"William Tell just wants to play cards. His spartan existence on the casino trail is shattered when he is approached by Cirk, a vulnerable and angry young man seeking help to execute his plan for revenge on a military colonel. Tell sees a chance at redemption through his relationship with Cirk. But keeping Cirk on the straight-and-narrow proves impossible, dragging Tell back into the darkness of his past.","Drama, Thriller, Crime"
Z,A family find themselves terrorized by their eight-year-old son's imaginary friend.,"Horror, Thriller"
The Room,"Kate and Matt discover that a part of their house can grant wishes. In the wake of two miscarriages, what they want most is a child.","Horror, Drama, Mystery, Science Fiction"
No Filter,"Beatrice celebrates with her family the release of her book: she tells about the accident of her husband Frederic. He became blind and without filter - always so funny and seductive, he is totally unpredictable. But this book, hymn-to-life, will turn into a joyful fist because if Beatrice changed the names, each of his friends seeks to find his character. The book awakens secret jealousies, while the group of friends and family pitch.",Comedy
Little White Lies 2,"The result of the small handkerchiefs ""Petits mouchoirs"", 7 years later. The band, which erupted, is found on the occasion of the anniversary surprise organized for Max.","Comedy, Drama, Family, Romance"
Rambo: Last Blood,"After fighting his demons for decades, John Rambo now lives in peace on his family ranch in Arizona, but his rest is interrupted when Gabriela, the granddaughter of his housekeeper María, disappears after crossing the border into Mexico to meet her biological father. Rambo, who has become a true father figure for Gabriela over the years, undertakes a desperate and dangerous journey to find her.","Action, Thriller, Drama"
Bergman Island,"An English-German filmmaking couple retreat to Fårö for the summer to each write screenplays for their upcoming films in an act of pilgrimage to the place that inspired Ingmar Bergman. As the summer and their screenplays advance, the lines between reality and fiction start to blur against the backdrop of the Island's wild landscape.","Drama, Romance"
The Peanut Butter Falcon,A down-on-his-luck crab fisherman embarks on a journey to get a young man with Down syndrome to a professional wrestling school in rural North Carolina and away from the retirement home where he’s lived for the past two and a half years.,"Adventure, Comedy, Drama"
Chinese Puzzle,"Xavier is a 40-year-old father of two who still finds life very complicated. When the mother of his children moves to New York, he can't bear them growing up far away from him and so he decides to move there as well.","Comedy, Drama, Romance"
Begin Again,"Gretta, a budding songwriter, finds herself alone after her boyfriend Dave ditches her. Her life gains purpose when Dan, a record label executive, notices her talent.","Comedy, Music, Romance, Drama"
Pain & Gain,"Daniel Lugo, manager of the Sun Gym in 1990s Miami, decides that there is only one way to achieve his version of the American dream: extortion. To achieve his goal, he recruits musclemen Paul and Adrian as accomplices. After several failed attempts, they abduct rich businessman Victor Kershaw and convince him to sign over all his assets to them. But when Kershaw makes it out alive, authorities are reluctant to believe his story.","Action, Crime, Comedy, Drama, Mystery"
Anchorman 2: The Legend Continues,"With the 70s behind him, San Diego's top rated newsman, Ron Burgundy, returns to take New York's first 24-hour news channel by storm.",Comedy
Escape Plan,"Ray Breslin is the world's foremost authority on structural security. After analyzing every high security prison and learning a vast array of survival skills so he can design escape-proof prisons, his skills are put to the test. He's framed and incarcerated in a master prison he designed himself. He needs to escape and find the person who put him behind bars.","Action, Thriller"
Movie 43,A series of interconnected short films are the backdrop for a maniac screenwriter who pitches insane storylines featuring some of Hollywood's biggest and brightest.,Comedy
Les Misérables,"An adaptation of the successful stage musical based on Victor Hugo's classic novel set in 19th-century France. Jean Valjean, a man imprisoned for stealing bread, must flee a relentless policeman named Javert. The pursuit consumes both men's lives, and soon Valjean finds himself in the midst of the student revolutions in France.","History, Drama"
The Guilt Trip,An inventor and his mom hit the road together so he can sell his latest invention.,Comedy
Lovelace,"Story of Linda Lovelace, who is used and abused by the porn industry at the behest of her coercive husband, before taking control of her life.",Drama
Jack and Jill,"Jack Sadelstein, a successful advertising executive in Los Angeles with a beautiful wife and kids, dreads one event each year: the Thanksgiving visit of his twin sister Jill. Jill's neediness and passive-aggressiveness is maddening to Jack, turning his normally tranquil life upside down.","Comedy, Family"
Margin Call,A thriller that revolves around the key people at an investment bank over a 24-hour period during the early stages of the financial crisis.,"Thriller, Drama"
The Twilight Saga: Eclipse,"Bella once again finds herself surrounded by danger as Seattle is ravaged by a string of mysterious killings and a malicious vampire continues her quest for revenge. In the midst of it all, she is forced to choose between her love for Edward and her friendship with Jacob, knowing that her decision has the potential to ignite the ageless struggle between vampire and werewolf. With her graduation quickly approaching, Bella is confronted with the most important decision of her life.","Adventure, Fantasy, Drama, Romance"
