series_id,brand_id,brand_name,series_name,cover_image_url,cover_photo_record_id,image_count,validated_image_count,local_cover_path,photo_job_id,source_names,updated_at
3,114,ALPINA,ALPINA B4,https://p3-dcd.byteimg.com/tos-cn-i-dcdx/22b9b513bfdf418ebed4863fec3e7079~tplv-f042mdwyw7-original:tplv-resize:640:0.image?psm=motor.pc_sh.api,4a496939e5bdd0b434673b9d,1,0,,562f251162b01aba11019a82,dongchedi_usedcar_series,2026-07-08T22:04:53+08:00
5,55,DS,DS 4S,https://p9-dcd.byteimg.com/motor-mis-img/b30da77db160cbbbe949275f52fdccb3~tplv-f042mdwyw7-original:tplv-resize:640:0.image?psm=motor.pc_sh.api,cfd823d7ea727741d576d674,1,0,,71b9515013e4888be157ec11,dongchedi_usedcar_series,2026-07-08T22:04:53+08:00
6,55,DS,DS 5,https://p9-dcd.byteimg.com/motor-mis-img/7001b6ad12d179bcb4f60c62ce50e377~tplv-f042mdwyw7-original:tplv-resize:640:0.image?psm=motor.pc_sh.api,5de020fc304999a407a98812,1,0,,2b1c31dc911feff1076e80e0,dongchedi_usedcar_series,2026-07-08T22:04:53+08:00
7,55,DS,DS 6,https://p9-dcd.byteimg.com/motor-mis-img/3c18db6aa8a71c0c323197956ca8b81e~tplv-f042mdwyw7-original:tplv-resize:640:0.image?psm=motor.pc_sh.api,5adfea0f6a190c11a0cb7753,1,0,,762fb27ce822574915a281ee,dongchedi_usedcar_series,2026-07-08T22:04:53+08:00
9,96,GMC,YUKON育空,https://p3-dcd.byteimg.com/tos-cn-i-dcdx/079029e0dd8d4ec9b315d887ced4944f~tplv-f042mdwyw7-original:tplv-resize:640:0.image?psm=motor.pc_sh.api,5667c3c5c0db381f02eb1134,1,0,,143a3614e331dab6998ae3a1,dongchedi_usedcar_series,2026-07-08T22:04:53+08:00
10,96,GMC,SAVANA,https://p3-dcd.byteimg.com/motor-mis-img/f6fee64aaad919d623e6ba7d84fa9375~tplv-f042mdwyw7-original:tplv-resize:640:0.image?psm=motor.pc_sh.api,2c49462605a491f8acee75b1,1,0,,e71e38af71445541fde0c812,dongchedi_usedcar_series,2026-07-08T22:04:53+08:00
12,14,Jeep,自由客,https://p3-dcd.byteimg.com/motor-mis-img/7ddd3875507e0d0422cf7aa4f15a2579~tplv-f042mdwyw7-original:tplv-resize:640:0.image?psm=motor.pc_sh.api,e180f821aa78d54b16740a72,1,0,,030148ceb5f598914e9ef5c0,dongchedi_usedcar_series,2026-07-08T22:04:53+08:00
13,14,Jeep,指南者(进口),https://p3-dcd.byteimg.com/tos-cn-i-dcdx/5193721fe59b4bf582af6d5c235a319f~tplv-f042mdwyw7-original:tplv-resize:640:0.image?psm=motor.pc_sh.api,eec04a44f447846dd0552e73,1,0,,48686eddc6f940dae54342dc,dongchedi_usedcar_series,2026-07-08T22:04:53+08:00
14,14,Jeep,牧马人,https://p3-dcd.byteimg.com/tos-cn-i-dcdx/1328d788cd794a69a5ba4b84501886f8~tplv-f042mdwyw7-original:tplv-resize:640:0.image?psm=motor.pc_sh.api,05aaab4732a73010183f6d4c,1,0,,259aa7689dc565dc4cc9284a,dongchedi_usedcar_series,2026-07-08T22:04:53+08:00
15,14,Jeep,自由光(进口),https://p3-dcd.byteimg.com/tos-cn-i-dcdx/c684d647fb50485d89d8455955ed3bbd~tplv-f042mdwyw7-original:tplv-resize:640:0.image?psm=motor.pc_sh.api,8c099dc58b41a8896ee31ae8,1,0,,3c43290701835708a8168f5d,dongchedi_usedcar_series,2026-07-08T22:04:53+08:00
16,14,Jeep,自由人,https://p3-dcd.byteimg.com/motor-mis-img/3e79f64c717b5c4b3cf5777b518655df~tplv-f042mdwyw7-original:tplv-resize:640:0.image?psm=motor.pc_sh.api,535ce0688d26649e5039b9a3,1,0,,bdb09d5cf6b66148ac0f7ee9,dongchedi_usedcar_series,2026-07-08T22:04:53+08:00
17,14,Jeep,指挥官经典,https://p3-dcd.byteimg.com/motor-mis-img/7846783a2e8c08ffc9bdbd1a0022d945~tplv-f042mdwyw7-original:tplv-resize:640:0.image?psm=motor.pc_sh.api,da8e582d25f387cee9709b60,1,0,,dedbc57b1568a9269e301334,dongchedi_usedcar_series,2026-07-08T22:04:53+08:00
18,14,Jeep,大切诺基(进口),https://p3-dcd.byteimg.com/motor-mis-img/4691c83abe737372fec32b745ab69577~tplv-f042mdwyw7-original:tplv-resize:640:0.image?psm=motor.pc_sh.api,48adb53ed9df579e42f9416d,1,0,,8029c333ad6c5a2f41ed33e1,dongchedi_usedcar_series,2026-07-08T22:04:53+08:00
19,14,Jeep,大切诺基 SRT,https://p3-dcd.byteimg.com/motor-mis-img/c318e8b43d59e5f69a92befbdc83588c~tplv-f042mdwyw7-original:tplv-resize:640:0.image?psm=motor.pc_sh.api,d58bfecb5fa037f9904adb11,1,0,,900c0296362c034b78b589fd,dongchedi_usedcar_series,2026-07-08T22:04:53+08:00
22,14,Jeep,自由侠,https://p3-dcd.byteimg.com/motor-mis-img/edb1049ba6ba400a430ad910b1d583cb~tplv-f042mdwyw7-original:tplv-resize:640:0.image?psm=motor.pc_sh.api,2863f95d0e52aa459960bbcd,1,0,,86e432262a97ad6ca0f87adb,dongchedi_usedcar_series,2026-07-08T22:04:53+08:00
23,14,Jeep,指南者,https://p3-dcd.byteimg.com/motor-mis-img/17d1f4801d5ca5b04099ae981f1ae418~tplv-f042mdwyw7-original:tplv-resize:640:0.image?psm=motor.pc_sh.api,b1f449a75382a6e796fa3d02,1,0,,67fc63e834fd1fb6c1d0ce95,dongchedi_usedcar_series,2026-07-08T22:04:53+08:00
24,14,Jeep,自由光,https://p3-dcd.byteimg.com/motor-mis-img/509680d2a422aec3fdd918edee9fc8d4~tplv-f042mdwyw7-original:tplv-resize:640:0.image?psm=motor.pc_sh.api,e4a460f31628a5f369d5a733,1,0,,4df1bf9ab650a7c429c1c829,dongchedi_usedcar_series,2026-07-08T22:04:53+08:00
25,141,KTM,X-BOW GT,https://p9-dcd.byteimg.com/motor-mis-img/4d770c336116efcb44e28a942be28d91~tplv-f042mdwyw7-original:tplv-resize:640:0.image?psm=motor.pc_sh.api,983ba5aa958a03f74bb6daa4,1,0,,fe71c1f435bac32e54b64cdd,dongchedi_usedcar_series,2026-07-08T22:04:53+08:00
28,145,Lorinser,Metris MS500,https://p9-dcd.byteimg.com/motor-mis-img/5a0c91486b30f97361294d6010be98e0~tplv-f042mdwyw7-original:tplv-resize:640:0.image?psm=motor.pc_sh.api,f9f2ce029cadf79e29c82fe0,1,0,,f8672cbda00607d6ba018eed,dongchedi_usedcar_series,2026-07-08T22:04:53+08:00
29,34,名爵,名爵3SW,https://p3-dcd.byteimg.com/motor-mis-img/8adc119cee7a5965fe29cf13398868cc~tplv-f042mdwyw7-original:tplv-resize:640:0.image?psm=motor.pc_sh.api,cb30f0d47415ac9948b19485,1,0,,b8cba9b47873c1840e3f1e07,dongchedi_usedcar_series,2026-07-08T22:04:53+08:00
30,34,名爵,MG 3,https://p3-dcd.byteimg.com/tos-cn-i-dcdx/e8aa7c6e51c74076a3b81af72ab445f3~tplv-f042mdwyw7-original:tplv-resize:640:0.image?psm=motor.pc_sh.api,a5ced48ccf030c4e0afd6a2c,1,0,,7f8f33313785a99298d72de4,dongchedi_usedcar_series,2026-07-08T22:04:53+08:00
31,34,名爵,MG5,https://p9-dcd.byteimg.com/tos-cn-i-dcdx/46ea3c4fd80c42e38df4c19cbc19f823~tplv-resize:640:0.png?psm=motor.rank.data,07722c03aa85f0a273b560d6,3,2,,9197435ce8acb12aa904e149,dongchedi_ranking|dongchedi_usedcar_series,2026-07-08T22:04:53+08:00
32,34,名爵,MG6,https://p9-dcd.byteimg.com/tos-cn-i-dcdx/e79a397f178a42b2a125fea383e0c777~tplv-resize:640:0.png?psm=motor.rank.data,616aa71a59258da50762476c,3,2,,0179d310049405a517989454,dongchedi_ranking|dongchedi_usedcar_series,2026-07-08T22:04:53+08:00
33,34,名爵,锐行,https://p3-dcd.byteimg.com/motor-mis-img/0b8c86064e63c6f62408361200aa1149~tplv-f042mdwyw7-original:tplv-resize:640:0.image?psm=motor.pc_sh.api,c8736b340f1ca9f9da1f95e0,1,0,,2f9619515295bbf6feb51d46,dongchedi_usedcar_series,2026-07-08T22:04:53+08:00
34,34,名爵,MG ZS,https://p3-dcd.byteimg.com/motor-mis-img/65ffd10557f995aeb3d5743592e170aa~tplv-f042mdwyw7-original:tplv-resize:640:0.image?psm=motor.pc_sh.api,a0951f2b065477891bb13a24,1,0,,ed0ba6e80e2380e79dae1c03,dongchedi_usedcar_series,2026-07-08T22:04:53+08:00
35,34,名爵,锐腾,https://p3-dcd.byteimg.com/motor-mis-img/bb2d47eb3c085e6b68ec45cb47fb4b25~tplv-f042mdwyw7-original:tplv-resize:640:0.image?psm=motor.pc_sh.api,4dc380e5d45300703231fb19,1,0,,4bf1c87307efc0d9193c3162,dongchedi_usedcar_series,2026-07-08T22:04:53+08:00
37,34,名爵,MG7,https://p9-dcd.byteimg.com/tos-cn-i-dcdx/ff5cb551200642ea9f911622b85038b5~tplv-resize:640:0.png?psm=motor.rank.data,e396b5e193292f9d445f1c88,3,2,,c26ddeb5dcb1515370bd5756,dongchedi_ranking|dongchedi_usedcar_series,2026-07-08T22:04:53+08:00
38,65,MINI,MINI,https://p3-dcd.byteimg.com/tos-cn-i-dcdx/be9a8c71004642c693f916e35eabb24a~tplv-f042mdwyw7-original:tplv-resize:640:0.image?psm=motor.pc_sh.api,962d16767bcda44662dc5266,1,0,,1330942fa18dd330b6922b58,dongchedi_usedcar_series,2026-07-08T22:04:53+08:00
39,65,MINI,MINI CLUBMAN,https://p3-dcd.byteimg.com/tos-cn-i-dcdx/e8f1a5d5be3945528c37ca27a38ee7ce~tplv-f042mdwyw7-original:tplv-resize:640:0.image?psm=motor.pc_sh.api,2b39b30fb405461f10c79623,1,0,,5da37834822c4eced6409071,dongchedi_usedcar_series,2026-07-08T22:04:53+08:00
40,65,MINI,MINI ROADSTER,https://p3-dcd.byteimg.com/motor-mis-img/daec8ab8ad900d26f7c3b9b4f329e241~tplv-f042mdwyw7-original:tplv-resize:640:0.image?psm=motor.pc_sh.api,78e65b14912fb0c08b6f187b,1,0,,8874b88de68136ba1083fbed,dongchedi_usedcar_series,2026-07-08T22:04:53+08:00
41,65,MINI,MINI PACEMAN,https://p3-dcd.byteimg.com/motor-mis-img/9aea79907876c03c1476e63d5b9b9d4c~tplv-f042mdwyw7-original:tplv-resize:640:0.image?psm=motor.pc_sh.api,85ac8a572e59f8471c9428fb,1,0,,5879e924dd787261743fd8ef,dongchedi_usedcar_series,2026-07-08T22:04:53+08:00
42,65,MINI,MINI COUNTRYMAN,https://p3-dcd.byteimg.com/tos-cn-i-dcdx/624173e8a071478aa955d427b36b7153~tplv-f042mdwyw7-original:tplv-resize:640:0.image?psm=motor.pc_sh.api,c2bf76f791ad0a253633e1d6,1,0,,f0b17a0e5729425118fed8ce,dongchedi_usedcar_series,2026-07-08T22:04:53+08:00
43,65,MINI,MINI COUPE,https://p3-dcd.byteimg.com/motor-mis-img/9ffa0415f6bc12073ed1c784090a84a7~tplv-f042mdwyw7-original:tplv-resize:640:0.image?psm=motor.pc_sh.api,d886776e2d298a025723be91,1,0,,3b3ce506aecf25299eaa9d3f,dongchedi_usedcar_series,2026-07-08T22:04:53+08:00
44,65,MINI,MINI JCW,https://p3-dcd.byteimg.com/tos-cn-i-dcdx/548c2e141e854b09bb385093579add78~tplv-f042mdwyw7-original:tplv-resize:640:0.image?psm=motor.pc_sh.api,363b36db148366a8d6f6407d,1,0,,465c9d1e444fbca7258d6fb8,dongchedi_usedcar_series,2026-07-08T22:04:53+08:00
45,65,MINI,MINI JCW CLUBMAN,https://p3-dcd.byteimg.com/motor-mis-img/fc2fd19c2e564299aa7e330841ee927f~tplv-f042mdwyw7-original:tplv-resize:640:0.image?psm=motor.pc_sh.api,2359eac36fb2c470581a9dbd,1,0,,f9f18d4f0ec2c09301090197,dongchedi_usedcar_series,2026-07-08T22:04:53+08:00
46,65,MINI,MINI JCW PACEMAN,https://p3-dcd.byteimg.com/motor-mis-img/43a4b09b35566ce596e1fda490a3ea63~tplv-f042mdwyw7-original:tplv-resize:640:0.image?psm=motor.pc_sh.api,4b789173c4b0fd9107adb547,1,0,,6708606785522aa9cd9afca2,dongchedi_usedcar_series,2026-07-08T22:04:53+08:00
47,65,MINI,MINI JCW COUNTRYMAN,https://p3-dcd.byteimg.com/tos-cn-i-dcdx/083a9b6243974c8a85351cfac83c137b~tplv-f042mdwyw7-original:tplv-resize:640:0.image?psm=motor.pc_sh.api,e92642ebe79d4c1e26811757,1,0,,588cc16584aef3fe9913faec,dongchedi_usedcar_series,2026-07-08T22:04:53+08:00
49,48,smart,smart fortwo,https://p3-dcd.byteimg.com/motor-mis-img/e10005719438035bd5e00343ee9dd235~tplv-f042mdwyw7-original:tplv-resize:640:0.image?psm=motor.pc_sh.api,7f1267b335b15dc5c47ff770,1,0,,8a18eeb283cbfe7132753f59,dongchedi_usedcar_series,2026-07-08T22:04:53+08:00
50,48,smart,smart forfour,https://p3-dcd.byteimg.com/motor-mis-img/b8b9532d7b1959fbccf4ff01c0718e35~tplv-f042mdwyw7-original:tplv-resize:640:0.image?psm=motor.pc_sh.api,18e9f6cd1516d6af2c00fbc5,1,0,,7f97b4901ed0af93fd56b150,dongchedi_usedcar_series,2026-07-08T22:04:53+08:00
53,157,SWM斯威汽车,斯威X7,https://p3-dcd.byteimg.com/motor-mis-img/11fbe3c6e9192008adca4108d69b5413~tplv-f042mdwyw7-original:tplv-resize:640:0.image?psm=motor.pc_sh.api,7462c43fd4bf30a92730a56b,1,0,,3a001f28f0de89d83ba0b9f4,dongchedi_usedcar_series,2026-07-08T22:04:53+08:00
54,157,SWM斯威汽车,斯威X3,https://p3-dcd.byteimg.com/motor-mis-img/e378ebdc44c1db74a9ce8171e550701c~tplv-f042mdwyw7-original:tplv-resize:640:0.image?psm=motor.pc_sh.api,d011f4e934d9dd1ab731483a,1,0,,55e041a6428dc33172166c1f,dongchedi_usedcar_series,2026-07-08T22:04:53+08:00
55,66,魏牌,魏牌 VV7,https://p3-dcd.byteimg.com/motor-mis-img/d1c98089f0e0d6d8ce954fa23d777827~tplv-f042mdwyw7-original:tplv-resize:640:0.image?psm=motor.pc_sh.api,4eb80b5d5b6c4bbacf5cde71,1,0,,5e53832e38df6abf82845d51,dongchedi_usedcar_series,2026-07-08T22:04:53+08:00
56,51,阿尔法·罗密欧,Giulia朱丽叶,https://p9-dcd.byteimg.com/tos-cn-i-dcdx/5b74e63d459b465d99ff270e845f3572~tplv-f042mdwyw7-original:tplv-resize:640:0.image?psm=motor.pc_sh.api,fabe4488d90000b12361a892,1,0,,e6b69b0ba0de4b442be4a643,dongchedi_usedcar_series,2026-07-08T22:04:53+08:00
59,51,阿尔法·罗密欧,Stelvio斯坦维,https://p9-dcd.byteimg.com/tos-cn-i-dcdx/656d074f1a3d4def95cc821be3a67c65~tplv-f042mdwyw7-original:tplv-resize:640:0.image?psm=motor.pc_sh.api,9684e3fd8acbc613ea537f16,1,0,,1ce0d7d8dd569b1591a85f90,dongchedi_usedcar_series,2026-07-08T22:04:53+08:00
61,80,阿斯顿·马丁,Rapide,https://p3-dcd.byteimg.com/motor-mis-img/b0af33cb2202c9fa6edcbb61333f9518~tplv-f042mdwyw7-original:tplv-resize:640:0.image?psm=motor.pc_sh.api,2e7f7323aa2503e4e1d04a9b,1,0,,44b6643a76a199c4038103ff,dongchedi_usedcar_series,2026-07-08T22:04:53+08:00
62,80,阿斯顿·马丁,阿斯顿·马丁DB9,https://p3-dcd.byteimg.com/motor-mis-img/725dd4b0a081c997534a0ec684c7e7ef~tplv-f042mdwyw7-original:tplv-resize:640:0.image?psm=motor.pc_sh.api,d8e67dd7ae6d99cc6cb26f0a,1,0,,28142060b5399b96feab442c,dongchedi_usedcar_series,2026-07-08T22:04:53+08:00
63,80,阿斯顿·马丁,Vantage,https://p3-dcd.byteimg.com/tos-cn-i-dcdx/98fd82f5cef44c58b57c7a6f50a1da1c~tplv-f042mdwyw7-original:tplv-resize:640:0.image?psm=motor.pc_sh.api,a5b07c06f2476d18fb60ddc5,1,0,,00d8620a12cda19d93a21c72,dongchedi_usedcar_series,2026-07-08T22:04:53+08:00
66,80,阿斯顿·马丁,阿斯顿·马丁DB11,https://p3-dcd.byteimg.com/motor-mis-img/ec308b9a29d44dd258a4247aef475d03~tplv-f042mdwyw7-original:tplv-resize:640:0.image?psm=motor.pc_sh.api,00855ecfb96eb8ee9b6f3269,1,0,,f355606382c0f47c251bee5c,dongchedi_usedcar_series,2026-07-08T22:04:53+08:00
67,80,阿斯顿·马丁,阿斯顿·马丁DBS,https://p3-dcd.byteimg.com/motor-mis-img/be2282d67b21cb4ff0904f8d3bbd7ea8~tplv-f042mdwyw7-original:tplv-resize:640:0.image?psm=motor.pc_sh.api,14762e289147d07a82ed168e,1,0,,58343a40ff8e9158e20fb5d0,dongchedi_usedcar_series,2026-07-08T22:04:53+08:00
68,80,阿斯顿·马丁,Virage,https://p3-dcd.byteimg.com/motor-mis-img/b0c319d4b2b76e52aee369f7a97506ea~tplv-f042mdwyw7-original:tplv-resize:640:0.image?psm=motor.pc_sh.api,f91c32c25d65101e035925cd,1,0,,73213d2bbfe2aedd9e73cf35,dongchedi_usedcar_series,2026-07-08T22:04:53+08:00
71,2,奥迪,奥迪A1,https://p3-dcd.byteimg.com/motor-mis-img/0ccc651105295e7bd145b8ee641758b0~tplv-f042mdwyw7-original:tplv-resize:640:0.image?psm=motor.pc_sh.api,f8ae492f2b1b628d138cd9fc,1,0,,d9e2c78968508f8514722f1f,dongchedi_usedcar_series,2026-07-08T22:04:53+08:00
72,2,奥迪,奥迪A3(进口),https://p3-dcd.byteimg.com/motor-mis-img/ab00b1020bde3a1e28502fa19da84041~tplv-f042mdwyw7-original:tplv-resize:640:0.image?psm=motor.pc_sh.api,a39c002c060a713c05ba75bd,1,0,,b58ef75b56c69d0b6607e242,dongchedi_usedcar_series,2026-07-08T22:04:53+08:00
74,2,奥迪,奥迪S3,https://p3-dcd.byteimg.com/motor-mis-img/92a17dbe6b48ad708d4d35ca5efbdd67~tplv-f042mdwyw7-original:tplv-resize:640:0.image?psm=motor.pc_sh.api,33ed15c3c22c5d0e81c31469,1,0,,7439182440705c7cb0d2c4e0,dongchedi_usedcar_series,2026-07-08T22:04:53+08:00
75,2,奥迪,奥迪A4(进口),https://p3-dcd.byteimg.com/motor-mis-img/e66ccb676787c6bc14bec268246acda1~tplv-f042mdwyw7-original:tplv-resize:640:0.image?psm=motor.pc_sh.api,b7d661dfe86e67cf94bcbe16,1,0,,fae03833cb0b2bfe24dcc079,dongchedi_usedcar_series,2026-07-08T22:04:53+08:00
76,2,奥迪,奥迪A5,https://p3-dcd.byteimg.com/tos-cn-i-dcdx/669d558925a6434caf0974671bbaba7c~tplv-f042mdwyw7-original:tplv-resize:640:0.image?psm=motor.pc_sh.api,42619a044b7f0ff509f6175e,1,0,,cebd4a66ab5dabff5cbcdf11,dongchedi_usedcar_series,2026-07-08T22:04:53+08:00
77,2,奥迪,奥迪S5,https://p3-dcd.byteimg.com/motor-mis-img/52a275c7bb98aee3b0546e111087ea76~tplv-f042mdwyw7-original:tplv-resize:640:0.image?psm=motor.pc_sh.api,069abd6bab44957677751ada,1,0,,cf9217a7a2ce985475daed59,dongchedi_usedcar_series,2026-07-08T22:04:53+08:00
78,2,奥迪,奥迪A6(进口),https://p3-dcd.byteimg.com/tos-cn-i-dcdx/f6cd8d5cb6ff40ed874acafa445150fd~tplv-f042mdwyw7-original:tplv-resize:640:0.image?psm=motor.pc_sh.api,9d7347f9e4cdd66edcf5d424,1,0,,806c226c7bfb8885a1c59b9d,dongchedi_usedcar_series,2026-07-08T22:04:53+08:00
79,2,奥迪,奥迪S6,https://p3-dcd.byteimg.com/tos-cn-i-dcdx/c9feb1cf5fa248b0b8820bc31e68bcb0~tplv-f042mdwyw7-original:tplv-resize:640:0.image?psm=motor.pc_sh.api,8f48e9708dc71a81de4e300e,1,0,,d6135fd7c4ed915cb7dfd673,dongchedi_usedcar_series,2026-07-08T22:04:53+08:00
80,2,奥迪,奥迪A7,https://p3-dcd.byteimg.com/tos-cn-i-dcdx/13e6c17421584b58a6ad0f8dcb1532cd~tplv-f042mdwyw7-original:tplv-resize:640:0.image?psm=motor.pc_sh.api,bcf31dc3a29ff457706d31c0,1,0,,9dfd4a8bd75b8b780b41dc53,dongchedi_usedcar_series,2026-07-08T22:04:53+08:00
81,2,奥迪,奥迪S7,https://p3-dcd.byteimg.com/tos-cn-i-dcdx/7dda3410a1114de9be4f599eaf7dda3e~tplv-f042mdwyw7-original:tplv-resize:640:0.image?psm=motor.pc_sh.api,92d969f26444b7cebb9dfcf8,1,0,,c4b7f92061be6641ddd0466e,dongchedi_usedcar_series,2026-07-08T22:04:53+08:00
82,2,奥迪,奥迪A8,https://p3-dcd.byteimg.com/tos-cn-i-dcdx/0f7401416e644862979317d3b0754e98~tplv-f042mdwyw7-original:tplv-resize:640:0.image?psm=motor.pc_sh.api,e65feac82a31e93583ce23e6,1,0,,1ff2f4cf8745bc7c6a3e8af9,dongchedi_usedcar_series,2026-07-08T22:04:53+08:00
83,2,奥迪,奥迪S8,https://p3-dcd.byteimg.com/tos-cn-i-dcdx/c168f3cae7d043a5bfb7c2ea3a3f43b5~tplv-f042mdwyw7-original:tplv-resize:640:0.image?psm=motor.pc_sh.api,e149e8e0c94a0c1c8e52fc4f,1,0,,d3d97004da616099573efe5b,dongchedi_usedcar_series,2026-07-08T22:04:53+08:00
84,2,奥迪,奥迪Q3(进口),https://p3-dcd.byteimg.com/tos-cn-i-dcdx/c8a4bae2bc4145b4a3e37eb24358d6e0~tplv-f042mdwyw7-original:tplv-resize:640:0.image?psm=motor.pc_sh.api,cb719db9fe1ee361d051e7c7,1,0,,62452724110a3b481172f061,dongchedi_usedcar_series,2026-07-08T22:04:53+08:00
85,2,奥迪,奥迪Q5(进口),https://p3-dcd.byteimg.com/tos-cn-i-dcdx/5e7bc46f8b444cc0a6484f2bd5aac78e~tplv-f042mdwyw7-original:tplv-resize:640:0.image?psm=motor.pc_sh.api,c43a9703e27037650a10a0aa,1,0,,519b6617ba2fc2aca84e4421,dongchedi_usedcar_series,2026-07-08T22:04:53+08:00
86,2,奥迪,奥迪SQ5,https://p3-dcd.byteimg.com/tos-cn-i-dcdx/637431b62ad9427eb00ff8d9ec3b84b1~tplv-f042mdwyw7-original:tplv-resize:640:0.image?psm=motor.pc_sh.api,d176175cbef5a09f46f11afc,1,0,,d7d6697d84e3b99498e68dfd,dongchedi_usedcar_series,2026-07-08T22:04:53+08:00
87,2,奥迪,奥迪Q7,https://p3-dcd.byteimg.com/tos-cn-i-dcdx/6c0cb174aa964c5a98b79fcde17fff3f~tplv-f042mdwyw7-original:tplv-resize:640:0.image?psm=motor.pc_sh.api,789ac3bd9e6c31bd3ecadd76,1,0,,fc9d24d4dd8cc7a1dda1c159,dongchedi_usedcar_series,2026-07-08T22:04:53+08:00
88,2,奥迪,奥迪Q7 PHEV,https://p3-dcd.byteimg.com/tos-cn-i-dcdx/c4faece4ad8d486ca83927d48c344efd~tplv-f042mdwyw7-original:tplv-resize:640:0.image?psm=motor.pc_sh.api,76d4c6e32dc90285d18eaea7,1,0,,a2eec9e51154a1e55107068f,dongchedi_usedcar_series,2026-07-08T22:04:53+08:00
89,2,奥迪,奥迪TT,https://p3-dcd.byteimg.com/motor-mis-img/5ef5fbac545bb74aa2aa11f74c591f3c~tplv-f042mdwyw7-original:tplv-resize:640:0.image?psm=motor.pc_sh.api,b6c331db22a68464c67e002c,1,0,,1941c9a807fed1e81d18b9a3,dongchedi_usedcar_series,2026-07-08T22:04:53+08:00
90,2,奥迪,奥迪TTS,https://p3-dcd.byteimg.com/motor-mis-img/258d161a907b90a1c999fba69f299400~tplv-f042mdwyw7-original:tplv-resize:640:0.image?psm=motor.pc_sh.api,fc42902fd4f0c12a735173f5,1,0,,7c5f64fd3fb3cface92c0fb9,dongchedi_usedcar_series,2026-07-08T22:04:53+08:00
91,2,奥迪,奥迪R8,https://p3-dcd.byteimg.com/motor-mis-img/c99d47c4d1db39f793546005c40b89aa~tplv-f042mdwyw7-original:tplv-resize:640:0.image?psm=motor.pc_sh.api,7e4b750ed215d89fb3c51483,1,0,,c2122e548e089cb3794a72e3,dongchedi_usedcar_series,2026-07-08T22:04:53+08:00
92,2,奥迪,奥迪RS 5,https://p3-dcd.byteimg.com/motor-mis-img/f55e5f9b9166ab11059dfeb32b64f384~tplv-f042mdwyw7-original:tplv-resize:640:0.image?psm=motor.pc_sh.api,95f37097c5c7ab708e70a774,1,0,,ae153393da6fe3a0916d0ae8,dongchedi_usedcar_series,2026-07-08T22:04:53+08:00
93,2,奥迪,奥迪RS 6,https://p3-dcd.byteimg.com/motor-mis-img/9dcdfe872787c072397de116a7fec4f3~tplv-f042mdwyw7-original:tplv-resize:640:0.image?psm=motor.pc_sh.api,b99a1386d61801b5af48ea72,1,0,,d5b91955c5e06d0530eaca3e,dongchedi_usedcar_series,2026-07-08T22:04:53+08:00
94,2,奥迪,奥迪RS 7,https://p3-dcd.byteimg.com/tos-cn-i-dcdx/083fa33b288b429ca7f1996d4f751ef0~tplv-f042mdwyw7-original:tplv-resize:640:0.image?psm=motor.pc_sh.api,6d0951248dc9d7dca2fb7b8d,1,0,,f717a711f050cb1f7f37502b,dongchedi_usedcar_series,2026-07-08T22:04:53+08:00
95,2,奥迪,奥迪A3,https://p9-dcd.byteimg.com/tos-cn-i-dcdx/2440a980eef1436cb95453dd91fbddb3~tplv-resize:640:0.png?psm=motor.rank.data,e88b7c376aa3b135f88ea58b,3,2,,888d2b940f7579379fc0a766,dongchedi_ranking|dongchedi_usedcar_series,2026-07-08T22:04:53+08:00
96,2,奥迪,奥迪A4L,https://p9-dcd.byteimg.com/tos-cn-i-dcdx/da440185e7f349d6b0d58938facb129d~tplv-resize:640:0.png?psm=motor.rank.data,f6b6cbf403534ac5373f902b,3,2,,d867187e86f608c9dcd98fc5,dongchedi_ranking|dongchedi_usedcar_series,2026-07-08T22:04:53+08:00
97,2,奥迪,奥迪A4,https://p3-dcd.byteimg.com/motor-mis-img/c82e92b460b1553c7e53e9ec082053b4~tplv-f042mdwyw7-original:tplv-resize:640:0.image?psm=motor.pc_sh.api,c6d1d0e167d5924458d516c8,1,0,,7d52a6a8862edd884e55e072,dongchedi_usedcar_series,2026-07-08T22:04:53+08:00
98,2,奥迪,奥迪A6,https://p3-dcd.byteimg.com/motor-mis-img/1f219d5f324f310dc292ab88435e3f95~tplv-f042mdwyw7-original:tplv-resize:640:0.image?psm=motor.pc_sh.api,9cab037227e3b2a7a77ae4c8,1,0,,bb6567e276ec74ae98eb5477,dongchedi_usedcar_series,2026-07-08T22:04:53+08:00
99,2,奥迪,奥迪A6L,https://p9-dcd.byteimg.com/tos-cn-i-dcdx/91eaac8446114757841144c12ddb8d37~tplv-resize:640:0.png?psm=motor.rank.data,dd92b29586b762c26438a0db,3,2,,48b0559ce2b945cd16081bf2,dongchedi_ranking|dongchedi_usedcar_series,2026-07-08T22:04:53+08:00
100,2,奥迪,奥迪Q3,https://p9-dcd.byteimg.com/tos-cn-i-dcdx/ce1c130bbffa4d3cb70f1258dfd11bd6~tplv-resize:640:0.png?psm=motor.rank.data,26586d6826bccbbcf276c391,3,2,,572c3918b73bec5e82bff5e4,dongchedi_ranking|dongchedi_usedcar_series,2026-07-08T22:04:53+08:00
101,2,奥迪,奥迪Q5,https://p3-dcd.byteimg.com/motor-mis-img/8e23406722ae154dd8d022feb0dba761~tplv-f042mdwyw7-original:tplv-resize:640:0.image?psm=motor.pc_sh.api,3b23f0d196c296ae6b9c22c2,1,0,,dcdb894ad36a7ca10e41a175,dongchedi_usedcar_series,2026-07-08T22:04:53+08:00
105,118,博速,博速 S级,https://p3-dcd.byteimg.com/tos-cn-i-dcdx/17d85d8d34c34571814c7692210a595b~tplv-f042mdwyw7-original:tplv-resize:640:0.image?psm=motor.pc_sh.api,fad5bad309b839690b5e50bb,1,0,,36237f3cde1f84043056ab09,dongchedi_usedcar_series,2026-07-08T22:04:53+08:00
108,366,宝骏,宝骏310,https://p9-dcd.byteimg.com/motor-mis-img/e84e6195d7068bde6a35decf64703821~tplv-f042mdwyw7-original:tplv-resize:640:0.image?psm=motor.pc_sh.api,35dec8d38a669b36d0711514,1,0,,83291edf03d2487df5ec8ce1,dongchedi_usedcar_series,2026-07-08T22:04:53+08:00
110,366,宝骏,宝骏510,https://p9-dcd.byteimg.com/motor-mis-img/43d490ad2d629d69d6752e03cbe810ab~tplv-f042mdwyw7-original:tplv-resize:640:0.image?psm=motor.pc_sh.api,589224535457d26853dfee20,1,0,,04cac3834e81c0a889698684,dongchedi_usedcar_series,2026-07-08T22:04:53+08:00
111,366,宝骏,宝骏560,https://p9-dcd.byteimg.com/motor-mis-img/fa42a136409abde95d845b1ded22b751~tplv-f042mdwyw7-original:tplv-resize:640:0.image?psm=motor.pc_sh.api,3bac489e543d513278a6b5e8,1,0,,407150ad149aced9c38743d6,dongchedi_usedcar_series,2026-07-08T22:04:53+08:00
112,366,宝骏,宝骏630,https://p9-dcd.byteimg.com/motor-mis-img/ec728d7faa36dc90a59f6fe4789e11a4~tplv-f042mdwyw7-original:tplv-resize:640:0.image?psm=motor.pc_sh.api,064c0c1029a6ad0ee61644c8,1,0,,bdf4bdaf293a3e14e07d3691,dongchedi_usedcar_series,2026-07-08T22:04:53+08:00
113,366,宝骏,宝骏610,https://p9-dcd.byteimg.com/motor-mis-img/a7a3f5fbe9619d353f2c8b2fb92b4b36~tplv-f042mdwyw7-original:tplv-resize:640:0.image?psm=motor.pc_sh.api,f81b31060237389bd07ddc42,1,0,,7a9c7e58ec3878d0ab97a530,dongchedi_usedcar_series,2026-07-08T22:04:53+08:00
114,366,宝骏,宝骏730,https://p9-dcd.byteimg.com/motor-mis-img/ebed42275d05eee4d94bc276a8bf5ec0~tplv-f042mdwyw7-original:tplv-resize:640:0.image?psm=motor.pc_sh.api,b0e41fd3430bf5fb2a4b19df,1,0,,11a93d208ba43311b8ff2509,dongchedi_usedcar_series,2026-07-08T22:04:53+08:00
115,4,宝马,宝马1系(进口),https://p3-dcd.byteimg.com/tos-cn-i-dcdx/89f6a1565e9549f3a5bcf1452c7eb5aa~tplv-f042mdwyw7-original:tplv-resize:640:0.image?psm=motor.pc_sh.api,1dbffefa03c18f42c51745c8,1,0,,7f813f73630ba36c24b8b0c1,dongchedi_usedcar_series,2026-07-08T22:04:53+08:00
116,4,宝马,宝马3系(进口),https://p3-dcd.byteimg.com/tos-cn-i-dcdx/bdb3228608aa49f187e84294c66da006~tplv-f042mdwyw7-original:tplv-resize:640:0.image?psm=motor.pc_sh.api,64b11f905e909f12d8a403b3,1,0,,3db93f46bd152d2f5b8194d0,dongchedi_usedcar_series,2026-07-08T22:04:53+08:00
117,4,宝马,宝马3系GT,https://p3-dcd.byteimg.com/motor-mis-img/d5bd59d3007b6d8d8c244f88c76ee181~tplv-f042mdwyw7-original:tplv-resize:640:0.image?psm=motor.pc_sh.api,985b7f67e85a528ae972c21d,1,0,,ab837b6a557cfca8ee1aa0b8,dongchedi_usedcar_series,2026-07-08T22:04:53+08:00
118,4,宝马,宝马4系,https://p3-dcd.byteimg.com/tos-cn-i-dcdx/f44b76c7263b4d70a1356771e6f51c54~tplv-f042mdwyw7-original:tplv-resize:640:0.image?psm=motor.pc_sh.api,9dfdeb97164f67b0f4365e8a,1,0,,fecb704f3bbd0430a5e24e7c,dongchedi_usedcar_series,2026-07-08T22:04:53+08:00
119,4,宝马,宝马5系GT,https://p3-dcd.byteimg.com/motor-mis-img/69c957a3c9c10751662c653c3faca5c1~tplv-f042mdwyw7-original:tplv-resize:640:0.image?psm=motor.pc_sh.api,fcb4fe948cea64fa6dc8d020,1,0,,57fc821ec7ff8cb01962584f,dongchedi_usedcar_series,2026-07-08T22:04:53+08:00
120,4,宝马,宝马5系(进口),https://p3-dcd.byteimg.com/tos-cn-i-dcdx/d104652b12aa4ad794ca4e50c9c6d15d~tplv-f042mdwyw7-original:tplv-resize:640:0.image?psm=motor.pc_sh.api,0e21781a64577826d022e8ce,1,0,,0eb296aa2656b6d17804e950,dongchedi_usedcar_series,2026-07-08T22:04:53+08:00
121,4,宝马,宝马6系,https://p3-dcd.byteimg.com/motor-mis-img/020ac328a1b66c7d5bb83a82d104ed6c~tplv-f042mdwyw7-original:tplv-resize:640:0.image?psm=motor.pc_sh.api,fb9ebce9c826e412fbc09d09,1,0,,982705876cfd5ec0618a1622,dongchedi_usedcar_series,2026-07-08T22:04:53+08:00
122,4,宝马,宝马7系,https://p3-dcd.byteimg.com/tos-cn-i-dcdx/d8bd5abea2e3446d83e46c941389023e~tplv-f042mdwyw7-original:tplv-resize:640:0.image?psm=motor.pc_sh.api,ebfa9b610db1b41d3f3c791b,1,0,,6c5b892aaf73256dc68939ec,dongchedi_usedcar_series,2026-07-08T22:04:53+08:00
123,4,宝马,宝马7系PHEV,https://p3-dcd.byteimg.com/tos-cn-i-dcdx/48f28881d5f942d38af65d7b2222f0e8~tplv-f042mdwyw7-original:tplv-resize:640:0.image?psm=motor.pc_sh.api,496d5e6abba5849c7e22507b,1,0,,612605f2983cebae58f40b09,dongchedi_usedcar_series,2026-07-08T22:04:53+08:00
124,4,宝马,宝马X1(进口),https://p3-dcd.byteimg.com/tos-cn-i-dcdx/a4ee5e484f444391ad03c895318f4cf2~tplv-f042mdwyw7-original:tplv-resize:640:0.image?psm=motor.pc_sh.api,184d401db4ed95eb014be63f,1,0,,8b5f8ae5938357b715d8315f,dongchedi_usedcar_series,2026-07-08T22:04:53+08:00
125,4,宝马,宝马X4,https://p3-dcd.byteimg.com/tos-cn-i-dcdx/a054d47284784854b59bd34206072895~tplv-f042mdwyw7-original:tplv-resize:640:0.image?psm=motor.pc_sh.api,04dae97c4aba72e1a03defdf,1,0,,60ea5244cb5d66fd0de44868,dongchedi_usedcar_series,2026-07-08T22:04:53+08:00
126,4,宝马,宝马X3(进口),https://p3-dcd.byteimg.com/tos-cn-i-dcdx/f0ae91a16a074ab8b9acc362a3bef3c5~tplv-f042mdwyw7-original:tplv-resize:640:0.image?psm=motor.pc_sh.api,7933659174ff5aa89cb98c79,1,0,,76366ea621a250444ab4635a,dongchedi_usedcar_series,2026-07-08T22:04:53+08:00
127,4,宝马,宝马X6,https://p3-dcd.byteimg.com/tos-cn-i-dcdx/46f4afe2a8bf4a0287517ccda2cf11da~tplv-f042mdwyw7-original:tplv-resize:640:0.image?psm=motor.pc_sh.api,4b4aa4c39cb9b9c0497bfb66,1,0,,a9c608b37803509dd2547a92,dongchedi_usedcar_series,2026-07-08T22:04:53+08:00
128,4,宝马,宝马X5(进口),https://p3-dcd.byteimg.com/tos-cn-i-dcdx/59e982e4cc464e8fbdc21f8468a54dd1~tplv-f042mdwyw7-original:tplv-resize:640:0.image?psm=motor.pc_sh.api,08174d2615db26dbc4d8d8ec,1,0,,0e5c8eba7f1acb5c3c113566,dongchedi_usedcar_series,2026-07-08T22:04:53+08:00
129,4,宝马,宝马X5 PHEV,https://p3-dcd.byteimg.com/tos-cn-i-dcdx/bb7a036a5aad4c37a66e1cbfb6122a20~tplv-f042mdwyw7-original:tplv-resize:640:0.image?psm=motor.pc_sh.api,8186157f4619fe1eb902f939,1,0,,4feeea66c3de230539b4b447,dongchedi_usedcar_series,2026-07-08T22:04:53+08:00
130,4,宝马,宝马2系多功能旅行车,https://p3-dcd.byteimg.com/motor-mis-img/e5586fce2929f4e17621b763ab2ea72f~tplv-f042mdwyw7-original:tplv-resize:640:0.image?psm=motor.pc_sh.api,89da1f446cade0c7171b7cf2,1,0,,4df77c6c2c36238e181a6ba1,dongchedi_usedcar_series,2026-07-08T22:04:53+08:00
131,4,宝马,宝马2系(进口),https://p3-dcd.byteimg.com/tos-cn-i-dcdx/1ac181ab081b42e7ad8da89faaea643c~tplv-f042mdwyw7-original:tplv-resize:640:0.image?psm=motor.pc_sh.api,8b377bed71a3fdbbb20c4925,1,0,,9a66e735f3af37e199af6631,dongchedi_usedcar_series,2026-07-08T22:04:53+08:00
132,4,宝马,宝马Z4,https://p3-dcd.byteimg.com/tos-cn-i-dcdx/ecb492f0de2648869e5d5a3678167de4~tplv-f042mdwyw7-original:tplv-resize:640:0.image?psm=motor.pc_sh.api,fb896b98905328d922edd838,1,0,,65d33320fd13a0f446d12581,dongchedi_usedcar_series,2026-07-08T22:04:53+08:00
133,4,宝马,宝马i3(进口),https://p3-dcd.byteimg.com/motor-mis-img/89e0a76b7d0a54c38bbe6cf99eabda58~tplv-f042mdwyw7-original:tplv-resize:640:0.image?psm=motor.pc_sh.api,6ae3a4d15a05c2e1d2ab7609,1,0,,eeff838f4fc589c95bccc3b7,dongchedi_usedcar_series,2026-07-08T22:04:53+08:00
134,4,宝马,宝马i8,https://p3-dcd.byteimg.com/motor-mis-img/02a4c1363a08ac552edab3d6213cdd96~tplv-f042mdwyw7-original:tplv-resize:640:0.image?psm=motor.pc_sh.api,08feb03fafe5e2a967608f8d,1,0,,11cc127b33cca93d7e8501bd,dongchedi_usedcar_series,2026-07-08T22:04:53+08:00
135,4,宝马,宝马M3,https://p3-dcd.byteimg.com/tos-cn-i-dcdx/15b86f3e43dc47ffbd076c2e43698a0f~tplv-f042mdwyw7-original:tplv-resize:640:0.image?psm=motor.pc_sh.api,49c92f948142099eb2398db8,1,0,,32fdc8a240267c2b859be264,dongchedi_usedcar_series,2026-07-08T22:04:53+08:00
136,4,宝马,宝马M4,https://p3-dcd.byteimg.com/tos-cn-i-dcdx/bf8664bc064e415fbd76f5cf1ad8a050~tplv-f042mdwyw7-original:tplv-resize:640:0.image?psm=motor.pc_sh.api,cdb645b47dd65e2c45826967,1,0,,41d6ba1d8218eaf879670254,dongchedi_usedcar_series,2026-07-08T22:04:53+08:00
137,4,宝马,宝马M5,https://p3-dcd.byteimg.com/motor-mis-img/d35bfe27aef7a0c7c33cf7872087c417~tplv-f042mdwyw7-original:tplv-resize:640:0.image?psm=motor.pc_sh.api,141792912d09624f746ff67c,1,0,,f9766ae01b295ae34dadf069,dongchedi_usedcar_series,2026-07-08T22:04:53+08:00
138,4,宝马,宝马M6,https://p3-dcd.byteimg.com/motor-mis-img/89dd1249bd11d2ec9b1e4377069710ab~tplv-f042mdwyw7-original:tplv-resize:640:0.image?psm=motor.pc_sh.api,d9a04cc4312f852de9409637,1,0,,8d6c0c984883d8979c16afd1,dongchedi_usedcar_series,2026-07-08T22:04:53+08:00
139,4,宝马,宝马X5 M,https://p3-dcd.byteimg.com/tos-cn-i-dcdx/90feef2bb2644c5bb048074e80f4b415~tplv-f042mdwyw7-original:tplv-resize:640:0.image?psm=motor.pc_sh.api,9d20eb84c579794d53f71d2d,1,0,,01264ab2f17c3095e4198b10,dongchedi_usedcar_series,2026-07-08T22:04:53+08:00
140,4,宝马,宝马X6 M,https://p3-dcd.byteimg.com/tos-cn-i-dcdx/84f2bcdd56984195b81be030038ca496~tplv-f042mdwyw7-original:tplv-resize:640:0.image?psm=motor.pc_sh.api,5fb84aec6874874d37fbad02,1,0,,6690b5f3c2cc6ec8cc40ab97,dongchedi_usedcar_series,2026-07-08T22:04:53+08:00
141,4,宝马,宝马M2,https://p3-dcd.byteimg.com/tos-cn-i-dcdx/7f2af6c9c89d4b3c8406416661f70f01~tplv-f042mdwyw7-original:tplv-resize:640:0.image?psm=motor.pc_sh.api,deabbe20c677911efe169690,1,0,,0088532cd1fa2add06eac7e7,dongchedi_usedcar_series,2026-07-08T22:04:53+08:00
142,4,宝马,宝马1系M,https://p3-dcd.byteimg.com/motor-mis-img/3f3f69ac0d9ff68f0da8d862653a7024~tplv-f042mdwyw7-original:tplv-resize:640:0.image?psm=motor.pc_sh.api,c2cff5ba4c0e52b7d0796d3b,1,0,,34d17eb64d1f02c2df137dd5,dongchedi_usedcar_series,2026-07-08T22:04:53+08:00
143,4,宝马,宝马1系,https://p3-dcd.byteimg.com/tos-cn-i-dcdx/59e313fe48b24e95a6e56c37ae288f4c~tplv-f042mdwyw7-original:tplv-resize:640:0.image?psm=motor.pc_sh.api,e51b201bd733c450b96ddf87,1,0,,f3af644fd1fa5212bb6df952,dongchedi_usedcar_series,2026-07-08T22:04:53+08:00
144,4,宝马,宝马2系旅行车,https://p3-dcd.byteimg.com/motor-mis-img/105d49506df737b18dc2053d0fcbbc2a~tplv-f042mdwyw7-original:tplv-resize:640:0.image?psm=motor.pc_sh.api,282ab61a835440a824f35c5f,1,0,,974589cbe2d3e04dc264b391,dongchedi_usedcar_series,2026-07-08T22:04:53+08:00
145,4,宝马,宝马3系,https://p9-dcd.byteimg.com/tos-cn-i-dcdx/8a3daca02bc04bfea188f572f278aaf6~tplv-resize:640:0.png?psm=motor.rank.data,a62679b4dd8c4a233e5fe085,3,2,,eb90d8d9fa37896eb5c6963f,dongchedi_ranking|dongchedi_usedcar_series,2026-07-08T22:04:53+08:00
146,4,宝马,宝马5系,https://p9-dcd.byteimg.com/tos-cn-i-dcdx/b2840cd65c064d7a830adb574272813f~tplv-resize:640:0.png?psm=motor.rank.data,d915b1cce3915e82648a124d,3,2,,3af8c975c871ec9212d2291a,dongchedi_ranking|dongchedi_usedcar_series,2026-07-08T22:04:53+08:00
147,4,宝马,宝马5系PHEV,https://p3-dcd.byteimg.com/tos-cn-i-dcdx/8521fc33fb8d466b877428ce30a763db~tplv-f042mdwyw7-original:tplv-resize:640:0.image?psm=motor.pc_sh.api,dc50aed432af83bf96c51cdf,1,0,,6b819e5cfa7e62cbde2539c0,dongchedi_usedcar_series,2026-07-08T22:04:53+08:00
148,4,宝马,宝马X1,https://p9-dcd.byteimg.com/tos-cn-i-dcdx/bb5e191acc9e4e7a8950d316b0b5f2f1~tplv-resize:640:0.png?psm=motor.rank.data,496e3c45b0b0869ac8fea181,3,2,,06cfa2d522a28c84ca388fdb,dongchedi_ranking|dongchedi_usedcar_series,2026-07-08T22:04:53+08:00
149,4,宝马,宝马X1 PHEV,https://p3-dcd.byteimg.com/motor-mis-img/2a738cde9d6b91bd5fd67606fc3b308b~tplv-f042mdwyw7-original:tplv-resize:640:0.image?psm=motor.pc_sh.api,4329753fdcd1446ca7759167,1,0,,7225b15fd9a632675ab06a43,dongchedi_usedcar_series,2026-07-08T22:04:53+08:00
150,116,宝沃,宝沃BX5,https://p3-dcd.byteimg.com/motor-mis-img/5941cdbe8ca204259ceaf4214065f311~tplv-f042mdwyw7-original:tplv-resize:640:0.image?psm=motor.pc_sh.api,110b274821b052c288e43b48,1,0,,38a422b7ef97477333f5bfb2,dongchedi_usedcar_series,2026-07-08T22:04:53+08:00
151,116,宝沃,宝沃BX7,https://p3-dcd.byteimg.com/motor-mis-img/2d0cc79ea1f0a216ab9d1a85926732ba~tplv-f042mdwyw7-original:tplv-resize:640:0.image?psm=motor.pc_sh.api,c1fe98ecc68371395fda61d5,1,0,,f609e5e8f509e405f6be392e,dongchedi_usedcar_series,2026-07-08T22:04:53+08:00
152,20,保时捷,Panamera,https://p9-dcd.byteimg.com/tos-cn-i-dcdx/cd48109916b4470098d44aa8f44c8be9~tplv-f042mdwyw7-original:tplv-resize:640:0.image?psm=motor.pc_sh.api,d438d80e3c9117674e713322,1,0,,78a087598d0963e52d22d6ab,dongchedi_usedcar_series,2026-07-08T22:04:53+08:00
153,20,保时捷,Panamera E-Hybrid,https://p9-dcd.byteimg.com/tos-cn-i-dcdx/55138181b90541cc95bb2748d29282d0~tplv-f042mdwyw7-original:tplv-resize:640:0.image?psm=motor.pc_sh.api,3fd93946f4689e98ab991f81,1,0,,bc0acfa358408990f5c68b48,dongchedi_usedcar_series,2026-07-08T22:04:53+08:00
154,20,保时捷,Macan,https://p9-dcd.byteimg.com/tos-cn-i-dcdx/6b11ab74e2084b5ca43dde1d8cd123cf~tplv-f042mdwyw7-original:tplv-resize:640:0.image?psm=motor.pc_sh.api,ecdaa5549482b404f94e25e9,1,0,,b724fa8d8017fcee77208413,dongchedi_usedcar_series,2026-07-08T22:04:53+08:00
155,20,保时捷,Cayenne,https://p9-dcd.byteimg.com/tos-cn-i-dcdx/b06c3141ed334110af3832d1e9392981~tplv-f042mdwyw7-original:tplv-resize:640:0.image?psm=motor.pc_sh.api,6142a14aee0fd0eb30e16f85,1,0,,f428eb2c3ecb534b2741226f,dongchedi_usedcar_series,2026-07-08T22:04:53+08:00
156,20,保时捷,Cayenne E-Hybrid,https://p9-dcd.byteimg.com/tos-cn-i-dcdx/097e3e4bb4e648a7af323ba44e35b6bc~tplv-f042mdwyw7-original:tplv-resize:640:0.image?psm=motor.pc_sh.api,1484ad30c73f21b2718e64fd,1,0,,9d980cd5677d3697daca54c4,dongchedi_usedcar_series,2026-07-08T22:04:53+08:00
157,20,保时捷,保时捷911,https://p9-dcd.byteimg.com/tos-cn-i-dcdx/aecb43bc93d9486492c05cee9fe20163~tplv-f042mdwyw7-original:tplv-resize:640:0.image?psm=motor.pc_sh.api,c0fd72d112516ffe06558951,1,0,,438bd45a54547409dbe5a246,dongchedi_usedcar_series,2026-07-08T22:04:53+08:00
158,20,保时捷,Boxster,https://p9-dcd.byteimg.com/motor-mis-img/4c232904680dca6a79ec7a09e910a0d4~tplv-f042mdwyw7-original:tplv-resize:640:0.image?psm=motor.pc_sh.api,81f4004397e5848e7392d05c,1,0,,1b40a30efc975ab419b31c2e,dongchedi_usedcar_series,2026-07-08T22:04:53+08:00
159,20,保时捷,Cayman,https://p9-dcd.byteimg.com/motor-mis-img/a6c1e3e9e4ddc678e786997a1e403bbe~tplv-f042mdwyw7-original:tplv-resize:640:0.image?psm=motor.pc_sh.api,df1ea3a7733afc3bfbe6c5b5,1,0,,7284da824cfd7c77819f049b,dongchedi_usedcar_series,2026-07-08T22:04:53+08:00
160,20,保时捷,918 Spyder,https://p9-dcd.byteimg.com/tos-cn-i-dcdx/425f2b93e4b24425990b196e61109118~tplv-f042mdwyw7-original:tplv-resize:640:0.image?psm=motor.pc_sh.api,72ecec0c0032817cc8fd42dd,1,0,,b5801679c095d5d3977d693e,dongchedi_usedcar_series,2026-07-08T22:04:53+08:00
161,20,保时捷,保时捷718,https://p9-dcd.byteimg.com/tos-cn-i-dcdx/b2d6333e881845538a89dd158301c54f~tplv-f042mdwyw7-original:tplv-resize:640:0.image?psm=motor.pc_sh.api,4a7d15b30f305ed1241518aa,1,0,,6c9b32f991565af92346b3b1,dongchedi_usedcar_series,2026-07-08T22:04:53+08:00
162,68,北京汽车,北京汽车E系列,https://p3-dcd.byteimg.com/motor-mis-img/05ebba57028c718ef497e27ce733f26a~tplv-f042mdwyw7-original:tplv-resize:640:0.image?psm=motor.pc_sh.api,99b93225d29b42c63f69c927,1,0,,cc2f125d156fa512fc55f64d,dongchedi_usedcar_series,2026-07-08T22:04:53+08:00
163,52,北京越野,北京BJ20,https://p3-dcd.byteimg.com/motor-mis-img/583553a2c4c562a29f7292b510066a15~tplv-f042mdwyw7-original:tplv-resize:640:0.image?psm=motor.pc_sh.api,7f4bf0133fad29b620f0d0cd,1,0,,9723b6113959f03212be1842,dongchedi_usedcar_series,2026-07-08T22:04:53+08:00
164,52,北京越野,北京越野BJ40,https://p9-dcd.byteimg.com/tos-cn-i-dcdx/3561062b4f79479993a89f4b215fbaa5~tplv-resize:640:0.png?psm=motor.rank.data,777537825b4b418c18d00706,3,2,,2119f929748f172e9229128b,dongchedi_ranking|dongchedi_usedcar_series,2026-07-08T22:04:53+08:00
165,52,北京越野,北京越野BJ80,https://p3-dcd.byteimg.com/motor-mis-img/4f52b32a408cd7fd40a897d72970964f~tplv-f042mdwyw7-original:tplv-resize:640:0.image?psm=motor.pc_sh.api,e7492c50c4799342aadb4270,1,0,,9ec664c95c56b2377168c28c,dongchedi_usedcar_series,2026-07-08T22:04:53+08:00
166,94,北汽幻速,北汽幻速S2,https://p3-dcd.byteimg.com/motor-mis-img/162590f0bd9ea3cf69437e6028bf4409~tplv-f042mdwyw7-original:tplv-resize:640:0.image?psm=motor.pc_sh.api,97df02cbfe05ac6509bcf953,1,0,,0833d63c980bf66d30a1aaa1,dongchedi_usedcar_series,2026-07-08T22:04:53+08:00
167,94,北汽幻速,北汽幻速S3,https://p3-dcd.byteimg.com/motor-mis-img/ed014f124195a89112b76f3cdc7df3d1~tplv-f042mdwyw7-original:tplv-resize:640:0.image?psm=motor.pc_sh.api,7a6b5cee2bd0d4cd40838627,1,0,,a4829e5562e6c5b5862bafff,dongchedi_usedcar_series,2026-07-08T22:04:53+08:00
169,94,北汽幻速,北汽幻速S5,https://p3-dcd.byteimg.com/motor-mis-img/3bf5bde6e06aa537f5b8a57f0d4ce228~tplv-f042mdwyw7-original:tplv-resize:640:0.image?psm=motor.pc_sh.api,cfd8552ce0c3e152c6cbedf3,1,0,,2ab432e53aadd8bdf00eed1b,dongchedi_usedcar_series,2026-07-08T22:04:53+08:00
170,94,北汽幻速,北汽幻速S6,https://p3-dcd.byteimg.com/motor-mis-img/b9c69c8037b115430e303b0ce3c0faa8~tplv-f042mdwyw7-original:tplv-resize:640:0.image?psm=motor.pc_sh.api,f7e25ce4b87788083932b81d,1,0,,6b334774ca28859a5d9f3fb7,dongchedi_usedcar_series,2026-07-08T22:04:53+08:00
171,94,北汽幻速,北汽幻速H2,https://p3-dcd.byteimg.com/motor-mis-img/f235fdae8fa9e1d05dfa4e25fa48e1c1~tplv-f042mdwyw7-original:tplv-resize:640:0.image?psm=motor.pc_sh.api,9f4a71f47137f6048e5a56aa,1,0,,61b3fb7e574f33ffea211fbe,dongchedi_usedcar_series,2026-07-08T22:04:53+08:00
172,94,北汽幻速,北汽幻速H2V,https://p3-dcd.byteimg.com/motor-mis-img/42b38b54e32c9060c05c477b4273c35c~tplv-f042mdwyw7-original:tplv-resize:640:0.image?psm=motor.pc_sh.api,f6c0c60eab4a83afb1cb05f5,1,0,,f03be18b05c1b495f78f03ef,dongchedi_usedcar_series,2026-07-08T22:04:53+08:00
173,94,北汽幻速,北汽幻速H3,https://p3-dcd.byteimg.com/motor-mis-img/fc394b757ca05e72423386a5db2462be~tplv-f042mdwyw7-original:tplv-resize:640:0.image?psm=motor.pc_sh.api,7711ce06c9faff5e37afda10,1,0,,37b4646407c6719bed09464b,dongchedi_usedcar_series,2026-07-08T22:04:53+08:00
176,68,北京汽车,绅宝D20,https://p3-dcd.byteimg.com/motor-mis-img/1a9a7ced2e46a26a52319d03c0429428~tplv-f042mdwyw7-original:tplv-resize:640:0.image?psm=motor.pc_sh.api,745863dc828aa9bbf28f5259,1,0,,a6f52d10d8cda93be8e1c8d2,dongchedi_usedcar_series,2026-07-08T22:04:53+08:00
177,68,北京汽车,绅宝D50,https://p3-dcd.byteimg.com/motor-mis-img/e2b140e878c02d1d9e135ea4c320a1a0~tplv-f042mdwyw7-original:tplv-resize:640:0.image?psm=motor.pc_sh.api,69091a88f614d7529ee08ff4,1,0,,ebb7282434aa1874833c1b2e,dongchedi_usedcar_series,2026-07-08T22:04:53+08:00
179,68,北京汽车,绅宝D70,https://p3-dcd.byteimg.com/motor-mis-img/45e509082d5c4af15900e5be63ed00ae~tplv-f042mdwyw7-original:tplv-resize:640:0.image?psm=motor.pc_sh.api,a3e64b7df5d19d0f0e8ef522,1,0,,b1ba1e377aa0105ab700c36c,dongchedi_usedcar_series,2026-07-08T22:04:53+08:00
182,68,北京汽车,绅宝X55,https://p3-dcd.byteimg.com/motor-mis-img/e23e8dd14c7e6be147e108984a43e09b~tplv-f042mdwyw7-original:tplv-resize:640:0.image?psm=motor.pc_sh.api,20dabaf98946d7a73e5b2a69,1,0,,4bd4fc690897645742b52e8a,dongchedi_usedcar_series,2026-07-08T22:04:53+08:00
183,68,北京汽车,绅宝X25,https://p3-dcd.byteimg.com/motor-mis-img/755b3cd083a2dc2ff133da5d880316bf~tplv-f042mdwyw7-original:tplv-resize:640:0.image?psm=motor.pc_sh.api,fa958a9df79107eee1f8da40,1,0,,45843e998a45541e9a2920f2,dongchedi_usedcar_series,2026-07-08T22:04:53+08:00
184,68,北京汽车,绅宝X35,https://p3-dcd.byteimg.com/motor-mis-img/fdb473afc1e515302c40e0bcc339d797~tplv-f042mdwyw7-original:tplv-resize:640:0.image?psm=motor.pc_sh.api,4c370beb7c3589e0f1125b1d,1,0,,c30b850a83817f77b9ba50fe,dongchedi_usedcar_series,2026-07-08T22:04:53+08:00
185,68,北京汽车,绅宝X65,https://p3-dcd.byteimg.com/motor-mis-img/66b38202b1385c1159405d85b5731927~tplv-f042mdwyw7-original:tplv-resize:640:0.image?psm=motor.pc_sh.api,bac7edda19b1bcfbe211af66,1,0,,8f7189af792a54fcd560d304,dongchedi_usedcar_series,2026-07-08T22:04:53+08:00
186,69,北汽威旺,北汽威旺S50,https://p9-dcd.byteimg.com/motor-mis-img/93e751b578149e04c08e9bb220e3301e~tplv-f042mdwyw7-original:tplv-resize:640:0.image?psm=motor.pc_sh.api,54038a96ceb4bb3cf3f938b9,1,0,,edd24e6f1f732b07d0d5127c,dongchedi_usedcar_series,2026-07-08T22:04:53+08:00
187,69,北汽威旺,北汽威旺M50F,https://p9-dcd.byteimg.com/motor-mis-img/5904651f2bb7c6b32ede05540421839b~tplv-f042mdwyw7-original:tplv-resize:640:0.image?psm=motor.pc_sh.api,c70e1a43e77a7f3ee4d4980a,1,0,,801a16a9114045b4dd3560ba,dongchedi_usedcar_series,2026-07-08T22:04:53+08:00
189,69,北汽威旺,北汽威旺306,https://p9-dcd.byteimg.com/motor-mis-img/af31b3bc0c4091f2e0d3c4fc369657b8~tplv-f042mdwyw7-original:tplv-resize:640:0.image?psm=motor.pc_sh.api,66a9c767e8707737c28a5269,1,0,,a425fc23bc125705e24e12bf,dongchedi_usedcar_series,2026-07-08T22:04:53+08:00
190,69,北汽威旺,北汽威旺M20,https://p9-dcd.byteimg.com/motor-mis-img/628f28f068e97232ff32eb7422f98b31~tplv-f042mdwyw7-original:tplv-resize:640:0.image?psm=motor.pc_sh.api,a2b4e163a527a89864521c1b,1,0,,85ee6aeb4266e476c4fd1583,dongchedi_usedcar_series,2026-07-08T22:04:53+08:00
192,69,北汽威旺,北汽威旺M30,https://p9-dcd.byteimg.com/motor-mis-img/7d8b4dd17e7d80e80cae68981bb52fb6~tplv-f042mdwyw7-original:tplv-resize:640:0.image?psm=motor.pc_sh.api,2f728e0f65d69b625424dcf7,1,0,,184e3e82d6178d02fa5ef69f,dongchedi_usedcar_series,2026-07-08T22:04:53+08:00
193,69,北汽威旺,北汽威旺M35,https://p9-dcd.byteimg.com/motor-mis-img/115ced304ff44a26805815320fbf340b~tplv-f042mdwyw7-original:tplv-resize:640:0.image?psm=motor.pc_sh.api,915a5ebbd7316b2e3107a894,1,0,,2af24e93d613aedae87cb9ec,dongchedi_usedcar_series,2026-07-08T22:04:53+08:00
194,93,北汽新能源,北汽新能源EC,https://p3-dcd.byteimg.com/motor-mis-img/8ff4ec5f1715aa8b1474bd0facc872d4~tplv-f042mdwyw7-original:tplv-resize:640:0.image?psm=motor.pc_sh.api,475019cfe43dc77b5ef5ae29,1,0,,92a34b91b044a42499f02717,dongchedi_usedcar_series,2026-07-08T22:04:53+08:00
196,93,北汽新能源,北汽新能源EV,https://p3-dcd.byteimg.com/motor-mis-img/745ab1baab5f535529505b15e6979cc4~tplv-f042mdwyw7-original:tplv-resize:640:0.image?psm=motor.pc_sh.api,bfe9b2bdf364c362969aebe2,1,0,,28c99f2ce0d92966baa6cbe9,dongchedi_usedcar_series,2026-07-08T22:04:53+08:00
197,93,北汽新能源,北汽新能源EU,https://p3-dcd.byteimg.com/tos-cn-i-dcdx/9422f7701ebc46248a9f432f497f745a~tplv-f042mdwyw7-original:tplv-resize:640:0.image?psm=motor.pc_sh.api,53750a32954e6b70ecfc156e,1,0,,e8924379296d9e10b39dd708,dongchedi_usedcar_series,2026-07-08T22:04:53+08:00
201,93,北汽新能源,北汽新能源EX,https://p3-dcd.byteimg.com/tos-cn-i-dcdx/ae99dee751a94357af26443af5977dce~tplv-f042mdwyw7-original:tplv-resize:640:0.image?psm=motor.pc_sh.api,3239978a39376ff7a2508f3f,1,0,,412fe186e0c804d6da2f41b9,dongchedi_usedcar_series,2026-07-08T22:04:53+08:00
202,78,北京汽车制造厂,212经典,https://p3-dcd.byteimg.com/tos-cn-i-dcdx/4a78ae8f3569443c8add336839c18f91~tplv-f042mdwyw7-original:tplv-resize:640:0.image?psm=motor.pc_sh.api,28e2c5492b05b9d47599dcae,1,0,,fe5e6139098560e5f9352236,dongchedi_usedcar_series,2026-07-08T22:04:53+08:00
203,78,北京汽车制造厂,战旗,https://p3-dcd.byteimg.com/motor-mis-img/a627710a757c0208d4170686ab8914ba~tplv-f042mdwyw7-original:tplv-resize:640:0.image?psm=motor.pc_sh.api,6603fcd538b31d3087022d58,1,0,,191fd0b6ebc169be6e320603,dongchedi_usedcar_series,2026-07-08T22:04:53+08:00
205,78,北京汽车制造厂,勇士,https://p9-dcd.byteimg.com/motor-mis-img/dcf664514941d152d7c6466649b34f29~tplv-resize:640:0.png?psm=motor.rank.data,188928d7411236220d5e75aa,3,2,,9592922cd9962ae5846b5f47,dongchedi_ranking|dongchedi_usedcar_series,2026-07-08T22:04:53+08:00
208,78,北京汽车制造厂,陆霸,https://p3-dcd.byteimg.com/motor-mis-img/29140aaacb7eea353fd7636b71fae1cc~tplv-f042mdwyw7-original:tplv-resize:640:0.image?psm=motor.pc_sh.api,e7dd3683f0ad7aec1485bb97,1,0,,7498e4a505a0d77a674c5c63,dongchedi_usedcar_series,2026-07-08T22:04:53+08:00
212,3,奔驰,奔驰C级,https://p9-dcd.byteimg.com/tos-cn-i-dcdx/e8abf034d5504085a9850c7b7632b065~tplv-resize:640:0.png?psm=motor.rank.data,579ea9b537befb3102d2d535,3,2,,946033926a6568bdc7cadedf,dongchedi_ranking|dongchedi_usedcar_series,2026-07-08T22:04:53+08:00
213,3,奔驰,奔驰C级PHEV,https://p3-dcd.byteimg.com/tos-cn-i-dcdx/54e015f27e5b402fac3bef7b7fa0aaa1~tplv-f042mdwyw7-original:tplv-resize:640:0.image?psm=motor.pc_sh.api,445ee792363a0b9e0300372c,1,0,,69c8b8aa8429f5523bf90f7e,dongchedi_usedcar_series,2026-07-08T22:04:53+08:00
214,3,奔驰,奔驰E级,https://p9-dcd.byteimg.com/tos-cn-i-dcdx/9b08b1c3602645d7ad7574aeb71b6ce3~tplv-resize:640:0.png?psm=motor.rank.data,3eeadca6201a35d942020d04,3,2,,84c3f29a6bbdeeea03b7a0b5,dongchedi_ranking|dongchedi_usedcar_series,2026-07-08T22:04:53+08:00
215,3,奔驰,奔驰GLA,https://p9-dcd.byteimg.com/tos-cn-i-dcdx/0991b38286af4ed7a04cc9c35c00dadd~tplv-resize:640:0.png?psm=motor.rank.data,6968c05648ca5c27ab52098c,3,2,,66727c468d431a8df56aebda,dongchedi_ranking|dongchedi_usedcar_series,2026-07-08T22:04:53+08:00
216,3,奔驰,奔驰GLC,https://p9-dcd.byteimg.com/tos-cn-i-dcdx/99afdf53229145caadf53e1be4f54ff5~tplv-resize:640:0.png?psm=motor.rank.data,df9bf895bbd9760bb4f32b96,3,2,,5b4b1c47694aa70136736761,dongchedi_ranking|dongchedi_usedcar_series,2026-07-08T22:04:53+08:00
217,3,奔驰,奔驰GLK级,https://p3-dcd.byteimg.com/motor-mis-img/ef20d3f08f2af584220c451d7f042929~tplv-f042mdwyw7-original:tplv-resize:640:0.image?psm=motor.pc_sh.api,de2f0cd055c320f8dd6d95f0,1,0,,67b02272bcdb7f3dd87b5f21,dongchedi_usedcar_series,2026-07-08T22:04:53+08:00
218,3,奔驰,奔驰A级(进口),https://p3-dcd.byteimg.com/motor-mis-img/67c78dc81c8b1fb1e015e14ccfb88a54~tplv-f042mdwyw7-original:tplv-resize:640:0.image?psm=motor.pc_sh.api,fbb604b4b48cb1f39ffbbc00,1,0,,8223af53be4d4e4c1b8f3063,dongchedi_usedcar_series,2026-07-08T22:04:53+08:00
219,3,奔驰,奔驰B级,https://p3-dcd.byteimg.com/motor-mis-img/1dd3337157b0dcc5633ab8b201db3eb0~tplv-f042mdwyw7-original:tplv-resize:640:0.image?psm=motor.pc_sh.api,2cc573e82f66599d75f37244,1,0,,9d6d78e16f297fe5fdc4c63f,dongchedi_usedcar_series,2026-07-08T22:04:53+08:00
220,3,奔驰,奔驰CLA(进口),https://p3-dcd.byteimg.com/tos-cn-i-dcdx/23ed3d3404fa4da2bff78ea144a8cda4~tplv-f042mdwyw7-original:tplv-resize:640:0.image?psm=motor.pc_sh.api,6429b9dec0e7a2268fbf6752,1,0,,bc9f9236252540ea9486ace6,dongchedi_usedcar_series,2026-07-08T22:04:53+08:00
221,3,奔驰,奔驰C级(进口),https://p3-dcd.byteimg.com/motor-mis-img/c502719d3259c47e79d0ea37d90071f4~tplv-f042mdwyw7-original:tplv-resize:640:0.image?psm=motor.pc_sh.api,6f7e17ac001d7f814c3cd12b,1,0,,cadddc8089bae52a246ffd91,dongchedi_usedcar_series,2026-07-08T22:04:53+08:00
222,3,奔驰,奔驰E级(进口),https://p3-dcd.byteimg.com/tos-cn-i-dcdx/fe27de054dff4b4ab7c2340c04a4ce24~tplv-f042mdwyw7-original:tplv-resize:640:0.image?psm=motor.pc_sh.api,cdbfa4d8843261874f80ad43,1,0,,25e8eb42850ccb843b6c51ba,dongchedi_usedcar_series,2026-07-08T22:04:53+08:00
223,3,奔驰,奔驰CLS,https://p3-dcd.byteimg.com/motor-mis-img/17e6bede742a6020ac7f7bc91551f6c6~tplv-f042mdwyw7-original:tplv-resize:640:0.image?psm=motor.pc_sh.api,7f3a925fcde966ce89d4896b,1,0,,6a2b89706e27b279ea159a9e,dongchedi_usedcar_series,2026-07-08T22:04:53+08:00
224,3,奔驰,奔驰S级,https://p3-dcd.byteimg.com/tos-cn-i-dcdx/947c5d2e325b4090b4aa3088465ef831~tplv-f042mdwyw7-original:tplv-resize:640:0.image?psm=motor.pc_sh.api,8e6499730fe63b41cfbe0c63,1,0,,9ad4d4946cebfd4619bb9861,dongchedi_usedcar_series,2026-07-08T22:04:53+08:00
225,3,奔驰,奔驰S级PHEV,https://p3-dcd.byteimg.com/tos-cn-i-dcdx/b280639a7fcb48269c8c7e1543d33544~tplv-f042mdwyw7-original:tplv-resize:640:0.image?psm=motor.pc_sh.api,d9c10bf8e9eef897cedbf99b,1,0,,cf6937d59653e30e0c2e676e,dongchedi_usedcar_series,2026-07-08T22:04:53+08:00
226,3,奔驰,奔驰GLC轿跑,https://p3-dcd.byteimg.com/tos-cn-i-dcdx/79fa335e84994d1788579c6e9ee24f9a~tplv-f042mdwyw7-original:tplv-resize:640:0.image?psm=motor.pc_sh.api,9ab2528a596beeb2ab681060,1,0,,05c485983eaa37b47f0f72c9,dongchedi_usedcar_series,2026-07-08T22:04:53+08:00
227,3,奔驰,奔驰GLK级(进口),https://p3-dcd.byteimg.com/motor-mis-img/96810a732c34ebf7f67bfa7ed033a5d1~tplv-f042mdwyw7-original:tplv-resize:640:0.image?psm=motor.pc_sh.api,407e2296b3645f006a6b20f3,1,0,,dc36dabf8224d9f9e7a9311c,dongchedi_usedcar_series,2026-07-08T22:04:53+08:00
228,3,奔驰,奔驰GLE(进口),https://p3-dcd.byteimg.com/tos-cn-i-dcdx/14aeb45af80d419991c8f008e6a965b0~tplv-f042mdwyw7-original:tplv-resize:640:0.image?psm=motor.pc_sh.api,7aac69f2c8ec0b06ba1f5f1b,1,0,,fa1e190ef2c879c8a459c272,dongchedi_usedcar_series,2026-07-08T22:04:53+08:00
229,3,奔驰,奔驰GLE PHEV,https://p3-dcd.byteimg.com/tos-cn-i-dcdx/f18eea42f1af47018cefd66c83c7dfc0~tplv-f042mdwyw7-original:tplv-resize:640:0.image?psm=motor.pc_sh.api,5cd392660e6bfb20c6c540dd,1,0,,82ef0401d9356f469005232a,dongchedi_usedcar_series,2026-07-08T22:04:53+08:00
230,3,奔驰,奔驰G级,https://p3-dcd.byteimg.com/tos-cn-i-dcdx/e09468b2af6e4b0db04325dff676c91a~tplv-f042mdwyw7-original:tplv-resize:640:0.image?psm=motor.pc_sh.api,f6b84e9d43dfe83f5f3c297a,1,0,,0814fa55ad42e5ea0f204124,dongchedi_usedcar_series,2026-07-08T22:04:53+08:00
231,3,奔驰,奔驰M级,https://p3-dcd.byteimg.com/motor-mis-img/6b09292e7fe65c5c95d9ceb9e085162b~tplv-f042mdwyw7-original:tplv-resize:640:0.image?psm=motor.pc_sh.api,8c1daaf6a50c3093ff9c88c6,1,0,,ca785ee92a549884242ce2ce,dongchedi_usedcar_series,2026-07-08T22:04:53+08:00
232,3,奔驰,奔驰GL级,https://p3-dcd.byteimg.com/motor-mis-img/25fd773d8581b8173e2c04fc6da74ab2~tplv-f042mdwyw7-original:tplv-resize:640:0.image?psm=motor.pc_sh.api,462e0fa83f7210819939af3d,1,0,,cda8a9beb6e7e6d5a5695651,dongchedi_usedcar_series,2026-07-08T22:04:53+08:00
233,3,奔驰,奔驰GLS,https://p3-dcd.byteimg.com/tos-cn-i-dcdx/43d2338025f442899d0a529259064eab~tplv-f042mdwyw7-original:tplv-resize:640:0.image?psm=motor.pc_sh.api,6b1fc8702ecda8f88438a900,1,0,,19bb993f0b6b758cb8732d71,dongchedi_usedcar_series,2026-07-08T22:04:53+08:00
234,3,奔驰,奔驰R级,https://p3-dcd.byteimg.com/motor-mis-img/bb142fe6729f88150662649eedf79f08~tplv-f042mdwyw7-original:tplv-resize:640:0.image?psm=motor.pc_sh.api,0fed9bdec17cb668d33ef7db,1,0,,9a1db4efe1dc87757106e444,dongchedi_usedcar_series,2026-07-08T22:04:53+08:00
235,3,奔驰,Sprinter,https://p3-dcd.byteimg.com/motor-mis-img/c391069a4de4d48471427d3ed29c6805~tplv-f042mdwyw7-original:tplv-resize:640:0.image?psm=motor.pc_sh.api,d984ac73144aa006893352f3,1,0,,20dfce16a2e1e64a848fc2b7,dongchedi_usedcar_series,2026-07-08T22:04:53+08:00
236,3,奔驰,威霆(进口),https://p3-dcd.byteimg.com/tos-cn-i-dcdx/1d5e3c5b6a4a43ceaa80d243174198bc~tplv-f042mdwyw7-original:tplv-resize:640:0.image?psm=motor.pc_sh.api,5e08bfdf0d6d6487ab774db5,1,0,,98d0978b41e07a62c5b506a3,dongchedi_usedcar_series,2026-07-08T22:04:53+08:00
237,3,奔驰,唯雅诺(进口),https://p3-dcd.byteimg.com/motor-mis-img/dddf21a9d646cc80b242ad36770ad1ac~tplv-f042mdwyw7-original:tplv-resize:640:0.image?psm=motor.pc_sh.api,338d5b9c67c74cf0adf5a4f6,1,0,,9651e4b61d8000bd8db75b01,dongchedi_usedcar_series,2026-07-08T22:04:53+08:00
238,3,奔驰,奔驰SLC级,https://p3-dcd.byteimg.com/motor-mis-img/53e7ded8f114693e34c4e44dbb35b603~tplv-f042mdwyw7-original:tplv-resize:640:0.image?psm=motor.pc_sh.api,2cecd2cfac43a49c78e905e9,1,0,,60ba4b77ba516c4d9e22b075,dongchedi_usedcar_series,2026-07-08T22:04:53+08:00
239,3,奔驰,奔驰SLK级,https://p3-dcd.byteimg.com/motor-mis-img/28a67621c813bc31afd6be28b0eceaec~tplv-f042mdwyw7-original:tplv-resize:640:0.image?psm=motor.pc_sh.api,f49bb0d2ccad99d7f755eae4,1,0,,8f2d5821fd89a28a4d661a46,dongchedi_usedcar_series,2026-07-08T22:04:53+08:00
240,3,奔驰,奔驰CLK级,https://p3-dcd.byteimg.com/motor-mis-img/322fd42e0eb694fe6a7430a62a3688e9~tplv-f042mdwyw7-original:tplv-resize:640:0.image?psm=motor.pc_sh.api,79a76a7601a23cd8a6043de8,1,0,,ab49c74868dcbac09229a9dc,dongchedi_usedcar_series,2026-07-08T22:04:53+08:00
241,3,奔驰,奔驰CL级,https://p3-dcd.byteimg.com/motor-mis-img/fa0bac58f86ee404b131e60c3d4cc01b~tplv-f042mdwyw7-original:tplv-resize:640:0.image?psm=motor.pc_sh.api,4c65b14a32867de29854b5d5,1,0,,a21f8e803c14557df4caa6f9,dongchedi_usedcar_series,2026-07-08T22:04:53+08:00
242,3,奔驰,奔驰SL级,https://p3-dcd.byteimg.com/motor-mis-img/b4c09b527cce5811e7d8cddcd7e086cc~tplv-f042mdwyw7-original:tplv-resize:640:0.image?psm=motor.pc_sh.api,d0969a4959cf25c341848c5f,1,0,,fa72636a37c51f96c4735b0f,dongchedi_usedcar_series,2026-07-08T22:04:53+08:00
243,3,奔驰,唯雅诺,https://p3-dcd.byteimg.com/motor-mis-img/f2bc3023e676f9793699be5f79cbf69b~tplv-f042mdwyw7-original:tplv-resize:640:0.image?psm=motor.pc_sh.api,79c4aae7e09efe6c430cc391,1,0,,270cd91949ed70ce411d636e,dongchedi_usedcar_series,2026-07-08T22:04:53+08:00
244,3,奔驰,威霆,https://p9-dcd.byteimg.com/tos-cn-i-dcdx/c3f22ffe8d57498493e3336dc3333fd2~tplv-resize:640:0.png?psm=motor.rank.data,e9c92b853c86e453a2e70b89,3,2,,53bdee553d9699201d3cc808,dongchedi_ranking|dongchedi_usedcar_series,2026-07-08T22:04:53+08:00
245,3,奔驰,奔驰V级,https://p9-dcd.byteimg.com/tos-cn-i-dcdx/cf19e3c962774001b651146becadbd34~tplv-resize:640:0.png?psm=motor.rank.data,ba615601ab7d736eb8bc661c,3,2,,fefe7e5f07a3fdf1bf696d17,dongchedi_ranking|dongchedi_usedcar_series,2026-07-08T22:04:53+08:00
246,3,奔驰,凌特,https://p3-dcd.byteimg.com/motor-mis-img/4a15e4d03fe3c3395cd64eb483b98b5e~tplv-f042mdwyw7-original:tplv-resize:640:0.image?psm=motor.pc_sh.api,462193a0968b2c3681f90455,1,0,,719885ccd8731fe2380c5508,dongchedi_usedcar_series,2026-07-08T22:04:53+08:00
247,57,福田,图雅诺,https://p9-dcd.byteimg.com/motor-mis-img/0740d53aaa73ca66cb3dc1dc8cfd90cf~tplv-f042mdwyw7-original:tplv-resize:640:0.image?psm=motor.pc_sh.api,a5c2bdc51374710ee6dcf389,1,0,,c4408b48e97dda93c1129cc4,dongchedi_usedcar_series,2026-07-08T22:04:53+08:00
248,3,奔驰,奔驰A级AMG(进口),https://p3-dcd.byteimg.com/tos-cn-i-dcdx/c97fffe484dd46fbad65b05f41bc9c50~tplv-f042mdwyw7-original:tplv-resize:640:0.image?psm=motor.pc_sh.api,6fc973a6eff26d7bde8b00fc,1,0,,8049c049e3fb243706e92050,dongchedi_usedcar_series,2026-07-08T22:04:53+08:00
249,3,奔驰,奔驰CLA AMG,https://p3-dcd.byteimg.com/tos-cn-i-dcdx/74c29acb2f66471da2f9ebd4798f8081~tplv-f042mdwyw7-original:tplv-resize:640:0.image?psm=motor.pc_sh.api,870b941c0886f0d7b4521847,1,0,,eb361e49f0291c9e00ce4936,dongchedi_usedcar_series,2026-07-08T22:04:53+08:00
250,3,奔驰,奔驰C级AMG,https://p3-dcd.byteimg.com/tos-cn-i-dcdx/bb0f6e28fe15460ab6e2301f569f094d~tplv-f042mdwyw7-original:tplv-resize:640:0.image?psm=motor.pc_sh.api,1de7432e0924d75c941cbe65,1,0,,5ceb278071bf02d4e3836b5a,dongchedi_usedcar_series,2026-07-08T22:04:53+08:00
251,3,奔驰,奔驰CLS级AMG,https://p3-dcd.byteimg.com/tos-cn-i-dcdx/4fa7990b27d7449ba0283f2e5f72adb9~tplv-f042mdwyw7-original:tplv-resize:640:0.image?psm=motor.pc_sh.api,08bdfc48b642c4215ffb7d4a,1,0,,8a8d89cff4a55707885934da,dongchedi_usedcar_series,2026-07-08T22:04:53+08:00
252,3,奔驰,奔驰E级AMG,https://p3-dcd.byteimg.com/motor-mis-img/ab486a249a5ff95a9fd0fb1cf02127f9~tplv-f042mdwyw7-original:tplv-resize:640:0.image?psm=motor.pc_sh.api,a49f54c1efb6a5a826039b56,1,0,,0999355836a6718e3d43ea5b,dongchedi_usedcar_series,2026-07-08T22:04:53+08:00
253,3,奔驰,奔驰S级AMG,https://p3-dcd.byteimg.com/motor-mis-img/b834ac07712753cbedd65fe3bb80be29~tplv-f042mdwyw7-original:tplv-resize:640:0.image?psm=motor.pc_sh.api,d99fdbb51e7ddbfce3012c83,1,0,,a1610143664217b91527c8d2,dongchedi_usedcar_series,2026-07-08T22:04:53+08:00
254,3,奔驰,奔驰GLA AMG,https://p3-dcd.byteimg.com/tos-cn-i-dcdx/7d9159296b1b41218aed82c67f16b323~tplv-f042mdwyw7-original:tplv-resize:640:0.image?psm=motor.pc_sh.api,cc0a1141ba4268a1ead9a64a,1,0,,860d44303e4f44cacf3ddf94,dongchedi_usedcar_series,2026-07-08T22:04:53+08:00
255,3,奔驰,奔驰G级AMG,https://p3-dcd.byteimg.com/tos-cn-i-dcdx/01c29a3e1b484a84881cebc0ff874466~tplv-f042mdwyw7-original:tplv-resize:640:0.image?psm=motor.pc_sh.api,926f6f3acd0a411bb93d982b,1,0,,c6c590685b3384c9f31d82d8,dongchedi_usedcar_series,2026-07-08T22:04:53+08:00
256,3,奔驰,奔驰GLE AMG,https://p3-dcd.byteimg.com/tos-cn-i-dcdx/56888fcde72f4167b3b5d2a0421e4afd~tplv-f042mdwyw7-original:tplv-resize:640:0.image?psm=motor.pc_sh.api,a72753a7b652c89180ca9797,1,0,,53c06a96c0c1a49694128534,dongchedi_usedcar_series,2026-07-08T22:04:53+08:00
257,3,奔驰,奔驰M级AMG,https://p3-dcd.byteimg.com/motor-mis-img/49f0ae16bc2c1bbc7a087f474e1442f5~tplv-f042mdwyw7-original:tplv-resize:640:0.image?psm=motor.pc_sh.api,2eda9795c9c3df4a3c711072,1,0,,95f4a405daaf90c49cce3f8c,dongchedi_usedcar_series,2026-07-08T22:04:53+08:00
258,3,奔驰,奔驰GLS AMG,https://p3-dcd.byteimg.com/tos-cn-i-dcdx/41e2aafbfe6e4e968ab82c937c1131dc~tplv-f042mdwyw7-original:tplv-resize:640:0.image?psm=motor.pc_sh.api,061fc497d2e86fb5ccb52901,1,0,,349ab66d076faf7347e3f5ae,dongchedi_usedcar_series,2026-07-08T22:04:53+08:00
259,3,奔驰,奔驰GL级AMG,https://p3-dcd.byteimg.com/motor-mis-img/0b405a74cb83e062183666b830333ca7~tplv-f042mdwyw7-original:tplv-resize:640:0.image?psm=motor.pc_sh.api,288493f71ec6e257129873d8,1,0,,25dbb21b2eca2bdf6aa07201,dongchedi_usedcar_series,2026-07-08T22:04:53+08:00
260,3,奔驰,AMG GT,https://p3-dcd.byteimg.com/tos-cn-i-dcdx/c0a82f8b10e14d2790dddef1d397dc2e~tplv-f042mdwyw7-original:tplv-resize:640:0.image?psm=motor.pc_sh.api,6b99dfa2c9132122a770a5d1,1,0,,75ea7e5463ab0920c056d0d5,dongchedi_usedcar_series,2026-07-08T22:04:53+08:00
261,3,奔驰,奔驰SLS级AMG,https://p3-dcd.byteimg.com/motor-mis-img/572497dd8436a5cfd4d055831ad06160~tplv-f042mdwyw7-original:tplv-resize:640:0.image?psm=motor.pc_sh.api,a476e21147ec2f8e2114eba7,1,0,,41dfaa16966a93be7afd5dc5,dongchedi_usedcar_series,2026-07-08T22:04:53+08:00
262,3,奔驰,奔驰SL级AMG,https://p3-dcd.byteimg.com/tos-cn-i-dcdx/f37d70fd23184d1eb7764159fb1b1c87~tplv-f042mdwyw7-original:tplv-resize:640:0.image?psm=motor.pc_sh.api,577fe4162a6134f2e41125fe,1,0,,5b38326e184122244318f5a2,dongchedi_usedcar_series,2026-07-08T22:04:53+08:00
264,3,奔驰,迈巴赫S级,https://p3-dcd.byteimg.com/tos-cn-i-dcdx/8c904b55208540b3bb0caad827b8226f~tplv-f042mdwyw7-original:tplv-resize:640:0.image?psm=motor.pc_sh.api,c0ea32a2be3249556f454cd5,1,0,,7dde522b82cec006e3f01e8d,dongchedi_usedcar_series,2026-07-08T22:04:53+08:00
265,27,奔腾,奔腾B50,https://p9-dcd.byteimg.com/motor-mis-img/88b88e7b3a5bff9ea36daa30298c1c2c~tplv-f042mdwyw7-original:tplv-resize:640:0.image?psm=motor.pc_sh.api,dfa48ee177f058602787deef,1,0,,2a392303829916d4ecf67361,dongchedi_usedcar_series,2026-07-08T22:04:53+08:00
266,27,奔腾,奔腾B30,https://p9-dcd.byteimg.com/motor-mis-img/7583708ad63b6679bd8c2db3665ea4d0~tplv-f042mdwyw7-original:tplv-resize:640:0.image?psm=motor.pc_sh.api,a6a8cbdda71b187046ce40e8,1,0,,27a4598fe7a07e22b92b6667,dongchedi_usedcar_series,2026-07-08T22:04:53+08:00
267,27,奔腾,奔腾B70,https://p9-dcd.byteimg.com/tos-cn-i-dcdx/3ec19a140c534277bfacccbd38d114f1~tplv-resize:640:0.png?psm=motor.rank.data,9fd1ad5a235e4b3d64517700,3,2,,17ece3ea73e84a7b4437f8dd,dongchedi_ranking|dongchedi_usedcar_series,2026-07-08T22:04:53+08:00
268,27,奔腾,奔腾B90,https://p9-dcd.byteimg.com/motor-mis-img/99acf1ed620b1470906bc2e2f4c75400~tplv-f042mdwyw7-original:tplv-resize:640:0.image?psm=motor.pc_sh.api,e8194beeedf39d6df1e28098,1,0,,7806c4fe060762faa58343f2,dongchedi_usedcar_series,2026-07-08T22:04:53+08:00
269,27,奔腾,奔腾X40,https://p9-dcd.byteimg.com/motor-mis-img/e52c677daddd5bfd245b7f4fce55d734~tplv-f042mdwyw7-original:tplv-resize:640:0.image?psm=motor.pc_sh.api,57fd02ce9744f4668938d187,1,0,,809100db4325c783960ea44d,dongchedi_usedcar_series,2026-07-08T22:04:53+08:00
270,27,奔腾,奔腾X80,https://p9-dcd.byteimg.com/motor-mis-img/d27d7806e52bfe0e6bdbf67e4155e11a~tplv-f042mdwyw7-original:tplv-resize:640:0.image?psm=motor.pc_sh.api,7f755ddc30f767f194c20aca,1,0,,a81d26a81733b240bc700d2e,dongchedi_usedcar_series,2026-07-08T22:04:53+08:00
274,9,本田,哥瑞,https://p3-dcd.byteimg.com/motor-mis-img/9d32546a6df286671a82a3cefa628e39~tplv-f042mdwyw7-original:tplv-resize:640:0.image?psm=motor.pc_sh.api,76b5b660a4b396f2c62eaa0d,1,0,,51318549e7f29cdf44fd46bf,dongchedi_usedcar_series,2026-07-08T22:04:53+08:00
275,9,本田,竞瑞,https://p3-dcd.byteimg.com/motor-mis-img/05f8514c6eb79df0aae85c06e552c6b9~tplv-f042mdwyw7-original:tplv-resize:640:0.image?psm=motor.pc_sh.api,bfaf32e20d0bb27604437a92,1,0,,b3f88cea7d3c78b72e6d35ff,dongchedi_usedcar_series,2026-07-08T22:04:53+08:00
276,9,本田,思域,https://p9-dcd.byteimg.com/tos-cn-i-dcdx/fa344d1cb32747ff8cbca45a9c7be79e~tplv-resize:640:0.png?psm=motor.rank.data,9fcdf355b6a49cfbe01daff5,3,2,,57d10986876a11c8a4b6acda,dongchedi_ranking|dongchedi_usedcar_series,2026-07-08T22:04:53+08:00
277,9,本田,杰德,https://p3-dcd.byteimg.com/motor-mis-img/6064300b7ec29819511ca713040b923e~tplv-f042mdwyw7-original:tplv-resize:640:0.image?psm=motor.pc_sh.api,f245dff1b8983ea77e8837aa,1,0,,2e22fad39809804b36e40fbb,dongchedi_usedcar_series,2026-07-08T22:04:53+08:00
278,9,本田,思铂睿,https://p3-dcd.byteimg.com/motor-mis-img/255cc376c6b6e73fbfb2781c3bd29502~tplv-f042mdwyw7-original:tplv-resize:640:0.image?psm=motor.pc_sh.api,b46aa2eb2339731725d65e0a,1,0,,8247447d43654210c292689b,dongchedi_usedcar_series,2026-07-08T22:04:53+08:00
279,9,本田,本田XR-V,https://p9-dcd.byteimg.com/tos-cn-i-dcdx/7e190de9cd674a5c91fe8eae6e5bf98c~tplv-resize:640:0.png?psm=motor.rank.data,25be37f716090323f639c3ab,3,2,,dd7881f057043ea58fb2e779,dongchedi_ranking|dongchedi_usedcar_series,2026-07-08T22:04:53+08:00
280,9,本田,本田CR-V,https://p9-dcd.byteimg.com/tos-cn-i-dcdx/541410e4d8134f54ab910e4d8fc59005~tplv-resize:640:0.png?psm=motor.rank.data,d278a67356feec26106c042a,3,2,,dc6f864375ab0a2262bf32ba,dongchedi_ranking|dongchedi_usedcar_series,2026-07-08T22:04:53+08:00
281,9,本田,本田UR-V,https://p9-dcd.byteimg.com/tos-cn-i-dcdx/3ac003586d224a898a09f068ec3bec71~tplv-resize:640:0.png?psm=motor.rank.data,73e2f17cf026e2bf05d11eeb,3,2,,432b617ce7cd59457216aff6,dongchedi_ranking|dongchedi_usedcar_series,2026-07-08T22:04:53+08:00
282,9,本田,艾力绅,https://p9-dcd.byteimg.com/tos-cn-i-dcdx/083a0e72ea95402a97157696cd847c91~tplv-resize:640:0.png?psm=motor.rank.data,f424eb405054d6550c77a100,3,2,,0d0660e2d008f824e2644893,dongchedi_ranking|dongchedi_usedcar_series,2026-07-08T22:04:53+08:00
283,9,本田,飞度,https://p3-dcd.byteimg.com/tos-cn-i-dcdx/aa58f01250f045ee94b52a01d069f121~tplv-f042mdwyw7-original:tplv-resize:640:0.image?psm=motor.pc_sh.api,1504105ed7f4620b5db979e9,1,0,,e969f8f43c37b7a5914cd4f4,dongchedi_usedcar_series,2026-07-08T22:04:53+08:00
284,9,本田,思迪,https://p3-dcd.byteimg.com/motor-mis-img/123ac7c0c184c0e4882b2471d26ec9a2~tplv-f042mdwyw7-original:tplv-resize:640:0.image?psm=motor.pc_sh.api,adb740e57598533fba5adbcf,1,0,,24a7b3f49da35d02ec79f675,dongchedi_usedcar_series,2026-07-08T22:04:53+08:00
285,9,本田,锋范经典,https://p3-dcd.byteimg.com/motor-mis-img/7f388ce91ad3b4eb60dc274f9da9f71d~tplv-f042mdwyw7-original:tplv-resize:640:0.image?psm=motor.pc_sh.api,8504d9ea01d717eadf99b6aa,1,0,,c0d301a2e5d95f730a435d94,dongchedi_usedcar_series,2026-07-08T22:04:53+08:00
286,9,本田,锋范,https://p3-dcd.byteimg.com/motor-mis-img/95f7fd8042ba9a097e1768526c2eaf77~tplv-f042mdwyw7-original:tplv-resize:640:0.image?psm=motor.pc_sh.api,c080838b1f8adc295b405bcd,1,0,,48c194d8a6fa1682be22d0c3,dongchedi_usedcar_series,2026-07-08T22:04:53+08:00
287,9,本田,凌派,https://p3-dcd.byteimg.com/motor-mis-img/0177f23b0d8ce46f98fdd1a0c442f875~tplv-f042mdwyw7-original:tplv-resize:640:0.image?psm=motor.pc_sh.api,aa4ad022fd1cbdd0295284b9,1,0,,867afc0a637d9bf2a63c2836,dongchedi_usedcar_series,2026-07-08T22:04:53+08:00
288,9,本田,缤智,https://p9-dcd.byteimg.com/tos-cn-i-dcdx/b32e82c60c91455083cb913ee9fdad12~tplv-resize:640:0.png?psm=motor.rank.data,74cf06815359efdc013a96ff,3,2,,866e9dc6dd0d9d01abe574da,dongchedi_ranking|dongchedi_usedcar_series,2026-07-08T22:04:53+08:00
289,9,本田,雅阁,https://p9-dcd.byteimg.com/tos-cn-i-dcdx/8fb97d323f40418e817aacb90ae8f644~tplv-resize:640:0.png?psm=motor.rank.data,0623768bb7159c0c7f4b219f,3,2,,d2addb02b2333cea07d761ef,dongchedi_ranking|dongchedi_usedcar_series,2026-07-08T22:04:53+08:00
290,9,本田,歌诗图,https://p3-dcd.byteimg.com/motor-mis-img/fce5d12c113704003faf4f6696f6b1ed~tplv-f042mdwyw7-original:tplv-resize:640:0.image?psm=motor.pc_sh.api,4237a67c82a32bf6c7c907ff,1,0,,225c7d8484bf7f5ea04c21eb,dongchedi_usedcar_series,2026-07-08T22:04:53+08:00
291,9,本田,奥德赛,https://p9-dcd.byteimg.com/tos-cn-i-dcdx/ed5dc7d3e0384ccc97804975413d1835~tplv-resize:640:0.png?psm=motor.rank.data,ef09f4ec55f39d5f7fec8fa7,3,2,,ed978b55d30e342cad0173ea,dongchedi_ranking|dongchedi_usedcar_series,2026-07-08T22:04:53+08:00
292,9,本田,冠道,https://p9-dcd.byteimg.com/tos-cn-i-dcdx/d580cb5e4cf645eb82fa59ca24034ace~tplv-resize:640:0.png?psm=motor.rank.data,d6f8d39095b698fe6cd5dccc,3,2,,4981261517c60c889ecbe9a5,dongchedi_ranking|dongchedi_usedcar_series,2026-07-08T22:04:53+08:00
293,117,比速汽车,比速T3,https://p9-dcd.byteimg.com/motor-mis-img/65f8ba6662e7a15d3c4fec712aeec0a8~tplv-f042mdwyw7-original:tplv-resize:640:0.image?psm=motor.pc_sh.api,ceb19d278b80629ff44ef084,1,0,,c64df5652679e83970d963e2,dongchedi_usedcar_series,2026-07-08T22:04:53+08:00
294,117,比速汽车,比速M3,https://p9-dcd.byteimg.com/motor-mis-img/d4b692e2bccad3a74f27e4f9c350810a~tplv-f042mdwyw7-original:tplv-resize:640:0.image?psm=motor.pc_sh.api,4090f96587ddd4118e9e2a49,1,0,,4858b2cce8bc39d9951aef7f,dongchedi_usedcar_series,2026-07-08T22:04:53+08:00
295,117,比速汽车,比速T5,https://p9-dcd.byteimg.com/motor-mis-img/c5bc8e3e932c4dd5c5669b099c8abeb0~tplv-f042mdwyw7-original:tplv-resize:640:0.image?psm=motor.pc_sh.api,00c52b88beee0bec7b5500f0,1,0,,08ca51deb67cc4593c0f83db,dongchedi_usedcar_series,2026-07-08T22:04:53+08:00
297,16,比亚迪,比亚迪F0,https://p9-dcd.byteimg.com/motor-mis-img/d1475c7d03bb686b0b8a6ca229482b9b~tplv-f042mdwyw7-original:tplv-resize:640:0.image?psm=motor.pc_sh.api,7cfa4e8a63b6d3a250e23437,1,0,,9b657d0207b554527b9e3897,dongchedi_usedcar_series,2026-07-08T22:04:53+08:00
302,16,比亚迪,比亚迪e5,https://p9-dcd.byteimg.com/motor-mis-img/674a8d29de312a0bdde79bccaa1dddba~tplv-f042mdwyw7-original:tplv-resize:640:0.image?psm=motor.pc_sh.api,7b6d7a335a4acd76222e3632,1,0,,21980b277c41cbb64d45cd93,dongchedi_usedcar_series,2026-07-08T22:04:53+08:00
303,16,比亚迪,比亚迪G5,https://p9-dcd.byteimg.com/motor-mis-img/d5e1399cd8379d3c343265e809716aff~tplv-f042mdwyw7-original:tplv-resize:640:0.image?psm=motor.pc_sh.api,2cb585bf05d256b654913e0f,1,0,,ea963bf41da0e47f52ac6814,dongchedi_usedcar_series,2026-07-08T22:04:53+08:00
304,16,比亚迪,速锐,https://p9-dcd.byteimg.com/motor-mis-img/4c4e98b9a11e65575ac83199af6b24bd~tplv-f042mdwyw7-original:tplv-resize:640:0.image?psm=motor.pc_sh.api,46a82bd8514370db3060bb09,1,0,,f1c91962421423b74af45807,dongchedi_usedcar_series,2026-07-08T22:04:53+08:00
305,16,比亚迪,秦DM,https://p9-dcd.byteimg.com/motor-mis-img/7cc7efb95a343cb2a58c278eb9dd2a8b~tplv-f042mdwyw7-original:tplv-resize:640:0.image?psm=motor.pc_sh.api,69e72378b0c642bd19085902,1,0,,625fe435a1e9a3597dfd113d,dongchedi_usedcar_series,2026-07-08T22:04:53+08:00
306,16,比亚迪,比亚迪L3,https://p9-dcd.byteimg.com/motor-mis-img/ecd9d55fb9ddb0f4e568ea0878c03c6c~tplv-f042mdwyw7-original:tplv-resize:640:0.image?psm=motor.pc_sh.api,486f510a5ff62cbca8226da9,1,0,,0938cf78a183f8db27f68f01,dongchedi_usedcar_series,2026-07-08T22:04:53+08:00
307,16,比亚迪,比亚迪F3,https://p9-dcd.byteimg.com/motor-mis-img/3150a6724607ea257ba450989fc9e15d~tplv-f042mdwyw7-original:tplv-resize:640:0.image?psm=motor.pc_sh.api,c65afcfb322a957191678730,1,0,,d914bbb02090408ae17eb833,dongchedi_usedcar_series,2026-07-08T22:04:53+08:00
309,16,比亚迪,比亚迪G6,https://p9-dcd.byteimg.com/motor-mis-img/77dfb4c410df9d09e0162b1e61e46d23~tplv-f042mdwyw7-original:tplv-resize:640:0.image?psm=motor.pc_sh.api,73cfdb59c4421e5ce000fd93,1,0,,4f72030f5c8461f34a9e7631,dongchedi_usedcar_series,2026-07-08T22:04:53+08:00
310,16,比亚迪,思锐,https://p9-dcd.byteimg.com/motor-mis-img/4727738ee7205a4405844ea737ac51bc~tplv-f042mdwyw7-original:tplv-resize:640:0.image?psm=motor.pc_sh.api,f727cc21887e6c881516f6f9,1,0,,6ac1a85fca0c09d590411a4a,dongchedi_usedcar_series,2026-07-08T22:04:53+08:00
311,16,比亚迪,唐DM,https://p9-dcd.byteimg.com/tos-cn-i-dcdx/db15adf4a0ab478589e5ab61807df13c~tplv-resize:640:0.png?psm=motor.rank.data,aea78755a474e2dc90de3169,3,2,,c1e336de48b809751fbe118b,dongchedi_ranking|dongchedi_usedcar_series,2026-07-08T22:04:53+08:00
312,16,比亚迪,元,https://p9-dcd.byteimg.com/motor-mis-img/ec50eeb09ac2e96566b2fec44b93cb3c~tplv-f042mdwyw7-original:tplv-resize:640:0.image?psm=motor.pc_sh.api,50a8fa171180f6b21b5bd9b0,1,0,,5a725129587b67d9ce45c7bd,dongchedi_usedcar_series,2026-07-08T22:04:53+08:00
314,16,比亚迪,宋,https://p9-dcd.byteimg.com/motor-mis-img/fd50d06508c85a731e5f5dfb138de235~tplv-f042mdwyw7-original:tplv-resize:640:0.image?psm=motor.pc_sh.api,b62f945da897128539b29c49,1,0,,841f41ba099f2115f29554d4,dongchedi_usedcar_series,2026-07-08T22:04:53+08:00
315,16,比亚迪,宋DM,https://p9-dcd.byteimg.com/motor-mis-img/495ba60521f5def458e0bf25aab2b3de~tplv-f042mdwyw7-original:tplv-resize:640:0.image?psm=motor.pc_sh.api,4f58488d6ee8db4f5668d7b4,1,0,,03f2c706b8f5465da9b39acd,dongchedi_usedcar_series,2026-07-08T22:04:53+08:00
316,16,比亚迪,比亚迪S7,https://p9-dcd.byteimg.com/motor-mis-img/5add545e864df3a9dfa53f4955c7869f~tplv-f042mdwyw7-original:tplv-resize:640:0.image?psm=motor.pc_sh.api,8ee0587a2f812a2e4867e26e,1,0,,b3f8dda1ba70bb4de866c8d8,dongchedi_usedcar_series,2026-07-08T22:04:53+08:00
317,16,比亚迪,比亚迪S6,https://p9-dcd.byteimg.com/motor-mis-img/3e0c765582ff87fb32bd5c045edd3d69~tplv-f042mdwyw7-original:tplv-resize:640:0.image?psm=motor.pc_sh.api,a93c4eee6e7ab2ddbccd9420,1,0,,1374f3d945c6735c63ec0f74,dongchedi_usedcar_series,2026-07-08T22:04:53+08:00
318,16,比亚迪,比亚迪M6,https://p9-dcd.byteimg.com/motor-mis-img/0c0caf46a155572380b5ac67f92ac068~tplv-f042mdwyw7-original:tplv-resize:640:0.image?psm=motor.pc_sh.api,e8f136dffa72574ff685646d,1,0,,56968fe37cfadf7c1c1e467a,dongchedi_usedcar_series,2026-07-08T22:04:53+08:00
319,16,比亚迪,比亚迪e6,https://p9-dcd.byteimg.com/motor-mis-img/0d778001f8d05ecf1d28dd7a2c0e2e8a~tplv-f042mdwyw7-original:tplv-resize:640:0.image?psm=motor.pc_sh.api,b67e47e39be490a0890568e0,1,0,,b2fdea7a49811bc9b74cc65a,dongchedi_usedcar_series,2026-07-08T22:04:53+08:00
322,61,标致,标致207(进口),https://p3-dcd.byteimg.com/motor-mis-img/8a186c2610e80696d8457765671bec4e~tplv-f042mdwyw7-original:tplv-resize:640:0.image?psm=motor.pc_sh.api,6f7abacf588790c0aa3e0f2d,1,0,,2aac216d54ac9841fa3263c9,dongchedi_usedcar_series,2026-07-08T22:04:53+08:00
324,61,标致,标致308(进口),https://p3-dcd.byteimg.com/tos-cn-i-dcdx/d779c5ef280e4025bc13aee550dae79f~tplv-f042mdwyw7-original:tplv-resize:640:0.image?psm=motor.pc_sh.api,846659e68fb7c8b55a9d3eaa,1,0,,fed026b993939f7fb3a630d9,dongchedi_usedcar_series,2026-07-08T22:04:53+08:00
327,61,标致,标致4008(进口),https://p3-dcd.byteimg.com/motor-mis-img/a1d728243959f8d2dc4acd1e7a86e32e~tplv-f042mdwyw7-original:tplv-resize:640:0.image?psm=motor.pc_sh.api,16b09a7a240d258c17954d32,1,0,,9c0848c14b7fb3fa0fdcaa8a,dongchedi_usedcar_series,2026-07-08T22:04:53+08:00
329,61,标致,标致RCZ,https://p3-dcd.byteimg.com/motor-mis-img/db0d0654df316bb443c1342825d9ca44~tplv-f042mdwyw7-original:tplv-resize:640:0.image?psm=motor.pc_sh.api,607514859bbd54a5e44c5755,1,0,,1749e04e2b3d4b2b7f3bf74d,dongchedi_usedcar_series,2026-07-08T22:04:53+08:00
331,61,标致,标致207,https://p3-dcd.byteimg.com/motor-mis-img/9c6d9eee065de2985d91abbb00846b7c~tplv-f042mdwyw7-original:tplv-resize:640:0.image?psm=motor.pc_sh.api,ffebc920d488566760c59892,1,0,,d3856f8f66a07b3a76392657,dongchedi_usedcar_series,2026-07-08T22:04:53+08:00
332,61,标致,标致307,https://p3-dcd.byteimg.com/motor-mis-img/61613ece21c378fe21b970300aff6ac0~tplv-f042mdwyw7-original:tplv-resize:640:0.image?psm=motor.pc_sh.api,62beaa8e63976956a2a464b5,1,0,,c07e3b0b455a6dd8b0776508,dongchedi_usedcar_series,2026-07-08T22:04:53+08:00
333,61,标致,标致308,https://p3-dcd.byteimg.com/motor-mis-img/df0661eb62f995372a6c2c7d17ab5582~tplv-f042mdwyw7-original:tplv-resize:640:0.image?psm=motor.pc_sh.api,d5fe72f29a59d94ac669fa4f,1,0,,0a2e267b34aee71d67156426,dongchedi_usedcar_series,2026-07-08T22:04:53+08:00
334,61,标致,标致308S,https://p3-dcd.byteimg.com/motor-mis-img/cf85518df55d3eef881a6c49f9c32faa~tplv-f042mdwyw7-original:tplv-resize:640:0.image?psm=motor.pc_sh.api,99d899d3df5e2979fcb32981,1,0,,cd23c554b592c0c033549548,dongchedi_usedcar_series,2026-07-08T22:04:53+08:00
335,61,标致,标致301,https://p3-dcd.byteimg.com/motor-mis-img/9033547e7dd613ff86a83621a621e2c5~tplv-f042mdwyw7-original:tplv-resize:640:0.image?psm=motor.pc_sh.api,b34f485dd1601e5aa8aa6779,1,0,,5dcd4ff4a5265f998ac2b3b0,dongchedi_usedcar_series,2026-07-08T22:04:53+08:00
336,61,标致,标致408,https://p9-dcd.byteimg.com/motor-mis-img/e734863947662cd987a9be96b479f828~tplv-resize:640:0.png?psm=motor.rank.data,4a9fef0a7529e557e03e278f,3,2,,5d3b0cd13aa597667f36b6a6,dongchedi_ranking|dongchedi_usedcar_series,2026-07-08T22:04:53+08:00
337,61,标致,标致508L,https://p9-dcd.byteimg.com/tos-cn-i-dcdx/e3b8a7573b784ab388129d474b434366~tplv-resize:640:0.png?psm=motor.rank.data,434c608a9a85e5db3628309e,3,2,,ea0ba45da1e53dfd8bc85edd,dongchedi_ranking|dongchedi_usedcar_series,2026-07-08T22:04:53+08:00
338,61,标致,标致2008,https://p3-dcd.byteimg.com/motor-mis-img/6b4e64ab6004f080dee3bd0eb61b322a~tplv-f042mdwyw7-original:tplv-resize:640:0.image?psm=motor.pc_sh.api,abd2e59264aaa7215c10213e,1,0,,4eb0c975524e46a84a7ce1aa,dongchedi_usedcar_series,2026-07-08T22:04:53+08:00
339,61,标致,标致3008,https://p3-dcd.byteimg.com/motor-mis-img/71758c4dc51a1606ef3ce4b7889b6d94~tplv-f042mdwyw7-original:tplv-resize:640:0.image?psm=motor.pc_sh.api,0ee2b7900233f758f44dec08,1,0,,12b04ba5200fb46e5c3405d9,dongchedi_usedcar_series,2026-07-08T22:04:53+08:00
340,61,标致,标致4008,https://p9-dcd.byteimg.com/motor-mis-img/736419b6347a430fa6ef5941234c9513~tplv-resize:640:0.png?psm=motor.rank.data,9d352836dff445ab0ff3459d,3,2,,af0650a54fc10bcdbc276e2a,dongchedi_ranking|dongchedi_usedcar_series,2026-07-08T22:04:53+08:00
341,61,标致,标致5008,https://p9-dcd.byteimg.com/tos-cn-i-dcdx/1f931bd350aa4763af406408b1b2c70f~tplv-resize:640:0.png?psm=motor.rank.data,4e45c8d68108af5ee8a0e7d2,3,2,,0150fed61947e040278a958b,dongchedi_ranking|dongchedi_usedcar_series,2026-07-08T22:04:53+08:00
342,12,别克,昂科雷,https://p9-dcd.byteimg.com/tos-cn-i-dcdx/729ead0d0251444abfaee673f57ba5b8~tplv-f042mdwyw7-original:tplv-resize:640:0.image?psm=motor.pc_sh.api,d63a2302eaa1810d6264888f,1,0,,4d7c0cab03c3dcd2b15c00a0,dongchedi_usedcar_series,2026-07-08T22:04:53+08:00
343,12,别克,凯越,https://p9-dcd.byteimg.com/motor-mis-img/188890f35fa5376c8a327b3a2f8cf11a~tplv-f042mdwyw7-original:tplv-resize:640:0.image?psm=motor.pc_sh.api,91b8d60f03636b091b3528d6,1,0,,b5d6bc3e5ee99ee7c35e66e6,dongchedi_usedcar_series,2026-07-08T22:04:53+08:00
344,12,别克,英朗,https://p9-dcd.byteimg.com/motor-mis-img/9b938497832d0c174a5e939c64499fd4~tplv-f042mdwyw7-original:tplv-resize:640:0.image?psm=motor.pc_sh.api,761c060cf067fa3ecbe94338,1,0,,f8ef306d7751b94cef850372,dongchedi_usedcar_series,2026-07-08T22:04:53+08:00
345,12,别克,威朗,https://p9-dcd.byteimg.com/tos-cn-i-dcdx/bccfb791bf1e44de828e1963ca64bc74~tplv-resize:640:0.png?psm=motor.rank.data,020e3db8dec7826889fed0ef,3,2,,b9d85eeb41b8f80c462ba866,dongchedi_ranking|dongchedi_usedcar_series,2026-07-08T22:04:53+08:00
346,12,别克,VELITE 5,https://p9-dcd.byteimg.com/motor-mis-img/c0b541ecc65dbf577d9457f2169243ac~tplv-f042mdwyw7-original:tplv-resize:640:0.image?psm=motor.pc_sh.api,1406822942130706426d9d62,1,0,,c2ab8fde8d9a251d281e6dc7,dongchedi_usedcar_series,2026-07-08T22:04:53+08:00
347,12,别克,君越,https://p9-dcd.byteimg.com/tos-cn-i-dcdx/8900f768debc40cbbeb15a500a4fee0a~tplv-resize:640:0.png?psm=motor.rank.data,06c1e2fc48276af0f0bee56f,3,2,,314967a934aa3f92a49ba3de,dongchedi_ranking|dongchedi_usedcar_series,2026-07-08T22:04:53+08:00
348,12,别克,君威,https://p9-dcd.byteimg.com/tos-cn-i-dcdx/1ca5dc0a6f3b422992f8751ecff1fc75~tplv-resize:640:0.png?psm=motor.rank.data,3532daf97e7d601497d5f476,3,2,,5d5574b69b25b6828abd7a17,dongchedi_ranking|dongchedi_usedcar_series,2026-07-08T22:04:53+08:00
350,12,别克,林荫大道,https://p9-dcd.byteimg.com/motor-mis-img/c83e4f5db46e7c39e7231ad9be941250~tplv-f042mdwyw7-original:tplv-resize:640:0.image?psm=motor.pc_sh.api,18b2e9e9ae3914ff5faa63ce,1,0,,e0a0b90eb17ebb7fd321f5f0,dongchedi_usedcar_series,2026-07-08T22:04:53+08:00
351,12,别克,昂科拉,https://p9-dcd.byteimg.com/motor-mis-img/43b74400761d97d30c2759988f88d857~tplv-f042mdwyw7-original:tplv-resize:640:0.image?psm=motor.pc_sh.api,2e2bf79e0e1f76fb81ea5ac8,1,0,,1a754e2b2a2f189490743369,dongchedi_usedcar_series,2026-07-08T22:04:53+08:00
352,12,别克,昂科威,https://p9-dcd.byteimg.com/tos-cn-i-dcdx/dc18eb3ac0974de39301da05d78203e4~tplv-resize:640:0.png?psm=motor.rank.data,a17f081bd4e84328b304c5d3,3,2,,d2ac2c0dde8053aa0dcfd777,dongchedi_ranking|dongchedi_usedcar_series,2026-07-08T22:04:53+08:00
353,12,别克,别克GL8,https://p9-dcd.byteimg.com/tos-cn-i-dcdx/101a350c342f4960866dd96f321cacb8~tplv-resize:640:0.png?psm=motor.rank.data,a69bc6bf79eef4f4f8111974,3,2,,042ee1b3353ce0d12d75e313,dongchedi_ranking|dongchedi_usedcar_series,2026-07-08T22:04:53+08:00
354,47,宾利,慕尚,https://p3-dcd.byteimg.com/motor-mis-img/4a55a6d5dee553e3f639150a0f4bfd4a~tplv-f042mdwyw7-original:tplv-resize:640:0.image?psm=motor.pc_sh.api,0fed9b5bf806d142ed77b89d,1,0,,bc8cdd6d739c2f76022e2bbe,dongchedi_usedcar_series,2026-07-08T22:04:53+08:00
355,47,宾利,飞驰,https://p3-dcd.byteimg.com/motor-mis-img/7e5204ad205f852378dc1d6e81060b85~tplv-f042mdwyw7-original:tplv-resize:640:0.image?psm=motor.pc_sh.api,ec63347d7d4a58afd6b07c64,1,0,,a6e0fc8cdd06d8ac0757ef52,dongchedi_usedcar_series,2026-07-08T22:04:53+08:00
356,47,宾利,雅致,https://p3-dcd.byteimg.com/motor-mis-img/144c2de6fdfca2cbbef6d1a2de570fd6~tplv-f042mdwyw7-original:tplv-resize:640:0.image?psm=motor.pc_sh.api,2e4bb7d5c436879b9c39dfbd,1,0,,29ad8557545d1be338bc450d,dongchedi_usedcar_series,2026-07-08T22:04:53+08:00
357,47,宾利,添越,https://p3-dcd.byteimg.com/tos-cn-i-dcdx/247b79179aba4c5899123df9959419b5~tplv-f042mdwyw7-original:tplv-resize:640:0.image?psm=motor.pc_sh.api,7608a074cc3ab3d7cbd55b0e,1,0,,8913785a1e455edcc52d38c2,dongchedi_usedcar_series,2026-07-08T22:04:53+08:00
358,47,宾利,欧陆,https://p3-dcd.byteimg.com/tos-cn-i-dcdx/1d2907772bdd4670864b07652356c136~tplv-f042mdwyw7-original:tplv-resize:640:0.image?psm=motor.pc_sh.api,d439404e89ee932673b3dac2,1,0,,a2b859db32376a9e9a40639e,dongchedi_usedcar_series,2026-07-08T22:04:53+08:00
361,60,北汽昌河,北汽昌河Q25,https://p9-dcd.byteimg.com/motor-mis-img/0b1fcd1ad535d71ac26a86d44e6e1634~tplv-f042mdwyw7-original:tplv-resize:640:0.image?psm=motor.pc_sh.api,369deac1ac2e0e52eb327fa3,1,0,,da2b78a8303ba0d07f3cc253,dongchedi_usedcar_series,2026-07-08T22:04:53+08:00
362,60,北汽昌河,北汽昌河Q35,https://p9-dcd.byteimg.com/motor-mis-img/532ed5fd4e3f243da91ffa856294649c~tplv-f042mdwyw7-original:tplv-resize:640:0.image?psm=motor.pc_sh.api,df9300b51d76a1322e7351c2,1,0,,b33209313610d1bc84768cbb,dongchedi_usedcar_series,2026-07-08T22:04:53+08:00
363,60,北汽昌河,北汽昌河M70,https://p9-dcd.byteimg.com/motor-mis-img/0baaa5aacdf6b5f775fe8797e015da1d~tplv-f042mdwyw7-original:tplv-resize:640:0.image?psm=motor.pc_sh.api,e91ed498efd2e2513c1331c7,1,0,,ec2ea08c7255d192e4dd4b4c,dongchedi_usedcar_series,2026-07-08T22:04:53+08:00
368,60,北汽昌河,北汽昌河M50S,https://p9-dcd.byteimg.com/motor-mis-img/7d7c6374f050cb883b535d0df22575c0~tplv-f042mdwyw7-original:tplv-resize:640:0.image?psm=motor.pc_sh.api,267f2d5637e38ae372b6ec63,1,0,,353305e477748f08ff78c1bb,dongchedi_usedcar_series,2026-07-08T22:04:53+08:00
374,1,大众,大众up!,https://p3-dcd.byteimg.com/motor-mis-img/df52c6071941955f8b007bb705c92af0~tplv-f042mdwyw7-original:tplv-resize:640:0.image?psm=motor.pc_sh.api,3e08ab74884e1de52e0d804a,1,0,,ccd030af7ab9b9c66fa8b592,dongchedi_usedcar_series,2026-07-08T22:04:53+08:00
375,1,大众,大众e-up!,https://p3-dcd.byteimg.com/motor-mis-img/9024031f5450fba36a3ebab817105fb2~tplv-f042mdwyw7-original:tplv-resize:640:0.image?psm=motor.pc_sh.api,25ae9aa0f972c51847e0d513,1,0,,a386190d1d42d5f26534bcfd,dongchedi_usedcar_series,2026-07-08T22:04:53+08:00
376,1,大众,甲壳虫,https://p3-dcd.byteimg.com/motor-mis-img/ab66e7df47933163e8015275bb306774~tplv-f042mdwyw7-original:tplv-resize:640:0.image?psm=motor.pc_sh.api,5efff6c655bf6463cab20650,1,0,,23474d843c41839644760f6e,dongchedi_usedcar_series,2026-07-08T22:04:53+08:00
377,1,大众,高尔夫(进口),https://p3-dcd.byteimg.com/tos-cn-i-dcdx/bfa7515dcea54d0a84da6618a8dd40ec~tplv-f042mdwyw7-original:tplv-resize:640:0.image?psm=motor.pc_sh.api,8df49427336ef74b36cad5f7,1,0,,85191747ab1d98a1a1fb7350,dongchedi_usedcar_series,2026-07-08T22:04:53+08:00
379,1,大众,Passat,https://p3-dcd.byteimg.com/motor-mis-img/87f727a9c895205a2cedbf7be4638499~tplv-f042mdwyw7-original:tplv-resize:640:0.image?psm=motor.pc_sh.api,e8d9d09a195f7dc5e5222daf,1,0,,d164689fbadaec35bb43b6ab,dongchedi_usedcar_series,2026-07-08T22:04:53+08:00
380,1,大众,蔚揽,https://p3-dcd.byteimg.com/motor-mis-img/f4ac2d6b7899d47bfc9b382086d087c9~tplv-f042mdwyw7-original:tplv-resize:640:0.image?psm=motor.pc_sh.api,4a952f1c70efc79d6f43f17a,1,0,,3cbb56c0c859bb198227fb52,dongchedi_usedcar_series,2026-07-08T22:04:53+08:00
381,1,大众,迈腾(进口),https://p3-dcd.byteimg.com/motor-mis-img/b4f4acceff31d0e103eee83165651675~tplv-f042mdwyw7-original:tplv-resize:640:0.image?psm=motor.pc_sh.api,bdba33359b186024da4ff4c0,1,0,,264b20590708bccc33c3accd,dongchedi_usedcar_series,2026-07-08T22:04:53+08:00
382,1,大众,大众CC(进口),https://p3-dcd.byteimg.com/motor-mis-img/e74855fb1d42134b32680c5cc1342e13~tplv-f042mdwyw7-original:tplv-resize:640:0.image?psm=motor.pc_sh.api,137cd66f4f1e50f847dd8e0f,1,0,,767313601dda38676b1d17b0,dongchedi_usedcar_series,2026-07-08T22:04:53+08:00
383,1,大众,辉腾,https://p3-dcd.byteimg.com/motor-mis-img/1be6e04408c9001d59a5a3c196b47cde~tplv-f042mdwyw7-original:tplv-resize:640:0.image?psm=motor.pc_sh.api,2d894abd6f7bb6a2b51b5475,1,0,,2c683d06bf2915ddefb77733,dongchedi_usedcar_series,2026-07-08T22:04:53+08:00
384,1,大众,Tiguan,https://p3-dcd.byteimg.com/motor-mis-img/105ced51d00eb5772af3f269f1a96223~tplv-f042mdwyw7-original:tplv-resize:640:0.image?psm=motor.pc_sh.api,85f14697f71a6b18ed0d9903,1,0,,707675132686b2e80a9b6a38,dongchedi_usedcar_series,2026-07-08T22:04:53+08:00
385,1,大众,途锐,https://p3-dcd.byteimg.com/tos-cn-i-dcdx/da8b0912e72847b78a431aa58445d6fc~tplv-f042mdwyw7-original:tplv-resize:640:0.image?psm=motor.pc_sh.api,9b62ea2558d46f021506afbc,1,0,,98a4d2c44dd7ccb8e7cd1d29,dongchedi_usedcar_series,2026-07-08T22:04:53+08:00
386,1,大众,夏朗,https://p3-dcd.byteimg.com/motor-mis-img/965d000fb45bce785ca139e37206ef28~tplv-f042mdwyw7-original:tplv-resize:640:0.image?psm=motor.pc_sh.api,701432113db77afc056696b5,1,0,,9724b740fa08f06f50f3442c,dongchedi_usedcar_series,2026-07-08T22:04:53+08:00
387,1,大众,迈特威,https://p3-dcd.byteimg.com/motor-mis-img/9c3694fee82660277fa4ba183de941cb~tplv-f042mdwyw7-original:tplv-resize:640:0.image?psm=motor.pc_sh.api,639294b173ee1ee8f69c3b54,1,0,,ad56bf894198b30dac21d387,dongchedi_usedcar_series,2026-07-08T22:04:53+08:00
388,1,大众,凯路威,https://p3-dcd.byteimg.com/motor-mis-img/c4dc9951baa3f52910c49c52ecf38b7d~tplv-f042mdwyw7-original:tplv-resize:640:0.image?psm=motor.pc_sh.api,ff7ab42b711b533f3f7afafb,1,0,,86aba31bdf32721fa431f0b1,dongchedi_usedcar_series,2026-07-08T22:04:53+08:00
389,1,大众,尚酷,https://p3-dcd.byteimg.com/motor-mis-img/88d5970fae538fcb0e9c6a7376918662~tplv-f042mdwyw7-original:tplv-resize:640:0.image?psm=motor.pc_sh.api,90144345d04e4f625acc4f86,1,0,,5624b63e2c7ff254eb3b329b,dongchedi_usedcar_series,2026-07-08T22:04:53+08:00
390,1,大众,大众Eos,https://p3-dcd.byteimg.com/motor-mis-img/f5e4bbc0f96a768becbe7f3967544f26~tplv-f042mdwyw7-original:tplv-resize:640:0.image?psm=motor.pc_sh.api,a1e44279ae1272515c5ed37c,1,0,,4a58c8ed00a3a8f4821078c2,dongchedi_usedcar_series,2026-07-08T22:04:53+08:00
391,1,大众,Polo,https://p3-dcd.byteimg.com/tos-cn-i-dcdx/a6ee19f8cb8b4ad8bab7f2b3cb0e4fa1~tplv-f042mdwyw7-original:tplv-resize:640:0.image?psm=motor.pc_sh.api,36fc042327b515acd0265132,1,0,,89f508630d9d3565677779c0,dongchedi_usedcar_series,2026-07-08T22:04:53+08:00
393,1,大众,朗逸,https://p9-dcd.byteimg.com/tos-cn-i-dcdx/32129dbc6b824b1abf2e2388c1890b95~tplv-resize:640:0.png?psm=motor.rank.data,5066a20a356ae93a7c8436cd,3,2,,935ab58fac15651293f5550c,dongchedi_ranking|dongchedi_usedcar_series,2026-07-08T22:04:53+08:00
394,1,大众,桑塔纳,https://p3-dcd.byteimg.com/motor-mis-img/1d30e0ba37d12cbaf4dd24f94569a219~tplv-f042mdwyw7-original:tplv-resize:640:0.image?psm=motor.pc_sh.api,39e6920556e13ba7d5789b69,1,0,,643d51b63bef97c8b1b17a82,dongchedi_usedcar_series,2026-07-08T22:04:53+08:00
395,1,大众,朗行,https://p3-dcd.byteimg.com/motor-mis-img/aca3dbc961e7316bbf8370ad3358f422~tplv-f042mdwyw7-original:tplv-resize:640:0.image?psm=motor.pc_sh.api,31b10ab9325a4f7a379d2589,1,0,,b46dcf3db398d8bdff9e98c8,dongchedi_usedcar_series,2026-07-08T22:04:53+08:00
396,1,大众,朗境,https://p3-dcd.byteimg.com/motor-mis-img/997c839d127572771c68f1772b71f361~tplv-f042mdwyw7-original:tplv-resize:640:0.image?psm=motor.pc_sh.api,0c79dc7748c71235db17539d,1,0,,70468131d6e884fe39f1ea48,dongchedi_usedcar_series,2026-07-08T22:04:53+08:00
397,1,大众,凌渡,https://p9-dcd.byteimg.com/tos-cn-i-dcdx/4b1f18ece99a4a14b61734c75cbccd86~tplv-resize:640:0.png?psm=motor.rank.data,a6c195271bf9feaa1faa6388,3,2,,8adeaf21e47a523d9dae3199,dongchedi_ranking|dongchedi_usedcar_series,2026-07-08T22:04:53+08:00
398,1,大众,帕萨特,https://p9-dcd.byteimg.com/tos-cn-i-dcdx/b4285df0389c47399c7f0fa8d52a8334~tplv-resize:640:0.png?psm=motor.rank.data,a3505191cea3d90a0797dc45,3,2,,bb30abb7b37eba76e1e14105,dongchedi_ranking|dongchedi_usedcar_series,2026-07-08T22:04:53+08:00
399,1,大众,桑塔纳经典,https://p3-dcd.byteimg.com/motor-mis-img/45dc38cd3f87a8f849ef56bac9dbce9a~tplv-f042mdwyw7-original:tplv-resize:640:0.image?psm=motor.pc_sh.api,4ba88b99cafaef85b14fb17a,1,0,,8eaef522905b752d8aa85374,dongchedi_usedcar_series,2026-07-08T22:04:53+08:00
400,1,大众,桑塔纳志俊,https://p3-dcd.byteimg.com/motor-mis-img/e7bc54f2b18335913fee09de6bc6e037~tplv-f042mdwyw7-original:tplv-resize:640:0.image?psm=motor.pc_sh.api,6df2b9c55320d236cb8e4233,1,0,,3aad81e15580c9420d51103c,dongchedi_usedcar_series,2026-07-08T22:04:53+08:00
401,1,大众,Passat领驭,https://p3-dcd.byteimg.com/motor-mis-img/538da4f87d5fbbb321104c2433f6a0ec~tplv-f042mdwyw7-original:tplv-resize:640:0.image?psm=motor.pc_sh.api,bf365ffa5b4dce20467c4dfe,1,0,,cf80f66510d44037147a0fe5,dongchedi_usedcar_series,2026-07-08T22:04:53+08:00
402,1,大众,辉昂,https://p3-dcd.byteimg.com/motor-mis-img/83ea15115e6f0f60f15837da6dea8470~tplv-f042mdwyw7-original:tplv-resize:640:0.image?psm=motor.pc_sh.api,112287e0fc0b77f927045bc6,1,0,,84b7705185f4c4e82945dd1b,dongchedi_usedcar_series,2026-07-08T22:04:53+08:00
403,1,大众,途观,https://p3-dcd.byteimg.com/motor-mis-img/eee89fe88894f0d3354cebdc79916f37~tplv-f042mdwyw7-original:tplv-resize:640:0.image?psm=motor.pc_sh.api,38f416dc49584486f0d146ae,1,0,,cec76c2e67a190b63dee5f87,dongchedi_usedcar_series,2026-07-08T22:04:53+08:00
404,1,大众,途观L,https://p9-dcd.byteimg.com/tos-cn-i-dcdx/531775569f224f82a4f363c9ae6461f7~tplv-resize:640:0.png?psm=motor.rank.data,9a9ddbfb0322e62ec35bf579,3,2,,ee49e0bcebd1f4bd664dc960,dongchedi_ranking|dongchedi_usedcar_series,2026-07-08T22:04:53+08:00
405,1,大众,途昂,https://p9-dcd.byteimg.com/tos-cn-i-dcdx/3a9fd474f4514a36b166ef56106ed877~tplv-resize:640:0.png?psm=motor.rank.data,903e505b6938a994b29ea97d,3,2,,0c85a98cc1bb774e553a5210,dongchedi_ranking|dongchedi_usedcar_series,2026-07-08T22:04:53+08:00
406,1,大众,途安,https://p3-dcd.byteimg.com/motor-mis-img/1ab64bad58bca063c15a63ea3023d638~tplv-f042mdwyw7-original:tplv-resize:640:0.image?psm=motor.pc_sh.api,8fdc8d23752231bff34bf84b,1,0,,ab0b821fffcd7187cf7a2251,dongchedi_usedcar_series,2026-07-08T22:04:53+08:00
407,1,大众,途安L,https://p9-dcd.byteimg.com/motor-mis-img/20f107b28a94a16705865e9b91e79819~tplv-resize:640:0.png?psm=motor.rank.data,eea0473c6ed81c980a7c97b5,3,2,,e46e83f270598c45b5a98f4a,dongchedi_ranking|dongchedi_usedcar_series,2026-07-08T22:04:53+08:00
408,1,大众,捷达,https://p3-dcd.byteimg.com/motor-mis-img/528ae04d6b2ac897f02cadfa60392dbd~tplv-f042mdwyw7-original:tplv-resize:640:0.image?psm=motor.pc_sh.api,a609e7d4b7e54179b694a186,1,0,,d7325a831ae85401c6e850be,dongchedi_usedcar_series,2026-07-08T22:04:53+08:00
409,1,大众,宝来,https://p9-dcd.byteimg.com/tos-cn-i-dcdx/6569140387014329aaee5c92ae4a3fa1~tplv-resize:640:0.png?psm=motor.rank.data,59fae4dfff663040f4c58cfb,3,2,,cba4e194fa2141a19f17a445,dongchedi_ranking|dongchedi_usedcar_series,2026-07-08T22:04:53+08:00
410,1,大众,高尔夫,https://p9-dcd.byteimg.com/tos-cn-i-dcdx/0f440cb25eb44df2bfb42ed25548a563~tplv-resize:640:0.png?psm=motor.rank.data,ff502212177e07694ddb567f,3,2,,9e7018ad17644f52a3c0dd37,dongchedi_ranking|dongchedi_usedcar_series,2026-07-08T22:04:53+08:00
411,1,大众,高尔夫·嘉旅,https://p3-dcd.byteimg.com/motor-mis-img/964cbbb3005900f5bc0925d43fb43094~tplv-f042mdwyw7-original:tplv-resize:640:0.image?psm=motor.pc_sh.api,4040b0f927c7e0917504575a,1,0,,ed8864479dbaf1901a19f438,dongchedi_usedcar_series,2026-07-08T22:04:53+08:00
412,1,大众,C-TREK蔚领,https://p3-dcd.byteimg.com/motor-mis-img/ab57c8af603c88cb66142a52c085dcd0~tplv-f042mdwyw7-original:tplv-resize:640:0.image?psm=motor.pc_sh.api,0f14c6f6c2d56d2a0740bfe2,1,0,,7c53f001962ebc06e4e17f43,dongchedi_usedcar_series,2026-07-08T22:04:53+08:00
413,1,大众,宝来经典,https://p3-dcd.byteimg.com/motor-mis-img/5bd0aac565e5a18369cae8ce90bc42aa~tplv-f042mdwyw7-original:tplv-resize:640:0.image?psm=motor.pc_sh.api,83434b8ec8d6546ca582e0b3,1,0,,d7d5ff46b968b0916eaddc3e,dongchedi_usedcar_series,2026-07-08T22:04:53+08:00
414,1,大众,速腾,https://p9-dcd.byteimg.com/tos-cn-i-dcdx/15379fc13832440dadce67e9c325d1ea~tplv-resize:640:0.png?psm=motor.rank.data,b8eb7b6fb50dca43cc920f26,3,2,,ddeeb5dc1cd86925816e3ad2,dongchedi_ranking|dongchedi_usedcar_series,2026-07-08T22:04:53+08:00
415,1,大众,迈腾,https://p9-dcd.byteimg.com/tos-cn-i-dcdx/af209a0bc7a548a89dc86b1062cac9c7~tplv-resize:640:0.png?psm=motor.rank.data,6d08910486034351eaf1586b,3,2,,5bb38e52d80425ebfc3af7c6,dongchedi_ranking|dongchedi_usedcar_series,2026-07-08T22:04:53+08:00
416,1,大众,大众CC,https://p9-dcd.byteimg.com/motor-mis-img/bc1a1cfcace04020b804932bd5c78749~tplv-resize:640:0.png?psm=motor.rank.data,c93699a07e13b8a6694d1f31,3,2,,89fde785f3a131282420b3ba,dongchedi_ranking|dongchedi_usedcar_series,2026-07-08T22:04:53+08:00
417,1,大众,开迪,https://p3-dcd.byteimg.com/motor-mis-img/e39db403dd3eab429bced83d6a87deca~tplv-f042mdwyw7-original:tplv-resize:640:0.image?psm=motor.pc_sh.api,083022fd4f21ddf9a8f6795f,1,0,,8ee7dc0d4298e959e65fbef0,dongchedi_usedcar_series,2026-07-08T22:04:53+08:00
420,54,道奇,酷威,https://p3-dcd.byteimg.com/motor-mis-img/249ab2615ab1b2f7225b4debdea6551d~tplv-f042mdwyw7-original:tplv-resize:640:0.image?psm=motor.pc_sh.api,17c9077da9a6f459c8a8b05c,1,0,,c8776960a28abc8b140ffe91,dongchedi_usedcar_series,2026-07-08T22:04:53+08:00
421,453,RAM,RAM Trucks,https://p3-dcd.byteimg.com/tos-cn-i-dcdx/01a871638b244ee78c67f80ae31e8fca~tplv-f042mdwyw7-original:tplv-resize:640:0.image?psm=motor.pc_sh.api,f6de360f8ad8e1d60c87cd58,1,0,,99a76e26d9e423811ce62d32,dongchedi_usedcar_series,2026-07-08T22:04:53+08:00
422,37,东风风神,东风A9,https://p3-dcd.byteimg.com/motor-mis-img/bc9592ae073a4ca0d46127207b111653~tplv-f042mdwyw7-original:tplv-resize:640:0.image?psm=motor.pc_sh.api,bc97cdb24de4c3b06b04648c,1,0,,df602483ea24ac6ca254ca16,dongchedi_usedcar_series,2026-07-08T22:04:53+08:00
426,91,东风,御风,https://p3-dcd.byteimg.com/tos-cn-i-dcdx/5cf943c0df2c4e60838ff21547e47b1f~tplv-f042mdwyw7-original:tplv-resize:640:0.image?psm=motor.pc_sh.api,6f94ddef58441c8abcfca05a,1,0,,56548defd88a8d551aa5ab3a,dongchedi_usedcar_series,2026-07-08T22:04:53+08:00
428,91,东风,帅客,https://p3-dcd.byteimg.com/motor-mis-img/0475d3950151f6840d6cf5487e5344c0~tplv-f042mdwyw7-original:tplv-resize:640:0.image?psm=motor.pc_sh.api,445c152ac6450c724c34f91e,1,0,,dcc93aaa338c97f719050bb3,dongchedi_usedcar_series,2026-07-08T22:04:53+08:00
429,91,东风,锐骐,https://p3-dcd.byteimg.com/tos-cn-i-dcdx/431a9496b4fe424295d392a9dbd5a4a9~tplv-f042mdwyw7-original:tplv-resize:640:0.image?psm=motor.pc_sh.api,26e56182256ad2b32a4e224d,1,0,,f9fc094ead23484a7305adf4,dongchedi_usedcar_series,2026-07-08T22:04:53+08:00
430,91,东风,锐骐多功能车,https://p3-dcd.byteimg.com/motor-mis-img/c5ca79227d9e5515ab2d35430a2af03c~tplv-f042mdwyw7-original:tplv-resize:640:0.image?psm=motor.pc_sh.api,d88bd26bce8f2cfddd95b803,1,0,,362aceecd05d4fa067e2c6a9,dongchedi_usedcar_series,2026-07-08T22:04:53+08:00
432,92,东风风度,东风风度MX5,https://p9-dcd.byteimg.com/motor-mis-img/728408b29461c97123561b0335f6207f~tplv-f042mdwyw7-original:tplv-resize:640:0.image?psm=motor.pc_sh.api,25476588c40ba6f8c9d85f1e,1,0,,7dfd17b0b399c49ea30c67a9,dongchedi_usedcar_series,2026-07-08T22:04:53+08:00
433,92,东风风度,东风风度MX6,https://p9-dcd.byteimg.com/motor-mis-img/f85c4fe519c7cef7085090d349117afe~tplv-f042mdwyw7-original:tplv-resize:640:0.image?psm=motor.pc_sh.api,67a815ed5115fafe69e96f35,1,0,,f4c033fce2b3cf1d52aa7a97,dongchedi_usedcar_series,2026-07-08T22:04:53+08:00
434,95,东风风光,风光360,https://p9-dcd.byteimg.com/motor-mis-img/07683f820c944fcdc1ec86c92a0c5242~tplv-f042mdwyw7-original:tplv-resize:640:0.image?psm=motor.pc_sh.api,3379ce868254849be97371e0,1,0,,309ab722f41ad5c7a067fc21,dongchedi_usedcar_series,2026-07-08T22:04:53+08:00
435,95,东风风光,风光370,https://p9-dcd.byteimg.com/motor-mis-img/ca9eacf9bec2349f2c71f7ed0e1fb88a~tplv-f042mdwyw7-original:tplv-resize:640:0.image?psm=motor.pc_sh.api,022a68e1ed9da464861cb733,1,0,,e72abc2dabdb8cea345d65de,dongchedi_usedcar_series,2026-07-08T22:04:53+08:00
436,95,东风风光,风光580,https://p9-dcd.byteimg.com/motor-mis-img/81ce7abfa259e4a8e2764f1000f284d5~tplv-resize:640:0.png?psm=motor.rank.data,a14bf9dc9116d99928f199be,3,2,,fc324cf75c62009c3bfd5a33,dongchedi_ranking|dongchedi_usedcar_series,2026-07-08T22:04:53+08:00
437,95,东风风光,风光330,https://p9-dcd.byteimg.com/motor-mis-img/6f7c31bce10482b0e6b2db15654441e8~tplv-f042mdwyw7-original:tplv-resize:640:0.image?psm=motor.pc_sh.api,5cfa2a0e27cde28340d2344e,1,0,,cb4384f70f0ef7e59353300b,dongchedi_usedcar_series,2026-07-08T22:04:53+08:00
439,70,东风风行,景逸S50,https://p3-dcd.byteimg.com/motor-mis-img/3409e6e75f5f78da1b91a2267ed343aa~tplv-f042mdwyw7-original:tplv-resize:640:0.image?psm=motor.pc_sh.api,58026008c9bb8772c6bf0c43,1,0,,f5a85499ba3c63aa7f9a80c1,dongchedi_usedcar_series,2026-07-08T22:04:53+08:00
440,70,东风风行,景逸XV,https://p3-dcd.byteimg.com/motor-mis-img/a4d0f87f185538464c1d39e614d1f86b~tplv-f042mdwyw7-original:tplv-resize:640:0.image?psm=motor.pc_sh.api,8c69cf9cd1e6fc8f36355fde,1,0,,cb79147a60e01d37bea42245,dongchedi_usedcar_series,2026-07-08T22:04:53+08:00
441,70,东风风行,景逸X3,https://p3-dcd.byteimg.com/motor-mis-img/bae582923d54731017b2bd1da4f2013f~tplv-f042mdwyw7-original:tplv-resize:640:0.image?psm=motor.pc_sh.api,5b154f894f6b279f201210ad,1,0,,a585dff48fcbb8fd02eff352,dongchedi_usedcar_series,2026-07-08T22:04:53+08:00
442,70,东风风行,景逸X5,https://p3-dcd.byteimg.com/motor-mis-img/5137240509c8860e71829c1075824c4a~tplv-f042mdwyw7-original:tplv-resize:640:0.image?psm=motor.pc_sh.api,07248cb46f9424ba91b9a2e2,1,0,,8c9801063aef6eb9dc0c01a7,dongchedi_usedcar_series,2026-07-08T22:04:53+08:00
443,70,东风风行,风行SX6,https://p3-dcd.byteimg.com/motor-mis-img/66524efa9e41c4510b5257d4506bc779~tplv-f042mdwyw7-original:tplv-resize:640:0.image?psm=motor.pc_sh.api,a758db6f4ea041dc8c3ca4f5,1,0,,d380fcbdc4ace8dfac2c6098,dongchedi_usedcar_series,2026-07-08T22:04:53+08:00
444,70,东风风行,景逸SUV,https://p3-dcd.byteimg.com/motor-mis-img/ddf2f5fe0428d27746931d641994cd5b~tplv-f042mdwyw7-original:tplv-resize:640:0.image?psm=motor.pc_sh.api,77e825eb41cf818af540abc1,1,0,,39a463c78e3e576f5b16493c,dongchedi_usedcar_series,2026-07-08T22:04:53+08:00
445,70,东风风行,菱智,https://p9-dcd.byteimg.com/tos-cn-i-dcdx/15fe2dcf06d74df5974d3dcd07fb5f42~tplv-resize:640:0.png?psm=motor.rank.data,c3d312df9eed00cc43819cdb,3,2,,49f0943d5e70f91229933977,dongchedi_ranking|dongchedi_usedcar_series,2026-07-08T22:04:53+08:00
446,70,东风风行,风行CM7,https://p3-dcd.byteimg.com/motor-mis-img/50ab257fd3532ad33d0b1dea7a5f5169~tplv-f042mdwyw7-original:tplv-resize:640:0.image?psm=motor.pc_sh.api,8861ac596de58054eec60db7,1,0,,971fc37cf5bc4cc58fe508e2,dongchedi_usedcar_series,2026-07-08T22:04:53+08:00
447,70,东风风行,风行S500,https://p3-dcd.byteimg.com/motor-mis-img/ee2538ae42d9b2289dae89616a509080~tplv-f042mdwyw7-original:tplv-resize:640:0.image?psm=motor.pc_sh.api,38b4cfe75c16a36222f40f23,1,0,,b6475a03b82ddd0c0a60d300,dongchedi_usedcar_series,2026-07-08T22:04:53+08:00
448,70,东风风行,风行F600,https://p3-dcd.byteimg.com/motor-mis-img/2ba1df5ae55ffdffeb1295a513677b43~tplv-f042mdwyw7-original:tplv-resize:640:0.image?psm=motor.pc_sh.api,0539675d58841d7f4fd91339,1,0,,b745923a094fb7e138f2d5f2,dongchedi_usedcar_series,2026-07-08T22:04:53+08:00
450,37,东风风神,东风风神S30,https://p3-dcd.byteimg.com/motor-mis-img/9716a899a0e4d11bf49c7c7215b06acd~tplv-f042mdwyw7-original:tplv-resize:640:0.image?psm=motor.pc_sh.api,8d8c0e76ac8bfc49507511ee,1,0,,bad5b509a95dc6ccadc22384,dongchedi_usedcar_series,2026-07-08T22:04:53+08:00
451,37,东风风神,东风风神A60,https://p3-dcd.byteimg.com/motor-mis-img/6d448ac501035c41cbb2a83b6cbb892e~tplv-f042mdwyw7-original:tplv-resize:640:0.image?psm=motor.pc_sh.api,7d18b80cd11735a320994730,1,0,,1f98c4a0fd77d58705d244a6,dongchedi_usedcar_series,2026-07-08T22:04:53+08:00
452,37,东风风神,东风风神H30,https://p3-dcd.byteimg.com/motor-mis-img/7c5ed355e5a051aecc4cb05c29e4bd54~tplv-f042mdwyw7-original:tplv-resize:640:0.image?psm=motor.pc_sh.api,fd28e54471ef1539a57d1883,1,0,,f2580036c5d3e97c848e7a89,dongchedi_usedcar_series,2026-07-08T22:04:53+08:00
453,37,东风风神,东风风神A30,https://p3-dcd.byteimg.com/motor-mis-img/9e4cc073b3847bc5a289f253a8ca048a~tplv-f042mdwyw7-original:tplv-resize:640:0.image?psm=motor.pc_sh.api,b8c8fed42021f6ce067adb07,1,0,,26d2920595fba41745d13cb3,dongchedi_usedcar_series,2026-07-08T22:04:53+08:00
454,37,东风风神,东风风神L60,https://p3-dcd.byteimg.com/motor-mis-img/ebeeaf4a79111d4d07f365f37396175e~tplv-f042mdwyw7-original:tplv-resize:640:0.image?psm=motor.pc_sh.api,9a8bcb6e5a97e86279d888fa,1,0,,76e7155853e10eb665669a4d,dongchedi_usedcar_series,2026-07-08T22:04:53+08:00
455,37,东风风神,东风风神AX3,https://p3-dcd.byteimg.com/motor-mis-img/05abb0df78a480ac40d5471a57183f50~tplv-f042mdwyw7-original:tplv-resize:640:0.image?psm=motor.pc_sh.api,bab038a6fcbf28972c9c941d,1,0,,ad88ad0b84584b8419f17d18,dongchedi_usedcar_series,2026-07-08T22:04:53+08:00
456,37,东风风神,东风风神AX5,https://p3-dcd.byteimg.com/tos-cn-i-dcdx/4f539661e4f640b3b72462ae5601b3d5~tplv-f042mdwyw7-original:tplv-resize:640:0.image?psm=motor.pc_sh.api,952251318b31bf13ce0bd874,1,0,,241c2a8154ace090b1c43556,dongchedi_usedcar_series,2026-07-08T22:04:53+08:00
457,37,东风风神,东风风神AX7,https://p3-dcd.byteimg.com/tos-cn-i-dcdx/c8a92c77c48e46d6966a9cd6fb1646e8~tplv-f042mdwyw7-original:tplv-resize:640:0.image?psm=motor.pc_sh.api,b56689bf4f44e9fb3fdcee42,1,0,,f07723925d8ea38d14f94fd9,dongchedi_usedcar_series,2026-07-08T22:04:53+08:00
466,79,东风小康,东风小康K17,https://p3-dcd.byteimg.com/motor-mis-img/ff12a727a539ef264148b26e3f80c94b~tplv-f042mdwyw7-original:tplv-resize:640:0.image?psm=motor.pc_sh.api,d2a1da18dbd25e3074a25c34,1,0,,74f19061594f8e4326113c92,dongchedi_usedcar_series,2026-07-08T22:04:53+08:00
468,79,东风小康,东风小康K07II,https://p3-dcd.byteimg.com/motor-mis-img/439014633e744509a2550513dc7dd7f5~tplv-f042mdwyw7-original:tplv-resize:640:0.image?psm=motor.pc_sh.api,a5e832d7478e5d3b10a1fc7c,1,0,,ee0b44fe56388824319c40dc,dongchedi_usedcar_series,2026-07-08T22:04:53+08:00
470,79,东风小康,东风小康C37,https://p3-dcd.byteimg.com/motor-mis-img/5fa3461302efb4122e7c48d96312a03f~tplv-f042mdwyw7-original:tplv-resize:640:0.image?psm=motor.pc_sh.api,78c153c8c3471cac0998ad31,1,0,,165a1b74b45880e6e62197a7,dongchedi_usedcar_series,2026-07-08T22:04:53+08:00
471,79,东风小康,东风小康C35,https://p3-dcd.byteimg.com/tos-cn-i-dcdx/a8dab2e6cec5453d89f44daa073baa9c~tplv-f042mdwyw7-original:tplv-resize:640:0.image?psm=motor.pc_sh.api,73825f56d63257fd4760eaa6,1,0,,56787af8435aee57813bc5c3,dongchedi_usedcar_series,2026-07-08T22:04:53+08:00
473,79,东风小康,东风小康K07S,https://p3-dcd.byteimg.com/motor-mis-img/818fd6fcd76b192203d3688591116413~tplv-f042mdwyw7-original:tplv-resize:640:0.image?psm=motor.pc_sh.api,347ba8b896bded0696beaf34,1,0,,e9e89b203dccd20cfbc89a78,dongchedi_usedcar_series,2026-07-08T22:04:53+08:00
474,79,东风小康,东风小康K05S,https://p3-dcd.byteimg.com/motor-mis-img/20a0e34ab67192112b5b002133989494~tplv-f042mdwyw7-original:tplv-resize:640:0.image?psm=motor.pc_sh.api,3e80cae1abfcf3a34a88ac34,1,0,,d4c20dd7453506f916063b5c,dongchedi_usedcar_series,2026-07-08T22:04:53+08:00
475,79,东风小康,东风小康EC36,https://p3-dcd.byteimg.com/motor-mis-img/822a1a609747067a12188eca055fa04f~tplv-f042mdwyw7-original:tplv-resize:640:0.image?psm=motor.pc_sh.api,b17212b5623eb1d4e4988fc4,1,0,,f1a99d69e2482c1113f30e13,dongchedi_usedcar_series,2026-07-08T22:04:53+08:00
476,26,三菱,蓝瑟,https://p3-dcd.byteimg.com/motor-mis-img/6b265050085ab35a723d7a659c4f6cee~tplv-f042mdwyw7-original:tplv-resize:640:0.image?psm=motor.pc_sh.api,98170fbd03d5cb51d1d862d4,1,0,,764ea306dc031984ad951161,dongchedi_usedcar_series,2026-07-08T22:04:53+08:00
477,77,东南,V3菱悦,https://p3-dcd.byteimg.com/motor-mis-img/09022397863243b678afc3a016bf6442~tplv-f042mdwyw7-original:tplv-resize:640:0.image?psm=motor.pc_sh.api,6a543668a8bfa77d4f457786,1,0,,a59aac959f5acbd9287706c3,dongchedi_usedcar_series,2026-07-08T22:04:53+08:00
478,26,三菱,翼神,https://p3-dcd.byteimg.com/motor-mis-img/884d0dfb61557c0d52d152d1b2cd06ca~tplv-f042mdwyw7-original:tplv-resize:640:0.image?psm=motor.pc_sh.api,ba0d84534a221f0c4eecad91,1,0,,0fc9f52a6cca7583877fb558,dongchedi_usedcar_series,2026-07-08T22:04:53+08:00
479,77,东南,V5菱致,https://p3-dcd.byteimg.com/motor-mis-img/ef1cff528b5b136efcbe534329afa23e~tplv-f042mdwyw7-original:tplv-resize:640:0.image?psm=motor.pc_sh.api,f3e646941a6336505990f5b2,1,0,,f5a7e478bcb3adad3cc6883b,dongchedi_usedcar_series,2026-07-08T22:04:53+08:00
480,77,东南,V6菱仕,https://p3-dcd.byteimg.com/motor-mis-img/6c6678bb3dd05865e883a5693ec3cfa4~tplv-f042mdwyw7-original:tplv-resize:640:0.image?psm=motor.pc_sh.api,f59818152ad619d9d68ba724,1,0,,336f1d76c22851baa4321564,dongchedi_usedcar_series,2026-07-08T22:04:53+08:00
481,26,三菱,风迪思,https://p3-dcd.byteimg.com/motor-mis-img/4f00ac27824bf63ce89df79feeaa2162~tplv-f042mdwyw7-original:tplv-resize:640:0.image?psm=motor.pc_sh.api,a840b5cdfc9698b8f30039c4,1,0,,c1aa80fecfda260b374899f4,dongchedi_usedcar_series,2026-07-08T22:04:53+08:00
484,77,东南,东南DX3,https://p3-dcd.byteimg.com/motor-mis-img/56031fc851868fa358f00f0b3fd91216~tplv-f042mdwyw7-original:tplv-resize:640:0.image?psm=motor.pc_sh.api,6985fbdc3aab5efccbccae5d,1,0,,875a45d31f4ad2a6d40b0bdf,dongchedi_usedcar_series,2026-07-08T22:04:53+08:00
485,77,东南,东南DX7,https://p3-dcd.byteimg.com/motor-mis-img/4b052a6cde7aa9647b6e4af08a727ed6~tplv-f042mdwyw7-original:tplv-resize:640:0.image?psm=motor.pc_sh.api,a9e2f9df9a8cf623094900f3,1,0,,4bee149a23ba3550d282e383,dongchedi_usedcar_series,2026-07-08T22:04:53+08:00
487,84,克莱斯勒,大捷龙,https://p3-dcd.byteimg.com/motor-mis-img/e111e54913a76ea15c3a56cc121d8b98~tplv-f042mdwyw7-original:tplv-resize:640:0.image?psm=motor.pc_sh.api,a4cce516d46460fecbeff07a,1,0,,ce6d5c6b1e7126856b75c478,dongchedi_usedcar_series,2026-07-08T22:04:53+08:00
489,26,三菱,君阁,https://p3-dcd.byteimg.com/motor-mis-img/3589cbf1e1ea4dab41229f3c398a2dce~tplv-f042mdwyw7-original:tplv-resize:640:0.image?psm=motor.pc_sh.api,57f1785515b8a86598f2bd70,1,0,,69344834b5f317ac06b780b2,dongchedi_usedcar_series,2026-07-08T22:04:53+08:00
491,44,法拉利,California T,https://p3-dcd.byteimg.com/motor-mis-img/ef6a3cea469d4a42c7f787539ad9b601~tplv-f042mdwyw7-original:tplv-resize:640:0.image?psm=motor.pc_sh.api,e84fe50a62a1c978a2ede3b1,1,0,,0d6bce7bb434916d6c76f632,dongchedi_usedcar_series,2026-07-08T22:04:53+08:00
492,44,法拉利,F12berlinetta,https://p3-dcd.byteimg.com/motor-mis-img/d1a67b24d4e8726804135ca3c14220aa~tplv-f042mdwyw7-original:tplv-resize:640:0.image?psm=motor.pc_sh.api,52d450f01c64f13279d62afb,1,0,,6ae1bbe5bf5748826110490b,dongchedi_usedcar_series,2026-07-08T22:04:53+08:00
493,44,法拉利,LaFerrari,https://p3-dcd.byteimg.com/tos-cn-i-dcdx/5fa4262a7528408d933c84692cd27f01~tplv-f042mdwyw7-original:tplv-resize:640:0.image?psm=motor.pc_sh.api,88e3b4118dd12eb8577d3266,1,0,,abcf2a2f89c32a02ba9f0c31,dongchedi_usedcar_series,2026-07-08T22:04:53+08:00
494,44,法拉利,法拉利488,https://p3-dcd.byteimg.com/motor-mis-img/e8525633ea9d8b2c09cb0ce363bf2328~tplv-f042mdwyw7-original:tplv-resize:640:0.image?psm=motor.pc_sh.api,6bf8c9d629b0d8099b45c9b4,1,0,,4acf29694fe775a5b7ef048b,dongchedi_usedcar_series,2026-07-08T22:04:53+08:00
495,44,法拉利,GTC4Lusso,https://p3-dcd.byteimg.com/motor-mis-img/2a3b420e276fae274a1cee0c0ba34093~tplv-f042mdwyw7-original:tplv-resize:640:0.image?psm=motor.pc_sh.api,d7570ddb2f37306e79752f18,1,0,,7dfb611410817ea4e3c8d58d,dongchedi_usedcar_series,2026-07-08T22:04:53+08:00
496,44,法拉利,法拉利360,https://p3-dcd.byteimg.com/motor-mis-img/9a66b0008f073b7cb30bfcf6f515ca56~tplv-f042mdwyw7-original:tplv-resize:640:0.image?psm=motor.pc_sh.api,b5b105e21339f5968f6ddda8,1,0,,5e705d690d2bef85d168d033,dongchedi_usedcar_series,2026-07-08T22:04:53+08:00
497,44,法拉利,法拉利F430,https://p3-dcd.byteimg.com/motor-mis-img/a7d8a80655d330d9ad44348bc3582729~tplv-f042mdwyw7-original:tplv-resize:640:0.image?psm=motor.pc_sh.api,762c9662d87f69e0bc1aba66,1,0,,5b10bd38493b95e1e0db0464,dongchedi_usedcar_series,2026-07-08T22:04:53+08:00
498,44,法拉利,法拉利575M,https://p3-dcd.byteimg.com/motor-mis-img/ad73d2a675536a6c2114bad5307c1c3d~tplv-f042mdwyw7-original:tplv-resize:640:0.image?psm=motor.pc_sh.api,883b2d0d3849519b7fa09828,1,0,,090f1beca7249bd6bab695a0,dongchedi_usedcar_series,2026-07-08T22:04:53+08:00
499,44,法拉利,法拉利612,https://p3-dcd.byteimg.com/motor-mis-img/04f13002555ea82a99291a1365f3e791~tplv-f042mdwyw7-original:tplv-resize:640:0.image?psm=motor.pc_sh.api,64bcd9748d726a04e587aaa8,1,0,,6cca2c68800e163c1c29848d,dongchedi_usedcar_series,2026-07-08T22:04:53+08:00
500,44,法拉利,法拉利599,https://p3-dcd.byteimg.com/motor-mis-img/bcf94ac59fa234ae8a943f7ae964efda~tplv-f042mdwyw7-original:tplv-resize:640:0.image?psm=motor.pc_sh.api,0c83d5a9a0c65fb704af9f04,1,0,,da611da26b0caafb27ce96a5,dongchedi_usedcar_series,2026-07-08T22:04:53+08:00
501,44,法拉利,法拉利458,https://p3-dcd.byteimg.com/motor-mis-img/20410a4131934c5b78e0e50b43bfdee8~tplv-f042mdwyw7-original:tplv-resize:640:0.image?psm=motor.pc_sh.api,a33ddb6b952b3e45e0da6303,1,0,,ce36129b422d9b84a119c6d7,dongchedi_usedcar_series,2026-07-08T22:04:53+08:00
502,44,法拉利,法拉利FF,https://p3-dcd.byteimg.com/motor-mis-img/c8301dea453fd4e7a5b9c51f07f176d4~tplv-f042mdwyw7-original:tplv-resize:640:0.image?psm=motor.pc_sh.api,13969a496fc05572535ca87f,1,0,,00adbb5ef68af205f8acfc28,dongchedi_usedcar_series,2026-07-08T22:04:53+08:00
503,44,法拉利,法拉利812,https://p3-dcd.byteimg.com/motor-mis-img/f59669b6142978d7f5ad5846739a4ac3~tplv-f042mdwyw7-original:tplv-resize:640:0.image?psm=motor.pc_sh.api,71e746b5be66624d9d6c930c,1,0,,7c24f1f07762366114d03ff9,dongchedi_usedcar_series,2026-07-08T22:04:53+08:00
504,56,菲亚特,菲亚特500,https://p3-dcd.byteimg.com/tos-cn-i-dcdx/9431a26e6dd5406ca9a86fca8026f39f~tplv-f042mdwyw7-original:tplv-resize:640:0.image?psm=motor.pc_sh.api,9f7dd273a121e6bb84d441e8,1,0,,df6777d7e2a0aa5c279d7949,dongchedi_usedcar_series,2026-07-08T22:04:53+08:00
506,56,菲亚特,博悦,https://p3-dcd.byteimg.com/motor-mis-img/642650b0981cf903752d9b4ff61a342f~tplv-f042mdwyw7-original:tplv-resize:640:0.image?psm=motor.pc_sh.api,dda3fce4420167d7b34a9f45,1,0,,cf1822d21e610d144c7e119b,dongchedi_usedcar_series,2026-07-08T22:04:53+08:00
509,56,菲亚特,致悦,https://p3-dcd.byteimg.com/motor-mis-img/e81101ad5acc79e0cdde09871b59e532~tplv-f042mdwyw7-original:tplv-resize:640:0.image?psm=motor.pc_sh.api,6fde78b7713f858ce80cc1f5,1,0,,da71c52f8392113711f6a9ba,dongchedi_usedcar_series,2026-07-08T22:04:53+08:00
510,56,菲亚特,菲翔,https://p3-dcd.byteimg.com/motor-mis-img/2a009620fdf959d607ad12091a33ccf9~tplv-f042mdwyw7-original:tplv-resize:640:0.image?psm=motor.pc_sh.api,29affb6430ed1336bf3de7bb,1,0,,85a5585b60cd220d3af9d114,dongchedi_usedcar_series,2026-07-08T22:04:53+08:00
515,5,丰田,凯美瑞(海外),https://p3-dcd.byteimg.com/tos-cn-i-dcdx/051251b7b906445696a04388302705b9~tplv-f042mdwyw7-original:tplv-resize:640:0.image?psm=motor.pc_sh.api,99b64190b7dcd81cb2ab6ec9,1,0,,d00c5177721c9c6f376cdf47,dongchedi_usedcar_series,2026-07-08T22:04:53+08:00
516,5,丰田,丰田RAV4(进口),https://p3-dcd.byteimg.com/tos-cn-i-dcdx/69fced5140bb4193bbecc8dc550950bc~tplv-f042mdwyw7-original:tplv-resize:640:0.image?psm=motor.pc_sh.api,8ff20b86a8f828ef000da3d0,1,0,,a72fe004a35fbc42c657fcdf,dongchedi_usedcar_series,2026-07-08T22:04:53+08:00
517,5,丰田,FJ 酷路泽,https://p3-dcd.byteimg.com/tos-cn-i-dcdx/66f7fe81078847e4a8bf0e14b4144bd8~tplv-f042mdwyw7-original:tplv-resize:640:0.image?psm=motor.pc_sh.api,e90a4e39b46b005995aa9a38,1,0,,438e013828490d50260a4638,dongchedi_usedcar_series,2026-07-08T22:04:53+08:00
518,5,丰田,威飒(进口),https://p3-dcd.byteimg.com/tos-cn-i-dcdx/0eeedc20d2554d56a87262c55378952b~tplv-f042mdwyw7-original:tplv-resize:640:0.image?psm=motor.pc_sh.api,1dab816c815628691f281759,1,0,,7a35a085b2778d22de0a3919,dongchedi_usedcar_series,2026-07-08T22:04:53+08:00
519,5,丰田,Fortuner,https://p3-dcd.byteimg.com/tos-cn-i-dcdx/e88cfc68a41a4650bb2d938bee2b60be~tplv-f042mdwyw7-original:tplv-resize:640:0.image?psm=motor.pc_sh.api,f8c5af3f454da6d851b8bba1,1,0,,9fcd6cc7e72ff48253b2609f,dongchedi_usedcar_series,2026-07-08T22:04:53+08:00
520,5,丰田,汉兰达(进口),https://p3-dcd.byteimg.com/tos-cn-i-dcdx/11690301d9c84b6e9b9ee4055ec36b68~tplv-f042mdwyw7-original:tplv-resize:640:0.image?psm=motor.pc_sh.api,bf7c380798a61eb450dfd6c0,1,0,,6ae305e30dc9b7b596530992,dongchedi_usedcar_series,2026-07-08T22:04:53+08:00
521,5,丰田,普拉多(进口),https://p3-dcd.byteimg.com/tos-cn-i-dcdx/038fc967e39f46d7b28dc2f7a0b5e4e3~tplv-f042mdwyw7-original:tplv-resize:640:0.image?psm=motor.pc_sh.api,1198d200f860d703589a30cc,1,0,,ad61f778637179a7749caa18,dongchedi_usedcar_series,2026-07-08T22:04:53+08:00
522,5,丰田,兰德酷路泽(进口),https://p3-dcd.byteimg.com/tos-cn-i-dcdx/ebdfdd85750143c0863e194ff212e776~tplv-f042mdwyw7-original:tplv-resize:640:0.image?psm=motor.pc_sh.api,6cb22e8afc1aef5461514652,1,0,,1b409cc221b89b92694fa837,dongchedi_usedcar_series,2026-07-08T22:04:53+08:00
523,5,丰田,红杉,https://p3-dcd.byteimg.com/tos-cn-i-dcdx/7f305e1a3e7546229d65c814a3fd5431~tplv-f042mdwyw7-original:tplv-resize:640:0.image?psm=motor.pc_sh.api,0aafec6498b8e6179114f3b2,1,0,,1db949a70b0b84bb5bc7423c,dongchedi_usedcar_series,2026-07-08T22:04:53+08:00
524,5,丰田,普瑞维亚,https://p3-dcd.byteimg.com/tos-cn-i-dcdx/766e1a1d9e974733b2eb979cfc792ed9~tplv-f042mdwyw7-original:tplv-resize:640:0.image?psm=motor.pc_sh.api,d6d7572c610b7ada62ec0b7e,1,0,,3eb33d1ffab73815a50eb4fe,dongchedi_usedcar_series,2026-07-08T22:04:53+08:00
525,5,丰田,埃尔法,https://p3-dcd.byteimg.com/tos-cn-i-dcdx/f6d9dca73fde4a56bc66deb8c16c6312~tplv-f042mdwyw7-original:tplv-resize:640:0.image?psm=motor.pc_sh.api,9f2727fcfa08583637c848b9,1,0,,0c37021898edd416f2edb0fb,dongchedi_usedcar_series,2026-07-08T22:04:53+08:00
526,5,丰田,Sienna,https://p3-dcd.byteimg.com/tos-cn-i-dcdx/3ca096895a814d64a0bdc5de2fc2eb0c~tplv-f042mdwyw7-original:tplv-resize:640:0.image?psm=motor.pc_sh.api,a1f812923b40843674d43ed2,1,0,,e1d7c5f83057b7bf004c1b98,dongchedi_usedcar_series,2026-07-08T22:04:53+08:00
527,5,丰田,坦途,https://p3-dcd.byteimg.com/tos-cn-i-dcdx/653a907623f544baa200c71c4d8d2ff7~tplv-f042mdwyw7-original:tplv-resize:640:0.image?psm=motor.pc_sh.api,1577b43cdbcb94b174dea982,1,0,,b9fadccb6d38b6d5eadad62d,dongchedi_usedcar_series,2026-07-08T22:04:53+08:00
528,5,丰田,杰路驰,https://p3-dcd.byteimg.com/motor-mis-img/dcecd270d328bb329d37e675434b3a8a~tplv-f042mdwyw7-original:tplv-resize:640:0.image?psm=motor.pc_sh.api,d1ec6a0717990d0376fff3f9,1,0,,a830c03b079e0d2f37da3aab,dongchedi_usedcar_series,2026-07-08T22:04:53+08:00
529,5,丰田,丰田86,https://p3-dcd.byteimg.com/tos-cn-i-dcdx/9afada8e1ec74277b0768148598fe878~tplv-f042mdwyw7-original:tplv-resize:640:0.image?psm=motor.pc_sh.api,859815846ba0cb18c403f2c4,1,0,,5de41d42e272b17b6108a29b,dongchedi_usedcar_series,2026-07-08T22:04:53+08:00
530,5,丰田,Hiace,https://p3-dcd.byteimg.com/motor-mis-img/d9c0f28f1394d7d462601a34afa020c8~tplv-f042mdwyw7-original:tplv-resize:640:0.image?psm=motor.pc_sh.api,416c6611405f75e42149a406,1,0,,e26207294895eefd14f03c30,dongchedi_usedcar_series,2026-07-08T22:04:53+08:00
531,5,丰田,雅力士,https://p3-dcd.byteimg.com/motor-mis-img/c910bb8a2f541c9271c4cf5a6d2ae0ff~tplv-f042mdwyw7-original:tplv-resize:640:0.image?psm=motor.pc_sh.api,d557e585c220b341ae0f1734,1,0,,918ea0a72e9ecc1b75c2d42f,dongchedi_usedcar_series,2026-07-08T22:04:53+08:00
532,5,丰田,YARIS L 致享,https://p3-dcd.byteimg.com/motor-mis-img/73e968bb7d93ca7617640dd4a5b29dbf~tplv-f042mdwyw7-original:tplv-resize:640:0.image?psm=motor.pc_sh.api,b5b3f80bd91fefd13e60f38c,1,0,,706754f324d0f2dfd13bbe56,dongchedi_usedcar_series,2026-07-08T22:04:53+08:00
533,5,丰田,YARIS L 致炫,https://p3-dcd.byteimg.com/motor-mis-img/0d4b71e7270960f73f1e9370febad7cc~tplv-f042mdwyw7-original:tplv-resize:640:0.image?psm=motor.pc_sh.api,34776f883fb7068f2b3f6aa2,1,0,,20f1fb168b0c77f358154db0,dongchedi_usedcar_series,2026-07-08T22:04:53+08:00
534,5,丰田,雷凌,https://p9-dcd.byteimg.com/tos-cn-i-dcdx/97d0a358d1154519879a9cc3642d2adc~tplv-resize:640:0.png?psm=motor.rank.data,db7c0e31928577bc34f09fa6,3,2,,d56e61590fe27a34a0b82609,dongchedi_ranking|dongchedi_usedcar_series,2026-07-08T22:04:53+08:00
535,5,丰田,凯美瑞,https://p9-dcd.byteimg.com/tos-cn-i-dcdx/2aab00ba5d8d42378373ea6a304e0c3d~tplv-resize:640:0.png?psm=motor.rank.data,b48fadf07bf7e4e71fb268c5,3,2,,0f311a6fea95bfc3743089b6,dongchedi_ranking|dongchedi_usedcar_series,2026-07-08T22:04:53+08:00
536,5,丰田,汉兰达,https://p9-dcd.byteimg.com/tos-cn-i-dcdx/c01c88a195ec4e568a89fc6b250ff423~tplv-resize:640:0.png?psm=motor.rank.data,ebf511d3ade523b6d7058f19,3,2,,0d432a842583ecb6a15e94a6,dongchedi_ranking|dongchedi_usedcar_series,2026-07-08T22:04:53+08:00
537,5,丰田,逸致,https://p3-dcd.byteimg.com/motor-mis-img/5a64b0ff636dc1969d36d13cdc65d52c~tplv-f042mdwyw7-original:tplv-resize:640:0.image?psm=motor.pc_sh.api,a0495ba6d5125ce792264712,1,0,,04bdb81027a74689d682e602,dongchedi_usedcar_series,2026-07-08T22:04:53+08:00
538,5,丰田,威驰,https://p3-dcd.byteimg.com/motor-mis-img/5a47279a2f425d7c1505b60d0478d9a8~tplv-f042mdwyw7-original:tplv-resize:640:0.image?psm=motor.pc_sh.api,ff38383ab7eef179c938b89e,1,0,,8de7233504893406eb5519a1,dongchedi_usedcar_series,2026-07-08T22:04:53+08:00
539,5,丰田,威驰FS,https://p3-dcd.byteimg.com/motor-mis-img/1c65e3ac4deae8b92f41852fe283989a~tplv-f042mdwyw7-original:tplv-resize:640:0.image?psm=motor.pc_sh.api,8c62eed7f177c96ee4ea48b0,1,0,,16b748f840b12035e541b8ef,dongchedi_usedcar_series,2026-07-08T22:04:53+08:00
540,5,丰田,花冠,https://p3-dcd.byteimg.com/motor-mis-img/9ccebda02a0bfdb8404e85eae607d9df~tplv-f042mdwyw7-original:tplv-resize:640:0.image?psm=motor.pc_sh.api,1eb727541a48b357a29d2856,1,0,,55d2bf14481d424aab1191ab,dongchedi_usedcar_series,2026-07-08T22:04:53+08:00
541,5,丰田,普锐斯,https://p3-dcd.byteimg.com/motor-mis-img/376a8d148a68959e6ecf2a982c99400a~tplv-f042mdwyw7-original:tplv-resize:640:0.image?psm=motor.pc_sh.api,e8a8780791477eaf442ec00a,1,0,,15db7ad80bb38beed5e5abd0,dongchedi_usedcar_series,2026-07-08T22:04:53+08:00
542,5,丰田,卡罗拉,https://p9-dcd.byteimg.com/tos-cn-i-dcdx/ba722f1719804375b600d5c5a8de0640~tplv-resize:640:0.png?psm=motor.rank.data,31075e368578aa1652b4ce50,3,2,,e9f64134b37f071d8d346a6f,dongchedi_ranking|dongchedi_usedcar_series,2026-07-08T22:04:53+08:00
543,5,丰田,锐志,https://p3-dcd.byteimg.com/motor-mis-img/32026b6d48ec279e2f30333ef63256e9~tplv-f042mdwyw7-original:tplv-resize:640:0.image?psm=motor.pc_sh.api,19d116f0cf09bbeb6f1c8dd2,1,0,,7e291f462260f8cb61e952f1,dongchedi_usedcar_series,2026-07-08T22:04:53+08:00
544,5,丰田,皇冠,https://p3-dcd.byteimg.com/motor-mis-img/88b6f1f4b433fa28714e2e18ce56e405~tplv-f042mdwyw7-original:tplv-resize:640:0.image?psm=motor.pc_sh.api,ed304cb24af4319636037abf,1,0,,0fa155089c293b09f74d4721,dongchedi_usedcar_series,2026-07-08T22:04:53+08:00
545,5,丰田,特锐,https://p3-dcd.byteimg.com/motor-mis-img/6503362e6b07df28b78e8733d9c98593~tplv-f042mdwyw7-original:tplv-resize:640:0.image?psm=motor.pc_sh.api,c750fab2669b02e5c30d8820,1,0,,d480963fe19b4db488537593,dongchedi_usedcar_series,2026-07-08T22:04:53+08:00
546,5,丰田,RAV4荣放,https://p9-dcd.byteimg.com/tos-cn-i-dcdx/e8651090ef4344d1be51b524ff1904bf~tplv-resize:640:0.png?psm=motor.rank.data,1e2292dfc9de89eaa2af4953,3,2,,01f740c45e6836e261d86861,dongchedi_ranking|dongchedi_usedcar_series,2026-07-08T22:04:53+08:00
547,5,丰田,普拉多,https://p9-dcd.byteimg.com/tos-cn-i-dcdx/15fdd03eb1ca4fe48a4f1d1abfb08d49~tplv-resize:640:0.png?psm=motor.rank.data,68c8b7731a178acc93c4aa51,3,2,,ec57ee9645efbcf38610f058,dongchedi_ranking|dongchedi_usedcar_series,2026-07-08T22:04:53+08:00
548,5,丰田,兰德酷路泽,https://p3-dcd.byteimg.com/motor-mis-img/49717e915bb3fe7e9ce45ed8f85fab46~tplv-f042mdwyw7-original:tplv-resize:640:0.image?psm=motor.pc_sh.api,1bd45b83f1a07b327de6e9b3,1,0,,eaf6bd7a33b20d14562ce506,dongchedi_usedcar_series,2026-07-08T22:04:53+08:00
549,5,丰田,柯斯达,https://p3-dcd.byteimg.com/motor-mis-img/957bf66f2d0c69b70d7334dde44b6216~tplv-f042mdwyw7-original:tplv-resize:640:0.image?psm=motor.pc_sh.api,2ed4b5ff768907d986bad8d7,1,0,,4dd2f96bd418748f7f617056,dongchedi_usedcar_series,2026-07-08T22:04:53+08:00
552,122,福迪,揽福,https://p3-dcd.byteimg.com/motor-mis-img/97cb0f7ba42c46d1ca12663dbbf6271a~tplv-f042mdwyw7-original:tplv-resize:640:0.image?psm=motor.pc_sh.api,9e1277f9c6e11885f9b274bb,1,0,,4af3d7353bc59a048be3e705,dongchedi_usedcar_series,2026-07-08T22:04:53+08:00
556,122,福迪,雄师F22,https://p3-dcd.byteimg.com/motor-mis-img/e15b71742303f6231523647157e475ab~tplv-f042mdwyw7-original:tplv-resize:640:0.image?psm=motor.pc_sh.api,71aec587146843711c66f571,1,0,,4c06ce681ef58f4fd432f22b,dongchedi_usedcar_series,2026-07-08T22:04:53+08:00
558,123,新龙马汽车,新龙马汽车启腾M70,https://p9-dcd.byteimg.com/motor-mis-img/a1bbe4ab1ea3baa5b35e042c79ff6532~tplv-resize:640:0.png?psm=motor.rank.data,05db4616193d2bc5b959ccd9,2,2,,d4dc63e07ff80b57cf0e1f03,dongchedi_ranking,2026-07-08T22:04:53+08:00
560,7,福特,嘉年华(进口),https://p3-dcd.byteimg.com/motor-mis-img/70b03360cd986771253db439eecc7a21~tplv-f042mdwyw7-original:tplv-resize:640:0.image?psm=motor.pc_sh.api,8a52fd5a7990f22f8172807b,1,0,,59f4ad87516364332ace228b,dongchedi_usedcar_series,2026-07-08T22:04:53+08:00
561,7,福特,福克斯(进口),https://p3-dcd.byteimg.com/motor-mis-img/4b46d4d514dfe15d4187e79482f5f8b7~tplv-f042mdwyw7-original:tplv-resize:640:0.image?psm=motor.pc_sh.api,faab040b0af39f55ba086d7b,1,0,,b038c5e80d1827bb6b254d3e,dongchedi_usedcar_series,2026-07-08T22:04:53+08:00
562,7,福特,锐际(进口),https://p3-dcd.byteimg.com/motor-mis-img/05a1db25a79c1e8128b7821728153609~tplv-f042mdwyw7-original:tplv-resize:640:0.image?psm=motor.pc_sh.api,09b17a6733256ecf6c13243b,1,0,,69e7e324e0e2a105d5e43376,dongchedi_usedcar_series,2026-07-08T22:04:53+08:00
563,7,福特,锐界(进口),https://p3-dcd.byteimg.com/motor-mis-img/64c4af244f2497ec2fb7cfbecb5a8115~tplv-f042mdwyw7-original:tplv-resize:640:0.image?psm=motor.pc_sh.api,97bacdd91af2c847dc937e08,1,0,,d539a2fcb7e530ea45ab62e3,dongchedi_usedcar_series,2026-07-08T22:04:53+08:00
564,7,福特,探险者(进口),https://p3-dcd.byteimg.com/motor-mis-img/247069ce305cb8f654e467f73b125887~tplv-f042mdwyw7-original:tplv-resize:640:0.image?psm=motor.pc_sh.api,5ec7177cd28eedae1b404ce4,1,0,,e0ad07f7e66bcbc599171f13,dongchedi_usedcar_series,2026-07-08T22:04:53+08:00
566,7,福特,福特E350,https://p3-dcd.byteimg.com/motor-mis-img/0e6fe04ac9459e9196f46395717156bf~tplv-f042mdwyw7-original:tplv-resize:640:0.image?psm=motor.pc_sh.api,05edb09704f5ec0801c4cac5,1,0,,fec39a48f64bf913f4ec8e44,dongchedi_usedcar_series,2026-07-08T22:04:53+08:00
567,7,福特,Mustang,https://p3-dcd.byteimg.com/tos-cn-i-dcdx/a81df42544ab4026b73eb4b922967537~tplv-f042mdwyw7-original:tplv-resize:640:0.image?psm=motor.pc_sh.api,deeb7806c602c25223327dc5,1,0,,9f1eacf7a62608e4500bb197,dongchedi_usedcar_series,2026-07-08T22:04:53+08:00
568,7,福特,福特F-150,https://p3-dcd.byteimg.com/tos-cn-i-dcdx/ad1023198e574940a0d9d72e0f59f670~tplv-f042mdwyw7-original:tplv-resize:640:0.image?psm=motor.pc_sh.api,c25834e6a329e3149853fb21,1,0,,d8bf64da3c70e2a9ccb81e06,dongchedi_usedcar_series,2026-07-08T22:04:53+08:00
570,7,福特,C-MAX PHEV,https://p3-dcd.byteimg.com/motor-mis-img/af798a3eb4de9f206e2893b56c59f251~tplv-f042mdwyw7-original:tplv-resize:640:0.image?psm=motor.pc_sh.api,f8e18acb6f95bfa9e998d254,1,0,,28e368ccbcfb13c13e97185c,dongchedi_usedcar_series,2026-07-08T22:04:53+08:00
571,7,福特,福特F-150 Raptor,https://p3-dcd.byteimg.com/tos-cn-i-dcdx/f31e8522551e476f889ddf55099c898b~tplv-f042mdwyw7-original:tplv-resize:640:0.image?psm=motor.pc_sh.api,538257082a38d439c73193a1,1,0,,d91d73998e2453f9f29b91b3,dongchedi_usedcar_series,2026-07-08T22:04:53+08:00
572,7,福特,撼路者,https://p3-dcd.byteimg.com/motor-mis-img/b4919cc5ceb667da3f85cb603bde169d~tplv-f042mdwyw7-original:tplv-resize:640:0.image?psm=motor.pc_sh.api,d1d84f08a1371b117c76fb27,1,0,,c82f768cc20027799b7e2fde,dongchedi_usedcar_series,2026-07-08T22:04:53+08:00
573,7,福特,途睿欧,https://p3-dcd.byteimg.com/tos-cn-i-dcdx/14c65fe6c78648d98181e94d165541f1~tplv-resize:640:0.png?psm=motor.rank.data,043472165595cfe5077fedf4,2,1,,c1418f6b173db8a202d22775,dongchedi_ranking|dongchedi_usedcar_series,2026-07-08T22:04:53+08:00
574,7,福特,新世代全顺,https://p3-dcd.byteimg.com/motor-mis-img/c05b4671f3844439c6beae86526c6592~tplv-f042mdwyw7-original:tplv-resize:640:0.image?psm=motor.pc_sh.api,a8b55c8522ce984022c3301f,1,0,,c454351400425a019cebdfbd,dongchedi_usedcar_series,2026-07-08T22:04:53+08:00
575,7,福特,全顺,https://p3-dcd.byteimg.com/tos-cn-i-dcdx/f6bd418d78504df48a8437e067bece74~tplv-f042mdwyw7-original:tplv-resize:640:0.image?psm=motor.pc_sh.api,b42549207165e1c8b4290489,1,0,,1699c4bf00091ecb23b30ca5,dongchedi_usedcar_series,2026-07-08T22:04:53+08:00
576,7,福特,嘉年华,https://p3-dcd.byteimg.com/motor-mis-img/6d4c48347e7f1c49a9f0deec083bb60d~tplv-f042mdwyw7-original:tplv-resize:640:0.image?psm=motor.pc_sh.api,0438d4874b70e293900e020b,1,0,,e5a169ade909edba9954f4a7,dongchedi_usedcar_series,2026-07-08T22:04:53+08:00
577,7,福特,福克斯,https://p3-dcd.byteimg.com/motor-mis-img/afc56a676f2fa14ec1dff1f943016eab~tplv-f042mdwyw7-original:tplv-resize:640:0.image?psm=motor.pc_sh.api,f9487f7a2da7d54fd786820a,1,0,,ff3340b6b1bf6db088484314,dongchedi_usedcar_series,2026-07-08T22:04:53+08:00
578,7,福特,福睿斯,https://p3-dcd.byteimg.com/motor-mis-img/54c49731f4a088f58c0fe095498238a4~tplv-f042mdwyw7-original:tplv-resize:640:0.image?psm=motor.pc_sh.api,0a428999578e5e5de6b39a05,1,0,,980667e1bdde0473cbc067bc,dongchedi_usedcar_series,2026-07-08T22:04:53+08:00
579,7,福特,蒙迪欧,https://p9-dcd.byteimg.com/tos-cn-i-dcdx/f36400509ecb4bf49b2732849dbd15c6~tplv-resize:640:0.png?psm=motor.rank.data,2f153a0b967cfbd382a9d483,3,2,,426749bc7195bfb9651f7aaf,dongchedi_ranking|dongchedi_usedcar_series,2026-07-08T22:04:53+08:00
580,7,福特,致胜,https://p3-dcd.byteimg.com/motor-mis-img/245a9b49c43f6841e91e15bcde4e691c~tplv-f042mdwyw7-original:tplv-resize:640:0.image?psm=motor.pc_sh.api,6b6141d385e82191549e81ad,1,0,,b62b577c034b1ea3259c7dd3,dongchedi_usedcar_series,2026-07-08T22:04:53+08:00
581,7,福特,蒙迪欧-致胜,https://p3-dcd.byteimg.com/motor-mis-img/a4f814cb9808568aa7779699b921e61c~tplv-f042mdwyw7-original:tplv-resize:640:0.image?psm=motor.pc_sh.api,c91ec24ef6561c1a9d44b8b7,1,0,,32814b5cbf820ced58815bdb,dongchedi_usedcar_series,2026-07-08T22:04:53+08:00
582,7,福特,金牛座,https://p3-dcd.byteimg.com/motor-mis-img/c72814e66befdc6ba93f344fc6a7b690~tplv-f042mdwyw7-original:tplv-resize:640:0.image?psm=motor.pc_sh.api,7500c31dfd1ac50ffea79614,1,0,,a07cc26ae940321ee73c2347,dongchedi_usedcar_series,2026-07-08T22:04:53+08:00
583,7,福特,翼搏,https://p3-dcd.byteimg.com/motor-mis-img/f61b61b2acd200efd527e9a8dc18f68c~tplv-f042mdwyw7-original:tplv-resize:640:0.image?psm=motor.pc_sh.api,e916f1f9bbee8b911cc7b650,1,0,,66971f4e203508a87f8485b3,dongchedi_usedcar_series,2026-07-08T22:04:53+08:00
584,7,福特,翼虎,https://p3-dcd.byteimg.com/motor-mis-img/a22ed0dfd494101df230b81662f1c72e~tplv-f042mdwyw7-original:tplv-resize:640:0.image?psm=motor.pc_sh.api,a0632a3be7d191c334280c31,1,0,,22a327bdbe4e6c62592166c2,dongchedi_usedcar_series,2026-07-08T22:04:53+08:00
585,7,福特,锐界,https://p9-dcd.byteimg.com/tos-cn-i-dcdx/a628c6b405fa45d7b3c8605947e6d2f3~tplv-resize:640:0.png?psm=motor.rank.data,f63be8bdfc533253f3da209a,3,2,,27506b237837cce400e7ad6b,dongchedi_ranking|dongchedi_usedcar_series,2026-07-08T22:04:53+08:00
586,7,福特,麦柯斯,https://p3-dcd.byteimg.com/motor-mis-img/50ba09c0cab14ec4e9cb90474c5c4df3~tplv-f042mdwyw7-original:tplv-resize:640:0.image?psm=motor.pc_sh.api,574ef860f9a4e0e5d0b33ce3,1,0,,31478660898d1b50c3a2d295,dongchedi_usedcar_series,2026-07-08T22:04:53+08:00
591,57,福田,福田风景,https://p9-dcd.byteimg.com/motor-mis-img/fb046857cfd39b3fc71bc531552d78f3~tplv-f042mdwyw7-original:tplv-resize:640:0.image?psm=motor.pc_sh.api,55212b7c5a108bf82c58801b,1,0,,61bcdb2b48ad273ddf9de038,dongchedi_usedcar_series,2026-07-08T22:04:53+08:00
592,57,福田,蒙派克E,https://p9-dcd.byteimg.com/motor-mis-img/6fdc94c7c63028fcb6b7c0f30c38a108~tplv-f042mdwyw7-original:tplv-resize:640:0.image?psm=motor.pc_sh.api,969eef9cc6a5ed9c7f5de28d,1,0,,e6c7eda74a6827331a7d1cea,dongchedi_usedcar_series,2026-07-08T22:04:53+08:00
594,57,福田,风景G7,https://p9-dcd.byteimg.com/motor-mis-img/ff0ae977eb93ae149db6bbcb9084f4bb~tplv-f042mdwyw7-original:tplv-resize:640:0.image?psm=motor.pc_sh.api,c59bb13afad032da64fb255c,1,0,,abe503c153d6ca41f709264b,dongchedi_usedcar_series,2026-07-08T22:04:53+08:00
595,57,福田,风景G9,https://p9-dcd.byteimg.com/motor-mis-img/c50a6337d6dce92b5b3d30d1f31d7ab9~tplv-f042mdwyw7-original:tplv-resize:640:0.image?psm=motor.pc_sh.api,61c7ad196eb40cf397c5ac77,1,0,,5ce77ce80884155757fcaabf,dongchedi_usedcar_series,2026-07-08T22:04:53+08:00
596,57,福田,萨瓦纳,https://p9-dcd.byteimg.com/motor-mis-img/013bafc25b9727563e8b323183ce8f01~tplv-f042mdwyw7-original:tplv-resize:640:0.image?psm=motor.pc_sh.api,416773f136d9e2cc360c066c,1,0,,db125ba799366b27b4c9d02a,dongchedi_usedcar_series,2026-07-08T22:04:53+08:00
599,57,福田,拓陆者,https://p9-dcd.byteimg.com/motor-mis-img/d9925b308ff70f33f762d6c557ed8f0f~tplv-f042mdwyw7-original:tplv-resize:640:0.image?psm=motor.pc_sh.api,55c5e28fc012bcc1b4281ff7,1,0,,2d3a1c43bc23421a284d5b41,dongchedi_usedcar_series,2026-07-08T22:04:53+08:00
600,57,福田,伽途ix7,https://p9-dcd.byteimg.com/motor-mis-img/973b33f28a6159fb8adbec768ca74ccd~tplv-f042mdwyw7-original:tplv-resize:640:0.image?psm=motor.pc_sh.api,702fcfdeab7dfbf740a35e38,1,0,,da5dcebf7ecdff9f9ba7563b,dongchedi_usedcar_series,2026-07-08T22:04:53+08:00
601,57,福田,伽途ix5,https://p9-dcd.byteimg.com/motor-mis-img/bc4c2c103dc6ede78011811aba6f5d7c~tplv-f042mdwyw7-original:tplv-resize:640:0.image?psm=motor.pc_sh.api,24af1b555d3e4e957b1ef0ae,1,0,,c4895b279f54f69e41f0514a,dongchedi_usedcar_series,2026-07-08T22:04:53+08:00
602,58,观致,观致3,https://p9-dcd.byteimg.com/motor-mis-img/547b5a367d9a6c75a6a8186719fb7406~tplv-f042mdwyw7-original:tplv-resize:640:0.image?psm=motor.pc_sh.api,69194df81fc463f94eb45f69,1,0,,0921d6a2c89ba9de624e86b4,dongchedi_usedcar_series,2026-07-08T22:04:53+08:00
603,58,观致,观致5,https://p9-dcd.byteimg.com/motor-mis-img/55e86a5fa6612408279e36397d17e508~tplv-f042mdwyw7-original:tplv-resize:640:0.image?psm=motor.pc_sh.api,cf545cebebebe38250bf04e0,1,0,,33ee69fb196ccc0e91944e50,dongchedi_usedcar_series,2026-07-08T22:04:53+08:00
605,124,光冈,女王,https://p3-dcd.byteimg.com/motor-mis-img/719c8e7ea71dca0d804f8ab4721bb8c2~tplv-f042mdwyw7-original:tplv-resize:640:0.image?psm=motor.pc_sh.api,8b00efc3826a83a5b005f2ac,1,0,,b53de8fa4565ba3fb952e66f,dongchedi_usedcar_series,2026-07-08T22:04:53+08:00
606,124,光冈,嘉路,https://p3-dcd.byteimg.com/motor-mis-img/1d4306f7d1f064668483e38bf0b8a774~tplv-f042mdwyw7-original:tplv-resize:640:0.image?psm=motor.pc_sh.api,dc22d83782da33dbe2610d31,1,0,,4bf8f63d53acd68b0c7856f2,dongchedi_usedcar_series,2026-07-08T22:04:53+08:00
608,40,广汽传祺,传祺GA3,https://p3-dcd.byteimg.com/motor-mis-img/2efc45f7513ccf4714e2b1ff0fbdd586~tplv-f042mdwyw7-original:tplv-resize:640:0.image?psm=motor.pc_sh.api,2204c2184b2cad4cd9e45532,1,0,,61d9f77fd84c6b050aa61206,dongchedi_usedcar_series,2026-07-08T22:04:53+08:00
609,40,广汽传祺,传祺GA3S视界,https://p3-dcd.byteimg.com/motor-mis-img/ed440d92295ff8638d0a384d277be690~tplv-f042mdwyw7-original:tplv-resize:640:0.image?psm=motor.pc_sh.api,3f7fb385ed4ac2d3056a0a07,1,0,,b99b627d12ddba898d69148c,dongchedi_usedcar_series,2026-07-08T22:04:53+08:00
611,40,广汽传祺,传祺GA5,https://p3-dcd.byteimg.com/motor-mis-img/e9ffd12621fb1d5c45063738de44fd31~tplv-f042mdwyw7-original:tplv-resize:640:0.image?psm=motor.pc_sh.api,9a49644600799c5499f81728,1,0,,3e96656ecee03da2baa00cd3,dongchedi_usedcar_series,2026-07-08T22:04:53+08:00
612,40,广汽传祺,传祺GA6,https://p3-dcd.byteimg.com/motor-mis-img/289c5325172fcb97b329b2804c3b5cca~tplv-f042mdwyw7-original:tplv-resize:640:0.image?psm=motor.pc_sh.api,de8754b3be206671652c3593,1,0,,f6f31d79457751e3a9fcd329,dongchedi_usedcar_series,2026-07-08T22:04:53+08:00
613,40,广汽传祺,传祺GA8,https://p3-dcd.byteimg.com/motor-mis-img/911cc4fa34ff545a5f7b8806299169a0~tplv-f042mdwyw7-original:tplv-resize:640:0.image?psm=motor.pc_sh.api,925aa995b06c935648c811d3,1,0,,2fccb8ce061bf081577c02e9,dongchedi_usedcar_series,2026-07-08T22:04:53+08:00
614,40,广汽传祺,传祺GS5,https://p3-dcd.byteimg.com/motor-mis-img/6f27f00629f8b81b2ad55eac091327dd~tplv-f042mdwyw7-original:tplv-resize:640:0.image?psm=motor.pc_sh.api,a3d9cb630c9c3795204ec062,1,0,,c98605e3ec3fa43b615be97a,dongchedi_usedcar_series,2026-07-08T22:04:53+08:00
615,40,广汽传祺,传祺GS5 Super,https://p3-dcd.byteimg.com/motor-mis-img/6382060d93e34645789d25c5a6422718~tplv-f042mdwyw7-original:tplv-resize:640:0.image?psm=motor.pc_sh.api,d2930e67907f9e3a0ac510bf,1,0,,b090fe16dc6e5bbbfa8a73c2,dongchedi_usedcar_series,2026-07-08T22:04:53+08:00
616,40,广汽传祺,传祺GS4,https://p9-dcd.byteimg.com/tos-cn-i-dcdx/3a5e2422597647f882593d68647ec164~tplv-resize:640:0.png?psm=motor.rank.data,3be0bfe9db6af58b24f377d2,3,2,,4767fcc682a02cf3c240da70,dongchedi_ranking|dongchedi_usedcar_series,2026-07-08T22:04:53+08:00
617,40,广汽传祺,传祺GS8,https://p9-dcd.byteimg.com/motor-mis-img/bef1e4e3b0a6fa8de3a3887dcaaad449~tplv-resize:640:0.png?psm=motor.rank.data,be8b66382fc5a696ae925e3e,3,2,,6b88beb29b2728e601a5b206,dongchedi_ranking|dongchedi_usedcar_series,2026-07-08T22:04:53+08:00
624,97,广汽吉奥,广汽吉奥GX6,https://p3-dcd.byteimg.com/motor-mis-img/ef401965a3188532cf51d5cea4770f38~tplv-f042mdwyw7-original:tplv-resize:640:0.image?psm=motor.pc_sh.api,84063c70c389d292e4ba2921,1,0,,89ca7c56c2a48ec328398a37,dongchedi_usedcar_series,2026-07-08T22:04:53+08:00
625,97,广汽吉奥,星朗,https://p3-dcd.byteimg.com/motor-mis-img/b661686734cf682affca7171a7260cc5~tplv-f042mdwyw7-original:tplv-resize:640:0.image?psm=motor.pc_sh.api,1a8a72ead5f464f07d8322e2,1,0,,93b581d56858702800a9502e,dongchedi_usedcar_series,2026-07-08T22:04:53+08:00
644,17,哈弗,哈弗H1,https://p9-dcd.byteimg.com/motor-mis-img/1fd016e7163ba0170726132a3145c304~tplv-f042mdwyw7-original:tplv-resize:640:0.image?psm=motor.pc_sh.api,e24613b88ff6773c49884a4b,1,0,,5490de680b912d59ae1be6f6,dongchedi_usedcar_series,2026-07-08T22:04:53+08:00
645,17,哈弗,哈弗H2s,https://p9-dcd.byteimg.com/motor-mis-img/3b4c39f1a6988cdfe2f7250d07e06654~tplv-f042mdwyw7-original:tplv-resize:640:0.image?psm=motor.pc_sh.api,5edb088ea9bafebc6a53dfd8,1,0,,7572c7764428d2476032ee71,dongchedi_usedcar_series,2026-07-08T22:04:53+08:00
646,17,哈弗,哈弗H2,https://p9-dcd.byteimg.com/motor-mis-img/a2e725cddff7ec1fe63161b7a80aee53~tplv-f042mdwyw7-original:tplv-resize:640:0.image?psm=motor.pc_sh.api,7c12fadec243be135d9a557e,1,0,,20de1ba1183ae766df79744b,dongchedi_usedcar_series,2026-07-08T22:04:53+08:00
647,17,哈弗,哈弗H3,https://p9-dcd.byteimg.com/motor-mis-img/3bf11f74937009f44cdaee865154def5~tplv-f042mdwyw7-original:tplv-resize:640:0.image?psm=motor.pc_sh.api,bcd80a880e1a95b48ee79bd8,1,0,,e4351be7ea5b0db8fae1d430,dongchedi_usedcar_series,2026-07-08T22:04:53+08:00
648,17,哈弗,哈弗H5经典,https://p9-dcd.byteimg.com/motor-mis-img/f05ca062801b9448ef0204ef6e3dab0b~tplv-f042mdwyw7-original:tplv-resize:640:0.image?psm=motor.pc_sh.api,47f9dcb6eec085dda4d2a0b1,1,0,,c94884b779a841267c801ea2,dongchedi_usedcar_series,2026-07-08T22:04:53+08:00
649,17,哈弗,哈弗H6,https://p9-dcd.byteimg.com/tos-cn-i-dcdx/be2cce16d9b7464d9b1fdb33556ab574~tplv-resize:640:0.png?psm=motor.rank.data,de1344a1ab9a21ec9acfc1de,3,2,,182f5bc5fd177993cb755190,dongchedi_ranking|dongchedi_usedcar_series,2026-07-08T22:04:53+08:00
650,17,哈弗,哈弗H6 Coupe,https://p9-dcd.byteimg.com/motor-mis-img/05b1560defc613d129a066b595243939~tplv-f042mdwyw7-original:tplv-resize:640:0.image?psm=motor.pc_sh.api,cd34813d06992ca4b3207ad6,1,0,,a2eccd22142cfbfa520cbc73,dongchedi_usedcar_series,2026-07-08T22:04:53+08:00
651,17,哈弗,哈弗H7,https://p9-dcd.byteimg.com/motor-mis-img/da65046447093695364b5d01d7bb5dc6~tplv-f042mdwyw7-original:tplv-resize:640:0.image?psm=motor.pc_sh.api,805655b3467adce472ec6761,1,0,,fa5f1524334a67c650dfe25f,dongchedi_usedcar_series,2026-07-08T22:04:53+08:00
652,17,哈弗,哈弗H8,https://p9-dcd.byteimg.com/motor-mis-img/33055397e6856aae29835e5dfcb23034~tplv-f042mdwyw7-original:tplv-resize:640:0.image?psm=motor.pc_sh.api,ad1edbc056053e7043933d0a,1,0,,88bac647f4e9219ed36a8b95,dongchedi_usedcar_series,2026-07-08T22:04:53+08:00
653,17,哈弗,哈弗H9,https://p9-dcd.byteimg.com/tos-cn-i-dcdx/39d4f753881f4cb3bcd764d95f3a599a~tplv-resize:640:0.png?psm=motor.rank.data,a6b748fe67418d922741ff68,3,2,,d7cfe79948bf7f6b2d599d44,dongchedi_ranking|dongchedi_usedcar_series,2026-07-08T22:04:53+08:00
656,125,海格,海格H5C,https://p9-dcd.byteimg.com/motor-mis-img/db455451f3a7ff99af8e5180e4a387d8~tplv-f042mdwyw7-original:tplv-resize:640:0.image?psm=motor.pc_sh.api,46972eb1af4a30c2b210095f,1,0,,2443b8a3f3332db479bcba9c,dongchedi_usedcar_series,2026-07-08T22:04:53+08:00
657,125,海格,海格H7V,https://p9-dcd.byteimg.com/motor-mis-img/a65ee7ea0f16b550b856b46a4d976144~tplv-f042mdwyw7-original:tplv-resize:640:0.image?psm=motor.pc_sh.api,b6452326805e4f7e7fb29392,1,0,,eb56ef909836753c7ba80ffc,dongchedi_usedcar_series,2026-07-08T22:04:53+08:00
659,125,海格,海格H6C,https://p9-dcd.byteimg.com/motor-mis-img/4d9f391a192d4aae997c26d2d0babf89~tplv-f042mdwyw7-original:tplv-resize:640:0.image?psm=motor.pc_sh.api,2844ab353f19e3391169b645,1,0,,2c779b0dfe809944280afcc9,dongchedi_usedcar_series,2026-07-08T22:04:53+08:00
661,53,海马,丘比特,https://p9-dcd.byteimg.com/motor-mis-img/570ac844563db22a2c4ea42e8635c7a0~tplv-f042mdwyw7-original:tplv-resize:640:0.image?psm=motor.pc_sh.api,89a866dbe335dc856168a0ff,1,0,,014cc48a562b4ceb0582a970,dongchedi_usedcar_series,2026-07-08T22:04:53+08:00
662,53,海马,福美来,https://p9-dcd.byteimg.com/motor-mis-img/64f797c3cb00b72115d5999db1303d7f~tplv-f042mdwyw7-original:tplv-resize:640:0.image?psm=motor.pc_sh.api,b31eec0a030817b2ddba7315,1,0,,0a0b85413fa8a08659f590df,dongchedi_usedcar_series,2026-07-08T22:04:53+08:00
666,53,海马,海马M8,https://p9-dcd.byteimg.com/motor-mis-img/8adf386eb9ecf496fc17820fa2db8c57~tplv-f042mdwyw7-original:tplv-resize:640:0.image?psm=motor.pc_sh.api,756b542f1e54589b5457c2c8,1,0,,aeb48099223284136f2aa4fb,dongchedi_usedcar_series,2026-07-08T22:04:53+08:00
668,53,海马,海马S7,https://p9-dcd.byteimg.com/motor-mis-img/9c9a40ed2a28852dc26a57c386a298cb~tplv-f042mdwyw7-original:tplv-resize:640:0.image?psm=motor.pc_sh.api,d8a1a83ce761483bae551887,1,0,,70505cf83d4cffe4eb597488,dongchedi_usedcar_series,2026-07-08T22:04:53+08:00
669,53,海马,福美来MPV,https://p9-dcd.byteimg.com/motor-mis-img/42dbb116211c971a45400f19966569dd~tplv-f042mdwyw7-original:tplv-resize:640:0.image?psm=motor.pc_sh.api,0ca196ca3ee32cd8926f06e4,1,0,,c0dafa8eeac72ba40dd25b31,dongchedi_usedcar_series,2026-07-08T22:04:53+08:00
671,53,海马,普力马,https://p9-dcd.byteimg.com/motor-mis-img/ff75e0e755aefcb5952315077e59f7c3~tplv-f042mdwyw7-original:tplv-resize:640:0.image?psm=motor.pc_sh.api,8f46f383bf91b77869bcb3ed,1,0,,80b7ba5402a0f55cc1b21f28,dongchedi_usedcar_series,2026-07-08T22:04:53+08:00
672,53,海马,海马V70,https://p9-dcd.byteimg.com/motor-mis-img/05f23f7099e4d3710da0304e029e9e4c~tplv-f042mdwyw7-original:tplv-resize:640:0.image?psm=motor.pc_sh.api,37a6cdd6e05a6e0adc88aeab,1,0,,0a4b11aa0bd3e45da6efba49,dongchedi_usedcar_series,2026-07-08T22:04:53+08:00
675,53,海马,海马M3,https://p9-dcd.byteimg.com/motor-mis-img/c78db2b9374e08a0749c8b2706c55d34~tplv-f042mdwyw7-original:tplv-resize:640:0.image?psm=motor.pc_sh.api,5f8ab077505de00145eecfc2,1,0,,34276d406a77324138225e3f,dongchedi_usedcar_series,2026-07-08T22:04:53+08:00
677,53,海马,海马M6,https://p9-dcd.byteimg.com/motor-mis-img/2c3e318fbe32c339d66f77bcf879be95~tplv-f042mdwyw7-original:tplv-resize:640:0.image?psm=motor.pc_sh.api,3dff0bf234383e1d30615313,1,0,,9d8c7076fd212b6f820b6e85,dongchedi_usedcar_series,2026-07-08T22:04:53+08:00
678,53,海马,海马S5青春版,https://p9-dcd.byteimg.com/motor-mis-img/7b9057f2d3d27f128d4b70f176608e1a~tplv-f042mdwyw7-original:tplv-resize:640:0.image?psm=motor.pc_sh.api,7ea01e73f557b802df89b9bb,1,0,,f56c892e54c41a94982cd76a,dongchedi_usedcar_series,2026-07-08T22:04:53+08:00
679,53,海马,海马S5,https://p9-dcd.byteimg.com/motor-mis-img/3dfc3112a614b33410383b3e56ea4b90~tplv-f042mdwyw7-original:tplv-resize:640:0.image?psm=motor.pc_sh.api,b05f038adfc91a8ed3fd1c07,1,0,,ed206c5e3bc430d45455e00e,dongchedi_usedcar_series,2026-07-08T22:04:53+08:00
682,126,汉腾汽车,汉腾X7,https://p9-dcd.byteimg.com/motor-mis-img/346e444b0b7807df3afcdd666c9e2d69~tplv-f042mdwyw7-original:tplv-resize:640:0.image?psm=motor.pc_sh.api,bdcf11d9caaa10119e738677,1,0,,14f5ec8087ccc16bb4f78753,dongchedi_usedcar_series,2026-07-08T22:04:53+08:00
683,49,悍马,悍马H2,https://p3-dcd.byteimg.com/motor-mis-img/96b2da6afa6abadceaf86c973a280f81~tplv-f042mdwyw7-original:tplv-resize:640:0.image?psm=motor.pc_sh.api,a13c0758a9a1fe2a4a8fe5bc,1,0,,a9a2785bdd0d74c9f212a9f3,dongchedi_usedcar_series,2026-07-08T22:04:53+08:00
684,49,悍马,悍马H3,https://p3-dcd.byteimg.com/motor-mis-img/bce88005eae639954edd723585380057~tplv-f042mdwyw7-original:tplv-resize:640:0.image?psm=motor.pc_sh.api,9649d89ca3c434c42776a9b2,1,0,,e83dcf27ee007ffe93023eee,dongchedi_usedcar_series,2026-07-08T22:04:53+08:00
689,59,红旗,红旗盛世,https://p3-dcd.byteimg.com/motor-mis-img/b635a0a45490b66b3443f8c6ab9797a7~tplv-f042mdwyw7-original:tplv-resize:640:0.image?psm=motor.pc_sh.api,d2607022e0a0d5dc69557704,1,0,,2d23e96db6d55dfc3e8e3863,dongchedi_usedcar_series,2026-07-08T22:04:53+08:00
690,59,红旗,红旗H7,https://p3-dcd.byteimg.com/motor-mis-img/78023a6567ddb717ea22b1f44fd9d4d3~tplv-f042mdwyw7-original:tplv-resize:640:0.image?psm=motor.pc_sh.api,879058830deed3896149dd1f,1,0,,5890b2b2ac3edf56baccb7e1,dongchedi_usedcar_series,2026-07-08T22:04:53+08:00
691,59,红旗,红旗金葵花国礼,https://p9-dcd.byteimg.com/tos-cn-i-dcdx/0bdabb9fcffe40119db7a06cdc9b2c03~tplv-resize:640:0.png?psm=motor.rank.data,fdbc57d08e167a642905c144,3,2,,8b46a4b842ae50242fa1936e,dongchedi_ranking|dongchedi_usedcar_series,2026-07-08T22:04:53+08:00
698,131,华颂,华颂7,https://p3-dcd.byteimg.com/motor-mis-img/4ddd239d37c4dd0aded32b274753762d~tplv-f042mdwyw7-original:tplv-resize:640:0.image?psm=motor.pc_sh.api,1de9a12c590e954394f98764,1,0,,c2db95b4d30bc64a17b8d1b2,dongchedi_usedcar_series,2026-07-08T22:04:53+08:00
702,72,华泰,圣达菲经典,https://p3-dcd.byteimg.com/motor-mis-img/706d0c76c82f76eaa9aa51786dfcf5e7~tplv-f042mdwyw7-original:tplv-resize:640:0.image?psm=motor.pc_sh.api,8fc477267dd96491421d8c1c,1,0,,3bdf304610e583af12c712a4,dongchedi_usedcar_series,2026-07-08T22:04:53+08:00
703,72,华泰,宝利格,https://p3-dcd.byteimg.com/motor-mis-img/a21d275255077f04adabdc54b157e9e3~tplv-f042mdwyw7-original:tplv-resize:640:0.image?psm=motor.pc_sh.api,12e9a4772f57441b30e945e9,1,0,,02ab8182d1de3c720ee49f34,dongchedi_usedcar_series,2026-07-08T22:04:53+08:00
704,72,华泰,圣达菲,https://p3-dcd.byteimg.com/motor-mis-img/95b0424d0cbe15f0d1e5a0ec281f1e26~tplv-f042mdwyw7-original:tplv-resize:640:0.image?psm=motor.pc_sh.api,ee32e149c92b5f236ad73bc9,1,0,,62b1f6380bce4722bcb0bcad,dongchedi_usedcar_series,2026-07-08T22:04:53+08:00
715,132,黄海,黄海·翔龙,https://p3-dcd.byteimg.com/tos-cn-i-dcdx/7581235bc7234cc3b62a48e91999297d~tplv-f042mdwyw7-original:tplv-resize:640:0.image?psm=motor.pc_sh.api,3295ccb8c3d350b162c9912b,1,0,,2d59a022f0b9da79d9fa3651,dongchedi_usedcar_series,2026-07-08T22:04:53+08:00
716,132,黄海,黄海·蛟龙,https://p3-dcd.byteimg.com/tos-cn-i-dcdx/643ea355186f4c21a318f6a9c04cddac~tplv-f042mdwyw7-original:tplv-resize:640:0.image?psm=motor.pc_sh.api,17d5e44c25933b90cab1e58b,1,0,,1f2f5a0c35aa67c758903865,dongchedi_usedcar_series,2026-07-08T22:04:53+08:00
717,132,黄海,瑞途,https://p3-dcd.byteimg.com/motor-mis-img/4b0b67eb96a5ce92f1030c1bbd88f2bb~tplv-f042mdwyw7-original:tplv-resize:640:0.image?psm=motor.pc_sh.api,324a73b765295d220e1ebaf2,1,0,,3993d40c23a5e172aabad5ac,dongchedi_usedcar_series,2026-07-08T22:04:53+08:00
719,73,吉利汽车,经典熊猫,https://p3-dcd.byteimg.com/motor-mis-img/284c61b221615199f93610608ba47b97~tplv-f042mdwyw7-original:tplv-resize:640:0.image?psm=motor.pc_sh.api,2b8519220b1bd81bf59414d5,1,0,,1de96621b7095db4f715a4be,dongchedi_usedcar_series,2026-07-08T22:04:53+08:00
722,73,吉利汽车,金刚,https://p3-dcd.byteimg.com/motor-mis-img/67e3ad9eb62d5c1f0a64d107e1732bf6~tplv-f042mdwyw7-original:tplv-resize:640:0.image?psm=motor.pc_sh.api,f17fdf01300ff14adb044db2,1,0,,99ec892c74b4a3d0ac20bf2c,dongchedi_usedcar_series,2026-07-08T22:04:53+08:00
729,73,吉利汽车,远景,https://p3-dcd.byteimg.com/motor-mis-img/8c30d75de16ddfb4f8f9838f72c948a8~tplv-f042mdwyw7-original:tplv-resize:640:0.image?psm=motor.pc_sh.api,560190d2b2c2cd4abafb5ce6,1,0,,4500d6908d8ee28d363d57c7,dongchedi_usedcar_series,2026-07-08T22:04:53+08:00
730,73,吉利汽车,经典帝豪,https://p3-dcd.byteimg.com/motor-mis-img/e244ecc43b039ca980ab88cbf9f535f9~tplv-f042mdwyw7-original:tplv-resize:640:0.image?psm=motor.pc_sh.api,8ab0ba7e4f589020624a17bc,1,0,,a06fa94a965960039fc22851,dongchedi_usedcar_series,2026-07-08T22:04:53+08:00
732,73,吉利汽车,海景,https://p3-dcd.byteimg.com/motor-mis-img/39759459f81c6a90c5a2427834ee0121~tplv-f042mdwyw7-original:tplv-resize:640:0.image?psm=motor.pc_sh.api,cba5a8386183e15a36614a9d,1,0,,65c94b3001e393908de197ba,dongchedi_usedcar_series,2026-07-08T22:04:53+08:00
733,73,吉利汽车,帝豪,https://p9-dcd.byteimg.com/tos-cn-i-dcdx/bc0b49cf6ce64af69812bdf57ce865ac~tplv-resize:640:0.png?psm=motor.rank.data,7e3d6a2181fef3ccb6f940ac,3,2,,14cdd8d7bc0a12b840503c51,dongchedi_ranking|dongchedi_usedcar_series,2026-07-08T22:04:53+08:00
734,73,吉利汽车,帝豪GL,https://p3-dcd.byteimg.com/motor-mis-img/566c31d6de8b80f2fb86ac26324655ad~tplv-f042mdwyw7-original:tplv-resize:640:0.image?psm=motor.pc_sh.api,e38174433dc3678fab45ee4f,1,0,,8ec0daaeddc6cd24b76571a5,dongchedi_usedcar_series,2026-07-08T22:04:53+08:00
735,264,吉利几何,帝豪EV,https://p3-dcd.byteimg.com/motor-mis-img/0fd8b1fa3b9415afad38741c159dd3e5~tplv-f042mdwyw7-original:tplv-resize:640:0.image?psm=motor.pc_sh.api,a46b08ef748864a0a123f2ff,1,0,,bc1b0a76e38740ea1d737844,dongchedi_usedcar_series,2026-07-08T22:04:53+08:00
736,73,吉利汽车,吉利GC7,https://p3-dcd.byteimg.com/motor-mis-img/799ba65cfec3222b9e47855d7d91fd0d~tplv-f042mdwyw7-original:tplv-resize:640:0.image?psm=motor.pc_sh.api,5b5ba4a0deffa78f15ecb798,1,0,,e4e884c01d46d1171d51d118,dongchedi_usedcar_series,2026-07-08T22:04:53+08:00
737,73,吉利汽车,吉利EC8,https://p3-dcd.byteimg.com/motor-mis-img/7c5f38911d6c87f399d9ec03199c3b4e~tplv-f042mdwyw7-original:tplv-resize:640:0.image?psm=motor.pc_sh.api,734ffc3c284ee78467a471ae,1,0,,14ee9fab6f43386099557294,dongchedi_usedcar_series,2026-07-08T22:04:53+08:00
739,73,吉利汽车,吉利GX7,https://p3-dcd.byteimg.com/motor-mis-img/53936a7e0bd3f769e037d4aceeea7b6b~tplv-f042mdwyw7-original:tplv-resize:640:0.image?psm=motor.pc_sh.api,581c5d9f9bc99a5372d07eb6,1,0,,65890e026134aac21245f88e,dongchedi_usedcar_series,2026-07-08T22:04:53+08:00
740,73,吉利汽车,帝豪GS,https://p3-dcd.byteimg.com/motor-mis-img/55bb4507242187eb1fc802212bb3da77~tplv-f042mdwyw7-original:tplv-resize:640:0.image?psm=motor.pc_sh.api,6cf36339226348bd297d36c4,1,0,,6cc91e7c9e61cbf1afbf7252,dongchedi_usedcar_series,2026-07-08T22:04:53+08:00
741,73,吉利汽车,博越,https://p3-dcd.byteimg.com/tos-cn-i-dcdx/93ea6752ca1e48008ea57f31450fb81f~tplv-f042mdwyw7-original:tplv-resize:640:0.image?psm=motor.pc_sh.api,ad82f7d2a4a5f6c399a9d49a,1,0,,ede01ac10283602dfde5746a,dongchedi_usedcar_series,2026-07-08T22:04:53+08:00
742,73,吉利汽车,远景X6,https://p3-dcd.byteimg.com/motor-mis-img/cf823f5d1476d6d0b5b102e8a9dbfe85~tplv-f042mdwyw7-original:tplv-resize:640:0.image?psm=motor.pc_sh.api,a950ae2545bc8f0fbd899361,1,0,,f7853f1787d71c28c7653f50,dongchedi_usedcar_series,2026-07-08T22:04:53+08:00
743,73,吉利汽车,吉利SX7,https://p3-dcd.byteimg.com/motor-mis-img/fdad648c922c0c621aaea9e95265a0bd~tplv-f042mdwyw7-original:tplv-resize:640:0.image?psm=motor.pc_sh.api,68ce5de909fd5cf062db40c1,1,0,,8865caedb9eeefa9a04860bf,dongchedi_usedcar_series,2026-07-08T22:04:53+08:00
744,73,吉利汽车,豪情SUV,https://p3-dcd.byteimg.com/motor-mis-img/a0de09c16f5eaa5dfbfcd8490e5f79ac~tplv-f042mdwyw7-original:tplv-resize:640:0.image?psm=motor.pc_sh.api,4b4e60521e2bef45e4bd929a,1,0,,9d7b7565920fcb08dfd95362,dongchedi_usedcar_series,2026-07-08T22:04:53+08:00
747,73,吉利汽车,远景X1,https://p3-dcd.byteimg.com/motor-mis-img/cea6f0d3ced2fcb6a2b4e208295c11c2~tplv-f042mdwyw7-original:tplv-resize:640:0.image?psm=motor.pc_sh.api,b2a529a3e607348be3d6fe06,1,0,,65c68b16e9baf963f3fb9e51,dongchedi_usedcar_series,2026-07-08T22:04:53+08:00
749,32,江汽集团,江淮iEV6E,https://p3-dcd.byteimg.com/motor-mis-img/708b8066fcdeec0ec9983f5a03ed33aa~tplv-f042mdwyw7-original:tplv-resize:640:0.image?psm=motor.pc_sh.api,ecad7d10d5a3c561bba10a50,1,0,,4ee023054fac799dc9a184f8,dongchedi_usedcar_series,2026-07-08T22:04:53+08:00
750,32,江汽集团,和悦A30,https://p3-dcd.byteimg.com/motor-mis-img/8e58601a4eb20e19b640dc5c27a94021~tplv-f042mdwyw7-original:tplv-resize:640:0.image?psm=motor.pc_sh.api,2fb84071bdfebeb699d93aa4,1,0,,1eefa95434752a5cb83ebab4,dongchedi_usedcar_series,2026-07-08T22:04:53+08:00
751,32,江汽集团,江淮iEV,https://p3-dcd.byteimg.com/motor-mis-img/aaf965d5ac33df7fb38e60a146b59f19~tplv-f042mdwyw7-original:tplv-resize:640:0.image?psm=motor.pc_sh.api,8e3a7b4593eb968c16e51a9c,1,0,,88d610e9999dc3c59b7c341a,dongchedi_usedcar_series,2026-07-08T22:04:53+08:00
757,32,江汽集团,和悦,https://p3-dcd.byteimg.com/motor-mis-img/65c27b3478f789444bb50a77f3199a94~tplv-f042mdwyw7-original:tplv-resize:640:0.image?psm=motor.pc_sh.api,016b6a646f51d23ae6e6cc07,1,0,,959a416be0fa5b0ab8455105,dongchedi_usedcar_series,2026-07-08T22:04:53+08:00
759,32,江汽集团,瑞风A60,https://p3-dcd.byteimg.com/motor-mis-img/413fc771756993091cb64d51d4cba055~tplv-f042mdwyw7-original:tplv-resize:640:0.image?psm=motor.pc_sh.api,5cd1ad959e61fb432849506a,1,0,,ff609b0e8277812385216135,dongchedi_usedcar_series,2026-07-08T22:04:53+08:00
760,32,江汽集团,瑞风S3,https://p3-dcd.byteimg.com/motor-mis-img/898d5bced7869339834af243ee3fd771~tplv-f042mdwyw7-original:tplv-resize:640:0.image?psm=motor.pc_sh.api,aa64b5f18350e9dc905db9ed,1,0,,800fbcfb6e85b62d8ea01a0b,dongchedi_usedcar_series,2026-07-08T22:04:53+08:00
762,32,江汽集团,瑞风S2mini,https://p3-dcd.byteimg.com/motor-mis-img/4783f20905c16e6b20cb741327180997~tplv-f042mdwyw7-original:tplv-resize:640:0.image?psm=motor.pc_sh.api,bc8809e7cb0b885621ae23ef,1,0,,ba3160b5548c96088f7e75cb,dongchedi_usedcar_series,2026-07-08T22:04:53+08:00
763,32,江汽集团,瑞风S2,https://p3-dcd.byteimg.com/motor-mis-img/aa315a8da5dbc716886a0a117cea3d53~tplv-f042mdwyw7-original:tplv-resize:640:0.image?psm=motor.pc_sh.api,0649c23fa859830a05475e95,1,0,,d1a05ef48252d26435fa3397,dongchedi_usedcar_series,2026-07-08T22:04:53+08:00
765,32,江汽集团,瑞风S5,https://p3-dcd.byteimg.com/motor-mis-img/9ac6a2aca07dad54cb97a51488bef838~tplv-f042mdwyw7-original:tplv-resize:640:0.image?psm=motor.pc_sh.api,b8e6f58a8f958f55af4449bf,1,0,,51f106ded369650014d1dd03,dongchedi_usedcar_series,2026-07-08T22:04:53+08:00
767,32,江汽集团,瑞风M2,https://p3-dcd.byteimg.com/motor-mis-img/fe240815bc6113d8a2b4a764753c2197~tplv-f042mdwyw7-original:tplv-resize:640:0.image?psm=motor.pc_sh.api,7b06c8063dc0d9b3a6e77a41,1,0,,86e022cb6098c5e8a829a4b3,dongchedi_usedcar_series,2026-07-08T22:04:53+08:00
768,512,江淮瑞风,瑞风M3,https://p9-dcd.byteimg.com/tos-cn-i-dcdx/75413675bb584b12b0c69d89817e5619~tplv-resize:640:0.png?psm=motor.rank.data,31443b5d1b7ba846b07a4ebc,3,2,,207c4858126d135b28aaf2a2,dongchedi_ranking|dongchedi_usedcar_series,2026-07-08T22:04:53+08:00
769,512,江淮瑞风,瑞风M4,https://p3-dcd.byteimg.com/tos-cn-i-dcdx/9db9ab7512ea4012be81fc7d95a4b120~tplv-f042mdwyw7-original:tplv-resize:640:0.image?psm=motor.pc_sh.api,580d50da390be5d6c2669bb2,1,0,,6542825c217d97caf5b8c295,dongchedi_usedcar_series,2026-07-08T22:04:53+08:00
770,32,江汽集团,瑞风M5,https://p3-dcd.byteimg.com/motor-mis-img/e5d0c8763cfe46f78d8abc67f3d3238f~tplv-f042mdwyw7-original:tplv-resize:640:0.image?psm=motor.pc_sh.api,53844fc230336aa2d6da0abe,1,0,,1b938dc311182a1d7428c036,dongchedi_usedcar_series,2026-07-08T22:04:53+08:00
775,32,江汽集团,江淮T6,https://p3-dcd.byteimg.com/motor-mis-img/8c676a0998613d9361c99ce33f238ee7~tplv-f042mdwyw7-original:tplv-resize:640:0.image?psm=motor.pc_sh.api,2fca83be8382d94c2ec17b3a,1,0,,4aafe176d430d00e4b6442bc,dongchedi_usedcar_series,2026-07-08T22:04:53+08:00
776,32,江汽集团,瑞风,https://p3-dcd.byteimg.com/motor-mis-img/3c6b1d2d56ef3e6898a654dcac6e2c85~tplv-f042mdwyw7-original:tplv-resize:640:0.image?psm=motor.pc_sh.api,9af183a22b59469a7ad2d798,1,0,,45f243ad2fa293e38b28f30e,dongchedi_usedcar_series,2026-07-08T22:04:53+08:00
777,32,江汽集团,星锐,https://p3-dcd.byteimg.com/motor-mis-img/1819e41e5b3d5f98943b939ce4cf14b1~tplv-f042mdwyw7-original:tplv-resize:640:0.image?psm=motor.pc_sh.api,19701b7e6ae8f726e1ad43a1,1,0,,7cbaa68473aac1c81ee64a12,dongchedi_usedcar_series,2026-07-08T22:04:53+08:00
778,32,江汽集团,瑞风S7,https://p3-dcd.byteimg.com/motor-mis-img/d1b4221ea562e0927d1ddbe7a2fb4996~tplv-f042mdwyw7-original:tplv-resize:640:0.image?psm=motor.pc_sh.api,0d154dab82e20fbfa153e1c2,1,0,,6e5b16ce273789879b0c67df,dongchedi_usedcar_series,2026-07-08T22:04:53+08:00
779,136,江铃集团新能源,江铃E200L,https://p3-dcd.byteimg.com/motor-mis-img/9c59e40a351406e94ddb3df6bc686564~tplv-f042mdwyw7-original:tplv-resize:640:0.image?psm=motor.pc_sh.api,814c9cdc887ca8a7e72e7c7d,1,0,,4db4c601780f210e62c8ca18,dongchedi_usedcar_series,2026-07-08T22:04:53+08:00
780,100,江铃,宝典,https://p3-dcd.byteimg.com/tos-cn-i-dcdx/83da9b4ad8094885af6a099fcd9328ba~tplv-f042mdwyw7-original:tplv-resize:640:0.image?psm=motor.pc_sh.api,47247eb5d943c8435fafb314,1,0,,6f6feaad9e283383a08423cd,dongchedi_usedcar_series,2026-07-08T22:04:53+08:00
781,100,江铃,域虎7,https://p3-dcd.byteimg.com/motor-mis-img/3e457ddc86f332cf24a67a84d14fca41~tplv-f042mdwyw7-original:tplv-resize:640:0.image?psm=motor.pc_sh.api,c01515463c63d952aa66a4be,1,0,,4b589507cb120affa1e6d91a,dongchedi_usedcar_series,2026-07-08T22:04:53+08:00
782,100,江铃,特顺,https://p3-dcd.byteimg.com/motor-mis-img/b43b414b4e7e442c88a0ce05ce9f05a7~tplv-f042mdwyw7-original:tplv-resize:640:0.image?psm=motor.pc_sh.api,9751fbb373945f01ac26996e,1,0,,3d2b15ad094affdbe621355b,dongchedi_usedcar_series,2026-07-08T22:04:53+08:00
783,104,骐铃汽车,骐铃T5,https://p3-dcd.byteimg.com/motor-mis-img/a421f2b22fffa1eaa8641839f98ff232~tplv-f042mdwyw7-original:tplv-resize:640:0.image?psm=motor.pc_sh.api,12658b874f302dbc12b1b4a4,1,0,,2406819cd105bb7aebda1a06,dongchedi_usedcar_series,2026-07-08T22:04:53+08:00
784,104,骐铃汽车,骐铃T7,https://p3-dcd.byteimg.com/motor-mis-img/292d8a6aee7cf6c3eafee9e3df674666~tplv-f042mdwyw7-original:tplv-resize:640:0.image?psm=motor.pc_sh.api,50e2c1954c05b374d2aa0736,1,0,,e6bd80700ba905766c63df66,dongchedi_usedcar_series,2026-07-08T22:04:53+08:00
787,136,江铃集团新能源,江铃E160,https://p3-dcd.byteimg.com/motor-mis-img/82d0435c879b3734f4e882790c687fb1~tplv-f042mdwyw7-original:tplv-resize:640:0.image?psm=motor.pc_sh.api,a63127faaeac7d78a155eafc,1,0,,b59c5b350dd6c173ff3e5397,dongchedi_usedcar_series,2026-07-08T22:04:53+08:00
788,109,启辰,启辰R30,https://p3-dcd.byteimg.com/motor-mis-img/69e7c48ff3bff6050958158e43fefb09~tplv-f042mdwyw7-original:tplv-resize:640:0.image?psm=motor.pc_sh.api,3435385d34df442875c939ba,1,0,,338a6bc816daad334122e5e3,dongchedi_usedcar_series,2026-07-08T22:04:53+08:00
789,136,江铃集团新能源,江铃E200N,https://p3-dcd.byteimg.com/motor-mis-img/133d1e7de6e06fadf35d8cac794bf726~tplv-f042mdwyw7-original:tplv-resize:640:0.image?psm=motor.pc_sh.api,96d65eacc02fd7efc38cac2b,1,0,,d95e25e35656408dc8878d53,dongchedi_usedcar_series,2026-07-08T22:04:53+08:00
790,31,捷豹,捷豹XE,https://p9-dcd.byteimg.com/motor-mis-img/a77061f7de45973f96e4ce4a9b34a70b~tplv-f042mdwyw7-original:tplv-resize:640:0.image?psm=motor.pc_sh.api,c1ebfa15b7fec3d1df2283ba,1,0,,af013535fe27fbc866fa831e,dongchedi_usedcar_series,2026-07-08T22:04:53+08:00
792,31,捷豹,捷豹XF,https://p9-dcd.byteimg.com/motor-mis-img/9e5f19a2cc70e93e10d4f34b3d5752f5~tplv-f042mdwyw7-original:tplv-resize:640:0.image?psm=motor.pc_sh.api,ae15fedbb3a6aeb18dc3ea42,1,0,,23781ba7d8cb7fabba2907d7,dongchedi_usedcar_series,2026-07-08T22:04:53+08:00
793,31,捷豹,捷豹S-Type,https://p9-dcd.byteimg.com/motor-mis-img/d6968ee35094f81305dd0e0782c60992~tplv-f042mdwyw7-original:tplv-resize:640:0.image?psm=motor.pc_sh.api,3d8e813f393d574b41fced20,1,0,,a33540165bf4dff44e27c605,dongchedi_usedcar_series,2026-07-08T22:04:53+08:00
794,31,捷豹,捷豹XJ,https://p9-dcd.byteimg.com/motor-mis-img/397eb3cbd5b430440a734c5b476fe7f1~tplv-f042mdwyw7-original:tplv-resize:640:0.image?psm=motor.pc_sh.api,d0778dd66acb6a5b4b76a016,1,0,,4e33cdbc171490888f7fca51,dongchedi_usedcar_series,2026-07-08T22:04:53+08:00
795,31,捷豹,捷豹F-PACE,https://p9-dcd.byteimg.com/tos-cn-i-dcdx/ea869adcbe6242fa9b0c136938b37992~tplv-f042mdwyw7-original:tplv-resize:640:0.image?psm=motor.pc_sh.api,ebb23bf57567ee8f9d3237aa,1,0,,3ab4edd57dd1f7086119c6c5,dongchedi_usedcar_series,2026-07-08T22:04:53+08:00
796,31,捷豹,捷豹F-TYPE,https://p9-dcd.byteimg.com/motor-mis-img/69132c20b3e3d3b57b4f7ce66cf8115c~tplv-f042mdwyw7-original:tplv-resize:640:0.image?psm=motor.pc_sh.api,a564289cd37842d03baa21f3,1,0,,ee1671d49e2d8822e74f99d1,dongchedi_usedcar_series,2026-07-08T22:04:53+08:00
797,31,捷豹,捷豹XK,https://p9-dcd.byteimg.com/tos-cn-i-dcdx/9805c623ae534eaebb2315d4856cff5a~tplv-f042mdwyw7-original:tplv-resize:640:0.image?psm=motor.pc_sh.api,0e35cbec108e26e0c499bc54,1,0,,ec51eef5a3e717c70d4b2433,dongchedi_usedcar_series,2026-07-08T22:04:53+08:00
798,31,捷豹,捷豹XFL,https://p9-dcd.byteimg.com/tos-cn-i-dcdx/ff4471d5fe15485abe12491dc23c2c78~tplv-resize:640:0.png?psm=motor.rank.data,f5cf45c6be6d4e042700442d,3,2,,af7ef2e09a59b41a082e3747,dongchedi_ranking|dongchedi_usedcar_series,2026-07-08T22:04:53+08:00
800,74,金杯,金杯F50,https://p9-dcd.byteimg.com/motor-mis-img/f48e7a1c7f2b64ab80f5dfc2cce78e9b~tplv-f042mdwyw7-original:tplv-resize:640:0.image?psm=motor.pc_sh.api,ea620f9c6daaba64216e21e9,1,0,,e996d442da27e6fc4a1ae354,dongchedi_usedcar_series,2026-07-08T22:04:53+08:00
801,74,金杯,阁瑞斯,https://p9-dcd.byteimg.com/motor-mis-img/80b0d91b804029918cc06f133279e12e~tplv-f042mdwyw7-original:tplv-resize:640:0.image?psm=motor.pc_sh.api,7634af7f49f6c29b65f344e8,1,0,,0708b5ead7e72a3e5f92436c,dongchedi_usedcar_series,2026-07-08T22:04:53+08:00
802,74,金杯,金杯大海狮,https://p9-dcd.byteimg.com/motor-mis-img/43c611074068e6ea69c6815d9c723a3f~tplv-f042mdwyw7-original:tplv-resize:640:0.image?psm=motor.pc_sh.api,49264f3613602c31a1c1a093,1,0,,d08e83c26cca6fd449867497,dongchedi_usedcar_series,2026-07-08T22:04:53+08:00
803,74,金杯,金杯海狮,https://p9-dcd.byteimg.com/tos-cn-i-dcdx/1882a3a53add4bfbab163272e70e8b25~tplv-f042mdwyw7-original:tplv-resize:640:0.image?psm=motor.pc_sh.api,668ec7f5eab035c51151a9d7,1,0,,a31a7ccfa343de21be98b733,dongchedi_usedcar_series,2026-07-08T22:04:53+08:00
804,74,金杯,金杯快运,https://p9-dcd.byteimg.com/tos-cn-i-dcdx/bc1b103865e346509e15f914f5b0632c~tplv-f042mdwyw7-original:tplv-resize:640:0.image?psm=motor.pc_sh.api,939658daf5af9cf0af6784c6,1,0,,2753fda496e41283dfc2498c,dongchedi_usedcar_series,2026-07-08T22:04:53+08:00
805,74,金杯,华晨金杯750,https://p9-dcd.byteimg.com/motor-mis-img/1a6eecfed09a18c5f4c668991ccd4e7c~tplv-f042mdwyw7-original:tplv-resize:640:0.image?psm=motor.pc_sh.api,544a6c169021a52c816e47bd,1,0,,966ef58d7850c28416c77292,dongchedi_usedcar_series,2026-07-08T22:04:53+08:00
814,74,金杯,小海狮X30,https://p9-dcd.byteimg.com/tos-cn-i-dcdx/99b123f1d78a486eb5482fb6789c1c46~tplv-f042mdwyw7-original:tplv-resize:640:0.image?psm=motor.pc_sh.api,fbe3ce948e98f613d67913da,1,0,,ca85ef4a29f24b4591f2d0b0,dongchedi_usedcar_series,2026-07-08T22:04:53+08:00
815,74,金杯,新海狮X30L,https://p9-dcd.byteimg.com/tos-cn-i-dcdx/0b24ffd724974d6ca938046b16563aa1~tplv-f042mdwyw7-original:tplv-resize:640:0.image?psm=motor.pc_sh.api,7ec60ba765b22e5b9a032474,1,0,,8ae5378951aa787ddc297811,dongchedi_usedcar_series,2026-07-08T22:04:53+08:00
816,74,金杯,智尚S30,https://p9-dcd.byteimg.com/motor-mis-img/6a0b9826af4d93b5e2ecacb7c61e8ac0~tplv-f042mdwyw7-original:tplv-resize:640:0.image?psm=motor.pc_sh.api,5101926b61f4cf28b6dfba49,1,0,,7b700ca2e859178543826241,dongchedi_usedcar_series,2026-07-08T22:04:53+08:00
817,74,金杯,智尚S35,https://p9-dcd.byteimg.com/motor-mis-img/8935d3c055ce667bd2f890108fef2de3~tplv-f042mdwyw7-original:tplv-resize:640:0.image?psm=motor.pc_sh.api,1790f4f6d70998cc11627406,1,0,,c2c0da4664147a5b893670d3,dongchedi_usedcar_series,2026-07-08T22:04:53+08:00
818,74,金杯,金杯S70,https://p9-dcd.byteimg.com/motor-mis-img/5120ea49efbdaef264f33449f806c236~tplv-f042mdwyw7-original:tplv-resize:640:0.image?psm=motor.pc_sh.api,9881c3cc605c859c7b9fd897,1,0,,0eb7d384e52ffc7ad9ffdf49,dongchedi_usedcar_series,2026-07-08T22:04:53+08:00
825,140,金龙,凯歌,https://p3-dcd.byteimg.com/motor-mis-img/ea4caf123c8b680692febd9c602c6991~tplv-f042mdwyw7-original:tplv-resize:640:0.image?psm=motor.pc_sh.api,ac38ed36aaf10659218d9075,1,0,,ebe35d21f9c568ae25a91e9a,dongchedi_usedcar_series,2026-07-08T22:04:53+08:00
826,140,金龙,金威,https://p3-dcd.byteimg.com/motor-mis-img/8a4630c5a1fbb24118fc80fd2bd6ee66~tplv-f042mdwyw7-original:tplv-resize:640:0.image?psm=motor.pc_sh.api,076cc568d5ba02dfe6af0e49,1,0,,ae4422af31f792d3a92617f7,dongchedi_usedcar_series,2026-07-08T22:04:53+08:00
829,133,金旅,金旅海狮,https://p3-dcd.byteimg.com/motor-mis-img/22b54ac2b0478b8de8e87d59ad9ff545~tplv-f042mdwyw7-original:tplv-resize:640:0.image?psm=motor.pc_sh.api,65403d2715cadad42a959205,1,0,,2f8d60d831dabdbb33aa8de5,dongchedi_usedcar_series,2026-07-08T22:04:53+08:00
832,134,九龙,艾菲,https://p3-dcd.byteimg.com/motor-mis-img/b7608e6982522f938e315fc70425fa3b~tplv-f042mdwyw7-original:tplv-resize:640:0.image?psm=motor.pc_sh.api,7fd2ab1a19dec1fe28ccc48c,1,0,,ae1c044184cc6d71f9e63792,dongchedi_usedcar_series,2026-07-08T22:04:53+08:00
833,134,九龙,九龙A5,https://p3-dcd.byteimg.com/motor-mis-img/c940bc7895238632fb077f05a191f1f8~tplv-f042mdwyw7-original:tplv-resize:640:0.image?psm=motor.pc_sh.api,3c9007e15f74ea64156cf93b,1,0,,d504a3885d9f3422ec7284a4,dongchedi_usedcar_series,2026-07-08T22:04:53+08:00
834,134,九龙,九龙A6,https://p3-dcd.byteimg.com/motor-mis-img/5b7614129bf114a789f0b0fcbc0aca34~tplv-f042mdwyw7-original:tplv-resize:640:0.image?psm=motor.pc_sh.api,53527dc0dbe1ff72db064948,1,0,,73391a64ef6ea3fac8304bf9,dongchedi_usedcar_series,2026-07-08T22:04:53+08:00
836,134,九龙,九龙A4,https://p3-dcd.byteimg.com/motor-mis-img/d8fd597c5319e81d25103dbb76e53ed1~tplv-f042mdwyw7-original:tplv-resize:640:0.image?psm=motor.pc_sh.api,eef519816f006bc334feffab,1,0,,092b794a47b3ed0e60e7985c,dongchedi_usedcar_series,2026-07-08T22:04:53+08:00
837,135,卡尔森,卡尔森 S级,https://p3-dcd.byteimg.com/motor-mis-img/b218c358461a241180bac3a42426eb59~tplv-f042mdwyw7-original:tplv-resize:640:0.image?psm=motor.pc_sh.api,27fcfa3eb84f5c3b394cda3b,1,0,,ed104641ea1635b63b8cce22,dongchedi_usedcar_series,2026-07-08T22:04:53+08:00
844,139,开瑞,开瑞K60,https://p9-dcd.byteimg.com/motor-mis-img/3b5f6a275041c8e32884a13dc812418e~tplv-f042mdwyw7-original:tplv-resize:640:0.image?psm=motor.pc_sh.api,8723111e8c74a1e0b0b4d758,1,0,,94974438ec4d169af64bf991,dongchedi_usedcar_series,2026-07-08T22:04:53+08:00
845,139,开瑞,开瑞K50,https://p9-dcd.byteimg.com/motor-mis-img/2d93822a32effa56c59d1c9cab8d9bf8~tplv-f042mdwyw7-original:tplv-resize:640:0.image?psm=motor.pc_sh.api,14038e940243aa5b82345b7e,1,0,,9b073fa5d12b3a719f186987,dongchedi_usedcar_series,2026-07-08T22:04:53+08:00
851,30,凯迪拉克,凯迪拉克CTS(进口),https://p3-dcd.byteimg.com/motor-mis-img/9c718de0a854898ea4ad49079b871660~tplv-f042mdwyw7-original:tplv-resize:640:0.image?psm=motor.pc_sh.api,56900a429eebfa4d70622953,1,0,,da00dd109dd0916cbc96cacb,dongchedi_usedcar_series,2026-07-08T22:04:53+08:00
852,30,凯迪拉克,凯迪拉克SRX,https://p3-dcd.byteimg.com/motor-mis-img/f559f39eadf04e7062c5acdb363201b0~tplv-f042mdwyw7-original:tplv-resize:640:0.image?psm=motor.pc_sh.api,7a93d72b16e238e59ccb91db,1,0,,6380b4f679f5a7ab5825a0db,dongchedi_usedcar_series,2026-07-08T22:04:53+08:00
853,30,凯迪拉克,凯雷德ESCALADE,https://p3-dcd.byteimg.com/motor-mis-img/d6b3b97b5058fc4c44be4df906c1c82c~tplv-f042mdwyw7-original:tplv-resize:640:0.image?psm=motor.pc_sh.api,8a9c7646a48f7abc34283ea3,1,0,,199706050b827096617eb7f1,dongchedi_usedcar_series,2026-07-08T22:04:53+08:00
854,30,凯迪拉克,凯迪拉克XLR,https://p3-dcd.byteimg.com/motor-mis-img/5f38de08311fa767647d15a9bbd181e7~tplv-f042mdwyw7-original:tplv-resize:640:0.image?psm=motor.pc_sh.api,bc6fbbed32a13daa6a954479,1,0,,247d8a461ae13696b37d6b45,dongchedi_usedcar_series,2026-07-08T22:04:53+08:00
855,30,凯迪拉克,凯迪拉克ATS-L,https://p3-dcd.byteimg.com/motor-mis-img/1d6606223450004f2a4e1b5086767a11~tplv-f042mdwyw7-original:tplv-resize:640:0.image?psm=motor.pc_sh.api,db3ee27dd9756ca67438bfb8,1,0,,99d9183dd27653c87fc44745,dongchedi_usedcar_series,2026-07-08T22:04:53+08:00
856,30,凯迪拉克,凯迪拉克CT6 PLUG-IN,https://p3-dcd.byteimg.com/motor-mis-img/8d4414a6cf6f3a083effc4c87625959c~tplv-f042mdwyw7-original:tplv-resize:640:0.image?psm=motor.pc_sh.api,b862849e4344ce73b9ff1023,1,0,,e24f6510eaa1eee231b1e43e,dongchedi_usedcar_series,2026-07-08T22:04:53+08:00
857,30,凯迪拉克,SLS赛威,https://p3-dcd.byteimg.com/motor-mis-img/4139b8c0c10064863e4707b9ffe44f95~tplv-f042mdwyw7-original:tplv-resize:640:0.image?psm=motor.pc_sh.api,1d62e5b27f9f86c3498ff879,1,0,,a3023e9f7c5125c4c5fb008e,dongchedi_usedcar_series,2026-07-08T22:04:53+08:00
858,30,凯迪拉克,凯迪拉克CTS,https://p3-dcd.byteimg.com/motor-mis-img/c54a9fc8a207cf8c292d70f7b18f65fe~tplv-f042mdwyw7-original:tplv-resize:640:0.image?psm=motor.pc_sh.api,6ae9df209a22644a933d46c8,1,0,,50f8151cddefbff574b736af,dongchedi_usedcar_series,2026-07-08T22:04:53+08:00
859,30,凯迪拉克,凯迪拉克CT6,https://p9-dcd.byteimg.com/tos-cn-i-dcdx/1effd18860ed46a9873ed3b7e2552f7b~tplv-resize:640:0.png?psm=motor.rank.data,84347fdac44a457d1b8c6ef2,3,2,,5eed286539abf962f1b07cee,dongchedi_ranking|dongchedi_usedcar_series,2026-07-08T22:04:53+08:00
860,30,凯迪拉克,凯迪拉克XTS,https://p3-dcd.byteimg.com/motor-mis-img/3373ca9409d70c16d47d6b009c35400e~tplv-f042mdwyw7-original:tplv-resize:640:0.image?psm=motor.pc_sh.api,fe19904f8f76a68c0f6a9da0,1,0,,ad8cbd4ec31c48d3312874ab,dongchedi_usedcar_series,2026-07-08T22:04:53+08:00
861,30,凯迪拉克,凯迪拉克XT5,https://p9-dcd.byteimg.com/tos-cn-i-dcdx/a7afef1b740b4f6d9baf0c3d88671967~tplv-resize:640:0.png?psm=motor.rank.data,73774fb1cf2e824b0627e8bf,3,2,,76256fe4457147605fec3a4e,dongchedi_ranking|dongchedi_usedcar_series,2026-07-08T22:04:53+08:00
862,142,凯翼,凯翼C3R,https://p3-dcd.byteimg.com/motor-mis-img/9dbe92aabf8f74ded164a0fe3e8ebb53~tplv-f042mdwyw7-original:tplv-resize:640:0.image?psm=motor.pc_sh.api,d82e4f890ea6e4d7a6875a94,1,0,,e1ec5a61d06425ec91661969,dongchedi_usedcar_series,2026-07-08T22:04:53+08:00
863,142,凯翼,凯翼C3,https://p3-dcd.byteimg.com/motor-mis-img/4b677127cd24a06a0229d61751180f66~tplv-f042mdwyw7-original:tplv-resize:640:0.image?psm=motor.pc_sh.api,7d03d1d2795c57fff2186732,1,0,,8e796e8826750042ffde59e5,dongchedi_usedcar_series,2026-07-08T22:04:53+08:00
864,142,凯翼,凯翼X3,https://p3-dcd.byteimg.com/motor-mis-img/28d8e337af5968f12797ac87d01acde5~tplv-f042mdwyw7-original:tplv-resize:640:0.image?psm=motor.pc_sh.api,40f033b39d72c5e66fe1546d,1,0,,5b7f5dd2f52a4d96c4cbd799,dongchedi_usedcar_series,2026-07-08T22:04:53+08:00
873,84,克莱斯勒,克莱斯勒300C,https://p3-dcd.byteimg.com/motor-mis-img/4eea2cab1ac3833e49f50b1f9a467a39~tplv-f042mdwyw7-original:tplv-resize:640:0.image?psm=motor.pc_sh.api,7b6dc46e671ca1c7d5cab8ea,1,0,,9dcf973bf1335257f5899f62,dongchedi_usedcar_series,2026-07-08T22:04:53+08:00
874,84,克莱斯勒,PT 漫步者,https://p3-dcd.byteimg.com/motor-mis-img/e45e6960df998938232c27ac1d5f220f~tplv-f042mdwyw7-original:tplv-resize:640:0.image?psm=motor.pc_sh.api,981780cfc302fedb4a13a75e,1,0,,76789e84e4a7dc27e03952bc,dongchedi_usedcar_series,2026-07-08T22:04:53+08:00
875,84,克莱斯勒,克莱斯勒300C(进口),https://p3-dcd.byteimg.com/motor-mis-img/7df4eabef7ca71248336dcc6fa0c7eef~tplv-f042mdwyw7-original:tplv-resize:640:0.image?psm=motor.pc_sh.api,4a38673d546566cf1d4bfd90,1,0,,e844f17fe9526027c84fe134,dongchedi_usedcar_series,2026-07-08T22:04:53+08:00
876,84,克莱斯勒,大捷龙(进口),https://p3-dcd.byteimg.com/tos-cn-i-dcdx/448a1df58e024292892197aced394f0f~tplv-f042mdwyw7-original:tplv-resize:640:0.image?psm=motor.pc_sh.api,d12a92ec940c154134df0b32,1,0,,167f4e3eadced793fd07b49a,dongchedi_usedcar_series,2026-07-08T22:04:53+08:00
877,42,兰博基尼,Huracán,https://p3-dcd.byteimg.com/motor-mis-img/51cf87e2766800197503c0de429a91fa~tplv-f042mdwyw7-original:tplv-resize:640:0.image?psm=motor.pc_sh.api,1c3aba1a5d747153f4bb4d8c,1,0,,2281994faa9a96b8e09a5d2d,dongchedi_usedcar_series,2026-07-08T22:04:53+08:00
878,42,兰博基尼,Aventador,https://p3-dcd.byteimg.com/motor-mis-img/7b8fb3c2c51821b7f2f94ee0b8f1958f~tplv-f042mdwyw7-original:tplv-resize:640:0.image?psm=motor.pc_sh.api,0afa18bce0f708fc9f7f1464,1,0,,979da1ab30bfbb6416c0114d,dongchedi_usedcar_series,2026-07-08T22:04:53+08:00
879,42,兰博基尼,Gallardo,https://p3-dcd.byteimg.com/motor-mis-img/a297f86b93d042c7cb21385644f191b4~tplv-f042mdwyw7-original:tplv-resize:640:0.image?psm=motor.pc_sh.api,c6d2c1428e536a9731549e9e,1,0,,33ce63dd048878f550c3e0e6,dongchedi_usedcar_series,2026-07-08T22:04:53+08:00
880,42,兰博基尼,Murcielago,https://p3-dcd.byteimg.com/motor-mis-img/580904aeeacebb44815b3d1113dab59c~tplv-f042mdwyw7-original:tplv-resize:640:0.image?psm=motor.pc_sh.api,7d144f5463ec4241907f8696,1,0,,412d80f1955d689ca44dae1c,dongchedi_usedcar_series,2026-07-08T22:04:53+08:00
882,41,劳斯莱斯,幻影,https://p9-dcd.byteimg.com/tos-cn-i-dcdx/398362876d424f32b473683b83b7cfaf~tplv-f042mdwyw7-original:tplv-resize:640:0.image?psm=motor.pc_sh.api,6c31caaed4d43f634b3f1fd3,1,0,,2a89b712fdca5f707ffdae76,dongchedi_usedcar_series,2026-07-08T22:04:53+08:00
883,41,劳斯莱斯,古思特,https://p9-dcd.byteimg.com/tos-cn-i-dcdx/e06de38c67d84784bb8dd35d2b9c249f~tplv-f042mdwyw7-original:tplv-resize:640:0.image?psm=motor.pc_sh.api,524717b46ca3bfaa480a5e8b,1,0,,fd278f9679694e7e6b349f94,dongchedi_usedcar_series,2026-07-08T22:04:53+08:00
884,41,劳斯莱斯,魅影,https://p9-dcd.byteimg.com/motor-mis-img/d84e3e265865ad09d3364b155807a976~tplv-f042mdwyw7-original:tplv-resize:640:0.image?psm=motor.pc_sh.api,b49ac7125a142853df84b624,1,0,,bbf53d4fa7f76cb282da4c50,dongchedi_usedcar_series,2026-07-08T22:04:53+08:00
885,41,劳斯莱斯,曜影,https://p9-dcd.byteimg.com/motor-mis-img/347bba15936e555faee27c7d418c915e~tplv-f042mdwyw7-original:tplv-resize:640:0.image?psm=motor.pc_sh.api,8755b1a062cb70f4e96e0a7c,1,0,,d133c92cd71fbcac58126b2a,dongchedi_usedcar_series,2026-07-08T22:04:53+08:00
886,22,雷克萨斯,雷克萨斯CT,https://p3-dcd.byteimg.com/motor-mis-img/f15d3bc1e41d827467a1542e1bdb92bf~tplv-f042mdwyw7-original:tplv-resize:640:0.image?psm=motor.pc_sh.api,02af16a3d14622211fee2fab,1,0,,524f2c4304de5ade0fe74714,dongchedi_usedcar_series,2026-07-08T22:04:53+08:00
887,22,雷克萨斯,雷克萨斯IS,https://p3-dcd.byteimg.com/tos-cn-i-dcdx/713a2932affd4782bc47498c304e225f~tplv-f042mdwyw7-original:tplv-resize:640:0.image?psm=motor.pc_sh.api,2b57255237f0527c96db0e36,1,0,,858fbbe69242ad4d13ba3b4f,dongchedi_usedcar_series,2026-07-08T22:04:53+08:00
888,22,雷克萨斯,雷克萨斯ES,https://p3-dcd.byteimg.com/tos-cn-i-dcdx/08466a2d93b1485ca7ecc5ef4eff024c~tplv-f042mdwyw7-original:tplv-resize:640:0.image?psm=motor.pc_sh.api,56bf631d3f1a413b18091b00,1,0,,6aefd81ae647f96c2310e628,dongchedi_usedcar_series,2026-07-08T22:04:53+08:00
889,22,雷克萨斯,雷克萨斯GS,https://p3-dcd.byteimg.com/motor-mis-img/fc37d77a75e33444390adefad7ab6780~tplv-f042mdwyw7-original:tplv-resize:640:0.image?psm=motor.pc_sh.api,4bac5be0d51641591b2a5689,1,0,,f0caa7587b0b67f5788c8f51,dongchedi_usedcar_series,2026-07-08T22:04:53+08:00
890,22,雷克萨斯,雷克萨斯LS,https://p3-dcd.byteimg.com/tos-cn-i-dcdx/94bfc032daa2466cbc2a7f4fe93bdfb4~tplv-f042mdwyw7-original:tplv-resize:640:0.image?psm=motor.pc_sh.api,cef17bc08c0040bd0e2dd70f,1,0,,a702e0122c5bef956897852b,dongchedi_usedcar_series,2026-07-08T22:04:53+08:00
891,22,雷克萨斯,雷克萨斯NX,https://p3-dcd.byteimg.com/tos-cn-i-dcdx/7e723c7adccf488bb9083a8c9b1f8a6c~tplv-f042mdwyw7-original:tplv-resize:640:0.image?psm=motor.pc_sh.api,9dccd267a699450873dd9991,1,0,,3a67e05044161544f290bb88,dongchedi_usedcar_series,2026-07-08T22:04:53+08:00
892,22,雷克萨斯,雷克萨斯RX经典,https://p3-dcd.byteimg.com/motor-mis-img/478fe3bc58cd67017b285e6b38790f0e~tplv-f042mdwyw7-original:tplv-resize:640:0.image?psm=motor.pc_sh.api,33c4138887da43b308b43cd8,1,0,,7faf6ea216ab67141061f551,dongchedi_usedcar_series,2026-07-08T22:04:53+08:00
893,22,雷克萨斯,雷克萨斯GX,https://p3-dcd.byteimg.com/tos-cn-i-dcdx/7c1a9339eea14288ad01b77afb4b3d33~tplv-f042mdwyw7-original:tplv-resize:640:0.image?psm=motor.pc_sh.api,c1c58ce787754770df018c7f,1,0,,1d84a4ccbaa3d747e25db26c,dongchedi_usedcar_series,2026-07-08T22:04:53+08:00
894,22,雷克萨斯,雷克萨斯RX,https://p3-dcd.byteimg.com/tos-cn-i-dcdx/34e076fcb3804e7298082d10be419c1d~tplv-f042mdwyw7-original:tplv-resize:640:0.image?psm=motor.pc_sh.api,c7f107682288f0e3a89743db,1,0,,2e9ff1eac56a57fde7826bff,dongchedi_usedcar_series,2026-07-08T22:04:53+08:00
895,22,雷克萨斯,雷克萨斯LX,https://p3-dcd.byteimg.com/tos-cn-i-dcdx/4d9dc8ab7beb4d9a97857e5c57e4ed8b~tplv-f042mdwyw7-original:tplv-resize:640:0.image?psm=motor.pc_sh.api,a704baf7066bdb788bb2876a,1,0,,82ef3f1418f69fcd530167ec,dongchedi_usedcar_series,2026-07-08T22:04:53+08:00
896,22,雷克萨斯,雷克萨斯RC,https://p3-dcd.byteimg.com/motor-mis-img/603577cb9f90a3b06fab6f177240b129~tplv-f042mdwyw7-original:tplv-resize:640:0.image?psm=motor.pc_sh.api,0fde7e3aca627b45a2f9e473,1,0,,092dafd976335ad9c8469bf7,dongchedi_usedcar_series,2026-07-08T22:04:53+08:00
897,22,雷克萨斯,雷克萨斯SC,https://p3-dcd.byteimg.com/motor-mis-img/25f4ad99b8a717aa14f9f5e3058b215e~tplv-f042mdwyw7-original:tplv-resize:640:0.image?psm=motor.pc_sh.api,fdd9618ff6f0d68bded995e3,1,0,,62d2778840b464232e90719f,dongchedi_usedcar_series,2026-07-08T22:04:53+08:00
898,22,雷克萨斯,雷克萨斯RC F,https://p3-dcd.byteimg.com/motor-mis-img/baa4e4d84639c79f2852e480624e68b2~tplv-f042mdwyw7-original:tplv-resize:640:0.image?psm=motor.pc_sh.api,41499a197738c6edebe55fb1,1,0,,712774358f13b549479c755f,dongchedi_usedcar_series,2026-07-08T22:04:53+08:00
900,46,雷诺,科雷傲,https://p3-dcd.byteimg.com/motor-mis-img/6dabd4f360bd07e65237aeec766bb9b2~tplv-f042mdwyw7-original:tplv-resize:640:0.image?psm=motor.pc_sh.api,3e9b8436bf5fce339a23c0c1,1,0,,57b2a67090df998b521e2d89,dongchedi_usedcar_series,2026-07-08T22:04:53+08:00
901,46,雷诺,科雷嘉,https://p3-dcd.byteimg.com/motor-mis-img/3dd31e6c400ae68e65d1b60b1bf50cb7~tplv-f042mdwyw7-original:tplv-resize:640:0.image?psm=motor.pc_sh.api,e5cc5d452c8d9ea0d4eaaf87,1,0,,7f14c312fa61983db94f7308,dongchedi_usedcar_series,2026-07-08T22:04:53+08:00
902,46,雷诺,拉古那,https://p3-dcd.byteimg.com/motor-mis-img/16dc5b27eef6f01eba1bd92814d64873~tplv-f042mdwyw7-original:tplv-resize:640:0.image?psm=motor.pc_sh.api,93cc51aeaf8d8df02a852d99,1,0,,0ccf282e79d7ce3c04755bc5,dongchedi_usedcar_series,2026-07-08T22:04:53+08:00
903,46,雷诺,梅甘娜,https://p3-dcd.byteimg.com/motor-mis-img/a4e6d6b92a7592652dcb7e33b7fa8566~tplv-f042mdwyw7-original:tplv-resize:640:0.image?psm=motor.pc_sh.api,0d0f3fa1a73e7ec4579c5f15,1,0,,903a9c5b0e22cbb430805638,dongchedi_usedcar_series,2026-07-08T22:04:53+08:00
904,46,雷诺,风朗,https://p3-dcd.byteimg.com/motor-mis-img/83e2d5c6136a3288a9fd0fc186390bff~tplv-f042mdwyw7-original:tplv-resize:640:0.image?psm=motor.pc_sh.api,b132a0bf304b44eed177e246,1,0,,270688d75bcc07fdc2edf323,dongchedi_usedcar_series,2026-07-08T22:04:53+08:00
906,46,雷诺,纬度,https://p3-dcd.byteimg.com/motor-mis-img/a6a7946f86ecfd058b32076d99874033~tplv-f042mdwyw7-original:tplv-resize:640:0.image?psm=motor.pc_sh.api,f1fc4389adbce023ab5963c8,1,0,,da54b017fcb45126c9045cba,dongchedi_usedcar_series,2026-07-08T22:04:53+08:00
908,46,雷诺,卡缤(进口),https://p3-dcd.byteimg.com/tos-cn-i-dcdx/3ac1c68a21104b5986ad713b0fa6cd92~tplv-f042mdwyw7-original:tplv-resize:640:0.image?psm=motor.pc_sh.api,525ef14b19201abd3d5e10be,1,0,,3e520b1ec18b0d3b4bf4d951,dongchedi_usedcar_series,2026-07-08T22:04:53+08:00
909,46,雷诺,科雷傲(进口),https://p3-dcd.byteimg.com/motor-mis-img/7df5fca8688361ba03c601c480231887~tplv-f042mdwyw7-original:tplv-resize:640:0.image?psm=motor.pc_sh.api,1b0c570815d173703929ba48,1,0,,4339b70ee43144296e697238,dongchedi_usedcar_series,2026-07-08T22:04:53+08:00
910,46,雷诺,风景经典,https://p3-dcd.byteimg.com/motor-mis-img/653c9fe24977ed79eae43e2f6ad8100e~tplv-f042mdwyw7-original:tplv-resize:640:0.image?psm=motor.pc_sh.api,b012c908e0b3e0d71b9de9f4,1,0,,87fa233f5f51de3294960a0f,dongchedi_usedcar_series,2026-07-08T22:04:53+08:00
911,111,理念,理念S1,https://p3-dcd.byteimg.com/motor-mis-img/8daf0d24fde0479c5c41e709a3399464~tplv-f042mdwyw7-original:tplv-resize:640:0.image?psm=motor.pc_sh.api,3a1074977388cfa085084c66,1,0,,b1b22228a1359a93c1b2bfdc,dongchedi_usedcar_series,2026-07-08T22:04:53+08:00
918,101,力帆汽车,力帆620,https://p3-dcd.byteimg.com/motor-mis-img/6524f3c25b21e62f8c2b37793309055f~tplv-f042mdwyw7-original:tplv-resize:640:0.image?psm=motor.pc_sh.api,b53bc7183dbc818f67e76417,1,0,,d489f458bb780e0b915bd307,dongchedi_usedcar_series,2026-07-08T22:04:53+08:00
919,101,力帆汽车,力帆720,https://p3-dcd.byteimg.com/motor-mis-img/fef78a74653b28a4ee1d70381cd97912~tplv-f042mdwyw7-original:tplv-resize:640:0.image?psm=motor.pc_sh.api,38be132d84a8afc017d59fb9,1,0,,0c8795b3f63e3893d854f75b,dongchedi_usedcar_series,2026-07-08T22:04:53+08:00
921,101,力帆汽车,力帆820,https://p3-dcd.byteimg.com/motor-mis-img/c3c826011c67059ecb23cd52dd01262b~tplv-f042mdwyw7-original:tplv-resize:640:0.image?psm=motor.pc_sh.api,bd9bb3d6baffaed1e364afa4,1,0,,fad3f0f772ad89b385f88e8e,dongchedi_usedcar_series,2026-07-08T22:04:53+08:00
922,101,力帆汽车,力帆X60,https://p3-dcd.byteimg.com/motor-mis-img/5d5ed037ea6c196393a7ca02d1cd0371~tplv-f042mdwyw7-original:tplv-resize:640:0.image?psm=motor.pc_sh.api,2484fd8ce0e47a415c1916d4,1,0,,fa9c07b16b91e9b962206adf,dongchedi_usedcar_series,2026-07-08T22:04:53+08:00
923,101,力帆汽车,力帆X50,https://p3-dcd.byteimg.com/motor-mis-img/7c60fae43c4dc42e61cad16dfa2152ef~tplv-f042mdwyw7-original:tplv-resize:640:0.image?psm=motor.pc_sh.api,d7bc4b65948185de7e2148c5,1,0,,d002ce0ab471e1e7b4c1f8c2,dongchedi_usedcar_series,2026-07-08T22:04:53+08:00
924,101,力帆汽车,迈威,https://p3-dcd.byteimg.com/motor-mis-img/74de938f1d1ba28f6d461f24b0b42a0e~tplv-f042mdwyw7-original:tplv-resize:640:0.image?psm=motor.pc_sh.api,a4d04d5d9c0e0fdbabe62608,1,0,,adb9bfc269cb89f89ab3af1e,dongchedi_usedcar_series,2026-07-08T22:04:53+08:00
926,101,力帆汽车,轩朗,https://p3-dcd.byteimg.com/motor-mis-img/f53a5e5de87cb159b5d1f34203210d7f~tplv-f042mdwyw7-original:tplv-resize:640:0.image?psm=motor.pc_sh.api,26cf772dc8bdedb07c8316f9,1,0,,bce8b651ae66514261223f6a,dongchedi_usedcar_series,2026-07-08T22:04:53+08:00
937,76,猎豹汽车,飞腾,https://p3-dcd.byteimg.com/motor-mis-img/484472dc31695c30b963287969fef690~tplv-f042mdwyw7-original:tplv-resize:640:0.image?psm=motor.pc_sh.api,f9564dabf716e89628521861,1,0,,52de59a8097b163d13b95044,dongchedi_usedcar_series,2026-07-08T22:04:53+08:00
938,76,猎豹汽车,猎豹CS9,https://p3-dcd.byteimg.com/motor-mis-img/0cc57b3c9d33004c351dd3c33c0dfa56~tplv-f042mdwyw7-original:tplv-resize:640:0.image?psm=motor.pc_sh.api,b8ea88f932ccf0f756f61e27,1,0,,819a86b6a185acff8b41b196,dongchedi_usedcar_series,2026-07-08T22:04:53+08:00
939,76,猎豹汽车,猎豹CS7,https://p3-dcd.byteimg.com/motor-mis-img/a6fea017cfbab94c781bc7809a826d5c~tplv-f042mdwyw7-original:tplv-resize:640:0.image?psm=motor.pc_sh.api,2fbf956d3de6d7c3b7f49dc6,1,0,,e6442cddb1e6d2ce4f5f734d,dongchedi_usedcar_series,2026-07-08T22:04:53+08:00
941,76,猎豹汽车,猎豹CS10,https://p3-dcd.byteimg.com/motor-mis-img/d7ee9929fe6716c862556140779f32b9~tplv-f042mdwyw7-original:tplv-resize:640:0.image?psm=motor.pc_sh.api,fd70119b2bdffe5d9e346eee,1,0,,d48c7cbfacf488aa8056257d,dongchedi_usedcar_series,2026-07-08T22:04:53+08:00
943,76,猎豹汽车,黑金刚,https://p3-dcd.byteimg.com/motor-mis-img/07d84eef12d5ba90a9f157eb64bc9a2d~tplv-f042mdwyw7-original:tplv-resize:640:0.image?psm=motor.pc_sh.api,08a8c51f63d5b38ebf80678c,1,0,,e80556d90b6fc3afd39d44df,dongchedi_usedcar_series,2026-07-08T22:04:53+08:00
944,76,猎豹汽车,猎豹Q6,https://p3-dcd.byteimg.com/motor-mis-img/e6e01efd90455b56e500997bbf810d00~tplv-f042mdwyw7-original:tplv-resize:640:0.image?psm=motor.pc_sh.api,94aae3f7ace263082f265a7f,1,0,,4a576a4d2218efafc661a9c9,dongchedi_usedcar_series,2026-07-08T22:04:53+08:00
945,76,猎豹汽车,猎豹6481,https://p3-dcd.byteimg.com/motor-mis-img/cae0b84c17d83c88a662b96d29641f46~tplv-f042mdwyw7-original:tplv-resize:640:0.image?psm=motor.pc_sh.api,2b44c45cc236f21d4972945f,1,0,,20019a3d2a495e85f4d0c330,dongchedi_usedcar_series,2026-07-08T22:04:53+08:00
950,62,林肯,林肯MKZ,https://p3-dcd.byteimg.com/motor-mis-img/28eae126644fed628e2d14d257c5ba88~tplv-f042mdwyw7-original:tplv-resize:640:0.image?psm=motor.pc_sh.api,4f765879a092cd7bd6d89a2b,1,0,,8045071dc9afc5d7ecf62f90,dongchedi_usedcar_series,2026-07-08T22:04:53+08:00
952,62,林肯,林肯大陆,https://p3-dcd.byteimg.com/motor-mis-img/1debd4d0aeb40f4ad2d5cf206ff71144~tplv-f042mdwyw7-original:tplv-resize:640:0.image?psm=motor.pc_sh.api,783a3556ff6a01182ab5539c,1,0,,8da6d96147b874d6a588e331,dongchedi_usedcar_series,2026-07-08T22:04:53+08:00
953,62,林肯,城市,https://p3-dcd.byteimg.com/motor-mis-img/1e6c53bba32a17b32f410b2f8aee9b20~tplv-f042mdwyw7-original:tplv-resize:640:0.image?psm=motor.pc_sh.api,1c261950917b47e36c85fafd,1,0,,17b6c9804e1c742fbc9943d9,dongchedi_usedcar_series,2026-07-08T22:04:53+08:00
954,62,林肯,林肯MKC,https://p3-dcd.byteimg.com/motor-mis-img/f90cf2c4d4ada8617f905c793dddf161~tplv-f042mdwyw7-original:tplv-resize:640:0.image?psm=motor.pc_sh.api,14eb800480528807db37724d,1,0,,89f4bc37871e11785fda7ea9,dongchedi_usedcar_series,2026-07-08T22:04:53+08:00
955,62,林肯,林肯MKX,https://p3-dcd.byteimg.com/motor-mis-img/7189d4fcda10e807d82ef0cf53e98b15~tplv-f042mdwyw7-original:tplv-resize:640:0.image?psm=motor.pc_sh.api,245ee8a54b36bfdaef7bb630,1,0,,3754dbe1db6a20bb70664c9c,dongchedi_usedcar_series,2026-07-08T22:04:53+08:00
956,62,林肯,林肯MKT,https://p3-dcd.byteimg.com/motor-mis-img/7c664f487b73a51534a00baefc1e87ec~tplv-f042mdwyw7-original:tplv-resize:640:0.image?psm=motor.pc_sh.api,a7ca0a96e5da218cb4faa279,1,0,,251a951b5c23e4d621b2f666,dongchedi_usedcar_series,2026-07-08T22:04:53+08:00
957,62,林肯,领航员,https://p3-dcd.byteimg.com/tos-cn-i-dcdx/53ebea720b164172b459934c268170a0~tplv-f042mdwyw7-original:tplv-resize:640:0.image?psm=motor.pc_sh.api,bc3aeeae9bda7a316b47e117,1,0,,fc13774995a2d01205c356a0,dongchedi_usedcar_series,2026-07-08T22:04:53+08:00
958,50,铃木,铃木北斗星X5,https://p3-dcd.byteimg.com/motor-mis-img/c6ab138567e9dc776bea3962374c481f~tplv-f042mdwyw7-original:tplv-resize:640:0.image?psm=motor.pc_sh.api,4570d833a48ad5970998e33c,1,0,,09d8cecad1c670b89717c3a5,dongchedi_usedcar_series,2026-07-08T22:04:53+08:00
959,50,铃木,北斗星,https://p3-dcd.byteimg.com/motor-mis-img/13ffca5ee35a16d5ffc8b393938b7aae~tplv-f042mdwyw7-original:tplv-resize:640:0.image?psm=motor.pc_sh.api,388a01462194a5021fa84453,1,0,,54f09a34df085f48c732844f,dongchedi_usedcar_series,2026-07-08T22:04:53+08:00
960,50,铃木,派喜,https://p3-dcd.byteimg.com/motor-mis-img/2e5f5da49d615a30f754a4a5eac0e846~tplv-f042mdwyw7-original:tplv-resize:640:0.image?psm=motor.pc_sh.api,f805bcb4e66f2811ee144a3a,1,0,,7037842a411942c750e17231,dongchedi_usedcar_series,2026-07-08T22:04:53+08:00
961,50,铃木,利亚纳A6,https://p3-dcd.byteimg.com/motor-mis-img/eb427ed9defb48f1340399427fb87f52~tplv-f042mdwyw7-original:tplv-resize:640:0.image?psm=motor.pc_sh.api,6579bc7cba97839c6f8b669e,1,0,,3359cfebc75b005a2be2fd40,dongchedi_usedcar_series,2026-07-08T22:04:53+08:00
963,50,铃木,浪迪,https://p3-dcd.byteimg.com/motor-mis-img/7aa71981d78c7a9b6ae57443d5ef39ae~tplv-f042mdwyw7-original:tplv-resize:640:0.image?psm=motor.pc_sh.api,edf738fd0c83b4caec370171,1,0,,44d6b83dcb604ff3e9ca6f05,dongchedi_usedcar_series,2026-07-08T22:04:53+08:00
964,50,铃木,速翼特,https://p3-dcd.byteimg.com/tos-cn-i-dcdx/4c39830eb6c7438a9fab13d7fcdd4bfc~tplv-f042mdwyw7-original:tplv-resize:640:0.image?psm=motor.pc_sh.api,92401e889b886f49c6faac67,1,0,,7864256a5fe0e590949e4bd7,dongchedi_usedcar_series,2026-07-08T22:04:53+08:00
965,50,铃木,凯泽西,https://p3-dcd.byteimg.com/motor-mis-img/d6c8a0e9e9888726308ffe50cc1d4d3a~tplv-f042mdwyw7-original:tplv-resize:640:0.image?psm=motor.pc_sh.api,ef0eab36dc64b5a6e6b6be04,1,0,,91043404a62b22d8dc37f8ef,dongchedi_usedcar_series,2026-07-08T22:04:53+08:00
966,50,铃木,吉姆尼(进口),https://p3-dcd.byteimg.com/tos-cn-i-dcdx/95d6010014bd4178a335491bca693f0f~tplv-f042mdwyw7-original:tplv-resize:640:0.image?psm=motor.pc_sh.api,b5a036eaaa96ff7757e6e7ba,1,0,,2d4f4386bd6c4ded67209e95,dongchedi_usedcar_series,2026-07-08T22:04:53+08:00
967,50,铃木,超级维特拉,https://p3-dcd.byteimg.com/tos-cn-i-dcdx/8c41a6c4d4864a508751f389fce08a85~tplv-f042mdwyw7-original:tplv-resize:640:0.image?psm=motor.pc_sh.api,86a3147d0a249d7bb0cdd1b8,1,0,,a74e9f94096d1ad55b4949c6,dongchedi_usedcar_series,2026-07-08T22:04:53+08:00
968,50,铃木,奥拓,https://p3-dcd.byteimg.com/motor-mis-img/cd8845229e3f55b78209332acaeb9efd~tplv-f042mdwyw7-original:tplv-resize:640:0.image?psm=motor.pc_sh.api,a981e51d2fc70e8467cc1488,1,0,,e8ccc5c6536f2d1aa1e14024,dongchedi_usedcar_series,2026-07-08T22:04:53+08:00
969,50,铃木,羚羊,https://p3-dcd.byteimg.com/motor-mis-img/ff061a39c85eaa4a8cb6b4cb87765d36~tplv-f042mdwyw7-original:tplv-resize:640:0.image?psm=motor.pc_sh.api,d8d1ad60a7ead199eba22fa0,1,0,,56583e9a512188de2c076f39,dongchedi_usedcar_series,2026-07-08T22:04:53+08:00
970,50,铃木,雨燕,https://p3-dcd.byteimg.com/motor-mis-img/04c983268c3f6a3981df82edee73489e~tplv-f042mdwyw7-original:tplv-resize:640:0.image?psm=motor.pc_sh.api,4d4030e062693466ad137d7e,1,0,,bab7718980d93b1eb7d86921,dongchedi_usedcar_series,2026-07-08T22:04:53+08:00
971,50,铃木,天语 SX4,https://p3-dcd.byteimg.com/motor-mis-img/970251d03ce2e00ab44253d11efa59e1~tplv-f042mdwyw7-original:tplv-resize:640:0.image?psm=motor.pc_sh.api,da85ab61f48378bcc03e1bfe,1,0,,de7d60388d67919105ed8db6,dongchedi_usedcar_series,2026-07-08T22:04:53+08:00
972,50,铃木,天语 尚悦,https://p3-dcd.byteimg.com/motor-mis-img/e49f332361bc45adbfe62d4bca8f4f27~tplv-f042mdwyw7-original:tplv-resize:640:0.image?psm=motor.pc_sh.api,88dca3abb105e81aad373fd2,1,0,,de3e4f1abc9ae2f02e59b6f6,dongchedi_usedcar_series,2026-07-08T22:04:53+08:00
973,50,铃木,启悦,https://p3-dcd.byteimg.com/motor-mis-img/dbb5c1153e2cf595232b499c073b06f9~tplv-f042mdwyw7-original:tplv-resize:640:0.image?psm=motor.pc_sh.api,8c7e6a0af4f20f9384708b33,1,0,,ffec4aea705dc4b4532b3372,dongchedi_usedcar_series,2026-07-08T22:04:53+08:00
974,50,铃木,锋驭,https://p3-dcd.byteimg.com/motor-mis-img/21b7e114987a474760af8d5e091fa90d~tplv-f042mdwyw7-original:tplv-resize:640:0.image?psm=motor.pc_sh.api,5d1ec455ec58cefdc84a9a16,1,0,,283743c7d4e740a990fe0231,dongchedi_usedcar_series,2026-07-08T22:04:53+08:00
975,50,铃木,维特拉,https://p3-dcd.byteimg.com/motor-mis-img/892b7de4bd49509fa122918c1e3d2f5b~tplv-f042mdwyw7-original:tplv-resize:640:0.image?psm=motor.pc_sh.api,7abd8f9b7c64ee8044eecfdd,1,0,,16f6ad6f8a321d35eea9dcc3,dongchedi_usedcar_series,2026-07-08T22:04:53+08:00
977,102,陆风,陆风X5,https://p3-dcd.byteimg.com/motor-mis-img/a435292cb3cb597fc8957bcaa49e6fa6~tplv-f042mdwyw7-original:tplv-resize:640:0.image?psm=motor.pc_sh.api,20c505b206a67a54bd4caf94,1,0,,14b1d93dc36867d7ee2da5cf,dongchedi_usedcar_series,2026-07-08T22:04:53+08:00
979,102,陆风,陆风X7,https://p3-dcd.byteimg.com/motor-mis-img/d3e6a899f56d05e6f2d8bb5f0ce95fad~tplv-f042mdwyw7-original:tplv-resize:640:0.image?psm=motor.pc_sh.api,d2e5834be58d580be32ad7eb,1,0,,86e7a5facca42d1b8aeabf8e,dongchedi_usedcar_series,2026-07-08T22:04:53+08:00
980,102,陆风,陆风X9,https://p3-dcd.byteimg.com/motor-mis-img/19ef5de010fc51f65bc3c25d0f5f8ed8~tplv-f042mdwyw7-original:tplv-resize:640:0.image?psm=motor.pc_sh.api,a507af6d2f3222b889b2bb14,1,0,,7378f0b04ad30947ba3dce88,dongchedi_usedcar_series,2026-07-08T22:04:53+08:00
981,102,陆风,陆风X8,https://p3-dcd.byteimg.com/motor-mis-img/fdff1395ea42d6517e1934cea1f5fd78~tplv-f042mdwyw7-original:tplv-resize:640:0.image?psm=motor.pc_sh.api,323545df56c6190e175e1307,1,0,,dc0a2ac188c3b9157c384651,dongchedi_usedcar_series,2026-07-08T22:04:53+08:00
983,102,陆风,陆风X2,https://p3-dcd.byteimg.com/motor-mis-img/81fd8971ba9e5d63464e3bf1bc31402c~tplv-f042mdwyw7-original:tplv-resize:640:0.image?psm=motor.pc_sh.api,1186db1af9d9958a54f6dda5,1,0,,06ff3dc98d8ccda20696a2ed,dongchedi_usedcar_series,2026-07-08T22:04:53+08:00
984,19,路虎,揽胜极光(进口),https://p3-dcd.byteimg.com/tos-cn-i-dcdx/ac15eb035f3a46019e8827f3ca0cc49d~tplv-f042mdwyw7-original:tplv-resize:640:0.image?psm=motor.pc_sh.api,43bbea2bd92cf7724f9ebcfc,1,0,,2ccbbb8c78c1747b46f27ccb,dongchedi_usedcar_series,2026-07-08T22:04:53+08:00
985,19,路虎,神行者2,https://p3-dcd.byteimg.com/motor-mis-img/f293687abb9b4a14ca76848d6cb24894~tplv-f042mdwyw7-original:tplv-resize:640:0.image?psm=motor.pc_sh.api,5d0f0fd7c568b7047296fbd3,1,0,,f4336f6e4f9edbfd17df3685,dongchedi_usedcar_series,2026-07-08T22:04:53+08:00
986,19,路虎,卫士,https://p3-dcd.byteimg.com/tos-cn-i-dcdx/2510264eb3244129af9fcf550a782789~tplv-f042mdwyw7-original:tplv-resize:640:0.image?psm=motor.pc_sh.api,6f79f76c0a83a03c0cd3a6a0,1,0,,7d64d2b78d7abc8a54896beb,dongchedi_usedcar_series,2026-07-08T22:04:53+08:00
987,19,路虎,神行者,https://p3-dcd.byteimg.com/motor-mis-img/9a83693e6113d6364b04611d513b6eab~tplv-f042mdwyw7-original:tplv-resize:640:0.image?psm=motor.pc_sh.api,4143a1aba969475c4208d3fd,1,0,,4fce7698eb899edb38166a60,dongchedi_usedcar_series,2026-07-08T22:04:53+08:00
988,19,路虎,发现神行(进口),https://p3-dcd.byteimg.com/motor-mis-img/72d03c1d4dae1a27673a01aea6b03762~tplv-f042mdwyw7-original:tplv-resize:640:0.image?psm=motor.pc_sh.api,11f16d29bf867db001d94570,1,0,,3232017814e47f6879c20912,dongchedi_usedcar_series,2026-07-08T22:04:53+08:00
989,19,路虎,揽胜星脉,https://p3-dcd.byteimg.com/tos-cn-i-dcdx/84ddef46e3274b4b91fcc68f7f41051d~tplv-f042mdwyw7-original:tplv-resize:640:0.image?psm=motor.pc_sh.api,77e93f7e4517695431e329fc,1,0,,53259c71e2ba83d289b14e5e,dongchedi_usedcar_series,2026-07-08T22:04:53+08:00
990,19,路虎,发现,https://p3-dcd.byteimg.com/tos-cn-i-dcdx/850dc7b81f6c40ff847d6c2fbba966f4~tplv-f042mdwyw7-original:tplv-resize:640:0.image?psm=motor.pc_sh.api,466869b3fedbbb2ef86d08e9,1,0,,4167306241a38cd70fc26142,dongchedi_usedcar_series,2026-07-08T22:04:53+08:00
991,19,路虎,揽胜,https://p3-dcd.byteimg.com/tos-cn-i-dcdx/08ce9dde46f64638aa4df622ce69b497~tplv-f042mdwyw7-original:tplv-resize:640:0.image?psm=motor.pc_sh.api,f23d8cafc370d05625545c9d,1,0,,8fede004fd834aec2c832c25,dongchedi_usedcar_series,2026-07-08T22:04:53+08:00
992,19,路虎,揽胜运动,https://p3-dcd.byteimg.com/tos-cn-i-dcdx/02e71c9b87164762bf559c052a580fa9~tplv-f042mdwyw7-original:tplv-resize:640:0.image?psm=motor.pc_sh.api,33df978958a7866690a57818,1,0,,34c78b49877069466b778608,dongchedi_usedcar_series,2026-07-08T22:04:53+08:00
993,19,路虎,揽胜极光,https://p9-dcd.byteimg.com/tos-cn-i-dcdx/17fa915b97a743298e3f8bb5233c9d05~tplv-resize:640:0.png?psm=motor.rank.data,74965d210ef1fc7b977fe925,3,2,,868260453f237c61e49996ec,dongchedi_ranking|dongchedi_usedcar_series,2026-07-08T22:04:53+08:00
994,19,路虎,发现神行,https://p3-dcd.byteimg.com/motor-mis-img/ea93daf032a1e1220178cb9cffe291fd~tplv-f042mdwyw7-original:tplv-resize:640:0.image?psm=motor.pc_sh.api,e21c95981adc00ee5d6995c6,1,0,,418dd6f81056dddd511afd5a,dongchedi_usedcar_series,2026-07-08T22:04:53+08:00
996,85,莲花跑车,Evora,https://p3-dcd.byteimg.com/motor-mis-img/0172fa39659c372ebdf9979e62bf4aa4~tplv-f042mdwyw7-original:tplv-resize:640:0.image?psm=motor.pc_sh.api,37caefc2c8b25e32535f8988,1,0,,3f4f43189ea42cd2e07ad468,dongchedi_usedcar_series,2026-07-08T22:04:53+08:00
998,15,马自达,马自达3(进口),https://p3-dcd.byteimg.com/tos-cn-i-dcdx/399296f7d2f441d6a4118c23822fbdf1~tplv-f042mdwyw7-original:tplv-resize:640:0.image?psm=motor.pc_sh.api,bebce035b0a09ca92f2c4de4,1,0,,cd43e1e84e6d1e2bd372b183,dongchedi_usedcar_series,2026-07-08T22:04:53+08:00
999,15,马自达,马自达CX-7(进口),https://p3-dcd.byteimg.com/motor-mis-img/b4264d18eba6e7f10f4b35e0b54a9dc7~tplv-f042mdwyw7-original:tplv-resize:640:0.image?psm=motor.pc_sh.api,5c34262b7358c3a27d833ad1,1,0,,dd08bcb45c3d314bd5010d7b,dongchedi_usedcar_series,2026-07-08T22:04:53+08:00
1000,15,马自达,马自达CX-9,https://p3-dcd.byteimg.com/motor-mis-img/15d93bd7bc821041df62f2d1fd9d57bd~tplv-f042mdwyw7-original:tplv-resize:640:0.image?psm=motor.pc_sh.api,0b8ec0547ca66f52439e1c97,1,0,,6f4fc9e161d292b372084181,dongchedi_usedcar_series,2026-07-08T22:04:53+08:00
1001,15,马自达,马自达5,https://p3-dcd.byteimg.com/motor-mis-img/f5f0a923db9359d015cb58117039d223~tplv-f042mdwyw7-original:tplv-resize:640:0.image?psm=motor.pc_sh.api,9a96d3da3943545ebd4358fa,1,0,,cf54532525746c0844e7d3f6,dongchedi_usedcar_series,2026-07-08T22:04:53+08:00
1003,15,马自达,马自达MX-5,https://p3-dcd.byteimg.com/motor-mis-img/3948452c2dbafd5f8994b31b5f052085~tplv-f042mdwyw7-original:tplv-resize:640:0.image?psm=motor.pc_sh.api,856e06fd8b14c3543c57e4d8,1,0,,004e6e13a4759ee52fce3f33,dongchedi_usedcar_series,2026-07-08T22:04:53+08:00
1004,15,马自达,马自达RX-8,https://p3-dcd.byteimg.com/motor-mis-img/cf62c4addb187fab9ed29941b032ae05~tplv-f042mdwyw7-original:tplv-resize:640:0.image?psm=motor.pc_sh.api,0982407113785adf75c853d3,1,0,,63b2ea9b2bee5c1c566e2965,dongchedi_usedcar_series,2026-07-08T22:04:53+08:00
1005,15,马自达,马自达6,https://p3-dcd.byteimg.com/motor-mis-img/7eb38185b70f5ca04632662ed075b848~tplv-f042mdwyw7-original:tplv-resize:640:0.image?psm=motor.pc_sh.api,40290faf6e6e69adbcbbbc3a,1,0,,a3acfc7c71501496eaa5c23b,dongchedi_usedcar_series,2026-07-08T22:04:53+08:00
1006,15,马自达,睿翼,https://p3-dcd.byteimg.com/motor-mis-img/0db9f35fe40f273ccbb4bacf5a3db5d5~tplv-f042mdwyw7-original:tplv-resize:640:0.image?psm=motor.pc_sh.api,8b7774579cbeb3228030c8bd,1,0,,7596b39442edc28e8365526c,dongchedi_usedcar_series,2026-07-08T22:04:53+08:00
1007,15,马自达,阿特兹,https://p3-dcd.byteimg.com/motor-mis-img/23dae7287112eed1cb699aa22646497f~tplv-f042mdwyw7-original:tplv-resize:640:0.image?psm=motor.pc_sh.api,d4b4503a89f970d08f4e81a6,1,0,,ab63b7277a851c9a845ce0fa,dongchedi_usedcar_series,2026-07-08T22:04:53+08:00
1008,15,马自达,马自达CX-4,https://p3-dcd.byteimg.com/motor-mis-img/54614b129c37f3d43db3793074c26a5f~tplv-f042mdwyw7-original:tplv-resize:640:0.image?psm=motor.pc_sh.api,4dc8110954ac1a47b7457ad6,1,0,,1ddb466ee31eab3a22379873,dongchedi_usedcar_series,2026-07-08T22:04:53+08:00
1009,15,马自达,马自达CX-7,https://p3-dcd.byteimg.com/motor-mis-img/e58aa14d4d20a8d3913a1d659b9850cc~tplv-f042mdwyw7-original:tplv-resize:640:0.image?psm=motor.pc_sh.api,0751014d29b68955a4999808,1,0,,cc8e681519c03efa38779164,dongchedi_usedcar_series,2026-07-08T22:04:53+08:00
1010,15,马自达,马自达8,https://p3-dcd.byteimg.com/motor-mis-img/8130a958bed12081c4d330d52a387eb2~tplv-f042mdwyw7-original:tplv-resize:640:0.image?psm=motor.pc_sh.api,b569dae10e158545ac56accf,1,0,,20838319b457a9d006ccfdf8,dongchedi_usedcar_series,2026-07-08T22:04:53+08:00
1011,15,马自达,马自达2,https://p3-dcd.byteimg.com/motor-mis-img/66297aec8741ef20d224b226ef591372~tplv-f042mdwyw7-original:tplv-resize:640:0.image?psm=motor.pc_sh.api,7f102a693217dd62a9d19a6d,1,0,,66000d3f2392d9a7814f0c9e,dongchedi_usedcar_series,2026-07-08T22:04:53+08:00
1012,15,马自达,马自达2劲翔,https://p3-dcd.byteimg.com/motor-mis-img/c00b052cc11d2008c99d0d9e9c262722~tplv-f042mdwyw7-original:tplv-resize:640:0.image?psm=motor.pc_sh.api,a9edc972b0f89a0836ec1851,1,0,,d15029d6069a039e284087df,dongchedi_usedcar_series,2026-07-08T22:04:53+08:00
1013,15,马自达,马自达3,https://p3-dcd.byteimg.com/motor-mis-img/f8226551d0f490c472db3b03f2c02ec5~tplv-f042mdwyw7-original:tplv-resize:640:0.image?psm=motor.pc_sh.api,80e65d3388517bb0103fecc9,1,0,,d1bcd4beb4f95b3bf99d8ee5,dongchedi_usedcar_series,2026-07-08T22:04:53+08:00
1014,15,马自达,马自达3 昂克赛拉,https://p9-dcd.byteimg.com/motor-mis-img/2ed9950bbf60e473727cf3735528e032~tplv-resize:640:0.png?psm=motor.rank.data,1426b464d84e1515fe3ddb38,3,2,,9159daa09cbc1dd9864a962e,dongchedi_ranking|dongchedi_usedcar_series,2026-07-08T22:04:53+08:00
1015,15,马自达,马自达3星骋,https://p3-dcd.byteimg.com/motor-mis-img/e86bf837e11169113563d6bd7e055daa~tplv-f042mdwyw7-original:tplv-resize:640:0.image?psm=motor.pc_sh.api,85f6f4f3cacd197da53f0d91,1,0,,855c62ce1ab60d3361ed1087,dongchedi_usedcar_series,2026-07-08T22:04:53+08:00
1016,15,马自达,马自达CX-5,https://p9-dcd.byteimg.com/tos-cn-i-dcdx/cd0afa2cba3f4fba8cfdac2c4417a60b~tplv-resize:640:0.png?psm=motor.rank.data,5f43b9c15e5bd021c75aa37a,3,2,,7fae30fd75eb1aa6c5fd11bc,dongchedi_ranking|dongchedi_usedcar_series,2026-07-08T22:04:53+08:00
1017,45,玛莎拉蒂,Ghibli,https://p3-dcd.byteimg.com/motor-mis-img/19ad00a7cc511ccfb55c320da7475880~tplv-f042mdwyw7-original:tplv-resize:640:0.image?psm=motor.pc_sh.api,fe88f860dec95f15d6349ddf,1,0,,6e8e144d72feeafeba1c6439,dongchedi_usedcar_series,2026-07-08T22:04:53+08:00
1018,45,玛莎拉蒂,总裁,https://p3-dcd.byteimg.com/motor-mis-img/397acbe9d79cf5dbb0e01b68f3361476~tplv-f042mdwyw7-original:tplv-resize:640:0.image?psm=motor.pc_sh.api,b17e42c2fcaa4e5887729a9e,1,0,,6bb2bdcaa81f9e4fc7f0d731,dongchedi_usedcar_series,2026-07-08T22:04:53+08:00
1019,45,玛莎拉蒂,GranTurismo,https://p3-dcd.byteimg.com/tos-cn-i-dcdx/abb234a246b14f1f8e352b2fa33475f8~tplv-f042mdwyw7-original:tplv-resize:640:0.image?psm=motor.pc_sh.api,a243d3298363974e4b9aedcd,1,0,,6928e2e162ac296247614df3,dongchedi_usedcar_series,2026-07-08T22:04:53+08:00
1020,45,玛莎拉蒂,GranCabrio,https://p3-dcd.byteimg.com/tos-cn-i-dcdx/75d401244d6f4a9b8bbab79f7a706102~tplv-f042mdwyw7-original:tplv-resize:640:0.image?psm=motor.pc_sh.api,997f5ff88ac192f7900e093f,1,0,,7a50c89df64291200c6323f1,dongchedi_usedcar_series,2026-07-08T22:04:53+08:00
1023,45,玛莎拉蒂,Levante,https://p3-dcd.byteimg.com/tos-cn-i-dcdx/0078a349c69e4737b40271f8dbe7ada9~tplv-f042mdwyw7-original:tplv-resize:640:0.image?psm=motor.pc_sh.api,8dde7bc33a1f50e146ad0db4,1,0,,b104089df4d1ec22d34f7f95,dongchedi_usedcar_series,2026-07-08T22:04:53+08:00
1024,25,迈巴赫,迈巴赫,https://p3-dcd.byteimg.com/motor-mis-img/4e39efce8c7f396c2d7ec729621eb2d4~tplv-f042mdwyw7-original:tplv-resize:640:0.image?psm=motor.pc_sh.api,01de7ed4054740f99614b4d4,1,0,,e15eb87e5f3a3cd9e3762e15,dongchedi_usedcar_series,2026-07-08T22:04:53+08:00
1025,86,迈凯伦,迈凯伦12C,https://p3-dcd.byteimg.com/motor-mis-img/c72380578b37fb67cb7799ae603ec3cb~tplv-f042mdwyw7-original:tplv-resize:640:0.image?psm=motor.pc_sh.api,9c52056da3ec5cf10515efc7,1,0,,b800f72a1edaeb7104ac6e39,dongchedi_usedcar_series,2026-07-08T22:04:53+08:00
1026,86,迈凯伦,迈凯伦540C,https://p3-dcd.byteimg.com/motor-mis-img/7d15881ffde663805e16b7b1934f78ce~tplv-f042mdwyw7-original:tplv-resize:640:0.image?psm=motor.pc_sh.api,fc01b34a1c4f6d9c9af5cf4d,1,0,,82c65d3d95c05810ab44ba6e,dongchedi_usedcar_series,2026-07-08T22:04:53+08:00
1027,86,迈凯伦,迈凯伦570GT,https://p3-dcd.byteimg.com/motor-mis-img/54e990759495916e28472c7463d2bce6~tplv-f042mdwyw7-original:tplv-resize:640:0.image?psm=motor.pc_sh.api,05de53f93e708840b93b624b,1,0,,48579f306df1375172ca31dd,dongchedi_usedcar_series,2026-07-08T22:04:53+08:00
1028,86,迈凯伦,迈凯伦570S,https://p3-dcd.byteimg.com/motor-mis-img/e58a3e364fc7e32ee6ecaf5886293e23~tplv-f042mdwyw7-original:tplv-resize:640:0.image?psm=motor.pc_sh.api,11a1fd01d10b7d7d97e04130,1,0,,4554c5c9d2d2437d993e541f,dongchedi_usedcar_series,2026-07-08T22:04:53+08:00
1029,86,迈凯伦,迈凯伦625C,https://p3-dcd.byteimg.com/motor-mis-img/1346c283d8ddb4d8a3b098b7ce22d713~tplv-f042mdwyw7-original:tplv-resize:640:0.image?psm=motor.pc_sh.api,4028aa74662aa58ecb98ef53,1,0,,7f71b72137a84114afb32ece,dongchedi_usedcar_series,2026-07-08T22:04:53+08:00
1030,86,迈凯伦,迈凯伦650S,https://p3-dcd.byteimg.com/motor-mis-img/083fef2cf100d419732c3022999c2b0c~tplv-f042mdwyw7-original:tplv-resize:640:0.image?psm=motor.pc_sh.api,516ff13abf6f2381b662002e,1,0,,125d353161e65a8410e46235,dongchedi_usedcar_series,2026-07-08T22:04:53+08:00
1031,86,迈凯伦,迈凯伦675LT,https://p3-dcd.byteimg.com/motor-mis-img/58c6d529ca81d3d081c74e809a017b1d~tplv-f042mdwyw7-original:tplv-resize:640:0.image?psm=motor.pc_sh.api,a6e69df64261a38d69f9abdb,1,0,,67e8632f967561931d3c9c91,dongchedi_usedcar_series,2026-07-08T22:04:53+08:00
1032,86,迈凯伦,迈凯伦720S,https://p3-dcd.byteimg.com/motor-mis-img/e93ade88a43e71c6991080525331c740~tplv-f042mdwyw7-original:tplv-resize:640:0.image?psm=motor.pc_sh.api,c6322a28ae1c2d388887365f,1,0,,1366b05a98857eef5aabc701,dongchedi_usedcar_series,2026-07-08T22:04:53+08:00
1033,86,迈凯伦,迈凯伦P1,https://p3-dcd.byteimg.com/tos-cn-i-dcdx/5d4c408460dd4fda8540f79ca4517429~tplv-f042mdwyw7-original:tplv-resize:640:0.image?psm=motor.pc_sh.api,a4056ea975c3cd47ff37213e,1,0,,fdb8e273d3873acf7b548abe,dongchedi_usedcar_series,2026-07-08T22:04:53+08:00
1037,147,摩根,摩根Plus 4,https://p3-dcd.byteimg.com/tos-cn-i-dcdx/e72ce365d0c64ab5932e8b7759bfce64~tplv-f042mdwyw7-original:tplv-resize:640:0.image?psm=motor.pc_sh.api,6b70b6915bb91a3021f42c87,1,0,,1e698c7bcda0fb61263dcd06,dongchedi_usedcar_series,2026-07-08T22:04:53+08:00
1040,147,摩根,摩根Aero 8,https://p3-dcd.byteimg.com/motor-mis-img/1f851926ba3cb0d616a500ed425f6573~tplv-f042mdwyw7-original:tplv-resize:640:0.image?psm=motor.pc_sh.api,e736bbb17d146c5bc9b21116,1,0,,075ae305fa0b52bbcdf2a34c,dongchedi_usedcar_series,2026-07-08T22:04:53+08:00
1041,87,纳智捷,锐3,https://p3-dcd.byteimg.com/motor-mis-img/cc02145e423013d73bb0a23223bb888a~tplv-f042mdwyw7-original:tplv-resize:640:0.image?psm=motor.pc_sh.api,1cfcad37c3f3a703ee096df7,1,0,,d6488807c6f058d8780e03ca,dongchedi_usedcar_series,2026-07-08T22:04:53+08:00
1042,87,纳智捷,纳5,https://p3-dcd.byteimg.com/motor-mis-img/e9b44a7e09f1f64f7ddd235b45d0e537~tplv-f042mdwyw7-original:tplv-resize:640:0.image?psm=motor.pc_sh.api,402e518a18e226e331797e87,1,0,,194532c8a9a1e7efbdac8482,dongchedi_usedcar_series,2026-07-08T22:04:53+08:00
1043,87,纳智捷,优6 SUV,https://p3-dcd.byteimg.com/motor-mis-img/f79e821a780eca2a8e4f3a4563d54b2a~tplv-f042mdwyw7-original:tplv-resize:640:0.image?psm=motor.pc_sh.api,9b2a136f5fb08167f792e9e1,1,0,,aacaf357c1b0d34bb79ea955,dongchedi_usedcar_series,2026-07-08T22:04:53+08:00
1044,87,纳智捷,大7 SUV,https://p3-dcd.byteimg.com/motor-mis-img/7069c4a7464ed3b981cb84d56fd29bb8~tplv-f042mdwyw7-original:tplv-resize:640:0.image?psm=motor.pc_sh.api,317d97441cc9fc59bce6a7ee,1,0,,efe1b516e3385c6646544bec,dongchedi_usedcar_series,2026-07-08T22:04:53+08:00
1046,87,纳智捷,大7 MPV,https://p3-dcd.byteimg.com/motor-mis-img/0b23198129a028db0d6c9c207c454da2~tplv-f042mdwyw7-original:tplv-resize:640:0.image?psm=motor.pc_sh.api,afbe7f329bce028e7d0ab166,1,0,,6f966e306843ac5e508ab262,dongchedi_usedcar_series,2026-07-08T22:04:53+08:00
1048,38,讴歌,讴歌CDX,https://p9-dcd.byteimg.com/motor-mis-img/a0aa092a9c391676893111962274869c~tplv-f042mdwyw7-original:tplv-resize:640:0.image?psm=motor.pc_sh.api,642f9af64dca246a5c346970,1,0,,bf0c4574519a288a786f2d02,dongchedi_usedcar_series,2026-07-08T22:04:53+08:00
1049,38,讴歌,讴歌ILX,https://p9-dcd.byteimg.com/tos-cn-i-dcdx/36b14bd8021b4684bcdfc4214c3a2c90~tplv-f042mdwyw7-original:tplv-resize:640:0.image?psm=motor.pc_sh.api,87fbbf8c5a77c5259f207f67,1,0,,9428b759f0dd4874e3b43147,dongchedi_usedcar_series,2026-07-08T22:04:53+08:00
1050,38,讴歌,讴歌TLX,https://p9-dcd.byteimg.com/motor-mis-img/1ca4198439cfad3af1884cc8336f6ee1~tplv-f042mdwyw7-original:tplv-resize:640:0.image?psm=motor.pc_sh.api,a6c380ece5d3077261c52792,1,0,,81e16ef39207ba4f072cfad3,dongchedi_usedcar_series,2026-07-08T22:04:53+08:00
1051,38,讴歌,讴歌TL,https://p9-dcd.byteimg.com/motor-mis-img/b732a7bf58dc23641fe93fdddbcdb700~tplv-f042mdwyw7-original:tplv-resize:640:0.image?psm=motor.pc_sh.api,0ced7d123ef91846abccec9d,1,0,,352627f1e95ec200ac713813,dongchedi_usedcar_series,2026-07-08T22:04:53+08:00
1052,38,讴歌,讴歌RLX,https://p9-dcd.byteimg.com/motor-mis-img/529819aa805a70ec37bcd480b05f499c~tplv-f042mdwyw7-original:tplv-resize:640:0.image?psm=motor.pc_sh.api,38d200dfa11c7292fa7d1158,1,0,,4398d5f217c81257c1c394a1,dongchedi_usedcar_series,2026-07-08T22:04:53+08:00
1054,38,讴歌,讴歌RDX(进口),https://p9-dcd.byteimg.com/motor-mis-img/d26b1d3d40498f897cc4ff1c381196fd~tplv-f042mdwyw7-original:tplv-resize:640:0.image?psm=motor.pc_sh.api,95c81a0f9130a179f895097f,1,0,,e0d52e5d22a3bdc23573952f,dongchedi_usedcar_series,2026-07-08T22:04:53+08:00
1055,38,讴歌,讴歌ZDX,https://p9-dcd.byteimg.com/motor-mis-img/9a05637b08457c828d9a08bd0ad5968a~tplv-f042mdwyw7-original:tplv-resize:640:0.image?psm=motor.pc_sh.api,9b7d8d78872432d441e466a0,1,0,,99fcfd5df86d708b74520780,dongchedi_usedcar_series,2026-07-08T22:04:53+08:00
1056,38,讴歌,讴歌MDX,https://p9-dcd.byteimg.com/motor-mis-img/da48b7a503f8900262185c3d0cf6b88e~tplv-f042mdwyw7-original:tplv-resize:640:0.image?psm=motor.pc_sh.api,d92a729dc20956eb3129039a,1,0,,2ba04738e47ede83e068b40e,dongchedi_usedcar_series,2026-07-08T22:04:53+08:00
1058,75,欧宝,雅特,https://p9-dcd.byteimg.com/tos-cn-i-dcdx/a04ff8f40d6c416495a2a5290cb2ffb1~tplv-f042mdwyw7-original:tplv-resize:640:0.image?psm=motor.pc_sh.api,47808470217c61953f2f5fea,1,0,,c6efc3314d3e169eef5735f3,dongchedi_usedcar_series,2026-07-08T22:04:53+08:00
1059,75,欧宝,威达,https://p9-dcd.byteimg.com/motor-mis-img/66de7cbba600213645d58facbc48e81f~tplv-f042mdwyw7-original:tplv-resize:640:0.image?psm=motor.pc_sh.api,583a55af47656746459a13e7,1,0,,add406b8dd661516108c0c53,dongchedi_usedcar_series,2026-07-08T22:04:53+08:00
1061,75,欧宝,安德拉,https://p9-dcd.byteimg.com/motor-mis-img/ff07e4d60c113e49cc7d0cfb0b442686~tplv-f042mdwyw7-original:tplv-resize:640:0.image?psm=motor.pc_sh.api,fdc367b70ac42b1c28ae8ed1,1,0,,6fe17dc3e2310e112deb1658,dongchedi_usedcar_series,2026-07-08T22:04:53+08:00
1062,75,欧宝,赛飞利,https://p9-dcd.byteimg.com/motor-mis-img/c9c14e74f095ab4e2449097ac08a6b9c~tplv-f042mdwyw7-original:tplv-resize:640:0.image?psm=motor.pc_sh.api,5dd384333044d860377be43d,1,0,,2519fe4eb5b3314c0662484b,dongchedi_usedcar_series,2026-07-08T22:04:53+08:00
1064,110,欧朗,欧朗,https://p9-dcd.byteimg.com/motor-mis-img/770483dc658a0538e2aa4c3fae67c7f5~tplv-f042mdwyw7-original:tplv-resize:640:0.image?psm=motor.pc_sh.api,e57b8b01d7a37c8e1980e370,1,0,,8344807f226f71c7e64125ce,dongchedi_usedcar_series,2026-07-08T22:04:53+08:00
1069,18,奇瑞,奇瑞QQ,https://p3-dcd.byteimg.com/motor-mis-img/75ebc0537a4da1007b6423b40186b2b5~tplv-f042mdwyw7-original:tplv-resize:640:0.image?psm=motor.pc_sh.api,406c3fcc4fb477507fe506d0,1,0,,5481fc5d6af263482085d330,dongchedi_usedcar_series,2026-07-08T22:04:53+08:00
1070,18,奇瑞,奇瑞QQ3,https://p3-dcd.byteimg.com/motor-mis-img/72c168d331e0ee2ca885493470baa5be~tplv-f042mdwyw7-original:tplv-resize:640:0.image?psm=motor.pc_sh.api,9cb700379f74bb42fd80ea3b,1,0,,a14e540c1ea571b1717f3848,dongchedi_usedcar_series,2026-07-08T22:04:53+08:00
1074,18,奇瑞,风云2,https://p3-dcd.byteimg.com/motor-mis-img/316bb7a2752b2442fa0efbae39af3ebb~tplv-f042mdwyw7-original:tplv-resize:640:0.image?psm=motor.pc_sh.api,cf6f35737903b709180c3ddc,1,0,,ac1a746a4b49e08bae68d622,dongchedi_usedcar_series,2026-07-08T22:04:53+08:00
1075,18,奇瑞,奇瑞E3,https://p3-dcd.byteimg.com/motor-mis-img/8aed711d2086c950d1523acc498268d6~tplv-f042mdwyw7-original:tplv-resize:640:0.image?psm=motor.pc_sh.api,131d7a610adf6f743a4533d8,1,0,,b71751822590ab397e125365,dongchedi_usedcar_series,2026-07-08T22:04:53+08:00
1078,18,奇瑞,旗云2,https://p3-dcd.byteimg.com/motor-mis-img/d0183d8db695ed2d396d911586c896e8~tplv-f042mdwyw7-original:tplv-resize:640:0.image?psm=motor.pc_sh.api,2db5f10699bdfd1510608731,1,0,,e8395f921655c3ce161458fa,dongchedi_usedcar_series,2026-07-08T22:04:53+08:00
1079,18,奇瑞,奇瑞E5,https://p3-dcd.byteimg.com/motor-mis-img/7f214f50cee7105dc3d722983e835eea~tplv-f042mdwyw7-original:tplv-resize:640:0.image?psm=motor.pc_sh.api,75fcb148a76d946c507775ac,1,0,,fe5b83013ec4de19f1cf55c3,dongchedi_usedcar_series,2026-07-08T22:04:53+08:00
1080,18,奇瑞,艾瑞泽3,https://p3-dcd.byteimg.com/motor-mis-img/48f4a79d2ba7e7cd8f1d316171c021a7~tplv-f042mdwyw7-original:tplv-resize:640:0.image?psm=motor.pc_sh.api,cb3a7ef43a398348853f2b38,1,0,,34be7cdeef2d43ccc7696d88,dongchedi_usedcar_series,2026-07-08T22:04:53+08:00
1081,18,奇瑞,艾瑞泽5,https://p9-dcd.byteimg.com/tos-cn-i-dcdx/0e2331b1cedf4623bdb7a813bfcc2c2f~tplv-resize:640:0.png?psm=motor.rank.data,10c0bc925c6c186ba0d6a133,3,2,,0458683b164f5101981b0c80,dongchedi_ranking|dongchedi_usedcar_series,2026-07-08T22:04:53+08:00
1082,18,奇瑞,艾瑞泽7,https://p3-dcd.byteimg.com/motor-mis-img/8d20720dc02826910045d5af1ff9ecd5~tplv-f042mdwyw7-original:tplv-resize:640:0.image?psm=motor.pc_sh.api,c096b59ad0ab11cf1cddd5c1,1,0,,c8c7e7f61412c71eae4f704d,dongchedi_usedcar_series,2026-07-08T22:04:53+08:00
1083,461,奇瑞新能源,艾瑞泽7e,https://p3-dcd.byteimg.com/motor-mis-img/7d2800b576d3e1d0b81b083cc7b56ccd~tplv-f042mdwyw7-original:tplv-resize:640:0.image?psm=motor.pc_sh.api,8843e9085ba6ff9323f27667,1,0,,eabc37b657ca20afc4c704f5,dongchedi_usedcar_series,2026-07-08T22:04:53+08:00
1085,18,奇瑞,奇瑞A3,https://p3-dcd.byteimg.com/motor-mis-img/0608f3762d3b1f83c039be69ac2d920f~tplv-f042mdwyw7-original:tplv-resize:640:0.image?psm=motor.pc_sh.api,c91c6af10cd6d3588887a59e,1,0,,8c06d34c94f13ebdd7db4802,dongchedi_usedcar_series,2026-07-08T22:04:53+08:00
1087,18,奇瑞,旗云3,https://p3-dcd.byteimg.com/motor-mis-img/51c0d03f9fce538f8636d800b1db2ba2~tplv-f042mdwyw7-original:tplv-resize:640:0.image?psm=motor.pc_sh.api,09894618b0bd67ae165e3230,1,0,,2233d4e658531e54b4ea6601,dongchedi_usedcar_series,2026-07-08T22:04:53+08:00
1090,18,奇瑞,瑞虎,https://p3-dcd.byteimg.com/motor-mis-img/826ee1470a7139d56d029e68d93f8c2a~tplv-f042mdwyw7-original:tplv-resize:640:0.image?psm=motor.pc_sh.api,5bc749a701848ad128a267d0,1,0,,1da937900d50b9c05205240c,dongchedi_usedcar_series,2026-07-08T22:04:53+08:00
1091,18,奇瑞,瑞虎3,https://p3-dcd.byteimg.com/motor-mis-img/ada1883322534c9ccb458efe4e521eda~tplv-f042mdwyw7-original:tplv-resize:640:0.image?psm=motor.pc_sh.api,5ad1700931c88c7f2d4da461,1,0,,923e9274e879feded21e01a3,dongchedi_usedcar_series,2026-07-08T22:04:53+08:00
1092,18,奇瑞,瑞虎3x,https://p9-dcd.byteimg.com/tos-cn-i-dcdx/359e33695ba04757bb83246794819b05~tplv-resize:640:0.png?psm=motor.rank.data,471494b4525fdaaefc77856a,3,2,,f0a208bbac6d7cee8f93ab88,dongchedi_ranking|dongchedi_usedcar_series,2026-07-08T22:04:53+08:00
1093,18,奇瑞,瑞虎5,https://p3-dcd.byteimg.com/tos-cn-i-dcdx/384b5a09751747ab82e61a52dd2d0c82~tplv-f042mdwyw7-original:tplv-resize:640:0.image?psm=motor.pc_sh.api,bf36ca7b1c374b6520feeed7,1,0,,a348b393eb749d3d480a05ac,dongchedi_usedcar_series,2026-07-08T22:04:53+08:00
1094,18,奇瑞,瑞虎7,https://p9-dcd.byteimg.com/tos-cn-i-dcdx/01231c487de2420c97dcc2aa19f8acc7~tplv-resize:640:0.png?psm=motor.rank.data,588665b8d3a49ef031887043,3,2,,3e933c116c9b171ae0187338,dongchedi_ranking|dongchedi_usedcar_series,2026-07-08T22:04:53+08:00
1095,18,奇瑞,奇瑞X1,https://p3-dcd.byteimg.com/motor-mis-img/ca143f29ac61cd847046b05cbc1e2622~tplv-f042mdwyw7-original:tplv-resize:640:0.image?psm=motor.pc_sh.api,bdce2d08255b5462d92db2fc,1,0,,e57efc09e6f20f8a3daedb22,dongchedi_usedcar_series,2026-07-08T22:04:53+08:00
1096,18,奇瑞,艾瑞泽M7,https://p3-dcd.byteimg.com/motor-mis-img/8362913641770cba4c39708bef24d668~tplv-f042mdwyw7-original:tplv-resize:640:0.image?psm=motor.pc_sh.api,1bbd31a9c63dccd5b5f1afa0,1,0,,3f5f13d5648f3b76b8ca8a28,dongchedi_usedcar_series,2026-07-08T22:04:53+08:00
1101,10444,奇瑞QQ,小蚂蚁,https://p9-dcd.byteimg.com/tos-cn-i-dcdx/166dfd7880d448e6b903038726786f97~tplv-resize:640:0.png?psm=motor.rank.data,cf17b6e986b9ddc808ed1922,3,2,,1e74eb3273a38559fcb4e875,dongchedi_ranking|dongchedi_usedcar_series,2026-07-08T22:04:53+08:00
1102,109,启辰,启辰D50,https://p3-dcd.byteimg.com/motor-mis-img/717c69de1d6753255a273cf64ec0205f~tplv-f042mdwyw7-original:tplv-resize:640:0.image?psm=motor.pc_sh.api,f897dcf124285732af95ada2,1,0,,44d00165cdc253c26185c0a2,dongchedi_usedcar_series,2026-07-08T22:04:53+08:00
1103,109,启辰,启辰R50,https://p3-dcd.byteimg.com/motor-mis-img/b51bc0db26a7a5ebac9c2c38a1bd658c~tplv-f042mdwyw7-original:tplv-resize:640:0.image?psm=motor.pc_sh.api,5ce10f1a9a4dca2398ca0a21,1,0,,eeeb5209ffea6cd92cf443d1,dongchedi_usedcar_series,2026-07-08T22:04:53+08:00
1104,109,启辰,晨风,https://p3-dcd.byteimg.com/motor-mis-img/6b336734cab2b538e81d332c341c09c8~tplv-f042mdwyw7-original:tplv-resize:640:0.image?psm=motor.pc_sh.api,439f8be4849718e6d6919d3c,1,0,,2f26b457cec19e1fb6dfed64,dongchedi_usedcar_series,2026-07-08T22:04:53+08:00
1105,109,启辰,启辰R50X,https://p3-dcd.byteimg.com/motor-mis-img/94e9d1dfbadde02c2b7993dda7432b1a~tplv-f042mdwyw7-original:tplv-resize:640:0.image?psm=motor.pc_sh.api,daacbf31dc1f30635a1283f6,1,0,,8571d83e34d0b60e3d5bd598,dongchedi_usedcar_series,2026-07-08T22:04:53+08:00
1106,109,启辰,启辰T70,https://p3-dcd.byteimg.com/motor-mis-img/085945cab4032e013eee9733e0cb7807~tplv-f042mdwyw7-original:tplv-resize:640:0.image?psm=motor.pc_sh.api,e525532e8422e4ede348762f,1,0,,f8250b0d22b08c9a530d867e,dongchedi_usedcar_series,2026-07-08T22:04:53+08:00
1107,109,启辰,启辰T70X,https://p3-dcd.byteimg.com/motor-mis-img/87dd4f5ae11502746549d09079c394d3~tplv-f042mdwyw7-original:tplv-resize:640:0.image?psm=motor.pc_sh.api,efdb05d74a293b3e4503c4c7,1,0,,90bcb83f079c0f0e13cc9561,dongchedi_usedcar_series,2026-07-08T22:04:53+08:00
1108,109,启辰,启辰T90,https://p3-dcd.byteimg.com/motor-mis-img/47126c53a34ea92145ee7f48e0d97b47~tplv-f042mdwyw7-original:tplv-resize:640:0.image?psm=motor.pc_sh.api,17afc3905078cef7d7df64a8,1,0,,d2ca756a99f507c0e7f63330,dongchedi_usedcar_series,2026-07-08T22:04:53+08:00
1109,109,启辰,启辰M50V,https://p3-dcd.byteimg.com/motor-mis-img/7a1da0121fcfc90f8a6c92d656dcd2d8~tplv-f042mdwyw7-original:tplv-resize:640:0.image?psm=motor.pc_sh.api,ecd2e894bc9558a8b4933303,1,0,,b42ea8ebfaacdee9a6a6ce61,dongchedi_usedcar_series,2026-07-08T22:04:53+08:00
1110,13,起亚,秀尔,https://p3-dcd.byteimg.com/motor-mis-img/72cf6c2d39e2898a1abc068e8621ed6c~tplv-f042mdwyw7-original:tplv-resize:640:0.image?psm=motor.pc_sh.api,5fb3bfd5ae878c572fc3c027,1,0,,6086540c90af6ab9b9d4ceba,dongchedi_usedcar_series,2026-07-08T22:04:53+08:00
1113,13,起亚,赛拉图,https://p3-dcd.byteimg.com/motor-mis-img/b9acefeb4fe38083df04e2c099564fc0~tplv-f042mdwyw7-original:tplv-resize:640:0.image?psm=motor.pc_sh.api,6e54bd79f41ab67020f3a38f,1,0,,29f8265bbd3a91bb78dbb9e4,dongchedi_usedcar_series,2026-07-08T22:04:53+08:00
1114,13,起亚,福瑞迪,https://p3-dcd.byteimg.com/motor-mis-img/497d7cb9d9e5cd30e9a612c9ea8db020~tplv-f042mdwyw7-original:tplv-resize:640:0.image?psm=motor.pc_sh.api,9145115ed26a43e7efb891d4,1,0,,c789fc225c662ef61d56d566,dongchedi_usedcar_series,2026-07-08T22:04:53+08:00
1115,13,起亚,起亚K2,https://p3-dcd.byteimg.com/motor-mis-img/c58e0f33942d9b1c936c8681b8a94ab7~tplv-f042mdwyw7-original:tplv-resize:640:0.image?psm=motor.pc_sh.api,c91c7b446c3ac8db73dbfa9c,1,0,,a2a8d12a3fcfbde66be8811f,dongchedi_usedcar_series,2026-07-08T22:04:53+08:00
1116,13,起亚,起亚K3,https://p9-dcd.byteimg.com/tos-cn-i-dcdx/81a74eb8a0cb46ec824cc09dab00eba3~tplv-resize:640:0.png?psm=motor.rank.data,d226832fd9dc24d4090156e5,3,2,,7fe0d13fc7aad727f5c70994,dongchedi_ranking|dongchedi_usedcar_series,2026-07-08T22:04:53+08:00
1117,13,起亚,起亚K3S,https://p3-dcd.byteimg.com/motor-mis-img/5fc6262f49b900d2974fe54b8d2e1dc2~tplv-f042mdwyw7-original:tplv-resize:640:0.image?psm=motor.pc_sh.api,fc011f22d5b905af345ffa26,1,0,,6d28a343e28ec8caee064e89,dongchedi_usedcar_series,2026-07-08T22:04:53+08:00
1118,13,起亚,起亚K4,https://p3-dcd.byteimg.com/motor-mis-img/e8495e8581d3094c2d8fbc452cf019ab~tplv-f042mdwyw7-original:tplv-resize:640:0.image?psm=motor.pc_sh.api,0b0e9ca9e00673c97dd3b9d9,1,0,,c645df3d1d50a373ea8a909b,dongchedi_usedcar_series,2026-07-08T22:04:53+08:00
1119,13,起亚,起亚K5,https://p9-dcd.byteimg.com/tos-cn-i-dcdx/d859e80b81284db18db7651b9f176b75~tplv-resize:640:0.png?psm=motor.rank.data,682e28ad8419f911685dfb79,3,2,,b17b5885c1db6b1c1f5686d6,dongchedi_ranking|dongchedi_usedcar_series,2026-07-08T22:04:53+08:00
1120,13,起亚,远舰,https://p3-dcd.byteimg.com/motor-mis-img/a79e992a320912a439318cccca049551~tplv-f042mdwyw7-original:tplv-resize:640:0.image?psm=motor.pc_sh.api,2501febcc318b67b9b5fef09,1,0,,47ba48db97721129565d3af7,dongchedi_usedcar_series,2026-07-08T22:04:53+08:00
1121,13,起亚,傲跑,https://p3-dcd.byteimg.com/motor-mis-img/3372af9aa7c3ea4724e0b8809add1ff0~tplv-f042mdwyw7-original:tplv-resize:640:0.image?psm=motor.pc_sh.api,b3f9559cabdcc125bc80e5ed,1,0,,7064a18cd62e2a4af27ec73d,dongchedi_usedcar_series,2026-07-08T22:04:53+08:00
1122,13,起亚,狮跑,https://p3-dcd.byteimg.com/motor-mis-img/c0d92ee6f110daf75860e113e0c7c18a~tplv-f042mdwyw7-original:tplv-resize:640:0.image?psm=motor.pc_sh.api,d65e66eaf1d9fb2a0e082be6,1,0,,40dbd3a3ae86a5e5c8124f5c,dongchedi_usedcar_series,2026-07-08T22:04:53+08:00
1123,13,起亚,智跑,https://p9-dcd.byteimg.com/motor-mis-img/93ee7cb27ef156bcbacc11dc008960e1~tplv-resize:640:0.png?psm=motor.rank.data,13c4c66a98148b6544e361be,3,2,,24bbd1ee9e47f33e61c87b8a,dongchedi_ranking|dongchedi_usedcar_series,2026-07-08T22:04:53+08:00
1124,13,起亚,起亚KX5,https://p3-dcd.byteimg.com/motor-mis-img/7a7ea3a5bd5dbd8a2720a0b76c487c94~tplv-f042mdwyw7-original:tplv-resize:640:0.image?psm=motor.pc_sh.api,cbe83309042e1a32f7948b5e,1,0,,e608231c6c16baab31179f2e,dongchedi_usedcar_series,2026-07-08T22:04:53+08:00
1125,13,起亚,起亚KX7,https://p3-dcd.byteimg.com/motor-mis-img/1e70eb3d63053f22c7cbb2ef60118794~tplv-f042mdwyw7-original:tplv-resize:640:0.image?psm=motor.pc_sh.api,720e56c85dbb48c7d72252da,1,0,,e6ce8cae1e2ef194b285d313,dongchedi_usedcar_series,2026-07-08T22:04:53+08:00
1126,13,起亚,嘉华,https://p9-dcd.byteimg.com/motor-mis-img/c6ac1024c4633112f738ffc8fc41b52c~tplv-resize:640:0.png?psm=motor.rank.data,ae6752fe3972e6351623d9fc,3,2,,1052371f59d476a467422923,dongchedi_ranking|dongchedi_usedcar_series,2026-07-08T22:04:53+08:00
1127,13,起亚,凯尊,https://p3-dcd.byteimg.com/motor-mis-img/1d6fc28152dd66fef6fad4ca32362240~tplv-f042mdwyw7-original:tplv-resize:640:0.image?psm=motor.pc_sh.api,180ab6db679c8976052b89e7,1,0,,999efa71f9c349335705085a,dongchedi_usedcar_series,2026-07-08T22:04:53+08:00
1130,13,起亚,欧菲莱斯,https://p3-dcd.byteimg.com/motor-mis-img/363a560fb9bb4e5b8d86d6c8727991b1~tplv-f042mdwyw7-original:tplv-resize:640:0.image?psm=motor.pc_sh.api,8be4187439b89eccb3f9ecd2,1,0,,90ceb89d5814866d97051018,dongchedi_usedcar_series,2026-07-08T22:04:53+08:00
1131,13,起亚,极睿,https://p3-dcd.byteimg.com/tos-cn-i-dcdx/cccd4548888442a6911c83321816f24b~tplv-f042mdwyw7-original:tplv-resize:640:0.image?psm=motor.pc_sh.api,bfce335db5390a3de3309522,1,0,,6d3ccce235bcc7cc71b260d9,dongchedi_usedcar_series,2026-07-08T22:04:53+08:00
1133,13,起亚,索兰托,https://p3-dcd.byteimg.com/tos-cn-i-dcdx/f1f3bd18e71342988f6cc4aac3c4be41~tplv-f042mdwyw7-original:tplv-resize:640:0.image?psm=motor.pc_sh.api,3c6e1f38c64dc5a5ae2f91de,1,0,,619a187c1af8c70edf868042,dongchedi_usedcar_series,2026-07-08T22:04:53+08:00
1134,13,起亚,霸锐,https://p3-dcd.byteimg.com/motor-mis-img/615f954cc73900133861202a77628ea7~tplv-f042mdwyw7-original:tplv-resize:640:0.image?psm=motor.pc_sh.api,bc7e4ef551b38eebd876ef74,1,0,,7f89708100655699a50a3731,dongchedi_usedcar_series,2026-07-08T22:04:53+08:00
1135,13,起亚,佳乐,https://p3-dcd.byteimg.com/tos-cn-i-dcdx/971d5b8433624fab9a465a101c36267f~tplv-f042mdwyw7-original:tplv-resize:640:0.image?psm=motor.pc_sh.api,a0e58f0697e46f788f35e095,1,0,,17c51a659a70ea05ede92fd4,dongchedi_usedcar_series,2026-07-08T22:04:53+08:00
1136,13,起亚,起亚VQ,https://p3-dcd.byteimg.com/motor-mis-img/9a12998273e0b349909900ea8c904113~tplv-f042mdwyw7-original:tplv-resize:640:0.image?psm=motor.pc_sh.api,c2bbbb2def0888a218f2a483,1,0,,20046d2ec3131bd504114176,dongchedi_usedcar_series,2026-07-08T22:04:53+08:00
1137,13,起亚,嘉华(进口),https://p3-dcd.byteimg.com/tos-cn-i-dcdx/8c24c85a6d7c40d5a1b20676384fd82b~tplv-f042mdwyw7-original:tplv-resize:640:0.image?psm=motor.pc_sh.api,1c2a132d15880aa6f82da11b,1,0,,10e1ab36699ca1a727e625fe,dongchedi_usedcar_series,2026-07-08T22:04:53+08:00
1138,13,起亚,速迈,https://p3-dcd.byteimg.com/motor-mis-img/3b8d7380cd9566a9bdb7c2d51e083207~tplv-f042mdwyw7-original:tplv-resize:640:0.image?psm=motor.pc_sh.api,8e75d3a2249789ffdb40f026,1,0,,4fdde0a61ceaad5789a6f2f0,dongchedi_usedcar_series,2026-07-08T22:04:53+08:00
1139,149,前途,前途K50,https://p3-dcd.byteimg.com/motor-mis-img/b0378f52b622d1d88574e059d5ca6163~tplv-f042mdwyw7-original:tplv-resize:640:0.image?psm=motor.pc_sh.api,9559a1e30a57b2e11d98e665,1,0,,e84544a8fdee6afbccc904ce,dongchedi_usedcar_series,2026-07-08T22:04:53+08:00
1140,10,日产,玛驰,https://p3-dcd.byteimg.com/motor-mis-img/b4a70ff39f7c0db67e973d90b81225d8~tplv-f042mdwyw7-original:tplv-resize:640:0.image?psm=motor.pc_sh.api,c89e110dac7a9f5239a47f9f,1,0,,7ec6e89c6a901f5b61b3ad65,dongchedi_usedcar_series,2026-07-08T22:04:53+08:00
1141,10,日产,骊威,https://p3-dcd.byteimg.com/motor-mis-img/40def410e173528e935f6ca8e6e31c0d~tplv-f042mdwyw7-original:tplv-resize:640:0.image?psm=motor.pc_sh.api,f56d805f633fbd4808699d1e,1,0,,b65a5974ece5b279aea6f10a,dongchedi_usedcar_series,2026-07-08T22:04:53+08:00
1142,10,日产,阳光,https://p3-dcd.byteimg.com/motor-mis-img/5b376f2c414fe36afea3452adff44441~tplv-f042mdwyw7-original:tplv-resize:640:0.image?psm=motor.pc_sh.api,bd588aa45570863008219e14,1,0,,b78c79667f4cccdeb61e530a,dongchedi_usedcar_series,2026-07-08T22:04:53+08:00
1143,10,日产,骐达TIIDA,https://p9-dcd.byteimg.com/tos-cn-i-dcdx/1753d8b8b647468c85ad4e23746817c5~tplv-resize:640:0.png?psm=motor.rank.data,daaefe10865bd699271d0b50,3,2,,02ea00c150dd7b2bcb68f987,dongchedi_ranking|dongchedi_usedcar_series,2026-07-08T22:04:53+08:00
1144,10,日产,颐达,https://p3-dcd.byteimg.com/motor-mis-img/a2912bcb4ac6eb2e39e50ca1c823bc55~tplv-f042mdwyw7-original:tplv-resize:640:0.image?psm=motor.pc_sh.api,7561702b341c0b8af5d2bea6,1,0,,abb850cf29d362139962edb2,dongchedi_usedcar_series,2026-07-08T22:04:53+08:00
1145,10,日产,轩逸,https://p9-dcd.byteimg.com/tos-cn-i-dcdx/b4fb6a87e743456b85258d35e894b3f2~tplv-resize:640:0.png?psm=motor.rank.data,1177b372732ef91713a181f3,3,2,,8ac57d7d7ae7b4c4359f4999,dongchedi_ranking|dongchedi_usedcar_series,2026-07-08T22:04:53+08:00
1146,10,日产,蓝鸟,https://p3-dcd.byteimg.com/motor-mis-img/6a890b642bc57f51fada5de6db6af34d~tplv-f042mdwyw7-original:tplv-resize:640:0.image?psm=motor.pc_sh.api,73d4bfc95d9ac495e3a2ec29,1,0,,6f20c2f3e2eb0738478f7fc3,dongchedi_usedcar_series,2026-07-08T22:04:53+08:00
1147,10,日产,天籁,https://p9-dcd.byteimg.com/tos-cn-i-dcdx/c2bf4927aec74d8992f0676817dedb63~tplv-resize:640:0.png?psm=motor.rank.data,6f075fc5d5704354de13e620,3,2,,5521bf5347b22d533fdcb9bd,dongchedi_ranking|dongchedi_usedcar_series,2026-07-08T22:04:53+08:00
1148,10,日产,西玛,https://p3-dcd.byteimg.com/motor-mis-img/1a9884c718f589c88d8b1d2061f32a36~tplv-f042mdwyw7-original:tplv-resize:640:0.image?psm=motor.pc_sh.api,469c58bac2e74af9a6a7b963,1,0,,3e0819f36e3e14ed1fb7ca83,dongchedi_usedcar_series,2026-07-08T22:04:53+08:00
1150,10,日产,逍客,https://p9-dcd.byteimg.com/tos-cn-i-dcdx/b0ba10f07d0747ab9af74e9bac6acaf9~tplv-resize:640:0.png?psm=motor.rank.data,a297a343ad0434dd77da4d8f,3,2,,a23a06c35537231075256c82,dongchedi_ranking|dongchedi_usedcar_series,2026-07-08T22:04:53+08:00
1151,10,日产,奇骏,https://p9-dcd.byteimg.com/tos-cn-i-dcdx/cc727a5a167140a4a3eae546dfafb251~tplv-resize:640:0.png?psm=motor.rank.data,f9c423a7de9b5bb297fa93cc,3,2,,422435cc0682e57bba1d6dad,dongchedi_ranking|dongchedi_usedcar_series,2026-07-08T22:04:53+08:00
1152,10,日产,楼兰,https://p3-dcd.byteimg.com/tos-cn-i-dcdx/6b198431f20a40b0bab91e7df531f31c~tplv-f042mdwyw7-original:tplv-resize:640:0.image?psm=motor.pc_sh.api,f64739aff900656f991b9180,1,0,,dceab074f715550c78bad611,dongchedi_usedcar_series,2026-07-08T22:04:53+08:00
1153,10,日产,骏逸,https://p3-dcd.byteimg.com/motor-mis-img/e43563c021bbc367a7ea4785d4947f2b~tplv-f042mdwyw7-original:tplv-resize:640:0.image?psm=motor.pc_sh.api,53adc0cce6c35bec30574483,1,0,,7c631fc4b296a6c33c91c7c6,dongchedi_usedcar_series,2026-07-08T22:04:53+08:00
1154,10,日产,风度,https://p3-dcd.byteimg.com/motor-mis-img/e0ede59440448e03ad9de26e00204dc9~tplv-f042mdwyw7-original:tplv-resize:640:0.image?psm=motor.pc_sh.api,52a454eed24564c279043081,1,0,,7409e260591d059e89148a31,dongchedi_usedcar_series,2026-07-08T22:04:53+08:00
1155,10,日产,风雅,https://p3-dcd.byteimg.com/motor-mis-img/8d229c0a2aefd0f886b0ba61f5340504~tplv-f042mdwyw7-original:tplv-resize:640:0.image?psm=motor.pc_sh.api,0504633f979f2b6fef49bd40,1,0,,78e439914350d5956176c372,dongchedi_usedcar_series,2026-07-08T22:04:53+08:00
1159,10,日产,途乐,https://p3-dcd.byteimg.com/tos-cn-i-dcdx/f0186e5c700f4f8db42d316c9ec1e893~tplv-f042mdwyw7-original:tplv-resize:640:0.image?psm=motor.pc_sh.api,c39cf636772fc462bcf508be,1,0,,6f165bfaeb23ffe65bddffc1,dongchedi_usedcar_series,2026-07-08T22:04:53+08:00
1160,10,日产,贵士,https://p3-dcd.byteimg.com/motor-mis-img/860a6974a328981be65177e4d174a13f~tplv-f042mdwyw7-original:tplv-resize:640:0.image?psm=motor.pc_sh.api,9e1216b26a4090879eef5a87,1,0,,57e480e2719945b3ef7183dd,dongchedi_usedcar_series,2026-07-08T22:04:53+08:00
1161,10,日产,日产350Z,https://p3-dcd.byteimg.com/motor-mis-img/d9d3b4b56633e7536921ea5564f115d0~tplv-f042mdwyw7-original:tplv-resize:640:0.image?psm=motor.pc_sh.api,10153df9ce9c951dc01c39c2,1,0,,21f45634a660d4ddd99c10d4,dongchedi_usedcar_series,2026-07-08T22:04:53+08:00
1163,10,日产,日产GT-R,https://p3-dcd.byteimg.com/tos-cn-i-dcdx/c13d44c6c63c422dbe51737d342a17a9~tplv-f042mdwyw7-original:tplv-resize:640:0.image?psm=motor.pc_sh.api,a28194c3d388585e1f567a31,1,0,,c06da0db3007d70d289fe90b,dongchedi_usedcar_series,2026-07-08T22:04:53+08:00
1164,10,日产,碧莲,https://p3-dcd.byteimg.com/motor-mis-img/69c43637bc5bcfb6cc92d212b509cbf1~tplv-f042mdwyw7-original:tplv-resize:640:0.image?psm=motor.pc_sh.api,7c8a4ff37ccd663a65bcad4d,1,0,,cee6ff4166ddbc61c7ec94c1,dongchedi_usedcar_series,2026-07-08T22:04:53+08:00
1166,10,日产,帕拉丁,https://p3-dcd.byteimg.com/motor-mis-img/c66739886ef30a2f95f191ef3b97cfa6~tplv-f042mdwyw7-original:tplv-resize:640:0.image?psm=motor.pc_sh.api,e4adacf72c121b0e9611d4ef,1,0,,06a2aff892820a720965edce,dongchedi_usedcar_series,2026-07-08T22:04:53+08:00
1167,10,日产,日产NV200,https://p3-dcd.byteimg.com/motor-mis-img/55b53c27647797d1773057a8bdf12aa2~tplv-f042mdwyw7-original:tplv-resize:640:0.image?psm=motor.pc_sh.api,65b20b66089af05ea711b030,1,0,,c56ec8c76cb2588a5c7d2ab5,dongchedi_usedcar_series,2026-07-08T22:04:53+08:00
1168,91,东风,御轩,https://p3-dcd.byteimg.com/motor-mis-img/460a23b8c507e3d3f0015f8b2ac21f19~tplv-f042mdwyw7-original:tplv-resize:640:0.image?psm=motor.pc_sh.api,d2fcad034d3bf438da990ad3,1,0,,c72c615bd9c3f08a50069754,dongchedi_usedcar_series,2026-07-08T22:04:53+08:00
1169,10,日产,日产D22,https://p3-dcd.byteimg.com/motor-mis-img/5cdd042373edd9e443cc9198c1540a25~tplv-f042mdwyw7-original:tplv-resize:640:0.image?psm=motor.pc_sh.api,01f661810cb6f55c8ab16305,1,0,,2874cf4bd2861af66c35f506,dongchedi_usedcar_series,2026-07-08T22:04:53+08:00
1170,10,日产,日产ZN厢式车,https://p3-dcd.byteimg.com/motor-mis-img/6d20567cc1abe08981a7646a37f15240~tplv-f042mdwyw7-original:tplv-resize:640:0.image?psm=motor.pc_sh.api,878d88f916b4f2aa24d09c98,1,0,,1a44c50ee3042dbde584f08e,dongchedi_usedcar_series,2026-07-08T22:04:53+08:00
1171,10,日产,纳瓦拉,https://p3-dcd.byteimg.com/tos-cn-i-dcdx/73e4dddad1d8490da419abbfa0e287e6~tplv-f042mdwyw7-original:tplv-resize:640:0.image?psm=motor.pc_sh.api,419dfefe1aac067c52f6ffed,1,0,,7af2c36d4511a2c5e19587c9,dongchedi_usedcar_series,2026-07-08T22:04:53+08:00
1173,36,荣威,荣威350,https://p3-dcd.byteimg.com/motor-mis-img/3cf8de9b335aab4db1caff6512a0baae~tplv-f042mdwyw7-original:tplv-resize:640:0.image?psm=motor.pc_sh.api,5f975a84698992a88e1c0ef9,1,0,,5e384f6c9a0a4f71c00ff843,dongchedi_usedcar_series,2026-07-08T22:04:53+08:00
1174,36,荣威,荣威360,https://p3-dcd.byteimg.com/motor-mis-img/5e7696871be0a9fdbb183b50f31b3b07~tplv-f042mdwyw7-original:tplv-resize:640:0.image?psm=motor.pc_sh.api,772c6a858a466321bf5fc9ad,1,0,,87cdcfca85a25e545d0f15a7,dongchedi_usedcar_series,2026-07-08T22:04:53+08:00
1175,36,荣威,荣威550,https://p3-dcd.byteimg.com/motor-mis-img/ca6e1ad12cc504e62644ed44ee427b80~tplv-f042mdwyw7-original:tplv-resize:640:0.image?psm=motor.pc_sh.api,5c10f514a4a03496b962b0e8,1,0,,a7083626600fd5050b0bb220,dongchedi_usedcar_series,2026-07-08T22:04:53+08:00
1176,36,荣威,荣威e550,https://p3-dcd.byteimg.com/motor-mis-img/20bed15c845d64b5241ab9266bdcfe05~tplv-f042mdwyw7-original:tplv-resize:640:0.image?psm=motor.pc_sh.api,791d601881bb7e1142a0d3cd,1,0,,55a4fe99e7d85f82987108f4,dongchedi_usedcar_series,2026-07-08T22:04:53+08:00
1177,36,荣威,荣威750,https://p3-dcd.byteimg.com/motor-mis-img/f80756204d9747435171c0cfbf17f86e~tplv-f042mdwyw7-original:tplv-resize:640:0.image?psm=motor.pc_sh.api,249489774c3a27b0cf92bab5,1,0,,7979d3d1cc55f972a65ab3fd,dongchedi_usedcar_series,2026-07-08T22:04:53+08:00
1178,36,荣威,荣威950,https://p3-dcd.byteimg.com/motor-mis-img/975149840fee434def21dd9203f594d5~tplv-f042mdwyw7-original:tplv-resize:640:0.image?psm=motor.pc_sh.api,a845c4e4935e867830c7909a,1,0,,6b44ade02dce70c419f593e2,dongchedi_usedcar_series,2026-07-08T22:04:53+08:00
1179,36,荣威,荣威e950,https://p3-dcd.byteimg.com/motor-mis-img/cec089535501f9f7d64b593fc3cfef14~tplv-f042mdwyw7-original:tplv-resize:640:0.image?psm=motor.pc_sh.api,d3ed8e7e56b6c7b34e3bd2ad,1,0,,c17d59d89afcb76a634d82d3,dongchedi_usedcar_series,2026-07-08T22:04:53+08:00
1180,36,荣威,荣威i6经典,https://p3-dcd.byteimg.com/motor-mis-img/eaf6cc30bcacc46b433e5df5f4569abe~tplv-f042mdwyw7-original:tplv-resize:640:0.image?psm=motor.pc_sh.api,d35247e7b9c1be2d5c8f4d0d,1,0,,1adac1c565a037d547e4c0d1,dongchedi_usedcar_series,2026-07-08T22:04:53+08:00
1181,36,荣威,荣威ei6,https://p3-dcd.byteimg.com/motor-mis-img/e0eb55a29fe2a42c91caf53087f091bd~tplv-f042mdwyw7-original:tplv-resize:640:0.image?psm=motor.pc_sh.api,983e2ac180987945874d521b,1,0,,fd0dfda735a90e21364a4759,dongchedi_usedcar_series,2026-07-08T22:04:53+08:00
1182,36,荣威,荣威RX5,https://p9-dcd.byteimg.com/motor-mis-img/50e4ec0931df36a7ac8c841a023e5a60~tplv-resize:640:0.png?psm=motor.rank.data,9d41f99342fe5ebd56532e27,3,2,,6a46b5f1ec5196dac04f4f15,dongchedi_ranking|dongchedi_usedcar_series,2026-07-08T22:04:53+08:00
1183,36,荣威,荣威eRX5,https://p9-dcd.byteimg.com/tos-cn-i-dcdx/e6c1c61db1b244cd87614a65ebe5ac0e~tplv-resize:640:0.png?psm=motor.rank.data,c8491b9febd8184a28758bb4,3,2,,51694187df19d17d38f32f54,dongchedi_ranking|dongchedi_usedcar_series,2026-07-08T22:04:53+08:00
1184,36,荣威,荣威W5,https://p3-dcd.byteimg.com/motor-mis-img/835904782e2924dfe82ac5b4d97c58c4~tplv-f042mdwyw7-original:tplv-resize:640:0.image?psm=motor.pc_sh.api,9b303e26d08e08ca7b8654ab,1,0,,b011f93a8d5913d79451e65b,dongchedi_usedcar_series,2026-07-08T22:04:53+08:00
1185,150,如虎,如虎 XL,https://p3-dcd.byteimg.com/motor-mis-img/cc9d1433670b18bac325ec38e6739625~tplv-f042mdwyw7-original:tplv-resize:640:0.image?psm=motor.pc_sh.api,5072a4c40f0adaf7cbabcfec,1,0,,03b3f0eac4586e7ad4efd5ca,dongchedi_usedcar_series,2026-07-08T22:04:53+08:00
1192,103,萨博,Saab 9-3,https://p9-dcd.byteimg.com/motor-mis-img/1456cedeb9805f7fb852bc618dcf1281~tplv-f042mdwyw7-original:tplv-resize:640:0.image?psm=motor.pc_sh.api,37a436d20f42be4e41df27c6,1,0,,d3edadc60a9e520ca6eff1f9,dongchedi_usedcar_series,2026-07-08T22:04:53+08:00
1193,103,萨博,Saab 9-5,https://p9-dcd.byteimg.com/motor-mis-img/1073f36c356fd79f37a58cc7c433b4d7~tplv-f042mdwyw7-original:tplv-resize:640:0.image?psm=motor.pc_sh.api,a4a2d2e47bab6faf1a9c2a9c,1,0,,34f953c13e707eb55421b631,dongchedi_usedcar_series,2026-07-08T22:04:53+08:00
1198,26,三菱,劲炫ASX,https://p3-dcd.byteimg.com/motor-mis-img/7e11d70130ec54a44a1caaedf7f43c39~tplv-f042mdwyw7-original:tplv-resize:640:0.image?psm=motor.pc_sh.api,eafc94d3ea0699ae75564929,1,0,,9ccfa66b754998d6b8816b20,dongchedi_usedcar_series,2026-07-08T22:04:53+08:00
1199,26,三菱,欧蓝德,https://p3-dcd.byteimg.com/motor-mis-img/d1b3de616b95940454fd7d57626a5f73~tplv-f042mdwyw7-original:tplv-resize:640:0.image?psm=motor.pc_sh.api,20db34130ec2fd751ce97a6b,1,0,,ba8776a9e1fd5f336513f8c0,dongchedi_usedcar_series,2026-07-08T22:04:53+08:00
1200,26,三菱,帕杰罗·劲畅,https://p3-dcd.byteimg.com/motor-mis-img/0a690b38f2c15d91d2efa75bf6b2b639~tplv-f042mdwyw7-original:tplv-resize:640:0.image?psm=motor.pc_sh.api,038f11782e417867138694e9,1,0,,d179d8a8b22a919034aef6cf,dongchedi_usedcar_series,2026-07-08T22:04:53+08:00
1201,26,三菱,帕杰罗,https://p3-dcd.byteimg.com/motor-mis-img/7ed1c861feb3839cb9e19790ff112067~tplv-f042mdwyw7-original:tplv-resize:640:0.image?psm=motor.pc_sh.api,e27be33ffcda61c659dc277b,1,0,,3e611ecd072e3c7662f54c44,dongchedi_usedcar_series,2026-07-08T22:04:53+08:00
1202,26,三菱,LANCER,https://p3-dcd.byteimg.com/motor-mis-img/46524907a56153de63cf298e82acb72b~tplv-f042mdwyw7-original:tplv-resize:640:0.image?psm=motor.pc_sh.api,f377e77fa2a1bfbfe3dd071b,1,0,,ce8e7337aefbaeba1453d6e2,dongchedi_usedcar_series,2026-07-08T22:04:53+08:00
1203,26,三菱,劲炫ASX(进口),https://p3-dcd.byteimg.com/motor-mis-img/0db0f2c16c0176641a8026569f913e15~tplv-f042mdwyw7-original:tplv-resize:640:0.image?psm=motor.pc_sh.api,2e4a12426178e0f0daaac86c,1,0,,09e38962cac8a338d5d3cbab,dongchedi_usedcar_series,2026-07-08T22:04:53+08:00
1204,26,三菱,欧蓝德(进口),https://p3-dcd.byteimg.com/motor-mis-img/4b204ef397819d7948128b6cfa513109~tplv-f042mdwyw7-original:tplv-resize:640:0.image?psm=motor.pc_sh.api,a156a010c46ee75f2a1988d0,1,0,,48d05eddd313aa299e0620f3,dongchedi_usedcar_series,2026-07-08T22:04:53+08:00
1205,26,三菱,帕杰罗·劲畅(进口),https://p3-dcd.byteimg.com/motor-mis-img/edc3e22a27d1d49559739fd2486fb552~tplv-f042mdwyw7-original:tplv-resize:640:0.image?psm=motor.pc_sh.api,dca9665b6eed70d0cff17158,1,0,,7944f760baa5e2c344aa9d4a,dongchedi_usedcar_series,2026-07-08T22:04:53+08:00
1206,26,三菱,帕杰罗(进口),https://p3-dcd.byteimg.com/motor-mis-img/856976a1a6ad80c5178af7735e5959e3~tplv-f042mdwyw7-original:tplv-resize:640:0.image?psm=motor.pc_sh.api,8c4e812cb3e3b742454c0e1e,1,0,,e650220828c38c699821be7b,dongchedi_usedcar_series,2026-07-08T22:04:53+08:00
1208,26,三菱,伊柯丽斯,https://p3-dcd.byteimg.com/motor-mis-img/32034ae291bb1ff6dcbf9af4bc8c3bba~tplv-f042mdwyw7-original:tplv-resize:640:0.image?psm=motor.pc_sh.api,519afd356fc23ac47d5ab175,1,0,,eec0602ca8a7ac4acdb41e30,dongchedi_usedcar_series,2026-07-08T22:04:53+08:00
1210,153,陕汽通家,福家,https://p9-dcd.byteimg.com/motor-mis-img/263fc3dce826b5aa6fd268d53c5cbf0b~tplv-f042mdwyw7-original:tplv-resize:640:0.image?psm=motor.pc_sh.api,0802956db5ccd1a21589fffc,1,0,,58ac7d0aa21cd3dc6653900b,dongchedi_usedcar_series,2026-07-08T22:04:53+08:00
1211,108,大通,大通G10,https://p9-dcd.byteimg.com/tos-cn-i-dcdx/33fc44d0ea46442996f9ce98ce9c50f9~tplv-resize:640:0.png?psm=motor.rank.data,00f394be3f0685bea17c099d,3,2,,7e80a9c0a9414c9ab8705ff0,dongchedi_ranking|dongchedi_usedcar_series,2026-07-08T22:04:53+08:00
1212,108,大通,大通T60,https://p3-dcd.byteimg.com/motor-mis-img/6503362b1a33c8c8a40fbd87f95ed8db~tplv-f042mdwyw7-original:tplv-resize:640:0.image?psm=motor.pc_sh.api,2f77f81f737a842e0193beee,1,0,,30712617d520bc1f2e951ab4,dongchedi_usedcar_series,2026-07-08T22:04:53+08:00
1213,108,大通,新途V80,https://p3-dcd.byteimg.com/tos-cn-i-dcdx/278e1533a8774685bb9e0c3b96bc4ca1~tplv-f042mdwyw7-original:tplv-resize:640:0.image?psm=motor.pc_sh.api,dd429504f476c7a425c6d1b6,1,0,,9ee031013d941a6616f7fa56,dongchedi_usedcar_series,2026-07-08T22:04:53+08:00
1218,163,双龙,主席,https://p3-dcd.byteimg.com/motor-mis-img/9b3fe8c3e2ee626e878ffd2680dfff9f~tplv-f042mdwyw7-original:tplv-resize:640:0.image?psm=motor.pc_sh.api,1e20fb323c73d06f49fdbc5f,1,0,,571f6c9e4073409145174c25,dongchedi_usedcar_series,2026-07-08T22:04:53+08:00
1219,163,双龙,蒂维拉,https://p3-dcd.byteimg.com/motor-mis-img/ac2eee6b1b45b6e58e128048e7e22db5~tplv-f042mdwyw7-original:tplv-resize:640:0.image?psm=motor.pc_sh.api,f1530f9542387b5e7111bf2d,1,0,,725c269ca6fe59ba19107421,dongchedi_usedcar_series,2026-07-08T22:04:53+08:00
1220,163,双龙,柯兰多,https://p3-dcd.byteimg.com/motor-mis-img/5d60b067a77cb1593ad8aae8e0cbc384~tplv-f042mdwyw7-original:tplv-resize:640:0.image?psm=motor.pc_sh.api,3014739c4a177af1cd24ec4d,1,0,,52023a2662e741d9a4ecf71e,dongchedi_usedcar_series,2026-07-08T22:04:53+08:00
1222,163,双龙,爱腾,https://p3-dcd.byteimg.com/motor-mis-img/e6147ccc17af19c1d6a99fa2b5cbd2c2~tplv-f042mdwyw7-original:tplv-resize:640:0.image?psm=motor.pc_sh.api,bcfb14f1983ef41eecbb6446,1,0,,d0150ba2d836a33b723b8297,dongchedi_usedcar_series,2026-07-08T22:04:53+08:00
1223,163,双龙,享御,https://p3-dcd.byteimg.com/motor-mis-img/38b74bb5da45f03610b39b6da345e68f~tplv-f042mdwyw7-original:tplv-resize:640:0.image?psm=motor.pc_sh.api,96631d176f221e28f16c68a2,1,0,,b649cc2cf849541b9d3a16bf,dongchedi_usedcar_series,2026-07-08T22:04:53+08:00
1227,105,思铭,思铭,https://p9-dcd.byteimg.com/motor-mis-img/abc305505be900c0e08b512874b3500d~tplv-f042mdwyw7-original:tplv-resize:640:0.image?psm=motor.pc_sh.api,df7306494335d37dcff5ed73,1,0,,1f014a20f22444d10e3b2ce0,dongchedi_usedcar_series,2026-07-08T22:04:53+08:00
1228,33,斯巴鲁,IMPREZA翼豹,https://p3-dcd.byteimg.com/tos-cn-i-dcdx/254ede8e864a4030ab031fb4fce13926~tplv-f042mdwyw7-original:tplv-resize:640:0.image?psm=motor.pc_sh.api,ab83aa66d551e9e8aa789930,1,0,,82315b3e645fa7a8ba804644,dongchedi_usedcar_series,2026-07-08T22:04:53+08:00
1229,33,斯巴鲁,LEGACY力狮,https://p3-dcd.byteimg.com/motor-mis-img/2811ed2df6c22affbade34fba84ea32a~tplv-f042mdwyw7-original:tplv-resize:640:0.image?psm=motor.pc_sh.api,e067559776d831e3971cbc03,1,0,,71d227d31efa5562938f69e9,dongchedi_usedcar_series,2026-07-08T22:04:53+08:00
1230,33,斯巴鲁,斯巴鲁XV,https://p3-dcd.byteimg.com/motor-mis-img/814098adfd7114a0dc2860ebded3b876~tplv-f042mdwyw7-original:tplv-resize:640:0.image?psm=motor.pc_sh.api,4283409ccf2e9c28d5fd7a13,1,0,,c154bd617f85f0bb7a45ab65,dongchedi_usedcar_series,2026-07-08T22:04:53+08:00
1231,33,斯巴鲁,FORESTER森林人,https://p3-dcd.byteimg.com/tos-cn-i-dcdx/68d85990072a49739493169381f72e2e~tplv-f042mdwyw7-original:tplv-resize:640:0.image?psm=motor.pc_sh.api,32c7a1d735641c0420689553,1,0,,7a2cb86971ad6fff7c4cc5e5,dongchedi_usedcar_series,2026-07-08T22:04:53+08:00
1232,33,斯巴鲁,OUTBACK傲虎,https://p3-dcd.byteimg.com/tos-cn-i-dcdx/db181a74978d4ee18d5b019b9b4151e2~tplv-f042mdwyw7-original:tplv-resize:640:0.image?psm=motor.pc_sh.api,a491cf2fc7f792c5c092815b,1,0,,6c249d3d37d652fb553e7fcc,dongchedi_usedcar_series,2026-07-08T22:04:53+08:00
1233,33,斯巴鲁,TRIBECA驰鹏,https://p3-dcd.byteimg.com/motor-mis-img/3959579297a6874aa704dfd8d1309c02~tplv-f042mdwyw7-original:tplv-resize:640:0.image?psm=motor.pc_sh.api,60305d4bd62c2dc7c55b0fb4,1,0,,b1b4c91b63f0f180f43beea8,dongchedi_usedcar_series,2026-07-08T22:04:53+08:00
1234,33,斯巴鲁,斯巴鲁BRZ,https://p3-dcd.byteimg.com/tos-cn-i-dcdx/46e5ffa218ed40d78014c3b1d2dceff8~tplv-f042mdwyw7-original:tplv-resize:640:0.image?psm=motor.pc_sh.api,b7e5df87b269a25e27efe893,1,0,,b3a0559d73e62cd681c276f6,dongchedi_usedcar_series,2026-07-08T22:04:53+08:00
1238,23,斯柯达,晶锐,https://p9-dcd.byteimg.com/motor-mis-img/2abfe0d9cd7a1030913594bbac71a91b~tplv-f042mdwyw7-original:tplv-resize:640:0.image?psm=motor.pc_sh.api,aabb288a01088794ec0ee6ae,1,0,,8e4d17863dd54903a11ac461,dongchedi_usedcar_series,2026-07-08T22:04:53+08:00
1239,23,斯柯达,昕锐,https://p9-dcd.byteimg.com/motor-mis-img/bc388c092dda8d3bcedb2c66cfda1941~tplv-f042mdwyw7-original:tplv-resize:640:0.image?psm=motor.pc_sh.api,787b0e5381d6111d8572e15d,1,0,,f3bcb95fc6a61f142b47e286,dongchedi_usedcar_series,2026-07-08T22:04:53+08:00
1240,23,斯柯达,昕动,https://p9-dcd.byteimg.com/motor-mis-img/6999872c043adc972a66a7dcea885349~tplv-f042mdwyw7-original:tplv-resize:640:0.image?psm=motor.pc_sh.api,438a0bbb469f1cacb92f1843,1,0,,681ac0bb607935628ec47ab9,dongchedi_usedcar_series,2026-07-08T22:04:53+08:00
1241,23,斯柯达,明锐,https://p9-dcd.byteimg.com/tos-cn-i-dcdx/e5d55d4c1ece47ceb29e28624cf1ca70~tplv-resize:640:0.png?psm=motor.rank.data,2642437b55bd611097ecd0f8,3,2,,bcaa9d289e0dcb2500e0a94e,dongchedi_ranking|dongchedi_usedcar_series,2026-07-08T22:04:53+08:00
1242,23,斯柯达,昊锐,https://p9-dcd.byteimg.com/motor-mis-img/51a2aa49883e5342deab569dd49860f0~tplv-f042mdwyw7-original:tplv-resize:640:0.image?psm=motor.pc_sh.api,194d5323fce8876ebdf57f85,1,0,,6d4944d9792804e49797c774,dongchedi_usedcar_series,2026-07-08T22:04:53+08:00
1243,23,斯柯达,速派,https://p9-dcd.byteimg.com/tos-cn-i-dcdx/566835504f2040f0a11ceea57f685f65~tplv-resize:640:0.png?psm=motor.rank.data,b66b376ff62a756bc4379a01,3,2,,605a337750f40ec1658f34f7,dongchedi_ranking|dongchedi_usedcar_series,2026-07-08T22:04:53+08:00
1244,23,斯柯达,Yeti,https://p9-dcd.byteimg.com/motor-mis-img/910df37ed5749e0d8dc300d9c258b041~tplv-f042mdwyw7-original:tplv-resize:640:0.image?psm=motor.pc_sh.api,1a710c0aa044314ec4947569,1,0,,6655d0954c35a8dc0c8e2c55,dongchedi_usedcar_series,2026-07-08T22:04:53+08:00
1245,23,斯柯达,柯迪亚克,https://p9-dcd.byteimg.com/tos-cn-i-dcdx/113a64f3997f4c9e9a5bd89c4a85de31~tplv-resize:640:0.png?psm=motor.rank.data,abf2996b554c403b8d3c425a,3,2,,c39c7b21e752ab263d45d1fc,dongchedi_ranking|dongchedi_usedcar_series,2026-07-08T22:04:53+08:00
1254,63,特斯拉,Model S,https://p3-dcd.byteimg.com/tos-cn-i-dcdx/c81eb8d6cdf64b079f2c361d322f2bc9~tplv-f042mdwyw7-original:tplv-resize:640:0.image?psm=motor.pc_sh.api,508bc54afda0005fb188c4cb,1,0,,b7d44e518cf868c23b39b1b5,dongchedi_usedcar_series,2026-07-08T22:04:53+08:00
1255,63,特斯拉,Model X,https://p3-dcd.byteimg.com/tos-cn-i-dcdx/590dde12e260473d890a20272658d0d8~tplv-f042mdwyw7-original:tplv-resize:640:0.image?psm=motor.pc_sh.api,86dff2845fa6a47745eaa2ad,1,0,,8ca231544fa9eb7259b1258c,dongchedi_usedcar_series,2026-07-08T22:04:53+08:00
1256,159,腾势,腾势,https://p9-dcd.byteimg.com/motor-mis-img/ed90894e65dcbb4dcccdd0916afe8e33~tplv-f042mdwyw7-original:tplv-resize:640:0.image?psm=motor.pc_sh.api,28a7adb53bea10b62708910e,1,0,,fe71e8ff0ad0c21c9ec47c2f,dongchedi_usedcar_series,2026-07-08T22:04:53+08:00
1263,394,英致汽车,英致737,https://p3-dcd.byteimg.com/motor-mis-img/1291aba44a1f148863497df1384c7394~tplv-f042mdwyw7-original:tplv-resize:640:0.image?psm=motor.pc_sh.api,3d9b304ac4a2ba1baf58c54e,1,0,,69bdf1e10f4f97fbfa2951da,dongchedi_usedcar_series,2026-07-08T22:04:53+08:00
1264,394,英致汽车,英致727,https://p3-dcd.byteimg.com/motor-mis-img/1734506fe275833bd0e9100d955101f2~tplv-f042mdwyw7-original:tplv-resize:640:0.image?psm=motor.pc_sh.api,fde8c0daaec199b39ac91996,1,0,,87d06073a16478ef8941007a,dongchedi_usedcar_series,2026-07-08T22:04:53+08:00
1266,24,沃尔沃,沃尔沃C30,https://p3-dcd.byteimg.com/motor-mis-img/a68468d9289d479650747a73bbeee5c9~tplv-f042mdwyw7-original:tplv-resize:640:0.image?psm=motor.pc_sh.api,a5b7f1f9f9ff93b72d0d4ddc,1,0,,f3ca91e86d1958f88f8422be,dongchedi_usedcar_series,2026-07-08T22:04:53+08:00
1267,24,沃尔沃,沃尔沃V40,https://p3-dcd.byteimg.com/motor-mis-img/250fc19fac849cc7af765f8641e7541f~tplv-f042mdwyw7-original:tplv-resize:640:0.image?psm=motor.pc_sh.api,92262753a47b0f9b37f34810,1,0,,aa8cbce76fb7b2fe73ff1ac0,dongchedi_usedcar_series,2026-07-08T22:04:53+08:00
1268,24,沃尔沃,沃尔沃S40(进口),https://p3-dcd.byteimg.com/motor-mis-img/45e289e4a342dc74e6fa03df631c2548~tplv-f042mdwyw7-original:tplv-resize:640:0.image?psm=motor.pc_sh.api,d02be3569a85f0ee8c1a1d06,1,0,,1ab0d41fe2142e843e2e0f1e,dongchedi_usedcar_series,2026-07-08T22:04:53+08:00
1269,24,沃尔沃,沃尔沃S60(进口),https://p3-dcd.byteimg.com/motor-mis-img/69c3994a4f700a2b9998708aafec788a~tplv-f042mdwyw7-original:tplv-resize:640:0.image?psm=motor.pc_sh.api,077c3cbfe389d39c520fdfd7,1,0,,c732de3e8cb8a66e165e7954,dongchedi_usedcar_series,2026-07-08T22:04:53+08:00
1270,24,沃尔沃,沃尔沃V60,https://p3-dcd.byteimg.com/motor-mis-img/b2b6d18c553431318591359e0e457fd5~tplv-f042mdwyw7-original:tplv-resize:640:0.image?psm=motor.pc_sh.api,d001a1abdea1fbac92654589,1,0,,fb782bdd729bbff465bec9c9,dongchedi_usedcar_series,2026-07-08T22:04:53+08:00
1271,24,沃尔沃,沃尔沃S90(进口),https://p3-dcd.byteimg.com/motor-mis-img/d133a5f08f65011549f54750d0ca0b29~tplv-f042mdwyw7-original:tplv-resize:640:0.image?psm=motor.pc_sh.api,53d2b49acb8082d23c73a88e,1,0,,9f22b283b1015496d90ac4b9,dongchedi_usedcar_series,2026-07-08T22:04:53+08:00
1272,24,沃尔沃,沃尔沃S80,https://p3-dcd.byteimg.com/motor-mis-img/93e74c1ac28cde456666e1d02aac0490~tplv-f042mdwyw7-original:tplv-resize:640:0.image?psm=motor.pc_sh.api,6dd7856b57d0b41c4071fa92,1,0,,255f45e5e89b83a4365eef10,dongchedi_usedcar_series,2026-07-08T22:04:53+08:00
1273,24,沃尔沃,沃尔沃V90,https://p3-dcd.byteimg.com/motor-mis-img/ef1f9906dcd7c69772c9b30af2b20283~tplv-f042mdwyw7-original:tplv-resize:640:0.image?psm=motor.pc_sh.api,66bdf8084245220db5029064,1,0,,bcd4a0dca9558ac008db29c3,dongchedi_usedcar_series,2026-07-08T22:04:53+08:00
1275,24,沃尔沃,沃尔沃XC60(进口),https://p3-dcd.byteimg.com/motor-mis-img/a9e6f080a8aace5f82699e5ee9c8ee4f~tplv-f042mdwyw7-original:tplv-resize:640:0.image?psm=motor.pc_sh.api,ef2841e5c1408db5e304bc51,1,0,,a663b89e89294d5935fba5ef,dongchedi_usedcar_series,2026-07-08T22:04:53+08:00
1276,24,沃尔沃,沃尔沃XC90 PHEV,https://p3-dcd.byteimg.com/tos-cn-i-dcdx/3548052a10e54bf4adf4983b00e6b3c7~tplv-f042mdwyw7-original:tplv-resize:640:0.image?psm=motor.pc_sh.api,86fe4a2b5d477e1215fe54cb,1,0,,d8756a05dc09a89ff9911c40,dongchedi_usedcar_series,2026-07-08T22:04:53+08:00
1277,24,沃尔沃,沃尔沃XC90,https://p3-dcd.byteimg.com/tos-cn-i-dcdx/500ee2f788184aa88852f68563a311c7~tplv-f042mdwyw7-original:tplv-resize:640:0.image?psm=motor.pc_sh.api,7ddd3cf179c0d88e13bf56fa,1,0,,c17e5d01f6ac0a2e385a3981,dongchedi_usedcar_series,2026-07-08T22:04:53+08:00
1278,24,沃尔沃,沃尔沃C70,https://p3-dcd.byteimg.com/motor-mis-img/f772fc41cc36436be7f33952e3ca0d43~tplv-f042mdwyw7-original:tplv-resize:640:0.image?psm=motor.pc_sh.api,6eb7239632fa2a566a532cf9,1,0,,453d84e51845fc2fdfa24ac2,dongchedi_usedcar_series,2026-07-08T22:04:53+08:00
1279,24,沃尔沃,沃尔沃S60,https://p9-dcd.byteimg.com/tos-cn-i-dcdx/56604a383a5248939a3cd04d1b373b61~tplv-resize:640:0.png?psm=motor.rank.data,3aef3b43f9368409c5722749,3,2,,2fa78cfe875fd58f970b1081,dongchedi_ranking|dongchedi_usedcar_series,2026-07-08T22:04:53+08:00
1280,24,沃尔沃,沃尔沃S60 PHEV,https://p3-dcd.byteimg.com/tos-cn-i-dcdx/48f78dea43964ad98161a30d65d52951~tplv-f042mdwyw7-original:tplv-resize:640:0.image?psm=motor.pc_sh.api,e187220066b8fa3e8ed5f58a,1,0,,ba0bcd994ad189e18f368fe2,dongchedi_usedcar_series,2026-07-08T22:04:53+08:00
1281,24,沃尔沃,沃尔沃S90,https://p9-dcd.byteimg.com/tos-cn-i-dcdx/85aadd38308745acafc138573dd26671~tplv-resize:640:0.png?psm=motor.rank.data,22356bfc56eb5b4ec7285158,3,2,,c1a92b8aa2d88adbeea0eab0,dongchedi_ranking|dongchedi_usedcar_series,2026-07-08T22:04:53+08:00
1282,24,沃尔沃,沃尔沃XC60,https://p9-dcd.byteimg.com/tos-cn-i-dcdx/3e80f01f2cf448f9ac80f28a621be7f5~tplv-resize:640:0.png?psm=motor.rank.data,0ec93d77df79b3959f53e312,3,2,,f63b3ab4b9b68487a44e32e3,dongchedi_ranking|dongchedi_usedcar_series,2026-07-08T22:04:53+08:00
1283,24,沃尔沃,XC Classic,https://p3-dcd.byteimg.com/motor-mis-img/34550243a897ca1c9dce8bc427523ed8~tplv-f042mdwyw7-original:tplv-resize:640:0.image?psm=motor.pc_sh.api,0750228d82431596063e28c0,1,0,,eff1564792fda41ad861d9cd,dongchedi_usedcar_series,2026-07-08T22:04:53+08:00
1284,24,沃尔沃,沃尔沃S40,https://p3-dcd.byteimg.com/motor-mis-img/036deb221466079bb31061149e32f413~tplv-f042mdwyw7-original:tplv-resize:640:0.image?psm=motor.pc_sh.api,eee3a4930b98400e968ec723,1,0,,aa2c72f7889a1f01faf538ed,dongchedi_usedcar_series,2026-07-08T22:04:53+08:00
1285,24,沃尔沃,沃尔沃S80L,https://p3-dcd.byteimg.com/motor-mis-img/978702285aa6125793fa03a1c07057c4~tplv-f042mdwyw7-original:tplv-resize:640:0.image?psm=motor.pc_sh.api,a8582ca8d294efe341ef9a95,1,0,,e8bc0f618fa7d89884839c7d,dongchedi_usedcar_series,2026-07-08T22:04:53+08:00
1286,366,宝骏,乐驰,https://p9-dcd.byteimg.com/motor-mis-img/28de6d7dbd9ea559f741877c59b3490d~tplv-f042mdwyw7-original:tplv-resize:640:0.image?psm=motor.pc_sh.api,85cd8868cf353316f78d9fc8,1,0,,d69604dab1493c32a932c933,dongchedi_usedcar_series,2026-07-08T22:04:53+08:00
1290,39,五菱汽车,五菱宏光,https://p9-dcd.byteimg.com/tos-cn-i-dcdx/03dc4edc973c4f589f0c9246b8b689fd~tplv-resize:640:0.png?psm=motor.rank.data,5fbc387cc0a497d9c490eec6,3,2,,e2c0db0fd0197a6b9db8f501,dongchedi_ranking|dongchedi_usedcar_series,2026-07-08T22:04:53+08:00
1291,39,五菱汽车,五菱荣光,https://p9-dcd.byteimg.com/motor-mis-img/efe0d84f810fe914c7149c51a6c1658e~tplv-resize:640:0.png?psm=motor.rank.data,e17285626c0ce603891774fc,3,2,,6e7d4228a623725c3b912a08,dongchedi_ranking|dongchedi_usedcar_series,2026-07-08T22:04:53+08:00
1292,39,五菱汽车,五菱之光,https://p9-dcd.byteimg.com/motor-mis-img/bf32df7a7883000dfdf00a7d80bf31ea~tplv-resize:640:0.png?psm=motor.rank.data,f283f0945b99a503c987b5ef,3,2,,3aced2777a9958a4ebf0a44f,dongchedi_ranking|dongchedi_usedcar_series,2026-07-08T22:04:53+08:00
1293,39,五菱汽车,五菱荣光V,https://p3-dcd.byteimg.com/motor-mis-img/8192af5d9cf671dd36812c4ef7df1ffb~tplv-f042mdwyw7-original:tplv-resize:640:0.image?psm=motor.pc_sh.api,2c3093f15ceb15df40b66770,1,0,,75608d234d8591b22cee06c4,dongchedi_usedcar_series,2026-07-08T22:04:53+08:00
1295,39,五菱汽车,五菱征程经典,https://p3-dcd.byteimg.com/motor-mis-img/01d0389a9efd3c2c48d4aeda8dbfaf25~tplv-f042mdwyw7-original:tplv-resize:640:0.image?psm=motor.pc_sh.api,53bac81bf13715190b798e91,1,0,,88932763da4d867a4cb3632f,dongchedi_usedcar_series,2026-07-08T22:04:53+08:00
1296,106,五十铃,mu-X牧游侠,https://p3-dcd.byteimg.com/motor-mis-img/356a6ecde45f782eadb7ff8078d2d563~tplv-f042mdwyw7-original:tplv-resize:640:0.image?psm=motor.pc_sh.api,2b39052ad812d1bc14a617f5,1,0,,010921a6e54057c601d709f4,dongchedi_usedcar_series,2026-07-08T22:04:53+08:00
1297,106,五十铃,D-MAX,https://p3-dcd.byteimg.com/tos-cn-i-dcdx/d3163affc4234e51a0f6214a0d68d157~tplv-f042mdwyw7-original:tplv-resize:640:0.image?psm=motor.pc_sh.api,b832c5f9fedd2194a9caa183,1,0,,8f08fe1a200ea82eede7e736,dongchedi_usedcar_series,2026-07-08T22:04:53+08:00
1298,106,五十铃,RE-MAX 瑞迈,https://p3-dcd.byteimg.com/tos-cn-i-dcdx/4a0a0e5c53a446ce9480d090715545f6~tplv-f042mdwyw7-original:tplv-resize:640:0.image?psm=motor.pc_sh.api,4b1a09e3b351e9ac227470f3,1,0,,decf6fe42ae6923cd286c7a6,dongchedi_usedcar_series,2026-07-08T22:04:53+08:00
1299,106,五十铃,竞技者,https://p3-dcd.byteimg.com/motor-mis-img/92f6275f68f72b0c2393ea0e1e2ceeec~tplv-f042mdwyw7-original:tplv-resize:640:0.image?psm=motor.pc_sh.api,1c058d0f69cb5662a147dfd4,1,0,,db307e7348df37bceef8bf7c,dongchedi_usedcar_series,2026-07-08T22:04:53+08:00
1300,106,五十铃,五十铃皮卡,https://p3-dcd.byteimg.com/motor-mis-img/9017521aa5114a48672e9acc85d06487~tplv-f042mdwyw7-original:tplv-resize:640:0.image?psm=motor.pc_sh.api,1756e63d6818d608b71039ee,1,0,,426fac5c8d01d8d863a9f595,dongchedi_usedcar_series,2026-07-08T22:04:53+08:00
1301,89,西雅特,伊比飒,https://p3-dcd.byteimg.com/tos-cn-i-dcdx/aecbbec07c7143ddab9e9829b4bbf469~tplv-f042mdwyw7-original:tplv-resize:640:0.image?psm=motor.pc_sh.api,06a1e0ff64bde8c87726780a,1,0,,2cbdba8dfca3ded661d044b2,dongchedi_usedcar_series,2026-07-08T22:04:53+08:00
1302,89,西雅特,LEON,https://p3-dcd.byteimg.com/motor-mis-img/eb8d351077077abe2ad47fa0a05d0036~tplv-f042mdwyw7-original:tplv-resize:640:0.image?psm=motor.pc_sh.api,1892eae37e2b99c82d00801f,1,0,,f3e65e2edd00c87d9a3a9cae,dongchedi_usedcar_series,2026-07-08T22:04:53+08:00
1303,89,西雅特,欧悦搏,https://p3-dcd.byteimg.com/motor-mis-img/5ea4b1d874b6e6eae3b5e514ec518a08~tplv-f042mdwyw7-original:tplv-resize:640:0.image?psm=motor.pc_sh.api,0e7de7047663aceb3f7ccb96,1,0,,60f200a8a97bac09c23f8afb,dongchedi_usedcar_series,2026-07-08T22:04:53+08:00
1304,11,现代,瑞纳,https://p9-dcd.byteimg.com/motor-mis-img/b7a9f1d90a9a83967950e16d4e182c27~tplv-f042mdwyw7-original:tplv-resize:640:0.image?psm=motor.pc_sh.api,cb40253a16cb41b9320c6319,1,0,,f2e943ddeb4fad426be7d084,dongchedi_usedcar_series,2026-07-08T22:04:53+08:00
1305,11,现代,瑞奕,https://p9-dcd.byteimg.com/motor-mis-img/fc685ed03a596bdbd7b93f44d3f1d641~tplv-f042mdwyw7-original:tplv-resize:640:0.image?psm=motor.pc_sh.api,40271f4e92e7dc31fc2c092a,1,0,,0ac60375fe329bf52f047dc1,dongchedi_usedcar_series,2026-07-08T22:04:53+08:00
1306,11,现代,悦纳,https://p9-dcd.byteimg.com/motor-mis-img/a9bca3a1da251b1ce85853e32f87b5f1~tplv-f042mdwyw7-original:tplv-resize:640:0.image?psm=motor.pc_sh.api,65e58516b9a5d15d24e35d21,1,0,,a0c5c10f57109d11bca1eeee,dongchedi_usedcar_series,2026-07-08T22:04:53+08:00
1307,11,现代,悦纳RV,https://p9-dcd.byteimg.com/motor-mis-img/1370651a6e6dc512d346a337fbd5045a~tplv-f042mdwyw7-original:tplv-resize:640:0.image?psm=motor.pc_sh.api,4d904b1f174b0195991fda15,1,0,,10cbf52fe04fa10bcb88551d,dongchedi_usedcar_series,2026-07-08T22:04:53+08:00
1308,11,现代,雅绅特,https://p9-dcd.byteimg.com/motor-mis-img/3c6772fed69b0748a516aae87a1774e0~tplv-f042mdwyw7-original:tplv-resize:640:0.image?psm=motor.pc_sh.api,37640e3f4e9e95d65596e309,1,0,,d9c98dc1d3f62b110ce42734,dongchedi_usedcar_series,2026-07-08T22:04:53+08:00
1309,11,现代,现代i30,https://p9-dcd.byteimg.com/motor-mis-img/b92077f9ea2ea96c86db9cbe64a9a630~tplv-f042mdwyw7-original:tplv-resize:640:0.image?psm=motor.pc_sh.api,daebdef3633ac25d75ca919e,1,0,,69f39b1509bdfe1fd8ee8a72,dongchedi_usedcar_series,2026-07-08T22:04:53+08:00
1310,11,现代,伊兰特,https://p9-dcd.byteimg.com/tos-cn-i-dcdx/9aeb14b2723e4ccaae09db6088701ec2~tplv-resize:640:0.png?psm=motor.rank.data,b4c3b50713b8b9a2ab63b024,3,2,,26929aceaa04cb4f59902aa2,dongchedi_ranking|dongchedi_usedcar_series,2026-07-08T22:04:53+08:00
1311,11,现代,悦动,https://p9-dcd.byteimg.com/motor-mis-img/7f3d519f70f2da1f8727d61dbf20eb64~tplv-f042mdwyw7-original:tplv-resize:640:0.image?psm=motor.pc_sh.api,8de19bcf42b63cb144cb5939,1,0,,0e13b8ae7fe9518065d4ac4d,dongchedi_usedcar_series,2026-07-08T22:04:53+08:00
1312,11,现代,朗动,https://p9-dcd.byteimg.com/motor-mis-img/afd501314e3833c161879d95240d1681~tplv-f042mdwyw7-original:tplv-resize:640:0.image?psm=motor.pc_sh.api,5b33a159ba8156441ae40c5f,1,0,,a496c2cf91af792e38e8325c,dongchedi_usedcar_series,2026-07-08T22:04:53+08:00
1313,11,现代,领动,https://p9-dcd.byteimg.com/motor-mis-img/04148b2bb680e081029bd6aebbda70f0~tplv-f042mdwyw7-original:tplv-resize:640:0.image?psm=motor.pc_sh.api,e471be52bcc59355f157ded9,1,0,,f223bf5c192ebcaee0dfa66a,dongchedi_usedcar_series,2026-07-08T22:04:53+08:00
1314,11,现代,名图,https://p9-dcd.byteimg.com/motor-mis-img/72d70bf376d6bb70c1e42dd8342f3413~tplv-f042mdwyw7-original:tplv-resize:640:0.image?psm=motor.pc_sh.api,63a9317619cf36e8ac2c5e52,1,0,,84e31f49ef273be15ee0e5ac,dongchedi_usedcar_series,2026-07-08T22:04:53+08:00
1316,11,现代,领翔,https://p9-dcd.byteimg.com/motor-mis-img/44d2bd31ff0f67059ebaba1c9d79ce2e~tplv-f042mdwyw7-original:tplv-resize:640:0.image?psm=motor.pc_sh.api,f25340a9afc4482441cb6b65,1,0,,0cfced99b13904ca244ccffc,dongchedi_usedcar_series,2026-07-08T22:04:53+08:00
1317,11,现代,名驭,https://p9-dcd.byteimg.com/motor-mis-img/519fe671490ab1ee58d9c30a5e3b0c32~tplv-f042mdwyw7-original:tplv-resize:640:0.image?psm=motor.pc_sh.api,24507366ee3aa759dc8f4dae,1,0,,108a06baa873774e7dd35724,dongchedi_usedcar_series,2026-07-08T22:04:53+08:00
1318,11,现代,索纳塔,https://p9-dcd.byteimg.com/tos-cn-i-dcdx/9d6d54839e6846ef9a26c1c66cc68d61~tplv-resize:640:0.png?psm=motor.rank.data,b3273285300d5449363f4dbf,3,2,,4cf7c9d4c53533a6921081a1,dongchedi_ranking|dongchedi_usedcar_series,2026-07-08T22:04:53+08:00
1319,11,现代,索纳塔九,https://p9-dcd.byteimg.com/motor-mis-img/396ac5623b253d76c709c57d441241d6~tplv-f042mdwyw7-original:tplv-resize:640:0.image?psm=motor.pc_sh.api,51499482d12e1756f05a2438,1,0,,168e5668b0b3b63442a2dbd9,dongchedi_usedcar_series,2026-07-08T22:04:53+08:00
1320,11,现代,索纳塔八,https://p9-dcd.byteimg.com/motor-mis-img/ebc4b24d7f1e9b15db1420e6c79f7bb7~tplv-f042mdwyw7-original:tplv-resize:640:0.image?psm=motor.pc_sh.api,9ddbda0983524e5d6dc09274,1,0,,e538e107e92737b2f4d8d34f,dongchedi_usedcar_series,2026-07-08T22:04:53+08:00
1321,11,现代,现代ix25,https://p9-dcd.byteimg.com/motor-mis-img/12484d89f32ed66640575237f4872158~tplv-f042mdwyw7-original:tplv-resize:640:0.image?psm=motor.pc_sh.api,0fd3bf15cebbd913a0074f80,1,0,,08d14087270cdfed9a8eea23,dongchedi_usedcar_series,2026-07-08T22:04:53+08:00
1322,11,现代,途胜,https://p9-dcd.byteimg.com/tos-cn-i-dcdx/5105f4c26b00494cb2e2986ab373e02e~tplv-resize:640:0.png?psm=motor.rank.data,b9f9e3c525238bb7e13cdcae,3,2,,0d3f3564407119593d6fdd45,dongchedi_ranking|dongchedi_usedcar_series,2026-07-08T22:04:53+08:00
1323,11,现代,现代ix35,https://p9-dcd.byteimg.com/tos-cn-i-dcdx/4759d1d531d7489dbb01a2bad3506c6b~tplv-resize:640:0.png?psm=motor.rank.data,563322e403349b0c6c9183a6,3,2,,4401f80d8e79ecb3d670a750,dongchedi_ranking|dongchedi_usedcar_series,2026-07-08T22:04:53+08:00
1324,11,现代,胜达,https://p9-dcd.byteimg.com/tos-cn-i-dcdx/85040ec8dfb4469a89453da00be8a76a~tplv-resize:640:0.png?psm=motor.rank.data,c08f39b1730b069ea794d46f,3,2,,706b119b4056d01e2874941f,dongchedi_ranking|dongchedi_usedcar_series,2026-07-08T22:04:53+08:00
1326,11,现代,Veloster飞思,https://p9-dcd.byteimg.com/motor-mis-img/448d0241096cb4d418ef1e992cbbdbcc~tplv-f042mdwyw7-original:tplv-resize:640:0.image?psm=motor.pc_sh.api,19b64ded0ddb7b6d7ac466f5,1,0,,cc594187181020a607c95416,dongchedi_usedcar_series,2026-07-08T22:04:53+08:00
1327,11,现代,雅尊,https://p9-dcd.byteimg.com/tos-cn-i-dcdx/1c28dab4903845f685a0fbd1522a8b54~tplv-f042mdwyw7-original:tplv-resize:640:0.image?psm=motor.pc_sh.api,e2c04dc17ca0b87cbe6bda8c,1,0,,4fe991083b8ed9900a28adf3,dongchedi_usedcar_series,2026-07-08T22:04:53+08:00
1330,11,现代,索纳塔(进口),https://p9-dcd.byteimg.com/tos-cn-i-dcdx/ab7c46460c164af7970f7601c8b760f7~tplv-f042mdwyw7-original:tplv-resize:640:0.image?psm=motor.pc_sh.api,b68ce5d6a6be4d351e7b4899,1,0,,d7888aff002025fe4fbe5c97,dongchedi_usedcar_series,2026-07-08T22:04:53+08:00
1331,11,现代,捷恩斯,https://p9-dcd.byteimg.com/motor-mis-img/0e89781bf1706f7ff393007ba1b2ffd4~tplv-f042mdwyw7-original:tplv-resize:640:0.image?psm=motor.pc_sh.api,fe3a304fb38ccc0ef105234f,1,0,,46dfb673e3b46959f76b1e20,dongchedi_usedcar_series,2026-07-08T22:04:53+08:00
1333,11,现代,雅科仕,https://p9-dcd.byteimg.com/motor-mis-img/2b99a49b8d70997f0b227dc7e4b7b4d7~tplv-f042mdwyw7-original:tplv-resize:640:0.image?psm=motor.pc_sh.api,7dd6c1e8517b21e641404133,1,0,,cc93dfc0f86be54ce5df1e35,dongchedi_usedcar_series,2026-07-08T22:04:53+08:00
1335,11,现代,胜达经典,https://p9-dcd.byteimg.com/motor-mis-img/7996db8a25bd65df86f0251413fe9600~tplv-f042mdwyw7-original:tplv-resize:640:0.image?psm=motor.pc_sh.api,36486a29c720ef176d408cb1,1,0,,786c0bd47ef8916aac12a99c,dongchedi_usedcar_series,2026-07-08T22:04:53+08:00
1336,11,现代,胜达(进口),https://p9-dcd.byteimg.com/tos-cn-i-dcdx/b2a1402639bd49368033435aa730277a~tplv-f042mdwyw7-original:tplv-resize:640:0.image?psm=motor.pc_sh.api,6dee115d210b84c9c26508b0,1,0,,fd52678335187bb3ffd743c6,dongchedi_usedcar_series,2026-07-08T22:04:53+08:00
1337,11,现代,格越,https://p9-dcd.byteimg.com/motor-mis-img/2c9e7c97cfae62db2ff61152374dddfd~tplv-f042mdwyw7-original:tplv-resize:640:0.image?psm=motor.pc_sh.api,a0c33766bf71a28b5a287afe,1,0,,a52c6d268313a7b86f9ea025,dongchedi_usedcar_series,2026-07-08T22:04:53+08:00
1338,11,现代,维拉克斯,https://p9-dcd.byteimg.com/motor-mis-img/3e3e998aa353c319d28e0fa1a275b3ca~tplv-f042mdwyw7-original:tplv-resize:640:0.image?psm=motor.pc_sh.api,2314911f52a6a16a69c4d866,1,0,,12d0568a0357f3cbc088ad83,dongchedi_usedcar_series,2026-07-08T22:04:53+08:00
1339,11,现代,H-1辉翼,https://p9-dcd.byteimg.com/motor-mis-img/220ed4889862a4341a19ea54032a46bb~tplv-f042mdwyw7-original:tplv-resize:640:0.image?psm=motor.pc_sh.api,673da11b7d09e111d76245b3,1,0,,d8e0e9f6f2293e74782379fa,dongchedi_usedcar_series,2026-07-08T22:04:53+08:00
1341,11,现代,劳恩斯-酷派,https://p9-dcd.byteimg.com/motor-mis-img/4d66fecf3a25ed173ad1c97433eb9345~tplv-f042mdwyw7-original:tplv-resize:640:0.image?psm=motor.pc_sh.api,84f6db89bc161fc4aae3fc64,1,0,,5c3b0364e264380d18980637,dongchedi_usedcar_series,2026-07-08T22:04:53+08:00
1342,11,现代,酷派,https://p9-dcd.byteimg.com/motor-mis-img/957dc192131c4dc61f9f2f0fdde18c67~tplv-f042mdwyw7-original:tplv-resize:640:0.image?psm=motor.pc_sh.api,8d71944203d6301f0042daaa,1,0,,243869c35d1396b669ab5d83,dongchedi_usedcar_series,2026-07-08T22:04:53+08:00
1344,164,新凯,新凯威霆,https://p9-dcd.byteimg.com/motor-mis-img/696eb4ccff80f76edbd1985bdf6f915d~tplv-f042mdwyw7-original:tplv-resize:640:0.image?psm=motor.pc_sh.api,9a2605afb9f1f7ff26ab07e5,1,0,,3fe07d571db68670ae8204b2,dongchedi_usedcar_series,2026-07-08T22:04:53+08:00
1345,164,新凯,新凯凌特,https://p9-dcd.byteimg.com/motor-mis-img/6b8b068b03cced03e7b3a4272bac457a~tplv-f042mdwyw7-original:tplv-resize:640:0.image?psm=motor.pc_sh.api,9ad0978e4794ec0ae1a7acc1,1,0,,34cd2bf910a4f019a70d26d1,dongchedi_usedcar_series,2026-07-08T22:04:53+08:00
1347,6,雪佛兰,赛欧,https://p3-dcd.byteimg.com/motor-mis-img/6f507b5bfd5cc4da88d8af96b71b87e4~tplv-f042mdwyw7-original:tplv-resize:640:0.image?psm=motor.pc_sh.api,031c658f81188146d6f73eec,1,0,,c4d17048e32ec3c4d12a24dd,dongchedi_usedcar_series,2026-07-08T22:04:53+08:00
1348,6,雪佛兰,乐风,https://p3-dcd.byteimg.com/motor-mis-img/da0128fc4f5aed7c78df649e7117e247~tplv-f042mdwyw7-original:tplv-resize:640:0.image?psm=motor.pc_sh.api,bd7cb7959bf0912e932678ba,1,0,,6b12c5770b35ff08145f1cf2,dongchedi_usedcar_series,2026-07-08T22:04:53+08:00
1349,6,雪佛兰,乐风RV,https://p3-dcd.byteimg.com/motor-mis-img/a27cc33a49c751d559b8844dc84a75c8~tplv-f042mdwyw7-original:tplv-resize:640:0.image?psm=motor.pc_sh.api,f915919ea837c3708266d0b8,1,0,,b8ca11c2edeab88e00779971,dongchedi_usedcar_series,2026-07-08T22:04:53+08:00
1351,6,雪佛兰,爱唯欧,https://p3-dcd.byteimg.com/motor-mis-img/34f601926d64424ea7f87596bd432b9b~tplv-f042mdwyw7-original:tplv-resize:640:0.image?psm=motor.pc_sh.api,8047bc4233190d28ad8b90bf,1,0,,b831835f88a3b60fcffcca89,dongchedi_usedcar_series,2026-07-08T22:04:53+08:00
1352,6,雪佛兰,科鲁兹,https://p3-dcd.byteimg.com/motor-mis-img/f374ed62b37f67136cc64cc50db4c953~tplv-f042mdwyw7-original:tplv-resize:640:0.image?psm=motor.pc_sh.api,e0733bbd423b3edf8910f69a,1,0,,fb4d14ef6af42e32a81c8fc0,dongchedi_usedcar_series,2026-07-08T22:04:53+08:00
1353,6,雪佛兰,科沃兹,https://p3-dcd.byteimg.com/motor-mis-img/6b3cd0fa595edb4bd5f8a12b5d22e3ec~tplv-f042mdwyw7-original:tplv-resize:640:0.image?psm=motor.pc_sh.api,8d860e0aa27928f1b64b4685,1,0,,29c37600bbb921332a429f32,dongchedi_usedcar_series,2026-07-08T22:04:53+08:00
1354,6,雪佛兰,迈锐宝,https://p3-dcd.byteimg.com/motor-mis-img/862dbce259999fa5c8f5f486f81ed6fd~tplv-f042mdwyw7-original:tplv-resize:640:0.image?psm=motor.pc_sh.api,fa1e372146f3423170c60909,1,0,,c798d7460796962a41f75833,dongchedi_usedcar_series,2026-07-08T22:04:53+08:00
1355,6,雪佛兰,迈锐宝XL,https://p3-dcd.byteimg.com/motor-mis-img/8171a91a9f3017a9001e682797dc5f77~tplv-f042mdwyw7-original:tplv-resize:640:0.image?psm=motor.pc_sh.api,4ab1c75c6b536ec24fbfedd7,1,0,,a0c1affba60c8a9aa25fb24e,dongchedi_usedcar_series,2026-07-08T22:04:53+08:00
1356,6,雪佛兰,景程,https://p3-dcd.byteimg.com/motor-mis-img/9c96e0efa3a7b776e91cd6b42eb9c00c~tplv-f042mdwyw7-original:tplv-resize:640:0.image?psm=motor.pc_sh.api,157b8d42f89149c1f892d599,1,0,,198c231f1b05cb9cb44312fb,dongchedi_usedcar_series,2026-07-08T22:04:53+08:00
1357,6,雪佛兰,创酷,https://p9-dcd.byteimg.com/motor-mis-img/7f32d8c6bf3899a4d61b5059c5717c70~tplv-resize:640:0.png?psm=motor.rank.data,f97393229893f725c30ddcef,3,2,,6f50e690ffaefca024b519d3,dongchedi_ranking|dongchedi_usedcar_series,2026-07-08T22:04:53+08:00
1358,6,雪佛兰,科帕奇,https://p3-dcd.byteimg.com/motor-mis-img/40317dcd5d367861e3d85896c0fd3bbc~tplv-f042mdwyw7-original:tplv-resize:640:0.image?psm=motor.pc_sh.api,14e89e8397f72f5e09b713f4,1,0,,006f54a2032e73ab4550e518,dongchedi_usedcar_series,2026-07-08T22:04:53+08:00
1359,6,雪佛兰,探界者,https://p9-dcd.byteimg.com/motor-mis-img/d0cade284d533a6e482e19d58e728e01~tplv-resize:640:0.png?psm=motor.rank.data,dee19e22d2e74c031efff2ca,3,2,,eabb28f9cf63788ee5c9c09e,dongchedi_ranking|dongchedi_usedcar_series,2026-07-08T22:04:53+08:00
1362,6,雪佛兰,科帕奇经典(进口),https://p3-dcd.byteimg.com/tos-cn-i-dcdx/c6e0589cf7db48eaa3976e669526d989~tplv-f042mdwyw7-original:tplv-resize:640:0.image?psm=motor.pc_sh.api,ce580f73099874ce3ed26097,1,0,,2a37d33428398e5693580407,dongchedi_usedcar_series,2026-07-08T22:04:53+08:00
1364,6,雪佛兰,索罗德,https://p3-dcd.byteimg.com/tos-cn-i-dcdx/c2badfd2ed7145e2b99d3b4b9c977b1a~tplv-f042mdwyw7-original:tplv-resize:640:0.image?psm=motor.pc_sh.api,c26072df39003e0fbcbba75a,1,0,,c3e9471dc21187adbcb1c590,dongchedi_usedcar_series,2026-07-08T22:04:53+08:00
1365,6,雪佛兰,科迈罗,https://p3-dcd.byteimg.com/tos-cn-i-dcdx/8c323033773343499bf30894c6989c50~tplv-f042mdwyw7-original:tplv-resize:640:0.image?psm=motor.pc_sh.api,4400de98fe5de3e6458eaca1,1,0,,813711f6d1522471e265ab3b,dongchedi_usedcar_series,2026-07-08T22:04:53+08:00
1366,21,雪铁龙,雪铁龙C2,https://p3-dcd.byteimg.com/motor-mis-img/433702b4816ad1d650e0cb98d2c885da~tplv-f042mdwyw7-original:tplv-resize:640:0.image?psm=motor.pc_sh.api,36d09787c80bf289a3ccb55a,1,0,,0836d65043b9e69512b41732,dongchedi_usedcar_series,2026-07-08T22:04:53+08:00
1367,21,雪铁龙,爱丽舍,https://p3-dcd.byteimg.com/motor-mis-img/de0af2a359c45b6f27e5e446106cfccb~tplv-f042mdwyw7-original:tplv-resize:640:0.image?psm=motor.pc_sh.api,f132968d64c0c5da24ff5be3,1,0,,8113c6009e411ec7f7191a2a,dongchedi_usedcar_series,2026-07-08T22:04:53+08:00
1368,21,雪铁龙,世嘉,https://p3-dcd.byteimg.com/motor-mis-img/8f7abb9967ca505791f00aa57bbce9f6~tplv-f042mdwyw7-original:tplv-resize:640:0.image?psm=motor.pc_sh.api,95d9fdaa34e044929ce7ce3e,1,0,,da4041523c1f28a385d9a7d5,dongchedi_usedcar_series,2026-07-08T22:04:53+08:00
1369,21,雪铁龙,雪铁龙C4L,https://p3-dcd.byteimg.com/motor-mis-img/22021d95bf6181cb9566e38a035bb6e2~tplv-f042mdwyw7-original:tplv-resize:640:0.image?psm=motor.pc_sh.api,f4a73b8679fd897c6043c2c9,1,0,,3e5d64adb938a04dc067956c,dongchedi_usedcar_series,2026-07-08T22:04:53+08:00
1370,21,雪铁龙,C4世嘉,https://p3-dcd.byteimg.com/motor-mis-img/c398a15e223b722945c6a794348e101c~tplv-f042mdwyw7-original:tplv-resize:640:0.image?psm=motor.pc_sh.api,75f2f818c957f6889052f109,1,0,,5eeb9b84458696026041365b,dongchedi_usedcar_series,2026-07-08T22:04:53+08:00
1373,21,雪铁龙,凯旋,https://p3-dcd.byteimg.com/motor-mis-img/d0f44907c924e08b62fd7834ae60d267~tplv-f042mdwyw7-original:tplv-resize:640:0.image?psm=motor.pc_sh.api,5f289567665621a624dc9df0,1,0,,ca0e81e4a066350e8d32cfca,dongchedi_usedcar_series,2026-07-08T22:04:53+08:00
1374,21,雪铁龙,雪铁龙C5,https://p3-dcd.byteimg.com/motor-mis-img/03002aeb313d9071a4a76da6d43f97f9~tplv-f042mdwyw7-original:tplv-resize:640:0.image?psm=motor.pc_sh.api,3eadd081da3dec78c535cf6c,1,0,,dbed2abbad3989515830ad61,dongchedi_usedcar_series,2026-07-08T22:04:53+08:00
1375,21,雪铁龙,雪铁龙C6,https://p3-dcd.byteimg.com/tos-cn-i-dcdx/411e8efc4672453b892abbd1b95ef953~tplv-f042mdwyw7-original:tplv-resize:640:0.image?psm=motor.pc_sh.api,4428f850ae146d4460b02f8e,1,0,,347d80401e5f8427f5b30055,dongchedi_usedcar_series,2026-07-08T22:04:53+08:00
1376,21,雪铁龙,雪铁龙C3-XR,https://p3-dcd.byteimg.com/motor-mis-img/a65b0e6e805e6985fe12ba2284e26221~tplv-f042mdwyw7-original:tplv-resize:640:0.image?psm=motor.pc_sh.api,5f163b056324fb2826f7b76d,1,0,,1139727f31cd6d6a4367aa73,dongchedi_usedcar_series,2026-07-08T22:04:53+08:00
1380,55,DS,DS 4,https://p9-dcd.byteimg.com/tos-cn-i-dcdx/4e6d6cdd6177489088fd8026e7adf938~tplv-f042mdwyw7-original:tplv-resize:640:0.image?psm=motor.pc_sh.api,3fc637aec76bddd722111b9c,1,0,,a308c791868558adc652e6ca,dongchedi_usedcar_series,2026-07-08T22:04:53+08:00
1381,55,DS,DS 5(进口),https://p9-dcd.byteimg.com/motor-mis-img/471a13364109c2c7e7fa83dfa341adbb~tplv-f042mdwyw7-original:tplv-resize:640:0.image?psm=motor.pc_sh.api,945fb26150e84931a82c3882,1,0,,a4e335007429c85f66a3612d,dongchedi_usedcar_series,2026-07-08T22:04:53+08:00
1384,21,雪铁龙,雪铁龙C4 AIRCROSS(进口),https://p3-dcd.byteimg.com/motor-mis-img/f0cd04c7c2e80004e5797a8d0e33a6ba~tplv-f042mdwyw7-original:tplv-resize:640:0.image?psm=motor.pc_sh.api,1b2a31494aa409e5e75241a0,1,0,,d7c2f58e2abc44cee52b1a69,dongchedi_usedcar_series,2026-07-08T22:04:53+08:00
1385,21,雪铁龙,C4毕加索,https://p3-dcd.byteimg.com/motor-mis-img/f6a1978ab46f4b9707b70d49727bb202~tplv-f042mdwyw7-original:tplv-resize:640:0.image?psm=motor.pc_sh.api,92c7ddd91f31f63f7260d615,1,0,,a90ca48bf72a923befdd6afa,dongchedi_usedcar_series,2026-07-08T22:04:53+08:00
1386,55,DS,DS 5LS,https://p9-dcd.byteimg.com/motor-mis-img/37e9e82f08ad6bfa1265771e2425f301~tplv-f042mdwyw7-original:tplv-resize:640:0.image?psm=motor.pc_sh.api,806699528f3abe2f41d3af52,1,0,,4c9c37e24903be3114d95e9a,dongchedi_usedcar_series,2026-07-08T22:04:53+08:00
1391,107,野马汽车,野马T70,https://p3-dcd.byteimg.com/motor-mis-img/6f39f3cd1cc33ac0c1994351d706808f~tplv-f042mdwyw7-original:tplv-resize:640:0.image?psm=motor.pc_sh.api,f5b2a6a38420a01d06a653a8,1,0,,020689fbce1ee6792bf9d8a2,dongchedi_usedcar_series,2026-07-08T22:04:53+08:00
1393,107,野马汽车,野马T80,https://p3-dcd.byteimg.com/motor-mis-img/c9665ff5bcff739b8988d8dcbe8cb832~tplv-f042mdwyw7-original:tplv-resize:640:0.image?psm=motor.pc_sh.api,7aaa367d424de5692b1eea4f,1,0,,661b167604ef06baa02dab47,dongchedi_usedcar_series,2026-07-08T22:04:53+08:00
1394,67,一汽,夏利,https://p9-dcd.byteimg.com/motor-mis-img/ced6d2bf66c2c7da2d8e657e76bcbe1c~tplv-f042mdwyw7-original:tplv-resize:640:0.image?psm=motor.pc_sh.api,3f5f047210b0c38ca29b47db,1,0,,42c3f507d7f6b4f494907f88,dongchedi_usedcar_series,2026-07-08T22:04:53+08:00
1395,67,一汽,夏利N5,https://p9-dcd.byteimg.com/motor-mis-img/8854df312df4ba96d7c78a647799a702~tplv-f042mdwyw7-original:tplv-resize:640:0.image?psm=motor.pc_sh.api,dbd0806fc96073b2cdc4e4e1,1,0,,217b683a0e17d6263775ba7d,dongchedi_usedcar_series,2026-07-08T22:04:53+08:00
1396,67,一汽,威志V5,https://p9-dcd.byteimg.com/motor-mis-img/73ac14223f400ff2ee373655dbeba805~tplv-f042mdwyw7-original:tplv-resize:640:0.image?psm=motor.pc_sh.api,17916d79b31c0bd2108c1d0e,1,0,,3db6bcfcf96247d15fdf7f95,dongchedi_usedcar_series,2026-07-08T22:04:53+08:00
1397,67,一汽,夏利N7,https://p9-dcd.byteimg.com/motor-mis-img/30e749202dfb8725dca90d75db4ac967~tplv-f042mdwyw7-original:tplv-resize:640:0.image?psm=motor.pc_sh.api,257548d910613df457ea5cbc,1,0,,2bb5480c76d1a28f0fa551bd,dongchedi_usedcar_series,2026-07-08T22:04:53+08:00
1398,67,一汽,威姿,https://p9-dcd.byteimg.com/motor-mis-img/cd828e6a9174bb17f811e7afb8748f4f~tplv-f042mdwyw7-original:tplv-resize:640:0.image?psm=motor.pc_sh.api,50ab25b1af0b8a2047873c4e,1,0,,d6f733730f825129c98b24a8,dongchedi_usedcar_series,2026-07-08T22:04:53+08:00
1399,67,一汽,威乐,https://p9-dcd.byteimg.com/motor-mis-img/e1856adb671d0511a924344a96e8fa45~tplv-f042mdwyw7-original:tplv-resize:640:0.image?psm=motor.pc_sh.api,3aaa0661eb2561cd3cac69ad,1,0,,69fa9bbd1989f4410b2d35ed,dongchedi_usedcar_series,2026-07-08T22:04:53+08:00
1402,67,一汽,骏派A70,https://p9-dcd.byteimg.com/motor-mis-img/9e353d590351ffca8ad9c68089ed8d76~tplv-f042mdwyw7-original:tplv-resize:640:0.image?psm=motor.pc_sh.api,5274fdcc9d650d89f4c9c694,1,0,,f384392a44dbeb026498ee27,dongchedi_usedcar_series,2026-07-08T22:04:53+08:00
1403,67,一汽,骏派D60,https://p9-dcd.byteimg.com/motor-mis-img/c65c3253af92b4d5df9834db32ce2cd8~tplv-f042mdwyw7-original:tplv-resize:640:0.image?psm=motor.pc_sh.api,243035e6df74c6bb22d8e289,1,0,,28e74358bd052e3c82677df0,dongchedi_usedcar_series,2026-07-08T22:04:53+08:00
1405,67,一汽,森雅S80,https://p9-dcd.byteimg.com/motor-mis-img/9fcc55947416139011ed0f8b8c421911~tplv-f042mdwyw7-original:tplv-resize:640:0.image?psm=motor.pc_sh.api,a0ded94535d0a36ea6955659,1,0,,8abbc57b8a3b8ff9c76216fd,dongchedi_usedcar_series,2026-07-08T22:04:53+08:00
1406,67,一汽,森雅R7,https://p9-dcd.byteimg.com/motor-mis-img/aecc527761d81e6b35253fef9d34ec02~tplv-f042mdwyw7-original:tplv-resize:640:0.image?psm=motor.pc_sh.api,afd450daa6cf0eb5fc7cf6a8,1,0,,36341d32a3d09f1a1cf13165,dongchedi_usedcar_series,2026-07-08T22:04:53+08:00
1418,90,依维柯,依维柯得意,https://p3-dcd.byteimg.com/motor-mis-img/25d7dd0b2bb09dcb4cc99df8f4053a30~tplv-f042mdwyw7-original:tplv-resize:640:0.image?psm=motor.pc_sh.api,826a911dcf9cc9958f22df12,1,0,,3f17e79c1d45c8970a695e6e,dongchedi_usedcar_series,2026-07-08T22:04:53+08:00
1419,90,依维柯,依维柯褒迪,https://p3-dcd.byteimg.com/motor-mis-img/879782939de8147197f96bdeab21094d~tplv-f042mdwyw7-original:tplv-resize:640:0.image?psm=motor.pc_sh.api,e8894c49e3e6ca66b9e4f2c6,1,0,,595e922a4d8ccdc7d0b2f543,dongchedi_usedcar_series,2026-07-08T22:04:53+08:00
1420,90,依维柯,依维柯Ouba,https://p3-dcd.byteimg.com/motor-mis-img/5528fbcaa61c9984b239566a7d71e8f0~tplv-f042mdwyw7-original:tplv-resize:640:0.image?psm=motor.pc_sh.api,c7ebaf56881ae4775427cd71,1,0,,ea1306ee122f90f557a8fcac,dongchedi_usedcar_series,2026-07-08T22:04:53+08:00
1422,29,英菲尼迪,英菲尼迪Q50L,https://p3-dcd.byteimg.com/tos-cn-i-dcdx/4a825a6a359e4fc48aeb586f0c87cd50~tplv-f042mdwyw7-original:tplv-resize:640:0.image?psm=motor.pc_sh.api,4de43427ee7387b58ae1d601,1,0,,4955d23b0ebcd2672d069a83,dongchedi_usedcar_series,2026-07-08T22:04:53+08:00
1423,29,英菲尼迪,英菲尼迪QX50,https://p9-dcd.byteimg.com/tos-cn-i-dcdx/7144d5910bc846beacb0dccd70b0e9b3~tplv-resize:640:0.png?psm=motor.rank.data,64df058e2bf797d28355535f,3,2,,7e27b781cd6c7ebd24b6812f,dongchedi_ranking|dongchedi_usedcar_series,2026-07-08T22:04:53+08:00
1424,29,英菲尼迪,英菲尼迪G系,https://p3-dcd.byteimg.com/motor-mis-img/accdb7adc5485c9790bfc190e6612273~tplv-f042mdwyw7-original:tplv-resize:640:0.image?psm=motor.pc_sh.api,f8548652cf252e124098e25b,1,0,,f1a0bac5f5917bf3291e1f21,dongchedi_usedcar_series,2026-07-08T22:04:53+08:00
1425,29,英菲尼迪,英菲尼迪M系,https://p3-dcd.byteimg.com/motor-mis-img/a8f4cf8bc357e0114f4584c16838ddcd~tplv-f042mdwyw7-original:tplv-resize:640:0.image?psm=motor.pc_sh.api,db595c60b1ce2161ded03b94,1,0,,f3366a072db88bf92eff0cdc,dongchedi_usedcar_series,2026-07-08T22:04:53+08:00
1426,29,英菲尼迪,英菲尼迪Q50,https://p3-dcd.byteimg.com/motor-mis-img/f8835d900c9942d2a4f8435a81d4031b~tplv-f042mdwyw7-original:tplv-resize:640:0.image?psm=motor.pc_sh.api,69a5fcc8188da3dd7e06c897,1,0,,62e0e76f97c6193eda970cfd,dongchedi_usedcar_series,2026-07-08T22:04:53+08:00
1427,29,英菲尼迪,英菲尼迪Q70,https://p3-dcd.byteimg.com/motor-mis-img/73bcbf7aedbc643ddd647868c5177de9~tplv-f042mdwyw7-original:tplv-resize:640:0.image?psm=motor.pc_sh.api,146534b9a27943bf2959bd1d,1,0,,46a7b15e16fbded4caa31cfa,dongchedi_usedcar_series,2026-07-08T22:04:53+08:00
1428,29,英菲尼迪,英菲尼迪ESQ,https://p3-dcd.byteimg.com/motor-mis-img/b4dafa68991698fb1a09d70fb5db0c68~tplv-f042mdwyw7-original:tplv-resize:640:0.image?psm=motor.pc_sh.api,1cc64060663ae29874862605,1,0,,5cde818ca1bd871f9cd6a34d,dongchedi_usedcar_series,2026-07-08T22:04:53+08:00
1429,29,英菲尼迪,英菲尼迪EX,https://p3-dcd.byteimg.com/motor-mis-img/baf8a13686df3d2a6b83e1f5a4daf92d~tplv-f042mdwyw7-original:tplv-resize:640:0.image?psm=motor.pc_sh.api,97e3714aa144ef6fde6519e4,1,0,,eec5a2a491d8331bd0047d54,dongchedi_usedcar_series,2026-07-08T22:04:53+08:00
1430,29,英菲尼迪,英菲尼迪FX,https://p3-dcd.byteimg.com/motor-mis-img/0a0538c20b7d0604f256d9761bd850a3~tplv-f042mdwyw7-original:tplv-resize:640:0.image?psm=motor.pc_sh.api,0f6da496f2d280c3323786eb,1,0,,0d9f6f01ef765cfb0fc17b2a,dongchedi_usedcar_series,2026-07-08T22:04:53+08:00
1431,29,英菲尼迪,英菲尼迪JX,https://p3-dcd.byteimg.com/motor-mis-img/d675dae2eb22e8199d99b801c58b5338~tplv-f042mdwyw7-original:tplv-resize:640:0.image?psm=motor.pc_sh.api,7786f3ed5490a729066c57fe,1,0,,0ee6580d307dd376089af51d,dongchedi_usedcar_series,2026-07-08T22:04:53+08:00
1432,29,英菲尼迪,英菲尼迪QX,https://p3-dcd.byteimg.com/motor-mis-img/2faec60b411562ee28af8641f9c0bd78~tplv-f042mdwyw7-original:tplv-resize:640:0.image?psm=motor.pc_sh.api,ec006197e7333e7fd50075dc,1,0,,942a375ddb88e2ad4487ade8,dongchedi_usedcar_series,2026-07-08T22:04:53+08:00
1433,29,英菲尼迪,英菲尼迪QX30,https://p3-dcd.byteimg.com/motor-mis-img/2ae2b255ba0c4c2f32e47913399c1a67~tplv-f042mdwyw7-original:tplv-resize:640:0.image?psm=motor.pc_sh.api,bf3a57769b03a788981a4c42,1,0,,e96399380c97883e90c8174b,dongchedi_usedcar_series,2026-07-08T22:04:53+08:00
1434,29,英菲尼迪,英菲尼迪QX50(进口),https://p3-dcd.byteimg.com/motor-mis-img/f67750ca2b8a45dbef70f6ea57248edd~tplv-f042mdwyw7-original:tplv-resize:640:0.image?psm=motor.pc_sh.api,98cdcc7d69229ea18deeffda,1,0,,d7ee8ff1987f69676eceae8a,dongchedi_usedcar_series,2026-07-08T22:04:53+08:00
1435,29,英菲尼迪,英菲尼迪QX60(进口）,https://p3-dcd.byteimg.com/motor-mis-img/ff7729b2f6e4002e81a4c8470418a7af~tplv-f042mdwyw7-original:tplv-resize:640:0.image?psm=motor.pc_sh.api,821f8f15a78b89b302bac50f,1,0,,90fc29122b4ecb65b8f9f57a,dongchedi_usedcar_series,2026-07-08T22:04:53+08:00
1436,29,英菲尼迪,英菲尼迪QX70,https://p3-dcd.byteimg.com/motor-mis-img/f4bde7fae379f6805af2e9629eb279a0~tplv-f042mdwyw7-original:tplv-resize:640:0.image?psm=motor.pc_sh.api,fa8d82c08adacae518650f1a,1,0,,d35c6f846111f892f1cbf554,dongchedi_usedcar_series,2026-07-08T22:04:53+08:00
1437,29,英菲尼迪,英菲尼迪QX80,https://p3-dcd.byteimg.com/tos-cn-i-dcdx/8577c09ddd5449ff8adec570e11134be~tplv-f042mdwyw7-original:tplv-resize:640:0.image?psm=motor.pc_sh.api,f8cbe24f398df8be508a94ec,1,0,,b06b80b8f5903d505d9f053f,dongchedi_usedcar_series,2026-07-08T22:04:53+08:00
1438,29,英菲尼迪,英菲尼迪Q60,https://p3-dcd.byteimg.com/motor-mis-img/4545e5c007b459f0ab7d68bf10fb60b0~tplv-f042mdwyw7-original:tplv-resize:640:0.image?psm=motor.pc_sh.api,e8bbb241f0067c4b788b12a2,1,0,,90fea3f4e3409b387c54f488,dongchedi_usedcar_series,2026-07-08T22:04:53+08:00
1443,167,驭胜,驭胜S330,https://p3-dcd.byteimg.com/motor-mis-img/c5fbb4a2b77ee1d0f2f7d9e6dd5463d0~tplv-f042mdwyw7-original:tplv-resize:640:0.image?psm=motor.pc_sh.api,14427783f753035d66b579a3,1,0,,deba6bf996d8d6f2a66c62cb,dongchedi_usedcar_series,2026-07-08T22:04:53+08:00
1444,167,驭胜,驭胜S350,https://p3-dcd.byteimg.com/motor-mis-img/3a04b2948e1f0276c0647026dc937474~tplv-f042mdwyw7-original:tplv-resize:640:0.image?psm=motor.pc_sh.api,2eb647a34cd2609838676522,1,0,,82010551a6451594591c8e5f,dongchedi_usedcar_series,2026-07-08T22:04:53+08:00
1445,35,长安,奔奔MINI,https://p9-dcd.byteimg.com/motor-mis-img/b145282385ff4f51c0d7f0f7c646419d~tplv-f042mdwyw7-original:tplv-resize:640:0.image?psm=motor.pc_sh.api,ef4aa8cd5a991720f1916e1d,1,0,,fc2d5e54e10c408dd6ed970b,dongchedi_usedcar_series,2026-07-08T22:04:53+08:00
1446,35,长安,奔奔,https://p9-dcd.byteimg.com/motor-mis-img/a670361f1fee0d24659341431ad4655d~tplv-f042mdwyw7-original:tplv-resize:640:0.image?psm=motor.pc_sh.api,e955c3d2eca86d000664dac2,1,0,,14d9c6cb28a4a49af85273cb,dongchedi_usedcar_series,2026-07-08T22:04:53+08:00
1450,35,长安,长安CX20,https://p9-dcd.byteimg.com/motor-mis-img/8dd4e2b6ad65a3de91cabd3e1ef03b1f~tplv-f042mdwyw7-original:tplv-resize:640:0.image?psm=motor.pc_sh.api,34992fade470dbd740050d12,1,0,,71b044734affd9fa5ab9833f,dongchedi_usedcar_series,2026-07-08T22:04:53+08:00
1451,35,长安,悦翔V3,https://p9-dcd.byteimg.com/motor-mis-img/f669c0d734812c026daebbbb823b66bc~tplv-f042mdwyw7-original:tplv-resize:640:0.image?psm=motor.pc_sh.api,1a5849bb566230fbfd75b7a6,1,0,,a738d83d954f62a059a0ed08,dongchedi_usedcar_series,2026-07-08T22:04:53+08:00
1452,35,长安,悦翔V5,https://p9-dcd.byteimg.com/motor-mis-img/51c82373af751f42c5482634c5ab3c81~tplv-f042mdwyw7-original:tplv-resize:640:0.image?psm=motor.pc_sh.api,5f9491d69a0aef2e993a2c2e,1,0,,2c0bfe6f202d5cd622c38918,dongchedi_usedcar_series,2026-07-08T22:04:53+08:00
1453,35,长安,悦翔V7,https://p9-dcd.byteimg.com/motor-mis-img/a23d0744b972932b018b5f5e48f448c6~tplv-f042mdwyw7-original:tplv-resize:640:0.image?psm=motor.pc_sh.api,081123e6a2e0d2b6c2e0c400,1,0,,a0e60d7be753f2a4b0a449f7,dongchedi_usedcar_series,2026-07-08T22:04:53+08:00
1454,35,长安,悦翔,https://p9-dcd.byteimg.com/motor-mis-img/22f852bbe8a475779133939bf47a43b4~tplv-f042mdwyw7-original:tplv-resize:640:0.image?psm=motor.pc_sh.api,886878061171689368df308c,1,0,,fb5b62a5e0c3be06436118be,dongchedi_usedcar_series,2026-07-08T22:04:53+08:00
1455,35,长安,逸动,https://p9-dcd.byteimg.com/tos-cn-i-dcdx/e0d9676066014f75a9f63c3a74d969ef~tplv-resize:640:0.png?psm=motor.rank.data,ae6385bb6bf715f94cd6d5e3,3,2,,ddfa16f618193e55680cc89a,dongchedi_ranking|dongchedi_usedcar_series,2026-07-08T22:04:53+08:00
1456,35,长安,逸动EV,https://p9-dcd.byteimg.com/tos-cn-i-dcdx/d7cb99338fc54329b5902e25b6d44c17~tplv-resize:640:0.png?psm=motor.rank.data,aa15656872ff709404f135a7,3,2,,ec241068574125d6a7e8e47a,dongchedi_ranking|dongchedi_usedcar_series,2026-07-08T22:04:53+08:00
1459,35,长安,睿骋,https://p9-dcd.byteimg.com/motor-mis-img/7d634f61023d58928bf573635ea3af09~tplv-f042mdwyw7-original:tplv-resize:640:0.image?psm=motor.pc_sh.api,518c4073458977aa2f5c47f8,1,0,,155ebe512616e42189477f2d,dongchedi_usedcar_series,2026-07-08T22:04:53+08:00
1460,35,长安,长安CS15,https://p9-dcd.byteimg.com/motor-mis-img/3286bf0263e5734ce7ccc0c763630315~tplv-f042mdwyw7-original:tplv-resize:640:0.image?psm=motor.pc_sh.api,aa794cd86ad68596e019b25f,1,0,,2c28d5760cf232a6a9c23865,dongchedi_usedcar_series,2026-07-08T22:04:53+08:00
1461,35,长安,长安CS35,https://p9-dcd.byteimg.com/tos-cn-i-dcdx/2c8314b2bd0f44cdb2217d85b700ee9c~tplv-f042mdwyw7-original:tplv-resize:640:0.image?psm=motor.pc_sh.api,d670a8fdec7cee8eb4f042ce,1,0,,3379dfae964be10e1cc7a38a,dongchedi_usedcar_series,2026-07-08T22:04:53+08:00
1462,35,长安,长安CS75,https://p9-dcd.byteimg.com/tos-cn-i-dcdx/1148f46e91404a85b8f26369de890e0e~tplv-f042mdwyw7-original:tplv-resize:640:0.image?psm=motor.pc_sh.api,d1c363b14a6d48f9c54a0ce8,1,0,,248399e7ae99776ddf34cb1f,dongchedi_usedcar_series,2026-07-08T22:04:53+08:00
1463,35,长安,长安CS95,https://p9-dcd.byteimg.com/tos-cn-i-dcdx/c8c2f3936912439c9a470b5aaa1ee7e1~tplv-resize:640:0.png?psm=motor.rank.data,28c2dd36951452ef6aab8a2f,3,2,,48e7a134cc325a404fb446c9,dongchedi_ranking|dongchedi_usedcar_series,2026-07-08T22:04:53+08:00
1464,35,长安,凌轩,https://p9-dcd.byteimg.com/motor-mis-img/08e40f49c2455dbbd39ad15d6981e8e9~tplv-f042mdwyw7-original:tplv-resize:640:0.image?psm=motor.pc_sh.api,37374b5bd4dbc6cdc503dd60,1,0,,3a947c4ebc3b05e120ba6911,dongchedi_usedcar_series,2026-07-08T22:04:53+08:00
1469,210,长安跨越,长安V3,https://p3-dcd.byteimg.com/motor-mis-img/625417990aba11b02bf3a6ccec82c9fd~tplv-f042mdwyw7-original:tplv-resize:640:0.image?psm=motor.pc_sh.api,634668318c256927a8c3e3b4,1,0,,e3ce3500657a333a05f51e47,dongchedi_usedcar_series,2026-07-08T22:04:53+08:00
1470,119,长安欧尚,欧力威,https://p3-dcd.byteimg.com/motor-mis-img/2667985df0c07199bebf5726530cab3c~tplv-f042mdwyw7-original:tplv-resize:640:0.image?psm=motor.pc_sh.api,e026772dcdf7c21959f6507d,1,0,,928db8030077334e399ac6e6,dongchedi_usedcar_series,2026-07-08T22:04:53+08:00
1471,119,长安欧尚,长安欧尚CX70,https://p3-dcd.byteimg.com/motor-mis-img/ee246cb8f27c70a0ed27ecc40cca76ba~tplv-f042mdwyw7-original:tplv-resize:640:0.image?psm=motor.pc_sh.api,b718166eb5ebab172e852327,1,0,,cca518a27bf66d2df2d881fe,dongchedi_usedcar_series,2026-07-08T22:04:53+08:00
1472,171,长安凯程,长安欧尚A600,https://p9-dcd.byteimg.com/motor-mis-img/f70208c4167ed8dc07c47aa6aca85ee0~tplv-f042mdwyw7-original:tplv-resize:640:0.image?psm=motor.pc_sh.api,7d15f802f5b61a578387c90e,1,0,,8b176ebb419e8dacb5a975a7,dongchedi_usedcar_series,2026-07-08T22:04:53+08:00
1474,171,长安凯程,金牛星,https://p9-dcd.byteimg.com/motor-mis-img/5d4e3eb116061de7714052cd1b89a590~tplv-f042mdwyw7-original:tplv-resize:640:0.image?psm=motor.pc_sh.api,cc539480c41a5c67e6c3869e,1,0,,e99b2794f1afcb0adb27fc05,dongchedi_usedcar_series,2026-07-08T22:04:53+08:00
1475,171,长安凯程,欧诺S,https://p9-dcd.byteimg.com/tos-cn-i-dcdx/4bf5bc010a754e178c69005f1a95ce0c~tplv-resize:640:0.png?psm=motor.rank.data,53a0df978f440a77bf8c00e4,3,2,,2fa7eb7017dce4f779b85a57,dongchedi_ranking|dongchedi_usedcar_series,2026-07-08T22:04:53+08:00
1476,171,长安凯程,长安之星,https://p9-dcd.byteimg.com/motor-mis-img/050db341bc0730f64dd3d62fa6a5728d~tplv-f042mdwyw7-original:tplv-resize:640:0.image?psm=motor.pc_sh.api,25db9d3664232240a5cd8b20,1,0,,e5646091233b82f7075b05d5,dongchedi_usedcar_series,2026-07-08T22:04:53+08:00
1477,171,长安凯程,长安之星2,https://p9-dcd.byteimg.com/motor-mis-img/ffb747cf5cc080062db6cfd1ffcc2a05~tplv-f042mdwyw7-original:tplv-resize:640:0.image?psm=motor.pc_sh.api,0348fe0ed1e48c5c5e661af4,1,0,,e0154ebe08cdc5fecef943be,dongchedi_usedcar_series,2026-07-08T22:04:53+08:00
1479,171,长安凯程,长安之星3,https://p9-dcd.byteimg.com/motor-mis-img/438be53fc3c7b71387c0b6a3af1eb62f~tplv-f042mdwyw7-original:tplv-resize:640:0.image?psm=motor.pc_sh.api,26c9d16ae4cb59cd0fe7d94a,1,0,,8114b7c49a39886beeabf063,dongchedi_usedcar_series,2026-07-08T22:04:53+08:00
1480,171,长安凯程,长安之星9,https://p9-dcd.byteimg.com/motor-mis-img/88a55c20c7b0685589d349dabebaf55e~tplv-f042mdwyw7-original:tplv-resize:640:0.image?psm=motor.pc_sh.api,ac941dff11bc36bf2eef2a79,1,0,,5f062878d870b150326c6018,dongchedi_usedcar_series,2026-07-08T22:04:53+08:00
1481,171,长安凯程,睿行S50,https://p9-dcd.byteimg.com/motor-mis-img/b8decd8cc93ac5bf41acb45ac0746a11~tplv-f042mdwyw7-original:tplv-resize:640:0.image?psm=motor.pc_sh.api,23343d6963b2bd8796683e7d,1,0,,4571f1f1943a582b69d71952,dongchedi_usedcar_series,2026-07-08T22:04:53+08:00
1483,171,长安凯程,神骐F30,https://p9-dcd.byteimg.com/motor-mis-img/9e1d8e5d372e2de4aff83f820bd7bc9f~tplv-f042mdwyw7-original:tplv-resize:640:0.image?psm=motor.pc_sh.api,8abd4eec1d14544368176cdf,1,0,,c0bf1a99ac84dd53d8ceebb3,dongchedi_usedcar_series,2026-07-08T22:04:53+08:00
1486,171,长安凯程,睿行M80,https://p9-dcd.byteimg.com/motor-mis-img/32e015f56e22509bf4a51271887d02fd~tplv-f042mdwyw7-original:tplv-resize:640:0.image?psm=motor.pc_sh.api,b739ff908efedb85218e6c47,1,0,,87165abbd2683aa05b23c179,dongchedi_usedcar_series,2026-07-08T22:04:53+08:00
1487,171,长安凯程,睿行M90,https://p9-dcd.byteimg.com/motor-mis-img/411c5cd5881d8d50ba122331b8996e48~tplv-f042mdwyw7-original:tplv-resize:640:0.image?psm=motor.pc_sh.api,54851199513361b236dbf692,1,0,,5b7edb70e1b94fd1b4f1bc37,dongchedi_usedcar_series,2026-07-08T22:04:53+08:00
1488,171,长安凯程,睿行M70,https://p9-dcd.byteimg.com/motor-mis-img/47add37580b4fb5fe36cd7b7cee51cb3~tplv-f042mdwyw7-original:tplv-resize:640:0.image?psm=motor.pc_sh.api,323abb830e13145d2919622b,1,0,,67fb73e4d30c4c49c35f6deb,dongchedi_usedcar_series,2026-07-08T22:04:53+08:00
1491,8,长城,酷熊,https://p3-dcd.byteimg.com/motor-mis-img/50c24be18c422de6cd7152ce794f5d95~tplv-f042mdwyw7-original:tplv-resize:640:0.image?psm=motor.pc_sh.api,de157d25462bd30de316f11f,1,0,,fc1657fc1943a41d6d511d53,dongchedi_usedcar_series,2026-07-08T22:04:53+08:00
1493,8,长城,长城M2,https://p3-dcd.byteimg.com/motor-mis-img/cec0e5e0cd3410f37b1419d4b87f7d72~tplv-f042mdwyw7-original:tplv-resize:640:0.image?psm=motor.pc_sh.api,c378df89ea24e58303b0292d,1,0,,c9beae23ea3825859430f6c8,dongchedi_usedcar_series,2026-07-08T22:04:53+08:00
1496,8,长城,长城M4,https://p3-dcd.byteimg.com/motor-mis-img/e53118eaad31f4087fb3d715fc5af153~tplv-f042mdwyw7-original:tplv-resize:640:0.image?psm=motor.pc_sh.api,620a743a2bb69ec2a54ed2f1,1,0,,81796d75ebfb126ae840b96d,dongchedi_usedcar_series,2026-07-08T22:04:53+08:00
1499,8,长城,长城V80,https://p3-dcd.byteimg.com/motor-mis-img/6cff63c5197c0e0dca479fa747873e72~tplv-f042mdwyw7-original:tplv-resize:640:0.image?psm=motor.pc_sh.api,0b2e8a3e0473d618f85d65e5,1,0,,05df6971c8e253d33a0d44c1,dongchedi_usedcar_series,2026-07-08T22:04:53+08:00
1500,8,长城,长城C30,https://p3-dcd.byteimg.com/motor-mis-img/5b150943cacfbcf957c3fa04ea96891c~tplv-f042mdwyw7-original:tplv-resize:640:0.image?psm=motor.pc_sh.api,9ae068f006cc78cc3885308c,1,0,,5058ced5dc0f28c16833e743,dongchedi_usedcar_series,2026-07-08T22:04:53+08:00
1501,8,长城,长城C50,https://p3-dcd.byteimg.com/motor-mis-img/d2ab76cd8d914975919a4e8ff88a48f5~tplv-f042mdwyw7-original:tplv-resize:640:0.image?psm=motor.pc_sh.api,fbd548526315c3a5f9b8cdb1,1,0,,8538ede34911571a62ade3c2,dongchedi_usedcar_series,2026-07-08T22:04:53+08:00
1503,8,长城,风骏5,https://p3-dcd.byteimg.com/motor-mis-img/c691980071b00c90ce6810d94a5a3ad2~tplv-f042mdwyw7-original:tplv-resize:640:0.image?psm=motor.pc_sh.api,95439f938d591a70d73a6b2b,1,0,,313d0aa28963f5f1e48e9200,dongchedi_usedcar_series,2026-07-08T22:04:53+08:00
1504,8,长城,风骏6,https://p3-dcd.byteimg.com/motor-mis-img/5086b2dd3cf657682bfcf86cd836bf53~tplv-f042mdwyw7-original:tplv-resize:640:0.image?psm=motor.pc_sh.api,ca889324c86b72975726d907,1,0,,e2da993157397f06d2288b79,dongchedi_usedcar_series,2026-07-08T22:04:53+08:00
1506,170,之诺,之诺60H,https://p9-dcd.byteimg.com/motor-mis-img/f3e148c93a2d07838eb22627bacee7b2~tplv-f042mdwyw7-original:tplv-resize:640:0.image?psm=motor.pc_sh.api,5e53254541f1ea0dc3b2aa7a,1,0,,6c95651c9b4705e7a3d478d5,dongchedi_usedcar_series,2026-07-08T22:04:53+08:00
1509,168,知豆,知豆D2,https://p3-dcd.byteimg.com/motor-mis-img/134ac333100372a2e33ebab247986eb3~tplv-f042mdwyw7-original:tplv-resize:640:0.image?psm=motor.pc_sh.api,6508d6fbb69689acf0cbef2e,1,0,,dabe7b0d9c93b75f43d36236,dongchedi_usedcar_series,2026-07-08T22:04:53+08:00
1515,28,中华,中华H330,https://p3-dcd.byteimg.com/motor-mis-img/9662324deca912a7b8862ad37a076756~tplv-f042mdwyw7-original:tplv-resize:640:0.image?psm=motor.pc_sh.api,fa5bfc9703a7ab8a20ba311d,1,0,,b272609c94eb709f90abdd9d,dongchedi_usedcar_series,2026-07-08T22:04:53+08:00
1516,28,中华,中华H530,https://p3-dcd.byteimg.com/motor-mis-img/21e9ab41ead59d0f7f434cf337edea7c~tplv-f042mdwyw7-original:tplv-resize:640:0.image?psm=motor.pc_sh.api,efae9eb2a1e0cca94e6e83db,1,0,,aea180ef2c9178e309ea4ede,dongchedi_usedcar_series,2026-07-08T22:04:53+08:00
1517,28,中华,中华H3,https://p3-dcd.byteimg.com/motor-mis-img/d72c58a86a2d8ac58707340882d39a65~tplv-f042mdwyw7-original:tplv-resize:640:0.image?psm=motor.pc_sh.api,99ed460f9802fedf4a0a9589,1,0,,d9670273a8b35f3523864377,dongchedi_usedcar_series,2026-07-08T22:04:53+08:00
1518,28,中华,中华骏捷FRV,https://p3-dcd.byteimg.com/motor-mis-img/cc2618cc88b7883a279959479654957f~tplv-f042mdwyw7-original:tplv-resize:640:0.image?psm=motor.pc_sh.api,0f8ffd51c71256df911003da,1,0,,0e4db952c0f88f9384d3a470,dongchedi_usedcar_series,2026-07-08T22:04:53+08:00
1523,28,中华,中华V3,https://p3-dcd.byteimg.com/motor-mis-img/b804e48e0341f5dc0c255c0b58902ce5~tplv-f042mdwyw7-original:tplv-resize:640:0.image?psm=motor.pc_sh.api,cec5786c9af95a60a54ec578,1,0,,a373a86303cc29b0622ca6a1,dongchedi_usedcar_series,2026-07-08T22:04:53+08:00
1524,28,中华,中华V5,https://p3-dcd.byteimg.com/motor-mis-img/17472056467f6df9d031b47f0c6d56ec~tplv-f042mdwyw7-original:tplv-resize:640:0.image?psm=motor.pc_sh.api,43694490b677448d840b705a,1,0,,b7ee89325d0386b70d7becce,dongchedi_usedcar_series,2026-07-08T22:04:53+08:00
1525,28,中华,中华酷宝,https://p3-dcd.byteimg.com/motor-mis-img/5194eab3b76e081fa5745805071e72cb~tplv-f042mdwyw7-original:tplv-resize:640:0.image?psm=motor.pc_sh.api,30734f2ef6bb8fb50860b705,1,0,,d22a3f1e66e8a386e2a63a6a,dongchedi_usedcar_series,2026-07-08T22:04:53+08:00
1527,169,中兴,中兴GX3,https://p3-dcd.byteimg.com/motor-mis-img/e90f030cbd305f6d27a4b0edb4709bf2~tplv-f042mdwyw7-original:tplv-resize:640:0.image?psm=motor.pc_sh.api,bb816bb4007897588fd50060,1,0,,2a2fb27a9d3645237e238c9c,dongchedi_usedcar_series,2026-07-08T22:04:53+08:00
1531,169,中兴,威虎,https://p3-dcd.byteimg.com/motor-mis-img/1b67abfac87faab6c01a7f8c06e6db8a~tplv-f042mdwyw7-original:tplv-resize:640:0.image?psm=motor.pc_sh.api,0e33b5163eac8ec4e820fac5,1,0,,85913d7e2b01cc0aa8b6cdc8,dongchedi_usedcar_series,2026-07-08T22:04:53+08:00
1533,169,中兴,小老虎,https://p3-dcd.byteimg.com/motor-mis-img/cb4cf7fbbe5444c8b8a215a1226e5170~tplv-f042mdwyw7-original:tplv-resize:640:0.image?psm=motor.pc_sh.api,af35deb7815a04299a1aa327,1,0,,ef67cb6c813b169ab9177273,dongchedi_usedcar_series,2026-07-08T22:04:53+08:00
1534,169,中兴,大领主,https://p3-dcd.byteimg.com/motor-mis-img/7fa69fdb21396206f54c653c2a7fe3de~tplv-f042mdwyw7-original:tplv-resize:640:0.image?psm=motor.pc_sh.api,2585f30a198cce0c0a35f537,1,0,,cd80d2988f59f21bcf64a9aa,dongchedi_usedcar_series,2026-07-08T22:04:53+08:00
1543,64,众泰,众泰Z300,https://p9-dcd.byteimg.com/motor-mis-img/8301ba7f6f8dcb2bb7d4be938cd1b39c~tplv-f042mdwyw7-original:tplv-resize:640:0.image?psm=motor.pc_sh.api,e2f7c72d6fe5a09c658c4bee,1,0,,deefade8d68b591343aea669,dongchedi_usedcar_series,2026-07-08T22:04:53+08:00
1545,64,众泰,众泰Z500,https://p9-dcd.byteimg.com/motor-mis-img/78ed7fc89772409cbd0050d0ab76f531~tplv-f042mdwyw7-original:tplv-resize:640:0.image?psm=motor.pc_sh.api,6cc320654f5027ed4cb8db2b,1,0,,bb292ca90c0dbfa91a8e3f8b,dongchedi_usedcar_series,2026-07-08T22:04:53+08:00
1546,64,众泰,众泰Z560,https://p9-dcd.byteimg.com/motor-mis-img/05076b402590882eebda01642ce812de~tplv-f042mdwyw7-original:tplv-resize:640:0.image?psm=motor.pc_sh.api,149b4b21837b441a6fa49977,1,0,,07a5957fa0fe1550ba344253,dongchedi_usedcar_series,2026-07-08T22:04:53+08:00
1548,64,众泰,众泰Z700,https://p9-dcd.byteimg.com/motor-mis-img/0389d53c0b60dfaa4671a0a7d30204a7~tplv-f042mdwyw7-original:tplv-resize:640:0.image?psm=motor.pc_sh.api,726e2d22f20e6152bd99c6c1,1,0,,1f4dc317acb13c3f6469b4e9,dongchedi_usedcar_series,2026-07-08T22:04:53+08:00
1552,64,众泰,众泰T600,https://p9-dcd.byteimg.com/motor-mis-img/2c29340cd9eba974e2eee5d36fc9d5a1~tplv-f042mdwyw7-original:tplv-resize:640:0.image?psm=motor.pc_sh.api,6ceb516c0d7a5e185e046281,1,0,,fec2d47790af120f026c5e26,dongchedi_usedcar_series,2026-07-08T22:04:53+08:00
1553,64,众泰,众泰SR7,https://p9-dcd.byteimg.com/motor-mis-img/ea0ed4d337de4211eb6154de76935ec4~tplv-f042mdwyw7-original:tplv-resize:640:0.image?psm=motor.pc_sh.api,b14c9868cd14f8b172bf5a6a,1,0,,bc9a8510206a5b89aebd02c5,dongchedi_usedcar_series,2026-07-08T22:04:53+08:00
1554,64,众泰,众泰SR9,https://p9-dcd.byteimg.com/motor-mis-img/14b5c0244d37538a84aa20287cd25343~tplv-f042mdwyw7-original:tplv-resize:640:0.image?psm=motor.pc_sh.api,17d21602d45e05f6b7d8ba86,1,0,,f2b4f218cf642b85e319fb67,dongchedi_usedcar_series,2026-07-08T22:04:53+08:00
1555,64,众泰,大迈X5,https://p9-dcd.byteimg.com/motor-mis-img/eec398af4a01566bc58193de6678a7be~tplv-f042mdwyw7-original:tplv-resize:640:0.image?psm=motor.pc_sh.api,5aa0962a0615bca23e0c6476,1,0,,4306a87b1e01fa0f457befc7,dongchedi_usedcar_series,2026-07-08T22:04:53+08:00
1556,64,众泰,大迈X7,https://p9-dcd.byteimg.com/motor-mis-img/17ed9eecb0eb856913cb006f50dc2809~tplv-f042mdwyw7-original:tplv-resize:640:0.image?psm=motor.pc_sh.api,1c30e54ab2f96db8032da93f,1,0,,b8241666336757c46e9dd473,dongchedi_usedcar_series,2026-07-08T22:04:53+08:00
1559,64,众泰,众泰T700,https://p9-dcd.byteimg.com/motor-mis-img/ec16436c6478ea3b53e13fd1c82efbae~tplv-f042mdwyw7-original:tplv-resize:640:0.image?psm=motor.pc_sh.api,e8bb3c7255d1aeef53a7388f,1,0,,9b210267002bb3f4d352a502,dongchedi_usedcar_series,2026-07-08T22:04:53+08:00
1562,50,铃木,骁途,https://p3-dcd.byteimg.com/motor-mis-img/08a9f194408989a5b6d12abbe19b12ab~tplv-f042mdwyw7-original:tplv-resize:640:0.image?psm=motor.pc_sh.api,72a2cad3ed7b15a3327be72e,1,0,,5901cc608f381843ea99a871,dongchedi_usedcar_series,2026-07-08T22:04:53+08:00
1563,63,特斯拉,Model 3(进口),https://p3-dcd.byteimg.com/motor-mis-img/90d6df5c9b14fd012251ad38300655a4~tplv-f042mdwyw7-original:tplv-resize:640:0.image?psm=motor.pc_sh.api,8b7b3a2026bdba45b12cb8fb,1,0,,b2a17701a833aa9bda98680a,dongchedi_usedcar_series,2026-07-08T22:04:53+08:00
1565,366,宝骏,宝骏310W,https://p9-dcd.byteimg.com/motor-mis-img/b42d7693e8053b93f19f6a3e93fe2b4f~tplv-f042mdwyw7-original:tplv-resize:640:0.image?psm=motor.pc_sh.api,af180939e1436682e4b154a0,1,0,,e5293a004b3de72b11585d01,dongchedi_usedcar_series,2026-07-08T22:04:53+08:00
1566,119,长安欧尚,长安欧尚A800,https://p3-dcd.byteimg.com/motor-mis-img/323b69ccdd3a1af2730736e85f9a9cd2~tplv-f042mdwyw7-original:tplv-resize:640:0.image?psm=motor.pc_sh.api,47213650ffbfd0c8510bf9fd,1,0,,000faf8274d71d1dae88def4,dongchedi_usedcar_series,2026-07-08T22:04:53+08:00
1577,64,众泰,众泰T600 Coupe,https://p9-dcd.byteimg.com/motor-mis-img/ea7b8780aed95d190cce99b2a4cc8379~tplv-f042mdwyw7-original:tplv-resize:640:0.image?psm=motor.pc_sh.api,b4ab3bc421b0cbab9d9bcf39,1,0,,b66abbed135825baaef56e3e,dongchedi_usedcar_series,2026-07-08T22:04:53+08:00
1578,108,大通,大通EG10,https://p3-dcd.byteimg.com/motor-mis-img/93130855c07417fb61d44713d64bc6a0~tplv-f042mdwyw7-original:tplv-resize:640:0.image?psm=motor.pc_sh.api,eb7064b9247aaa4037b8080e,1,0,,45cdc79be8aa81c0f203f245,dongchedi_usedcar_series,2026-07-08T22:04:53+08:00
1579,10,日产,劲客,https://p9-dcd.byteimg.com/motor-mis-img/504fb3220f62bbc899bbe7bdbdb15d0a~tplv-resize:640:0.png?psm=motor.rank.data,166ae0e904e8f407f7da960f,3,2,,e844f5146b030d43ec050408,dongchedi_ranking|dongchedi_usedcar_series,2026-07-08T22:04:53+08:00
1580,145,Lorinser,Lorinser VS系列,https://p9-dcd.byteimg.com/tos-cn-i-dcdx/a443c55f534946dc8b9aa4809c2e8433~tplv-f042mdwyw7-original:tplv-resize:640:0.image?psm=motor.pc_sh.api,700710f758289f7d2131c51e,1,0,,cb62c1add88670aad388e4aa,dongchedi_usedcar_series,2026-07-08T22:04:53+08:00
1581,137,卡升,卡升T6,https://p3-dcd.byteimg.com/motor-mis-img/56b113c0fa2059b2f4cca87b49cb93d7~tplv-f042mdwyw7-original:tplv-resize:640:0.image?psm=motor.pc_sh.api,2292b1a623cf43e7e8cd7d4f,1,0,,7cf57cb16ca3b7339d067177,dongchedi_usedcar_series,2026-07-08T22:04:53+08:00
1584,40,广汽传祺,传祺GS4 PHEV,https://p3-dcd.byteimg.com/motor-mis-img/f270df8b4b5ecd219960b8ee76fb935a~tplv-f042mdwyw7-original:tplv-resize:640:0.image?psm=motor.pc_sh.api,af78109bcdf4105191672e3e,1,0,,99c84876648bd2d420957b8c,dongchedi_usedcar_series,2026-07-08T22:04:53+08:00
1586,137,卡升,卡升V-Class,https://p3-dcd.byteimg.com/motor-mis-img/443ec0988d6987cfcd9e36b1551657b4~tplv-f042mdwyw7-original:tplv-resize:640:0.image?psm=motor.pc_sh.api,a2c5d2313afb0071d7044629,1,0,,17e8f1bf49a06b4b863c57cd,dongchedi_usedcar_series,2026-07-08T22:04:53+08:00
1587,136,江铃集团新能源,易至EX5,https://p3-dcd.byteimg.com/motor-mis-img/3747089064fdb6b38a71621d8f00922e~tplv-f042mdwyw7-original:tplv-resize:640:0.image?psm=motor.pc_sh.api,24ed885eb813ca246a8c461f,1,0,,b26c04e6bd94214f91213e22,dongchedi_usedcar_series,2026-07-08T22:04:53+08:00
1590,40,广汽传祺,传祺GS7,https://p3-dcd.byteimg.com/motor-mis-img/77f639a931d959d32af57112db73e3e2~tplv-f042mdwyw7-original:tplv-resize:640:0.image?psm=motor.pc_sh.api,15e189201c0fa2f6b695148e,1,0,,1f268b820184dd182c9aad38,dongchedi_usedcar_series,2026-07-08T22:04:53+08:00
1592,366,宝骏,宝骏E100,https://p9-dcd.byteimg.com/motor-mis-img/7cdb62efefe83adf4edb317995c448f3~tplv-f042mdwyw7-original:tplv-resize:640:0.image?psm=motor.pc_sh.api,ebabc5531137b9b7707954f6,1,0,,d56b9265fe5eee5949abf6e3,dongchedi_usedcar_series,2026-07-08T22:04:53+08:00
1593,35,长安,奔奔EV,https://p9-dcd.byteimg.com/motor-mis-img/d7eb5af0d5bc7db83dc91e4140981afa~tplv-f042mdwyw7-original:tplv-resize:640:0.image?psm=motor.pc_sh.api,ec352bab39ce83d03a16be7c,1,0,,21d6dfbb040299cfcc2892c2,dongchedi_usedcar_series,2026-07-08T22:04:53+08:00
1594,17,哈弗,哈弗M6,https://p9-dcd.byteimg.com/motor-mis-img/3318a942828459ec7ce8bd81f8e187d9~tplv-f042mdwyw7-original:tplv-resize:640:0.image?psm=motor.pc_sh.api,da5701856978ff1522874a90,1,0,,7bd76bc4e8f58c82b7d4343b,dongchedi_usedcar_series,2026-07-08T22:04:53+08:00
1597,172,宇通,宇通T7,https://p3-dcd.byteimg.com/tos-cn-i-dcdx/5fddf1fc7b694da2a06953e624b7843c~tplv-f042mdwyw7-original:tplv-resize:640:0.image?psm=motor.pc_sh.api,d2f333f326ea78f496de8c61,1,0,,8cf2ade6cb7b82f4ebd2755f,dongchedi_usedcar_series,2026-07-08T22:04:53+08:00
1598,242,埃安,传祺GE3,https://p9-dcd.byteimg.com/motor-mis-img/b607f1bf2fb8bfdae8881d97ec965314~tplv-f042mdwyw7-original:tplv-resize:640:0.image?psm=motor.pc_sh.api,bbfc55796a57afe9507e4465,1,0,,7730b5b031e858a0b0fa9bf7,dongchedi_usedcar_series,2026-07-08T22:04:53+08:00
1599,35,长安,长安CS55,https://p9-dcd.byteimg.com/motor-mis-img/33da50d7e6e8c18758288585752ea90a~tplv-f042mdwyw7-original:tplv-resize:640:0.image?psm=motor.pc_sh.api,bb96a1f4ae3337d0dae892d6,1,0,,07350112fd8cfa7d9108ac2c,dongchedi_usedcar_series,2026-07-08T22:04:53+08:00
1609,461,奇瑞新能源,艾瑞泽5e,https://p3-dcd.byteimg.com/motor-mis-img/16cd7d8ba98f58459f65db5c491a497d~tplv-f042mdwyw7-original:tplv-resize:640:0.image?psm=motor.pc_sh.api,809fabd62dc2c09b0302c61e,1,0,,d2ce87bdb839239b05b76563,dongchedi_usedcar_series,2026-07-08T22:04:53+08:00
1610,64,众泰,众泰T300,https://p9-dcd.byteimg.com/motor-mis-img/cfd42cc113cd4bc3d1bc2f6ce0b2b3b7~tplv-f042mdwyw7-original:tplv-resize:640:0.image?psm=motor.pc_sh.api,d23b2e20da53293ac917fa22,1,0,,29f7b038cc560dbe0035bb2e,dongchedi_usedcar_series,2026-07-08T22:04:53+08:00
1611,66,魏牌,魏牌 VV5,https://p3-dcd.byteimg.com/motor-mis-img/ff1e2d601ed4d6d3bc081ca480097f83~tplv-f042mdwyw7-original:tplv-resize:640:0.image?psm=motor.pc_sh.api,6e4cd1638db5d83382f4dcbe,1,0,,e8cb6b0b3893d6e335a5693f,dongchedi_usedcar_series,2026-07-08T22:04:53+08:00
1614,73,吉利汽车,远景X3,https://p3-dcd.byteimg.com/motor-mis-img/518be2d04dcc4c3ee0fa8847c4e6c29a~tplv-f042mdwyw7-original:tplv-resize:640:0.image?psm=motor.pc_sh.api,dd0a44d263cd0d8d48b714d8,1,0,,6a8e2444899f69c78ce1f5bb,dongchedi_usedcar_series,2026-07-08T22:04:53+08:00
1616,112,蔚来,蔚来ES8,https://p9-dcd.byteimg.com/tos-cn-i-dcdx/3ee6d8e17f414ad9b5a4546607ec9877~tplv-resize:640:0.png?psm=motor.rank.data,aa90110a5247ed08bf021479,3,2,,7de0470410b87115badb2c52,dongchedi_ranking|dongchedi_usedcar_series,2026-07-08T22:04:53+08:00
1617,64,众泰,众泰T500,https://p9-dcd.byteimg.com/motor-mis-img/052c481c99859ffafb6c14944c60a27a~tplv-f042mdwyw7-original:tplv-resize:640:0.image?psm=motor.pc_sh.api,c4f2119e8f6f7d32848e27de,1,0,,f8fcb09f7435c558dd0590df,dongchedi_usedcar_series,2026-07-08T22:04:53+08:00
1619,36,荣威,荣威RX3,https://p3-dcd.byteimg.com/motor-mis-img/7a72b35f6c07573796372a87430d08fa~tplv-f042mdwyw7-original:tplv-resize:640:0.image?psm=motor.pc_sh.api,c0c15f63653cd2ca386392e1,1,0,,fc1373a8ed78eeefdbded1f4,dongchedi_usedcar_series,2026-07-08T22:04:53+08:00
1620,12,别克,别克GL6,https://p9-dcd.byteimg.com/motor-mis-img/6244d0821dc2e2e6e8d7ace6e8e2017b~tplv-f042mdwyw7-original:tplv-resize:640:0.image?psm=motor.pc_sh.api,6fd8de23312fd011ccde8969,1,0,,f2957b3d00bd3c7e0dc99e53,dongchedi_usedcar_series,2026-07-08T22:04:53+08:00
1621,40,广汽传祺,传祺GS3,https://p9-dcd.byteimg.com/tos-cn-i-dcdx/6fbce6a5eb654901a4a685072d0186b6~tplv-resize:640:0.png?psm=motor.rank.data,23f30be074ddc32291ecf5ae,3,2,,4f5c1f66827055ad829607a2,dongchedi_ranking|dongchedi_usedcar_series,2026-07-08T22:04:53+08:00
1622,174,领克,领克01,https://p9-dcd.byteimg.com/tos-cn-i-dcdx/13d83bd5a7ba44699106287813ad2afa~tplv-resize:640:0.png?psm=motor.rank.data,5e548253e8da6832a6ba9d95,3,2,,b716a8358a008fa43179625c,dongchedi_ranking|dongchedi_usedcar_series,2026-07-08T22:04:53+08:00
1623,174,领克,领克03,https://p9-dcd.byteimg.com/tos-cn-i-dcdx/08345fc4e121495babf272276402cf16~tplv-resize:640:0.png?psm=motor.rank.data,fbab2fc24b8e87120aaf8d8b,3,2,,9cbd0a9e5accb1dcd2317a1c,dongchedi_ranking|dongchedi_usedcar_series,2026-07-08T22:04:53+08:00
1624,16,比亚迪,宋MAX,https://p9-dcd.byteimg.com/motor-mis-img/4c148025a54535e4755e12faf6194d19~tplv-f042mdwyw7-original:tplv-resize:640:0.image?psm=motor.pc_sh.api,7833d5d5b951abc5268f9c54,1,0,,8502be119f92c29500d446af,dongchedi_usedcar_series,2026-07-08T22:04:53+08:00
1625,35,长安,睿骋CC,https://p9-dcd.byteimg.com/motor-mis-img/9aa10dccbef1f76ffbb5ceebfd0ae616~tplv-f042mdwyw7-original:tplv-resize:640:0.image?psm=motor.pc_sh.api,7a2f8fe020871c454891077c,1,0,,9bf636b1ec6811aeacace6ae,dongchedi_usedcar_series,2026-07-08T22:04:53+08:00
1626,39,五菱汽车,五菱宏光S3,https://p3-dcd.byteimg.com/motor-mis-img/ee52474b720ca4abdd651e5483736e01~tplv-f042mdwyw7-original:tplv-resize:640:0.image?psm=motor.pc_sh.api,1f7f78659f2089e15e4499c4,1,0,,5edbde5a67b8730d30f65dd1,dongchedi_usedcar_series,2026-07-08T22:04:53+08:00
1627,108,大通,大通D90,https://p3-dcd.byteimg.com/motor-mis-img/1ead62667b752000164a63576378ca86~tplv-f042mdwyw7-original:tplv-resize:640:0.image?psm=motor.pc_sh.api,af15cf0a2cc46da0ca4d6b2d,1,0,,be2ab56031e5eef1db412bed,dongchedi_usedcar_series,2026-07-08T22:04:53+08:00
1628,109,启辰,启辰D60,https://p9-dcd.byteimg.com/tos-cn-i-dcdx/19edcae930eb41e6995bb85e5ae1dea3~tplv-resize:640:0.png?psm=motor.rank.data,cbf79fffa34fce36ac591d31,3,2,,1ba6414f65a35161cf6087a3,dongchedi_ranking|dongchedi_usedcar_series,2026-07-08T22:04:53+08:00
1629,126,汉腾汽车,汉腾X5,https://p9-dcd.byteimg.com/motor-mis-img/b9dd664f4cf4e99246570c06e7f49e11~tplv-f042mdwyw7-original:tplv-resize:640:0.image?psm=motor.pc_sh.api,aa9bcec4f2fa93c9e8a3a589,1,0,,582decec5ed0053a75cd4107,dongchedi_usedcar_series,2026-07-08T22:04:53+08:00
1635,2,奥迪,奥迪RS 3,https://p3-dcd.byteimg.com/tos-cn-i-dcdx/a18281f44f63422a83b11522b16a9ca8~tplv-f042mdwyw7-original:tplv-resize:640:0.image?psm=motor.pc_sh.api,6abc01592f3352f899ef07c5,1,0,,a19198bed0fefe9b1cad3b4c,dongchedi_usedcar_series,2026-07-08T22:04:53+08:00
1636,5,丰田,丰田C-HR,https://p3-dcd.byteimg.com/tos-cn-i-dcdx/b0e1fef05cbb4a33be7c024e82deae95~tplv-f042mdwyw7-original:tplv-resize:640:0.image?psm=motor.pc_sh.api,5bd7c47636cba77a54599f26,1,0,,187bf42b42daf45161ae0356,dongchedi_usedcar_series,2026-07-08T22:04:53+08:00
1638,70,东风风行,景逸X6,https://p3-dcd.byteimg.com/motor-mis-img/2e628ceca0551a4408d7bb427d3a3def~tplv-f042mdwyw7-original:tplv-resize:640:0.image?psm=motor.pc_sh.api,c0a4f09af5182ad6e61e4aa2,1,0,,3237aa87bf4025a7198f6c74,dongchedi_usedcar_series,2026-07-08T22:04:53+08:00
1639,4,宝马,宝马6系GT,https://p3-dcd.byteimg.com/tos-cn-i-dcdx/9777ac6fffa04cc19893682bf1b1cf90~tplv-f042mdwyw7-original:tplv-resize:640:0.image?psm=motor.pc_sh.api,a9e326d92c1fd3c3a215838d,1,0,,0beaa9de93081ffbbacf09a6,dongchedi_usedcar_series,2026-07-08T22:04:53+08:00
1640,94,北汽幻速,北汽幻速S7,https://p3-dcd.byteimg.com/motor-mis-img/099007bf76baf72af2b71d3dc9b56e02~tplv-f042mdwyw7-original:tplv-resize:640:0.image?psm=motor.pc_sh.api,eefdd8e1e141ffae1b4c4b48,1,0,,a3d9d2c38492e46114269528,dongchedi_usedcar_series,2026-07-08T22:04:53+08:00
1641,4,宝马,宝马8系,https://p3-dcd.byteimg.com/tos-cn-i-dcdx/519cf81d37b64ac9b08799040a327387~tplv-f042mdwyw7-original:tplv-resize:640:0.image?psm=motor.pc_sh.api,0f88d7cb4197f02805fbc91e,1,0,,18d9fd30d1199abc0e4a6fd2,dongchedi_usedcar_series,2026-07-08T22:04:53+08:00
1642,21,雪铁龙,天逸 C5 AIRCROSS,https://p9-dcd.byteimg.com/tos-cn-i-dcdx/c93b0bba962f40328e628f302b03c6d6~tplv-resize:640:0.png?psm=motor.rank.data,543bad847284663f093e1225,3,2,,f265d18be44d39868aa5f3be,dongchedi_ranking|dongchedi_usedcar_series,2026-07-08T22:04:53+08:00
1643,42,兰博基尼,Urus,https://p3-dcd.byteimg.com/motor-mis-img/cc2ff963741939634ecaa2690f80bb59~tplv-f042mdwyw7-original:tplv-resize:640:0.image?psm=motor.pc_sh.api,10c12b4cffde7009cd72492d,1,0,,a077d7cf80fa35cf3c31304b,dongchedi_usedcar_series,2026-07-08T22:04:53+08:00
1646,2,奥迪,奥迪Q8,https://p3-dcd.byteimg.com/tos-cn-i-dcdx/2d40fad20e174c24ae25d29bac97c398~tplv-f042mdwyw7-original:tplv-resize:640:0.image?psm=motor.pc_sh.api,2e7e152fd64a4e7e6baa2c21,1,0,,0356583ae8a5e5cbc45b96b1,dongchedi_usedcar_series,2026-07-08T22:04:53+08:00
1647,52,北京越野,北京越野BJ90,https://p3-dcd.byteimg.com/motor-mis-img/122027b71b0c5c8274e34ad2b1aaea1d~tplv-f042mdwyw7-original:tplv-resize:640:0.image?psm=motor.pc_sh.api,ff6d347865f68d5b58684b47,1,0,,db5ccc4609ee2d6fad4668be,dongchedi_usedcar_series,2026-07-08T22:04:53+08:00
1650,3,奔驰,奔驰GLC AMG,https://p3-dcd.byteimg.com/tos-cn-i-dcdx/ba06be7f172e4de3a02d0dd8123e6b6f~tplv-f042mdwyw7-original:tplv-resize:640:0.image?psm=motor.pc_sh.api,cc8bc570d85f2e9497f7eadf,1,0,,de69cdfa354dc76c723041cf,dongchedi_usedcar_series,2026-07-08T22:04:53+08:00
1652,87,纳智捷,U5 SUV,https://p3-dcd.byteimg.com/motor-mis-img/ea83b53ddfa6786d1379234e5a546450~tplv-f042mdwyw7-original:tplv-resize:640:0.image?psm=motor.pc_sh.api,c7683e508533740566249a40,1,0,,ef1eafb9439d3b45e109f11b,dongchedi_usedcar_series,2026-07-08T22:04:53+08:00
1655,37,东风风神,东风风神E70,https://p9-dcd.byteimg.com/motor-mis-img/3645e5106165def002a7ab1f2300c71c~tplv-resize:640:0.png?psm=motor.rank.data,c303a22deb399b149c9646b9,3,2,,7dceec223ce1748477666929,dongchedi_ranking|dongchedi_usedcar_series,2026-07-08T22:04:53+08:00
1661,23,斯柯达,柯珞克,https://p9-dcd.byteimg.com/tos-cn-i-dcdx/5d64b637b63a4291ad2e9e94cf897aa7~tplv-resize:640:0.png?psm=motor.rank.data,490b2f9646d140bd6fee7eec,3,2,,491fc4da690b69123e40b98f,dongchedi_ranking|dongchedi_usedcar_series,2026-07-08T22:04:53+08:00
1662,119,长安欧尚,长安欧尚X70A,https://p3-dcd.byteimg.com/motor-mis-img/94932eb0e9ffa3a49a03c78d455ca9dd~tplv-f042mdwyw7-original:tplv-resize:640:0.image?psm=motor.pc_sh.api,f63ddda287671a1dc09fd1da,1,0,,8dd81890eed0173af8698b85,dongchedi_usedcar_series,2026-07-08T22:04:53+08:00
1663,142,凯翼,凯翼X5,https://p3-dcd.byteimg.com/motor-mis-img/dbc58bc3b039ec17bcfa6dba247043d3~tplv-f042mdwyw7-original:tplv-resize:640:0.image?psm=motor.pc_sh.api,ff31f36087fd5e20840cb0fc,1,0,,63d85ca801dac3ae67dbf5e4,dongchedi_usedcar_series,2026-07-08T22:04:53+08:00
1664,7,福特,经典全顺,https://p3-dcd.byteimg.com/motor-mis-img/cc67717be5e99d9b1f0cfe1d39f211bc~tplv-f042mdwyw7-original:tplv-resize:640:0.image?psm=motor.pc_sh.api,758e41473d2fa44b07de9516,1,0,,e54605a6e8e7a3fcd42a32fd,dongchedi_usedcar_series,2026-07-08T22:04:53+08:00
1666,6,雪佛兰,科尔维特,https://p3-dcd.byteimg.com/tos-cn-i-dcdx/c0cd3cff3dbd40cf9bd98ab7d9d6a788~tplv-f042mdwyw7-original:tplv-resize:640:0.image?psm=motor.pc_sh.api,a75eb291665a24cdf5c01cf0,1,0,,fd82f4e9e5f1c8139ca19cea,dongchedi_usedcar_series,2026-07-08T22:04:53+08:00
1667,10,日产,Pathfinder,https://p3-dcd.byteimg.com/tos-cn-i-dcdx/ff46c60335b14066b787cd8d2f0914b9~tplv-f042mdwyw7-original:tplv-resize:640:0.image?psm=motor.pc_sh.api,70cca588a320ba69eac5c153,1,0,,df61a2226964777011889c33,dongchedi_usedcar_series,2026-07-08T22:04:53+08:00
1668,3,奔驰,奔驰GLA(进口),https://p3-dcd.byteimg.com/tos-cn-i-dcdx/daf3de775ff14e25a4bb338af292edac~tplv-f042mdwyw7-original:tplv-resize:640:0.image?psm=motor.pc_sh.api,48687a26de591ccc26769263,1,0,,9b981d7f8742006ba029d012,dongchedi_usedcar_series,2026-07-08T22:04:53+08:00
1669,23,斯柯达,Yeti(进口),https://p9-dcd.byteimg.com/motor-mis-img/0edeb0fc7d1d49dce054f23c630a2784~tplv-f042mdwyw7-original:tplv-resize:640:0.image?psm=motor.pc_sh.api,880bdabf08e925e96ecf5d18,1,0,,45b062218065a8376d162c68,dongchedi_usedcar_series,2026-07-08T22:04:53+08:00
1671,73,吉利汽车,远景S1,https://p3-dcd.byteimg.com/motor-mis-img/2d20a0800f518ec75bbb886868c4b2fb~tplv-f042mdwyw7-original:tplv-resize:640:0.image?psm=motor.pc_sh.api,7c784494c8144f3f36487457,1,0,,0037cd0f3d5d6c415879afe9,dongchedi_usedcar_series,2026-07-08T22:04:53+08:00
1673,15,马自达,马自达CX-5(进口),https://p3-dcd.byteimg.com/motor-mis-img/b463ce42a4878a42ea66c2acbf887629~tplv-f042mdwyw7-original:tplv-resize:640:0.image?psm=motor.pc_sh.api,c085a280209ec43a609b64c2,1,0,,24fcd94418c8af26732aece7,dongchedi_usedcar_series,2026-07-08T22:04:53+08:00
1675,4,宝马,宝马2系旅行车(进口),https://p3-dcd.byteimg.com/motor-mis-img/f9a6d75b3e6899d20772dbe67e282ab5~tplv-f042mdwyw7-original:tplv-resize:640:0.image?psm=motor.pc_sh.api,e2bc631158b625d376af84be,1,0,,f957599b0ddbca54653b38da,dongchedi_usedcar_series,2026-07-08T22:04:53+08:00
1678,15,马自达,ATENZA,https://p3-dcd.byteimg.com/motor-mis-img/e7153ce5dc0e9fb07ea0161582aa8fd8~tplv-f042mdwyw7-original:tplv-resize:640:0.image?psm=motor.pc_sh.api,51415ed25188fa02e3247a0d,1,0,,aed6124781926f5a3431c388,dongchedi_usedcar_series,2026-07-08T22:04:53+08:00
1679,30,凯迪拉克,凯迪拉克ATS(进口),https://p3-dcd.byteimg.com/motor-mis-img/93a20c0c888527f0b7614cca1eb58fe2~tplv-f042mdwyw7-original:tplv-resize:640:0.image?psm=motor.pc_sh.api,6ba97b0236ba5d99f4a234e1,1,0,,5c21747656a7593d9cf75a4a,dongchedi_usedcar_series,2026-07-08T22:04:53+08:00
1684,2,奥迪,奥迪S4,https://p3-dcd.byteimg.com/tos-cn-i-dcdx/0c40945338db4190afe77ff6ea976d6a~tplv-f042mdwyw7-original:tplv-resize:640:0.image?psm=motor.pc_sh.api,037181792276206ce7060264,1,0,,24c9c3a847323bab0fb5b131,dongchedi_usedcar_series,2026-07-08T22:04:53+08:00
1686,93,北汽新能源,LITE,https://p3-dcd.byteimg.com/motor-mis-img/d19ef61ecead920de7c6fbd0e74d07bc~tplv-f042mdwyw7-original:tplv-resize:640:0.image?psm=motor.pc_sh.api,8b62f6ab574d10f96cad1bd9,1,0,,493d18050bc6e76eb9322851,dongchedi_usedcar_series,2026-07-08T22:04:53+08:00
1687,38,讴歌,讴歌TLX-L,https://p9-dcd.byteimg.com/motor-mis-img/623d256d21da2c81d4d3b653b6845f25~tplv-f042mdwyw7-original:tplv-resize:640:0.image?psm=motor.pc_sh.api,befe8302d5f294fced6ea0cd,1,0,,0e0c4f5d901b79b913f2e43d,dongchedi_usedcar_series,2026-07-08T22:04:53+08:00
1688,94,北汽幻速,北汽幻速H5,https://p3-dcd.byteimg.com/motor-mis-img/24564e8209c7de0842d27ad3a0f05c73~tplv-f042mdwyw7-original:tplv-resize:640:0.image?psm=motor.pc_sh.api,57821e5d188377a91ad817dc,1,0,,92e8f9720659536e68cf34d3,dongchedi_usedcar_series,2026-07-08T22:04:53+08:00
1689,37,东风风神,东风风神AX4,https://p3-dcd.byteimg.com/motor-mis-img/ec0cc53b0807f0c4dd39261fd1341411~tplv-f042mdwyw7-original:tplv-resize:640:0.image?psm=motor.pc_sh.api,461bcf2c0e4377b81dfbb1ee,1,0,,eb37d89fe8ea06027fc7c6c4,dongchedi_usedcar_series,2026-07-08T22:04:53+08:00
1694,46,雷诺,Espace经典,https://p3-dcd.byteimg.com/motor-mis-img/39523b850485f8b474c2542d87ffc53a~tplv-f042mdwyw7-original:tplv-resize:640:0.image?psm=motor.pc_sh.api,124d790efd4e26e52689f390,1,0,,a0098aecf89d33de83a96004,dongchedi_usedcar_series,2026-07-08T22:04:53+08:00
1697,13,起亚,KX CROSS,https://p3-dcd.byteimg.com/motor-mis-img/9d758c7fd62ceff0761842761ceb639f~tplv-f042mdwyw7-original:tplv-resize:640:0.image?psm=motor.pc_sh.api,ed18bc769fcaf89fdf53872a,1,0,,5905bb2f099b06011d901fe3,dongchedi_usedcar_series,2026-07-08T22:04:53+08:00
1699,44,法拉利,Portofino,https://p3-dcd.byteimg.com/motor-mis-img/ec879989614edba64cb491b30c9c14e9~tplv-f042mdwyw7-original:tplv-resize:640:0.image?psm=motor.pc_sh.api,78c0b736220d87b510a34a4a,1,0,,dcee382034542b6d8bc8f6f8,dongchedi_usedcar_series,2026-07-08T22:04:53+08:00
1700,13,起亚,凯绅,https://p3-dcd.byteimg.com/motor-mis-img/0b4f10fec5579df5d88d6a2b104e09e5~tplv-f042mdwyw7-original:tplv-resize:640:0.image?psm=motor.pc_sh.api,a9867de66ee6dc047ef389dc,1,0,,c2ae3ba26117e58c198fd704,dongchedi_usedcar_series,2026-07-08T22:04:53+08:00
1701,59,红旗,红旗H5经典,https://p3-dcd.byteimg.com/motor-mis-img/29e57294483a5f98bc133b090b194087~tplv-f042mdwyw7-original:tplv-resize:640:0.image?psm=motor.pc_sh.api,aabf477822c3e86269462c6d,1,0,,11d570e3e8368496869b0806,dongchedi_usedcar_series,2026-07-08T22:04:53+08:00
1704,22,雷克萨斯,雷克萨斯LC,https://p3-dcd.byteimg.com/tos-cn-i-dcdx/aaed0760d2b74040ab65fd30a2a0d1e2~tplv-f042mdwyw7-original:tplv-resize:640:0.image?psm=motor.pc_sh.api,78340f6434f8c2b20feb3e32,1,0,,8103772ed8f415fc5a879c43,dongchedi_usedcar_series,2026-07-08T22:04:53+08:00
1705,107,野马汽车,斯派卡,https://p3-dcd.byteimg.com/motor-mis-img/333dff6043577d8267712d8dd6d804a4~tplv-f042mdwyw7-original:tplv-resize:640:0.image?psm=motor.pc_sh.api,750118f2fb2a400b20e2e898,1,0,,e7c8382d95a9453bc70916c2,dongchedi_usedcar_series,2026-07-08T22:04:53+08:00
1706,32,江汽集团,江淮iEV7S,https://p3-dcd.byteimg.com/motor-mis-img/f7e95954e86dd9109e4d869e715cc545~tplv-f042mdwyw7-original:tplv-resize:640:0.image?psm=motor.pc_sh.api,a85bed62f07c83ec850ed4c2,1,0,,7201e590f59f60a652d4f746,dongchedi_usedcar_series,2026-07-08T22:04:53+08:00
1707,2,奥迪,奥迪A6L PHEV,https://p3-dcd.byteimg.com/motor-mis-img/e84a67d39282a0550546632e9e6cefb5~tplv-f042mdwyw7-original:tplv-resize:640:0.image?psm=motor.pc_sh.api,7e53ac4ccf2aa0800f05b92e,1,0,,66d66d57d999be3dc88a9873,dongchedi_usedcar_series,2026-07-08T22:04:53+08:00
1712,95,东风风光,风光S560,https://p9-dcd.byteimg.com/tos-cn-i-dcdx/dd2d955ef05b42cc924a242214e6ef9e~tplv-resize:640:0.png?psm=motor.rank.data,80adcd69d124b81320696f96,3,2,,2cceb1abb7e95f5ee3fb9281,dongchedi_ranking|dongchedi_usedcar_series,2026-07-08T22:04:53+08:00
1713,188,云度,云度π1,https://p3-dcd.byteimg.com/motor-mis-img/c78fff7eaf72ce07776d0fb1baf5f8d6~tplv-f042mdwyw7-original:tplv-resize:640:0.image?psm=motor.pc_sh.api,bf0da4a4e9e01a091899633c,1,0,,77eec5b54ce3e2548c0484de,dongchedi_usedcar_series,2026-07-08T22:04:53+08:00
1714,188,云度,云度π3,https://p3-dcd.byteimg.com/motor-mis-img/d36fbeed762d384c1b90690bc00149df~tplv-f042mdwyw7-original:tplv-resize:640:0.image?psm=motor.pc_sh.api,e4380fd3166cc53fde9f55c1,1,0,,55030910c95727619e800b97,dongchedi_usedcar_series,2026-07-08T22:04:53+08:00
1715,53,海马,福美来F7,https://p9-dcd.byteimg.com/motor-mis-img/6aa892d911c26fe9b41ee6f7e58344f4~tplv-f042mdwyw7-original:tplv-resize:640:0.image?psm=motor.pc_sh.api,1baba81bb98ed88e72b02ee9,1,0,,1f7b7a0db5547b6deb31f7b2,dongchedi_usedcar_series,2026-07-08T22:04:53+08:00
1719,13,起亚,焕驰,https://p9-dcd.byteimg.com/motor-mis-img/c655aa38e008e10259a76a207c62a295~tplv-resize:640:0.png?psm=motor.rank.data,c1f9fe8cff9d05ca7c7b375f,3,2,,636ab45ce7e8198cfeb36ed2,dongchedi_ranking|dongchedi_usedcar_series,2026-07-08T22:04:53+08:00
1722,251,星途,星途TX,https://p9-dcd.byteimg.com/motor-mis-img/9d01791484847f0536c20640edc90d89~tplv-f042mdwyw7-original:tplv-resize:640:0.image?psm=motor.pc_sh.api,3f81d15f69712420edc2375f,1,0,,2002a204e7b88ef77551af6c,dongchedi_usedcar_series,2026-07-08T22:04:53+08:00
1728,2,奥迪,奥迪RS 4,https://p3-dcd.byteimg.com/tos-cn-i-dcdx/a3f99c7f152543caa12eaf33ed7cdf13~tplv-f042mdwyw7-original:tplv-resize:640:0.image?psm=motor.pc_sh.api,fc1cdc57d8d281fe639ae694,1,0,,1219638511382f4509779b80,dongchedi_usedcar_series,2026-07-08T22:04:53+08:00
1729,3,奔驰,奔驰EQA,https://p9-dcd.byteimg.com/tos-cn-i-dcdx/06f97e6d149a4a5ba9bfbcb7c717a105~tplv-resize:640:0.png?psm=motor.rank.data,e4b2d482eb10388cf1a2d497,3,2,,13e640829bb1099b9dfebfa8,dongchedi_ranking|dongchedi_usedcar_series,2026-07-08T22:04:53+08:00
1738,18,奇瑞,瑞虎5x,https://p9-dcd.byteimg.com/tos-cn-i-dcdx/060ec2e0b84d424fb9806d05f912f5ae~tplv-resize:640:0.png?psm=motor.rank.data,d02716771bdd9d44a07cf32a,3,2,,a089338da24b55abcc674d68,dongchedi_ranking|dongchedi_usedcar_series,2026-07-08T22:04:53+08:00
1739,123,新龙马汽车,新龙马汽车启腾M70 EV,https://p9-dcd.byteimg.com/motor-mis-img/a68a5b8d6c5e69397a4979f6f13d889e~tplv-f042mdwyw7-original:tplv-resize:640:0.image?psm=motor.pc_sh.api,fd4276da4c9661fb34688f1f,1,0,,631b069fab4310808bc4a89d,dongchedi_usedcar_series,2026-07-08T22:04:53+08:00
1742,273,捷尼赛思,捷尼赛思G70,https://p3-dcd.byteimg.com/tos-cn-i-dcdx/edbae0e75b8b4b77ba23ae8ea369474c~tplv-f042mdwyw7-original:tplv-resize:640:0.image?psm=motor.pc_sh.api,1976d172e9001afbe68c697b,1,0,,ae4dfe5df6b9d2aad2f7f188,dongchedi_usedcar_series,2026-07-08T22:04:53+08:00
1745,12,别克,阅朗,https://p9-dcd.byteimg.com/motor-mis-img/5d7da58ba62103f819f85b4cd457e821~tplv-f042mdwyw7-original:tplv-resize:640:0.image?psm=motor.pc_sh.api,f7da101ae04b9b7a3be07361,1,0,,efcc2b5ca3acd09caa9f54ef,dongchedi_usedcar_series,2026-07-08T22:04:53+08:00
1747,116,宝沃,宝沃BX6,https://p3-dcd.byteimg.com/motor-mis-img/da8f353e449434206b5a893648dd7897~tplv-f042mdwyw7-original:tplv-resize:640:0.image?psm=motor.pc_sh.api,31b637bba9e44789ef346b97,1,0,,567fb5c0a73f457bbf7201e4,dongchedi_usedcar_series,2026-07-08T22:04:53+08:00
1748,190,君马汽车,君马S70,https://p9-dcd.byteimg.com/motor-mis-img/8b2a02fd23293e5b2e88e79122a4b1ee~tplv-f042mdwyw7-original:tplv-resize:640:0.image?psm=motor.pc_sh.api,e1bb9df73a47cf8f99e1eedf,1,0,,242d4c9181904ee117f6a777,dongchedi_usedcar_series,2026-07-08T22:04:53+08:00
1753,60,北汽昌河,北汽昌河M60,https://p9-dcd.byteimg.com/motor-mis-img/00bf7bc219ca13e973aabb28e6c31809~tplv-f042mdwyw7-original:tplv-resize:640:0.image?psm=motor.pc_sh.api,ace0bfc1959209bcfd4db375,1,0,,352f32160d6cfcd5efed3332,dongchedi_usedcar_series,2026-07-08T22:04:53+08:00
1754,60,北汽昌河,北汽昌河A6,https://p9-dcd.byteimg.com/motor-mis-img/b6fb60e07fdb900867f435c59006496e~tplv-f042mdwyw7-original:tplv-resize:640:0.image?psm=motor.pc_sh.api,db55d760cd35e2e8d3c3063c,1,0,,be0624fdee2dc1f9358836b1,dongchedi_usedcar_series,2026-07-08T22:04:53+08:00
1757,1,大众,Arteon,https://p3-dcd.byteimg.com/motor-mis-img/1ee6fbe53e33b042c6cb7e227d2da029~tplv-f042mdwyw7-original:tplv-resize:640:0.image?psm=motor.pc_sh.api,4c232f6666ac0b48b04b830b,1,0,,34345477d762842c373b24a8,dongchedi_usedcar_series,2026-07-08T22:04:53+08:00
1759,3,奔驰,迈巴赫G级,https://p3-dcd.byteimg.com/motor-mis-img/02ee342b50881daff7a5953836226af1~tplv-f042mdwyw7-original:tplv-resize:640:0.image?psm=motor.pc_sh.api,768936a8e47a10d07dcf5fff,1,0,,dc09a9d963ab11783beb178c,dongchedi_usedcar_series,2026-07-08T22:04:53+08:00
1760,36,荣威,荣威Ei5,https://p3-dcd.byteimg.com/motor-mis-img/f44c223bbfe4ddf0d92ef89139ae89bd~tplv-f042mdwyw7-original:tplv-resize:640:0.image?psm=motor.pc_sh.api,686ddf851a34ae416e6eca6f,1,0,,60346034306f6c0c330cf255,dongchedi_usedcar_series,2026-07-08T22:04:53+08:00
1763,5,丰田,Hilux,https://p3-dcd.byteimg.com/tos-cn-i-dcdx/2cb0b454ed084de78215b45f59046c45~tplv-f042mdwyw7-original:tplv-resize:640:0.image?psm=motor.pc_sh.api,a72d1c645d92f18ab2622079,1,0,,d2ea3813ee3817d28c6e5af8,dongchedi_usedcar_series,2026-07-08T22:04:53+08:00
1766,67,一汽,骏派A50,https://p9-dcd.byteimg.com/motor-mis-img/a2c6b3c096e08cbd43aa208f2f6a1ceb~tplv-f042mdwyw7-original:tplv-resize:640:0.image?psm=motor.pc_sh.api,d4a72d1d13c9dcf9e172994d,1,0,,dcf4994d1158d6c79cf82c7a,dongchedi_usedcar_series,2026-07-08T22:04:53+08:00
1769,192,拉达,泥瓦,https://p3-dcd.byteimg.com/tos-cn-i-dcdx/196ecc15e14642a2b6d3d419ed772754~tplv-f042mdwyw7-original:tplv-resize:640:0.image?psm=motor.pc_sh.api,a2e030842a9687f2c6a08eba,1,0,,6bfd6891a3e820aa5876e178,dongchedi_usedcar_series,2026-07-08T22:04:53+08:00
1771,193,鑫源汽车,好运1号,https://p3-dcd.byteimg.com/motor-mis-img/bce97a58ad16bba1c6ac30c24643c9ab~tplv-f042mdwyw7-original:tplv-resize:640:0.image?psm=motor.pc_sh.api,179fde2d15bfc5a14b9850b5,1,0,,2103d038dd982de126fb65e7,dongchedi_usedcar_series,2026-07-08T22:04:53+08:00
1772,193,鑫源汽车,海狮 EV,https://p3-dcd.byteimg.com/motor-mis-img/0a74400a76f63118d3640c7b6367eeb0~tplv-f042mdwyw7-original:tplv-resize:640:0.image?psm=motor.pc_sh.api,cf195a789a72a0d4defb2ce0,1,0,,839451264b3e80665194e68e,dongchedi_usedcar_series,2026-07-08T22:04:53+08:00
1777,90,依维柯,依维柯欧胜,https://p3-dcd.byteimg.com/motor-mis-img/28ab599386e0088be05b2a03f1a28b2c~tplv-f042mdwyw7-original:tplv-resize:640:0.image?psm=motor.pc_sh.api,726c1f05c438667b97f940e3,1,0,,793dec4c9cf3f244dcec5c6a,dongchedi_usedcar_series,2026-07-08T22:04:53+08:00
1780,35,长安,长安CS15 EV,https://p9-dcd.byteimg.com/motor-mis-img/1884bc66fedd119c0013b9854353f1bf~tplv-f042mdwyw7-original:tplv-resize:640:0.image?psm=motor.pc_sh.api,2bc59dc5ba421ef57ba08b59,1,0,,6582892327c858c2f3b21af4,dongchedi_usedcar_series,2026-07-08T22:04:53+08:00
1781,366,宝骏,宝骏530,https://p9-dcd.byteimg.com/motor-mis-img/b9446b5d663161450348b387a6731b38~tplv-f042mdwyw7-original:tplv-resize:640:0.image?psm=motor.pc_sh.api,68e9b9f6b46731c8b525a291,1,0,,0656c1ad56ad3cde73d4bcb2,dongchedi_usedcar_series,2026-07-08T22:04:53+08:00
1783,4,宝马,宝马X2(进口),https://p3-dcd.byteimg.com/tos-cn-i-dcdx/9dc5e12a341f48d3a5c7a7cd3d5e2fee~tplv-f042mdwyw7-original:tplv-resize:640:0.image?psm=motor.pc_sh.api,9ba6fe10a61da677577c6173,1,0,,960fc696d6476c9921e7e22d,dongchedi_usedcar_series,2026-07-08T22:04:53+08:00
1784,171,长安凯程,睿行S50T,https://p9-dcd.byteimg.com/motor-mis-img/52660772781e54c301bf85cda191dd3d~tplv-f042mdwyw7-original:tplv-resize:640:0.image?psm=motor.pc_sh.api,6943e2691442e09adc3a1045,1,0,,0e4dd725568999ca40950ce9,dongchedi_usedcar_series,2026-07-08T22:04:53+08:00
1785,197,电咖,电咖·EV10,https://p3-dcd.byteimg.com/motor-mis-img/1f59704045fdc2db8ca54c6c87da954c~tplv-f042mdwyw7-original:tplv-resize:640:0.image?psm=motor.pc_sh.api,0b10facf93e8edaa79f3100f,1,0,,60f0fd9cb12cfa1814134c98,dongchedi_usedcar_series,2026-07-08T22:04:53+08:00
1787,142,凯翼,凯翼E3,https://p3-dcd.byteimg.com/motor-mis-img/c6498240c0b51e0562c7861ebea7516d~tplv-f042mdwyw7-original:tplv-resize:640:0.image?psm=motor.pc_sh.api,0892f6996deb80e109764b97,1,0,,8c5b6890ca0cb93e0c0b8427,dongchedi_usedcar_series,2026-07-08T22:04:53+08:00
1788,32,江汽集团,瑞风M6,https://p3-dcd.byteimg.com/motor-mis-img/eb5191be28b2e35ef998e431b68d37b6~tplv-f042mdwyw7-original:tplv-resize:640:0.image?psm=motor.pc_sh.api,c8cdc78e8b8ed45363ba13e7,1,0,,632bd95e1d0dde2bfebd80a5,dongchedi_usedcar_series,2026-07-08T22:04:53+08:00
1789,31,捷豹,捷豹XEL,https://p9-dcd.byteimg.com/tos-cn-i-dcdx/2ab2e32e02924821893d4147bfd686fc~tplv-f042mdwyw7-original:tplv-resize:640:0.image?psm=motor.pc_sh.api,f135dbce32aa3145202ba685,1,0,,194703c53147f9beb2049e11,dongchedi_usedcar_series,2026-07-08T22:04:53+08:00
1790,15,马自达,马自达CX-3,https://p3-dcd.byteimg.com/motor-mis-img/cef245355f6610141a86cd74f4279dad~tplv-f042mdwyw7-original:tplv-resize:640:0.image?psm=motor.pc_sh.api,8db4a674076e047ac06da086,1,0,,1d134873685c4fa9a6ebec9f,dongchedi_usedcar_series,2026-07-08T22:04:53+08:00
1791,102,陆风,陆风逍遥,https://p3-dcd.byteimg.com/motor-mis-img/9d60ff3eaef58eb4caa2cc086f7b030a~tplv-f042mdwyw7-original:tplv-resize:640:0.image?psm=motor.pc_sh.api,3e23c53b7c88d87cd73aa479,1,0,,0be321c5ff70f49c596f1597,dongchedi_usedcar_series,2026-07-08T22:04:53+08:00
1792,24,沃尔沃,沃尔沃XC60 PHEV,https://p9-dcd.byteimg.com/tos-cn-i-dcdx/c2173354ce984c0f9b689e27cf3e57e5~tplv-resize:640:0.png?psm=motor.rank.data,f97a9875e371efa580ca6a54,3,2,,08e520c369adaded9f78feb5,dongchedi_ranking|dongchedi_usedcar_series,2026-07-08T22:04:53+08:00
1793,70,东风风行,菱智新能源,https://p9-dcd.byteimg.com/tos-cn-i-dcdx/420520f1e8c84aab8cb6dd63c45fe304~tplv-resize:640:0.png?psm=motor.rank.data,96fa05063feba3e34855bc5b,3,2,,3e34aa912ec7ad545a46c6c4,dongchedi_ranking|dongchedi_usedcar_series,2026-07-08T22:04:53+08:00
1794,40,广汽传祺,传祺M8,https://p9-dcd.byteimg.com/tos-cn-i-dcdx/d98ba6ea12114ffd9a0043e58579784a~tplv-resize:640:0.png?psm=motor.rank.data,47f36393d1903297d822a22e,3,2,,b62a63fdba5f3a1550d18ee6,dongchedi_ranking|dongchedi_usedcar_series,2026-07-08T22:04:53+08:00
1795,34,名爵,MG6 PHEV,https://p3-dcd.byteimg.com/tos-cn-i-dcdx/24b2c15489cf437b85f3c0b4f081e5c6~tplv-f042mdwyw7-original:tplv-resize:640:0.image?psm=motor.pc_sh.api,a83f3346b6c4a6b8499b18a3,1,0,,2994dc83a27960d3cc734018,dongchedi_usedcar_series,2026-07-08T22:04:53+08:00
1796,66,魏牌,魏牌 P8,https://p3-dcd.byteimg.com/motor-mis-img/c2a8be5964f6d21d7c9eda13bd494db3~tplv-f042mdwyw7-original:tplv-resize:640:0.image?psm=motor.pc_sh.api,c73c05b6b2e5238f80fe0775,1,0,,f8ee864d7203eac79de0363c,dongchedi_usedcar_series,2026-07-08T22:04:53+08:00
1798,17,哈弗,哈弗H4,https://p9-dcd.byteimg.com/motor-mis-img/b7c2e24caabeae11c81f3da02118640f~tplv-f042mdwyw7-original:tplv-resize:640:0.image?psm=motor.pc_sh.api,9a90049ad336037e995784c2,1,0,,ee2131bfc5137c84e7edae54,dongchedi_usedcar_series,2026-07-08T22:04:53+08:00
1799,84,克莱斯勒,大捷龙PHEV(进口),https://p3-dcd.byteimg.com/tos-cn-i-dcdx/29c8848180db425db8d480319086633a~tplv-f042mdwyw7-original:tplv-resize:640:0.image?psm=motor.pc_sh.api,33c0d9de3c88b36c76a24c80,1,0,,3e17f8b7218893089d0c9881,dongchedi_usedcar_series,2026-07-08T22:04:53+08:00
1802,19,路虎,揽胜运动PHEV,https://p3-dcd.byteimg.com/tos-cn-i-dcdx/c0474f0781a141dda778f4947792eb26~tplv-f042mdwyw7-original:tplv-resize:640:0.image?psm=motor.pc_sh.api,ffe519ca167a8bcc08f6e529,1,0,,9f5776728f354ecb564ec5c0,dongchedi_usedcar_series,2026-07-08T22:04:53+08:00
1804,366,宝骏,宝骏360,https://p9-dcd.byteimg.com/motor-mis-img/e33bb67c50c67f5bcd7213296c3ff230~tplv-f042mdwyw7-original:tplv-resize:640:0.image?psm=motor.pc_sh.api,25a9858dadfc2c7e62279996,1,0,,6973375737e86777d1c7abee,dongchedi_usedcar_series,2026-07-08T22:04:53+08:00
1805,55,DS,DS 7,https://p9-dcd.byteimg.com/motor-mis-img/ed26b29c1b4cc3f3c703070d4997ce5e~tplv-f042mdwyw7-original:tplv-resize:640:0.image?psm=motor.pc_sh.api,510aed488ab9085bf63e2dd8,1,0,,e18968837fad4d944f9a3a2e,dongchedi_usedcar_series,2026-07-08T22:04:53+08:00
1806,6,雪佛兰,巡领者(进口),https://p3-dcd.byteimg.com/tos-cn-i-dcdx/02c0142a10b04b0aa2b090b11962a031~tplv-f042mdwyw7-original:tplv-resize:640:0.image?psm=motor.pc_sh.api,3eb27d8df20633ea8deac118,1,0,,08cdf7d5c2a5f4ff46754c8e,dongchedi_usedcar_series,2026-07-08T22:04:53+08:00
1807,60,北汽昌河,北汽昌河Q7,https://p9-dcd.byteimg.com/motor-mis-img/c16820aed6c4cc181b2414d994c60996~tplv-f042mdwyw7-original:tplv-resize:640:0.image?psm=motor.pc_sh.api,5acb156ea60bdaa423c98984,1,0,,b444f2d320da6819ec019126,dongchedi_usedcar_series,2026-07-08T22:04:53+08:00
1809,7,福特,蒙迪欧PHEV,https://p3-dcd.byteimg.com/motor-mis-img/10cc616fa2bb5b0bd37f19c0e083a054~tplv-f042mdwyw7-original:tplv-resize:640:0.image?psm=motor.pc_sh.api,28ccf3cb63fc58902293f200,1,0,,373e1d594cb26b255e18230b,dongchedi_usedcar_series,2026-07-08T22:04:53+08:00
1810,70,东风风行,风行S50 EV,https://p9-dcd.byteimg.com/motor-mis-img/7dc51c86c5c6d2541cadc95dcf4aa5d0~tplv-resize:640:0.png?psm=motor.rank.data,f6b3a6e8fd4cda67899f4adf,3,2,,e9dbf6904125ee2ab7e66177,dongchedi_ranking|dongchedi_usedcar_series,2026-07-08T22:04:53+08:00
1811,77,东南,东南DX3 EV,https://p3-dcd.byteimg.com/motor-mis-img/b34ed81c0268080a16554a0d1064b52a~tplv-f042mdwyw7-original:tplv-resize:640:0.image?psm=motor.pc_sh.api,b8272e4a146912df56f9c5f8,1,0,,7eade3bcecbdfab8be1cef51,dongchedi_usedcar_series,2026-07-08T22:04:53+08:00
1812,28,中华,中华V6,https://p3-dcd.byteimg.com/motor-mis-img/56a537db086e0cb327a3a99867cfccf4~tplv-f042mdwyw7-original:tplv-resize:640:0.image?psm=motor.pc_sh.api,fa694256e0d1650a95af6605,1,0,,a51c72d5b6b5f25f06888781,dongchedi_usedcar_series,2026-07-08T22:04:53+08:00
1814,11,现代,昂希诺,https://p9-dcd.byteimg.com/motor-mis-img/b9f413e975415fdaee4a564811179a7a~tplv-f042mdwyw7-original:tplv-resize:640:0.image?psm=motor.pc_sh.api,a203b094e53e4bd58ed494cb,1,0,,2c5c697eb204c4ad9b16f908,dongchedi_usedcar_series,2026-07-08T22:04:53+08:00
1818,461,奇瑞新能源,瑞虎3xe,https://p3-dcd.byteimg.com/motor-mis-img/afcd49305b29d2757b5a158b6415d2de~tplv-f042mdwyw7-original:tplv-resize:640:0.image?psm=motor.pc_sh.api,4dbc230d37a6041f021e9e61,1,0,,37e71c15e3acaaa95d1dea85,dongchedi_usedcar_series,2026-07-08T22:04:53+08:00
1820,16,比亚迪,秦EV,https://p9-dcd.byteimg.com/tos-cn-i-dcdx/e99ec39850004eacb14b4f556dd6ec4d~tplv-resize:640:0.png?psm=motor.rank.data,3165f4f06b2202d65ec58669,3,2,,9180884b24adb936245cb49d,dongchedi_ranking|dongchedi_usedcar_series,2026-07-08T22:04:53+08:00
1821,16,比亚迪,宋EV,https://p9-dcd.byteimg.com/motor-mis-img/6e0fc698a956ff08dbec5fb37a3f1920~tplv-f042mdwyw7-original:tplv-resize:640:0.image?psm=motor.pc_sh.api,2111f12ba8d82354b9c00fe6,1,0,,192946894f0e1039a0ed35b4,dongchedi_usedcar_series,2026-07-08T22:04:53+08:00
1823,35,长安,逸动PHEV,https://p9-dcd.byteimg.com/tos-cn-i-dcdx/d05f50a76bf7467db13fcaa1abbd229d~tplv-f042mdwyw7-original:tplv-resize:640:0.image?psm=motor.pc_sh.api,58fe97aed4730e7ade0880bd,1,0,,0f8a41fdf81286056eb88b72,dongchedi_usedcar_series,2026-07-08T22:04:53+08:00
1824,73,吉利汽车,帝豪PHEV,https://p3-dcd.byteimg.com/motor-mis-img/88f1c43d0a8b767d7c6367fd552c1152~tplv-f042mdwyw7-original:tplv-resize:640:0.image?psm=motor.pc_sh.api,76e45f2952513709b49013ec,1,0,,f9191c47bb9cb437ec4be4d5,dongchedi_usedcar_series,2026-07-08T22:04:53+08:00
1825,108,大通,新途EV80,https://p3-dcd.byteimg.com/tos-cn-i-dcdx/ef4accac64b54995a3a93578c8191348~tplv-f042mdwyw7-original:tplv-resize:640:0.image?psm=motor.pc_sh.api,9b618e6ed2e852f1f6cbf15a,1,0,,dd0bd117e3a7996f4e0d6004,dongchedi_usedcar_series,2026-07-08T22:04:53+08:00
1827,36,荣威,荣威ERX5,https://p3-dcd.byteimg.com/motor-mis-img/78d003177eb805ed854043cebce11d7e~tplv-f042mdwyw7-original:tplv-resize:640:0.image?psm=motor.pc_sh.api,29236439c2faeec82977cbd2,1,0,,22b4852cdacb1e7e6efb03d2,dongchedi_usedcar_series,2026-07-08T22:04:53+08:00
1833,16,比亚迪,元EV,https://p9-dcd.byteimg.com/motor-mis-img/99d44ae29d77008b6fe39077f9b44fc0~tplv-f042mdwyw7-original:tplv-resize:640:0.image?psm=motor.pc_sh.api,1b3706b70d6bccddfa5a7716,1,0,,f6d7953003879e0af7c4615e,dongchedi_usedcar_series,2026-07-08T22:04:53+08:00
1838,133,金旅,金旅海狮EV,https://p3-dcd.byteimg.com/motor-mis-img/d7d0f2c5130216d24e90e6a0767660a9~tplv-f042mdwyw7-original:tplv-resize:640:0.image?psm=motor.pc_sh.api,d65b1718baa0441d183ba2cd,1,0,,a9f7d917d9f7231c9a1da8bf,dongchedi_usedcar_series,2026-07-08T22:04:53+08:00
1843,27,奔腾,奔腾B30 EV,https://p9-dcd.byteimg.com/motor-mis-img/d9cd525a5e574a630acc73e1488db8da~tplv-f042mdwyw7-original:tplv-resize:640:0.image?psm=motor.pc_sh.api,a564332034e845e017309cc3,1,0,,8bf9ac71a1a7b13154b9df9c,dongchedi_usedcar_series,2026-07-08T22:04:53+08:00
1862,95,东风风光,风光,https://p9-dcd.byteimg.com/motor-mis-img/e2edd3a5d1d1b0cf19029f5fdb9169ca~tplv-f042mdwyw7-original:tplv-resize:640:0.image?psm=motor.pc_sh.api,4b7d84e8eb8777c22183e75a,1,0,,97eb23b0062ed123e8be4fad,dongchedi_usedcar_series,2026-07-08T22:04:53+08:00
1868,90,依维柯,都灵,https://p3-dcd.byteimg.com/motor-mis-img/c9d51053e7e1d7306e0822562352bbe3~tplv-f042mdwyw7-original:tplv-resize:640:0.image?psm=motor.pc_sh.api,3595240f5d3e972222bb3aae,1,0,,15b7dc83b0e89bb532185084,dongchedi_usedcar_series,2026-07-08T22:04:53+08:00
1870,9,本田,思域(进口),https://p3-dcd.byteimg.com/tos-cn-i-dcdx/85885ef0026e473b9d6d0457ca00e07c~tplv-f042mdwyw7-original:tplv-resize:640:0.image?psm=motor.pc_sh.api,93aa1da8f2362d36a339ff11,1,0,,b939a6fc4f61edc7c22674aa,dongchedi_usedcar_series,2026-07-08T22:04:53+08:00
1890,247,领途汽车,领途E行,https://p9-dcd.byteimg.com/motor-mis-img/2f05b67266ee77d1263f8a159c2e43d5~tplv-f042mdwyw7-original:tplv-resize:640:0.image?psm=motor.pc_sh.api,d279b0b7fa7ab3b3db6d44e3,1,0,,cf939d73d307f45e28728d51,dongchedi_usedcar_series,2026-07-08T22:04:53+08:00
1899,160,威麟,威麟H3,https://p9-dcd.byteimg.com/motor-mis-img/ad147c9f1c6c5b578e465a92ac8966d5~tplv-f042mdwyw7-original:tplv-resize:640:0.image?psm=motor.pc_sh.api,bae35d88d3b94df84bafacd9,1,0,,c57760ab6250c9cdaba27ce3,dongchedi_usedcar_series,2026-07-08T22:04:53+08:00
1902,145,Lorinser,Lorinser S级,https://p9-dcd.byteimg.com/motor-mis-img/25e5ca8b5df47cbab2e74f7c2761db4c~tplv-f042mdwyw7-original:tplv-resize:640:0.image?psm=motor.pc_sh.api,bbde4d172538e0f5385abd77,1,0,,011ff62e10369b0cfbba0123,dongchedi_usedcar_series,2026-07-08T22:04:53+08:00
1910,198,瑞驰,瑞驰EC35,https://p3-dcd.byteimg.com/motor-mis-img/6b911d7d4df3fc67e1b572f2eda5389e~tplv-f042mdwyw7-original:tplv-resize:640:0.image?psm=motor.pc_sh.api,635fd0abe78067d8d44981ba,1,0,,7d61163e96ef2bdcbebdcdbb,dongchedi_usedcar_series,2026-07-08T22:04:53+08:00
1915,185,威马汽车,威马EX5,https://p3-dcd.byteimg.com/motor-mis-img/674ada0515737833a6fa6ad2d2b8f748~tplv-f042mdwyw7-original:tplv-resize:640:0.image?psm=motor.pc_sh.api,7ab3556c7279bd605b5d19d7,1,0,,7330c00603ad48ee2e13fce2,dongchedi_usedcar_series,2026-07-08T22:04:53+08:00
1916,237,广汽集团,祺智PHEV,https://p3-dcd.byteimg.com/motor-mis-img/025078089027af548927078e6cdcd2f4~tplv-f042mdwyw7-original:tplv-resize:640:0.image?psm=motor.pc_sh.api,decb195e409b526dde65837f,1,0,,4abe3c2fa4cc3bd1bffcd4f3,dongchedi_usedcar_series,2026-07-08T22:04:53+08:00
1919,190,君马汽车,君马MEET 3(美图3),https://p9-dcd.byteimg.com/motor-mis-img/4a37e325e1d07b94c16134d00e55bdff~tplv-f042mdwyw7-original:tplv-resize:640:0.image?psm=motor.pc_sh.api,a8b54058f05116451d3285f1,1,0,,64782b74d5073740dfa32d52,dongchedi_usedcar_series,2026-07-08T22:04:53+08:00
1920,106,五十铃,TAGA达咖,https://p3-dcd.byteimg.com/motor-mis-img/86eec21d676fe9d1a5e1b9980453b476~tplv-f042mdwyw7-original:tplv-resize:640:0.image?psm=motor.pc_sh.api,2102339ca45c3612790a82ec,1,0,,aed8cf31fb97fd148522594c,dongchedi_usedcar_series,2026-07-08T22:04:53+08:00
1929,205,Fisker,Karma,https://p3-dcd.byteimg.com/motor-mis-img/38477f659a87c0de9bc2ea3c8cf2a6b9~tplv-f042mdwyw7-original:tplv-resize:640:0.image?psm=motor.pc_sh.api,e4899b9f358c6252ce9b893b,1,0,,afc2a325c4fa85d707bd35d4,dongchedi_usedcar_series,2026-07-08T22:04:53+08:00
1931,40,广汽传祺,传祺GA4,https://p3-dcd.byteimg.com/motor-mis-img/b35744afd267f4f0ce0dc75e816103e7~tplv-f042mdwyw7-original:tplv-resize:640:0.image?psm=motor.pc_sh.api,87226f47d547bb978e4f62fd,1,0,,e5c2e33e0f29ccc91eb2afe2,dongchedi_usedcar_series,2026-07-08T22:04:53+08:00
1934,207,零跑汽车,零跑S01,https://p3-dcd.byteimg.com/motor-mis-img/3b318ce984dc799f5fe64c2b8a74b54d~tplv-f042mdwyw7-original:tplv-resize:640:0.image?psm=motor.pc_sh.api,8064fd45d524c11939fcae71,1,0,,6a67a53df7306e36e1f6cd2e,dongchedi_usedcar_series,2026-07-08T22:04:53+08:00
1938,209,捷途,捷途X70,https://p9-dcd.byteimg.com/tos-cn-i-dcdx/b201641562bd47e39c33bd0dc2e0aeb5~tplv-resize:640:0.png?psm=motor.rank.data,2bccebfab566ee140d0c3937,3,2,,69bd09454100f1a61679e92b,dongchedi_ranking|dongchedi_usedcar_series,2026-07-08T22:04:53+08:00
1939,67,一汽,骏派D80,https://p9-dcd.byteimg.com/motor-mis-img/098dfb36d498bf47367c55c091223053~tplv-f042mdwyw7-original:tplv-resize:640:0.image?psm=motor.pc_sh.api,c78ab7c53a94acc3ccd7ef40,1,0,,265225b002e26900a7b864da,dongchedi_usedcar_series,2026-07-08T22:04:53+08:00
1954,36,荣威,荣威Marvel X,https://p3-dcd.byteimg.com/motor-mis-img/92a00b1474f8beac5146f03d7e17649c~tplv-f042mdwyw7-original:tplv-resize:640:0.image?psm=motor.pc_sh.api,c359e30a8ec1d59e6d08fbed,1,0,,9cc1a3c8d2d6bfbc06631060,dongchedi_usedcar_series,2026-07-08T22:04:53+08:00
1955,62,林肯,航海家(进口),https://p3-dcd.byteimg.com/motor-mis-img/0d7bd1d3b7130cba7c1b2749548e0299~tplv-f042mdwyw7-original:tplv-resize:640:0.image?psm=motor.pc_sh.api,91092551dd07302d49ebf3f3,1,0,,f262685ad4e6030452e948c5,dongchedi_usedcar_series,2026-07-08T22:04:53+08:00
1958,86,迈凯伦,迈凯伦塞纳,https://p3-dcd.byteimg.com/motor-mis-img/7b5ec6de28179f085d2c379c84f0c610~tplv-f042mdwyw7-original:tplv-resize:640:0.image?psm=motor.pc_sh.api,3e92efcd5f2d71565e85ad7b,1,0,,06489b4f195ee425b094a383,dongchedi_usedcar_series,2026-07-08T22:04:53+08:00
1975,14,Jeep,大指挥官,https://p3-dcd.byteimg.com/motor-mis-img/6f3c633a71eaa28e42a657b0f2859aa3~tplv-f042mdwyw7-original:tplv-resize:640:0.image?psm=motor.pc_sh.api,1920dfc216a299bc741de5a4,1,0,,77fe3f247f1d275963b5c92b,dongchedi_usedcar_series,2026-07-08T22:04:53+08:00
1977,1,大众,探歌,https://p9-dcd.byteimg.com/tos-cn-i-dcdx/854d92c324144a8baf7f4a1229768f5e~tplv-resize:640:0.png?psm=motor.rank.data,d420e2e133a7c53d46052819,3,2,,b18ef23b949d45d02d6762d1,dongchedi_ranking|dongchedi_usedcar_series,2026-07-08T22:04:53+08:00
1990,119,长安欧尚,长安欧尚科赛,https://p3-dcd.byteimg.com/motor-mis-img/66dce233c613b5b59f93941744e6014a~tplv-f042mdwyw7-original:tplv-resize:640:0.image?psm=motor.pc_sh.api,0f3637ebaadfc6dbe6e3b48e,1,0,,d8f7b651e03116ce3cb7f467,dongchedi_usedcar_series,2026-07-08T22:04:53+08:00
2004,273,捷尼赛思,捷尼赛思GV80,https://p3-dcd.byteimg.com/tos-cn-i-dcdx/45a30bfab9ac467fabb05a647a2f4454~tplv-f042mdwyw7-original:tplv-resize:640:0.image?psm=motor.pc_sh.api,c65d13090b829e55d5b86eb8,1,0,,8d2686657e89d0ce3144d8b9,dongchedi_usedcar_series,2026-07-08T22:04:53+08:00
2036,273,捷尼赛思,捷尼赛思G80,https://p3-dcd.byteimg.com/tos-cn-i-dcdx/5e12bc43204c4db4a919b9d59aa67702~tplv-f042mdwyw7-original:tplv-resize:640:0.image?psm=motor.pc_sh.api,88ed19232c37b7c943dd3f8f,1,0,,eebf17c03b7d973fce1afa8b,dongchedi_usedcar_series,2026-07-08T22:04:53+08:00
2069,41,劳斯莱斯,库里南,https://p9-dcd.byteimg.com/tos-cn-i-dcdx/e11d781c059a445e845ca39dbe0ea476~tplv-f042mdwyw7-original:tplv-resize:640:0.image?psm=motor.pc_sh.api,7ba1c106150936788ba48376,1,0,,66e8eddef40957a886e32346,dongchedi_usedcar_series,2026-07-08T22:04:53+08:00
2074,31,捷豹,捷豹I-PACE,https://p9-dcd.byteimg.com/motor-mis-img/75a43e5b237d6a99c6414a796bef2d44~tplv-f042mdwyw7-original:tplv-resize:640:0.image?psm=motor.pc_sh.api,e3d75d32d30172d10d0d0f87,1,0,,2c145a55474aa1a8fa1e5e10,dongchedi_usedcar_series,2026-07-08T22:04:53+08:00
2102,2,奥迪,奥迪e-tron(进口),https://p3-dcd.byteimg.com/motor-mis-img/c7ecefc68dc108ea7315c0c737a21fce~tplv-f042mdwyw7-original:tplv-resize:640:0.image?psm=motor.pc_sh.api,0f76d7268b6c63ab60ff7f6c,1,0,,b1853c355f8bb725b7ebffa4,dongchedi_usedcar_series,2026-07-08T22:04:53+08:00
2113,273,捷尼赛思,捷尼赛思G90,https://p3-dcd.byteimg.com/tos-cn-i-dcdx/91f0d248ad684df59ba70658cc879355~tplv-f042mdwyw7-original:tplv-resize:640:0.image?psm=motor.pc_sh.api,9843c509a27a0f574e1ebaba,1,0,,514f57a87d565d0ea779c208,dongchedi_usedcar_series,2026-07-08T22:04:53+08:00
2122,5,丰田,KIKAI,https://p3-dcd.byteimg.com/motor-mis-img/d5f872972a1cada5949849470807650e~tplv-f042mdwyw7-original:tplv-resize:640:0.image?psm=motor.pc_sh.api,a65528dada78c2a0a14816be,1,0,,dc8d535eee7752477eefb6a6,dongchedi_usedcar_series,2026-07-08T22:04:53+08:00
2130,5,丰田,4Runner,https://p3-dcd.byteimg.com/tos-cn-i-dcdx/04bc4d60bfdd46c188e54b248f68e5ff~tplv-f042mdwyw7-original:tplv-resize:640:0.image?psm=motor.pc_sh.api,5778cf553dd559d7bdd21293,1,0,,2fad8cc487952c7b7afc9a0a,dongchedi_usedcar_series,2026-07-08T22:04:53+08:00
2140,5,丰田,Sienta,https://p3-dcd.byteimg.com/tos-cn-i-dcdx/736263ae1366444ba525b822d06aff44~tplv-f042mdwyw7-original:tplv-resize:640:0.image?psm=motor.pc_sh.api,eb78eac0acc80d67ae84324b,1,0,,78578313b59055bdaeb25104,dongchedi_usedcar_series,2026-07-08T22:04:53+08:00
2143,126,汉腾汽车,幸福e+,https://p9-dcd.byteimg.com/motor-mis-img/168682f5af54b52959a9f02b930138bd~tplv-f042mdwyw7-original:tplv-resize:640:0.image?psm=motor.pc_sh.api,d12948468e3384cb2125d1dc,1,0,,1b3faf3b3039480e55cead30,dongchedi_usedcar_series,2026-07-08T22:04:53+08:00
2151,59,红旗,红旗HS7,https://p9-dcd.byteimg.com/tos-cn-i-dcdx/a2923428f5184443b04d251e0b636559~tplv-resize:640:0.png?psm=motor.rank.data,14236346bb6e680af492bf58,3,2,,890df9ccf68ef9e5d997d621,dongchedi_ranking|dongchedi_usedcar_series,2026-07-08T22:04:53+08:00
2163,5,丰田,威尔法,https://p3-dcd.byteimg.com/tos-cn-i-dcdx/fa866b1aaae24d9b85a31872acf54883~tplv-f042mdwyw7-original:tplv-resize:640:0.image?psm=motor.pc_sh.api,975326579a6f37bd5a11a7c6,1,0,,35ad123d8f43d35ef46d0767,dongchedi_usedcar_series,2026-07-08T22:04:53+08:00
2167,73,吉利汽车,嘉际,https://p3-dcd.byteimg.com/tos-cn-i-dcdx/e3a74384c2814a4396c8f248855bcaf3~tplv-f042mdwyw7-original:tplv-resize:640:0.image?psm=motor.pc_sh.api,c9aa818e75fea6ac59bd0bd4,1,0,,c2225af464521d0dfdbcc077,dongchedi_usedcar_series,2026-07-08T22:04:53+08:00
2172,5,丰田,亚洲龙(海外),https://p3-dcd.byteimg.com/tos-cn-i-dcdx/5fbf95a8c77742e89bad3150656069fc~tplv-f042mdwyw7-original:tplv-resize:640:0.image?psm=motor.pc_sh.api,90eba839488e30ee3d03bd65,1,0,,d2dcce83ff80c37ae9d35937,dongchedi_usedcar_series,2026-07-08T22:04:53+08:00
2174,5,丰田,柯斯达(海外),https://p3-dcd.byteimg.com/motor-mis-img/fb1d6b4c33ccc485398cab83cb57a6d1~tplv-f042mdwyw7-original:tplv-resize:640:0.image?psm=motor.pc_sh.api,d26d576d855f2086e921a3f1,1,0,,6f8565c6e8524e91c41a057b,dongchedi_usedcar_series,2026-07-08T22:04:53+08:00
2182,80,阿斯顿·马丁,阿斯顿·马丁DBX,https://p3-dcd.byteimg.com/tos-cn-i-dcdx/56cd694eed7348dbadbd5bfd7980ffb0~tplv-f042mdwyw7-original:tplv-resize:640:0.image?psm=motor.pc_sh.api,dddcf70261267da724ec0c55,1,0,,be9f329108beeb6b3e8b6d60,dongchedi_usedcar_series,2026-07-08T22:04:53+08:00
2185,2,奥迪,奥迪SQ7,https://p3-dcd.byteimg.com/tos-cn-i-dcdx/f2459b4a35e445dc909499a8e4721af9~tplv-f042mdwyw7-original:tplv-resize:640:0.image?psm=motor.pc_sh.api,76e5f5883b4f651bfb2dfa65,1,0,,e0a8be26f6a4639434dc2667,dongchedi_usedcar_series,2026-07-08T22:04:53+08:00
2186,54,道奇,Charger,https://p3-dcd.byteimg.com/motor-mis-img/0524827628dd7e39a344d8743ea0c86b~tplv-f042mdwyw7-original:tplv-resize:640:0.image?psm=motor.pc_sh.api,99d9381bd7a0bf44f0ddfefc,1,0,,1292c59e380b48e81e0fb0a5,dongchedi_usedcar_series,2026-07-08T22:04:53+08:00
2197,56,菲亚特,菲亚特124,https://p3-dcd.byteimg.com/motor-mis-img/f7b35baf2291a5cbfa3c0ee52962bcad~tplv-f042mdwyw7-original:tplv-resize:640:0.image?psm=motor.pc_sh.api,66d44821b2b45b5551f80342,1,0,,c69800c51294663afaa4f8b2,dongchedi_usedcar_series,2026-07-08T22:04:53+08:00
2203,22,雷克萨斯,雷克萨斯UX,https://p3-dcd.byteimg.com/tos-cn-i-dcdx/79a1266ad8db4182b258b88596bca25e~tplv-f042mdwyw7-original:tplv-resize:640:0.image?psm=motor.pc_sh.api,0ce31f8b80e30c771989aaae,1,0,,45433ddca10b7bd245ad31fe,dongchedi_usedcar_series,2026-07-08T22:04:53+08:00
2248,36,荣威,荣威RX8,https://p3-dcd.byteimg.com/motor-mis-img/698c942eb4d5973d1babe5371eb624f7~tplv-f042mdwyw7-original:tplv-resize:640:0.image?psm=motor.pc_sh.api,677fbc6771749b84ecae4843,1,0,,433b9d75cecba36f3c4a0017,dongchedi_usedcar_series,2026-07-08T22:04:53+08:00
2257,139,开瑞,优优EV,https://p9-dcd.byteimg.com/motor-mis-img/d931cb31eb351d80820cbeea337d6214~tplv-f042mdwyw7-original:tplv-resize:640:0.image?psm=motor.pc_sh.api,35e3127829fc473d8a09f866,1,0,,d7a6b7ce163074171d543c84,dongchedi_usedcar_series,2026-07-08T22:04:53+08:00
2258,107,野马汽车,博骏,https://p3-dcd.byteimg.com/motor-mis-img/f17ea83b6e507cee19b125beda38af1a~tplv-f042mdwyw7-original:tplv-resize:640:0.image?psm=motor.pc_sh.api,f03d1a3fb5dea1d7d895182b,1,0,,0cfbd082a89ec3868f54ec17,dongchedi_usedcar_series,2026-07-08T22:04:53+08:00
2273,9,本田,雅阁(进口),https://p3-dcd.byteimg.com/motor-mis-img/5b962cddacf321c602ec3edd92d4b560~tplv-f042mdwyw7-original:tplv-resize:640:0.image?psm=motor.pc_sh.api,cd56e980cdea1a44dbf80bcd,1,0,,312a5fa5291b1a81fd7a1c20,dongchedi_usedcar_series,2026-07-08T22:04:53+08:00
2276,54,道奇,挑战者,https://p3-dcd.byteimg.com/motor-mis-img/c977eaee1cc96a5bdfe46c90194e0556~tplv-f042mdwyw7-original:tplv-resize:640:0.image?psm=motor.pc_sh.api,813f042b1f30e0b78f04ed70,1,0,,cf6f20ffb018081b030508cd,dongchedi_usedcar_series,2026-07-08T22:04:53+08:00
2311,32,江汽集团,江淮iEVA50,https://p3-dcd.byteimg.com/motor-mis-img/c85420f90d04489131ae6c51aad6faa2~tplv-f042mdwyw7-original:tplv-resize:640:0.image?psm=motor.pc_sh.api,fa6ffaf800fe2d4abe6c0095,1,0,,e9dd0d5b72fd5a35ef63b27f,dongchedi_usedcar_series,2026-07-08T22:04:53+08:00
2315,35,长安,逸动DT,https://p9-dcd.byteimg.com/motor-mis-img/2eb5d0ad4499c08c659400c611fcde08~tplv-f042mdwyw7-original:tplv-resize:640:0.image?psm=motor.pc_sh.api,cf6ba373f063f5dce4533e61,1,0,,4f949936454c7f4b5996abad,dongchedi_usedcar_series,2026-07-08T22:04:53+08:00
2316,54,道奇,挑战者 SRT,https://p3-dcd.byteimg.com/motor-mis-img/16223c881d6ef4083edb7fc3d1ef65d0~tplv-f042mdwyw7-original:tplv-resize:640:0.image?psm=motor.pc_sh.api,52bf041818085d3294320721,1,0,,93fa7d37fcd09f63cfcb3fa0,dongchedi_usedcar_series,2026-07-08T22:04:53+08:00
2351,54,道奇,Charger SRT,https://p3-dcd.byteimg.com/motor-mis-img/e553ce53b604c133a0f5f063e2269fac~tplv-f042mdwyw7-original:tplv-resize:640:0.image?psm=motor.pc_sh.api,2a9e995c32a9b669917c89ac,1,0,,67aee0c01c119f06846d8e36,dongchedi_usedcar_series,2026-07-08T22:04:53+08:00
2352,6,雪佛兰,City Express,https://p3-dcd.byteimg.com/tos-cn-i-dcdx/9b8195b710f946c2b5135587eb997555~tplv-f042mdwyw7-original:tplv-resize:640:0.image?psm=motor.pc_sh.api,d3b68065d8bc559b9ef4d45e,1,0,,079aeea1679de4aa02234c6e,dongchedi_usedcar_series,2026-07-08T22:04:53+08:00
2358,46,雷诺,Duster Detour,https://p3-dcd.byteimg.com/motor-mis-img/8d03aad89de9a2bd5230b4a5b4d44f62~tplv-f042mdwyw7-original:tplv-resize:640:0.image?psm=motor.pc_sh.api,4ff8e64288d1a3b14d425285,1,0,,4789adf9cb433efde87d3257,dongchedi_usedcar_series,2026-07-08T22:04:53+08:00
2362,54,道奇,Durango,https://p3-dcd.byteimg.com/tos-cn-i-dcdx/bf76e310656b4c038d6f6fe22eb93fc5~tplv-f042mdwyw7-original:tplv-resize:640:0.image?psm=motor.pc_sh.api,2309ed1c877a3eeaf8acf633,1,0,,4021d2da266419fe28fd1835,dongchedi_usedcar_series,2026-07-08T22:04:53+08:00
2383,10,日产,Titan,https://p3-dcd.byteimg.com/motor-mis-img/c257a3e8a8f2994011315b44c3466230~tplv-f042mdwyw7-original:tplv-resize:640:0.image?psm=motor.pc_sh.api,b08851a6c5da0eebb78ed98a,1,0,,602c4d5776e427ccfe37ef34,dongchedi_usedcar_series,2026-07-08T22:04:53+08:00
2408,6,雪佛兰,Suburban,https://p3-dcd.byteimg.com/tos-cn-i-dcdx/2914c139f91d444882118597b141a391~tplv-f042mdwyw7-original:tplv-resize:640:0.image?psm=motor.pc_sh.api,16f993248af1803e6c4f4a26,1,0,,62c37791d72c428639845618,dongchedi_usedcar_series,2026-07-08T22:04:53+08:00
2471,118,博速,博速 G级,https://p3-dcd.byteimg.com/tos-cn-i-dcdx/717390eaaa694e9593925eee343e8f9b~tplv-f042mdwyw7-original:tplv-resize:640:0.image?psm=motor.pc_sh.api,cd335bf54890b3ab811591f5,1,0,,d674a93b36111b113f5c842e,dongchedi_usedcar_series,2026-07-08T22:04:53+08:00
2514,1,大众,Taigun,https://p3-dcd.byteimg.com/motor-mis-img/7e5f49069b6932d538e615310674a2d2~tplv-f042mdwyw7-original:tplv-resize:640:0.image?psm=motor.pc_sh.api,cbf202f26b2321ded85f5873,1,0,,9fbbd6680a1fed4980dc79b5,dongchedi_usedcar_series,2026-07-08T22:04:53+08:00
2567,5,丰田,皇冠(进口),https://p3-dcd.byteimg.com/tos-cn-i-dcdx/a78519eac3f2428db9e2909631425934~tplv-f042mdwyw7-original:tplv-resize:640:0.image?psm=motor.pc_sh.api,266cd9c26c55c44856ca8f90,1,0,,b983b2d363b88fbce0a37972,dongchedi_usedcar_series,2026-07-08T22:04:53+08:00
2571,133,金旅,金旅考斯特,https://p3-dcd.byteimg.com/motor-mis-img/141304d06baa42bde8e49205c3e4fe4a~tplv-f042mdwyw7-original:tplv-resize:640:0.image?psm=motor.pc_sh.api,40c579bf24843a3a7d476aa2,1,0,,46b812a4be98ceffb8986e0d,dongchedi_usedcar_series,2026-07-08T22:04:53+08:00
2582,60,北汽昌河,昌河北斗星,https://p9-dcd.byteimg.com/motor-mis-img/2a6fa303c25bf5136ae73cc493275797~tplv-f042mdwyw7-original:tplv-resize:640:0.image?psm=motor.pc_sh.api,850cbddc9b0341d28e486ae1,1,0,,ce4dc071433d386b62eb53c0,dongchedi_usedcar_series,2026-07-08T22:04:53+08:00
2592,4,宝马,宝马M8,https://p3-dcd.byteimg.com/motor-mis-img/79eb819d9c114401d0367e4afbd9fbd9~tplv-f042mdwyw7-original:tplv-resize:640:0.image?psm=motor.pc_sh.api,6168de75f9d2bce6911a27f6,1,0,,96bb213122246575726bd5d9,dongchedi_usedcar_series,2026-07-08T22:04:53+08:00
2613,5,丰田,Harrier(海外),https://p3-dcd.byteimg.com/tos-cn-i-dcdx/51aff9817e824e35af2a39d39c4f76be~tplv-f042mdwyw7-original:tplv-resize:640:0.image?psm=motor.pc_sh.api,87a713feadb8a879306b3f1b,1,0,,55c8cfafb6ca9660bf91d4ca,dongchedi_usedcar_series,2026-07-08T22:04:53+08:00
2621,3,奔驰,奔驰V级(海外),https://p3-dcd.byteimg.com/tos-cn-i-dcdx/df0c189b316e4f859c5c011e9b57004a~tplv-f042mdwyw7-original:tplv-resize:640:0.image?psm=motor.pc_sh.api,580bbf73b400a7fbed4c61bc,1,0,,f373354ff2a5ce3249d5a19d,dongchedi_usedcar_series,2026-07-08T22:04:53+08:00
2628,90,依维柯,Iveco VISION,https://p3-dcd.byteimg.com/motor-mis-img/42518bbb719d41549df09ec9ecc03f4e~tplv-f042mdwyw7-original:tplv-resize:640:0.image?psm=motor.pc_sh.api,1b36c9ae123e06787c590d7e,1,0,,f0ab3e6f91a5d03bc1c76adf,dongchedi_usedcar_series,2026-07-08T22:04:53+08:00
2637,29,英菲尼迪,英菲尼迪Q80,https://p3-dcd.byteimg.com/motor-mis-img/fcd7ccebcefa9b7f24943853e8de3c2b~tplv-f042mdwyw7-original:tplv-resize:640:0.image?psm=motor.pc_sh.api,33982cd072387418b6e4dd1c,1,0,,ecb3ce91aae2f58cce938d86,dongchedi_usedcar_series,2026-07-08T22:04:53+08:00
2655,64,众泰,众泰T800,https://p9-dcd.byteimg.com/motor-mis-img/67dc87444e73768b70dbdf122f7d43cf~tplv-f042mdwyw7-original:tplv-resize:640:0.image?psm=motor.pc_sh.api,880dadececa16d81498bbc64,1,0,,f73e744c52226c303742e38a,dongchedi_usedcar_series,2026-07-08T22:04:53+08:00
2698,33,斯巴鲁,斯巴鲁WRX,https://p3-dcd.byteimg.com/tos-cn-i-dcdx/10dcf9117d48447e895d6ac5c369c1b8~tplv-f042mdwyw7-original:tplv-resize:640:0.image?psm=motor.pc_sh.api,7a1696a121e7b598af3a1a25,1,0,,d165f9b7fbeac26f3f03b5c8,dongchedi_usedcar_series,2026-07-08T22:04:53+08:00
2702,10,日产,途达,https://p3-dcd.byteimg.com/motor-mis-img/4fb69a37d8e0b84f5ba9d634e58c00f5~tplv-f042mdwyw7-original:tplv-resize:640:0.image?psm=motor.pc_sh.api,b9846e213b285c00efaa5f9a,1,0,,d8cb426f6e4c1af1c4bca3d6,dongchedi_usedcar_series,2026-07-08T22:04:53+08:00
2716,3,奔驰,奔驰E级PHEV,https://p3-dcd.byteimg.com/tos-cn-i-dcdx/2f1232196b204857b0ec1607add99224~tplv-f042mdwyw7-original:tplv-resize:640:0.image?psm=motor.pc_sh.api,395e7fd6396479d82b809a2e,1,0,,e86bb5e7e28a5b3a30e2775f,dongchedi_usedcar_series,2026-07-08T22:04:53+08:00
2726,47,宾利,添越PHEV,https://p3-dcd.byteimg.com/tos-cn-i-dcdx/59fef574dbab477da53bfbf1c32c1d50~tplv-f042mdwyw7-original:tplv-resize:640:0.image?psm=motor.pc_sh.api,15fd81c5c3789d38bf65b49e,1,0,,b897a2ef865ee112f5ab58c1,dongchedi_usedcar_series,2026-07-08T22:04:53+08:00
2735,5,丰田,Supra,https://p3-dcd.byteimg.com/motor-mis-img/16db4edc7be4bf9f8043191fff2c17c8~tplv-f042mdwyw7-original:tplv-resize:640:0.image?psm=motor.pc_sh.api,47d0eef556dd96e81b2a9777,1,0,,2dea3b8895ee0bc0603b9862,dongchedi_usedcar_series,2026-07-08T22:04:53+08:00
2765,174,领克,领克02,https://p9-dcd.byteimg.com/motor-mis-img/2509e6110052489d6a45bdf28f3e5ad7~tplv-f042mdwyw7-original:tplv-resize:640:0.image?psm=motor.pc_sh.api,50ca948a6ea8a3e2bfd5a57a,1,0,,c1857f056dbb54070e297f75,dongchedi_usedcar_series,2026-07-08T22:04:53+08:00
2778,62,林肯,飞行家(进口),https://p3-dcd.byteimg.com/tos-cn-i-dcdx/256d57632f214fa4915d29d3f043f02a~tplv-f042mdwyw7-original:tplv-resize:640:0.image?psm=motor.pc_sh.api,b831be19ccda0eef4108bebe,1,0,,4d692d3281e10a6e886ba0c6,dongchedi_usedcar_series,2026-07-08T22:04:53+08:00
2779,157,SWM斯威汽车,斯威G01,https://p3-dcd.byteimg.com/motor-mis-img/ebaf0a6393b02410b033ae200675abdc~tplv-f042mdwyw7-original:tplv-resize:640:0.image?psm=motor.pc_sh.api,fc2b1463080fdb84c6fd35fd,1,0,,48478ebc1d3fcc1149c9318f,dongchedi_usedcar_series,2026-07-08T22:04:53+08:00
2793,67,一汽,森雅R9,https://p9-dcd.byteimg.com/motor-mis-img/61e7759843ce00eb303bd54fc2ebfff2~tplv-f042mdwyw7-original:tplv-resize:640:0.image?psm=motor.pc_sh.api,b5dff8dd8945dcec8db27327,1,0,,c6b3e79555611dbeb2778914,dongchedi_usedcar_series,2026-07-08T22:04:53+08:00
2794,18,奇瑞,瑞虎8,https://p9-dcd.byteimg.com/tos-cn-i-dcdx/8948b3d3dd0847c8ae890e92abf22cfc~tplv-resize:640:0.png?psm=motor.rank.data,dd6dc6f7225557d15ad628ef,3,2,,cf6e5c03ddc4feb4fc53f091,dongchedi_ranking|dongchedi_usedcar_series,2026-07-08T22:04:53+08:00
2799,73,吉利汽车,博瑞,https://p3-dcd.byteimg.com/motor-mis-img/15540b28144163c8285da7d052aebd90~tplv-f042mdwyw7-original:tplv-resize:640:0.image?psm=motor.pc_sh.api,c15d591f06b5c8b7951ec7d3,1,0,,d0e2413cc5f438d0acd7c8ee,dongchedi_usedcar_series,2026-07-08T22:04:53+08:00
2805,231,SERES赛力斯,赛力斯SF5,https://p3-dcd.byteimg.com/motor-mis-img/d3d1e81f816d273258a81a867be42e34~tplv-f042mdwyw7-original:tplv-resize:640:0.image?psm=motor.pc_sh.api,4b69e13933c0217af6bccfed,1,0,,47d5c1df36ec362e8f332d3c,dongchedi_usedcar_series,2026-07-08T22:04:53+08:00
2809,28,中华,中华V7,https://p3-dcd.byteimg.com/motor-mis-img/372a9ac661d9689d36a145228ef4bce7~tplv-f042mdwyw7-original:tplv-resize:640:0.image?psm=motor.pc_sh.api,67a3e5eae84aeb881ffb2408,1,0,,22ec46c26d9116cf351f050f,dongchedi_usedcar_series,2026-07-08T22:04:53+08:00
2810,193,鑫源汽车,新海狮X30L,https://p3-dcd.byteimg.com/tos-cn-i-dcdx/e704804dc82d4342bd9e15d5fdaf1d56~tplv-f042mdwyw7-original:tplv-resize:640:0.image?psm=motor.pc_sh.api,41577154bce98a5d0cf77c46,1,0,,82318df67351fd46c72e1580,dongchedi_usedcar_series,2026-07-08T22:04:53+08:00
2812,4,宝马,宝马X3,https://p9-dcd.byteimg.com/tos-cn-i-dcdx/fb1e7339815e45b8a6a0ed3751e70b39~tplv-resize:640:0.png?psm=motor.rank.data,9bc9e5d62351c03225394ae7,3,2,,ee2bc431c76d796ddbacb60e,dongchedi_ranking|dongchedi_usedcar_series,2026-07-08T22:04:53+08:00
2813,95,东风风光,风光ix5,https://p9-dcd.byteimg.com/motor-mis-img/9519498106439cdc90e3620b34127cfb~tplv-resize:640:0.png?psm=motor.rank.data,640a55156a1ef4549290cf66,3,2,,b38b57f1644015598a9f05b1,dongchedi_ranking|dongchedi_usedcar_series,2026-07-08T22:04:53+08:00
2814,73,吉利汽车,博瑞ePro,https://p3-dcd.byteimg.com/motor-mis-img/f927b4ef4bfed5741b9d03e55408f95f~tplv-f042mdwyw7-original:tplv-resize:640:0.image?psm=motor.pc_sh.api,76b81fed58626de8db490839,1,0,,5089f81aae99d01df1282b97,dongchedi_usedcar_series,2026-07-08T22:04:53+08:00
2815,10,日产,轩逸·纯电,https://p3-dcd.byteimg.com/motor-mis-img/2e1a70c8457c8d74a94e59a76c6699a6~tplv-f042mdwyw7-original:tplv-resize:640:0.image?psm=motor.pc_sh.api,a533f70d51aa84aab59a0216,1,0,,ccad84906d06fc4f748836bb,dongchedi_usedcar_series,2026-07-08T22:04:53+08:00
2816,31,捷豹,捷豹E-PACE,https://p9-dcd.byteimg.com/tos-cn-i-dcdx/5e4a299aa9124c058af10d10e237c0cc~tplv-resize:640:0.png?psm=motor.rank.data,9dee426a20bde81abf9c4837,3,2,,1c2657f9ee0531596db2ed89,dongchedi_ranking|dongchedi_usedcar_series,2026-07-08T22:04:53+08:00
2817,21,雪铁龙,云逸 C4 AIRCROSS,https://p3-dcd.byteimg.com/motor-mis-img/de66d5e4449856330e42170d7461f0c7~tplv-f042mdwyw7-original:tplv-resize:640:0.image?psm=motor.pc_sh.api,f70e0598442a51f53377b8b3,1,0,,e1bffe046b51a653072ea932,dongchedi_usedcar_series,2026-07-08T22:04:53+08:00
2818,232,爱驰,爱驰U5,https://p9-dcd.byteimg.com/motor-mis-img/fda5df827c2719c750a5d26cf35d2021~tplv-f042mdwyw7-original:tplv-resize:640:0.image?psm=motor.pc_sh.api,6c7eb29364557181af29e204,1,0,,3ab8a4d2ec62e19e5b3f177d,dongchedi_usedcar_series,2026-07-08T22:04:53+08:00
2819,195,小鹏汽车,小鹏G3,https://p3-dcd.byteimg.com/motor-mis-img/5fe645aae83133a591bb27313ec66986~tplv-f042mdwyw7-original:tplv-resize:640:0.image?psm=motor.pc_sh.api,364a12c34efa66e1c295a3ce,1,0,,19fd0b89b4c2fc2f79cbf1b9,dongchedi_usedcar_series,2026-07-08T22:04:53+08:00
2820,70,东风风行,风行T5,https://p9-dcd.byteimg.com/motor-mis-img/f064dda2650019f6c0ba1e1f1a96135c~tplv-resize:640:0.png?psm=motor.rank.data,ecef5faaea65ce109dfb9702,3,2,,43600cae5428943a7ace04ac,dongchedi_ranking|dongchedi_usedcar_series,2026-07-08T22:04:53+08:00
2823,12,别克,微蓝6 PHEV,https://p9-dcd.byteimg.com/motor-mis-img/0306cdfd01457735ee53c1cb940c5aa9~tplv-f042mdwyw7-original:tplv-resize:640:0.image?psm=motor.pc_sh.api,fecd3243421f83aaa42d840e,1,0,,08f231062aa2bafc18289e52,dongchedi_usedcar_series,2026-07-08T22:04:53+08:00
2824,53,海马,福美来F5,https://p9-dcd.byteimg.com/motor-mis-img/7d542324b7a84d4df53f0a1543aa571e~tplv-f042mdwyw7-original:tplv-resize:640:0.image?psm=motor.pc_sh.api,87624f6dbbaee4091d374790,1,0,,10d8dd8b36f488ec38fa7522,dongchedi_usedcar_series,2026-07-08T22:04:53+08:00
2825,4,宝马,宝马X7,https://p3-dcd.byteimg.com/tos-cn-i-dcdx/36381ae9035e44cfb26f5d2eef29ee54~tplv-f042mdwyw7-original:tplv-resize:640:0.image?psm=motor.pc_sh.api,b4bbf9a0ca52fb753acf01f4,1,0,,ec53a37895bdecc7b31fcb02,dongchedi_usedcar_series,2026-07-08T22:04:53+08:00
2826,23,斯柯达,柯米克,https://p9-dcd.byteimg.com/tos-cn-i-dcdx/ac257bfc6fb7426da65a627ee52f84c7~tplv-f042mdwyw7-original:tplv-resize:640:0.image?psm=motor.pc_sh.api,a9c059cc5419b1109e6cbe84,1,0,,a48068ca244493f4d3860960,dongchedi_usedcar_series,2026-07-08T22:04:53+08:00
2827,5,丰田,奕泽IZOA,https://p3-dcd.byteimg.com/motor-mis-img/032f79481ca76533e7a56d98770ad4e3~tplv-f042mdwyw7-original:tplv-resize:640:0.image?psm=motor.pc_sh.api,17e09c9228d32c129e69ab4d,1,0,,b33477082830cb8bd201dfc4,dongchedi_usedcar_series,2026-07-08T22:04:53+08:00
2828,53,海马,海马8S,https://p9-dcd.byteimg.com/motor-mis-img/8e4dd00202765ac67a4ec8eb3c50c73f~tplv-f042mdwyw7-original:tplv-resize:640:0.image?psm=motor.pc_sh.api,8af447793235d00f82b412f1,1,0,,ce56e556748c587fd58b83f6,dongchedi_usedcar_series,2026-07-08T22:04:53+08:00
2829,76,猎豹汽车,Mattu,https://p3-dcd.byteimg.com/motor-mis-img/59692effcc5930043aada9b329cecedc~tplv-f042mdwyw7-original:tplv-resize:640:0.image?psm=motor.pc_sh.api,ad908158f0f6056bfd183c44,1,0,,04bd5e5360bc2442250d1538,dongchedi_usedcar_series,2026-07-08T22:04:53+08:00
2830,18,奇瑞,艾瑞泽GX,https://p3-dcd.byteimg.com/motor-mis-img/1ce7235dc3c26f60d7f86ff6311905ce~tplv-f042mdwyw7-original:tplv-resize:640:0.image?psm=motor.pc_sh.api,df545f17b72b00843f506d32,1,0,,260f8225af9ee5e3f46aabe7,dongchedi_usedcar_series,2026-07-08T22:04:53+08:00
2831,66,魏牌,魏牌 VV6,https://p3-dcd.byteimg.com/motor-mis-img/3bc573e32743d12b62f4b643ef2ffea9~tplv-f042mdwyw7-original:tplv-resize:640:0.image?psm=motor.pc_sh.api,d2582774aa34bf25038cc26e,1,0,,350464bfc4e5981a24ee90b7,dongchedi_usedcar_series,2026-07-08T22:04:53+08:00
2832,40,广汽传祺,传祺M6,https://p9-dcd.byteimg.com/tos-cn-i-dcdx/17ea92c15a414d4b9e54e18d6e01db23~tplv-resize:640:0.png?psm=motor.rank.data,4b5a07c0e23ed3af727fc5aa,3,2,,9e0478fa11a3caf69f416a52,dongchedi_ranking|dongchedi_usedcar_series,2026-07-08T22:04:53+08:00
2835,1,大众,探岳,https://p9-dcd.byteimg.com/tos-cn-i-dcdx/7eefe32d76bd4d3a97d5a24b520a2df7~tplv-resize:640:0.png?psm=motor.rank.data,b53c0ece0c40b09c575c0d45,3,2,,551f0e5d5a712c0e4a1cad3e,dongchedi_ranking|dongchedi_usedcar_series,2026-07-08T22:04:53+08:00
2836,1,大众,途岳,https://p9-dcd.byteimg.com/tos-cn-i-dcdx/c33c6674860948149e5d808e05ae222d~tplv-resize:640:0.png?psm=motor.rank.data,32287758b81322581817808c,3,2,,0c221939b948cdafd94fb0bf,dongchedi_ranking|dongchedi_usedcar_series,2026-07-08T22:04:53+08:00
2841,106,五十铃,铃拓,https://p3-dcd.byteimg.com/tos-cn-i-dcdx/f1d0f81a07604e7e999fa1db5c86ea9e~tplv-f042mdwyw7-original:tplv-resize:640:0.image?psm=motor.pc_sh.api,6821b71dfb5fcce5c142b0c4,1,0,,dc4056490ebbc54d72a5aad7,dongchedi_usedcar_series,2026-07-08T22:04:53+08:00
2843,112,蔚来,蔚来ES6,https://p9-dcd.byteimg.com/tos-cn-i-dcdx/feffe1ceb54d462ab4c050ad15104810~tplv-resize:640:0.png?psm=motor.rank.data,380c99e1824a076316996a7a,3,2,,711b098c1e0e74da9c71126f,dongchedi_ranking|dongchedi_usedcar_series,2026-07-08T22:04:53+08:00
2849,209,捷途,捷途X90,https://p9-dcd.byteimg.com/motor-mis-img/db9398d99c107b4ee74543a8fa39cc8a~tplv-resize:640:0.png?psm=motor.rank.data,6d48352a50bf210999900608,3,2,,3723b5a6fb1bb2b75ba421bf,dongchedi_ranking|dongchedi_usedcar_series,2026-07-08T22:04:53+08:00
2850,209,捷途,捷途X95,https://p9-dcd.byteimg.com/tos-cn-i-dcdx/70b2afa92600431fb538904b54ebf4e3~tplv-f042mdwyw7-original:tplv-resize:640:0.image?psm=motor.pc_sh.api,3b5cdbd48cb0bb140c69efc8,1,0,,f8ca1a2c5b05e2c013e8a430,dongchedi_usedcar_series,2026-07-08T22:04:53+08:00
2853,35,长安,长安CS75 PHEV,https://p9-dcd.byteimg.com/motor-mis-img/71d0357c25689df2398c74eaa181b2d7~tplv-f042mdwyw7-original:tplv-resize:640:0.image?psm=motor.pc_sh.api,913ce714610e5867285bdec9,1,0,,26f1295a1ef6ab151702e8f0,dongchedi_usedcar_series,2026-07-08T22:04:53+08:00
2858,60,北汽昌河,北汽EV5,https://p9-dcd.byteimg.com/motor-mis-img/f49e241532567e75a0dca881994522a9~tplv-f042mdwyw7-original:tplv-resize:640:0.image?psm=motor.pc_sh.api,72509d71f0f08e70685ddbae,1,0,,cc58e968928a25900456d220,dongchedi_usedcar_series,2026-07-08T22:04:53+08:00
2859,17,哈弗,哈弗F5,https://p9-dcd.byteimg.com/motor-mis-img/c2a713ceb342db5afc5bb51275dae64f~tplv-f042mdwyw7-original:tplv-resize:640:0.image?psm=motor.pc_sh.api,3d421a10715b565bdf383b4c,1,0,,699040d424ec8e5227de5456,dongchedi_usedcar_series,2026-07-08T22:04:53+08:00
2866,235,思皓,思皓E20X,https://p3-dcd.byteimg.com/motor-mis-img/5436aa5e924692ba00ca5ce4858f5070~tplv-f042mdwyw7-original:tplv-resize:640:0.image?psm=motor.pc_sh.api,5ce98a75fa8de89806addcd4,1,0,,ca91914a0742c0389edc3800,dongchedi_usedcar_series,2026-07-08T22:04:53+08:00
2867,27,奔腾,奔腾T77,https://p9-dcd.byteimg.com/tos-cn-i-dcdx/208b41b8440a4604b8b663b5a81cfae1~tplv-f042mdwyw7-original:tplv-resize:640:0.image?psm=motor.pc_sh.api,c3df8c5ca0a597b1aa37f4d9,1,0,,ee342e106265bb9a7263a122,dongchedi_usedcar_series,2026-07-08T22:04:53+08:00
2869,16,比亚迪,唐,https://p9-dcd.byteimg.com/motor-mis-img/ec08916600c1ca97f16637af51a1a1ec~tplv-f042mdwyw7-original:tplv-resize:640:0.image?psm=motor.pc_sh.api,fcbbbfdc2a257f95e6943e19,1,0,,c12201b9c72c99475209989f,dongchedi_usedcar_series,2026-07-08T22:04:53+08:00
2873,70,东风风行,风行M7,https://p3-dcd.byteimg.com/motor-mis-img/dd83b429d3e51b7671c7258ecaecf821~tplv-f042mdwyw7-original:tplv-resize:640:0.image?psm=motor.pc_sh.api,6823f74a42ba287790df5ece,1,0,,231972bc82d6b7c4aa694d0d,dongchedi_usedcar_series,2026-07-08T22:04:53+08:00
2875,9,本田,英仕派,https://p9-dcd.byteimg.com/tos-cn-i-dcdx/d7caed4d9e9d4433a4b81cf5807faf26~tplv-resize:640:0.png?psm=motor.rank.data,e34a88ceaa287e7085c11b41,3,2,,13a0c323db6feb33c7e1fbb0,dongchedi_ranking|dongchedi_usedcar_series,2026-07-08T22:04:53+08:00
2880,73,吉利汽车,吉利ICON,https://p9-dcd.byteimg.com/tos-cn-i-dcdx/8a98ac95791f4c39a2195c877b52b457~tplv-resize:640:0.png?psm=motor.rank.data,8d14afb5b2274808df2a62b5,3,2,,f0f1ea752e8fe9a1068ae85b,dongchedi_ranking|dongchedi_usedcar_series,2026-07-08T22:04:53+08:00
2881,5,丰田,卡罗拉双擎E+,https://p3-dcd.byteimg.com/motor-mis-img/5d24ebd28604b5143898bbf4ae6f8dae~tplv-f042mdwyw7-original:tplv-resize:640:0.image?psm=motor.pc_sh.api,71161b5725f4a228ca5482a1,1,0,,1b19a619ac8eae8ed7de4d67,dongchedi_usedcar_series,2026-07-08T22:04:53+08:00
2882,5,丰田,雷凌双擎E+,https://p3-dcd.byteimg.com/motor-mis-img/7ee7b89c6e39b1635ba477c21f7d0b54~tplv-f042mdwyw7-original:tplv-resize:640:0.image?psm=motor.pc_sh.api,e415e1fe275a2e10d089cb49,1,0,,7749df7204b160501a3f4f30,dongchedi_usedcar_series,2026-07-08T22:04:53+08:00
2883,174,领克,领克01 EM-P,https://p9-dcd.byteimg.com/motor-mis-img/1b7a153b55bfaf41e0a0cf1f0e7b9995~tplv-f042mdwyw7-original:tplv-resize:640:0.image?psm=motor.pc_sh.api,993dd6703975825c955ffcfc,1,0,,f79e3d0044e219549a15b6bf,dongchedi_usedcar_series,2026-07-08T22:04:53+08:00
2887,16,比亚迪,宋MAX DM,https://p9-dcd.byteimg.com/motor-mis-img/7ec97e2a0cd2675c197335c8319f94b1~tplv-f042mdwyw7-original:tplv-resize:640:0.image?psm=motor.pc_sh.api,c4795f4fedaefc46bc80bb4f,1,0,,fe5da67acfdc2afc62c99c10,dongchedi_usedcar_series,2026-07-08T22:04:53+08:00
2889,11,现代,菲斯塔,https://p9-dcd.byteimg.com/motor-mis-img/59c714d0afdd6fbe61a5108d3c29327f~tplv-f042mdwyw7-original:tplv-resize:640:0.image?psm=motor.pc_sh.api,8ca6362d6c5f252daadc05a0,1,0,,254923744a4100c576aaaf59,dongchedi_usedcar_series,2026-07-08T22:04:53+08:00
2890,13,起亚,奕跑,https://p9-dcd.byteimg.com/motor-mis-img/3634d1e1b33e9b6c6c8163d55fcca20c~tplv-resize:640:0.png?psm=motor.rank.data,79f6d4b5beaedaf4f12147ed,3,2,,dec70d44fe68c9fd9883254b,dongchedi_ranking|dongchedi_usedcar_series,2026-07-08T22:04:53+08:00
2897,11,现代,逸行,https://p9-dcd.byteimg.com/motor-mis-img/69ac607021eb14fdbed373adeae576d7~tplv-f042mdwyw7-original:tplv-resize:640:0.image?psm=motor.pc_sh.api,c65fb5d6cc54aba101dac727,1,0,,92a368a63fa96acaf7502e86,dongchedi_usedcar_series,2026-07-08T22:04:53+08:00
2901,13,起亚,起亚K5 PHEV,https://p3-dcd.byteimg.com/motor-mis-img/7b40d2a80d9dbcd6a23e454431b19f67~tplv-f042mdwyw7-original:tplv-resize:640:0.image?psm=motor.pc_sh.api,fc9c450b5ec1440ef4946518,1,0,,6d0e14fbfcf758814ba31620,dongchedi_usedcar_series,2026-07-08T22:04:53+08:00
2905,236,乔治·巴顿,战车,https://p3-dcd.byteimg.com/motor-mis-img/2b85ca9dba25d2e6cf5c246c2ab33ae0~tplv-f042mdwyw7-original:tplv-resize:640:0.image?psm=motor.pc_sh.api,acfb6a4a783f9f4f9a13ec19,1,0,,5507f4636101b6c9b41e848a,dongchedi_usedcar_series,2026-07-08T22:04:53+08:00
2908,59,红旗,红旗H7 PHEV,https://p3-dcd.byteimg.com/tos-cn-i-dcdx/a6e25a09c3724788884c361d2db0d9a8~tplv-f042mdwyw7-original:tplv-resize:640:0.image?psm=motor.pc_sh.api,fc0e0247d4ffdfdd38df5fff,1,0,,94c9624430bbbdf737680147,dongchedi_usedcar_series,2026-07-08T22:04:53+08:00
2910,238,欧拉,欧拉iQ,https://p9-dcd.byteimg.com/motor-mis-img/c3064595fa7320c020d088d7fa3941c5~tplv-f042mdwyw7-original:tplv-resize:640:0.image?psm=motor.pc_sh.api,0cbfaff913542e42af2e6708,1,0,,d1d0e2dfa462c7f1425f44d9,dongchedi_usedcar_series,2026-07-08T22:04:53+08:00
2911,238,欧拉,欧拉黑猫,https://p9-dcd.byteimg.com/tos-cn-i-dcdx/76d8b7dd596a42668c660711eb63ba36~tplv-f042mdwyw7-original:tplv-resize:640:0.image?psm=motor.pc_sh.api,9780121e22f167915e0511f9,1,0,,6c8044a00c9be2e12b2ac2bc,dongchedi_usedcar_series,2026-07-08T22:04:53+08:00
2912,238,欧拉,欧拉白猫,https://p9-dcd.byteimg.com/tos-cn-i-dcdx/6b6d80c5eab34f69bd88d354b6a43ce7~tplv-f042mdwyw7-original:tplv-resize:640:0.image?psm=motor.pc_sh.api,0c2c4731975b6f0a395de016,1,0,,b83cacc9be0185286a4a11e4,dongchedi_usedcar_series,2026-07-08T22:04:53+08:00
2913,3,奔驰,奔驰A级,https://p9-dcd.byteimg.com/tos-cn-i-dcdx/f3aa2146a74d47e3ab4844b147234e37~tplv-resize:640:0.png?psm=motor.rank.data,7d88df90864445c96664c1fd,3,2,,2cf3e687480a93d5dc4ab9a9,dongchedi_ranking|dongchedi_usedcar_series,2026-07-08T22:04:53+08:00
2916,2,奥迪,奥迪Q5L,https://p9-dcd.byteimg.com/tos-cn-i-dcdx/0eb7058e774841969c92d987e64c09f5~tplv-resize:640:0.png?psm=motor.rank.data,5e17247903e550e0f13a7ac8,3,2,,5c49a40abef4a4842c4eb5fa,dongchedi_ranking|dongchedi_usedcar_series,2026-07-08T22:04:53+08:00
2919,190,君马汽车,君马SEEK 5(赛克5),https://p9-dcd.byteimg.com/motor-mis-img/a5912d864078a6c6be675be5eb716037~tplv-f042mdwyw7-original:tplv-resize:640:0.image?psm=motor.pc_sh.api,4b1d507a0e5b61c425395bca,1,0,,10af803f558079c84f849b29,dongchedi_usedcar_series,2026-07-08T22:04:53+08:00
2920,264,吉利几何,帝豪GSe,https://p3-dcd.byteimg.com/motor-mis-img/c5235ef465e95838cbaa27646a898626~tplv-f042mdwyw7-original:tplv-resize:640:0.image?psm=motor.pc_sh.api,af911ccc882a4ffbd238efc3,1,0,,669769b330df2af7a10bf982,dongchedi_usedcar_series,2026-07-08T22:04:53+08:00
2921,140,金龙,凯锐浩克,https://p3-dcd.byteimg.com/motor-mis-img/1b3df9036176671853d74e6bf1d9250b~tplv-f042mdwyw7-original:tplv-resize:640:0.image?psm=motor.pc_sh.api,6b4fb9c422724ef8006fdc4c,1,0,,a558849e82feabc71c734195,dongchedi_usedcar_series,2026-07-08T22:04:53+08:00
2928,73,吉利汽车,缤瑞,https://p9-dcd.byteimg.com/tos-cn-i-dcdx/b0363355afee45938f39b0248fa6e5bc~tplv-resize:640:0.png?psm=motor.rank.data,d560c3b27f2c25d064a3be3f,3,2,,bd39f7ac0ca0789518a2d27c,dongchedi_ranking|dongchedi_usedcar_series,2026-07-08T22:04:53+08:00
2931,32,江汽集团,江淮T8,https://p3-dcd.byteimg.com/tos-cn-i-dcdx/248f7d9528784c538bfb125a39a7e90d~tplv-f042mdwyw7-original:tplv-resize:640:0.image?psm=motor.pc_sh.api,f60bdb0c3eaefe04003bd38f,1,0,,07ddb5ef81240681d6a1e6d8,dongchedi_usedcar_series,2026-07-08T22:04:53+08:00
2932,26,三菱,奕歌,https://p3-dcd.byteimg.com/motor-mis-img/99c469d3813d3c2998ccc2817e391da1~tplv-f042mdwyw7-original:tplv-resize:640:0.image?psm=motor.pc_sh.api,a99189cbf00a78f8c619f91f,1,0,,949795c3bcc7d93c4e600d08,dongchedi_usedcar_series,2026-07-08T22:04:53+08:00
2937,24,沃尔沃,沃尔沃S90 PHEV,https://p9-dcd.byteimg.com/tos-cn-i-dcdx/f4c206b03bf042fc9b8653f1fe3df7dd~tplv-resize:640:0.png?psm=motor.rank.data,af703a71a5b47061cb3a120a,3,2,,de2464245767cb51c8713bc2,dongchedi_ranking|dongchedi_usedcar_series,2026-07-08T22:04:53+08:00
2938,145,Lorinser,Lorinser MS500L,https://p9-dcd.byteimg.com/tos-cn-i-dcdx/0f82a7d9dc8746d5a0b227acf28654b5~tplv-f042mdwyw7-original:tplv-resize:640:0.image?psm=motor.pc_sh.api,0ac9dfb2b86b4dc04de1c395,1,0,,296fc0b808f54da739c350b8,dongchedi_usedcar_series,2026-07-08T22:04:53+08:00
2941,34,名爵,MG HS,https://p3-dcd.byteimg.com/motor-mis-img/64a197fb94942f9f98eeaf90bd9699d8~tplv-f042mdwyw7-original:tplv-resize:640:0.image?psm=motor.pc_sh.api,395f9bed21e9fc9b695ba698,1,0,,323e646cd9c574daa4d4c4cf,dongchedi_usedcar_series,2026-07-08T22:04:53+08:00
2961,86,迈凯伦,迈凯伦600LT,https://p3-dcd.byteimg.com/motor-mis-img/07829c44b209cad2baf5ea4b8729fa8d~tplv-f042mdwyw7-original:tplv-resize:640:0.image?psm=motor.pc_sh.api,8a5f29b1a2b818d80364b5b1,1,0,,23595dd5dc9efdd259bc6f92,dongchedi_usedcar_series,2026-07-08T22:04:53+08:00
2963,2,奥迪,奥迪Q2L,https://p9-dcd.byteimg.com/tos-cn-i-dcdx/64a11189be294527bd89ac26a9aba2c3~tplv-resize:640:0.png?psm=motor.rank.data,b12777fd4c2dd9862cbb7948,3,2,,e89d1814c9acea40152ddd42,dongchedi_ranking|dongchedi_usedcar_series,2026-07-08T22:04:53+08:00
2964,199,哪吒汽车,哪吒N01,https://p9-dcd.byteimg.com/motor-mis-img/a9493cd7df1796a891441eca2f08e77c~tplv-f042mdwyw7-original:tplv-resize:640:0.image?psm=motor.pc_sh.api,ed78e8b89cc61a90338c0dc3,1,0,,21b5866888e2accb6a10d7f2,dongchedi_usedcar_series,2026-07-08T22:04:53+08:00
2965,6,雪佛兰,沃兰多,https://p3-dcd.byteimg.com/motor-mis-img/ad0ae0cf1272d8b27ebf25305a779e6e~tplv-f042mdwyw7-original:tplv-resize:640:0.image?psm=motor.pc_sh.api,a8801ac2b183250a43cfb15a,1,0,,06fb74c9814361b01e24a35a,dongchedi_usedcar_series,2026-07-08T22:04:53+08:00
2968,119,长安欧尚,长安欧尚科尚,https://p3-dcd.byteimg.com/motor-mis-img/2572fd3259520290f21cfe6bb2c2f01b~tplv-f042mdwyw7-original:tplv-resize:640:0.image?psm=motor.pc_sh.api,c216c73d6bdf278e4c8ca392,1,0,,37db71bdc268b1363574b8db,dongchedi_usedcar_series,2026-07-08T22:04:53+08:00
2969,14,Jeep,指挥官,https://p3-dcd.byteimg.com/motor-mis-img/c39b6e76bb2c249f4a84203b406164d4~tplv-f042mdwyw7-original:tplv-resize:640:0.image?psm=motor.pc_sh.api,56fd6210a20d1c5fa87e6ad6,1,0,,cb8e36014e1aa8550f779a03,dongchedi_usedcar_series,2026-07-08T22:04:53+08:00
2970,109,启辰,启辰T60,https://p3-dcd.byteimg.com/motor-mis-img/9e393843ac2d25e558685dcb68894719~tplv-f042mdwyw7-original:tplv-resize:640:0.image?psm=motor.pc_sh.api,7b95a6e6d652b1a15f320f12,1,0,,4980d9c53f4da4507738fb43,dongchedi_usedcar_series,2026-07-08T22:04:53+08:00
2971,30,凯迪拉克,凯迪拉克XT4,https://p9-dcd.byteimg.com/tos-cn-i-dcdx/90f751162223481d9031161261336b14~tplv-resize:640:0.png?psm=motor.rank.data,32164550281b8f3ca3cc87aa,3,2,,2ebb44e5bdf205a9ed5eb565,dongchedi_ranking|dongchedi_usedcar_series,2026-07-08T22:04:53+08:00
2972,171,长安凯程,睿行EM80,https://p9-dcd.byteimg.com/tos-cn-i-dcdx/d93dc28381044c7bb58c93895b3f432d~tplv-f042mdwyw7-original:tplv-resize:640:0.image?psm=motor.pc_sh.api,0d476f76966feb80d6bd4ca3,1,0,,168b28a33936e4f6541d7960,dongchedi_usedcar_series,2026-07-08T22:04:53+08:00
2975,73,吉利汽车,缤越,https://p9-dcd.byteimg.com/tos-cn-i-dcdx/1546bce3c7764e6b9a895274b29a019f~tplv-resize:640:0.png?psm=motor.rank.data,05746801e33e8e1dee5a4cc4,3,2,,a2f9e85d517c8b8273473d83,dongchedi_ranking|dongchedi_usedcar_series,2026-07-08T22:04:53+08:00
2982,7,福特,领界,https://p3-dcd.byteimg.com/motor-mis-img/0fe20c206f939c5f163ea779cb222287~tplv-f042mdwyw7-original:tplv-resize:640:0.image?psm=motor.pc_sh.api,7af2d657f995e194025f43fb,1,0,,8114c0c3b693686aeea15c84,dongchedi_usedcar_series,2026-07-08T22:04:53+08:00
2983,91,东风,俊风E11K,https://p3-dcd.byteimg.com/motor-mis-img/56f8a4ddf91cd72702b354ea5e0ddc74~tplv-f042mdwyw7-original:tplv-resize:640:0.image?psm=motor.pc_sh.api,10d3ca1be3a2c949771b1908,1,0,,d080075f297819081378fb99,dongchedi_usedcar_series,2026-07-08T22:04:53+08:00
2984,108,大通,大通G50,https://p9-dcd.byteimg.com/tos-cn-i-dcdx/3a2183c860de4a0f9212241567872bb6~tplv-resize:640:0.png?psm=motor.rank.data,851f28304fb87b479774aee4,3,2,,f9064bd2c1e9dfa91b50d067,dongchedi_ranking|dongchedi_usedcar_series,2026-07-08T22:04:53+08:00
2986,171,长安凯程,长安欧尚A600 EV,https://p9-dcd.byteimg.com/motor-mis-img/8784cbdaa82da228a34092b750d75db8~tplv-f042mdwyw7-original:tplv-resize:640:0.image?psm=motor.pc_sh.api,ca90eeb75b3e163864915dbd,1,0,,9923b5cec3d41059ed355e2a,dongchedi_usedcar_series,2026-07-08T22:04:53+08:00
2987,38,讴歌,讴歌RDX,https://p9-dcd.byteimg.com/tos-cn-i-dcdx/841b3b5fc189417096d061562c1eea0f~tplv-f042mdwyw7-original:tplv-resize:640:0.image?psm=motor.pc_sh.api,9ee5920fd22d35499581f199,1,0,,65b984132fece918d6ad5efc,dongchedi_usedcar_series,2026-07-08T22:04:53+08:00
2989,1,大众,帕萨特PHEV,https://p9-dcd.byteimg.com/tos-cn-i-dcdx/5ce9d573823a4ae9be22d250d7bb6a70~tplv-resize:640:0.png?psm=motor.rank.data,ed105a8a3c0f58059c096389,3,2,,9c54b5fd26c812948f81e43b,dongchedi_ranking|dongchedi_usedcar_series,2026-07-08T22:04:53+08:00
2990,77,东南,东南A5翼舞,https://p3-dcd.byteimg.com/motor-mis-img/fa51d098b8990022908db16206dc8362~tplv-f042mdwyw7-original:tplv-resize:640:0.image?psm=motor.pc_sh.api,d40f5abe8d9dbb87b9f2d007,1,0,,92f43a2bf3b6c82c2ada1f29,dongchedi_usedcar_series,2026-07-08T22:04:53+08:00
2991,17,哈弗,哈弗F7,https://p9-dcd.byteimg.com/motor-mis-img/a3c5c31ba16abd52d9242e4fbba1c1d8~tplv-f042mdwyw7-original:tplv-resize:640:0.image?psm=motor.pc_sh.api,6a1acd5da931950bf6955e00,1,0,,b448d206fdeb27feaebbb998,dongchedi_usedcar_series,2026-07-08T22:04:53+08:00
2992,366,宝骏,宝骏E200,https://p9-dcd.byteimg.com/motor-mis-img/e3b07a86c16b3c2a94035065ebf744b5~tplv-f042mdwyw7-original:tplv-resize:640:0.image?psm=motor.pc_sh.api,e05887967e26555604702797,1,0,,2241512cb42dec0b75206bf4,dongchedi_usedcar_series,2026-07-08T22:04:53+08:00
2993,35,长安,长安CS85 COUPE,https://p9-dcd.byteimg.com/tos-cn-i-dcdx/e52af4fd90934dfc8cfc82375a9c3a4f~tplv-f042mdwyw7-original:tplv-resize:640:0.image?psm=motor.pc_sh.api,d2c559fc6c32fb1427276e84,1,0,,2e06219d3a636fb599884bb6,dongchedi_usedcar_series,2026-07-08T22:04:53+08:00
2999,35,长安,逸动XT,https://p9-dcd.byteimg.com/motor-mis-img/26b554276fd2cd5bb81b8f5dd5d18ffc~tplv-f042mdwyw7-original:tplv-resize:640:0.image?psm=motor.pc_sh.api,d748f1658f176bf775a86bf6,1,0,,1b770008bb89dc920114fc2a,dongchedi_usedcar_series,2026-07-08T22:04:53+08:00
3000,145,Lorinser,Lorinser MAYBACH S级,https://p9-dcd.byteimg.com/motor-mis-img/ff54fa6b5bad3561aa43745ba59e7615~tplv-f042mdwyw7-original:tplv-resize:640:0.image?psm=motor.pc_sh.api,81de7e0e784e46f3107b784e,1,0,,a17ad488ef5d5884ae900331,dongchedi_usedcar_series,2026-07-08T22:04:53+08:00
3001,1,大众,途观L PHEV,https://p9-dcd.byteimg.com/tos-cn-i-dcdx/3d0e37532e564b81b44890f8781d362f~tplv-resize:640:0.png?psm=motor.rank.data,826bc8bccd5558ceab1a4e2b,3,2,,6949457a6002c4994f94e57c,dongchedi_ranking|dongchedi_usedcar_series,2026-07-08T22:04:53+08:00
3002,15,马自达,马自达CX-8,https://p3-dcd.byteimg.com/motor-mis-img/38ca65663cc276d072133f6e82f05869~tplv-f042mdwyw7-original:tplv-resize:640:0.image?psm=motor.pc_sh.api,42c0b5577377f39b50cf449d,1,0,,2b542dc21addfcfa533cf91e,dongchedi_usedcar_series,2026-07-08T22:04:53+08:00
3004,70,东风风行,风行T5L,https://p3-dcd.byteimg.com/motor-mis-img/d202abb20c30b0de9e70ae62aa14db13~tplv-f042mdwyw7-original:tplv-resize:640:0.image?psm=motor.pc_sh.api,066b9498934def6f894bba74,1,0,,3273eb0dfce60d5dd8b19929,dongchedi_usedcar_series,2026-07-08T22:04:53+08:00
3007,16,比亚迪,秦Pro,https://p9-dcd.byteimg.com/motor-mis-img/3c78b83d8e8c26d29abc8ee0a43bc167~tplv-f042mdwyw7-original:tplv-resize:640:0.image?psm=motor.pc_sh.api,753bd97b053a4c6e3c18cd35,1,0,,542310bcb5b8862672ddf3fc,dongchedi_usedcar_series,2026-07-08T22:04:53+08:00
3008,68,北京汽车,智行,https://p3-dcd.byteimg.com/motor-mis-img/887e302c1590ca127ac3e047e031bd3f~tplv-f042mdwyw7-original:tplv-resize:640:0.image?psm=motor.pc_sh.api,882a339cad2eae88e3a51be6,1,0,,1373aa229d1d79b62d0b9af6,dongchedi_usedcar_series,2026-07-08T22:04:53+08:00
3017,100,江铃,域虎3,https://p3-dcd.byteimg.com/motor-mis-img/8a56ac1953bf4072e888f3cc97144714~tplv-f042mdwyw7-original:tplv-resize:640:0.image?psm=motor.pc_sh.api,dfc8d81485149eb4ae96e35e,1,0,,dff6e2547d4609a08f82d594,dongchedi_usedcar_series,2026-07-08T22:04:53+08:00
3018,100,江铃,域虎5,https://p3-dcd.byteimg.com/motor-mis-img/7dff2d317a4badae57c6a8397d5bfc85~tplv-f042mdwyw7-original:tplv-resize:640:0.image?psm=motor.pc_sh.api,e672dfc3893d96013bff5eb6,1,0,,7472e336dc4a5e6f4c69169d,dongchedi_usedcar_series,2026-07-08T22:04:53+08:00
3020,237,广汽集团,祺智EV,https://p3-dcd.byteimg.com/motor-mis-img/e67ad6399a94caeac64969b0a47a1537~tplv-f042mdwyw7-original:tplv-resize:640:0.image?psm=motor.pc_sh.api,f17f12f05fd45c29b3fa5d25,1,0,,972b52426890cfb451b457f1,dongchedi_usedcar_series,2026-07-08T22:04:53+08:00
3022,171,长安凯程,长安之星9 EV,https://p9-dcd.byteimg.com/motor-mis-img/628f41aac12211548f30b7868b5ce3ab~tplv-resize:640:0.png?psm=motor.rank.data,73b0808625c001a03e63390b,3,2,,7ce6ebf76dde8e5f9c2b232e,dongchedi_ranking|dongchedi_usedcar_series,2026-07-08T22:04:53+08:00
3023,4,宝马,宝马iX,https://p3-dcd.byteimg.com/tos-cn-i-dcdx/1c58ae4cf2a8435283eed8c6384befda~tplv-f042mdwyw7-original:tplv-resize:640:0.image?psm=motor.pc_sh.api,c3990089de49174261148f69,1,0,,ec806ea1a3837321c00887ae,dongchedi_usedcar_series,2026-07-08T22:04:53+08:00
3028,136,江铃集团新能源,易至EV3,https://p9-dcd.byteimg.com/tos-cn-i-dcdx/0082664dbf7b4e89b4331156ad1c0c92~tplv-resize:640:0.png?psm=motor.rank.data,45b6f096c36d05625776ab6c,3,2,,72391b742383f6d0a75a1cce,dongchedi_ranking|dongchedi_usedcar_series,2026-07-08T22:04:53+08:00
3030,91,东风,锐骐6,https://p3-dcd.byteimg.com/tos-cn-i-dcdx/e3c35418d90c4852926be93d287a0ceb~tplv-f042mdwyw7-original:tplv-resize:640:0.image?psm=motor.pc_sh.api,1b17554aa351c2c499ccd22d,1,0,,6af4b90cfa6e1702ef1fa892,dongchedi_usedcar_series,2026-07-08T22:04:53+08:00
3032,91,东风,俊风E17,https://p3-dcd.byteimg.com/motor-mis-img/095085dc377e9b875d53e70f9de9b85e~tplv-f042mdwyw7-original:tplv-resize:640:0.image?psm=motor.pc_sh.api,905eb619ed99f3df5e29a5a7,1,0,,5a9750bc8b898f7da0fd8e25,dongchedi_usedcar_series,2026-07-08T22:04:53+08:00
3034,74,金杯,新海狮S,https://p9-dcd.byteimg.com/motor-mis-img/cbbdc66fb17c6d52491733d79311a8a4~tplv-f042mdwyw7-original:tplv-resize:640:0.image?psm=motor.pc_sh.api,5cfc20cb12f72372cc70bf02,1,0,,bc6b1a16e6af8f1417f49989,dongchedi_usedcar_series,2026-07-08T22:04:53+08:00
3041,36,荣威,荣威i5,https://p9-dcd.byteimg.com/tos-cn-i-dcdx/4b96326cb76b40369887d7b011aae241~tplv-resize:640:0.png?psm=motor.rank.data,83574326f022ee6a97f6fa37,3,2,,f0b87d906c6865eaecf31fb4,dongchedi_ranking|dongchedi_usedcar_series,2026-07-08T22:04:53+08:00
3044,8,长城,风骏7,https://p3-dcd.byteimg.com/motor-mis-img/775818c54daef3cc49d2876510180c21~tplv-f042mdwyw7-original:tplv-resize:640:0.image?psm=motor.pc_sh.api,d41543c72c1f66d42e80a8ee,1,0,,fc40f30af2b11b9d49fdd8d0,dongchedi_usedcar_series,2026-07-08T22:04:53+08:00
3048,16,比亚迪,秦Pro DM,https://p9-dcd.byteimg.com/motor-mis-img/bc6aaa3eb0fdbcfa715b9e10d4118527~tplv-f042mdwyw7-original:tplv-resize:640:0.image?psm=motor.pc_sh.api,dfcc17adf70d6c34dfea2209,1,0,,61dc823e5fc2e4c0779aa78f,dongchedi_usedcar_series,2026-07-08T22:04:53+08:00
3049,16,比亚迪,秦Pro EV,https://p9-dcd.byteimg.com/motor-mis-img/26e5b1872e03e71733c3dac33f3fb691~tplv-f042mdwyw7-original:tplv-resize:640:0.image?psm=motor.pc_sh.api,432d0d185031dbba3013e114,1,0,,1ae90a95e2ff6ca9595be93b,dongchedi_usedcar_series,2026-07-08T22:04:53+08:00
3051,461,奇瑞新能源,奇瑞eQ2,https://p3-dcd.byteimg.com/motor-mis-img/2685437d80f42661b426f36ecb6fd07e~tplv-f042mdwyw7-original:tplv-resize:640:0.image?psm=motor.pc_sh.api,33601d11146acd1d9b803528,1,0,,b579c1480480fa64ebb69085,dongchedi_usedcar_series,2026-07-08T22:04:53+08:00
3052,35,长安,长安CS35 PLUS,https://p9-dcd.byteimg.com/tos-cn-i-dcdx/7291934f8c98484884e1d62e9b354c05~tplv-resize:640:0.png?psm=motor.rank.data,21b3f2ac8064ab4092f50fbd,3,2,,af4d5927c66ac8aa3180bf1c,dongchedi_ranking|dongchedi_usedcar_series,2026-07-08T22:04:53+08:00
3053,366,宝骏,宝骏RS-5,https://p9-dcd.byteimg.com/motor-mis-img/654a7220f2e3a5a62d5308855bcc199c~tplv-f042mdwyw7-original:tplv-resize:640:0.image?psm=motor.pc_sh.api,7070ac7ce4c9524588f4d129,1,0,,7a2bbcc876bd562093fefa3d,dongchedi_usedcar_series,2026-07-08T22:04:53+08:00
3059,202,理想汽车,理想ONE,https://p3-dcd.byteimg.com/motor-mis-img/23f1cc67aa1ff84f6fd97bd52a0d1892~tplv-f042mdwyw7-original:tplv-resize:640:0.image?psm=motor.pc_sh.api,cc9cdcbb211493c842895de6,1,0,,2d27092e8db0ec35a571d635,dongchedi_usedcar_series,2026-07-08T22:04:53+08:00
3061,23,斯柯达,柯迪亚克GT,https://p9-dcd.byteimg.com/motor-mis-img/1c339020b6550e40d5eb2894efa902af~tplv-f042mdwyw7-original:tplv-resize:640:0.image?psm=motor.pc_sh.api,88cca337bb1a13299c660b46,1,0,,4c4e307e4a72c6abd8253d3e,dongchedi_usedcar_series,2026-07-08T22:04:53+08:00
3065,68,北京汽车,北京U7,https://p3-dcd.byteimg.com/motor-mis-img/d4da85bed05700a7117be621666e1a9e~tplv-f042mdwyw7-original:tplv-resize:640:0.image?psm=motor.pc_sh.api,eea8d1fdf95cf9dda0f6034a,1,0,,6281a7fe9641d6154f0b3bab,dongchedi_usedcar_series,2026-07-08T22:04:53+08:00
3066,1,大众,途铠,https://p3-dcd.byteimg.com/motor-mis-img/c21b08981b849be7a38cfb49f038d530~tplv-f042mdwyw7-original:tplv-resize:640:0.image?psm=motor.pc_sh.api,02303cbd29794891f37d3c59,1,0,,9f4373b1dfeaad6d2d2128fb,dongchedi_usedcar_series,2026-07-08T22:04:53+08:00
3068,5,丰田,亚洲龙,https://p9-dcd.byteimg.com/tos-cn-i-dcdx/b47ec0be1ba940aa8e02b93784b6949e~tplv-resize:640:0.png?psm=motor.rank.data,c5238a2146f35669460ed070,3,2,,c681ea089580500380799ccd,dongchedi_ranking|dongchedi_usedcar_series,2026-07-08T22:04:53+08:00
3069,32,江汽集团,瑞风S4,https://p3-dcd.byteimg.com/motor-mis-img/776d4ebffc8bf5818be6feb79198c19c~tplv-f042mdwyw7-original:tplv-resize:640:0.image?psm=motor.pc_sh.api,114d330384fc3785e688bd7d,1,0,,40e93ba0b7441866714cb011,dongchedi_usedcar_series,2026-07-08T22:04:53+08:00
3070,17,哈弗,哈弗F7x,https://p9-dcd.byteimg.com/motor-mis-img/e5a2d459531c989ee3b5177edf682cda~tplv-f042mdwyw7-original:tplv-resize:640:0.image?psm=motor.pc_sh.api,e737ce02271243e020e2a1a7,1,0,,297d58cd692c30441c809ef2,dongchedi_usedcar_series,2026-07-08T22:04:53+08:00
3077,16,比亚迪,唐EV,https://p9-dcd.byteimg.com/tos-cn-i-dcdx/9abfa6f1b282478ea183bb335db62127~tplv-f042mdwyw7-original:tplv-resize:640:0.image?psm=motor.pc_sh.api,7203250d7b42e677f1f23720,1,0,,0738f733d948f0dd9f4a32f0,dongchedi_usedcar_series,2026-07-08T22:04:53+08:00
3080,34,名爵,名爵EZS纯电动,https://p3-dcd.byteimg.com/tos-cn-i-dcdx/4c032f93622342ad82241ae99bbb8c47~tplv-f042mdwyw7-original:tplv-resize:640:0.image?psm=motor.pc_sh.api,6a45402814583bc7653efc3e,1,0,,9c10622101a463b340beedc0,dongchedi_usedcar_series,2026-07-08T22:04:53+08:00
3083,251,星途,星途追风,https://p9-dcd.byteimg.com/tos-cn-i-dcdx/efb2388333914343bba3b953eec67dba~tplv-resize:640:0.png?psm=motor.rank.data,3dfa45a181eb9e075566cac7,3,2,,a196f8df1f9cdf9950dafcc0,dongchedi_ranking|dongchedi_usedcar_series,2026-07-08T22:04:53+08:00
3093,32,江汽集团,江淮iEVS4,https://p3-dcd.byteimg.com/motor-mis-img/6bf610c5ad1a84dc5673d93799decea4~tplv-f042mdwyw7-original:tplv-resize:640:0.image?psm=motor.pc_sh.api,8120810b55f91573791acd22,1,0,,b1d5ca9a421c86e0822782dc,dongchedi_usedcar_series,2026-07-08T22:04:53+08:00
3094,6,雪佛兰,科鲁泽,https://p3-dcd.byteimg.com/motor-mis-img/f63e0947469ae2d9cee05bbdc33f514f~tplv-f042mdwyw7-original:tplv-resize:640:0.image?psm=motor.pc_sh.api,e2149f4a9d99551d196cdca0,1,0,,7b46c809bfc66e9f1af7dc25,dongchedi_usedcar_series,2026-07-08T22:04:53+08:00
3095,9,本田,享域,https://p3-dcd.byteimg.com/motor-mis-img/f2ed945c45d908125c08d0c9ae3c718c~tplv-f042mdwyw7-original:tplv-resize:640:0.image?psm=motor.pc_sh.api,44587e46202aadd5e3775e93,1,0,,10b84af14ed4afb57af9551f,dongchedi_usedcar_series,2026-07-08T22:04:53+08:00
3096,111,理念,广汽本田VE-1,https://p3-dcd.byteimg.com/motor-mis-img/6b45b76df3eac473edc4da19a10ce8d7~tplv-f042mdwyw7-original:tplv-resize:640:0.image?psm=motor.pc_sh.api,048c2932d0e8f9e621e08d7c,1,0,,740e509aff6037418b0c0b29,dongchedi_usedcar_series,2026-07-08T22:04:53+08:00
3097,237,广汽集团,世锐PHEV,https://p3-dcd.byteimg.com/motor-mis-img/bf8342d8a189d124677a62dd7d1cc16f~tplv-f042mdwyw7-original:tplv-resize:640:0.image?psm=motor.pc_sh.api,e7f285f3eb6b81d1d979f7aa,1,0,,01c1de3402fefefb7c459cda,dongchedi_usedcar_series,2026-07-08T22:04:53+08:00
3101,242,埃安,AION S,https://p9-dcd.byteimg.com/tos-cn-i-dcdx/a6f28e3efc814138a611eee1a1b806f6~tplv-resize:640:0.png?psm=motor.rank.data,dc5bfcd85668842944444595,3,2,,6b5992defae23a0933ff939c,dongchedi_ranking|dongchedi_usedcar_series,2026-07-08T22:04:53+08:00
3103,118,博速,博速 GLE,https://p3-dcd.byteimg.com/motor-mis-img/764c2f062f0c6e1b99c39f206b7893eb~tplv-f042mdwyw7-original:tplv-resize:640:0.image?psm=motor.pc_sh.api,42c3b434b44fa2aad377da2d,1,0,,455b6708b1ef42ba80b539ed,dongchedi_usedcar_series,2026-07-08T22:04:53+08:00
3106,1,大众,蔚揽PHEV,https://p3-dcd.byteimg.com/motor-mis-img/92e9206d54255eb7fabf7da2aef3c6f0~tplv-f042mdwyw7-original:tplv-resize:640:0.image?psm=motor.pc_sh.api,4d7238f34464cf47e902af1a,1,0,,720efc422ff1e432ea02287b,dongchedi_usedcar_series,2026-07-08T22:04:53+08:00
3115,2,奥迪,奥迪e-tron GT,https://p3-dcd.byteimg.com/motor-mis-img/35d33d3b6c4e53e809697caf25e811b5~tplv-f042mdwyw7-original:tplv-resize:640:0.image?psm=motor.pc_sh.api,972a07db381f38a1bb226c00,1,0,,9b876d4d52656860b845319d,dongchedi_usedcar_series,2026-07-08T22:04:53+08:00
3116,14,Jeep,角斗士,https://p3-dcd.byteimg.com/motor-mis-img/43406f2e79c38f5a0cb1e835bd21e9fd~tplv-f042mdwyw7-original:tplv-resize:640:0.image?psm=motor.pc_sh.api,5a5c838bae40d3feb39623ac,1,0,,5a87c820ce5c1331cfd837dc,dongchedi_usedcar_series,2026-07-08T22:04:53+08:00
3117,209,捷途,捷途X70S,https://p9-dcd.byteimg.com/motor-mis-img/8b8d652a6ea799ea116d0936242e8361~tplv-f042mdwyw7-original:tplv-resize:640:0.image?psm=motor.pc_sh.api,4625c47eaf8aa28046ae7697,1,0,,d6b3f9e6a0ebff9e003654ea,dongchedi_usedcar_series,2026-07-08T22:04:53+08:00
3121,73,吉利汽车,嘉际PHEV,https://p3-dcd.byteimg.com/motor-mis-img/ed2f8ad01d21e9717a6bc3b0d53fada6~tplv-f042mdwyw7-original:tplv-resize:640:0.image?psm=motor.pc_sh.api,5f485f4decbbe02dbc30327a,1,0,,dbfc33473b516c59179f464c,dongchedi_usedcar_series,2026-07-08T22:04:53+08:00
3126,171,长安凯程,长安凯程F70,https://p9-dcd.byteimg.com/motor-mis-img/38ff3253ce342f5417ed97f864abb41e~tplv-f042mdwyw7-original:tplv-resize:640:0.image?psm=motor.pc_sh.api,35b31a8e72f07b9afe619be6,1,0,,473869804202afeececd39e0,dongchedi_usedcar_series,2026-07-08T22:04:53+08:00
3131,1,大众,探岳GTE,https://p3-dcd.byteimg.com/tos-cn-i-dcdx/65b991b891ab4737b32c9155d43871ad~tplv-f042mdwyw7-original:tplv-resize:640:0.image?psm=motor.pc_sh.api,33808838f5bdb9175ec49145,1,0,,680efde1e2b5fd68775c837a,dongchedi_usedcar_series,2026-07-08T22:04:53+08:00
3142,1,大众,迈腾PHEV,https://p9-dcd.byteimg.com/tos-cn-i-dcdx/3322324756b1406f99cf0e65e341d4a2~tplv-resize:640:0.png?psm=motor.rank.data,5226a6050c3926eaf8e99c34,3,2,,18b9ca906abbcfb96d35766d,dongchedi_ranking|dongchedi_usedcar_series,2026-07-08T22:04:53+08:00
3143,1,大众,途锐PHEV,https://p3-dcd.byteimg.com/motor-mis-img/60b3d0048355827b0da130cb24b94280~tplv-f042mdwyw7-original:tplv-resize:640:0.image?psm=motor.pc_sh.api,5592c53e5242c38c233114d9,1,0,,1bdfb3cb530f967c32e58143,dongchedi_usedcar_series,2026-07-08T22:04:53+08:00
3144,174,领克,领克02 PHEV,https://p9-dcd.byteimg.com/motor-mis-img/a1c969b76a62b44be4bb15c02c7f6431~tplv-f042mdwyw7-original:tplv-resize:640:0.image?psm=motor.pc_sh.api,023e0cf370dc1b4504bbef38,1,0,,8c70b22089fcf4ca87d877cf,dongchedi_usedcar_series,2026-07-08T22:04:53+08:00
3147,1,大众,高尔夫·纯电,https://p3-dcd.byteimg.com/motor-mis-img/e13dc8d154e185a73f4bafbe2dc83dc2~tplv-f042mdwyw7-original:tplv-resize:640:0.image?psm=motor.pc_sh.api,cee3215d88e77f7df2515de4,1,0,,61639036f9c8796ea5348197,dongchedi_usedcar_series,2026-07-08T22:04:53+08:00
3151,108,大通,大通EV30,https://p3-dcd.byteimg.com/motor-mis-img/e9b0db1b997ae80b84d981f309b8de8d~tplv-f042mdwyw7-original:tplv-resize:640:0.image?psm=motor.pc_sh.api,d164d655d473f6ca30ecd86c,1,0,,45dd12de04a613886ef29ee3,dongchedi_usedcar_series,2026-07-08T22:04:53+08:00
3152,73,吉利汽车,星越,https://p3-dcd.byteimg.com/motor-mis-img/bcf573d3f0a314e4b257fa65b3c69496~tplv-f042mdwyw7-original:tplv-resize:640:0.image?psm=motor.pc_sh.api,73cfb5b9050d1ea8179fa8bc,1,0,,d9510e013f4cfba2064cb1d6,dongchedi_usedcar_series,2026-07-08T22:04:53+08:00
3153,108,大通,大通D60,https://p3-dcd.byteimg.com/motor-mis-img/8ad8e32b0d69a70470645d077a560c27~tplv-f042mdwyw7-original:tplv-resize:640:0.image?psm=motor.pc_sh.api,969486e6eb86701f1ee86f59,1,0,,4489c3b421f9f9536e60ae4f,dongchedi_usedcar_series,2026-07-08T22:04:53+08:00
3157,264,吉利几何,吉利几何A,https://p9-dcd.byteimg.com/motor-mis-img/ef638ed8ed491bd5bb2a12337d91faa9~tplv-resize:640:0.png?psm=motor.rank.data,5feaaa0690fd5e73a5694fc4,3,2,,f844d41eeeb421e62220cfa3,dongchedi_ranking|dongchedi_usedcar_series,2026-07-08T22:04:53+08:00
3158,68,北京汽车,北京EX5,https://p3-dcd.byteimg.com/motor-mis-img/ea816a2efab35d3d9c242e876757c4ac~tplv-f042mdwyw7-original:tplv-resize:640:0.image?psm=motor.pc_sh.api,42fafd320f11c6b52ed68276,1,0,,e4fba1280d4e081384803f37,dongchedi_usedcar_series,2026-07-08T22:04:53+08:00
3159,59,红旗,红旗HS5,https://p9-dcd.byteimg.com/tos-cn-i-dcdx/ab8b7403cc8b4fb9a988e66dc53d5163~tplv-resize:640:0.png?psm=motor.rank.data,8402ba286f558c98cd4b5d52,3,2,,998c6f031a0c73a6c6496a2a,dongchedi_ranking|dongchedi_usedcar_series,2026-07-08T22:04:53+08:00
3162,258,钧天汽车,钧天勇猛者,https://p9-dcd.byteimg.com/tos-cn-i-dcdx/4ed73033495244babb21ce96e3dd132c~tplv-f042mdwyw7-original:tplv-resize:640:0.image?psm=motor.pc_sh.api,0730a26e5113408bc82df34d,1,0,,f81eaca539b860759bff4a66,dongchedi_usedcar_series,2026-07-08T22:04:53+08:00
3164,30,凯迪拉克,凯迪拉克XT6,https://p9-dcd.byteimg.com/tos-cn-i-dcdx/c716defb3c7c4cb198ae4144b8168ed6~tplv-resize:640:0.png?psm=motor.rank.data,d9a323c7993500490865d056,3,2,,ea2510ddd16124fd01711866,dongchedi_ranking|dongchedi_usedcar_series,2026-07-08T22:04:53+08:00
3165,108,大通,大通V80房车,https://p3-dcd.byteimg.com/tos-cn-i-dcdx/850f273ef9674bc98450c3a6dde3f42b~tplv-f042mdwyw7-original:tplv-resize:640:0.image?psm=motor.pc_sh.api,0e7e5bc2c3a8a1f177fef755,1,0,,39d5aae64e3590cbf883379d,dongchedi_usedcar_series,2026-07-08T22:04:53+08:00
3166,196,Polestar极星,Polestar 2,https://p9-dcd.byteimg.com/tos-cn-i-dcdx/30377eee16ca4c25bacdb5e14ca94a5f~tplv-resize:640:0.png?psm=motor.rank.data,fed05fd30e46d0d20490f2fa,3,2,,1fecd4bc79567e65cfdf050e,dongchedi_ranking|dongchedi_usedcar_series,2026-07-08T22:04:53+08:00
3169,2,奥迪,奥迪A8 PHEV,https://p3-dcd.byteimg.com/motor-mis-img/28eed806d0652bc209a64857e1c07ca3~tplv-f042mdwyw7-original:tplv-resize:640:0.image?psm=motor.pc_sh.api,266cc3572d3c909504970115,1,0,,4140987cfae995085bff6dfa,dongchedi_usedcar_series,2026-07-08T22:04:53+08:00
3171,260,捷达,捷达VS5,https://p9-dcd.byteimg.com/tos-cn-i-dcdx/c375f1508b1e4ec6902a072796b540a2~tplv-resize:640:0.png?psm=motor.rank.data,b677f8d313e69e9b7edeca50,3,2,,b3fb7f34bcc55d61c83d460d,dongchedi_ranking|dongchedi_usedcar_series,2026-07-08T22:04:53+08:00
3172,260,捷达,捷达VA3,https://p9-dcd.byteimg.com/tos-cn-i-dcdx/841cd8c9a9664439847c319086da3523~tplv-resize:640:0.png?psm=motor.rank.data,ece38e181899b932ee4b0206,3,2,,fef16ed948472893b3832b9a,dongchedi_ranking|dongchedi_usedcar_series,2026-07-08T22:04:53+08:00
3174,16,比亚迪,比亚迪e1,https://p9-dcd.byteimg.com/motor-mis-img/71bb241f24d3e20b2ee3adca8b6559fe~tplv-f042mdwyw7-original:tplv-resize:640:0.image?psm=motor.pc_sh.api,a75b64a28b97689ae79c7d74,1,0,,868eea449bf929f0ae2d88ae,dongchedi_usedcar_series,2026-07-08T22:04:53+08:00
3175,4,宝马,宝马X3 M,https://p3-dcd.byteimg.com/motor-mis-img/3d799eb88a39e9e03c15019d97610bb5~tplv-f042mdwyw7-original:tplv-resize:640:0.image?psm=motor.pc_sh.api,0c9a39d42b7e0c4418b552bd,1,0,,e0c0652b14a7f7756d941df9,dongchedi_usedcar_series,2026-07-08T22:04:53+08:00
3176,4,宝马,宝马X4 M,https://p3-dcd.byteimg.com/tos-cn-i-dcdx/f362be7c7b1e4b918ce6c2c2ca78ba17~tplv-f042mdwyw7-original:tplv-resize:640:0.image?psm=motor.pc_sh.api,60a414503bac1c8f06e90382,1,0,,6c135cc747489fb21d15703e,dongchedi_usedcar_series,2026-07-08T22:04:53+08:00
3177,44,法拉利,法拉利F8,https://p3-dcd.byteimg.com/motor-mis-img/7317ac6a785b72073a9fbf24c1e26734~tplv-f042mdwyw7-original:tplv-resize:640:0.image?psm=motor.pc_sh.api,f7aa58b5474db563ca02fc1e,1,0,,895d2f1e62f8af46ec112ff9,dongchedi_usedcar_series,2026-07-08T22:04:53+08:00
3192,39,五菱汽车,五菱宏光V,https://p9-dcd.byteimg.com/motor-mis-img/7fd71a5d85ae9d488214be132d66f555~tplv-resize:640:0.png?psm=motor.rank.data,dce033bc64bd19f86ece7f2e,3,2,,528f6244e1d3ae0258067e4e,dongchedi_ranking|dongchedi_usedcar_series,2026-07-08T22:04:53+08:00
3194,3,奔驰,奔驰CL级AMG,https://p3-dcd.byteimg.com/motor-mis-img/77c91a989bb98cef9c75ddb8a7b48890~tplv-f042mdwyw7-original:tplv-resize:640:0.image?psm=motor.pc_sh.api,f415513003a644811502e0c1,1,0,,d332d8b258ff159083c1aad0,dongchedi_usedcar_series,2026-07-08T22:04:53+08:00
3195,16,比亚迪,宋Pro,https://p9-dcd.byteimg.com/motor-mis-img/f0060d3507bc0649b77a999aa133633d~tplv-f042mdwyw7-original:tplv-resize:640:0.image?psm=motor.pc_sh.api,88bded9af12a42da50653b73,1,0,,c27fa89a2976feac5022625b,dongchedi_usedcar_series,2026-07-08T22:04:53+08:00
3196,35,长安,长安CS75 PLUS,https://p9-dcd.byteimg.com/tos-cn-i-dcdx/9c588cfcdf8048d0a0cf1736baeccc39~tplv-resize:640:0.png?psm=motor.rank.data,67e933179c960b09a2e54d3d,3,2,,b489966ba00899a8a88f3d17,dongchedi_ranking|dongchedi_usedcar_series,2026-07-08T22:04:53+08:00
3245,26,三菱,Delica,https://p3-dcd.byteimg.com/motor-mis-img/a84d8aadc4c859e5a8f616f89e70ef6d~tplv-f042mdwyw7-original:tplv-resize:640:0.image?psm=motor.pc_sh.api,f1b6bab16e3c19dbf7775ce9,1,0,,d6586bd1acee9cc58988c24e,dongchedi_usedcar_series,2026-07-08T22:04:53+08:00
3258,49,悍马,悍马H1,https://p3-dcd.byteimg.com/motor-mis-img/11323288e7997eb62e7ab86d37a62c95~tplv-f042mdwyw7-original:tplv-resize:640:0.image?psm=motor.pc_sh.api,b1c6ba1a554c9f9ad120aeb5,1,0,,44de36b3ee1da5e27942899d,dongchedi_usedcar_series,2026-07-08T22:04:53+08:00
3264,61,标致,标致508,https://p3-dcd.byteimg.com/motor-mis-img/8b5f052588ebafa6237ff015268b1f5a~tplv-f042mdwyw7-original:tplv-resize:640:0.image?psm=motor.pc_sh.api,5f21e24ab8fd27eac9352f11,1,0,,f8ab516843dad8e0a199d468,dongchedi_usedcar_series,2026-07-08T22:04:53+08:00
3269,60,北汽昌河,北斗星X5,https://p9-dcd.byteimg.com/motor-mis-img/284863fa788b2183292c93861cde5263~tplv-f042mdwyw7-original:tplv-resize:640:0.image?psm=motor.pc_sh.api,a482a50f9ffe93f40196c30a,1,0,,91c439db813fce3db69ed8b4,dongchedi_usedcar_series,2026-07-08T22:04:53+08:00
3275,199,哪吒汽车,哪吒U,https://p9-dcd.byteimg.com/tos-cn-i-dcdx/a1d7a3c0d7394709bc0cd788e6c348a3~tplv-f042mdwyw7-original:tplv-resize:640:0.image?psm=motor.pc_sh.api,57f81466de5a2b168afce1b0,1,0,,1ee3968146598a2b3bde4cc1,dongchedi_usedcar_series,2026-07-08T22:04:53+08:00
3276,260,捷达,捷达VS7,https://p9-dcd.byteimg.com/tos-cn-i-dcdx/5062988c65aa4711bdcc12425ffa0e05~tplv-resize:640:0.png?psm=motor.rank.data,8213560e9875443ec5d19311,3,2,,93e50017d031dbd8709a98c5,dongchedi_ranking|dongchedi_usedcar_series,2026-07-08T22:04:53+08:00
3277,1,大众,朗逸纯电,https://p3-dcd.byteimg.com/motor-mis-img/929b29ee31fec0b53ed5d9fc185f83d2~tplv-f042mdwyw7-original:tplv-resize:640:0.image?psm=motor.pc_sh.api,18e03d43a20b5cffcfa88189,1,0,,a0c251fa7ed18b95d605921a,dongchedi_usedcar_series,2026-07-08T22:04:53+08:00
3278,1,大众,宝来·纯电,https://p3-dcd.byteimg.com/motor-mis-img/dcbb30a3957717b8ed4c2be87524bd5a~tplv-f042mdwyw7-original:tplv-resize:640:0.image?psm=motor.pc_sh.api,935cf23311cd15b1c10e115a,1,0,,73e00d45833ec353d6e59189,dongchedi_usedcar_series,2026-07-08T22:04:53+08:00
3279,108,大通,大通G20,https://p3-dcd.byteimg.com/motor-mis-img/fbaf1f27f26a49e3625ae674b6916cc8~tplv-f042mdwyw7-original:tplv-resize:640:0.image?psm=motor.pc_sh.api,2d472056e3415e3a21a73ff5,1,0,,947767598ac86fd150c136d3,dongchedi_usedcar_series,2026-07-08T22:04:53+08:00
3330,12,别克,昂科拉GX,https://p9-dcd.byteimg.com/motor-mis-img/3866263980c14633b88ae5f9d4823c56~tplv-f042mdwyw7-original:tplv-resize:640:0.image?psm=motor.pc_sh.api,6bef7ab579818f0cbedfca2c,1,0,,222172f1a8c228d0883b14e5,dongchedi_usedcar_series,2026-07-08T22:04:53+08:00
3332,8,长城,炮,https://p3-dcd.byteimg.com/tos-cn-i-dcdx/85991c100a5c4181a0082ccf9d4fd050~tplv-f042mdwyw7-original:tplv-resize:640:0.image?psm=motor.pc_sh.api,acb5c98a269be164a65c3de3,1,0,,2e033d28d2ccaec11ce7b8da,dongchedi_usedcar_series,2026-07-08T22:04:53+08:00
3334,7,福特,锐际,https://p9-dcd.byteimg.com/tos-cn-i-dcdx/a4a6a272b85547fd91a14d5e4ccc0d37~tplv-resize:640:0.png?psm=motor.rank.data,97aef1499b73a161b3017c96,3,2,,5558a7d1a920ae0d5977bf6c,dongchedi_ranking|dongchedi_usedcar_series,2026-07-08T22:04:53+08:00
3337,2,奥迪,奥迪Q2L e-tron,https://p3-dcd.byteimg.com/tos-cn-i-dcdx/d94add47067849a7bceb0dffdd19145a~tplv-f042mdwyw7-original:tplv-resize:640:0.image?psm=motor.pc_sh.api,2c4fc135de16f0c136e76721,1,0,,6a2b29bec04fcccee00a571d,dongchedi_usedcar_series,2026-07-08T22:04:53+08:00
3339,5,丰田,奕泽E进擎,https://p3-dcd.byteimg.com/tos-cn-i-dcdx/51374ea74dd348da89ff211b4f4e7574~tplv-f042mdwyw7-original:tplv-resize:640:0.image?psm=motor.pc_sh.api,92e5c79351e392f003df85a6,1,0,,ff7510623763377246880378,dongchedi_usedcar_series,2026-07-08T22:04:53+08:00
3341,6,雪佛兰,创界,https://p3-dcd.byteimg.com/motor-mis-img/e8ba282468b4b966a707923b0e17456b~tplv-f042mdwyw7-original:tplv-resize:640:0.image?psm=motor.pc_sh.api,d11de723b454d2256232d8e8,1,0,,a82ca377c524d0bfadc881b6,dongchedi_usedcar_series,2026-07-08T22:04:53+08:00
3344,366,宝骏,宝骏RC-5,https://p9-dcd.byteimg.com/motor-mis-img/a9ba76c337bc015ddac90cb25ad2ee15~tplv-f042mdwyw7-original:tplv-resize:640:0.image?psm=motor.pc_sh.api,ba72358cb1dec1d0a3543d94,1,0,,d93580b3cfaf598fd99455e4,dongchedi_usedcar_series,2026-07-08T22:04:53+08:00
3346,174,领克,领克03 PHEV,https://p9-dcd.byteimg.com/motor-mis-img/7b931011c106e2b125fd002b45591d33~tplv-f042mdwyw7-original:tplv-resize:640:0.image?psm=motor.pc_sh.api,89b3536f337ed5d8329bb718,1,0,,32cf34464339d6d3f286d081,dongchedi_usedcar_series,2026-07-08T22:04:53+08:00
3347,68,北京汽车,北京EX3,https://p3-dcd.byteimg.com/motor-mis-img/8f7efd07d70431529dba2f035bfb6359~tplv-f042mdwyw7-original:tplv-resize:640:0.image?psm=motor.pc_sh.api,ebbae3b9612aecc11cf60c24,1,0,,d7e69cd582c897bc2a34599e,dongchedi_usedcar_series,2026-07-08T22:04:53+08:00
3348,93,北汽新能源,北汽新能源EC5,https://p3-dcd.byteimg.com/motor-mis-img/98616e7cb6f26f3b0b5820aa8a4fc7b7~tplv-f042mdwyw7-original:tplv-resize:640:0.image?psm=motor.pc_sh.api,17c9267dcc46df8964db458f,1,0,,5a3f015cdd137c45118b8215,dongchedi_usedcar_series,2026-07-08T22:04:53+08:00
3349,68,北京汽车,北京EU7,https://p3-dcd.byteimg.com/motor-mis-img/a89ebb93dfc879c3e9a1ed65c37a7388~tplv-f042mdwyw7-original:tplv-resize:640:0.image?psm=motor.pc_sh.api,cf29640bd69a43eda673a530,1,0,,d25f0f5c294b00efe596cf55,dongchedi_usedcar_series,2026-07-08T22:04:53+08:00
3351,109,启辰,启辰D60 EV,https://p9-dcd.byteimg.com/motor-mis-img/9defc15eb235673157d66da8cbba5273~tplv-resize:640:0.png?psm=motor.rank.data,0fd27129dc3d48ee67d128c5,3,2,,1c1bf3d4a1c6b53f3f7c3daa,dongchedi_ranking|dongchedi_usedcar_series,2026-07-08T22:04:53+08:00
3352,195,小鹏汽车,小鹏P7,https://p9-dcd.byteimg.com/tos-cn-i-dcdx/7d0261ff50644213b56f6982fdacab0c~tplv-resize:640:0.png?psm=motor.rank.data,e56b38032ae68eaed0ada621,3,2,,8b279983f07dbe807a2f2f39,dongchedi_ranking|dongchedi_usedcar_series,2026-07-08T22:04:53+08:00
3354,22,雷克萨斯,雷克萨斯LM,https://p3-dcd.byteimg.com/tos-cn-i-dcdx/3bd9e9e8542642c49aabe60d7eda6f8f~tplv-f042mdwyw7-original:tplv-resize:640:0.image?psm=motor.pc_sh.api,738692f7c5bb21deba81512d,1,0,,e93136bc3c3aa0cb53c8f974,dongchedi_usedcar_series,2026-07-08T22:04:53+08:00
3355,24,沃尔沃,沃尔沃XC40,https://p9-dcd.byteimg.com/tos-cn-i-dcdx/165c411572eb454c894fa8363db5f915~tplv-resize:640:0.png?psm=motor.rank.data,69737b9e0383a385bb614c11,3,2,,394c9e3a268d69df3ee6a597,dongchedi_ranking|dongchedi_usedcar_series,2026-07-08T22:04:53+08:00
3357,171,长安凯程,睿行M60,https://p9-dcd.byteimg.com/tos-cn-i-dcdx/07d162af10a24a0f833485252021123e~tplv-f042mdwyw7-original:tplv-resize:640:0.image?psm=motor.pc_sh.api,412bceef5787b4b028bc8276,1,0,,2ad0292beaa8c584708b3187,dongchedi_usedcar_series,2026-07-08T22:04:53+08:00
3359,12,别克,微蓝6,https://p9-dcd.byteimg.com/tos-cn-i-dcdx/878a489c1fc54377b34bffe0ed76b4c7~tplv-resize:640:0.png?psm=motor.rank.data,faa964155ba93915a5c0cad7,3,2,,973551cd7fdb5d450b90ef8e,dongchedi_ranking|dongchedi_usedcar_series,2026-07-08T22:04:53+08:00
3360,3,奔驰,奔驰A级AMG,https://p3-dcd.byteimg.com/tos-cn-i-dcdx/e551f71c4f894eb08bf847fcd9fe86e1~tplv-f042mdwyw7-original:tplv-resize:640:0.image?psm=motor.pc_sh.api,f32020f7ab65f022e87eaea6,1,0,,da9f222e491b5a26cae8cbcb,dongchedi_usedcar_series,2026-07-08T22:04:53+08:00
3364,246,大乘汽车,大乘G60S,https://p3-dcd.byteimg.com/motor-mis-img/cdd8aa521a426c9800c98af94019e5b4~tplv-f042mdwyw7-original:tplv-resize:640:0.image?psm=motor.pc_sh.api,4d8ead34629f975aa459250d,1,0,,f4310307b9c742309aaeca54,dongchedi_usedcar_series,2026-07-08T22:04:53+08:00
3365,37,东风风神,奕炫,https://p9-dcd.byteimg.com/tos-cn-i-dcdx/7c4ee87c39a84ba39339b188b7ffe322~tplv-resize:640:0.png?psm=motor.rank.data,de64a3675bc6cb21c68ae8fa,3,2,,3fe472bd60b25f4a65a364c0,dongchedi_ranking|dongchedi_usedcar_series,2026-07-08T22:04:53+08:00
3366,95,东风风光,风光E3,https://p9-dcd.byteimg.com/motor-mis-img/5d8239f3c0e1b3c8e2f32dc007831163~tplv-f042mdwyw7-original:tplv-resize:640:0.image?psm=motor.pc_sh.api,121d2f5d0294ce6ca0c64d0f,1,0,,6e9b660eb148498f54f63d4f,dongchedi_usedcar_series,2026-07-08T22:04:53+08:00
3369,46,雷诺,雷诺 e诺,https://p3-dcd.byteimg.com/motor-mis-img/0deb0200793f3dfb80e73fbc7e787504~tplv-f042mdwyw7-original:tplv-resize:640:0.image?psm=motor.pc_sh.api,abd7068d38694f0665da5b51,1,0,,e794eb0270de9f88f6ee5bde,dongchedi_usedcar_series,2026-07-08T22:04:53+08:00
3378,11,现代,领动PHEV,https://p9-dcd.byteimg.com/motor-mis-img/55d9bbf5f543a0506355ecad4dd41018~tplv-f042mdwyw7-original:tplv-resize:640:0.image?psm=motor.pc_sh.api,c8d18096e1390e9c64714912,1,0,,352d48b1031758d3af1e8e45,dongchedi_usedcar_series,2026-07-08T22:04:53+08:00
3381,36,荣威,荣威RX5 MAX,https://p3-dcd.byteimg.com/motor-mis-img/4ade8f729027c71151555327119249d1~tplv-f042mdwyw7-original:tplv-resize:640:0.image?psm=motor.pc_sh.api,f8b5206d08a2995e48b13060,1,0,,f0965476128fc669830196c7,dongchedi_usedcar_series,2026-07-08T22:04:53+08:00
3387,461,奇瑞新能源,瑞虎e,https://p3-dcd.byteimg.com/motor-mis-img/47395e6141c3888a30ff8334b3a430d1~tplv-f042mdwyw7-original:tplv-resize:640:0.image?psm=motor.pc_sh.api,cfd70ae0e7bdc0eba28d024c,1,0,,1aa5ed210dc369c5467e49d2,dongchedi_usedcar_series,2026-07-08T22:04:53+08:00
3389,119,长安欧尚,长安欧尚X7,https://p3-dcd.byteimg.com/motor-mis-img/29d58b0f1c780f37dbf2e38d1bfc211d~tplv-f042mdwyw7-original:tplv-resize:640:0.image?psm=motor.pc_sh.api,1a94642d75d091512001b2c7,1,0,,e793d45c5668224946e87569,dongchedi_usedcar_series,2026-07-08T22:04:53+08:00
3390,68,北京汽车,北京X3,https://p3-dcd.byteimg.com/motor-mis-img/27ad63e66aeee5588426a0ff56451c29~tplv-f042mdwyw7-original:tplv-resize:640:0.image?psm=motor.pc_sh.api,1690a642801083719d4ebae8,1,0,,8f39bb157f6d6c16b6b81e9a,dongchedi_usedcar_series,2026-07-08T22:04:53+08:00
3393,100,江铃,域虎9,https://p3-dcd.byteimg.com/motor-mis-img/a4995752f83e52cfc94447df88610af7~tplv-f042mdwyw7-original:tplv-resize:640:0.image?psm=motor.pc_sh.api,87cdc8c925c0ff20867244a2,1,0,,780b83be5122c460d2c1aa70,dongchedi_usedcar_series,2026-07-08T22:04:53+08:00
3398,185,威马汽车,威马W6,https://p3-dcd.byteimg.com/motor-mis-img/e4399ede36e1a5443d96e2dd7188cab8~tplv-f042mdwyw7-original:tplv-resize:640:0.image?psm=motor.pc_sh.api,987a309f74c8cdc08c08d273,1,0,,1b0198c4d0e0b2b6e433d209,dongchedi_usedcar_series,2026-07-08T22:04:53+08:00
3408,266,国机智骏,国机智骏GX5,https://p3-dcd.byteimg.com/motor-mis-img/d82d94ee62b66a881f61ae95ad0544d3~tplv-f042mdwyw7-original:tplv-resize:640:0.image?psm=motor.pc_sh.api,7c184210bdf6fc659ff0137c,1,0,,b203e0de359641c4cf1be14c,dongchedi_usedcar_series,2026-07-08T22:04:53+08:00
3409,266,国机智骏,国机智骏GC1,https://p3-dcd.byteimg.com/motor-mis-img/1fc424ba1769179dc31bbfc7bd24c272~tplv-f042mdwyw7-original:tplv-resize:640:0.image?psm=motor.pc_sh.api,56fc4d45b4aedb86ed6ad283,1,0,,43ee6eff10508af2be9bb218,dongchedi_usedcar_series,2026-07-08T22:04:53+08:00
3437,1,大众,揽境,https://p9-dcd.byteimg.com/tos-cn-i-dcdx/eeac6dcca5d34e10aff8e0e2d7f973de~tplv-resize:640:0.png?psm=motor.rank.data,199501eb0ba3c1ba52013309,3,2,,9b31918d0353b993ffa840ca,dongchedi_ranking|dongchedi_usedcar_series,2026-07-08T22:04:53+08:00
3441,108,大通,新途V90,https://p3-dcd.byteimg.com/motor-mis-img/0dbb2d53a6b0436c870a997e2f87b714~tplv-f042mdwyw7-original:tplv-resize:640:0.image?psm=motor.pc_sh.api,9de210493a345466385318b6,1,0,,d75cba5d0db3dfae062935e7,dongchedi_usedcar_series,2026-07-08T22:04:53+08:00
3452,109,启辰,启辰e30,https://p3-dcd.byteimg.com/motor-mis-img/30a646d6e4aba66fe6d6309c9e4f498a~tplv-f042mdwyw7-original:tplv-resize:640:0.image?psm=motor.pc_sh.api,968b76b939e08e6fc3260f95,1,0,,f4f8d73004d487b3d69aabd8,dongchedi_usedcar_series,2026-07-08T22:04:53+08:00
3455,16,比亚迪,比亚迪e2,https://p9-dcd.byteimg.com/tos-cn-i-dcdx/b8781cd4b8d749f997db471d7ee5b563~tplv-resize:640:0.png?psm=motor.rank.data,cf3cc421f341763b520b7497,3,2,,f28792ca2b90f8ffa89798fa,dongchedi_ranking|dongchedi_usedcar_series,2026-07-08T22:04:53+08:00
3463,174,领克,领克05,https://p9-dcd.byteimg.com/tos-cn-i-dcdx/8e49b33114d54fc8b11392e2ffdf0c36~tplv-f042mdwyw7-original:tplv-resize:640:0.image?psm=motor.pc_sh.api,f29ccf6a761a051c8b559d20,1,0,,38c3e8dd35aa40ee53d522f6,dongchedi_usedcar_series,2026-07-08T22:04:53+08:00
3464,108,大通,大通EUNIQ 6,https://p3-dcd.byteimg.com/motor-mis-img/eea0af8eaac3b4a0e837ec1c1833bd6d~tplv-f042mdwyw7-original:tplv-resize:640:0.image?psm=motor.pc_sh.api,fc2c63497beef0c35a319fff,1,0,,dc425262f79d1c23824164de,dongchedi_usedcar_series,2026-07-08T22:04:53+08:00
3468,108,大通,大通EUNIQ 5,https://p3-dcd.byteimg.com/motor-mis-img/8da0b858ee54096f009be265dc14a11f~tplv-f042mdwyw7-original:tplv-resize:640:0.image?psm=motor.pc_sh.api,3d304f82af565b4a70612e8a,1,0,,588d909152c0dc8d245ce223,dongchedi_usedcar_series,2026-07-08T22:04:53+08:00
3469,8,长城,炮EV,https://p3-dcd.byteimg.com/motor-mis-img/cd572fcae15d8f970e61c968f299aa11~tplv-f042mdwyw7-original:tplv-resize:640:0.image?psm=motor.pc_sh.api,a431c3cd6afd8bb10f3b1a90,1,0,,9b9654f2fd81433a07d3e7da,dongchedi_usedcar_series,2026-07-08T22:04:53+08:00
3474,27,奔腾,奔腾T99,https://p9-dcd.byteimg.com/tos-cn-i-dcdx/c824422f6b304aa381f609de73f94fc3~tplv-f042mdwyw7-original:tplv-resize:640:0.image?psm=motor.pc_sh.api,88fcebad0e488daa2870b59e,1,0,,240e7f30f271fc9e4d2467d4,dongchedi_usedcar_series,2026-07-08T22:04:53+08:00
3475,108,大通,大通T70,https://p3-dcd.byteimg.com/motor-mis-img/06973384e5e3c82b667ebc46cd59a511~tplv-f042mdwyw7-original:tplv-resize:640:0.image?psm=motor.pc_sh.api,a7d3671fd064b0460e167e17,1,0,,c7bb155ce35f3ed97c14ee77,dongchedi_usedcar_series,2026-07-08T22:04:53+08:00
3476,73,吉利汽车,星瑞,https://p9-dcd.byteimg.com/tos-cn-i-dcdx/0bd351ca4fbb43e88ce265d8f0b869fb~tplv-resize:640:0.png?psm=motor.rank.data,3122ea27354f544fbfe3988e,3,2,,a05a37859804aad87a5b39c1,dongchedi_ranking|dongchedi_usedcar_series,2026-07-08T22:04:53+08:00
3478,112,蔚来,蔚来ET7,https://p9-dcd.byteimg.com/tos-cn-i-dcdx/044f2a2afda542c68162110525721908~tplv-resize:640:0.png?psm=motor.rank.data,7d7bf63cd1f5481f0ed497d0,3,2,,7dc4d1f44442b739dbc0f998,dongchedi_ranking|dongchedi_usedcar_series,2026-07-08T22:04:53+08:00
3480,105,思铭,东风本田X-NV,https://p9-dcd.byteimg.com/motor-mis-img/9ba4bdf407568878269fa3d35f3468be~tplv-f042mdwyw7-original:tplv-resize:640:0.image?psm=motor.pc_sh.api,847ad2265914601879336485,1,0,,9d2278ebf946d2c3c9118e74,dongchedi_usedcar_series,2026-07-08T22:04:53+08:00
3503,242,埃安,AION LX,https://p9-dcd.byteimg.com/motor-mis-img/dbf23140365cfdd6d48480c3fd5bbe46~tplv-resize:640:0.png?psm=motor.rank.data,3b63c657d4a1bac2701f1350,3,2,,f99bd18f5cbc7b7ddbc3d590,dongchedi_ranking|dongchedi_usedcar_series,2026-07-08T22:04:53+08:00
3504,16,比亚迪,宋Pro DM,https://p9-dcd.byteimg.com/tos-cn-i-dcdx/a1d1f6d0748e45188828a777eb62376f~tplv-resize:640:0.png?psm=motor.rank.data,8f75f00d2eb28471e8f784e9,3,2,,3863148d827cda6b12be55e8,dongchedi_ranking|dongchedi_usedcar_series,2026-07-08T22:04:53+08:00
3505,16,比亚迪,宋Pro EV,https://p9-dcd.byteimg.com/motor-mis-img/295996c6ec70d997d237cd7597edd1af~tplv-f042mdwyw7-original:tplv-resize:640:0.image?psm=motor.pc_sh.api,7ce8b742423cf9c5daa73a81,1,0,,c13dbb2ac6ef5ec4615d29d2,dongchedi_usedcar_series,2026-07-08T22:04:53+08:00
3522,6,雪佛兰,Express,https://p3-dcd.byteimg.com/tos-cn-i-dcdx/cee5e588def644419eafe887c5ba3e14~tplv-f042mdwyw7-original:tplv-resize:640:0.image?psm=motor.pc_sh.api,411bd9a2c4ebfc8d023691b9,1,0,,8794bf24a6cebfab687ef515,dongchedi_usedcar_series,2026-07-08T22:04:53+08:00
3527,11,现代,帕里斯帝,https://p9-dcd.byteimg.com/tos-cn-i-dcdx/ac488ec32e6e4a019f3c298bb0d05e22~tplv-f042mdwyw7-original:tplv-resize:640:0.image?psm=motor.pc_sh.api,e8d435d521dbf1e9eeca0779,1,0,,ff20e7df660688aeee066b7a,dongchedi_usedcar_series,2026-07-08T22:04:53+08:00
3528,14,Jeep,大指挥官PHEV,https://p3-dcd.byteimg.com/motor-mis-img/1d87572ad682ce3e594ecec904959dab~tplv-f042mdwyw7-original:tplv-resize:640:0.image?psm=motor.pc_sh.api,c16bcb4ba36db2e580a30456,1,0,,a57fc7aa47219adf225d0e89,dongchedi_usedcar_series,2026-07-08T22:04:53+08:00
3564,127,恒天,恒天L4600,https://p3-dcd.byteimg.com/motor-mis-img/adc43f794526260f337fc8dbd1551694~tplv-f042mdwyw7-original:tplv-resize:640:0.image?psm=motor.pc_sh.api,4bc23070b37847fe09c57350,1,0,,142d6712240e32c275c9eedf,dongchedi_usedcar_series,2026-07-08T22:04:53+08:00
3595,73,吉利汽车,星越PHEV,https://p3-dcd.byteimg.com/motor-mis-img/af2fab6466bd9e4bd2d83cadcfa87984~tplv-f042mdwyw7-original:tplv-resize:640:0.image?psm=motor.pc_sh.api,fa51eb844c4df3e04476863c,1,0,,e0e9e5c00cdff6c354ce4e26,dongchedi_usedcar_series,2026-07-08T22:04:53+08:00
3663,20,保时捷,Taycan,https://p9-dcd.byteimg.com/tos-cn-i-dcdx/4c80f5e1b47b4b399502b8b947ef3f31~tplv-f042mdwyw7-original:tplv-resize:640:0.image?psm=motor.pc_sh.api,c374a81b11506ce2342576a1,1,0,,0980b4c3ea5fa0c32408212d,dongchedi_usedcar_series,2026-07-08T22:04:53+08:00
3672,73,吉利汽车,豪越,https://p3-dcd.byteimg.com/motor-mis-img/06bdb2d5a56fc66b44c98181ac66b458~tplv-f042mdwyw7-original:tplv-resize:640:0.image?psm=motor.pc_sh.api,a9f0cbb60f7e9d6aac39627f,1,0,,4254c86b8f26d1bbbf4bd396,dongchedi_usedcar_series,2026-07-08T22:04:53+08:00
3690,36,荣威,荣威RX9,https://p3-dcd.byteimg.com/tos-cn-i-dcdx/7118e0bee36049a283022e08e4995b36~tplv-f042mdwyw7-original:tplv-resize:640:0.image?psm=motor.pc_sh.api,40b10e6537893ca22411c4c0,1,0,,d0bce8e621aeb8cc1b53a614,dongchedi_usedcar_series,2026-07-08T22:04:53+08:00
3692,57,福田,祥菱M,https://p9-dcd.byteimg.com/motor-mis-img/dd1a7d1289f9d8774e0a2281aba2b49e~tplv-f042mdwyw7-original:tplv-resize:640:0.image?psm=motor.pc_sh.api,8d0c10986299205857aaf8c7,1,0,,ff27d128cd51ca25d6d3f4f9,dongchedi_usedcar_series,2026-07-08T22:04:53+08:00
3706,73,吉利汽车,缤越PHEV,https://p3-dcd.byteimg.com/motor-mis-img/985525a3c5e4e0650af26a045971bc2f~tplv-f042mdwyw7-original:tplv-resize:640:0.image?psm=motor.pc_sh.api,6881a56e622bc35e012cfbcc,1,0,,19cd11e5b4e5c63f48d5161e,dongchedi_usedcar_series,2026-07-08T22:04:53+08:00
3708,4,宝马,宝马X2,https://p3-dcd.byteimg.com/tos-cn-i-dcdx/cf2391d88d57400ea42dbe95063823a7~tplv-f042mdwyw7-original:tplv-resize:640:0.image?psm=motor.pc_sh.api,6e8ef7476b00558b0d1db93d,1,0,,f0975e8a1d4812790ec39291,dongchedi_usedcar_series,2026-07-08T22:04:53+08:00
3710,36,荣威,CLEVER,https://p3-dcd.byteimg.com/motor-mis-img/0df783917aab490ada07cd607aa9dedf~tplv-f042mdwyw7-original:tplv-resize:640:0.image?psm=motor.pc_sh.api,bb85210d048b3c7e6131e48c,1,0,,6ac45303b069d2cf075465a4,dongchedi_usedcar_series,2026-07-08T22:04:53+08:00
3711,3,奔驰,迈巴赫GLS,https://p3-dcd.byteimg.com/tos-cn-i-dcdx/a92f05f04f30422782e238ee3a8dd6f1~tplv-f042mdwyw7-original:tplv-resize:640:0.image?psm=motor.pc_sh.api,44a752a1782822a9907ec3ba,1,0,,2dc95df7c61732ee7f7eede9,dongchedi_usedcar_series,2026-07-08T22:04:53+08:00
3714,66,魏牌,魏牌 VV7 PHEV,https://p3-dcd.byteimg.com/motor-mis-img/978aaa814237265ed6c89ae6906e38a6~tplv-f042mdwyw7-original:tplv-resize:640:0.image?psm=motor.pc_sh.api,3d7e688fa9300be0eba85970,1,0,,3dc47b38df5aa8424fd7b8b8,dongchedi_usedcar_series,2026-07-08T22:04:53+08:00
3719,3,奔驰,奔驰EQC,https://p3-dcd.byteimg.com/motor-mis-img/af9519c896135b4d911ee16d8d22743f~tplv-f042mdwyw7-original:tplv-resize:640:0.image?psm=motor.pc_sh.api,857d6ba5b3a989f9ab59733c,1,0,,2258e82ce8cd63bbe2062638,dongchedi_usedcar_series,2026-07-08T22:04:53+08:00
3720,251,星途,星途揽月,https://p9-dcd.byteimg.com/tos-cn-i-dcdx/434b88ca6aee44ad91a3b179105176dc~tplv-resize:640:0.png?psm=motor.rank.data,1800cbda817cd9647c8b2f88,3,2,,b1d3030eb4e1307352e2492a,dongchedi_ranking|dongchedi_usedcar_series,2026-07-08T22:04:53+08:00
3721,157,SWM斯威汽车,斯威G05,https://p9-dcd.byteimg.com/tos-cn-i-dcdx/81bb497225c24e9c92d2e631df27b9ca~tplv-resize:640:0.png?psm=motor.rank.data,c4a7443bd4c147204525afa9,3,2,,36d47e5e67fe539499aebc6f,dongchedi_ranking|dongchedi_usedcar_series,2026-07-08T22:04:53+08:00
3722,27,奔腾,奔腾T33,https://p9-dcd.byteimg.com/motor-mis-img/3621d8fc628707ebe0f22bfccf2993a1~tplv-f042mdwyw7-original:tplv-resize:640:0.image?psm=motor.pc_sh.api,0cc8a1724a1da1faf66b931a,1,0,,9ceddd00599c2d98b421325b,dongchedi_usedcar_series,2026-07-08T22:04:53+08:00
3724,55,DS,DS 9,https://p9-dcd.byteimg.com/motor-mis-img/fc67d704cb45ca837dc5130b5cc62498~tplv-f042mdwyw7-original:tplv-resize:640:0.image?psm=motor.pc_sh.api,d1a84eb3d6a9103dacb29259,1,0,,6f70d21578997aefd4bf86e4,dongchedi_usedcar_series,2026-07-08T22:04:53+08:00
3726,44,法拉利,法拉利SF90,https://p3-dcd.byteimg.com/motor-mis-img/a0d44e2e6419aef9ea1c5c72e62d8312~tplv-f042mdwyw7-original:tplv-resize:640:0.image?psm=motor.pc_sh.api,9591e237727d0d89f041ae3d,1,0,,735a7240c25be3018ea8af6d,dongchedi_usedcar_series,2026-07-08T22:04:53+08:00
3734,366,宝骏,宝骏RM-5,https://p9-dcd.byteimg.com/motor-mis-img/03a70ca2d9fcc37f97a063d5cd76167d~tplv-f042mdwyw7-original:tplv-resize:640:0.image?psm=motor.pc_sh.api,5745bd260ccde0843aca44ff,1,0,,5bf2928fe193e7ea196f35d4,dongchedi_usedcar_series,2026-07-08T22:04:53+08:00
3735,32,江汽集团,嘉悦A5,https://p3-dcd.byteimg.com/motor-mis-img/6f4cc37bc9e7e0c82b325c60dcb77024~tplv-f042mdwyw7-original:tplv-resize:640:0.image?psm=motor.pc_sh.api,7c41d90f9da7c84805158c8e,1,0,,876da43f11567f15600e164b,dongchedi_usedcar_series,2026-07-08T22:04:53+08:00
3736,30,凯迪拉克,凯迪拉克CT5,https://p9-dcd.byteimg.com/tos-cn-i-dcdx/b02f0aab2a354982a67d5e16c598eeed~tplv-resize:640:0.png?psm=motor.rank.data,60edc5351c73dff6b6807af2,3,2,,c537d89721c655b1b0eb3353,dongchedi_ranking|dongchedi_usedcar_series,2026-07-08T22:04:53+08:00
3739,366,宝骏,宝骏RC-6,https://p9-dcd.byteimg.com/motor-mis-img/ab2e845bbdae2917e2e59dfb100e30e7~tplv-f042mdwyw7-original:tplv-resize:640:0.image?psm=motor.pc_sh.api,ce8dc9def13f65eb02ee530e,1,0,,83944b798e0f1546fc83cb30,dongchedi_usedcar_series,2026-07-08T22:04:53+08:00
3742,57,福田,风景G5,https://p9-dcd.byteimg.com/motor-mis-img/4b2ca1d36fdb2b2b8dc360db74ec5152~tplv-f042mdwyw7-original:tplv-resize:640:0.image?psm=motor.pc_sh.api,a3f0260e4882282f7668b5ce,1,0,,d936ddb94deceff97ece8fac,dongchedi_usedcar_series,2026-07-08T22:04:53+08:00
3746,282,雷丁,雷丁i5,https://p3-dcd.byteimg.com/motor-mis-img/0edd2c647ceb974f14a52eae4f53ced1~tplv-f042mdwyw7-original:tplv-resize:640:0.image?psm=motor.pc_sh.api,48a3be9b8c1ea3d106b10a56,1,0,,0a6885672cfd1432c114bcdb,dongchedi_usedcar_series,2026-07-08T22:04:53+08:00
3754,119,长安欧尚,长安欧尚科赛5,https://p3-dcd.byteimg.com/motor-mis-img/78d78417af5d12637921195bd1513548~tplv-f042mdwyw7-original:tplv-resize:640:0.image?psm=motor.pc_sh.api,b5b7f160e5add28f5b9ceed1,1,0,,bbecd42442a800c980a79071,dongchedi_usedcar_series,2026-07-08T22:04:53+08:00
3757,306,谢尔比,谢尔比GTE,https://p3-dcd.byteimg.com/motor-mis-img/a72fbf41ffbf2b25d44592688ba60d75~tplv-f042mdwyw7-original:tplv-resize:640:0.image?psm=motor.pc_sh.api,9eb9b2c547fdfa818f0dddd8,1,0,,9fe2fe0d848f6fc7af56e389,dongchedi_usedcar_series,2026-07-08T22:04:53+08:00
3758,86,迈凯伦,迈凯伦GT,https://p3-dcd.byteimg.com/motor-mis-img/c5c54def79d8d79ba8142b544b203a48~tplv-f042mdwyw7-original:tplv-resize:640:0.image?psm=motor.pc_sh.api,22b0b82c92a40784dc69ea20,1,0,,5dbcdf28c96389d86a94cafe,dongchedi_usedcar_series,2026-07-08T22:04:53+08:00
3759,11,现代,菲斯塔 纯电动,https://p9-dcd.byteimg.com/motor-mis-img/6def6668eda5c8d394c50bffbcb0c134~tplv-f042mdwyw7-original:tplv-resize:640:0.image?psm=motor.pc_sh.api,fb66b2523aa64bfff4d9fef6,1,0,,7f42321835f5b666bd977cad,dongchedi_usedcar_series,2026-07-08T22:04:53+08:00
3762,63,特斯拉,Model 3,https://p9-dcd.byteimg.com/tos-cn-i-dcdx/f1cb1d06a54f44e0a4b8c7eefd1791cd~tplv-resize:640:0.png?psm=motor.rank.data,85c97adf79a78aa795b121c7,3,2,,ecbbbeeb138cc8a66ce90dc0,dongchedi_ranking|dongchedi_usedcar_series,2026-07-08T22:04:53+08:00
3766,308,远程汽车,远程E5,https://p9-dcd.byteimg.com/motor-mis-img/28ad6c0ccd1ad0b962285d49668eb55c~tplv-f042mdwyw7-original:tplv-resize:640:0.image?psm=motor.pc_sh.api,de3c827c68d6a3ad8bc435a5,1,0,,d688f575c4f3f26598826077,dongchedi_usedcar_series,2026-07-08T22:04:53+08:00
3767,308,远程汽车,远程星享E6,https://p9-dcd.byteimg.com/tos-cn-i-dcdx/a77ee56e61ab4c98befda215ffcc867b~tplv-f042mdwyw7-original:tplv-resize:640:0.image?psm=motor.pc_sh.api,bf8e2ee4592788b456b558aa,1,0,,60adcdb20b78f2c376a0353b,dongchedi_usedcar_series,2026-07-08T22:04:53+08:00
3797,49,悍马,悍马HX,https://p3-dcd.byteimg.com/motor-mis-img/9d9a31005adfee53edde03ccf333d1b4~tplv-f042mdwyw7-original:tplv-resize:640:0.image?psm=motor.pc_sh.api,e518836af55ce1a7e865a7b7,1,0,,8275ed8dfe162fc1a8a00eae,dongchedi_usedcar_series,2026-07-08T22:04:53+08:00
3801,59,红旗,红旗H5 PHEV,https://p9-dcd.byteimg.com/tos-cn-i-dcdx/f24bd38b015840f588c5179d9dee6a0c~tplv-resize:640:0.png?psm=motor.rank.data,1419352196cec27036183f5d,3,2,,25dd999268cb849f8c09e883,dongchedi_ranking|dongchedi_usedcar_series,2026-07-08T22:04:53+08:00
3805,106,五十铃,庆铃五十铃T17,https://p3-dcd.byteimg.com/motor-mis-img/a6c9baec564bdfb517c193995a2924c6~tplv-f042mdwyw7-original:tplv-resize:640:0.image?psm=motor.pc_sh.api,671aa8c1b8ad4b6956b11335,1,0,,a32036544d654743f0c324a4,dongchedi_usedcar_series,2026-07-08T22:04:53+08:00
3807,51,阿尔法·罗密欧,Tonale托纳利,https://p9-dcd.byteimg.com/tos-cn-i-dcdx/66ee948b99ac45649b9e22a7b91cd9ec~tplv-f042mdwyw7-original:tplv-resize:640:0.image?psm=motor.pc_sh.api,8758a5f5fa91c02b38c3e69d,1,0,,b48bf3b39b70673212944f10,dongchedi_usedcar_series,2026-07-08T22:04:53+08:00
3832,15,马自达,马自达RX-7,https://p3-dcd.byteimg.com/tos-cn-i-dcdx/12d210b24dfb4d6682cb69cf5cbea566~tplv-f042mdwyw7-original:tplv-resize:640:0.image?psm=motor.pc_sh.api,291ccfa172c89ec423c7898d,1,0,,548ffcb28a090af0e9a1c8d6,dongchedi_usedcar_series,2026-07-08T22:04:53+08:00
3854,67,一汽,森雅R8,https://p9-dcd.byteimg.com/motor-mis-img/067f47a92f04e6277b65d89dde179938~tplv-f042mdwyw7-original:tplv-resize:640:0.image?psm=motor.pc_sh.api,fca16005ce21c156a639993a,1,0,,e34c0b83239890351f71d770,dongchedi_usedcar_series,2026-07-08T22:04:53+08:00
3873,159,腾势,腾势X PHEV,https://p9-dcd.byteimg.com/motor-mis-img/3446772365f667bfeac113d3b0d641c5~tplv-f042mdwyw7-original:tplv-resize:640:0.image?psm=motor.pc_sh.api,5ade4dc15d50ed845eaf6c9d,1,0,,71fd1570764ab956cf23ad24,dongchedi_usedcar_series,2026-07-08T22:04:53+08:00
3913,304,车驰汽车,车驰Daily,https://p9-dcd.byteimg.com/motor-mis-img/e384fdfb9c487c3354bb939d06edd8e3~tplv-f042mdwyw7-original:tplv-resize:640:0.image?psm=motor.pc_sh.api,5e64ce2fd6c95c7c01033341,1,0,,76825812a427e3f6275bad08,dongchedi_usedcar_series,2026-07-08T22:04:53+08:00
3921,7,福特,福克斯Active,https://p3-dcd.byteimg.com/motor-mis-img/068c009dd695cffd99c19ae062b4e9f1~tplv-f042mdwyw7-original:tplv-resize:640:0.image?psm=motor.pc_sh.api,107fc3da82df6d7ce8f5bd6a,1,0,,1c1a0f70a7668e517ff713a6,dongchedi_usedcar_series,2026-07-08T22:04:53+08:00
3928,3,奔驰,奔驰GLB,https://p9-dcd.byteimg.com/tos-cn-i-dcdx/05ab32d0a1b6462fa97ed1ecb0b2b183~tplv-resize:640:0.png?psm=motor.rank.data,45f4157fbe51e3017bbf54c8,3,2,,169d10421d4e956ed9f8402d,dongchedi_ranking|dongchedi_usedcar_series,2026-07-08T22:04:53+08:00
3932,3,奔驰,奔驰EQB,https://p9-dcd.byteimg.com/tos-cn-i-dcdx/6248b7820b1e454d882f85606981367e~tplv-resize:640:0.png?psm=motor.rank.data,b0bf51c345f0695b7fd0e1f1,3,2,,4ed7496c41acd66604fe6465,dongchedi_ranking|dongchedi_usedcar_series,2026-07-08T22:04:53+08:00
3935,3,奔驰,奔驰GLB AMG,https://p3-dcd.byteimg.com/tos-cn-i-dcdx/cd5382106a424c16903d25940801be99~tplv-f042mdwyw7-original:tplv-resize:640:0.image?psm=motor.pc_sh.api,ed6f201cca047dfcf2fa7844,1,0,,ebfe2bfb9ea9c092d743d810,dongchedi_usedcar_series,2026-07-08T22:04:53+08:00
3939,52,北京越野,北京F40,https://p3-dcd.byteimg.com/motor-mis-img/9f77fda996572129b77f0a0094ebabea~tplv-f042mdwyw7-original:tplv-resize:640:0.image?psm=motor.pc_sh.api,af2d69d38b42f4b02ddddf91,1,0,,776d46076e39c2b8928f86c0,dongchedi_usedcar_series,2026-07-08T22:04:53+08:00
3957,133,金旅,领特,https://p3-dcd.byteimg.com/motor-mis-img/3c40d87720f31a889eae08e48dfb5723~tplv-f042mdwyw7-original:tplv-resize:640:0.image?psm=motor.pc_sh.api,5f699907be03bc156609e18e,1,0,,5be8dd419a1fbff07faa8d39,dongchedi_usedcar_series,2026-07-08T22:04:53+08:00
3973,95,东风风光,风光580Pro,https://p9-dcd.byteimg.com/motor-mis-img/a519611d1e37153d3b910801c83a9f12~tplv-f042mdwyw7-original:tplv-resize:640:0.image?psm=motor.pc_sh.api,21f49fbee2e88f5dad00fb61,1,0,,b364b0df42befc4907a102cf,dongchedi_usedcar_series,2026-07-08T22:04:53+08:00
3975,249,高合,高合HiPhi X,https://p3-dcd.byteimg.com/motor-mis-img/ffeed63a3d77e832e4010a065fbf156c~tplv-f042mdwyw7-original:tplv-resize:640:0.image?psm=motor.pc_sh.api,554ff5622855f8d038c3fd28,1,0,,c4b62a720184e974180a90a6,dongchedi_usedcar_series,2026-07-08T22:04:53+08:00
3981,62,林肯,冒险家,https://p9-dcd.byteimg.com/tos-cn-i-dcdx/b719476c8af84479aadcd73671546619~tplv-resize:640:0.png?psm=motor.rank.data,f48e8fd1298b999f71f83ea8,3,2,,ac9e40b8ecbdb929e4917ca5,dongchedi_ranking|dongchedi_usedcar_series,2026-07-08T22:04:53+08:00
3983,62,林肯,冒险家PHEV,https://p3-dcd.byteimg.com/motor-mis-img/d00c235ab7cd0b3c5c6b0f0f89c4b00f~tplv-f042mdwyw7-original:tplv-resize:640:0.image?psm=motor.pc_sh.api,90aebb33d8c7e91eae0c0390,1,0,,cc2e3858d494684f2be71e34,dongchedi_usedcar_series,2026-07-08T22:04:53+08:00
3987,54,道奇,Rampage,https://p3-dcd.byteimg.com/motor-mis-img/95c4bb590b33cb030def999fa41fdbd9~tplv-f042mdwyw7-original:tplv-resize:640:0.image?psm=motor.pc_sh.api,4b4820cccd3a07fad8bb7bef,1,0,,21ba9dbeeb96642d7b1e93a1,dongchedi_usedcar_series,2026-07-08T22:04:53+08:00
3989,5,丰田,Sprinter Trueno,https://p3-dcd.byteimg.com/tos-cn-i-dcdx/d7790ba67a7c4e02836410336fe9cbde~tplv-f042mdwyw7-original:tplv-resize:640:0.image?psm=motor.pc_sh.api,96c9a85028d32edd309de6d3,1,0,,be163ef6c02dd81e45420422,dongchedi_usedcar_series,2026-07-08T22:04:53+08:00
3994,50,铃木,吉姆尼,https://p3-dcd.byteimg.com/motor-mis-img/85cefa24945edcfb9b577087443193bc~tplv-f042mdwyw7-original:tplv-resize:640:0.image?psm=motor.pc_sh.api,19b789172fdc1d9e5e29841a,1,0,,843441b50e58429c011901a7,dongchedi_usedcar_series,2026-07-08T22:04:53+08:00
4000,95,东风风光,风光ix7,https://p9-dcd.byteimg.com/motor-mis-img/5fc6e25bb275722b38c7a9d1f4d03f94~tplv-f042mdwyw7-original:tplv-resize:640:0.image?psm=motor.pc_sh.api,2a380ccad328880ff1cdebff,1,0,,79f7ce4a4595147385a98bc6,dongchedi_usedcar_series,2026-07-08T22:04:53+08:00
4068,77,东南,东南DX5,https://p3-dcd.byteimg.com/motor-mis-img/04bf7bc6fbfc6e3e85856c2fc6732b71~tplv-f042mdwyw7-original:tplv-resize:640:0.image?psm=motor.pc_sh.api,7bebdd02599ffb0f70f60ae8,1,0,,c9ab0fae662faab2b0e06128,dongchedi_usedcar_series,2026-07-08T22:04:53+08:00
4074,68,北京汽车,北京EU5,https://p3-dcd.byteimg.com/motor-mis-img/fac9641308c9c3c9b23765bdcbdd6697~tplv-f042mdwyw7-original:tplv-resize:640:0.image?psm=motor.pc_sh.api,47a41dbba0977e964ab783e8,1,0,,7d0289a36124021610584fca,dongchedi_usedcar_series,2026-07-08T22:04:53+08:00
4075,36,荣威,荣威RX5 eMAX,https://p3-dcd.byteimg.com/motor-mis-img/4dd54b81e0b8d683dd76a79dedebafed~tplv-f042mdwyw7-original:tplv-resize:640:0.image?psm=motor.pc_sh.api,16d0ec3b50c71fbbe45fcf9b,1,0,,93202acda668487010b779c1,dongchedi_usedcar_series,2026-07-08T22:04:53+08:00
4076,16,比亚迪,比亚迪e3,https://p9-dcd.byteimg.com/motor-mis-img/993f74dfdbd9feb7e14875c014b44163~tplv-resize:640:0.png?psm=motor.rank.data,b87498453887efe541679393,3,2,,9c4a4859f81f2573cba513cc,dongchedi_ranking|dongchedi_usedcar_series,2026-07-08T22:04:53+08:00
4078,1,大众,探影,https://p3-dcd.byteimg.com/motor-mis-img/1f13ff8a44ab52143390f45ff0a7b8b5~tplv-f042mdwyw7-original:tplv-resize:640:0.image?psm=motor.pc_sh.api,89a3f7cbab2e6c5c0f37eea8,1,0,,f3d95bb3473397f976aa62b0,dongchedi_usedcar_series,2026-07-08T22:04:53+08:00
4079,9,本田,皓影,https://p9-dcd.byteimg.com/tos-cn-i-dcdx/2c6cf420ef9642c38762a8eb899baa0c~tplv-resize:640:0.png?psm=motor.rank.data,975ac4abd89ac2fccb859857,3,2,,0cc9281fdbc4a589b124b519,dongchedi_ranking|dongchedi_usedcar_series,2026-07-08T22:04:53+08:00
4080,12,别克,昂科旗,https://p9-dcd.byteimg.com/tos-cn-i-dcdx/b1deb54bbc7f4d549b71ebd39999e7d5~tplv-f042mdwyw7-original:tplv-resize:640:0.image?psm=motor.pc_sh.api,ae73efbae67616fd1410de7a,1,0,,a82556bd774ecece971f6dd3,dongchedi_usedcar_series,2026-07-08T22:04:53+08:00
4081,6,雪佛兰,雪佛兰畅巡,https://p9-dcd.byteimg.com/motor-mis-img/017ffe70e741c3fe352de81cc84795ce~tplv-resize:640:0.png?psm=motor.rank.data,09c70ba36feeef5e6daa5c78,3,2,,a7220b629d2acf81a78b3804,dongchedi_ranking|dongchedi_usedcar_series,2026-07-08T22:04:53+08:00
4082,35,长安,CS55 E-Rock,https://p9-dcd.byteimg.com/motor-mis-img/d04bebe97fb649562e55b88d4c056162~tplv-f042mdwyw7-original:tplv-resize:640:0.image?psm=motor.pc_sh.api,0d4838d18dc749690cb69a8b,1,0,,e505219cb6263a9921c9121f,dongchedi_usedcar_series,2026-07-08T22:04:53+08:00
4086,461,奇瑞新能源,艾瑞泽e,https://p9-dcd.byteimg.com/motor-mis-img/801fac00fa4a0818fc25e1fc20372dda~tplv-resize:640:0.png?psm=motor.rank.data,4d6e3dcbf4206a1d67559a42,3,2,,e9c81e4d556c80e12f404c42,dongchedi_ranking|dongchedi_usedcar_series,2026-07-08T22:04:53+08:00
4087,237,广汽集团,广汽丰田iA5,https://p3-dcd.byteimg.com/motor-mis-img/d615385354694acde6298b463af5aba7~tplv-f042mdwyw7-original:tplv-resize:640:0.image?psm=motor.pc_sh.api,2394b50bc52c3bfb3c57b088,1,0,,d43acd70db72c618005127d6,dongchedi_usedcar_series,2026-07-08T22:04:53+08:00
4091,335,广通客车,广通艾菲,https://p9-dcd.byteimg.com/motor-mis-img/17d2a2ec5ea274befd5ffed8872e2591~tplv-f042mdwyw7-original:tplv-resize:640:0.image?psm=motor.pc_sh.api,180fa5547cdaa0f145a1e5a8,1,0,,289be6c8a73d38b2087a1501,dongchedi_usedcar_series,2026-07-08T22:04:53+08:00
4092,336,AUXUN傲旋,傲旋,https://p3-dcd.byteimg.com/tos-cn-i-dcdx/94c6b107e26d42039256503858ed1ee9~tplv-f042mdwyw7-original:tplv-resize:640:0.image?psm=motor.pc_sh.api,aa9a2919bed0350f552566f4,1,0,,a5a8b009aefe46028e4f72b3,dongchedi_usedcar_series,2026-07-08T22:04:53+08:00
4118,16,比亚迪,秦,https://p9-dcd.byteimg.com/motor-mis-img/9bffde894f777383f54e8110b556933a~tplv-f042mdwyw7-original:tplv-resize:640:0.image?psm=motor.pc_sh.api,5f6c6400ea9871452b98b0e6,1,0,,78d035b4bac47b78a6a894b1,dongchedi_usedcar_series,2026-07-08T22:04:53+08:00
4125,417,东风纳米,东风纳米EX1,https://p3-dcd.byteimg.com/tos-cn-i-dcdx/2883c126ecf049aab9a839baff65636b~tplv-f042mdwyw7-original:tplv-resize:640:0.image?psm=motor.pc_sh.api,f58b903247a298896935566b,1,0,,05946cfe9d19ff50a245a0df,dongchedi_usedcar_series,2026-07-08T22:04:53+08:00
4128,344,星驰,铂驰V系列,https://p9-dcd.byteimg.com/motor-mis-img/a397de08663c46988c77bc49b91262d3~tplv-f042mdwyw7-original:tplv-resize:640:0.image?psm=motor.pc_sh.api,405d081a89d941b28dc28966,1,0,,7224e9f37a7e40b312b47efd,dongchedi_usedcar_series,2026-07-08T22:04:53+08:00
4131,66,魏牌,魏牌 VV7 GT,https://p3-dcd.byteimg.com/motor-mis-img/df1dd3b57173562ef480141c7d92f24c~tplv-f042mdwyw7-original:tplv-resize:640:0.image?psm=motor.pc_sh.api,bd124ec709a7bd0307bb46ab,1,0,,06a3bc2e0dfcee3741083519,dongchedi_usedcar_series,2026-07-08T22:04:53+08:00
4133,272,迈莎锐,迈莎锐G级,https://p3-dcd.byteimg.com/motor-mis-img/9099699a8b1f8d717c9b3bf7561be14e~tplv-f042mdwyw7-original:tplv-resize:640:0.image?psm=motor.pc_sh.api,e9314f408c49cff70ef8e358,1,0,,1e54ba134a777d27b8015660,dongchedi_usedcar_series,2026-07-08T22:04:53+08:00
4137,108,大通,大通RG10,https://p3-dcd.byteimg.com/motor-mis-img/87f08280abc6e80ecb81146c52249679~tplv-f042mdwyw7-original:tplv-resize:640:0.image?psm=motor.pc_sh.api,72ab76ac6ccbbe1e25e9e4d7,1,0,,171555b3aa8a910316134552,dongchedi_usedcar_series,2026-07-08T22:04:53+08:00
4146,59,红旗,红旗E-HS9,https://p9-dcd.byteimg.com/motor-mis-img/fb5c6d20cd6044b28f6eec55dcd6c61c~tplv-resize:640:0.png?psm=motor.rank.data,3065361408a9982616b891d0,3,2,,b3060d4ba4cec102a79a02ce,dongchedi_ranking|dongchedi_usedcar_series,2026-07-08T22:04:53+08:00
4151,66,魏牌,魏牌 VV7 GT PHEV,https://p3-dcd.byteimg.com/motor-mis-img/5fee5af78cba4f8e40c9c224e264b106~tplv-f042mdwyw7-original:tplv-resize:640:0.image?psm=motor.pc_sh.api,6d4dbcdd3bc346ac4ab8cad4,1,0,,dd3d39b6a17349fcc93cccd7,dongchedi_usedcar_series,2026-07-08T22:04:53+08:00
4154,139,开瑞,海豚EV,https://p9-dcd.byteimg.com/motor-mis-img/0c1239dd3c751242b71841094e65683f~tplv-f042mdwyw7-original:tplv-resize:640:0.image?psm=motor.pc_sh.api,f45d97774a8b0687ede77da4,1,0,,39997680461d4efc417b441c,dongchedi_usedcar_series,2026-07-08T22:04:53+08:00
4156,174,领克,领克05 EM-P,https://p9-dcd.byteimg.com/tos-cn-i-dcdx/35c1dde50d0640fa81dfde99bd168ca6~tplv-f042mdwyw7-original:tplv-resize:640:0.image?psm=motor.pc_sh.api,b1eed077b2c601a7f66ca9cd,1,0,,067a5f04cca7b600ca2d46a1,dongchedi_usedcar_series,2026-07-08T22:04:53+08:00
4157,55,DS,DS 9 PHEV,https://p9-dcd.byteimg.com/motor-mis-img/6505fe35f2a3a3ffa5a1ffbb7bd5a617~tplv-f042mdwyw7-original:tplv-resize:640:0.image?psm=motor.pc_sh.api,3910dcb8eb79a4e299c4a1e3,1,0,,35e24d6b9c6b56f7513076b1,dongchedi_usedcar_series,2026-07-08T22:04:53+08:00
4159,39,五菱汽车,五菱宏光PLUS,https://p3-dcd.byteimg.com/motor-mis-img/1ec592b512a4261b4b40dfdf0ac5127f~tplv-f042mdwyw7-original:tplv-resize:640:0.image?psm=motor.pc_sh.api,fea54fbd7e91a838101b7109,1,0,,bbf30b4b1fab34d62f99d668,dongchedi_usedcar_series,2026-07-08T22:04:53+08:00
4160,1,大众,威然,https://p9-dcd.byteimg.com/tos-cn-i-dcdx/4cd4facb17b54ead99f1da162272c269~tplv-resize:640:0.png?psm=motor.rank.data,7851477e867c4040aa8756bb,3,2,,97cfa34cecf60bf7981eeb69,dongchedi_ranking|dongchedi_usedcar_series,2026-07-08T22:04:53+08:00
4162,366,宝骏,宝骏RS-3,https://p9-dcd.byteimg.com/motor-mis-img/622fc21b1047c88b0626332cb021f7b6~tplv-f042mdwyw7-original:tplv-resize:640:0.image?psm=motor.pc_sh.api,62543a6f96963ba300228a18,1,0,,9a54509fadcbd2fe03e8645e,dongchedi_usedcar_series,2026-07-08T22:04:53+08:00
4163,39,五菱汽车,五菱730,https://p3-dcd.byteimg.com/motor-mis-img/58541abed91e76f8ab42f015f34a000f~tplv-f042mdwyw7-original:tplv-resize:640:0.image?psm=motor.pc_sh.api,ac5f978de9b84a3b2063ee45,1,0,,386044f6d8129aab497d6d0c,dongchedi_usedcar_series,2026-07-08T22:04:53+08:00
4172,5,丰田,威兰达,https://p9-dcd.byteimg.com/tos-cn-i-dcdx/9ac5e12a5eb646b0aafe086de5aa1bf2~tplv-resize:640:0.png?psm=motor.rank.data,fe90e95da64280187f0aca20,3,2,,4664860fccc129a5c93e4266,dongchedi_ranking|dongchedi_usedcar_series,2026-07-08T22:04:53+08:00
4180,23,斯柯达,柯米克GT,https://p9-dcd.byteimg.com/motor-mis-img/b107ac26e249c23a271698a4c770fb62~tplv-resize:640:0.png?psm=motor.rank.data,bc155e0185bef87809497670,3,2,,2dc92373b211c57e81bcefd5,dongchedi_ranking|dongchedi_usedcar_series,2026-07-08T22:04:53+08:00
4182,30,凯迪拉克,凯迪拉克CT4,https://p9-dcd.byteimg.com/tos-cn-i-dcdx/3a6d08067ef94772ace7c1319d5c7ccb~tplv-resize:640:0.png?psm=motor.rank.data,1685e1cae8e4839b7f59965e,3,2,,e5df893fcadcc3aa683d1c1d,dongchedi_ranking|dongchedi_usedcar_series,2026-07-08T22:04:53+08:00
4183,5,丰田,Gran Ace,https://p3-dcd.byteimg.com/tos-cn-i-dcdx/6b0b0c2c36b34d5d8b8319a22bfa87d5~tplv-f042mdwyw7-original:tplv-resize:640:0.image?psm=motor.pc_sh.api,0ac8fdaa9690bab35da8dcb2,1,0,,fc31d542658a585d50dc8fc6,dongchedi_usedcar_series,2026-07-08T22:04:53+08:00
4188,35,长安,锐程CC,https://p9-dcd.byteimg.com/motor-mis-img/2aff6988b0a396a2fe0f26dcd73727b6~tplv-f042mdwyw7-original:tplv-resize:640:0.image?psm=motor.pc_sh.api,9802b6d402d39de32da6b85a,1,0,,a133f3490e9359a47b9bb2d3,dongchedi_usedcar_series,2026-07-08T22:04:53+08:00
4196,6,雪佛兰,开拓者,https://p9-dcd.byteimg.com/motor-mis-img/87022b02e646f4a4204f2cb8f323d5ca~tplv-resize:640:0.png?psm=motor.rank.data,e460d545c188077553ae4595,3,2,,c2c7d5d453071bce25b7745a,dongchedi_ranking|dongchedi_usedcar_series,2026-07-08T22:04:53+08:00
4200,273,捷尼赛思,捷尼赛思GV70,https://p3-dcd.byteimg.com/tos-cn-i-dcdx/59eded0c17684d8b978d09f46b96986e~tplv-f042mdwyw7-original:tplv-resize:640:0.image?psm=motor.pc_sh.api,c020c4a7762bdee70ff2c6b9,1,0,,a39eee91d006aab0c6e819d6,dongchedi_usedcar_series,2026-07-08T22:04:53+08:00
4201,53,海马,海马7X,https://p9-dcd.byteimg.com/motor-mis-img/0ccdcce434e8438ddd85acf1f1502c03~tplv-resize:640:0.png?psm=motor.rank.data,ab10ce9f32d52cfb02c10ef0,3,2,,3e409b05ae86914006b6ea8d,dongchedi_ranking|dongchedi_usedcar_series,2026-07-08T22:04:53+08:00
4204,209,捷途,捷途X70M,https://p9-dcd.byteimg.com/motor-mis-img/7697fedde4995f2fb5350c5d521b83bb~tplv-f042mdwyw7-original:tplv-resize:640:0.image?psm=motor.pc_sh.api,f5ff6f7ad395b7c113870b8a,1,0,,6fb700a91e6f1c03ec3b0da9,dongchedi_usedcar_series,2026-07-08T22:04:53+08:00
4205,171,长安凯程,睿行EM60,https://p9-dcd.byteimg.com/tos-cn-i-dcdx/fd012d24bccf4d84b6c919d5856431ea~tplv-f042mdwyw7-original:tplv-resize:640:0.image?psm=motor.pc_sh.api,4737a9b7157b14e390ceccb0,1,0,,245602e59b668840a5f46123,dongchedi_usedcar_series,2026-07-08T22:04:53+08:00
4207,91,东风,御风房车,https://p3-dcd.byteimg.com/motor-mis-img/a4881f46f79c68676bd44df61d586503~tplv-f042mdwyw7-original:tplv-resize:640:0.image?psm=motor.pc_sh.api,b7ebe1e7cefe24650a704655,1,0,,5ca387977e12c3486b26c3f2,dongchedi_usedcar_series,2026-07-08T22:04:53+08:00
4209,162,中国重汽VGV,VGV U70,https://p3-dcd.byteimg.com/motor-mis-img/8962f78d7a160bfa32466bf7fc4be7ee~tplv-f042mdwyw7-original:tplv-resize:640:0.image?psm=motor.pc_sh.api,15e4e2280c19e61fe61eb079,1,0,,c7a2cc2cfd6fc4b524b73663,dongchedi_usedcar_series,2026-07-08T22:04:53+08:00
4211,4,宝马,宝马i4,https://p3-dcd.byteimg.com/tos-cn-i-dcdx/fea77ac04f274c48ae11ce112a6a74cd~tplv-f042mdwyw7-original:tplv-resize:640:0.image?psm=motor.pc_sh.api,825d12b657f793b58e1f77ff,1,0,,5a4339efde08ebbda2b6919d,dongchedi_usedcar_series,2026-07-08T22:04:53+08:00
4223,35,长安,长安CS55 PLUS,https://p9-dcd.byteimg.com/tos-cn-i-dcdx/f7e8293a72f146f6beda509020985d4c~tplv-resize:640:0.png?psm=motor.rank.data,c7ce6220562e50c2cb3231cc,3,2,,33068610e557e60bcbc574d5,dongchedi_ranking|dongchedi_usedcar_series,2026-07-08T22:04:53+08:00
4228,16,比亚迪,汉DM,https://p9-dcd.byteimg.com/tos-cn-i-dcdx/982f175304b44f9a8b13330481049460~tplv-resize:640:0.png?psm=motor.rank.data,83aa2223aa1dffb83accbe2a,3,2,,aaed52faf2cf92f566765057,dongchedi_ranking|dongchedi_usedcar_series,2026-07-08T22:04:53+08:00
4229,344,星驰,铂驰SP系列,https://p9-dcd.byteimg.com/motor-mis-img/1707b361cefc136b8bf25ccea4d920d2~tplv-f042mdwyw7-original:tplv-resize:640:0.image?psm=motor.pc_sh.api,37e82599da7a4b62f2390383,1,0,,4b4fb72401e1258f3b2300ff,dongchedi_usedcar_series,2026-07-08T22:04:53+08:00
4231,7,福特,Bronco(海外),https://p3-dcd.byteimg.com/tos-cn-i-dcdx/c99fa6e81785456480a844c009d559b2~tplv-f042mdwyw7-original:tplv-resize:640:0.image?psm=motor.pc_sh.api,7453f913558963a5a906084a,1,0,,9829ea39449d292ab95717ea,dongchedi_usedcar_series,2026-07-08T22:04:53+08:00
4232,29,英菲尼迪,英菲尼迪QX55,https://p3-dcd.byteimg.com/motor-mis-img/61b1d7259079a2bb07a761008d68a9db~tplv-f042mdwyw7-original:tplv-resize:640:0.image?psm=motor.pc_sh.api,e464ab898a0b6af33f81e983,1,0,,ab6fa83a0c391e1bd19bd2aa,dongchedi_usedcar_series,2026-07-08T22:04:53+08:00
4245,2,奥迪,奥迪RS Q8,https://p3-dcd.byteimg.com/motor-mis-img/86ea0d4c772679de2a07b773123893ac~tplv-f042mdwyw7-original:tplv-resize:640:0.image?psm=motor.pc_sh.api,b786c2088a140bed447ced95,1,0,,49086862560f993b0a6b26e2,dongchedi_usedcar_series,2026-07-08T22:04:53+08:00
4254,352,罗孚,Rover 75,https://p3-dcd.byteimg.com/motor-mis-img/031d5afe4a87f031b5402a194757520a~tplv-f042mdwyw7-original:tplv-resize:640:0.image?psm=motor.pc_sh.api,4c78b53c2d568e4d4229653c,1,0,,2173c2b5df8c23a1271a5bc4,dongchedi_usedcar_series,2026-07-08T22:04:53+08:00
4258,1,大众,ID.4 X,https://p9-dcd.byteimg.com/tos-cn-i-dcdx/d16a58d2e5694b7b84ba28604a6421e0~tplv-resize:640:0.png?psm=motor.rank.data,300bf321aece46422b56cdca,3,2,,0b82ea6c13f978e91e08ea70,dongchedi_ranking|dongchedi_usedcar_series,2026-07-08T22:04:53+08:00
4272,207,零跑汽车,零跑T03,https://p9-dcd.byteimg.com/tos-cn-i-dcdx/464986d3ad5845e9aac85a6960479de0~tplv-resize:640:0.png?psm=motor.rank.data,d39b689bdff2135392657bfb,3,2,,531198b8f69dff055edff620,dongchedi_ranking|dongchedi_usedcar_series,2026-07-08T22:04:53+08:00
4274,44,法拉利,法拉利Roma,https://p3-dcd.byteimg.com/tos-cn-i-dcdx/a376b2a1785441d5a7f0fa7366f94f59~tplv-f042mdwyw7-original:tplv-resize:640:0.image?psm=motor.pc_sh.api,9b0361494507747dbd24c43f,1,0,,59f66b7d3c39da8f5f9e4d69,dongchedi_usedcar_series,2026-07-08T22:04:53+08:00
4276,109,启辰,启辰星,https://p9-dcd.byteimg.com/tos-cn-i-dcdx/b0b6cc8b5a444a168d223471447a26dc~tplv-resize:640:0.png?psm=motor.rank.data,7dfc88cbfdcc264e446d785e,3,2,,bbdbb45ccb045b226fdf28bc,dongchedi_ranking|dongchedi_usedcar_series,2026-07-08T22:04:53+08:00
4278,27,奔腾,奔腾E01,https://p9-dcd.byteimg.com/motor-mis-img/3775b0fd779b392934bda5da3e46864d~tplv-f042mdwyw7-original:tplv-resize:640:0.image?psm=motor.pc_sh.api,29304516666909dec71fc52a,1,0,,2ad888eaf034f00dd2a66f03,dongchedi_usedcar_series,2026-07-08T22:04:53+08:00
4281,22,雷克萨斯,雷克萨斯UX EV,https://p3-dcd.byteimg.com/motor-mis-img/4765b61932b59e12064a9bf98154f0f6~tplv-f042mdwyw7-original:tplv-resize:640:0.image?psm=motor.pc_sh.api,334ad8728681f407b120d902,1,0,,8f7cb55c1894d165ec2c69c7,dongchedi_usedcar_series,2026-07-08T22:04:53+08:00
4283,40,广汽传祺,传祺GS4 Coupe,https://p3-dcd.byteimg.com/motor-mis-img/14e3877a823d3ee16b47f9ffa2c73de2~tplv-f042mdwyw7-original:tplv-resize:640:0.image?psm=motor.pc_sh.api,2e3a9b9136db8797b701b512,1,0,,51ead69e5e4f9926f4a26411,dongchedi_usedcar_series,2026-07-08T22:04:53+08:00
4284,7,福特,探险者,https://p9-dcd.byteimg.com/tos-cn-i-dcdx/e176b8cf1d934c2c80c3db40747a214c~tplv-resize:640:0.png?psm=motor.rank.data,0109de43a1c07cdd07e312d8,3,2,,099653c0a9b325a491f562d5,dongchedi_ranking|dongchedi_usedcar_series,2026-07-08T22:04:53+08:00
4288,366,宝骏,宝骏RS-7,https://p9-dcd.byteimg.com/motor-mis-img/c3fa84a59525ad774966b76bd30b6b31~tplv-f042mdwyw7-original:tplv-resize:640:0.image?psm=motor.pc_sh.api,5f30efd502d18d1e8b638979,1,0,,e73dbc0f9c20c41f58741963,dongchedi_usedcar_series,2026-07-08T22:04:53+08:00
4289,108,大通,大通EUNIQ 6 PLUG IN,https://p3-dcd.byteimg.com/motor-mis-img/ec01ff5c69ea1471fede92ebb7e40e15~tplv-f042mdwyw7-original:tplv-resize:640:0.image?psm=motor.pc_sh.api,99246137467d9f42bd4b51c3,1,0,,fc54ceb11daab3f8d529403d,dongchedi_usedcar_series,2026-07-08T22:04:53+08:00
4291,35,长安,长安CS15 E-Pro,https://p9-dcd.byteimg.com/motor-mis-img/dc11a56d5d4227da2f204f19b9d42c67~tplv-f042mdwyw7-original:tplv-resize:640:0.image?psm=motor.pc_sh.api,2f3b1ec6e26f2fcc8ef66394,1,0,,1f691d17feb4b172f3c626ae,dongchedi_usedcar_series,2026-07-08T22:04:53+08:00
4293,193,鑫源汽车,小海狮 EV,https://p3-dcd.byteimg.com/motor-mis-img/7df239b6a9abc510dcb8cd2fdcc30692~tplv-f042mdwyw7-original:tplv-resize:640:0.image?psm=motor.pc_sh.api,ff07c9db1e5d70dc89142585,1,0,,9c547276e763f7ee37bd5b0d,dongchedi_usedcar_series,2026-07-08T22:04:53+08:00
4295,10,日产,途乐Y61,https://p3-dcd.byteimg.com/motor-mis-img/10bf08372caa78fa9ca4f00066d3729e~tplv-f042mdwyw7-original:tplv-resize:640:0.image?psm=motor.pc_sh.api,c8f6ad4f4eebd8ab165b81af,1,0,,f5020c76c5b7001cb17536f7,dongchedi_usedcar_series,2026-07-08T22:04:53+08:00
4296,4,宝马,宝马i7,https://p3-dcd.byteimg.com/tos-cn-i-dcdx/6bbc26fae5ae4005ae1890eb1db274e4~tplv-f042mdwyw7-original:tplv-resize:640:0.image?psm=motor.pc_sh.api,7d1ba8cf5c950ec612ae7017,1,0,,53c0c1ec5899702872070a0c,dongchedi_usedcar_series,2026-07-08T22:04:53+08:00
4299,365,上喆,上喆V级,https://p9-dcd.byteimg.com/tos-cn-i-dcdx/0b90c18e2d544c2dae47c5a8d95958d7~tplv-f042mdwyw7-original:tplv-resize:640:0.image?psm=motor.pc_sh.api,661a009f0cdbf640e1a17830,1,0,,b0ca003aa6f5eb464252abd3,dongchedi_usedcar_series,2026-07-08T22:04:53+08:00
4300,16,比亚迪,汉EV,https://p9-dcd.byteimg.com/tos-cn-i-dcdx/fbd454e1b6ae4c86b1468468f3372b9d~tplv-resize:640:0.png?psm=motor.rank.data,6da7eeb080d9749535695c5e,3,2,,ae082536ebb21b61638ab2bc,dongchedi_ranking|dongchedi_usedcar_series,2026-07-08T22:04:53+08:00
4302,2,奥迪,奥迪A7L,https://p9-dcd.byteimg.com/tos-cn-i-dcdx/dfe5bc8192d64010adf766872e11f634~tplv-resize:640:0.png?psm=motor.rank.data,d463961e1f1e89772776c359,3,2,,91ba4da8aff9933f33b870f5,dongchedi_ranking|dongchedi_usedcar_series,2026-07-08T22:04:53+08:00
4304,401,飞凡汽车,飞凡ER6,https://p3-dcd.byteimg.com/motor-mis-img/05d3f61eeb3bfd0d18c21b7aeeb74a23~tplv-f042mdwyw7-original:tplv-resize:640:0.image?psm=motor.pc_sh.api,f97e5970e8d1092c5573e226,1,0,,80405a374dd40fcd6abaf59c,dongchedi_usedcar_series,2026-07-08T22:04:53+08:00
4305,159,腾势,腾势X BEV,https://p9-dcd.byteimg.com/motor-mis-img/3075c6e3fdaa9d8bd05946edcbda04cf~tplv-f042mdwyw7-original:tplv-resize:640:0.image?psm=motor.pc_sh.api,aa073d5ba81d951baf44e48e,1,0,,3a1526fca3678f1abde44160,dongchedi_usedcar_series,2026-07-08T22:04:53+08:00
4306,63,特斯拉,赛博越野旅行车,https://p3-dcd.byteimg.com/tos-cn-i-dcdx/e88248591b0b47ad84c09360141918da~tplv-f042mdwyw7-original:tplv-resize:640:0.image?psm=motor.pc_sh.api,b32db0cb28ad9e1a20b41922,1,0,,1f6a15160006989dfdbe68c9,dongchedi_usedcar_series,2026-07-08T22:04:53+08:00
4307,108,大通,大通V90房车,https://p3-dcd.byteimg.com/tos-cn-i-dcdx/f80399c98cd64cacbbbdfc3ff92b312a~tplv-f042mdwyw7-original:tplv-resize:640:0.image?psm=motor.pc_sh.api,d794d716befcc372eecdef94,1,0,,ffbd274586633591ffec6486,dongchedi_usedcar_series,2026-07-08T22:04:53+08:00
4311,142,凯翼,炫界,https://p9-dcd.byteimg.com/tos-cn-i-dcdx/707e10337c2c41e89187efb0c2931b31~tplv-resize:640:0.png?psm=motor.rank.data,6990b9769822070411273e5f,3,2,,2301a202be27a8ea6b5cafd6,dongchedi_ranking|dongchedi_usedcar_series,2026-07-08T22:04:53+08:00
4313,19,路虎,发现运动,https://p3-dcd.byteimg.com/tos-cn-i-dcdx/7be464ab1f3342cfb3ff69712ec5cc6b~tplv-f042mdwyw7-original:tplv-resize:640:0.image?psm=motor.pc_sh.api,6a7650559fdf492f163a94a4,1,0,,43a2daf808f846f730b1d673,dongchedi_usedcar_series,2026-07-08T22:04:53+08:00
4316,78,北京汽车制造厂,北汽大猫,https://p3-dcd.byteimg.com/motor-mis-img/4d2e7a0fa312f4b8f4f51e65be2acdd1~tplv-f042mdwyw7-original:tplv-resize:640:0.image?psm=motor.pc_sh.api,ed1f97b6ca2f4f9b94605722,1,0,,64874738cf5aa288d39eb947,dongchedi_usedcar_series,2026-07-08T22:04:53+08:00
4319,39,五菱汽车,五菱宏光纯电版,https://p9-dcd.byteimg.com/tos-cn-i-dcdx/62f1deee1c1141f0a9cb3fa0caf70268~tplv-resize:640:0.png?psm=motor.rank.data,28d8f9f1515175e23b066f69,3,2,,f38675a0b792d5d1c40c9b0c,dongchedi_ranking|dongchedi_usedcar_series,2026-07-08T22:04:53+08:00
4320,39,五菱汽车,五菱荣光EV,https://p9-dcd.byteimg.com/tos-cn-i-dcdx/290d2da897f541a18477d79cafd3ac54~tplv-resize:640:0.png?psm=motor.rank.data,a76fc41486aff42c20126751,3,2,,90278d332e2a638280aac1a9,dongchedi_ranking|dongchedi_usedcar_series,2026-07-08T22:04:53+08:00
4323,57,福田,拓陆者驭途,https://p9-dcd.byteimg.com/motor-mis-img/49de0f3e2f922760046add1df6071595~tplv-f042mdwyw7-original:tplv-resize:640:0.image?psm=motor.pc_sh.api,cededc9e0f44400bdd326a27,1,0,,b8570018580ecfa4e05fd069,dongchedi_usedcar_series,2026-07-08T22:04:53+08:00
4324,57,福田,拓陆者胜途,https://p9-dcd.byteimg.com/motor-mis-img/c402bad3ee054be3007c603209833c3c~tplv-f042mdwyw7-original:tplv-resize:640:0.image?psm=motor.pc_sh.api,f301b8837e02a6f9d437c4d4,1,0,,418228ced96975a5f4f4b8c3,dongchedi_usedcar_series,2026-07-08T22:04:53+08:00
4329,5,丰田,RAV4荣放PHEV,https://p3-dcd.byteimg.com/motor-mis-img/4fcf011be1ed190903989d9a4c87225d~tplv-f042mdwyw7-original:tplv-resize:640:0.image?psm=motor.pc_sh.api,fd78c75098f9b78dfcd6fd00,1,0,,f6bedddbb41e71a149191cb1,dongchedi_usedcar_series,2026-07-08T22:04:53+08:00
4334,2,奥迪,奥迪Q4 e-tron,https://p9-dcd.byteimg.com/tos-cn-i-dcdx/65b0e1962a4e46fca7cb64eb1a47c6fb~tplv-resize:640:0.png?psm=motor.rank.data,6d0d4157da08d8c079bfb3f5,3,2,,db71d2f70c7338ee5c2488ff,dongchedi_ranking|dongchedi_usedcar_series,2026-07-08T22:04:53+08:00
4339,62,林肯,飞行家,https://p9-dcd.byteimg.com/tos-cn-i-dcdx/664df940ff5242238c0dcf49e106578e~tplv-resize:640:0.png?psm=motor.rank.data,8e2b97bb2affc8939806d76c,3,2,,08612b9bc2fdeae063e59e3f,dongchedi_ranking|dongchedi_usedcar_series,2026-07-08T22:04:53+08:00
4340,174,领克,领克06 EM-P,https://p9-dcd.byteimg.com/tos-cn-i-dcdx/3576f04188924b51916a143c9eda9f77~tplv-resize:640:0.png?psm=motor.rank.data,c7ca2a743ea2f5f9d9f32c4e,3,2,,b6a7e109fabdd47235bbcb70,dongchedi_ranking|dongchedi_usedcar_series,2026-07-08T22:04:53+08:00
4342,174,领克,领克06,https://p9-dcd.byteimg.com/tos-cn-i-dcdx/f854ea304aef4666947eb40a08608abb~tplv-resize:640:0.png?psm=motor.rank.data,80e7cdc5cdc86c727641608e,3,2,,a077e939652551c5fe1feb34,dongchedi_ranking|dongchedi_usedcar_series,2026-07-08T22:04:53+08:00
4344,1,大众,途岳EV,https://p3-dcd.byteimg.com/motor-mis-img/16f2f98683f7138299f081d9174cda10~tplv-f042mdwyw7-original:tplv-resize:640:0.image?psm=motor.pc_sh.api,37d53665ae404a5beaf226b5,1,0,,c1531e587b5f16d04023fd10,dongchedi_usedcar_series,2026-07-08T22:04:53+08:00
4347,171,长安凯程,长安之星5,https://p9-dcd.byteimg.com/tos-cn-i-dcdx/0b3e146ddb454d6dba723f184308d835~tplv-f042mdwyw7-original:tplv-resize:640:0.image?psm=motor.pc_sh.api,a1568e976751c71c93932aa5,1,0,,1fc963750c011f80334b3aca,dongchedi_usedcar_series,2026-07-08T22:04:53+08:00
4349,366,宝骏,宝骏E300,https://p9-dcd.byteimg.com/motor-mis-img/d3b550678713e228ef530f2c8b5ab0ca~tplv-f042mdwyw7-original:tplv-resize:640:0.image?psm=motor.pc_sh.api,9bddf09055182e64178969d4,1,0,,cd7598d632ee4fe9e8baf518,dongchedi_usedcar_series,2026-07-08T22:04:53+08:00
4351,5,丰田,兰德酷路泽70系列,https://p3-dcd.byteimg.com/tos-cn-i-dcdx/77694847f1754f48a284eb717cc49a5a~tplv-f042mdwyw7-original:tplv-resize:640:0.image?psm=motor.pc_sh.api,6e644b807b73bcd33e82153d,1,0,,15374bc28efed3be25c709ea,dongchedi_usedcar_series,2026-07-08T22:04:53+08:00
4353,35,长安,长安UNI-T,https://p9-dcd.byteimg.com/tos-cn-i-dcdx/89c273a4e48e40c383a643465710a393~tplv-resize:640:0.png?psm=motor.rank.data,387775830f546a4d6a1ee7e0,3,2,,1f02035a9a888648cb255660,dongchedi_ranking|dongchedi_usedcar_series,2026-07-08T22:04:53+08:00
4355,59,红旗,红旗H9,https://p9-dcd.byteimg.com/tos-cn-i-dcdx/2fab95bdc40a42daa3519f17382af761~tplv-resize:640:0.png?psm=motor.rank.data,8c2b591b83e2491c10f64025,3,2,,d24d0da63c5aab5442826559,dongchedi_ranking|dongchedi_usedcar_series,2026-07-08T22:04:53+08:00
4357,112,蔚来,蔚来EC6,https://p9-dcd.byteimg.com/tos-cn-i-dcdx/0508c831a5904904936f5f59bbece8c1~tplv-resize:640:0.png?psm=motor.rank.data,ea46f9b980215c9a74f81fe2,3,2,,dd37877654550145f69a7b13,dongchedi_ranking|dongchedi_usedcar_series,2026-07-08T22:04:53+08:00
4363,63,特斯拉,Model Y,https://p9-dcd.byteimg.com/tos-cn-i-dcdx/31b02aeb33334fb28e2c34dd81ed4528~tplv-resize:640:0.png?psm=motor.rank.data,95925f277a67c0d05f08a0f0,3,2,,844fcaa1fbfcf278e8484928,dongchedi_ranking|dongchedi_usedcar_series,2026-07-08T22:04:53+08:00
4365,14,Jeep,牧马人4xe PHEV,https://p3-dcd.byteimg.com/tos-cn-i-dcdx/837278f627734243a3bae3079c0184d5~tplv-f042mdwyw7-original:tplv-resize:640:0.image?psm=motor.pc_sh.api,2d5a540eef868c32270e0b2e,1,0,,f3719f7f386b55b15f7a84c8,dongchedi_usedcar_series,2026-07-08T22:04:53+08:00
4368,5,丰田,MR2,https://p3-dcd.byteimg.com/motor-mis-img/4808b665856fc78938778d0a02cdef0a~tplv-f042mdwyw7-original:tplv-resize:640:0.image?psm=motor.pc_sh.api,e4d10a81dfd7a662c7a886c7,1,0,,978d43abc9a057868c1f8d93,dongchedi_usedcar_series,2026-07-08T22:04:53+08:00
4370,174,领克,领克07 EM-P,https://p9-dcd.byteimg.com/tos-cn-i-dcdx/838ec1e233614f3b9c64c6416770defa~tplv-resize:640:0.png?psm=motor.rank.data,8153251770edd7677ac040d8,3,2,,d74cdeebdc6d35f24e59c9aa,dongchedi_ranking|dongchedi_usedcar_series,2026-07-08T22:04:53+08:00
4371,10,日产,Fairlady Z,https://p3-dcd.byteimg.com/motor-mis-img/b763e4a1b34bee23e881760f77d3a2c2~tplv-f042mdwyw7-original:tplv-resize:640:0.image?psm=motor.pc_sh.api,ab61d2faae24595477989505,1,0,,682a483853a3d4cbe081fe50,dongchedi_usedcar_series,2026-07-08T22:04:53+08:00
4378,12,别克,微蓝7,https://p9-dcd.byteimg.com/motor-mis-img/e3c9e58761031482824d91d0d05d3590~tplv-f042mdwyw7-original:tplv-resize:640:0.image?psm=motor.pc_sh.api,5603294ff106a7c9f4800506,1,0,,749feca1ed0a111fafa19d57,dongchedi_usedcar_series,2026-07-08T22:04:53+08:00
4380,264,吉利几何,吉利几何C,https://p3-dcd.byteimg.com/motor-mis-img/14800010db265dbb4e54b322efe6b9fb~tplv-f042mdwyw7-original:tplv-resize:640:0.image?psm=motor.pc_sh.api,2053cfbf9b0b636dd18ca0d2,1,0,,57bb02e7e8a496f2e16cdbdd,dongchedi_usedcar_series,2026-07-08T22:04:53+08:00
4381,15,马自达,马自达CX-30,https://p9-dcd.byteimg.com/tos-cn-i-dcdx/d266c935398141da87d4cdcd0a25d7fe~tplv-resize:640:0.png?psm=motor.rank.data,e4db91437478a4c11bb4cbd1,3,2,,a74c47e41da505e6bdb34d01,dongchedi_ranking|dongchedi_usedcar_series,2026-07-08T22:04:53+08:00
4384,461,奇瑞新能源,大蚂蚁,https://p3-dcd.byteimg.com/motor-mis-img/db1039beb5b509e00edf8d706623e04d~tplv-f042mdwyw7-original:tplv-resize:640:0.image?psm=motor.pc_sh.api,d86fe0ebfe40f71b67631929,1,0,,a5eef7d5e3ebb6300da02aa6,dongchedi_usedcar_series,2026-07-08T22:04:53+08:00
4385,176,ARCFOX极狐,极狐 阿尔法T,https://p9-dcd.byteimg.com/tos-cn-i-dcdx/dd472c544e4543c2a73cff99e44f8bdc~tplv-f042mdwyw7-original:tplv-resize:640:0.image?psm=motor.pc_sh.api,ed60bf14d905b6def203f22d,1,0,,c3e419904b6bd1b73bf0cd57,dongchedi_usedcar_series,2026-07-08T22:04:53+08:00
4386,73,吉利汽车,英伦TX4 PHEV,https://p3-dcd.byteimg.com/motor-mis-img/df2ac3e6d1d810b5912434275e106caa~tplv-f042mdwyw7-original:tplv-resize:640:0.image?psm=motor.pc_sh.api,4f897315affc294c1025dd12,1,0,,4d4dc4bc7f3126c91b43af29,dongchedi_usedcar_series,2026-07-08T22:04:53+08:00
4388,372,大运,悦虎,https://p3-dcd.byteimg.com/motor-mis-img/734908e2eb6373bc7e736fae703e25f6~tplv-f042mdwyw7-original:tplv-resize:640:0.image?psm=motor.pc_sh.api,dd73282a673d20f2b21fffd3,1,0,,1cfafadbed876ed3717ec229,dongchedi_usedcar_series,2026-07-08T22:04:53+08:00
4391,373,东风富康,e爱丽舍,https://p9-dcd.byteimg.com/motor-mis-img/9ceefa4a99be7a2c74240137c1d04568~tplv-resize:640:0.png?psm=motor.rank.data,6e9b17e588a3a22803f9d067,2,2,,17e6072330035840ac334a6f,dongchedi_ranking,2026-07-08T22:04:53+08:00
4393,209,捷途,捷途X70 Coupe,https://p9-dcd.byteimg.com/motor-mis-img/5f1a3151b4edc517996613230ad1a5ef~tplv-f042mdwyw7-original:tplv-resize:640:0.image?psm=motor.pc_sh.api,ec77d460f17defd2db10ddd9,1,0,,4aad191121d7ff45b5c165c1,dongchedi_usedcar_series,2026-07-08T22:04:53+08:00
4403,53,海马,海马6P,https://p9-dcd.byteimg.com/motor-mis-img/7533dd95f002486640093f41833cf585~tplv-f042mdwyw7-original:tplv-resize:640:0.image?psm=motor.pc_sh.api,7f4b3014dbe44ba69150edca,1,0,,f20477db856147f3af927bcc,dongchedi_usedcar_series,2026-07-08T22:04:53+08:00
4410,3,奔驰,Metris,https://p3-dcd.byteimg.com/motor-mis-img/4bbe51553bf3d478953e4471a3e3239e~tplv-f042mdwyw7-original:tplv-resize:640:0.image?psm=motor.pc_sh.api,ebf7de5712ff8132e6d4f347,1,0,,155947e60b07ad18c3f3c8ee,dongchedi_usedcar_series,2026-07-08T22:04:53+08:00
4416,119,长安欧尚,奔奔E-Star,https://p3-dcd.byteimg.com/motor-mis-img/5a66c6bc0c1d71c7e6f68f53b902d1b9~tplv-f042mdwyw7-original:tplv-resize:640:0.image?psm=motor.pc_sh.api,a58b964dd2ccc270a7511d27,1,0,,c6da505186d9f2b21873cf3d,dongchedi_usedcar_series,2026-07-08T22:04:53+08:00
4422,68,北京汽车,北京X7,https://p9-dcd.byteimg.com/tos-cn-i-dcdx/67658ecc813347a7ac755fe72b5123ad~tplv-resize:640:0.png?psm=motor.rank.data,071ecfeedcfffe5145043bb5,3,2,,2fafaaf72c32d53ea2a36b72,dongchedi_ranking|dongchedi_usedcar_series,2026-07-08T22:04:53+08:00
4425,1,大众,探岳X,https://p9-dcd.byteimg.com/motor-mis-img/2354614b33fc510dcae00876a4a23d77~tplv-resize:640:0.png?psm=motor.rank.data,427cd5e84edfd39e5f8d9c93,3,2,,f9e1f7d44f68649fa89c672c,dongchedi_ranking|dongchedi_usedcar_series,2026-07-08T22:04:53+08:00
4426,242,埃安,AION V,https://p9-dcd.byteimg.com/tos-cn-i-dcdx/b329963f143c4b57b1e7ad2c3f907db6~tplv-resize:640:0.png?psm=motor.rank.data,49c0e3b15e69293397bbcc6f,3,2,,13efd6e9d1b36c195a42c02b,dongchedi_ranking|dongchedi_usedcar_series,2026-07-08T22:04:53+08:00
4451,45,玛莎拉蒂,玛莎拉蒂MC20,https://p3-dcd.byteimg.com/motor-mis-img/6fceb26d54a902f5756364f85f0c21f7~tplv-f042mdwyw7-original:tplv-resize:640:0.image?psm=motor.pc_sh.api,8cb6725ec7afc9ea06d3c549,1,0,,6400fc2bd9784bbc7424ef41,dongchedi_usedcar_series,2026-07-08T22:04:53+08:00
4485,57,福田,福田征服者3,https://p9-dcd.byteimg.com/motor-mis-img/f7fcc952fff9fdbb93e881a3545acdf0~tplv-f042mdwyw7-original:tplv-resize:640:0.image?psm=motor.pc_sh.api,e89b7e46195a302c86b60d14,1,0,,57d10790088ee156de40713c,dongchedi_usedcar_series,2026-07-08T22:04:53+08:00
4487,37,东风风神,奕炫GS,https://p3-dcd.byteimg.com/tos-cn-i-dcdx/d7789c5be13e4d8195c601ace736dd23~tplv-f042mdwyw7-original:tplv-resize:640:0.image?psm=motor.pc_sh.api,8608ba1ddd9d3fe8bf3bc053,1,0,,9bf1ba18868baac131f388e3,dongchedi_usedcar_series,2026-07-08T22:04:53+08:00
4490,39,五菱汽车,五菱EV50,https://p3-dcd.byteimg.com/motor-mis-img/044382f4c36515d97cc11893f22e01f8~tplv-f042mdwyw7-original:tplv-resize:640:0.image?psm=motor.pc_sh.api,d6ef48be451145a3d22f9f47,1,0,,038dba1c521d2b43397d257b,dongchedi_usedcar_series,2026-07-08T22:04:53+08:00
4491,12,别克,昂科威S,https://p9-dcd.byteimg.com/tos-cn-i-dcdx/c17b6ea069f84e40b1294bb9010b9186~tplv-f042mdwyw7-original:tplv-resize:640:0.image?psm=motor.pc_sh.api,d13e3b7834c5721e6c08a43f,1,0,,457e29716ddbbba86fa6e918,dongchedi_usedcar_series,2026-07-08T22:04:53+08:00
4496,32,江汽集团,嘉悦X7,https://p3-dcd.byteimg.com/motor-mis-img/a1a6b267826f97396af819367281c5ed~tplv-f042mdwyw7-original:tplv-resize:640:0.image?psm=motor.pc_sh.api,29f28242e007ade277b11882,1,0,,9fa9beeffdb670772afb0b2a,dongchedi_usedcar_series,2026-07-08T22:04:53+08:00
4497,368,创维汽车,天美ET5,https://p3-dcd.byteimg.com/motor-mis-img/5fd1eeb8f2de9af4892e73dc2c20bb3f~tplv-f042mdwyw7-original:tplv-resize:640:0.image?psm=motor.pc_sh.api,54464ed14cbcdcfea9c23624,1,0,,c265e0e4e98d09a6dcb55067,dongchedi_usedcar_series,2026-07-08T22:04:53+08:00
4498,32,江汽集团,嘉悦X4,https://p3-dcd.byteimg.com/motor-mis-img/19b06321648d0ba54892c9695a572f2d~tplv-f042mdwyw7-original:tplv-resize:640:0.image?psm=motor.pc_sh.api,14394a71813aae9f4a704bda,1,0,,a8056633dcc5b19cd4e0d56f,dongchedi_usedcar_series,2026-07-08T22:04:53+08:00
4499,39,五菱汽车,五菱宏光MINIEV,https://p9-dcd.byteimg.com/tos-cn-i-dcdx/a044522be4b94d78bee5dbc43f056782~tplv-resize:640:0.png?psm=motor.rank.data,5f1a331b0b6dbb73856b435e,3,2,,758cfa27e9155a460d75876b,dongchedi_ranking|dongchedi_usedcar_series,2026-07-08T22:04:53+08:00
4501,108,大通,大通D90 Pro,https://p3-dcd.byteimg.com/tos-cn-i-dcdx/d0cc3a116d2b451cae5f8292d20fa3f1~tplv-f042mdwyw7-original:tplv-resize:640:0.image?psm=motor.pc_sh.api,232c5723ab49cc81f764eff5,1,0,,132c2bed2b9f6e38a85b4b52,dongchedi_usedcar_series,2026-07-08T22:04:53+08:00
4503,384,凌宝汽车,凌宝BOX,https://p9-dcd.byteimg.com/tos-cn-i-dcdx/12472221312f488aa26ee727194a8550~tplv-resize:640:0.png?psm=motor.rank.data,4ca03eada6f4bcbb5c9c4453,3,2,,d09e629188f54f846cb22c28,dongchedi_ranking|dongchedi_usedcar_series,2026-07-08T22:04:53+08:00
4506,383,金冠汽车,金冠V-Class,https://p3-dcd.byteimg.com/motor-mis-img/d6e375e326a0d0c500373e34a294ada7~tplv-f042mdwyw7-original:tplv-resize:640:0.image?psm=motor.pc_sh.api,a8ba2c582cfa476d82685dbe,1,0,,8d2db168e4933d5d0857e96f,dongchedi_usedcar_series,2026-07-08T22:04:53+08:00
4507,58,观致,观致7,https://p9-dcd.byteimg.com/motor-mis-img/b49af0b1d995756a790d6512ccbb7c3c~tplv-f042mdwyw7-original:tplv-resize:640:0.image?psm=motor.pc_sh.api,043632bd1fdf0de9cfa17db3,1,0,,3568cd2f33206a7eeca90db8,dongchedi_usedcar_series,2026-07-08T22:04:53+08:00
4515,108,大通,大通EUNIQ 5 PLUG IN,https://p3-dcd.byteimg.com/motor-mis-img/d768dc3db3b15afd3adb2a32eae0a90b~tplv-f042mdwyw7-original:tplv-resize:640:0.image?psm=motor.pc_sh.api,f53c24e4804142ec7ed79b6a,1,0,,9a8c19fef4399e4a0331c9cb,dongchedi_usedcar_series,2026-07-08T22:04:53+08:00
4520,119,长安欧尚,长安欧尚科尚EV,https://p3-dcd.byteimg.com/motor-mis-img/c313a97054f0a29deacd89983a5be981~tplv-f042mdwyw7-original:tplv-resize:640:0.image?psm=motor.pc_sh.api,3c9e484611fb48f53e8e0dbe,1,0,,fc0b7413525181d243af3073,dongchedi_usedcar_series,2026-07-08T22:04:53+08:00
4529,401,飞凡汽车,飞凡MARVEL R,https://p3-dcd.byteimg.com/motor-mis-img/f32e8ee251a87005a4d0b6242cc5b278~tplv-f042mdwyw7-original:tplv-resize:640:0.image?psm=motor.pc_sh.api,1ec4769dd4fa15e366b35fae,1,0,,25c3c17f4b47944426a404c2,dongchedi_usedcar_series,2026-07-08T22:04:53+08:00
4532,119,长安欧尚,长安欧尚X5,https://p3-dcd.byteimg.com/tos-cn-i-dcdx/8d74331e85304f05833a17db6400ead1~tplv-f042mdwyw7-original:tplv-resize:640:0.image?psm=motor.pc_sh.api,1cd391badc73e7d4fcae2c1d,1,0,,ae6bbd41d1b1147a8df9f607,dongchedi_usedcar_series,2026-07-08T22:04:53+08:00
4535,36,荣威,荣威iMAX8,https://p9-dcd.byteimg.com/tos-cn-i-dcdx/6db94c2ed63e49d6a42eba931d90c2c0~tplv-resize:640:0.png?psm=motor.rank.data,77a76d19fb91db4d3c6c929f,3,2,,e5cc0e3ecc6dfd5a811e5b28,dongchedi_ranking|dongchedi_usedcar_series,2026-07-08T22:04:53+08:00
4537,62,林肯,航海家,https://p9-dcd.byteimg.com/tos-cn-i-dcdx/d1d4c4d05651471aabefb00b4c747831~tplv-resize:640:0.png?psm=motor.rank.data,6f6f04fb9d9501ea0f4af7e5,3,2,,af3d8188c0acd2f493ff4d36,dongchedi_ranking|dongchedi_usedcar_series,2026-07-08T22:04:53+08:00
4538,4,宝马,宝马iX3,https://p9-dcd.byteimg.com/tos-cn-i-dcdx/3836ba0f137448fe82cbabdfd2cc1786~tplv-resize:640:0.png?psm=motor.rank.data,fe6e10578cf6adfca1bfad57,3,2,,3c1b540250652e03ef995eca,dongchedi_ranking|dongchedi_usedcar_series,2026-07-08T22:04:53+08:00
4539,16,比亚迪,宋PLUS,https://p9-dcd.byteimg.com/motor-mis-img/c0dbd8e6bea7e13238d887c3fbf3e9f0~tplv-f042mdwyw7-original:tplv-resize:640:0.image?psm=motor.pc_sh.api,c3a7509e6942a15eb7d16ba4,1,0,,9b62b209a4a7fd87929e3ffa,dongchedi_usedcar_series,2026-07-08T22:04:53+08:00
4540,16,比亚迪,宋PLUS EV,https://p9-dcd.byteimg.com/tos-cn-i-dcdx/c0a2bdef6aa5493fb718ab5690d33e9f~tplv-f042mdwyw7-original:tplv-resize:640:0.image?psm=motor.pc_sh.api,f078fd4820a9474d48086f0f,1,0,,ea12a1ef6b248db902aba41e,dongchedi_usedcar_series,2026-07-08T22:04:53+08:00
4543,2,奥迪,奥迪e-tron,https://p3-dcd.byteimg.com/motor-mis-img/e8587b667f120eb9f0f98d11371b8b74~tplv-f042mdwyw7-original:tplv-resize:640:0.image?psm=motor.pc_sh.api,f2898edc32fd61683611e900,1,0,,de2be537aeb738fe270885c6,dongchedi_usedcar_series,2026-07-08T22:04:53+08:00
4549,7,福特,锐际PHEV,https://p3-dcd.byteimg.com/motor-mis-img/9fbf154e6c81aad3e71aee0f2cbfa64a~tplv-f042mdwyw7-original:tplv-resize:640:0.image?psm=motor.pc_sh.api,7135b6a118db5baaadf3a240,1,0,,b30501c4f5f3ce5dc1a1ac64,dongchedi_usedcar_series,2026-07-08T22:04:53+08:00
4561,34,名爵,MG Cyberster,https://p9-dcd.byteimg.com/tos-cn-i-dcdx/19f55487883d47e7906cb38b04f822d2~tplv-resize:640:0.png?psm=motor.rank.data,6dcc302d51ad6a61a2a66575,3,2,,bd984ed76a8d4fef6218482a,dongchedi_ranking|dongchedi_usedcar_series,2026-07-08T22:04:53+08:00
4562,140,金龙,龙耀8,https://p3-dcd.byteimg.com/motor-mis-img/573090d5ab4d8bf95e95a39ddba94321~tplv-f042mdwyw7-original:tplv-resize:640:0.image?psm=motor.pc_sh.api,2377bf967ae2842c3d08bef0,1,0,,41d1f2ec36f71c3eeebbe964,dongchedi_usedcar_series,2026-07-08T22:04:53+08:00
4563,17,哈弗,哈弗大狗,https://p9-dcd.byteimg.com/tos-cn-i-dcdx/413defba9aa74f2892f7f7ced70ce53a~tplv-resize:640:0.png?psm=motor.rank.data,029357c58faf1d71a719d80e,3,2,,0b2765b2f4d50313e5cab6ef,dongchedi_ranking|dongchedi_usedcar_series,2026-07-08T22:04:53+08:00
4567,52,北京越野,北京越野BJ30,https://p9-dcd.byteimg.com/tos-cn-i-dcdx/9ffd822a36be4f968238a83ea4bac9c2~tplv-resize:640:0.png?psm=motor.rank.data,27ebc6ca51dc0af2f40766e1,3,2,,c57aa3b689f7559018f28ada,dongchedi_ranking|dongchedi_usedcar_series,2026-07-08T22:04:53+08:00
4569,39,五菱汽车,凯捷Victory,https://p9-dcd.byteimg.com/tos-cn-i-dcdx/5564c09fd91040f0984815b9669d6763~tplv-resize:640:0.png?psm=motor.rank.data,65cfe2f0dfde74d80e6740a7,3,2,,cce307edc2f98920146d9689,dongchedi_ranking|dongchedi_usedcar_series,2026-07-08T22:04:53+08:00
4582,36,荣威,荣威i6 MAX EV,https://p9-dcd.byteimg.com/motor-mis-img/4a62b4c1ac07ae8e723dc417a5f06360~tplv-resize:640:0.png?psm=motor.rank.data,323114b9695e76e8d0ccfe4b,3,2,,353746b4fc059a2686095c8d,dongchedi_ranking|dongchedi_usedcar_series,2026-07-08T22:04:53+08:00
4583,57,福田,大将军G9,https://p9-dcd.byteimg.com/motor-mis-img/55777ee2d6d9810b085e20d590a7d0a7~tplv-f042mdwyw7-original:tplv-resize:640:0.image?psm=motor.pc_sh.api,e8ff8e10efc63665a501ab3f,1,0,,0255939282604b2420261a50,dongchedi_usedcar_series,2026-07-08T22:04:53+08:00
4585,105,思铭,东风本田M-NV,https://p9-dcd.byteimg.com/motor-mis-img/b20ad2749ca184a995d7d9b88d20b147~tplv-f042mdwyw7-original:tplv-resize:640:0.image?psm=motor.pc_sh.api,5eb7e47a27eb80e601dc34f5,1,0,,0f37d4305527c522190b7cb4,dongchedi_usedcar_series,2026-07-08T22:04:53+08:00
4586,1,大众,ID.4 CROZZ,https://p9-dcd.byteimg.com/tos-cn-i-dcdx/607efd041a344814981894ede3f25e83~tplv-resize:640:0.png?psm=motor.rank.data,9e4902ad1c6ea17d112fa701,3,2,,e045780b8667e2c90ef0835e,dongchedi_ranking|dongchedi_usedcar_series,2026-07-08T22:04:53+08:00
4587,308,远程汽车,吉利远程FX,https://p9-dcd.byteimg.com/motor-mis-img/3da442c1192be7a470317b36f9cf22b7~tplv-f042mdwyw7-original:tplv-resize:640:0.image?psm=motor.pc_sh.api,23d4f304ea5001bffd1b7ad6,1,0,,9f8c4d2491eacceac934f3b5,dongchedi_usedcar_series,2026-07-08T22:04:53+08:00
4597,36,荣威,荣威i6 MAX,https://p3-dcd.byteimg.com/motor-mis-img/b4ec243ea183268eaff3e092f2b6b680~tplv-f042mdwyw7-original:tplv-resize:640:0.image?psm=motor.pc_sh.api,7d5268b40de91e3b8d14ea0c,1,0,,4297d5638b2de94effa39eb2,dongchedi_usedcar_series,2026-07-08T22:04:53+08:00
4600,68,北京汽车,北京U5,https://p3-dcd.byteimg.com/motor-mis-img/83bf099ed67ea0fd242bcf938b8303b7~tplv-f042mdwyw7-original:tplv-resize:640:0.image?psm=motor.pc_sh.api,2b61f5d22cf66165fa361992,1,0,,c87c92117225ccc66999adb4,dongchedi_usedcar_series,2026-07-08T22:04:53+08:00
4601,36,荣威,荣威ei6 MAX,https://p3-dcd.byteimg.com/motor-mis-img/266e7ca38ec0c789653c38387dbaa4d6~tplv-f042mdwyw7-original:tplv-resize:640:0.image?psm=motor.pc_sh.api,463ec4849568bff8981652fb,1,0,,ef1b3c080c5e35ee874d9d36,dongchedi_usedcar_series,2026-07-08T22:04:53+08:00
4603,393,英力士,英力士掷弹兵,https://p9-dcd.byteimg.com/tos-cn-i-dcdx/9595db9be1624091ab8dff1e684b082f~tplv-f042mdwyw7-original:tplv-resize:640:0.image?psm=motor.pc_sh.api,846abc5a3062eb33a979a644,1,0,,da743634eccad7bda3d4476a,dongchedi_usedcar_series,2026-07-08T22:04:53+08:00
4615,425,坦克,坦克300,https://p9-dcd.byteimg.com/tos-cn-i-dcdx/c165012de7a54454aec3825533f6e1c3~tplv-resize:640:0.png?psm=motor.rank.data,6478109c652a92403732160f,3,2,,f3bf89dbf3ff6c796c3b0f7a,dongchedi_ranking|dongchedi_usedcar_series,2026-07-08T22:04:53+08:00
4629,199,哪吒汽车,哪吒V,https://p9-dcd.byteimg.com/tos-cn-i-dcdx/bfe2556d2d534bdbbc683b14c5391eae~tplv-f042mdwyw7-original:tplv-resize:640:0.image?psm=motor.pc_sh.api,3a9014aa45cb6d3c00862d46,1,0,,d7a6a3db114f8391535c1865,dongchedi_usedcar_series,2026-07-08T22:04:53+08:00
4635,238,欧拉,欧拉好猫,https://p9-dcd.byteimg.com/tos-cn-i-dcdx/538ddbd6b2164b8ea6ef186f0b9d41a1~tplv-resize:640:0.png?psm=motor.rank.data,507caee968fc80465d72df59,3,2,,2762532f2e5c6afc811b3a35,dongchedi_ranking|dongchedi_usedcar_series,2026-07-08T22:04:53+08:00
4637,176,ARCFOX极狐,极狐 阿尔法S,https://p9-dcd.byteimg.com/tos-cn-i-dcdx/f1583e99b55f453f9bf9da2348eddead~tplv-f042mdwyw7-original:tplv-resize:640:0.image?psm=motor.pc_sh.api,09ea86d22cd83e2d8e3f5d7d,1,0,,0460c595deea65470cf320df,dongchedi_usedcar_series,2026-07-08T22:04:53+08:00
4638,16,比亚迪,比亚迪D1,https://p9-dcd.byteimg.com/motor-mis-img/16a73f90c37db0a802139dd3bcb55a8b~tplv-resize:640:0.png?psm=motor.rank.data,9ceba270fa108e76001e9254,3,2,,41ac916048f9ca45c6170c69,dongchedi_ranking|dongchedi_usedcar_series,2026-07-08T22:04:53+08:00
4640,19,路虎,发现运动PHEV,https://p3-dcd.byteimg.com/tos-cn-i-dcdx/be4baa8456f641808b9ef8933a9d8333~tplv-f042mdwyw7-original:tplv-resize:640:0.image?psm=motor.pc_sh.api,0d510d0d22d92e427aa65d24,1,0,,5dbacdb5d5dceb6def825df3,dongchedi_usedcar_series,2026-07-08T22:04:53+08:00
4642,1,大众,途观X,https://p3-dcd.byteimg.com/motor-mis-img/f2aaf96f07f25a6030c212e1cd2ab329~tplv-f042mdwyw7-original:tplv-resize:640:0.image?psm=motor.pc_sh.api,a2d23e96362fe904764fa4f1,1,0,,bb9fdc5971ee84a26c3b1a47,dongchedi_usedcar_series,2026-07-08T22:04:53+08:00
4643,32,江汽集团,悍途,https://p3-dcd.byteimg.com/motor-mis-img/74154be4f82b0a31d6021ef76d145d1b~tplv-f042mdwyw7-original:tplv-resize:640:0.image?psm=motor.pc_sh.api,a41e8e8caa04beb11d79cc31,1,0,,06cd9d12927e6f47f4bc1536,dongchedi_usedcar_series,2026-07-08T22:04:53+08:00
4648,108,大通,大通T90,https://p3-dcd.byteimg.com/motor-mis-img/3a9917573d6071cc33394dca5da63142~tplv-f042mdwyw7-original:tplv-resize:640:0.image?psm=motor.pc_sh.api,f84943c8ecd3f8d749507c8b,1,0,,503422386a63af5feabc5060,dongchedi_usedcar_series,2026-07-08T22:04:53+08:00
4649,235,思皓,思皓E50A,https://p3-dcd.byteimg.com/motor-mis-img/f5084aff3a76644c68e8bbabdd27976e~tplv-f042mdwyw7-original:tplv-resize:640:0.image?psm=motor.pc_sh.api,869d99190d4083e683b00cb3,1,0,,874a1ab6c10aa17a0e73e2ad,dongchedi_usedcar_series,2026-07-08T22:04:53+08:00
4650,235,思皓,思皓E40X,https://p3-dcd.byteimg.com/motor-mis-img/f2d48c789b8f43889b689066027fc781~tplv-f042mdwyw7-original:tplv-resize:640:0.image?psm=motor.pc_sh.api,ae6722eb627585aedda2957d,1,0,,aebe7b268d339b8c275d46da,dongchedi_usedcar_series,2026-07-08T22:04:53+08:00
4654,70,东风风行,风行T5 EVO,https://p9-dcd.byteimg.com/tos-cn-i-dcdx/3bf531df6ea944619da286295d32c5c6~tplv-resize:640:0.png?psm=motor.rank.data,4053310176579136daff658e,3,2,,0cb56609dfb0284c3307a3cf,dongchedi_ranking|dongchedi_usedcar_series,2026-07-08T22:04:53+08:00
4655,145,Lorinser,Lorinser LS系列,https://p9-dcd.byteimg.com/tos-cn-i-dcdx/3ba3b8c3058e4acaa88ae0bb888f1ea8~tplv-f042mdwyw7-original:tplv-resize:640:0.image?psm=motor.pc_sh.api,32f663636cf597b6ff76951c,1,0,,cd30e8e997a190dcc9e9b27a,dongchedi_usedcar_series,2026-07-08T22:04:53+08:00
4663,9,本田,本田LIFE,https://p9-dcd.byteimg.com/tos-cn-i-dcdx/be382f51ae294caca8a0db835819303a~tplv-resize:640:0.png?psm=motor.rank.data,f2994575236955c1b628d795,3,2,,c7d75db178b0710e1dc6af2f,dongchedi_ranking|dongchedi_usedcar_series,2026-07-08T22:04:53+08:00
4666,174,领克,领克Z10,https://p9-dcd.byteimg.com/tos-cn-i-dcdx/a4f37175a6984ab694dd1c61719667b3~tplv-f042mdwyw7-original:tplv-resize:640:0.image?psm=motor.pc_sh.api,33a5573a68d42d1e579c28e1,1,0,,922107eceb7c195f7f66145d,dongchedi_usedcar_series,2026-07-08T22:04:53+08:00
4668,3,奔驰,奔驰EQS,https://p3-dcd.byteimg.com/tos-cn-i-dcdx/2f2b2b060c3d4be08781c5e04ec5594d~tplv-f042mdwyw7-original:tplv-resize:640:0.image?psm=motor.pc_sh.api,31bea65b3f1e8b53df410c6d,1,0,,5a04739ddd8ed882adecbeb9,dongchedi_usedcar_series,2026-07-08T22:04:53+08:00
4678,399,恒驰,恒驰5,https://p9-dcd.byteimg.com/motor-mis-img/f6a394d645f3d8c62b651f935b3d7000~tplv-f042mdwyw7-original:tplv-resize:640:0.image?psm=motor.pc_sh.api,df06317cd1d8b1ebbaccb1f6,1,0,,b5663a8c057c0f1fe7fbb034,dongchedi_usedcar_series,2026-07-08T22:04:53+08:00
4688,381,睿蓝汽车,枫叶80v,https://p9-dcd.byteimg.com/tos-cn-i-dcdx/ba39c93926014a6c91d2debeb1d61f3c~tplv-resize:640:0.png?psm=motor.rank.data,16e08ad2dd809ee50fc1b418,3,2,,e0f734d03106fdbb1b2155ec,dongchedi_ranking|dongchedi_usedcar_series,2026-07-08T22:04:53+08:00
4689,282,雷丁,芒果,https://p3-dcd.byteimg.com/motor-mis-img/ea5b03608f6c22fe5e879145907c5cb7~tplv-f042mdwyw7-original:tplv-resize:640:0.image?psm=motor.pc_sh.api,d9e536d814930cfcd88e3f16,1,0,,d24bd91c535ab3f367a92ef6,dongchedi_usedcar_series,2026-07-08T22:04:53+08:00
4703,95,东风风光,风光500,https://p9-dcd.byteimg.com/motor-mis-img/e70c2c39ab8b0a1e6e4d38c67e96c92f~tplv-resize:640:0.png?psm=motor.rank.data,e8bf2bce6cb8f1ae0ce5f559,3,2,,f4c2a1d7307b67b18722de18,dongchedi_ranking|dongchedi_usedcar_series,2026-07-08T22:04:53+08:00
4707,91,东风,帕拉索,https://p3-dcd.byteimg.com/tos-cn-i-dcdx/fda74e1c6b1a42979009e8b03f86addd~tplv-f042mdwyw7-original:tplv-resize:640:0.image?psm=motor.pc_sh.api,0ee61ffb127322dafe3dbc72,1,0,,8ae3805ad6cd8aff3f7d7b17,dongchedi_usedcar_series,2026-07-08T22:04:53+08:00
4711,18,奇瑞,瑞虎8 PLUS,https://p3-dcd.byteimg.com/tos-cn-i-dcdx/d52b60d7b945445e9ab165c869b610ce~tplv-f042mdwyw7-original:tplv-resize:640:0.image?psm=motor.pc_sh.api,3e39bceca60d6aa7c01ac51c,1,0,,92e5656eafb19bdfbf3da964,dongchedi_usedcar_series,2026-07-08T22:04:53+08:00
4713,10,日产,日产Z,https://p3-dcd.byteimg.com/tos-cn-i-dcdx/60a0192abe2a46b08a8749d0cc53085e~tplv-f042mdwyw7-original:tplv-resize:640:0.image?psm=motor.pc_sh.api,82f34d07fa8219e2f32c71a9,1,0,,a488e7437bdbcac7d965c126,dongchedi_usedcar_series,2026-07-08T22:04:53+08:00
4715,74,金杯,金杯海狮王,https://p9-dcd.byteimg.com/tos-cn-i-dcdx/e9217664ab8d4a898a8a30da5ad96971~tplv-f042mdwyw7-original:tplv-resize:640:0.image?psm=motor.pc_sh.api,f9943cf61f57a58fd06997ca,1,0,,fbabbfe682b22e9ea39e174e,dongchedi_usedcar_series,2026-07-08T22:04:53+08:00
4717,39,五菱汽车,五菱征途,https://p3-dcd.byteimg.com/motor-mis-img/bdfad4d89821718cf4f683972f467fbb~tplv-f042mdwyw7-original:tplv-resize:640:0.image?psm=motor.pc_sh.api,6435f8cd9ba8080c4081bc46,1,0,,64f771c2ab07d7c9f31c149d,dongchedi_usedcar_series,2026-07-08T22:04:53+08:00
4718,119,长安欧尚,长安欧尚科赛Pro,https://p3-dcd.byteimg.com/motor-mis-img/bc43503f3b385b4c78cf49d2e5e5299d~tplv-f042mdwyw7-original:tplv-resize:640:0.image?psm=motor.pc_sh.api,9fdff314b1bb2a7cabd9311a,1,0,,e97581966434695cef20354e,dongchedi_usedcar_series,2026-07-08T22:04:53+08:00
4722,45,玛莎拉蒂,Grecale,https://p3-dcd.byteimg.com/tos-cn-i-dcdx/49376143493d44dca46aa8fad1da41a0~tplv-f042mdwyw7-original:tplv-resize:640:0.image?psm=motor.pc_sh.api,25d6ab6cc3bedf4ce3cc6bcf,1,0,,0522e2bb0ba178368f01206e,dongchedi_usedcar_series,2026-07-08T22:04:53+08:00
4723,78,北京汽车制造厂,北汽小河马,https://p3-dcd.byteimg.com/motor-mis-img/4c379786112490c7a01a77d92e234f85~tplv-f042mdwyw7-original:tplv-resize:640:0.image?psm=motor.pc_sh.api,29dabe5ad8795aeb41b0aeb5,1,0,,0d3cf6286301136a65646c5b,dongchedi_usedcar_series,2026-07-08T22:04:53+08:00
4724,47,宾利,飞驰PHEV,https://p3-dcd.byteimg.com/tos-cn-i-dcdx/95906c8f0b5540bf8c63e0165bbe01df~tplv-f042mdwyw7-original:tplv-resize:640:0.image?psm=motor.pc_sh.api,995a74879aa61fb083b9f449,1,0,,e132a1347dde9e251508ca65,dongchedi_usedcar_series,2026-07-08T22:04:53+08:00
4730,9,本田,本田CR-V PHEV,https://p3-dcd.byteimg.com/tos-cn-i-dcdx/0047a45a573a45fcbfe7e58c31d36acd~tplv-f042mdwyw7-original:tplv-resize:640:0.image?psm=motor.pc_sh.api,6ca2d42461e8ffcc84e5e736,1,0,,9b95fa6532e928fdaf64c59c,dongchedi_usedcar_series,2026-07-08T22:04:53+08:00
4731,207,零跑汽车,零跑C11,https://p9-dcd.byteimg.com/tos-cn-i-dcdx/d92b854d956b4604b3d2ac8fc7e27ee4~tplv-resize:640:0.png?psm=motor.rank.data,c296df90e9c63e35a72600c9,3,2,,d24b3bb759f2be16eab3e35b,dongchedi_ranking|dongchedi_usedcar_series,2026-07-08T22:04:53+08:00
4736,34,名爵,MG领航,https://p3-dcd.byteimg.com/motor-mis-img/f1ecb6e0589c46d4e77733880afd3d8f~tplv-f042mdwyw7-original:tplv-resize:640:0.image?psm=motor.pc_sh.api,928876b2f4cf81e61d9ae478,1,0,,17501681046e83abc05aa742,dongchedi_usedcar_series,2026-07-08T22:04:53+08:00
4738,24,沃尔沃,沃尔沃XC40 EV,https://p3-dcd.byteimg.com/motor-mis-img/31d2b6da640b935204b7bfc42e4206a2~tplv-f042mdwyw7-original:tplv-resize:640:0.image?psm=motor.pc_sh.api,951618890d559a6229973f72,1,0,,e599ba576496a0e350c7c500,dongchedi_usedcar_series,2026-07-08T22:04:53+08:00
4739,108,大通,大通G20房车,https://p3-dcd.byteimg.com/motor-mis-img/039be6e06a7633bb74ffb8a960934865~tplv-f042mdwyw7-original:tplv-resize:640:0.image?psm=motor.pc_sh.api,f817fc4cece3706235cfe509,1,0,,47ae5d7ddedc3650ccd5dd1d,dongchedi_usedcar_series,2026-07-08T22:04:53+08:00
4743,235,思皓,思皓X8,https://p3-dcd.byteimg.com/motor-mis-img/a725c09d2d0c94f793cdcb18eb6027bd~tplv-f042mdwyw7-original:tplv-resize:640:0.image?psm=motor.pc_sh.api,9aa2a597c9fcc79aa7d0dd19,1,0,,48dd02da0cd77e7d8231aa23,dongchedi_usedcar_series,2026-07-08T22:04:53+08:00
4745,405,克蒂汽车,克蒂圣姆峰,https://p9-dcd.byteimg.com/motor-mis-img/830122729901b5a02caab7417cc6ca38~tplv-f042mdwyw7-original:tplv-resize:640:0.image?psm=motor.pc_sh.api,cac75f464e768af66c2d4719,1,0,,c83a1956e03114673cfe744e,dongchedi_usedcar_series,2026-07-08T22:04:53+08:00
4746,405,克蒂汽车,克蒂巴赫,https://p9-dcd.byteimg.com/motor-mis-img/6b7d518024a7d982a7a6d0095bbb3e26~tplv-f042mdwyw7-original:tplv-resize:640:0.image?psm=motor.pc_sh.api,f15e111c0802253123519851,1,0,,fb3b41db1883d558f91a7c8e,dongchedi_usedcar_series,2026-07-08T22:04:53+08:00
4753,408,松散机车,SS DOLPHIN,https://p3-dcd.byteimg.com/motor-mis-img/4bf176e0de27e9f7ffe8a089622d328f~tplv-f042mdwyw7-original:tplv-resize:640:0.image?psm=motor.pc_sh.api,8aeca459af8865f56d29a28b,1,0,,dbeaaa5f2236ad5a15fcd970,dongchedi_usedcar_series,2026-07-08T22:04:53+08:00
4755,235,思皓,思皓A5,https://p3-dcd.byteimg.com/motor-mis-img/3c999eea8af07ac6c8c15c88371c666f~tplv-f042mdwyw7-original:tplv-resize:640:0.image?psm=motor.pc_sh.api,33ac551aa488f5b0567c2d74,1,0,,1a4466e0828c5b619718987c,dongchedi_usedcar_series,2026-07-08T22:04:53+08:00
4756,324,LEVC翼真汽车,LEVC LX,https://p3-dcd.byteimg.com/motor-mis-img/ab6c89e53c96649d8801e39aba4fe665~tplv-f042mdwyw7-original:tplv-resize:640:0.image?psm=motor.pc_sh.api,b4ad7fcab39d4425f4632b7a,1,0,,2ea1e3d84c7bb65ecea4425e,dongchedi_usedcar_series,2026-07-08T22:04:53+08:00
4759,7,福特,领裕,https://p9-dcd.byteimg.com/tos-cn-i-dcdx/af5d7d24a04348fa954883a25310b018~tplv-resize:640:0.png?psm=motor.rank.data,7a7c118f5ce935c9facdabd2,3,2,,8d5275188676923aaea1680a,dongchedi_ranking|dongchedi_usedcar_series,2026-07-08T22:04:53+08:00
4760,395,岚图,岚图FREE,https://p9-dcd.byteimg.com/tos-cn-i-dcdx/131c546b47344d22a7cbc915b7186838~tplv-resize:640:0.png?psm=motor.rank.data,e68158c2564374e4338e1160,3,2,,e12204b6e216d56b64dfbea1,dongchedi_ranking|dongchedi_usedcar_series,2026-07-08T22:04:53+08:00
4772,4,宝马,宝马XM,https://p3-dcd.byteimg.com/tos-cn-i-dcdx/f97e33b83aa24327ac2db61541a16012~tplv-f042mdwyw7-original:tplv-resize:640:0.image?psm=motor.pc_sh.api,bdb18101f1ac087b2382014e,1,0,,eacd0af7e18d4993e67cafe6,dongchedi_usedcar_series,2026-07-08T22:04:53+08:00
4776,4,宝马,宝马Z3,https://p3-dcd.byteimg.com/motor-mis-img/830fcde2da9a9914e855a8995e49e078~tplv-f042mdwyw7-original:tplv-resize:640:0.image?psm=motor.pc_sh.api,c427e047906759553bc519b1,1,0,,bfbdc231dbe58d9629783a75,dongchedi_usedcar_series,2026-07-08T22:04:53+08:00
4779,858,吉利银河,LEVC TX,https://p3-dcd.byteimg.com/motor-mis-img/0ab4fbed99a45047ef11569679f95caf~tplv-f042mdwyw7-original:tplv-resize:640:0.image?psm=motor.pc_sh.api,1ab653d91808fdc56454db01,1,0,,297e850ff8588919c2d7b5cd,dongchedi_usedcar_series,2026-07-08T22:04:53+08:00
4780,209,捷途,捷途X70 PLUS,https://p9-dcd.byteimg.com/tos-cn-i-dcdx/2386ff96b11245ad802995493fbdda39~tplv-f042mdwyw7-original:tplv-resize:640:0.image?psm=motor.pc_sh.api,cfda6dd83a33e1b1d1a799ed,1,0,,3832d9ca212f2f3cc987d62c,dongchedi_usedcar_series,2026-07-08T22:04:53+08:00
4782,2,奥迪,奥迪RS e-tron GT,https://p3-dcd.byteimg.com/tos-cn-i-dcdx/e3b565aaa7c04468a22d31f0f7ada2a8~tplv-f042mdwyw7-original:tplv-resize:640:0.image?psm=motor.pc_sh.api,2ac4aa47510ec96839948b29,1,0,,2baa09c8d5b88229b88710bc,dongchedi_usedcar_series,2026-07-08T22:04:53+08:00
4783,35,长安,长安UNI-K,https://p9-dcd.byteimg.com/tos-cn-i-dcdx/458c4ef6b652476e8519de66e0912a74~tplv-resize:640:0.png?psm=motor.rank.data,7b334fc63e79d33abbb16eae,3,2,,aad00059f69501ec9a991520,dongchedi_ranking|dongchedi_usedcar_series,2026-07-08T22:04:53+08:00
4787,40,广汽传祺,影豹,https://p9-dcd.byteimg.com/tos-cn-i-dcdx/f7497d63f43a4cd18405d73636001342~tplv-resize:640:0.png?psm=motor.rank.data,03ed8601247dd8b8ba283829,3,2,,28c0c8678f86a69756c977c2,dongchedi_ranking|dongchedi_usedcar_series,2026-07-08T22:04:53+08:00
4791,70,东风风行,菱智PLUS,https://p3-dcd.byteimg.com/tos-cn-i-dcdx/61ae5644631a439fa046ad665371b95b~tplv-f042mdwyw7-original:tplv-resize:640:0.image?psm=motor.pc_sh.api,08b9312967d1f2e51020fc05,1,0,,ef34b7bd4354bbfa4b318802,dongchedi_usedcar_series,2026-07-08T22:04:53+08:00
4792,251,星途,星途凌云,https://p9-dcd.byteimg.com/tos-cn-i-dcdx/da475d4225a740e682707b93dc959304~tplv-resize:640:0.png?psm=motor.rank.data,04603fa3f32e8c57c381e41e,3,2,,326cd7de35cb1d78ef655751,dongchedi_ranking|dongchedi_usedcar_series,2026-07-08T22:04:53+08:00
4794,27,奔腾,奔腾T55,https://p9-dcd.byteimg.com/motor-mis-img/5eb9a1106aaeba38383586d41c10fd06~tplv-f042mdwyw7-original:tplv-resize:640:0.image?psm=motor.pc_sh.api,6ef151e629b78b7c2dd67fea,1,0,,a2a6820d32e3408f84a0d1e8,dongchedi_usedcar_series,2026-07-08T22:04:53+08:00
4795,237,广汽集团,绎乐,https://p3-dcd.byteimg.com/motor-mis-img/7c81468c2481b939613261d525bd1e8b~tplv-f042mdwyw7-original:tplv-resize:640:0.image?psm=motor.pc_sh.api,01646bd9043e6ca6be5105f1,1,0,,0a94f6bbdec4aa2b2d051533,dongchedi_usedcar_series,2026-07-08T22:04:53+08:00
4796,5,丰田,凌尚,https://p3-dcd.byteimg.com/tos-cn-i-dcdx/f032c5b0a28f4af7b383408f6a10b203~tplv-f042mdwyw7-original:tplv-resize:640:0.image?psm=motor.pc_sh.api,4f67ede6088cd98d3e659854,1,0,,2c28864c5a31671f058eafdf,dongchedi_usedcar_series,2026-07-08T22:04:53+08:00
4797,16,比亚迪,比亚迪e9,https://p9-dcd.byteimg.com/tos-cn-i-dcdx/03cc0e38cab643fe834fda7ca2b548aa~tplv-resize:640:0.png?psm=motor.rank.data,d1109eadf6db75ac2af5cf19,3,2,,f1015e0a189ce972441fcc6a,dongchedi_ranking|dongchedi_usedcar_series,2026-07-08T22:04:53+08:00
4798,512,江淮瑞风,瑞风L6 MAX,https://p3-dcd.byteimg.com/motor-mis-img/f14374560913e11a0f0e22ee6d6d63a2~tplv-f042mdwyw7-original:tplv-resize:640:0.image?psm=motor.pc_sh.api,31f45b9347cd0c99107f04eb,1,0,,347b76afe9d59060dfaf4f58,dongchedi_usedcar_series,2026-07-08T22:04:53+08:00
4799,410,晓澳汽车,晓澳V-Class,https://p3-dcd.byteimg.com/tos-cn-i-dcdx/5179f66429e54e5aababd34398ec43e3~tplv-f042mdwyw7-original:tplv-resize:640:0.image?psm=motor.pc_sh.api,ca9fb31d92cf0e29138fb77c,1,0,,dc3b2d4f8543e65cdac0eccf,dongchedi_usedcar_series,2026-07-08T22:04:53+08:00
4801,5,丰田,亚洲狮,https://p3-dcd.byteimg.com/motor-mis-img/425ce00970c41af596f5fb6d21b7fed9~tplv-f042mdwyw7-original:tplv-resize:640:0.image?psm=motor.pc_sh.api,d66d96ec9d8706592019ca68,1,0,,501bede2c46410143da899ac,dongchedi_usedcar_series,2026-07-08T22:04:53+08:00
4802,16,比亚迪,秦PLUS DM,https://p9-dcd.byteimg.com/tos-cn-i-dcdx/07aa7548dcd2431799fcc58785c6d74b~tplv-resize:640:0.png?psm=motor.rank.data,4aaabd1e3c931a63c855e2f9,3,2,,779c652d96775379c6df92a4,dongchedi_ranking|dongchedi_usedcar_series,2026-07-08T22:04:53+08:00
4803,18,奇瑞,艾瑞泽5 PLUS,https://p3-dcd.byteimg.com/tos-cn-i-dcdx/c101af05fcc8448193ce461cbabe47f6~tplv-f042mdwyw7-original:tplv-resize:640:0.image?psm=motor.pc_sh.api,654f4d4f82bfa8c51d6ce38d,1,0,,2faf845449827f2a4fe66595,dongchedi_usedcar_series,2026-07-08T22:04:53+08:00
4804,17,哈弗,哈弗初恋,https://p9-dcd.byteimg.com/motor-mis-img/3f98d54b76c91d58308d588a10f1a56c~tplv-f042mdwyw7-original:tplv-resize:640:0.image?psm=motor.pc_sh.api,30b62ceff868784c397f3864,1,0,,b9018f7863d9bcfad2d16a16,dongchedi_usedcar_series,2026-07-08T22:04:53+08:00
4808,34,名爵,MG领航PHEV,https://p3-dcd.byteimg.com/motor-mis-img/5f6ff0d40b5bf3af63b8ee08289e1cb4~tplv-f042mdwyw7-original:tplv-resize:640:0.image?psm=motor.pc_sh.api,257db486b05ae314f55b71ff,1,0,,60b608ecd2e85ec39e87c713,dongchedi_usedcar_series,2026-07-08T22:04:53+08:00
4813,5,丰田,威兰达PHEV,https://p9-dcd.byteimg.com/tos-cn-i-dcdx/fe0a534abd314543a5f1f803bab7597d~tplv-resize:640:0.png?psm=motor.rank.data,e11defc1c0520526bbff4d93,3,2,,c029ab33c79b7abe070ce4da,dongchedi_ranking|dongchedi_usedcar_series,2026-07-08T22:04:53+08:00
4814,242,埃安,AION Y,https://p9-dcd.byteimg.com/tos-cn-i-dcdx/d382087dc4bd467f8951919c0b5f8334~tplv-resize:640:0.png?psm=motor.rank.data,8f13fac707d68abe90dddd14,3,2,,74fe47b426bb1ca7f1b81d66,dongchedi_ranking|dongchedi_usedcar_series,2026-07-08T22:04:53+08:00
4819,235,思皓,思皓花仙子,https://p3-dcd.byteimg.com/tos-cn-i-dcdx/7a7c73fd87fe459f9f75a1ebdcf7c74a~tplv-f042mdwyw7-original:tplv-resize:640:0.image?psm=motor.pc_sh.api,7e33298963b0be1922767429,1,0,,3be65b8b1f76d6a4f990d530,dongchedi_usedcar_series,2026-07-08T22:04:53+08:00
4828,235,思皓,思皓X4,https://p3-dcd.byteimg.com/motor-mis-img/75dc2f6f8a5a50b92c4e579c97223039~tplv-f042mdwyw7-original:tplv-resize:640:0.image?psm=motor.pc_sh.api,10e984b3a3adc4d7e763f467,1,0,,7d390216d2eab72d9fc8cf6c,dongchedi_usedcar_series,2026-07-08T22:04:53+08:00
4831,86,迈凯伦,迈凯伦Artura,https://p3-dcd.byteimg.com/tos-cn-i-dcdx/b29a8e3edd744892af0724a311b1aa65~tplv-f042mdwyw7-original:tplv-resize:640:0.image?psm=motor.pc_sh.api,a703d89ca5902138da6a7230,1,0,,af4e58b40c45a3d606f48478,dongchedi_usedcar_series,2026-07-08T22:04:53+08:00
4834,413,华晨新日,华晨新日i03,https://p3-dcd.byteimg.com/motor-mis-img/6f94191738bca583a363b6a29c8a5c85~tplv-f042mdwyw7-original:tplv-resize:640:0.image?psm=motor.pc_sh.api,eb580450d9c08d5b787f97a2,1,0,,1b8763d0968cd34ea79d1037,dongchedi_usedcar_series,2026-07-08T22:04:53+08:00
4837,414,摩登汽车,Modern in,https://p3-dcd.byteimg.com/motor-mis-img/de69d1f7fbcb1bd1e2d203600286a72b~tplv-f042mdwyw7-original:tplv-resize:640:0.image?psm=motor.pc_sh.api,11074ae4fc7d99ee354004c0,1,0,,50a74616a8675b495e4a2b6a,dongchedi_usedcar_series,2026-07-08T22:04:53+08:00
4838,4,宝马,宝马i3,https://p9-dcd.byteimg.com/tos-cn-i-dcdx/7179c9f91abe42b1bfca1c56f5cc2763~tplv-resize:640:0.png?psm=motor.rank.data,cac272ce4fce15f97f5f1525,3,2,,8246ee3201e6d3302c45378d,dongchedi_ranking|dongchedi_usedcar_series,2026-07-08T22:04:53+08:00
4839,9,本田,皓影 PHEV,https://p9-dcd.byteimg.com/tos-cn-i-dcdx/fede19012b59405dbaf2cb12c3700cc0~tplv-resize:640:0.png?psm=motor.rank.data,cbcdc177466e3ac4900981c3,3,2,,ba99633e0fc1a6eb9ce9396a,dongchedi_ranking|dongchedi_usedcar_series,2026-07-08T22:04:53+08:00
4840,5,丰田,皇冠陆放,https://p9-dcd.byteimg.com/tos-cn-i-dcdx/0bcfc8eba77b4c61895a20e86c196bd7~tplv-resize:640:0.png?psm=motor.rank.data,cc0f2c1a5a5daba6852e3e9d,3,2,,812b2e6f54e3ea0c87df1ad9,dongchedi_ranking|dongchedi_usedcar_series,2026-07-08T22:04:53+08:00
4857,73,吉利汽车,星越L,https://p9-dcd.byteimg.com/tos-cn-i-dcdx/588bea89ef084984b66a2ee353b261ff~tplv-resize:640:0.png?psm=motor.rank.data,c9907465d24095ce41754ffb,3,2,,2782fb43fc3b360a1df6700d,dongchedi_ranking|dongchedi_usedcar_series,2026-07-08T22:04:53+08:00
4858,136,江铃集团新能源,羿,https://p9-dcd.byteimg.com/tos-cn-i-dcdx/0ac527702eb54802bd818a25aa6a403b~tplv-resize:640:0.png?psm=motor.rank.data,90c44b492364369c7d3d5b51,2,2,,b2596070b287157856244b95,dongchedi_ranking,2026-07-08T22:04:53+08:00
4859,235,思皓,思皓QX,https://p3-dcd.byteimg.com/motor-mis-img/6d7d40e80e8ae4b5ca752a6e23288130~tplv-f042mdwyw7-original:tplv-resize:640:0.image?psm=motor.pc_sh.api,53961acf065ea17844c17625,1,0,,67f0bfde65efc8eebff33205,dongchedi_usedcar_series,2026-07-08T22:04:53+08:00
4861,27,奔腾,奔腾NAT,https://p9-dcd.byteimg.com/motor-mis-img/86e59b68321279091b353bb89ec0d411~tplv-f042mdwyw7-original:tplv-resize:640:0.image?psm=motor.pc_sh.api,cf4203ec79c4a2ec3fd773dd,1,0,,f12cba036db47fa3df290183,dongchedi_usedcar_series,2026-07-08T22:04:53+08:00
4865,16,比亚迪,宋PLUS DM,https://p9-dcd.byteimg.com/tos-cn-i-dcdx/7090077c0c97451eb60cc58effa35c74~tplv-f042mdwyw7-original:tplv-resize:640:0.image?psm=motor.pc_sh.api,f0c7865839dec6d6009ce0c1,1,0,,63c4ffe74ecd0d092ccb7d0b,dongchedi_usedcar_series,2026-07-08T22:04:53+08:00
4866,66,魏牌,摩卡,https://p3-dcd.byteimg.com/tos-cn-i-dcdx/7ef007e25b00421aa138e6ebf311aad8~tplv-f042mdwyw7-original:tplv-resize:640:0.image?psm=motor.pc_sh.api,8941a6ad37a0d8e98eff914a,1,0,,6202478c72bb491a313a85a0,dongchedi_usedcar_series,2026-07-08T22:04:53+08:00
4867,66,魏牌,摩卡PHEV,https://p9-dcd.byteimg.com/tos-cn-i-dcdx/9d32431637e74d9ba2c02f721b313e39~tplv-resize:640:0.png?psm=motor.rank.data,cf23687b1243e8993c7b4eb9,3,2,,425dd272bb470c28f2ce0495,dongchedi_ranking|dongchedi_usedcar_series,2026-07-08T22:04:53+08:00
4868,66,魏牌,拿铁DHT,https://p3-dcd.byteimg.com/motor-mis-img/2c9035c878d7d07b8a38532cb260b931~tplv-f042mdwyw7-original:tplv-resize:640:0.image?psm=motor.pc_sh.api,40f617753e3c82c999cd8cc4,1,0,,d26f9a7f7b244d0975422c0f,dongchedi_usedcar_series,2026-07-08T22:04:53+08:00
4869,419,智己汽车,智己LS7,https://p9-dcd.byteimg.com/tos-cn-i-dcdx/aff8de32f2fa496ab3e0b6b38f29b24a~tplv-resize:640:0.png?psm=motor.rank.data,a8348d3ecc7780e207056f64,3,2,,52785682efa314a522ca537c,dongchedi_ranking|dongchedi_usedcar_series,2026-07-08T22:04:53+08:00
4870,419,智己汽车,智己L7,https://p9-dcd.byteimg.com/tos-cn-i-dcdx/8edb77cb2b3049aab144e1e1b94869ed~tplv-resize:640:0.png?psm=motor.rank.data,709568c0ecbc592739324bf0,3,2,,ee643ac7414c58e89ddfb71d,dongchedi_ranking|dongchedi_usedcar_series,2026-07-08T22:04:53+08:00
4871,420,朋克汽车,朋克美美,https://p9-dcd.byteimg.com/motor-mis-img/60a10e5922963f11d17424a6c51dff36~tplv-f042mdwyw7-original:tplv-resize:640:0.image?psm=motor.pc_sh.api,631f40330a082e9506b7b611,1,0,,3b893fee06518ea2916bc6a8,dongchedi_usedcar_series,2026-07-08T22:04:53+08:00
4881,7,福特,Maverick,https://p3-dcd.byteimg.com/motor-mis-img/0dfc874e162598ed61c68c413e279640~tplv-f042mdwyw7-original:tplv-resize:640:0.image?psm=motor.pc_sh.api,1beed06c35b0f2f82c476bc7,1,0,,63120171714f85125d94a26e,dongchedi_usedcar_series,2026-07-08T22:04:53+08:00
4883,106,五十铃,TAGA达咖H,https://p3-dcd.byteimg.com/motor-mis-img/6ec0c62c1249ff0176d603e1a685b65e~tplv-f042mdwyw7-original:tplv-resize:640:0.image?psm=motor.pc_sh.api,2b2d9f2d913c2976d4d32f85,1,0,,d187c9015221dba95a1fb379,dongchedi_usedcar_series,2026-07-08T22:04:53+08:00
4890,7,福特,福特电马,https://p3-dcd.byteimg.com/tos-cn-i-dcdx/7b88c973a0d548a38057e70ecc07c08e~tplv-f042mdwyw7-original:tplv-resize:640:0.image?psm=motor.pc_sh.api,8fa083768eb6719cdc3d5ddb,1,0,,c0a11d026ebcb39b20478073,dongchedi_usedcar_series,2026-07-08T22:04:53+08:00
4894,1,大众,ID.6 X,https://p9-dcd.byteimg.com/motor-mis-img/bc5400d7759589d05ac39a0f52362327~tplv-resize:640:0.png?psm=motor.rank.data,e4e2b0a4f2fa386ab5420e38,3,2,,778dbe06b5bd54ac5fa65fef,dongchedi_ranking|dongchedi_usedcar_series,2026-07-08T22:04:53+08:00
4896,66,魏牌,玛奇朵DHT,https://p3-dcd.byteimg.com/motor-mis-img/8b509e30c859d0b64669f2d839b052e8~tplv-f042mdwyw7-original:tplv-resize:640:0.image?psm=motor.pc_sh.api,480560f093988031667e0057,1,0,,ac327c6b05eb9b5d6e065f44,dongchedi_usedcar_series,2026-07-08T22:04:53+08:00
4899,16,比亚迪,秦PLUS EV,https://p9-dcd.byteimg.com/tos-cn-i-dcdx/bea43ec45387461aa6579a7566a40a51~tplv-resize:640:0.png?psm=motor.rank.data,230cece7980a254d5c91e25c,3,2,,da035c642d378d4b04cc8a38,dongchedi_ranking|dongchedi_usedcar_series,2026-07-08T22:04:53+08:00
4901,39,五菱汽车,五菱征程,https://p9-dcd.byteimg.com/motor-mis-img/14a5f4d31b2390bbe29d1e2ed5c86725~tplv-resize:640:0.png?psm=motor.rank.data,3dc205ec8d53f2e3daf197a8,3,2,,87cba65ad6fd86b5930c1341,dongchedi_ranking|dongchedi_usedcar_series,2026-07-08T22:04:53+08:00
4902,85,莲花跑车,Emira,https://p3-dcd.byteimg.com/tos-cn-i-dcdx/1bd8ea4c625941ef9843ec480dc30994~tplv-f042mdwyw7-original:tplv-resize:640:0.image?psm=motor.pc_sh.api,f82a764a0621d99eaf4a286a,1,0,,bf587585d320015de7caf4a2,dongchedi_usedcar_series,2026-07-08T22:04:53+08:00
4912,5,丰田,Granvia(海外),https://p3-dcd.byteimg.com/tos-cn-i-dcdx/ccb7ef9e74bc43ddbf60332b000e863f~tplv-f042mdwyw7-original:tplv-resize:640:0.image?psm=motor.pc_sh.api,3cb689583f63b72632793396,1,0,,3149cd69ab6f8601aa05c959,dongchedi_usedcar_series,2026-07-08T22:04:53+08:00
4921,17,哈弗,哈弗赤兔,https://p9-dcd.byteimg.com/motor-mis-img/e7839b650abba0c7b787aa48aa248b4f~tplv-f042mdwyw7-original:tplv-resize:640:0.image?psm=motor.pc_sh.api,53f8f95aefaf048c4721df67,1,0,,b180416aa74597fad98f69d0,dongchedi_usedcar_series,2026-07-08T22:04:53+08:00
4924,24,沃尔沃,沃尔沃C40 EV,https://p3-dcd.byteimg.com/motor-mis-img/a33abe2401429de388c10fa422965b66~tplv-f042mdwyw7-original:tplv-resize:640:0.image?psm=motor.pc_sh.api,8af0df1514530f271db4856b,1,0,,d71d177eac37086227e54553,dongchedi_usedcar_series,2026-07-08T22:04:53+08:00
4944,420,朋克汽车,朋克多多,https://p9-dcd.byteimg.com/motor-mis-img/be6a91bbd5caff44e4aaca634a6d3b03~tplv-f042mdwyw7-original:tplv-resize:640:0.image?psm=motor.pc_sh.api,9592f3436abf03523b364be7,1,0,,5339cdfac8a2a537324bf12e,dongchedi_usedcar_series,2026-07-08T22:04:53+08:00
4949,366,宝骏,宝骏Valli,https://p9-dcd.byteimg.com/motor-mis-img/df6405525d525b2ecffcef31cca3592e~tplv-f042mdwyw7-original:tplv-resize:640:0.image?psm=motor.pc_sh.api,0a79cc1ee966be0383ac5dfd,1,0,,0f8b7321b1534872276ca74b,dongchedi_usedcar_series,2026-07-08T22:04:53+08:00
4960,250,天际汽车,天际ME5,https://p3-dcd.byteimg.com/motor-mis-img/04589c1637429c11279347ed0ebb914b~tplv-f042mdwyw7-original:tplv-resize:640:0.image?psm=motor.pc_sh.api,aa0717679e528ea1b0f5390d,1,0,,faa4f649fcf6590856c697a3,dongchedi_usedcar_series,2026-07-08T22:04:53+08:00
4961,1,大众,ID.6 CROZZ,https://p3-dcd.byteimg.com/tos-cn-i-dcdx/bfe72d8d82e24fab93410c6b07179b38~tplv-f042mdwyw7-original:tplv-resize:640:0.image?psm=motor.pc_sh.api,087565b2a1de855ffac3c58e,1,0,,2ca9969dd6f2e28b0e219950,dongchedi_usedcar_series,2026-07-08T22:04:53+08:00
4970,174,领克,领克02 Hatchback,https://p9-dcd.byteimg.com/motor-mis-img/d74bf9dd4b8264bde85a39c588b4e54e~tplv-f042mdwyw7-original:tplv-resize:640:0.image?psm=motor.pc_sh.api,9d187d5ed25b00510cb1ecfc,1,0,,52babbe422cc48e116344243,dongchedi_usedcar_series,2026-07-08T22:04:53+08:00
4980,401,飞凡汽车,飞凡R7,https://p9-dcd.byteimg.com/tos-cn-i-dcdx/f23944d550054a60a7f29e528d8eea4e~tplv-resize:640:0.png?psm=motor.rank.data,68d87d251dc197621fb45a4f,3,2,,2c2b601f4f8b14c4944c04c1,dongchedi_ranking|dongchedi_usedcar_series,2026-07-08T22:04:53+08:00
4981,16,比亚迪,元Pro,https://p9-dcd.byteimg.com/tos-cn-i-dcdx/be7448edc47149b8b78bd8548d30aefb~tplv-f042mdwyw7-original:tplv-resize:640:0.image?psm=motor.pc_sh.api,5e8e28a0912979ad90825d02,1,0,,f1d4bf07a50588d380987153,dongchedi_usedcar_series,2026-07-08T22:04:53+08:00
4985,424,Novitec,Novitec Huracán,https://p3-dcd.byteimg.com/motor-mis-img/a2113c54506a0af38073a268485780b4~tplv-f042mdwyw7-original:tplv-resize:640:0.image?psm=motor.pc_sh.api,282f677d7484026213e50462,1,0,,c652c2786fdcbb5b0b6adac0,dongchedi_usedcar_series,2026-07-08T22:04:53+08:00
4986,5,丰田,凌放HARRIER,https://p3-dcd.byteimg.com/tos-cn-i-dcdx/6d957f2954a94d748460c8f623e7a85a~tplv-f042mdwyw7-original:tplv-resize:640:0.image?psm=motor.pc_sh.api,8a0b1a2c27837ff0f584ba54,1,0,,9d8994ac8156bedc7a8f06c6,dongchedi_usedcar_series,2026-07-08T22:04:53+08:00
4989,2,奥迪,奥迪Q5L Sportback,https://p9-dcd.byteimg.com/tos-cn-i-dcdx/29cfd14dd63a42e4b47a5b682b5dda75~tplv-resize:640:0.png?psm=motor.rank.data,9f4125203dbe3e423480400e,3,2,,07748f47a0c59b513f5c68aa,dongchedi_ranking|dongchedi_usedcar_series,2026-07-08T22:04:53+08:00
4990,2,奥迪,奥迪Q3 Sportback,https://p9-dcd.byteimg.com/tos-cn-i-dcdx/12cb65997d2349f88511b2547ddd8204~tplv-resize:640:0.png?psm=motor.rank.data,65b1562ca70ad4f780592288,3,2,,10b60040a99f0dae0ee25c10,dongchedi_ranking|dongchedi_usedcar_series,2026-07-08T22:04:53+08:00
5000,73,吉利汽车,帝豪S,https://p3-dcd.byteimg.com/motor-mis-img/2143a3937603ae9759702c9b8f91f9e4~tplv-f042mdwyw7-original:tplv-resize:640:0.image?psm=motor.pc_sh.api,560a7626c3b52d8f7d441e65,1,0,,38e37a20b106b1f8cc72c0da,dongchedi_usedcar_series,2026-07-08T22:04:53+08:00
5001,18,奇瑞,瑞虎8 PLUS鲲鹏e+,https://p3-dcd.byteimg.com/motor-mis-img/c7794f2136b4b93918827706d3f99e24~tplv-f042mdwyw7-original:tplv-resize:640:0.image?psm=motor.pc_sh.api,7f7acd5c62a19fd3ff037704,1,0,,3f0fc0b4455df1cc0b98c4b4,dongchedi_usedcar_series,2026-07-08T22:04:53+08:00
5002,2,奥迪,奥迪Q5 e-tron,https://p9-dcd.byteimg.com/motor-mis-img/6a288e43d3e85af91ecebda0776126cb~tplv-resize:640:0.png?psm=motor.rank.data,ddff4201de542f61be637bc0,3,2,,9fb9ea60304ea950db238c07,dongchedi_ranking|dongchedi_usedcar_series,2026-07-08T22:04:53+08:00
5004,195,小鹏汽车,小鹏P5,https://p3-dcd.byteimg.com/tos-cn-i-dcdx/a638941d454742058547308ebfab52d2~tplv-f042mdwyw7-original:tplv-resize:640:0.image?psm=motor.pc_sh.api,5080305508ed83b2cb507edb,1,0,,e7b54514b435a884a838c42b,dongchedi_usedcar_series,2026-07-08T22:04:53+08:00
5008,16,比亚迪,海豚,https://p9-dcd.byteimg.com/tos-cn-i-dcdx/dc616c2ab21c47d9beddc2c940f8828d~tplv-resize:640:0.png?psm=motor.rank.data,ae7ae426fe50b4eddf37eaa5,3,2,,29d5fd1a6f4c1c29b9dc5006,dongchedi_ranking|dongchedi_usedcar_series,2026-07-08T22:04:53+08:00
5009,3,奔驰,AMG GT PHEV,https://p3-dcd.byteimg.com/tos-cn-i-dcdx/2431033a5d064e68825a1cc3f5cca5d9~tplv-f042mdwyw7-original:tplv-resize:640:0.image?psm=motor.pc_sh.api,7cf6983b2820bb9aa8434c98,1,0,,800112516f6221db7fbe7e30,dongchedi_usedcar_series,2026-07-08T22:04:53+08:00
5013,17,哈弗,哈弗酷狗,https://p9-dcd.byteimg.com/motor-mis-img/542c787061ef1dc3acaa30b2d30ce797~tplv-f042mdwyw7-original:tplv-resize:640:0.image?psm=motor.pc_sh.api,903a61af24431948dfe401ec,1,0,,3a72f7ea1a3dad559517a510,dongchedi_usedcar_series,2026-07-08T22:04:53+08:00
5014,429,小虎,小虎FEV,https://p3-dcd.byteimg.com/motor-mis-img/9265da77f9e501614776f2afe7afa78f~tplv-f042mdwyw7-original:tplv-resize:640:0.image?psm=motor.pc_sh.api,b72a05e2e6cc2256345606ca,1,0,,c1b429e8f09f17a157bcb3a4,dongchedi_usedcar_series,2026-07-08T22:04:53+08:00
5015,426,极氪,ZEEKR 001,https://p9-dcd.byteimg.com/tos-cn-i-dcdx/750b7836d2fa4303bb1831c88b379ddd~tplv-resize:640:0.png?psm=motor.rank.data,2ac49054945523e4908a3296,3,2,,40a915b9985b2cd95f2aaad7,dongchedi_ranking|dongchedi_usedcar_series,2026-07-08T22:04:53+08:00
5020,96,GMC,悍马EV SUV,https://p3-dcd.byteimg.com/motor-mis-img/1f1842fe6a2ff092f261f10f317f4717~tplv-f042mdwyw7-original:tplv-resize:640:0.image?psm=motor.pc_sh.api,fa8ab4906af9ab024000c2c5,1,0,,d76dce51df19958955e27399,dongchedi_usedcar_series,2026-07-08T22:04:53+08:00
5023,169,中兴,中兴1949,https://p3-dcd.byteimg.com/tos-cn-i-dcdx/306367b143b94fc9a05a8654f4b108ff~tplv-f042mdwyw7-original:tplv-resize:640:0.image?psm=motor.pc_sh.api,a8fcbbdcbac360959515f984,1,0,,c10241736dd252c299fe04f8,dongchedi_usedcar_series,2026-07-08T22:04:53+08:00
5031,37,东风风神,奕炫MAX,https://p3-dcd.byteimg.com/tos-cn-i-dcdx/a2af97add715456ea9ed78f90392e4e5~tplv-f042mdwyw7-original:tplv-resize:640:0.image?psm=motor.pc_sh.api,4a985e7e803df96c00f145ce,1,0,,b5b7683ba23ebe73664227fe,dongchedi_usedcar_series,2026-07-08T22:04:53+08:00
5032,384,凌宝汽车,凌宝COCO,https://p9-dcd.byteimg.com/motor-mis-img/111284e8347160f59512ad08dab736a3~tplv-f042mdwyw7-original:tplv-resize:640:0.image?psm=motor.pc_sh.api,a4ac6941d2bd3c70774f3ca5,1,0,,824fe7cb7d0bb9a68dd1b010,dongchedi_usedcar_series,2026-07-08T22:04:53+08:00
5033,142,凯翼,轩度,https://p3-dcd.byteimg.com/tos-cn-i-dcdx/e38a5871363e4c4892396c6049d4e0c7~tplv-resize:640:0.png?psm=motor.rank.data,a4df543eb31f2e52bdc4a432,2,1,,18ba259e2585bfd289d9a438,dongchedi_ranking|dongchedi_usedcar_series,2026-07-08T22:04:53+08:00
5034,11,现代,库斯途,https://p9-dcd.byteimg.com/tos-cn-i-dcdx/1021e1ea21ad48cc8a366e29eee380b3~tplv-resize:640:0.png?psm=motor.rank.data,4fa23c81e695d007f58bfb03,3,2,,4207186089ea78f8f7cf8b6e,dongchedi_ranking|dongchedi_usedcar_series,2026-07-08T22:04:53+08:00
5037,39,五菱汽车,五菱星辰,https://p9-dcd.byteimg.com/tos-cn-i-dcdx/e365b62932e14542987c0ec29e807693~tplv-resize:640:0.png?psm=motor.rank.data,cbb94a30b8a3ec3936005849,3,2,,8794391568afb7f84f340535,dongchedi_ranking|dongchedi_usedcar_series,2026-07-08T22:04:53+08:00
5047,39,五菱汽车,五菱Nano EV,https://p3-dcd.byteimg.com/motor-mis-img/91d0af2faeadb3a1ce07bee26159a802~tplv-f042mdwyw7-original:tplv-resize:640:0.image?psm=motor.pc_sh.api,bcf7fd1360a9477bc5628cd3,1,0,,58302d4c90a0c6824cc49843,dongchedi_usedcar_series,2026-07-08T22:04:53+08:00
5048,21,雪铁龙,凡尔赛C5 X,https://p9-dcd.byteimg.com/tos-cn-i-dcdx/fb7abd70b8b248fc90d8fd1009400de6~tplv-resize:640:0.png?psm=motor.rank.data,ffda469839f6583d4ecfe3f7,3,2,,89c21dd6c5b858c56b8149e6,dongchedi_ranking|dongchedi_usedcar_series,2026-07-08T22:04:53+08:00
5050,119,长安欧尚,长安欧尚X7 PLUS,https://p3-dcd.byteimg.com/tos-cn-i-dcdx/792f6cb783e54f76b76081f54eb719ad~tplv-f042mdwyw7-original:tplv-resize:640:0.image?psm=motor.pc_sh.api,e67b3c4f3cd3910d981cd124,1,0,,8214c519e03bfd96a73bfa08,dongchedi_usedcar_series,2026-07-08T22:04:53+08:00
5052,157,SWM斯威汽车,钢铁侠,https://p3-dcd.byteimg.com/motor-mis-img/5284a8ded61af5b3d29fa6f9b0a5abae~tplv-f042mdwyw7-original:tplv-resize:640:0.image?psm=motor.pc_sh.api,b94f077fdf631cff4dfc93e2,1,0,,bdfa1f878b801c9b5df1d748,dongchedi_usedcar_series,2026-07-08T22:04:53+08:00
5053,238,欧拉,欧拉闪电猫,https://p9-dcd.byteimg.com/motor-mis-img/9a42521e00f5301bbf77aaec4f602946~tplv-resize:640:0.png?psm=motor.rank.data,3e83e5e58b9eebf3735d574c,3,2,,41e1f186531e82d0bbfd637d,dongchedi_ranking|dongchedi_usedcar_series,2026-07-08T22:04:53+08:00
5059,193,鑫源汽车,金海狮,https://p9-dcd.byteimg.com/motor-mis-img/420edba187de7d68b797455324ccd5af~tplv-resize:640:0.png?psm=motor.rank.data,284ff7b0ac4bc30bd6efa005,3,2,,c0ccddb08058a4a54a7898cb,dongchedi_ranking|dongchedi_usedcar_series,2026-07-08T22:04:53+08:00
5063,108,大通,大家9 EV,https://p9-dcd.byteimg.com/motor-mis-img/149f3cd713fb650b0414ba133fad555a~tplv-resize:640:0.png?psm=motor.rank.data,b907cb67edebea0770f63154,3,2,,c0193173a99ff0282c1bc570,dongchedi_ranking|dongchedi_usedcar_series,2026-07-08T22:04:53+08:00
5067,7,福特,EVOS,https://p3-dcd.byteimg.com/motor-mis-img/62f1f5c9892cfbf4cf1c75e071638aa7~tplv-f042mdwyw7-original:tplv-resize:640:0.image?psm=motor.pc_sh.api,29f5f485ef21c358ddef71eb,1,0,,238c64c41670fbe39c0ee5eb,dongchedi_usedcar_series,2026-07-08T22:04:53+08:00
5069,15,马自达,马自达CX-30 EV,https://p3-dcd.byteimg.com/motor-mis-img/79d417ac74b4f57a2935af5f3cdf409e~tplv-f042mdwyw7-original:tplv-resize:640:0.image?psm=motor.pc_sh.api,a17ad78e8f0b90f279346ed9,1,0,,69b1d59a16917362c89a7835,dongchedi_usedcar_series,2026-07-08T22:04:53+08:00
5081,174,领克,领克09,https://p9-dcd.byteimg.com/tos-cn-i-dcdx/58462a5635d74f1dae098f5ba61388c9~tplv-resize:640:0.png?psm=motor.rank.data,3d17878f31265a8676ef1a24,3,2,,218fa34a5204d91a633577b4,dongchedi_ranking|dongchedi_usedcar_series,2026-07-08T22:04:53+08:00
5082,209,捷途,捷途X90 PLUS,https://p9-dcd.byteimg.com/tos-cn-i-dcdx/317644572e174778868a97d76e8a4f71~tplv-f042mdwyw7-original:tplv-resize:640:0.image?psm=motor.pc_sh.api,eaa36807dbfaff767a35de97,1,0,,10f128c80bdf1f191253aa8e,dongchedi_usedcar_series,2026-07-08T22:04:53+08:00
5089,303,合创汽车,合创Z03,https://p3-dcd.byteimg.com/tos-cn-i-dcdx/966f8986005d4b1e9b62bd3bc3231f39~tplv-f042mdwyw7-original:tplv-resize:640:0.image?psm=motor.pc_sh.api,e7a1a95b5f51153df04ab2a4,1,0,,88a431fd4c31ca6f1eed4e70,dongchedi_usedcar_series,2026-07-08T22:04:53+08:00
5090,199,哪吒汽车,哪吒S,https://p9-dcd.byteimg.com/tos-cn-i-dcdx/b399c2973f3e4b4da7eda0359ba505a9~tplv-f042mdwyw7-original:tplv-resize:640:0.image?psm=motor.pc_sh.api,354cb7a8635f11389656910e,1,0,,88def940cb826c14334f02f7,dongchedi_usedcar_series,2026-07-08T22:04:53+08:00
5092,59,红旗,红旗E-QM5,https://p9-dcd.byteimg.com/tos-cn-i-dcdx/b037b30e070943928eff5eb972564e56~tplv-resize:640:0.png?psm=motor.rank.data,de4443d3b15ff83908ef13ef,3,2,,477db6646ae66b41eafa141a,dongchedi_ranking|dongchedi_usedcar_series,2026-07-08T22:04:53+08:00
5093,366,宝骏,宝骏KiWi EV,https://p9-dcd.byteimg.com/motor-mis-img/efdc6c8ac11f8f256a1a69c114935b01~tplv-f042mdwyw7-original:tplv-resize:640:0.image?psm=motor.pc_sh.api,127fdb519451a06254d7de31,1,0,,dfc1557f2a56e34171b168d5,dongchedi_usedcar_series,2026-07-08T22:04:53+08:00
5097,412,LUMMA,LUMMA 挑战者,https://p3-dcd.byteimg.com/tos-cn-i-dcdx/351a3d609c844ef1831a504c907e8b46~tplv-f042mdwyw7-original:tplv-resize:640:0.image?psm=motor.pc_sh.api,cdb4577c229e2f70af963641,1,0,,582523a6c642f6571f0130c0,dongchedi_usedcar_series,2026-07-08T22:04:53+08:00
5101,68,北京汽车,北京U5 PLUS,https://p3-dcd.byteimg.com/motor-mis-img/3203baaf1308b5d75751190205189f8d~tplv-f042mdwyw7-original:tplv-resize:640:0.image?psm=motor.pc_sh.api,26a740a9c5d8cd2543f217ac,1,0,,b1fac82904c452260e2016f1,dongchedi_usedcar_series,2026-07-08T22:04:53+08:00
5102,68,北京汽车,北京EU5 PLUS,https://p3-dcd.byteimg.com/tos-cn-i-dcdx/b8815e531e654009b0419b5278ed044a~tplv-f042mdwyw7-original:tplv-resize:640:0.image?psm=motor.pc_sh.api,675c05e79937c364615dddd4,1,0,,52b7eb464710ceeb91b113d3,dongchedi_usedcar_series,2026-07-08T22:04:53+08:00
5106,207,零跑汽车,零跑C01,https://p3-dcd.byteimg.com/tos-cn-i-dcdx/0629455ab0404f8d8321d8de26257973~tplv-f042mdwyw7-original:tplv-resize:640:0.image?psm=motor.pc_sh.api,3e45d8a95be1f17350d451ce,1,0,,ae77a27ac7455d4757def13c,dongchedi_usedcar_series,2026-07-08T22:04:53+08:00
5121,26,三菱,阿图柯AIRTREK,https://p3-dcd.byteimg.com/motor-mis-img/2958af94a6ade6609dc6fe35d80327fb~tplv-f042mdwyw7-original:tplv-resize:640:0.image?psm=motor.pc_sh.api,b7f9e53087c79f671a60414d,1,0,,1883f98c2361078ccd88ca23,dongchedi_usedcar_series,2026-07-08T22:04:53+08:00
5122,368,创维汽车,创维EV6,https://p9-dcd.byteimg.com/tos-cn-i-dcdx/ad946cfb7300451192fd711f0af4ded0~tplv-resize:640:0.png?psm=motor.rank.data,0d827716a7f9eba0bd7082c8,3,2,,0eba603994f9aa3e49f3ce5e,dongchedi_ranking|dongchedi_usedcar_series,2026-07-08T22:04:53+08:00
5126,273,捷尼赛思,捷尼赛思GV60,https://p3-dcd.byteimg.com/tos-cn-i-dcdx/a887630336014e87a8447cb1f60af26f~tplv-f042mdwyw7-original:tplv-resize:640:0.image?psm=motor.pc_sh.api,2fcd66fef3af9d2c2bb4324f,1,0,,91b0c063244ae33f26a81f72,dongchedi_usedcar_series,2026-07-08T22:04:53+08:00
5148,66,魏牌,玛奇朵DHT-PHEV,https://p3-dcd.byteimg.com/motor-mis-img/15baa8e4c215a5b1e4317e74101087b2~tplv-f042mdwyw7-original:tplv-resize:640:0.image?psm=motor.pc_sh.api,380e043343a29f1e76c712e5,1,0,,eeb13b40f66d6d32e855ef66,dongchedi_usedcar_series,2026-07-08T22:04:53+08:00
5149,27,奔腾,奔腾B70S,https://p9-dcd.byteimg.com/motor-mis-img/6c5efbe832eebd5cac8292af76a42d83~tplv-f042mdwyw7-original:tplv-resize:640:0.image?psm=motor.pc_sh.api,f5f777a7409cf118693b3969,1,0,,5ae615ce06c0553be1e201ec,dongchedi_usedcar_series,2026-07-08T22:04:53+08:00
5151,381,睿蓝汽车,枫叶60s,https://p9-dcd.byteimg.com/motor-mis-img/22ab00035ad9fd4ac71b8baf75aa7293~tplv-resize:640:0.png?psm=motor.rank.data,1cc613f28ca56b4bf65086aa,3,2,,a5933e2043b68a97ff7ce7c9,dongchedi_ranking|dongchedi_usedcar_series,2026-07-08T22:04:53+08:00
5152,185,威马汽车,威马E.5,https://p3-dcd.byteimg.com/motor-mis-img/561fc274c90a455fb0c9c2d914345c47~tplv-f042mdwyw7-original:tplv-resize:640:0.image?psm=motor.pc_sh.api,bfeb40d956311b2cde64e73a,1,0,,733e5a30bd1c3d5e8d83e10f,dongchedi_usedcar_series,2026-07-08T22:04:53+08:00
5153,109,启辰,启辰大V,https://p9-dcd.byteimg.com/tos-cn-i-dcdx/70ada3c249cf4fd69983d811b1e04a39~tplv-resize:640:0.png?psm=motor.rank.data,8b44f171c1f616eff80125f6,3,2,,31d48f07588d2d5376ba80cd,dongchedi_ranking|dongchedi_usedcar_series,2026-07-08T22:04:53+08:00
5162,18,奇瑞,欧萌达,https://p3-dcd.byteimg.com/tos-cn-i-dcdx/e808c50f5aa946ceb93ff4ec14c8ad63~tplv-f042mdwyw7-original:tplv-resize:640:0.image?psm=motor.pc_sh.api,bb6a186d485f6b66917a54be,1,0,,26be996d95620c16aa570ef3,dongchedi_usedcar_series,2026-07-08T22:04:53+08:00
5164,3,奔驰,奔驰GLE轿跑,https://p3-dcd.byteimg.com/tos-cn-i-dcdx/e2313c7ea316417da6e4408039aa365f~tplv-f042mdwyw7-original:tplv-resize:640:0.image?psm=motor.pc_sh.api,d312fcad4d37e2501005269c,1,0,,9ae01e7a4f1aced924c92ebb,dongchedi_usedcar_series,2026-07-08T22:04:53+08:00
5165,3,奔驰,奔驰GLE轿跑 AMG,https://p3-dcd.byteimg.com/tos-cn-i-dcdx/93e9c7befcaa460f87a19fd40550787e~tplv-f042mdwyw7-original:tplv-resize:640:0.image?psm=motor.pc_sh.api,89325657c70d7a3d14b028d3,1,0,,0c30434b18ae7105797320bd,dongchedi_usedcar_series,2026-07-08T22:04:53+08:00
5166,3,奔驰,奔驰GLE轿跑 PHEV,https://p3-dcd.byteimg.com/tos-cn-i-dcdx/ad642b0442c74b74b9039bdc9c372824~tplv-f042mdwyw7-original:tplv-resize:640:0.image?psm=motor.pc_sh.api,2839c103a93106fee1325f44,1,0,,a45193808f70a070e2cee5f2,dongchedi_usedcar_series,2026-07-08T22:04:53+08:00
5167,3,奔驰,奔驰GLC轿跑 AMG,https://p3-dcd.byteimg.com/tos-cn-i-dcdx/f9afc03457c5416681a1a0d452b0f00b~tplv-f042mdwyw7-original:tplv-resize:640:0.image?psm=motor.pc_sh.api,ff8f4fb502d68556e6ac1488,1,0,,10b3e910705f69711a41f7ff,dongchedi_usedcar_series,2026-07-08T22:04:53+08:00
5171,3,奔驰,奔驰EQS AMG,https://p3-dcd.byteimg.com/tos-cn-i-dcdx/0f8a0eff84c04706bec4212a1a964fb6~tplv-f042mdwyw7-original:tplv-resize:640:0.image?psm=motor.pc_sh.api,e83ceb57197d70ab0a5fdfe7,1,0,,8ca9a702bea84de5209787a8,dongchedi_usedcar_series,2026-07-08T22:04:53+08:00
5172,20,保时捷,Cayenne Coupé,https://p9-dcd.byteimg.com/tos-cn-i-dcdx/11175b52e1594954842f0dddd938749f~tplv-f042mdwyw7-original:tplv-resize:640:0.image?psm=motor.pc_sh.api,1bd4f0ddf40035a2ba0d605c,1,0,,d800919eebcf7efbabcba0f3,dongchedi_usedcar_series,2026-07-08T22:04:53+08:00
5173,20,保时捷,Cayenne Coupé E-Hybrid,https://p9-dcd.byteimg.com/tos-cn-i-dcdx/b3a9e706786c4276ad95be2b48d68046~tplv-f042mdwyw7-original:tplv-resize:640:0.image?psm=motor.pc_sh.api,7a73d34a18c5bb2401003fd7,1,0,,3917f627c43b509b7792b8e5,dongchedi_usedcar_series,2026-07-08T22:04:53+08:00
5196,405,克蒂汽车,克蒂雪堆白,https://p9-dcd.byteimg.com/motor-mis-img/974a1ad769dcdc879265d644eaccced1~tplv-f042mdwyw7-original:tplv-resize:640:0.image?psm=motor.pc_sh.api,cc20567056d23443e7fe2e6c,1,0,,3bf0318217bc9a22e266117e,dongchedi_usedcar_series,2026-07-08T22:04:53+08:00
5210,40,广汽传祺,传祺GS4 PLUS,https://p3-dcd.byteimg.com/tos-cn-i-dcdx/831c747eb70d4792aa75bc5d7355225f~tplv-f042mdwyw7-original:tplv-resize:640:0.image?psm=motor.pc_sh.api,ce03d1f14bd81e9a09c0171b,1,0,,ac69db20d877db8ee3700aca,dongchedi_usedcar_series,2026-07-08T22:04:53+08:00
5214,44,法拉利,Purosangue,https://p3-dcd.byteimg.com/tos-cn-i-dcdx/5ce56406aed24ae791e206193b7c91fc~tplv-f042mdwyw7-original:tplv-resize:640:0.image?psm=motor.pc_sh.api,88d75639f18b005c397b2313,1,0,,af87535112a35cf489d077e5,dongchedi_usedcar_series,2026-07-08T22:04:53+08:00
5215,22,雷克萨斯,雷克萨斯NX PHEV,https://p3-dcd.byteimg.com/tos-cn-i-dcdx/4dd57b800bb54efa95b4412a8680d534~tplv-f042mdwyw7-original:tplv-resize:640:0.image?psm=motor.pc_sh.api,65c116491a495aa1bf126fe4,1,0,,0307d10526084170a37fa641,dongchedi_usedcar_series,2026-07-08T22:04:53+08:00
5216,35,长安,长安UNI-K 智电iDD,https://p9-dcd.byteimg.com/tos-cn-i-dcdx/f7960d1c00c644449d528cf7b5d922ec~tplv-resize:640:0.png?psm=motor.rank.data,221c46e9e20dbe6cdd560fd7,3,2,,6eed5979e38c857be57d4e2f,dongchedi_ranking|dongchedi_usedcar_series,2026-07-08T22:04:53+08:00
5217,1,大众,大众ID.3,https://p9-dcd.byteimg.com/tos-cn-i-dcdx/3855b142af024d1b8867256c2ac5ae13~tplv-resize:640:0.png?psm=motor.rank.data,33aff61876eb87702134eb4b,3,2,,3f5db071e6949817e682b583,dongchedi_ranking|dongchedi_usedcar_series,2026-07-08T22:04:53+08:00
5223,5,丰田,赛那,https://p9-dcd.byteimg.com/tos-cn-i-dcdx/0c4126f4e19f4486ab824f4c0abb7a95~tplv-resize:640:0.png?psm=motor.rank.data,7e4aab6ac3c6696f08e8a915,3,2,,26d48c3f6e04ab4a362a7149,dongchedi_ranking|dongchedi_usedcar_series,2026-07-08T22:04:53+08:00
5225,73,吉利汽车,星越S,https://p3-dcd.byteimg.com/motor-mis-img/5e3ca6204272d09460db80f9e9773db5~tplv-f042mdwyw7-original:tplv-resize:640:0.image?psm=motor.pc_sh.api,02a1a1cca0a9ddcf55a2cef9,1,0,,eb6b4eac6a8dbb95f4dda403,dongchedi_usedcar_series,2026-07-08T22:04:53+08:00
5227,202,理想汽车,理想L9,https://p9-dcd.byteimg.com/tos-cn-i-dcdx/61f3326ce80a4d7a82d5f1e0a37be281~tplv-resize:640:0.png?psm=motor.rank.data,3b2ed39fac2e2a8a23bf3802,3,2,,32ccf4a1e09b8c495c6d8212,dongchedi_ranking|dongchedi_usedcar_series,2026-07-08T22:04:53+08:00
5228,44,法拉利,法拉利296,https://p3-dcd.byteimg.com/tos-cn-i-dcdx/2ddc568b97224d80a32807e7d6a3e3a9~tplv-f042mdwyw7-original:tplv-resize:640:0.image?psm=motor.pc_sh.api,3648a7f6631cf827971a6e40,1,0,,94d9d1413c5e8d530254f212,dongchedi_usedcar_series,2026-07-08T22:04:53+08:00
5234,193,鑫源汽车,小海狮X30,https://p3-dcd.byteimg.com/tos-cn-i-dcdx/fdf816632e7f428894eae15e98784523~tplv-f042mdwyw7-original:tplv-resize:640:0.image?psm=motor.pc_sh.api,b75d9e10d930d03c77ee5310,1,0,,81c4f93d892ea10c1f1b12fa,dongchedi_usedcar_series,2026-07-08T22:04:53+08:00
5238,425,坦克,坦克500,https://p9-dcd.byteimg.com/tos-cn-i-dcdx/03cbc63ee9224060b21769b76b320385~tplv-resize:640:0.png?psm=motor.rank.data,0717308f124691437c80fe12,3,2,,0d11dd88fb88f39407fcea0a,dongchedi_ranking|dongchedi_usedcar_series,2026-07-08T22:04:53+08:00
5242,18,奇瑞,瑞虎7 PLUS,https://p3-dcd.byteimg.com/tos-cn-i-dcdx/b3d5140685014687a3ea4089e83f4ffa~tplv-f042mdwyw7-original:tplv-resize:640:0.image?psm=motor.pc_sh.api,f08551e1c46ee02bb4a683f5,1,0,,5e289af80ab2908087ec9912,dongchedi_usedcar_series,2026-07-08T22:04:53+08:00
5244,209,捷途,捷途大圣,https://p9-dcd.byteimg.com/tos-cn-i-dcdx/79685800b8cb405da143027e68155f26~tplv-resize:640:0.png?psm=motor.rank.data,b53f533070c9a58229d12ff4,3,2,,787b26faad8baae897d06b08,dongchedi_ranking|dongchedi_usedcar_series,2026-07-08T22:04:53+08:00
5245,14,Jeep,大切诺基4xe(进口),https://p3-dcd.byteimg.com/tos-cn-i-dcdx/a9d9f5656dad4d70a88e29138faf713b~tplv-f042mdwyw7-original:tplv-resize:640:0.image?psm=motor.pc_sh.api,311b10f335ba76e7b478f10a,1,0,,9ebcf21b08cb8ee1845f1cd1,dongchedi_usedcar_series,2026-07-08T22:04:53+08:00
5248,16,比亚迪,元PLUS,https://p9-dcd.byteimg.com/tos-cn-i-dcdx/b067d3010ee243f48c136a3de9455741~tplv-resize:640:0.png?psm=motor.rank.data,0cb2e5c42d5d1c41ce2b618f,3,2,,fb43ea33b652619fc6a5b50c,dongchedi_ranking|dongchedi_usedcar_series,2026-07-08T22:04:53+08:00
5250,34,名爵,MG ONE,https://p3-dcd.byteimg.com/tos-cn-i-dcdx/6aca48597c4c478195acd0dbcee6aa10~tplv-f042mdwyw7-original:tplv-resize:640:0.image?psm=motor.pc_sh.api,c2c23cffa2595798d1be499c,1,0,,83c1088bdfd7d0a304d1aa79,dongchedi_usedcar_series,2026-07-08T22:04:53+08:00
5251,17,哈弗,哈弗神兽,https://p9-dcd.byteimg.com/tos-cn-i-dcdx/2b24862d74c248ca999345985785ab0c~tplv-f042mdwyw7-original:tplv-resize:640:0.image?psm=motor.pc_sh.api,295c72b38f44ee284028c4c6,1,0,,afe3e4b635f0dbc1a4a1d247,dongchedi_usedcar_series,2026-07-08T22:04:53+08:00
5257,10444,奇瑞QQ,冰淇淋,https://p9-dcd.byteimg.com/tos-cn-i-dcdx/03041128cf6f4d17a2e0a7bd6977895b~tplv-resize:640:0.png?psm=motor.rank.data,3fbed05beb5ace1a9b3056a5,3,2,,88d3234512ab7366d170a93b,dongchedi_ranking|dongchedi_usedcar_series,2026-07-08T22:04:53+08:00
5264,235,思皓,思皓曜,https://p3-dcd.byteimg.com/motor-mis-img/b0e7c4d75f7ffc9bc348ce64fcd62692~tplv-f042mdwyw7-original:tplv-resize:640:0.image?psm=motor.pc_sh.api,9bcad3389217d8ef2f671f4f,1,0,,eaf91f8d1b4fec914caf7df8,dongchedi_usedcar_series,2026-07-08T22:04:53+08:00
5269,238,欧拉,欧拉好猫GT,https://p9-dcd.byteimg.com/tos-cn-i-dcdx/59618ad55b554882a0328eea030b87c3~tplv-f042mdwyw7-original:tplv-resize:640:0.image?psm=motor.pc_sh.api,ee3783c97a9331f5b008350e,1,0,,af858e41deaec78fee889909,dongchedi_usedcar_series,2026-07-08T22:04:53+08:00
5273,4,宝马,宝马X5,https://p9-dcd.byteimg.com/tos-cn-i-dcdx/bf84f7f297c74b4ab69467bef101e7e1~tplv-resize:640:0.png?psm=motor.rank.data,fdec2f9bca66235731985086,3,2,,53185b700a52448a3423a73c,dongchedi_ranking|dongchedi_usedcar_series,2026-07-08T22:04:53+08:00
5283,174,领克,领克09 EM-P,https://p9-dcd.byteimg.com/tos-cn-i-dcdx/f29a0b794aff4900a5d45b49a9a667e3~tplv-resize:640:0.png?psm=motor.rank.data,38d667e5d8e0eb96dba2b2b4,3,2,,02091ca3e6546e0ba79a40c0,dongchedi_ranking|dongchedi_usedcar_series,2026-07-08T22:04:53+08:00
5284,73,吉利汽车,帝豪L,https://p3-dcd.byteimg.com/motor-mis-img/9d4c08491662991b468d78bfe7991925~tplv-f042mdwyw7-original:tplv-resize:640:0.image?psm=motor.pc_sh.api,1e02e8840fea3e729c1131fa,1,0,,a61b9e5d6049a628d238feb2,dongchedi_usedcar_series,2026-07-08T22:04:53+08:00
5288,35,长安,长安UNI-V,https://p9-dcd.byteimg.com/tos-cn-i-dcdx/e3a74f3cd8964a92b00b027e06d4e8ba~tplv-resize:640:0.png?psm=motor.rank.data,dab6ce5eea702d8e51e43e15,3,2,,3a0fa2aa31216f8b8ed2a927,dongchedi_ranking|dongchedi_usedcar_series,2026-07-08T22:04:53+08:00
5290,16,比亚迪,驱逐舰05,https://p9-dcd.byteimg.com/tos-cn-i-dcdx/a3a4ec96429e4371b4ade1e7ee846f09~tplv-resize:640:0.png?psm=motor.rank.data,f2dd1103fab369ebcef112f0,3,2,,25bc436ef36beebac43dd1aa,dongchedi_ranking|dongchedi_usedcar_series,2026-07-08T22:04:53+08:00
5293,451,电动屋,YOUNG光小新,https://p9-dcd.byteimg.com/tos-cn-i-dcdx/3521e3d04aa24f698224fa2dbc7e335f~tplv-f042mdwyw7-original:tplv-resize:640:0.image?psm=motor.pc_sh.api,25cd24c8c6c2150f0b65e8af,1,0,,5da695430292d22e0ac22359,dongchedi_usedcar_series,2026-07-08T22:04:53+08:00
5294,29,英菲尼迪,英菲尼迪QX60,https://p9-dcd.byteimg.com/motor-mis-img/7a627875ede9d3e13c79a4c4218a2d4a~tplv-resize:640:0.png?psm=motor.rank.data,57bd14bc91c4805454b175ab,3,2,,93ebadbbb1f91f55e1a562ce,dongchedi_ranking|dongchedi_usedcar_series,2026-07-08T22:04:53+08:00
5295,17,哈弗,哈弗H6S,https://p9-dcd.byteimg.com/motor-mis-img/14ce6311c00e6a48eae19dfedffa60ff~tplv-f042mdwyw7-original:tplv-resize:640:0.image?psm=motor.pc_sh.api,19d41c5e1315b8f9e4874691,1,0,,e07ed0f351e794a141a720b6,dongchedi_usedcar_series,2026-07-08T22:04:53+08:00
5296,210,长安跨越,跨越王F3,https://p3-dcd.byteimg.com/tos-cn-i-dcdx/1624e208cc4348ec8487d9e5a818650b~tplv-f042mdwyw7-original:tplv-resize:640:0.image?psm=motor.pc_sh.api,900bbca97064e9300bd26822,1,0,,2f15ef6091746db1cb53e205,dongchedi_usedcar_series,2026-07-08T22:04:53+08:00
5297,238,欧拉,欧拉芭蕾猫,https://p9-dcd.byteimg.com/motor-mis-img/0bedfedf47aa941755f9ae70f4b0233b~tplv-resize:640:0.png?psm=motor.rank.data,597bb8a3f2fbee7b9ffa3a9d,3,2,,5ba1f0ab31fd690ab41d9b51,dongchedi_ranking|dongchedi_usedcar_series,2026-07-08T22:04:53+08:00
5299,210,长安跨越,跨越星V5 EV,https://p3-dcd.byteimg.com/tos-cn-i-dcdx/36beddfb39ff40b4a75ecb14f92088d6~tplv-f042mdwyw7-original:tplv-resize:640:0.image?psm=motor.pc_sh.api,2bfe240a753d5ba6f55410a8,1,0,,b8eb44ac484708eb7ec5ed11,dongchedi_usedcar_series,2026-07-08T22:04:53+08:00
5302,3,奔驰,奔驰GLC(海外),https://p3-dcd.byteimg.com/motor-mis-img/c46864c80863433ee64bc1673cf6e9b3~tplv-f042mdwyw7-original:tplv-resize:640:0.image?psm=motor.pc_sh.api,acb91dc18f6583804c098ebf,1,0,,54c0c23b2a3a74174bfd5b4d,dongchedi_usedcar_series,2026-07-08T22:04:53+08:00
5306,515,深蓝汽车,深蓝SL03,https://p9-dcd.byteimg.com/tos-cn-i-dcdx/941ff7aacb454240beedcaab5617960c~tplv-resize:640:0.png?psm=motor.rank.data,8d95dd1d8e744c060a7cd08b,3,2,,e63c215e1ec75ace1d64ed8d,dongchedi_ranking|dongchedi_usedcar_series,2026-07-08T22:04:53+08:00
5308,475,阿维塔,阿维塔 11,https://p9-dcd.byteimg.com/tos-cn-i-dcdx/417b54c9b14c4aa1af1ece114bf1f95b~tplv-resize:640:0.png?psm=motor.rank.data,456067b1f9e778dcb7fca218,3,2,,b2b018799d7aadc41f7c3d5b,dongchedi_ranking|dongchedi_usedcar_series,2026-07-08T22:04:53+08:00
5312,425,坦克,坦克400,https://p9-dcd.byteimg.com/tos-cn-i-dcdx/a6b49e77976f4587bbb3cfe0ad083a89~tplv-resize:640:0.png?psm=motor.rank.data,7932eb82921d79da0bf29145,3,2,,f72107a8ce676b69cf84783a,dongchedi_ranking|dongchedi_usedcar_series,2026-07-08T22:04:53+08:00
5314,19,路虎,揽胜极光PHEV,https://p3-dcd.byteimg.com/tos-cn-i-dcdx/8fdb570f7426485098f3b4d81a457c01~tplv-f042mdwyw7-original:tplv-resize:640:0.image?psm=motor.pc_sh.api,5ec663a6365500d8dd89a142,1,0,,d0bdc5078ffa4c6442b86888,dongchedi_usedcar_series,2026-07-08T22:04:53+08:00
5315,344,星驰,铂驰维努斯,https://p9-dcd.byteimg.com/tos-cn-i-dcdx/f6c04c918060439f856be5139daaa178~tplv-f042mdwyw7-original:tplv-resize:640:0.image?psm=motor.pc_sh.api,73ad65a5aff5b95e29d2a301,1,0,,b1179a6f386037cee2037607,dongchedi_usedcar_series,2026-07-08T22:04:53+08:00
5316,512,江淮瑞风,瑞风L5,https://p3-dcd.byteimg.com/motor-mis-img/69b38bc08147acf486f3fcbc98038b50~tplv-f042mdwyw7-original:tplv-resize:640:0.image?psm=motor.pc_sh.api,3e7db069d3b654b0728014d8,1,0,,03fb326394ecdcb51dd593de,dongchedi_usedcar_series,2026-07-08T22:04:53+08:00
5320,454,申龙客车,申龙DST神州5号,https://p3-dcd.byteimg.com/motor-mis-img/3624ffe2227c02b2e5990d6192d00e82~tplv-f042mdwyw7-original:tplv-resize:640:0.image?psm=motor.pc_sh.api,d25c7777273c7504d7f22259,1,0,,6cdddc02e06df00c9b0580e6,dongchedi_usedcar_series,2026-07-08T22:04:53+08:00
5322,48,smart,smart精灵#1,https://p9-dcd.byteimg.com/tos-cn-i-dcdx/e59930a8849c48fe89708057c51c0762~tplv-resize:640:0.png?psm=motor.rank.data,124dc6eeac116c84466d693d,3,2,,95a068b7ea4ae9c4c96a043e,dongchedi_ranking|dongchedi_usedcar_series,2026-07-08T22:04:53+08:00
5324,3,奔驰,迈巴赫EQS SUV,https://p3-dcd.byteimg.com/tos-cn-i-dcdx/f8f637995d224834bc0021a46e72db6e~tplv-f042mdwyw7-original:tplv-resize:640:0.image?psm=motor.pc_sh.api,83589600f957e446a8bd94b9,1,0,,dd7f282a3253abba56c93ab8,dongchedi_usedcar_series,2026-07-08T22:04:53+08:00
5326,3,奔驰,奔驰纯电G级,https://p3-dcd.byteimg.com/tos-cn-i-dcdx/a31a97e4f78a4795af946118c79eb6bc~tplv-f042mdwyw7-original:tplv-resize:640:0.image?psm=motor.pc_sh.api,6452e3183073638b74e7cb1d,1,0,,0f0fb50f8d4d41ce3a3187b8,dongchedi_usedcar_series,2026-07-08T22:04:53+08:00
5334,459,百智新能源,百智大熊,https://p9-dcd.byteimg.com/motor-mis-img/05eb24249b823a800141bae742dc6ff2~tplv-f042mdwyw7-original:tplv-resize:640:0.image?psm=motor.pc_sh.api,e410355dba1b25c8697d283d,1,0,,4ed7f268b2050f88ab475882,dongchedi_usedcar_series,2026-07-08T22:04:53+08:00
5335,66,魏牌,拿铁PHEV,https://p3-dcd.byteimg.com/motor-mis-img/725b1dc66ecb6ae5c9b4e9d4d0d7aed6~tplv-f042mdwyw7-original:tplv-resize:640:0.image?psm=motor.pc_sh.api,06cee429267e1e69a8381a21,1,0,,8e48189e72febef5f0235bea,dongchedi_usedcar_series,2026-07-08T22:04:53+08:00
5339,5,丰田,威飒,https://p9-dcd.byteimg.com/tos-cn-i-dcdx/76d86d7327be4142963e2e6c9382294f~tplv-resize:640:0.png?psm=motor.rank.data,6d9508a947b5becd4f5ea8ad,3,2,,0226a4d5781f2e6f853c25dd,dongchedi_ranking|dongchedi_usedcar_series,2026-07-08T22:04:53+08:00
5340,9,本田,型格,https://p9-dcd.byteimg.com/tos-cn-i-dcdx/311d3b944f0944f7afca54d615f5ddf1~tplv-resize:640:0.png?psm=motor.rank.data,9cf9694ebb002eab13f83c67,3,2,,279c1ef526f6878cb72c80ef,dongchedi_ranking|dongchedi_usedcar_series,2026-07-08T22:04:53+08:00
5343,483,AITO,问界M5,https://p9-dcd.byteimg.com/tos-cn-i-dcdx/284dc9ac306147368522b76dda294d23~tplv-resize:640:0.png?psm=motor.rank.data,3e6ed12aaf72f87bc7111d1c,3,2,,4c077e3c758dbcba3a8554ed,dongchedi_ranking|dongchedi_usedcar_series,2026-07-08T22:04:53+08:00
5353,264,吉利几何,EX3 功夫牛,https://p3-dcd.byteimg.com/motor-mis-img/dfabb7f730a03aedabc2db4f512a8c41~tplv-f042mdwyw7-original:tplv-resize:640:0.image?psm=motor.pc_sh.api,c0e5981283705f743cc6e1df,1,0,,ee989a8d0b1f94f91a79091c,dongchedi_usedcar_series,2026-07-08T22:04:53+08:00
5358,30,凯迪拉克,IQ锐歌,https://p9-dcd.byteimg.com/tos-cn-i-dcdx/637b0c3f501249848ac0680886962a15~tplv-resize:640:0.png?psm=motor.rank.data,8c1ceda4b2033f257ba57e51,3,2,,a0471c1700c0bad3f8366797,dongchedi_ranking|dongchedi_usedcar_series,2026-07-08T22:04:53+08:00
5364,2,奥迪,奥迪Q6,https://p9-dcd.byteimg.com/tos-cn-i-dcdx/c3f766c832b04063aa7fe6898656c1e1~tplv-resize:640:0.png?psm=motor.rank.data,409e7c8bb4c307b83365283e,3,2,,cb1c0a88213bd1b01e3ba890,dongchedi_ranking|dongchedi_usedcar_series,2026-07-08T22:04:53+08:00
5367,142,凯翼,炫界Pro EV,https://p9-dcd.byteimg.com/motor-mis-img/297b50a8f659602e2fd62223e67c0c2a~tplv-resize:640:0.png?psm=motor.rank.data,3891908ce1d2442f161a8689,3,2,,b99df0ac80c45320f00679d3,dongchedi_ranking|dongchedi_usedcar_series,2026-07-08T22:04:53+08:00
5369,5,丰田,锋兰达,https://p9-dcd.byteimg.com/tos-cn-i-dcdx/334cd231b5094a5f914ba7d0d591db05~tplv-resize:640:0.png?psm=motor.rank.data,7f66d1eef5cc7a9a7baff993,3,2,,ac3679fa1e6dd123caf5e735,dongchedi_ranking|dongchedi_usedcar_series,2026-07-08T22:04:53+08:00
5374,41,劳斯莱斯,闪灵,https://p9-dcd.byteimg.com/tos-cn-i-dcdx/adc48b8c9828486f9e66be824ce8ed4d~tplv-f042mdwyw7-original:tplv-resize:640:0.image?psm=motor.pc_sh.api,8c20c1ac4982ad16c3d78ca1,1,0,,f0925769ad7fee8452871b78,dongchedi_usedcar_series,2026-07-08T22:04:53+08:00
5378,108,大通,大通V100,https://p3-dcd.byteimg.com/tos-cn-i-dcdx/0263026b7dcb4f23a7bbdbc4b2784014~tplv-f042mdwyw7-original:tplv-resize:640:0.image?psm=motor.pc_sh.api,594a3d757817ae4dda8e7722,1,0,,78697870bf5c11fef9bc536e,dongchedi_usedcar_series,2026-07-08T22:04:53+08:00
5380,16,比亚迪,比亚迪V3,https://p9-dcd.byteimg.com/motor-mis-img/0d19d440b47acb3dace9b7a6fe180fbf~tplv-f042mdwyw7-original:tplv-resize:640:0.image?psm=motor.pc_sh.api,2e2be971e3b02805bb71dce1,1,0,,35bb8b4f6cf831aaaef2eab1,dongchedi_usedcar_series,2026-07-08T22:04:53+08:00
5382,5,丰田,卡罗拉锐放,https://p9-dcd.byteimg.com/tos-cn-i-dcdx/ed29d140eaba4685b466b69482e34e3b~tplv-resize:640:0.png?psm=motor.rank.data,9e57c550123d154dc010db67,3,2,,5e8285c86bb2f6d2ceabc83b,dongchedi_ranking|dongchedi_usedcar_series,2026-07-08T22:04:53+08:00
5385,384,凌宝汽车,凌宝Uni,https://p9-dcd.byteimg.com/motor-mis-img/f0549e706e22b4bef069b9e470c55ff3~tplv-resize:640:0.png?psm=motor.rank.data,a1c1f2f66bf5426ca9920992,3,2,,5b0c8cc4c5b131bff0a7c770,dongchedi_ranking|dongchedi_usedcar_series,2026-07-08T22:04:53+08:00
5386,70,东风风行,风行游艇,https://p3-dcd.byteimg.com/motor-mis-img/85a0e84f644c302002af793cd2b3584a~tplv-f042mdwyw7-original:tplv-resize:640:0.image?psm=motor.pc_sh.api,e58fbeb4de70e85090f33a6b,1,0,,2b992152a3650fbf24fbf9ff,dongchedi_usedcar_series,2026-07-08T22:04:53+08:00
5387,9,本田,本田e:NS1,https://p3-dcd.byteimg.com/tos-cn-i-dcdx/0a57ed27aacd44b481e78ac2404d68e1~tplv-f042mdwyw7-original:tplv-resize:640:0.image?psm=motor.pc_sh.api,5f23fc76440e8fc576277619,1,0,,e9b42c294334db4d9a162ed3,dongchedi_usedcar_series,2026-07-08T22:04:53+08:00
5388,7,福特,领睿,https://p9-dcd.byteimg.com/tos-cn-i-dcdx/a4bb9d35af694fbd9ba21ba61bdce752~tplv-resize:640:0.png?psm=motor.rank.data,7b7d5629790eb823387d96f9,3,2,,be454fd170cc298adbcbb474,dongchedi_ranking|dongchedi_usedcar_series,2026-07-08T22:04:53+08:00
5389,95,东风风光,风光MINIEV,https://p9-dcd.byteimg.com/motor-mis-img/d7c240b7c803e1ce776dddab51d26248~tplv-resize:640:0.png?psm=motor.rank.data,1c2efe850609e711d8d37f73,3,2,,596299dcb4637d4a2e094cd2,dongchedi_ranking|dongchedi_usedcar_series,2026-07-08T22:04:53+08:00
5390,95,东风风光,风光380,https://p9-dcd.byteimg.com/motor-mis-img/e87c65ae4c1e522f6a6e6c7eb2ed110d~tplv-resize:640:0.png?psm=motor.rank.data,bdcd302793fc524444a5e51a,3,2,,7be03cea4a230ed7d31acc5f,dongchedi_ranking|dongchedi_usedcar_series,2026-07-08T22:04:53+08:00
5392,9,本田,e:NP1 极湃1,https://p3-dcd.byteimg.com/tos-cn-i-dcdx/8f1fca2269d94ce289be76e6a2da2dd8~tplv-f042mdwyw7-original:tplv-resize:640:0.image?psm=motor.pc_sh.api,55bfca8aa79fd2f2853055cf,1,0,,342b5b9e1cb5e08649eeb3a3,dongchedi_usedcar_series,2026-07-08T22:04:53+08:00
5407,413,华晨新日,华晨新日i03A,https://p3-dcd.byteimg.com/motor-mis-img/76b290a10547a7aa87424d1f5e02ef78~tplv-f042mdwyw7-original:tplv-resize:640:0.image?psm=motor.pc_sh.api,2741c0ef59519cc888779dce,1,0,,ecdf3bc54fc2116dc0cece85,dongchedi_usedcar_series,2026-07-08T22:04:53+08:00
5408,467,莱茵汽车,莱茵旅行者,https://p3-dcd.byteimg.com/tos-cn-i-dcdx/1fc977aa36b845baa47e391bc9c667c6~tplv-f042mdwyw7-original:tplv-resize:640:0.image?psm=motor.pc_sh.api,f8efd7a5a1e78d68f4326ca9,1,0,,a2c71e930fab4d46a0e91b60,dongchedi_usedcar_series,2026-07-08T22:04:53+08:00
5409,112,蔚来,蔚来ET5,https://p9-dcd.byteimg.com/tos-cn-i-dcdx/021a6d4c02a74d718f7806e6c7239461~tplv-resize:640:0.png?psm=motor.rank.data,3ab8b47e2b29115b6472ce56,3,2,,699616aaa9cff5eab28fcc98,dongchedi_ranking|dongchedi_usedcar_series,2026-07-08T22:04:53+08:00
5416,395,岚图,岚图梦想家 EV,https://p9-dcd.byteimg.com/tos-cn-i-dcdx/02f9cd3ba93a4317821568e954b80d1b~tplv-resize:640:0.png?psm=motor.rank.data,ea36960d3b49da61c1ea38bf,3,2,,307caa9f8826a99aeeeda174,dongchedi_ranking|dongchedi_usedcar_series,2026-07-08T22:04:53+08:00
5417,59,红旗,红旗H6,https://p9-dcd.byteimg.com/tos-cn-i-dcdx/9e73ae112bfb43a595a78e593002ac8f~tplv-resize:640:0.png?psm=motor.rank.data,ae24f472157e50db63c98c29,3,2,,c3f890e0ebb81e22de4b8741,dongchedi_ranking|dongchedi_usedcar_series,2026-07-08T22:04:53+08:00
5418,59,红旗,红旗金葵花国耀,https://p9-dcd.byteimg.com/tos-cn-i-dcdx/dec5fbab19784d80b3c932a938582fbe~tplv-resize:640:0.png?psm=motor.rank.data,5029c637aaab49673d6a2100,3,2,,4e510c56e6f43eedeba0b2db,dongchedi_ranking|dongchedi_usedcar_series,2026-07-08T22:04:53+08:00
5420,3,奔驰,奔驰EQE AMG,https://p3-dcd.byteimg.com/tos-cn-i-dcdx/16330bb2183a4553953ad0bc9051b2b9~tplv-f042mdwyw7-original:tplv-resize:640:0.image?psm=motor.pc_sh.api,56cbdb0deb14904c19de9208,1,0,,4d0b5b59b125d354ce2f74a6,dongchedi_usedcar_series,2026-07-08T22:04:53+08:00
5431,249,高合,高合HiPhi Z,https://p3-dcd.byteimg.com/motor-mis-img/192162a7af84b3b059801c4d261ddeb7~tplv-f042mdwyw7-original:tplv-resize:640:0.image?psm=motor.pc_sh.api,a044cd1e97f327db28e6f1f9,1,0,,56cd1f3864cfb91ebe58b49e,dongchedi_usedcar_series,2026-07-08T22:04:53+08:00
5438,108,大通,大通G90,https://p9-dcd.byteimg.com/tos-cn-i-dcdx/c16acf5fbaad4abea88c7d738d1091e4~tplv-resize:640:0.png?psm=motor.rank.data,a156ffd56d78e5b60e6ed7f8,3,2,,2be49c22138f467c06b69f8f,dongchedi_ranking|dongchedi_usedcar_series,2026-07-08T22:04:53+08:00
5439,119,长安欧尚,长安欧尚Z6,https://p9-dcd.byteimg.com/motor-mis-img/252d100a630cf9298e8d357fe7ee8ffc~tplv-resize:640:0.png?psm=motor.rank.data,629713875f070c063502e5a4,3,2,,e02f38dcec4192db93bc8094,dongchedi_ranking|dongchedi_usedcar_series,2026-07-08T22:04:53+08:00
5440,62,林肯,林肯Z,https://p9-dcd.byteimg.com/tos-cn-i-dcdx/f2674c8001064a70bf31f29b0e705276~tplv-resize:640:0.png?psm=motor.rank.data,395f80ba2a7af6cec47df270,3,2,,84036685f45344a27baa9bea,dongchedi_ranking|dongchedi_usedcar_series,2026-07-08T22:04:53+08:00
5443,68,北京汽车,魔方,https://p3-dcd.byteimg.com/motor-mis-img/6484b5e44861629ef049ac3c1ce3635b~tplv-f042mdwyw7-original:tplv-resize:640:0.image?psm=motor.pc_sh.api,46b29b1ced66475ab99e5bba,1,0,,69661e4c3a351544715bde20,dongchedi_usedcar_series,2026-07-08T22:04:53+08:00
5451,4,宝马,宝马i5(进口),https://p3-dcd.byteimg.com/tos-cn-i-dcdx/4ba5b30f23054c0bab2fc3d8cd0775dc~tplv-f042mdwyw7-original:tplv-resize:640:0.image?psm=motor.pc_sh.api,dbea01e62424ec562b048a1f,1,0,,eb1b64f78c61c5a0b45720d8,dongchedi_usedcar_series,2026-07-08T22:04:53+08:00
5453,70,东风风行,风行S60 EV,https://p3-dcd.byteimg.com/motor-mis-img/c79d1d8bcc01f4d506753193b336fade~tplv-f042mdwyw7-original:tplv-resize:640:0.image?psm=motor.pc_sh.api,cf1941c2e354ffdcd676632b,1,0,,e32f8ce9c9529049f03b9756,dongchedi_usedcar_series,2026-07-08T22:04:53+08:00
5456,210,长安跨越,跨越星V3,https://p3-dcd.byteimg.com/motor-mis-img/62d049856eaf5ae9f5882b19d853ea5b~tplv-f042mdwyw7-original:tplv-resize:640:0.image?psm=motor.pc_sh.api,62c00b1e7696b0cd9fee3ec2,1,0,,4478508b7c65dab502bc95c3,dongchedi_usedcar_series,2026-07-08T22:04:53+08:00
5461,195,小鹏汽车,小鹏G9,https://p9-dcd.byteimg.com/tos-cn-i-dcdx/bb5d5491c1bd40e0968d419316960c25~tplv-resize:640:0.png?psm=motor.rank.data,041d4b2fd654e71e3a47d919,3,2,,48163e05d434e61e4f556dc9,dongchedi_ranking|dongchedi_usedcar_series,2026-07-08T22:04:53+08:00
5468,40,广汽传祺,影酷,https://p9-dcd.byteimg.com/motor-mis-img/fb916563d977a0dcf0ca3a200e4eda73~tplv-resize:640:0.png?psm=motor.rank.data,0f00b3f53a205e9ec9992cc2,3,2,,6df6bdc1eb6fd20af406486a,dongchedi_ranking|dongchedi_usedcar_series,2026-07-08T22:04:53+08:00
5472,303,合创汽车,合创V09,https://p3-dcd.byteimg.com/tos-cn-i-dcdx/7326212aa38e48f4983959b242a74c05~tplv-f042mdwyw7-original:tplv-resize:640:0.image?psm=motor.pc_sh.api,18826f6111d0ace7c5f77e82,1,0,,0ee66ace30d8e23c7eb4fa8e,dongchedi_usedcar_series,2026-07-08T22:04:53+08:00
5474,512,江淮瑞风,瑞风E3,https://p9-dcd.byteimg.com/tos-cn-i-dcdx/f4813157829d4a54a960cc3f1dc43476~tplv-resize:640:0.png?psm=motor.rank.data,afe53d588536df8c36b34fce,3,2,,84181a2080b2e9dab05f104c,dongchedi_ranking|dongchedi_usedcar_series,2026-07-08T22:04:53+08:00
5479,480,伟昊汽车,塞里雅兰V级,https://p3-dcd.byteimg.com/tos-cn-i-dcdx/3e9a2199dcdb442d84e30add01e0a642~tplv-f042mdwyw7-original:tplv-resize:640:0.image?psm=motor.pc_sh.api,1681ef95c20dc580dfa8f373,1,0,,827990659393dfcadacb99c6,dongchedi_usedcar_series,2026-07-08T22:04:53+08:00
5497,22,雷克萨斯,雷克萨斯RZ,https://p3-dcd.byteimg.com/tos-cn-i-dcdx/312e8538e4184ac69a1c3ce1251bbebe~tplv-f042mdwyw7-original:tplv-resize:640:0.image?psm=motor.pc_sh.api,18ba09ebf3b8d57e3ebe98e3,1,0,,e6a5e54429673fb9fc870e0d,dongchedi_usedcar_series,2026-07-08T22:04:53+08:00
5503,17,哈弗,哈弗H6 PHEV,https://p9-dcd.byteimg.com/motor-mis-img/f6c414b7d3d6068a4cf97e19b1f7b11f~tplv-f042mdwyw7-original:tplv-resize:640:0.image?psm=motor.pc_sh.api,9363bca8de26a9d987b9c636,1,0,,e928248554b561215dd99b81,dongchedi_usedcar_series,2026-07-08T22:04:53+08:00
5520,18,奇瑞,瑞虎8 PRO,https://p3-dcd.byteimg.com/tos-cn-i-dcdx/e0361ae8afc44ce596ab10e90db8a2ce~tplv-f042mdwyw7-original:tplv-resize:640:0.image?psm=motor.pc_sh.api,bbae671f76d459dcd4bb5278,1,0,,0e1ba8c7f310af73dfc7bcf0,dongchedi_usedcar_series,2026-07-08T22:04:53+08:00
5523,39,五菱汽车,五菱微旅车,https://p3-dcd.byteimg.com/motor-mis-img/4147b0fe82eb7b759194f9bf5fc30798~tplv-f042mdwyw7-original:tplv-resize:640:0.image?psm=motor.pc_sh.api,2d693b94ce981e0782e51b6c,1,0,,b36b193eb1a5c16e4c1d0e25,dongchedi_usedcar_series,2026-07-08T22:04:53+08:00
5524,444,北汽瑞翔,北汽瑞翔X3,https://p9-dcd.byteimg.com/motor-mis-img/386ef0d73608e33c81c594b29bc626c6~tplv-f042mdwyw7-original:tplv-resize:640:0.image?psm=motor.pc_sh.api,cc560c041f8682c59f56b722,1,0,,24beb2810c1335df1346c621,dongchedi_usedcar_series,2026-07-08T22:04:53+08:00
5549,57,福田,福田征服者5,https://p9-dcd.byteimg.com/motor-mis-img/fdf3e2d72ced29b79b055d73e77e76d1~tplv-f042mdwyw7-original:tplv-resize:640:0.image?psm=motor.pc_sh.api,f061de36958beceb40c7f64c,1,0,,c55f306876b9dcb4f71a203c,dongchedi_usedcar_series,2026-07-08T22:04:53+08:00
5553,162,中国重汽VGV,VGV VX7,https://p3-dcd.byteimg.com/tos-cn-i-dcdx/e76638707cd54611bc2ec6d0f0a98791~tplv-f042mdwyw7-original:tplv-resize:640:0.image?psm=motor.pc_sh.api,3efe8923f8939219e66a4461,1,0,,6ba0649eb6c9b0c2f4eae2a3,dongchedi_usedcar_series,2026-07-08T22:04:53+08:00
5557,37,东风风神,皓极,https://p9-dcd.byteimg.com/tos-cn-i-dcdx/ee29584a0d5a40938e8dbbefc9f3c73f~tplv-resize:640:0.png?psm=motor.rank.data,ed509a61b3fd6cf5aaa5c09b,3,2,,3ad4337f688f24b950556109,dongchedi_ranking|dongchedi_usedcar_series,2026-07-08T22:04:53+08:00
5561,52,北京越野,北京越野BJ60,https://p9-dcd.byteimg.com/tos-cn-i-dcdx/0087942025b04295b04efa7c84472d8b~tplv-resize:640:0.png?psm=motor.rank.data,1f874b028ccf04009285cfce,3,2,,6e87360e13dd5fff4e15430b,dongchedi_ranking|dongchedi_usedcar_series,2026-07-08T22:04:53+08:00
5563,209,捷途,捷途旅行者,https://p9-dcd.byteimg.com/tos-cn-i-dcdx/092556c4041e4aa5b62e6990c98f0ffa~tplv-resize:640:0.png?psm=motor.rank.data,c2c7136263d8f01f23c5b6fc,3,2,,f299541d89cac0e99afb684f,dongchedi_ranking|dongchedi_usedcar_series,2026-07-08T22:04:53+08:00
5565,157,SWM斯威汽车,斯威大虎,https://p9-dcd.byteimg.com/tos-cn-i-dcdx/990041f28bdc42a5984041d8bcaf1782~tplv-resize:640:0.png?psm=motor.rank.data,0f68de4540f9631e46caa1b3,2,2,,9b0e25538594de34321b8d88,dongchedi_ranking,2026-07-08T22:04:53+08:00
5567,251,星途,星途追风C-DM,https://p9-dcd.byteimg.com/tos-cn-i-dcdx/706fe3524bd448329cfccb226e168c57~tplv-resize:640:0.png?psm=motor.rank.data,4ea66b417429426eef0c21b7,3,2,,1a67c9981f23344869fc4ed5,dongchedi_ranking|dongchedi_usedcar_series,2026-07-08T22:04:53+08:00
5570,5,丰田,广汽丰田bZ4X,https://p3-dcd.byteimg.com/tos-cn-i-dcdx/c15e3e55b5a441e39a4f86689371703c~tplv-f042mdwyw7-original:tplv-resize:640:0.image?psm=motor.pc_sh.api,0859467c671ae739c1ee9145,1,0,,3c158d35ce8cfc8a0fc560cc,dongchedi_usedcar_series,2026-07-08T22:04:53+08:00
5573,210,长安跨越,跨越星V7,https://p3-dcd.byteimg.com/motor-mis-img/a365b47bc29209a233b7061d68ac5fc7~tplv-f042mdwyw7-original:tplv-resize:640:0.image?psm=motor.pc_sh.api,ad50f4fdcdfc807bf8343598,1,0,,6a4ab62c4f3fcdb33bc22fd0,dongchedi_usedcar_series,2026-07-08T22:04:53+08:00
5579,16,比亚迪,海豹,https://p9-dcd.byteimg.com/tos-cn-i-dcdx/d84891563f414575a52c8ee687f7a3ba~tplv-resize:640:0.png?psm=motor.rank.data,40d96d7270b172a26e82a682,3,2,,6aa8175ad6524f3586710171,dongchedi_ranking|dongchedi_usedcar_series,2026-07-08T22:04:53+08:00
5580,373,东风富康,富康ES600,https://p3-dcd.byteimg.com/motor-mis-img/9d0422fde61435579a20862d9847eecf~tplv-f042mdwyw7-original:tplv-resize:640:0.image?psm=motor.pc_sh.api,1bda8de5ae94f3db3742cad0,1,0,,6183194a733156c6ca812397,dongchedi_usedcar_series,2026-07-08T22:04:53+08:00
5589,57,福田,大将军F9,https://p9-dcd.byteimg.com/motor-mis-img/1f7b85a00a5392aa13a2a35726804be3~tplv-f042mdwyw7-original:tplv-resize:640:0.image?psm=motor.pc_sh.api,21cb41e27d4ac6492b2cf618,1,0,,1b3207060a99ffc1dff962d6,dongchedi_usedcar_series,2026-07-08T22:04:53+08:00
5768,502,庞蒂亚克,火鸟,https://p3-dcd.byteimg.com/tos-cn-i-dcdx/acfc2ee52b124557a7ae11bd14a575cb~tplv-f042mdwyw7-original:tplv-resize:640:0.image?psm=motor.pc_sh.api,c05974a1b641451ffa4d81bc,1,0,,a5e5441960c348f770c75503,dongchedi_usedcar_series,2026-07-08T22:04:53+08:00
5788,78,北京汽车制造厂,元宝,https://p3-dcd.byteimg.com/motor-mis-img/99bb51329fafa5120ad763c8e97a3c22~tplv-f042mdwyw7-original:tplv-resize:640:0.image?psm=motor.pc_sh.api,fb57d94b2b45d22b4d11dcd7,1,0,,32bed0a588b44541120c39fa,dongchedi_usedcar_series,2026-07-08T22:04:53+08:00
5790,140,金龙,龙耀6,https://p3-dcd.byteimg.com/motor-mis-img/14ee3d78d3ba94e6432d9be829eceb14~tplv-f042mdwyw7-original:tplv-resize:640:0.image?psm=motor.pc_sh.api,cdb6028fb102693a259e3823,1,0,,0a4d92d4d47a7aead59ebb15,dongchedi_usedcar_series,2026-07-08T22:04:53+08:00
5794,308,远程汽车,远程星享V,https://p9-dcd.byteimg.com/tos-cn-i-dcdx/47b977f43b284a8b9b8174a6b38350d6~tplv-f042mdwyw7-original:tplv-resize:640:0.image?psm=motor.pc_sh.api,03f5bc0743aaf3a6fdcaf06b,1,0,,8e86c17f3ebf78eb0537ac1c,dongchedi_usedcar_series,2026-07-08T22:04:53+08:00
5802,70,东风风行,风行雷霆,https://p9-dcd.byteimg.com/tos-cn-i-dcdx/164c73cdd306417c9de49b976bd75712~tplv-resize:640:0.png?psm=motor.rank.data,b56af42ef0b226c76ecc43b9,3,2,,26a7bceadd5262ffa02986c5,dongchedi_ranking|dongchedi_usedcar_series,2026-07-08T22:04:53+08:00
5805,3,奔驰,奔驰EQS SUV,https://p3-dcd.byteimg.com/tos-cn-i-dcdx/5d68ad78648a442c8ce9897316603198~tplv-f042mdwyw7-original:tplv-resize:640:0.image?psm=motor.pc_sh.api,830ce549a76b82a3b5063451,1,0,,5259ad4102886581786df0ca,dongchedi_usedcar_series,2026-07-08T22:04:53+08:00
5807,508,LIMGENE凌际,凌际星云,https://p3-dcd.byteimg.com/tos-cn-i-dcdx/18e9fe99dc66427c82eae821bb090c1c~tplv-f042mdwyw7-original:tplv-resize:640:0.image?psm=motor.pc_sh.api,7e0e24913a16f0da3e48dfdd,1,0,,1875bd8eddc7c9821e1a46b2,dongchedi_usedcar_series,2026-07-08T22:04:53+08:00
5813,3,奔驰,奔驰EQE,https://p9-dcd.byteimg.com/tos-cn-i-dcdx/0a6964c2e7704d4993696d00b34f6d43~tplv-resize:640:0.png?psm=motor.rank.data,90b1313b0c15a340e58e8a8a,3,2,,af2eb5c386ec7d966da5e237,dongchedi_ranking|dongchedi_usedcar_series,2026-07-08T22:04:53+08:00
5817,264,吉利几何,吉利几何E萤火虫,https://p9-dcd.byteimg.com/tos-cn-i-dcdx/ab171bed6a464941a57445172e7bf752~tplv-resize:640:0.png?psm=motor.rank.data,af607ed45d40338b7750c6b9,3,2,,8cb624da46c6d24c83797241,dongchedi_ranking|dongchedi_usedcar_series,2026-07-08T22:04:53+08:00
5818,36,荣威,荣威iMAX8 EV,https://p9-dcd.byteimg.com/motor-mis-img/9939c7a9f9fe0f62a15eb3c074b52123~tplv-resize:640:0.png?psm=motor.rank.data,1cd18ef3e8edf0b95a324a61,3,2,,a8a8d480649efe0ef9786eee,dongchedi_ranking|dongchedi_usedcar_series,2026-07-08T22:04:53+08:00
5819,112,蔚来,蔚来ES7,https://p9-dcd.byteimg.com/tos-cn-i-dcdx/48a676fa984646078293ec9d53c6968b~tplv-f042mdwyw7-original:tplv-resize:640:0.image?psm=motor.pc_sh.api,f3030ba75f57292420dce789,1,0,,a4af5910390c43c59833618b,dongchedi_usedcar_series,2026-07-08T22:04:53+08:00
5820,483,AITO,问界M7,https://p9-dcd.byteimg.com/tos-cn-i-dcdx/f0139587d2084e03a6a9ab6e8db0fcf7~tplv-resize:640:0.png?psm=motor.rank.data,fd1413a505fef169e53adda6,3,2,,805e55a160d5eada3ffe5e8c,dongchedi_ranking|dongchedi_usedcar_series,2026-07-08T22:04:53+08:00
5825,85,莲花跑车,Eletre,https://p3-dcd.byteimg.com/tos-cn-i-dcdx/e3c7c0ac9b76497ea86f2809f21e8c32~tplv-f042mdwyw7-original:tplv-resize:640:0.image?psm=motor.pc_sh.api,56b2ef99280caae7bf347905,1,0,,11d09308e93696e4d232ca9a,dongchedi_usedcar_series,2026-07-08T22:04:53+08:00
5827,39,五菱汽车,五菱佳辰,https://p9-dcd.byteimg.com/motor-mis-img/1d111f4c68dbfde0d1fd3c455a3a2db7~tplv-resize:640:0.png?psm=motor.rank.data,d5b26ff88f346b7e6248bde8,3,2,,8de12b9ace13e033cb9ef663,dongchedi_ranking|dongchedi_usedcar_series,2026-07-08T22:04:53+08:00
5828,34,名爵,MG4,https://p9-dcd.byteimg.com/tos-cn-i-dcdx/e6605595e9bf4be5a6234f27ecfaadd9~tplv-resize:640:0.png?psm=motor.rank.data,8d27675c5d5f986cfe623db9,3,2,,402dce509c390760d19cbb1e,dongchedi_ranking|dongchedi_usedcar_series,2026-07-08T22:04:53+08:00
5830,425,坦克,坦克500 Hi4-T,https://p9-dcd.byteimg.com/tos-cn-i-dcdx/9c530ffa51da4ee49ac7ee6fa60771b4~tplv-resize:640:0.png?psm=motor.rank.data,58d6299f4c733bf307eef0f7,3,2,,11eaf21dee8f040f7fbf2aaf,dongchedi_ranking|dongchedi_usedcar_series,2026-07-08T22:04:53+08:00
5832,196,Polestar极星,Polestar 4,https://p9-dcd.byteimg.com/tos-cn-i-dcdx/f988314f0c76400d90413050f101de37~tplv-resize:640:0.png?psm=motor.rank.data,e4e4833878de40f5c9d78db2,3,2,,15f9fab428c878cd440eac80,dongchedi_ranking|dongchedi_usedcar_series,2026-07-08T22:04:53+08:00
5833,108,大通,大通T90房车,https://p3-dcd.byteimg.com/motor-mis-img/f6b5072f21ad7cc2e7689442b38f6edb~tplv-f042mdwyw7-original:tplv-resize:640:0.image?psm=motor.pc_sh.api,089997ca0d19deab6029718c,1,0,,4645ff0a3ae73005f65e3db8,dongchedi_usedcar_series,2026-07-08T22:04:53+08:00
5834,453,RAM,RAM 1500 Rev,https://p3-dcd.byteimg.com/tos-cn-i-dcdx/4be2fc2d3fcb40819f97ba1969dd9533~tplv-f042mdwyw7-original:tplv-resize:640:0.image?psm=motor.pc_sh.api,bb6ea36fe3e7f69dfef5a0fa,1,0,,22fcf6f2301ffc86ee207455,dongchedi_usedcar_series,2026-07-08T22:04:53+08:00
5840,91,东风,御风EM26,https://p3-dcd.byteimg.com/tos-cn-i-dcdx/4b815935e91840b7bcf49b62875e6827~tplv-f042mdwyw7-original:tplv-resize:640:0.image?psm=motor.pc_sh.api,7bbe3e51aa5cf45d873996e1,1,0,,19fe44b7cf011f5bbe5b9c6d,dongchedi_usedcar_series,2026-07-08T22:04:53+08:00
5842,159,腾势,腾势D9 EV,https://p9-dcd.byteimg.com/tos-cn-i-dcdx/630c66f7b21a46f0bdae2a34d1e55bab~tplv-resize:640:0.png?psm=motor.rank.data,04c0166d358fcd383175ec1c,3,2,,437a9be351950f9b1735f592,dongchedi_ranking|dongchedi_usedcar_series,2026-07-08T22:04:53+08:00
5843,159,腾势,腾势D9 DM,https://p9-dcd.byteimg.com/tos-cn-i-dcdx/a8bc20def6f04e0194fa0adc34df430b~tplv-resize:640:0.png?psm=motor.rank.data,59b77e95ef7c3da292d79e85,3,2,,e09ec25ae84234c1e5c02974,dongchedi_ranking|dongchedi_usedcar_series,2026-07-08T22:04:53+08:00
5845,202,理想汽车,理想L6,https://p9-dcd.byteimg.com/tos-cn-i-dcdx/0cd0f362cc6440b4aff4feed0532f12f~tplv-resize:640:0.png?psm=motor.rank.data,fc9cb0417a3abe0d1301ec29,3,2,,078d61b9e7c63555f4f3db33,dongchedi_ranking|dongchedi_usedcar_series,2026-07-08T22:04:53+08:00
5847,16,比亚迪,护卫舰07,https://p9-dcd.byteimg.com/tos-cn-i-dcdx/2913aee83b70474581c53128d4140b91~tplv-f042mdwyw7-original:tplv-resize:640:0.image?psm=motor.pc_sh.api,5d12337f9f2774e44590fb45,1,0,,55e0d5f334b379ab7031b676,dongchedi_usedcar_series,2026-07-08T22:04:53+08:00
5848,34,名爵,MG5天蝎座,https://p3-dcd.byteimg.com/motor-mis-img/69a9bcc0d2d479ebb17ad4c7ce4b9728~tplv-f042mdwyw7-original:tplv-resize:640:0.image?psm=motor.pc_sh.api,5e84ac95ac0ed1a913cb83d6,1,0,,ecb9584dccb996518031db4d,dongchedi_usedcar_series,2026-07-08T22:04:53+08:00
5850,191,国金汽车,骏行,https://p3-dcd.byteimg.com/motor-mis-img/7572d244ec05df6da9e5cd6279557e93~tplv-f042mdwyw7-original:tplv-resize:640:0.image?psm=motor.pc_sh.api,e540fe03111bbe5d304a9652,1,0,,92efecbf730c63315eb88100,dongchedi_usedcar_series,2026-07-08T22:04:53+08:00
5852,18,奇瑞,艾瑞泽8,https://p9-dcd.byteimg.com/tos-cn-i-dcdx/c98a0ac532b542958b9970362fa2c378~tplv-resize:640:0.png?psm=motor.rank.data,f2f2b5507d9839b265bb12f0,3,2,,0d09cec08952f025387916c5,dongchedi_ranking|dongchedi_usedcar_series,2026-07-08T22:04:53+08:00
5854,91,东风,锐骐7,https://p3-dcd.byteimg.com/tos-cn-i-dcdx/5375ee9b1a8048fe8a2410aef7a58bc4~tplv-f042mdwyw7-original:tplv-resize:640:0.image?psm=motor.pc_sh.api,4c5f498ef2c024fc19993441,1,0,,548c5e41ffbeed13c8063776,dongchedi_usedcar_series,2026-07-08T22:04:53+08:00
5855,139,开瑞,江豚,https://p9-dcd.byteimg.com/motor-mis-img/67d72edf302280a0e19b953021cac3cc~tplv-resize:640:0.png?psm=motor.rank.data,2699d042222c2f3f9c2b50e0,3,2,,64c0904300a3cbe73d5ce83d,dongchedi_ranking|dongchedi_usedcar_series,2026-07-08T22:04:53+08:00
5857,119,长安欧尚,长安欧尚Z6 iDD新能源,https://p3-dcd.byteimg.com/tos-cn-i-dcdx/9d2a56308a184ed89115a0b35d840d2e~tplv-f042mdwyw7-original:tplv-resize:640:0.image?psm=motor.pc_sh.api,ad8db5c1b1d2038870f68880,1,0,,d410395e641dc1d4eb50dc53,dongchedi_usedcar_series,2026-07-08T22:04:53+08:00
5858,5,丰田,格瑞维亚,https://p9-dcd.byteimg.com/tos-cn-i-dcdx/49e1392bcbbb4657a97e08b658891ced~tplv-resize:640:0.png?psm=motor.rank.data,f052bf7df0e83a2891368675,3,2,,63ee68f6b46c320bdbc8fe1e,dongchedi_ranking|dongchedi_usedcar_series,2026-07-08T22:04:53+08:00
5859,870,长安启源,长安Lumin,https://p9-dcd.byteimg.com/tos-cn-i-dcdx/5f42a6e07fd54fd8b6a02eb1e44bc218~tplv-resize:640:0.png?psm=motor.rank.data,5b7edebf55f5042188899af0,3,2,,a09801fbd4da046da439d509,dongchedi_ranking|dongchedi_usedcar_series,2026-07-08T22:04:53+08:00
5860,5,丰田,一汽丰田bZ4X,https://p3-dcd.byteimg.com/motor-mis-img/189c3b232b99c56e0bfb8f4a5acc800b~tplv-f042mdwyw7-original:tplv-resize:640:0.image?psm=motor.pc_sh.api,fd96992066319f3f3a7b7b95,1,0,,a1416f9d808f774582c213f8,dongchedi_usedcar_series,2026-07-08T22:04:53+08:00
5871,368,创维汽车,创维HT-i,https://p9-dcd.byteimg.com/tos-cn-i-dcdx/d8e8ac418d1a43228421f53898ed09af~tplv-resize:640:0.png?psm=motor.rank.data,7d19e8f1a3889f2a54d0b8b1,3,2,,706f31eb7a48cf72cedad784,dongchedi_ranking|dongchedi_usedcar_series,2026-07-08T22:04:53+08:00
5872,73,吉利汽车,帝豪L HiP,https://p3-dcd.byteimg.com/tos-cn-i-dcdx/5444faecb0bf45299f276c539cd2dbb6~tplv-f042mdwyw7-original:tplv-resize:640:0.image?psm=motor.pc_sh.api,030ab679590eee98371978ea,1,0,,5a9f5630579d4c5447806213,dongchedi_usedcar_series,2026-07-08T22:04:53+08:00
5873,8,长城,金刚炮,https://p3-dcd.byteimg.com/tos-cn-i-dcdx/970f13d93e064993abbe696513479baa~tplv-f042mdwyw7-original:tplv-resize:640:0.image?psm=motor.pc_sh.api,319e8e5962a82952319275a7,1,0,,00a0596b50cec710ac745233,dongchedi_usedcar_series,2026-07-08T22:04:53+08:00
5878,426,极氪,ZEEKR 009,https://p9-dcd.byteimg.com/tos-cn-i-dcdx/ff38fe497faf47a5bfeec1a95272f0ed~tplv-resize:640:0.png?psm=motor.rank.data,8be75d8f41702e823050d8c2,3,2,,49e85456b0c65feab2e95cd3,dongchedi_ranking|dongchedi_usedcar_series,2026-07-08T22:04:53+08:00
5886,78,北京汽车制造厂,锐胜王牌M7,https://p9-dcd.byteimg.com/tos-cn-i-dcdx/9ab40d5c662d43be9e3e28282ab17ad7~tplv-resize:640:0.png?psm=motor.rank.data,e0da98544a6da424f9163a86,3,2,,7ed1cb7dce27423280a9dea3,dongchedi_ranking|dongchedi_usedcar_series,2026-07-08T22:04:53+08:00
5887,78,北京汽车制造厂,锐胜王牌EM7,https://p9-dcd.byteimg.com/tos-cn-i-dcdx/37620bc5aa0549279ee9d3e0ee8e3ff6~tplv-resize:640:0.png?psm=motor.rank.data,b21eabca45be03503810cfe7,3,2,,b7bf669fdada0686f17956e9,dongchedi_ranking|dongchedi_usedcar_series,2026-07-08T22:04:53+08:00
5888,461,奇瑞新能源,无界Pro,https://p3-dcd.byteimg.com/tos-cn-i-dcdx/43d183c57f8343339359a58dd2d7c8d8~tplv-f042mdwyw7-original:tplv-resize:640:0.image?psm=motor.pc_sh.api,64921e62eaa2ecfe3f8f4303,1,0,,ef42b38cc40b6f94dc1ed19d,dongchedi_usedcar_series,2026-07-08T22:04:53+08:00
5889,18,奇瑞,瑞虎8 PRO PHEV,https://p3-dcd.byteimg.com/tos-cn-i-dcdx/fa67b1cacd744ffabbf46bf40545962a~tplv-f042mdwyw7-original:tplv-resize:640:0.image?psm=motor.pc_sh.api,85ae70e55f61641e0e70700b,1,0,,084bb8ad89ce7037543efa4b,dongchedi_usedcar_series,2026-07-08T22:04:53+08:00
5895,10,日产,ARIYA 艾睿雅,https://p9-dcd.byteimg.com/motor-mis-img/c16b1a2dfa6203ff91b2a3d20e20bceb~tplv-resize:640:0.png?psm=motor.rank.data,9342f0453c096ad681920726,3,2,,8df35cefaee21cb21dc655db,dongchedi_ranking|dongchedi_usedcar_series,2026-07-08T22:04:53+08:00
5896,39,五菱汽车,五菱Air ev晴空,https://p9-dcd.byteimg.com/tos-cn-i-dcdx/8c27ef5a5a234a1d8d74da44fb388893~tplv-resize:640:0.png?psm=motor.rank.data,14b94b97b0bb911e48475f9b,3,2,,dcb40576871bb85899444ebe,dongchedi_ranking|dongchedi_usedcar_series,2026-07-08T22:04:53+08:00
5897,6,雪佛兰,星迈罗,https://p9-dcd.byteimg.com/tos-cn-i-dcdx/22c5222e523c4453bfe543e8304e54b3~tplv-resize:640:0.png?psm=motor.rank.data,d9d799f90e741180cea173db,3,2,,26f5977592c37d3720331c45,dongchedi_ranking|dongchedi_usedcar_series,2026-07-08T22:04:53+08:00
5898,136,江铃集团新能源,易至EV2,https://p9-dcd.byteimg.com/tos-cn-i-dcdx/1b555b0a37b24a7a9a96665ce130381c~tplv-resize:640:0.png?psm=motor.rank.data,9223e6f597bdd938e9d91572,3,2,,e44b1360ee09a087b4bea95d,dongchedi_ranking|dongchedi_usedcar_series,2026-07-08T22:04:53+08:00
5905,59,红旗,红旗HQ9,https://p9-dcd.byteimg.com/motor-mis-img/b690e5fd5c48d8da3726a893a2d296cf~tplv-resize:640:0.png?psm=motor.rank.data,7cdeda20be8b8fa58c132c34,3,2,,8cc25fb288f33735cb359357,dongchedi_ranking|dongchedi_usedcar_series,2026-07-08T22:04:53+08:00
5907,209,捷途,捷途大圣i-DM,https://p9-dcd.byteimg.com/motor-mis-img/5a5c0c454597739f799050109820d01c~tplv-f042mdwyw7-original:tplv-resize:640:0.image?psm=motor.pc_sh.api,0c63d1c7ae7c7e09c3bdc64a,1,0,,032a5d34003fb3900796414d,dongchedi_usedcar_series,2026-07-08T22:04:53+08:00
5910,477,新吉奥汽车,吉奥帅凌,https://p9-dcd.byteimg.com/motor-mis-img/51ad5683f45b74ba5525546561f652d2~tplv-f042mdwyw7-original:tplv-resize:640:0.image?psm=motor.pc_sh.api,231fdf5a51570a966df9b911,1,0,,480c4fca3e35c5728307336f,dongchedi_usedcar_series,2026-07-08T22:04:53+08:00
5911,381,睿蓝汽车,睿蓝X3 PRO,https://p9-dcd.byteimg.com/tos-cn-i-dcdx/d326a4f1d98f42e69d2d69e4fec18c6c~tplv-resize:640:0.png?psm=motor.rank.data,25fe13c146e1cc7d3047ef21,3,2,,2cef7c0f3836f63c3a3c9cc0,dongchedi_ranking|dongchedi_usedcar_series,2026-07-08T22:04:53+08:00
5912,9,本田,ZR-V 致在,https://p3-dcd.byteimg.com/tos-cn-i-dcdx/d59738a62f53451bbcf05a4bc6bd907c~tplv-f042mdwyw7-original:tplv-resize:640:0.image?psm=motor.pc_sh.api,f4caddc5bcd118f361bdaebf,1,0,,114da3b1de0c7aeaae05bf9d,dongchedi_usedcar_series,2026-07-08T22:04:53+08:00
5919,47,宾利,欧陆PHEV,https://p3-dcd.byteimg.com/tos-cn-i-dcdx/fc7784f619b546aca34895a90d9ce0ca~tplv-f042mdwyw7-original:tplv-resize:640:0.image?psm=motor.pc_sh.api,dda0dca6df1c7cbfbce04bf6,1,0,,e756b9816ec944704fa8922e,dongchedi_usedcar_series,2026-07-08T22:04:53+08:00
5921,20,保时捷,Macan EV,https://p9-dcd.byteimg.com/tos-cn-i-dcdx/4fe6b3a1c54c44fe8de1b872ab1ed153~tplv-f042mdwyw7-original:tplv-resize:640:0.image?psm=motor.pc_sh.api,1be2ef1679e3331bf625aacf,1,0,,5fef8d23f861188c776236fb,dongchedi_usedcar_series,2026-07-08T22:04:53+08:00
5923,35,长安,长安UNI-V 智电iDD,https://p9-dcd.byteimg.com/tos-cn-i-dcdx/2795607979c740fa8e2e985fb2dc1a88~tplv-resize:640:0.png?psm=motor.rank.data,c99ba90fe69ed6ef1cf8ab4b,3,2,,238a8fafafaafde37fa4bb04,dongchedi_ranking|dongchedi_usedcar_series,2026-07-08T22:04:53+08:00
5924,395,岚图,岚图梦想家 PHEV,https://p9-dcd.byteimg.com/tos-cn-i-dcdx/61732b2c7a5548e7bee29f8cd4f2a617~tplv-resize:640:0.png?psm=motor.rank.data,96099b98b88bf89ca903105a,3,2,,a5e4f73736c68c75105a4790,dongchedi_ranking|dongchedi_usedcar_series,2026-07-08T22:04:53+08:00
5929,1,大众,揽巡,https://p9-dcd.byteimg.com/tos-cn-i-dcdx/c6f5423785fd4fe7a919c455ef317ad5~tplv-resize:640:0.png?psm=motor.rank.data,d547f66fc5c299aa88b5ee81,3,2,,be584eac1a89f8562a3095f8,dongchedi_ranking|dongchedi_usedcar_series,2026-07-08T22:04:53+08:00
5931,193,鑫源汽车,金海狮M,https://p3-dcd.byteimg.com/motor-mis-img/8ed33c7db8309b7f662944970513fe30~tplv-f042mdwyw7-original:tplv-resize:640:0.image?psm=motor.pc_sh.api,293c794bb1fd79a2ca96adea,1,0,,2b40b9ee1eaca47b20d0c993,dongchedi_usedcar_series,2026-07-08T22:04:53+08:00
5934,53,海马,海马7X-E,https://p9-dcd.byteimg.com/motor-mis-img/83764d01c17f4ed726bfa1c8da24270c~tplv-resize:640:0.png?psm=motor.rank.data,15f3abd3a36ece6563258c48,2,2,,6fd9fbe91bd6bdc9c6830386,dongchedi_ranking,2026-07-08T22:04:53+08:00
5935,12,别克,世纪,https://p9-dcd.byteimg.com/tos-cn-i-dcdx/4864f2d050a34132b0c932f37dd63821~tplv-resize:640:0.png?psm=motor.rank.data,c4723c072ead954347a5d3da,3,2,,42432a9ca0761d5499facd1c,dongchedi_ranking|dongchedi_usedcar_series,2026-07-08T22:04:53+08:00
5952,16,比亚迪,海鸥,https://p9-dcd.byteimg.com/tos-cn-i-dcdx/06d44bd3f3354beda202de7b482b0694~tplv-resize:640:0.png?psm=motor.rank.data,619e68c71d0b07657e5d527e,3,2,,90682a929390723a69e79e1f,dongchedi_ranking|dongchedi_usedcar_series,2026-07-08T22:04:53+08:00
5953,251,星途,星途瑶光,https://p9-dcd.byteimg.com/tos-cn-i-dcdx/8e73e907c6f6485dacc9f8532a541841~tplv-resize:640:0.png?psm=motor.rank.data,f617f2d031d21a76c4cf8418,3,2,,fbdbd4154f0a8c0e454b964e,dongchedi_ranking|dongchedi_usedcar_series,2026-07-08T22:04:53+08:00
5957,516,金杯新能源,新海狮 EV,https://p3-dcd.byteimg.com/tos-cn-i-dcdx/dda7d554c89446eda5c2d467b149ee03~tplv-f042mdwyw7-original:tplv-resize:640:0.image?psm=motor.pc_sh.api,8cd8a11b1372e6c9b7f9cc35,1,0,,6a56b6111658bc7fb933a5ee,dongchedi_usedcar_series,2026-07-08T22:04:53+08:00
5964,57,福田,精灵智蓝,https://p9-dcd.byteimg.com/tos-cn-i-dcdx/0b2e0c6d57e74ce187f0e6f62785c5db~tplv-f042mdwyw7-original:tplv-resize:640:0.image?psm=motor.pc_sh.api,04010530fa7497bdf48b4d14,1,0,,bd1de09695e0968653be049c,dongchedi_usedcar_series,2026-07-08T22:04:53+08:00
5965,22,雷克萨斯,雷克萨斯RX PHEV,https://p3-dcd.byteimg.com/tos-cn-i-dcdx/fd64ffbcd92b4ad28a993aec1ba7285d~tplv-f042mdwyw7-original:tplv-resize:640:0.image?psm=motor.pc_sh.api,453d3da1f636a667d7f2eab0,1,0,,e0152b43941f8a82823d0516,dongchedi_usedcar_series,2026-07-08T22:04:53+08:00
5967,489,极越,极越01,https://p9-dcd.byteimg.com/tos-cn-i-dcdx/f73c60325bef4f98b00f280bfc238a4f~tplv-f042mdwyw7-original:tplv-resize:640:0.image?psm=motor.pc_sh.api,446433982dc25e9b5f76155e,1,0,,e760460b280569d1e35b7645,dongchedi_usedcar_series,2026-07-08T22:04:53+08:00
5968,417,东风纳米,纳米BOX,https://p3-dcd.byteimg.com/tos-cn-i-dcdx/49485a6aaae1402388ea2f897d97f5a7~tplv-f042mdwyw7-original:tplv-resize:640:0.image?psm=motor.pc_sh.api,0280afccb72fd82e6f958d2c,1,0,,eb478b2f888849fdadfec0f6,dongchedi_usedcar_series,2026-07-08T22:04:53+08:00
5969,3,奔驰,奔驰C级AMG PHEV,https://p3-dcd.byteimg.com/motor-mis-img/0be031dfb4d94dc3f97d0a8ac5131d27~tplv-f042mdwyw7-original:tplv-resize:640:0.image?psm=motor.pc_sh.api,68d36a17bd6ecc00ef7e6f53,1,0,,e2dcb9e65dafc72e1984cfc0,dongchedi_usedcar_series,2026-07-08T22:04:53+08:00
5972,405,克蒂汽车,克蒂帝亚,https://p9-dcd.byteimg.com/tos-cn-i-dcdx/c1ef30322f5b4995aec269042ad5e74d~tplv-f042mdwyw7-original:tplv-resize:640:0.image?psm=motor.pc_sh.api,54b720205c996dd228b4416c,1,0,,1fb8913016f2ab18dc1bdbb9,dongchedi_usedcar_series,2026-07-08T22:04:53+08:00
5978,30,凯迪拉克,凯迪拉克GT4,https://p9-dcd.byteimg.com/tos-cn-i-dcdx/6db297a9abf54fcb86895a89462201a4~tplv-resize:640:0.png?psm=motor.rank.data,804074376f37494374c6fefe,3,2,,52f53197a6b0095d33b21582,dongchedi_ranking|dongchedi_usedcar_series,2026-07-08T22:04:53+08:00
5980,12,别克,昂扬,https://p9-dcd.byteimg.com/tos-cn-i-dcdx/83dfea1c6d9a4ca6a1d324a8c13ae3e6~tplv-f042mdwyw7-original:tplv-resize:640:0.image?psm=motor.pc_sh.api,d5fc051925de5306444e7af2,1,0,,cb487adddbc93f533d4d5231,dongchedi_usedcar_series,2026-07-08T22:04:53+08:00
5982,39,五菱汽车,五菱星驰,https://p9-dcd.byteimg.com/tos-cn-i-dcdx/5eb191fe36b642aa89fcab3ee557b0b9~tplv-resize:640:0.png?psm=motor.rank.data,e7d2dd89fbbb66893e732f91,3,2,,9a8b78cea83c276ddd50e29f,dongchedi_ranking|dongchedi_usedcar_series,2026-07-08T22:04:53+08:00
5992,61,标致,标致408X,https://p9-dcd.byteimg.com/tos-cn-i-dcdx/4211faff193940beab4af0d54f89ec2d~tplv-resize:640:0.png?psm=motor.rank.data,ed554452157aa5b1776eec2b,3,2,,41fb26bba09429fd471d3049,dongchedi_ranking|dongchedi_usedcar_series,2026-07-08T22:04:53+08:00
5997,381,睿蓝汽车,睿蓝7,https://p9-dcd.byteimg.com/tos-cn-i-dcdx/34076f95094b48af8c6835540dd8227d~tplv-resize:640:0.png?psm=motor.rank.data,d25d88c4c9ff5fbb2735f63c,3,2,,cea4a6e2c154561d5a87813e,dongchedi_ranking|dongchedi_usedcar_series,2026-07-08T22:04:53+08:00
6000,108,大通,大家5 PLUG IN,https://p3-dcd.byteimg.com/motor-mis-img/4f42d5ff30f94ef4c7da101045312782~tplv-f042mdwyw7-original:tplv-resize:640:0.image?psm=motor.pc_sh.api,8c6fc40973ca8f3d24024cf1,1,0,,965c27e0eb3316d488bcb3e7,dongchedi_usedcar_series,2026-07-08T22:04:53+08:00
6003,381,睿蓝汽车,睿蓝9,https://p3-dcd.byteimg.com/tos-cn-i-dcdx/7575b7c9d59f478391ec644c2ae07201~tplv-f042mdwyw7-original:tplv-resize:640:0.image?psm=motor.pc_sh.api,84dd33e396e4bc4a6ddddd37,1,0,,885b8f078813cb21f78df791,dongchedi_usedcar_series,2026-07-08T22:04:53+08:00
6013,78,北京汽车制造厂,卡路里F7,https://p3-dcd.byteimg.com/tos-cn-i-dcdx/17a3232625684161b08b6bbed980b120~tplv-f042mdwyw7-original:tplv-resize:640:0.image?psm=motor.pc_sh.api,8d7ecf1fd22e075b8bcd977a,1,0,,2328c41669935ef782330f49,dongchedi_usedcar_series,2026-07-08T22:04:53+08:00
6020,514,吉利雷达,雷达地平线EV,https://p3-dcd.byteimg.com/motor-mis-img/93dea7d11fb03b3cd22c93d08d691d3b~tplv-f042mdwyw7-original:tplv-resize:640:0.image?psm=motor.pc_sh.api,4fcfa67492172889ad78b77d,1,0,,2f583cb151cbc7de236fa61d,dongchedi_usedcar_series,2026-07-08T22:04:53+08:00
6025,73,吉利汽车,博越L,https://p9-dcd.byteimg.com/tos-cn-i-dcdx/185e56933ef94d3a8ff2e319c3c52829~tplv-resize:640:0.png?psm=motor.rank.data,acd2e560fff27d5464650c50,3,2,,6b3fbe85d84b039f40102533,dongchedi_ranking|dongchedi_usedcar_series,2026-07-08T22:04:53+08:00
6027,515,深蓝汽车,深蓝S07,https://p9-dcd.byteimg.com/tos-cn-i-dcdx/cf7c0306cbcc4bf59fb91444b20bf80a~tplv-resize:640:0.png?psm=motor.rank.data,cac1f050d240ffd9bddcfae4,3,2,,3d15f87f56ad47472c9580e3,dongchedi_ranking|dongchedi_usedcar_series,2026-07-08T22:04:53+08:00
6032,477,新吉奥汽车,吉奥奥腾,https://p9-dcd.byteimg.com/tos-cn-i-dcdx/ece80e5f541f4205aa187a73a0625cf3~tplv-f042mdwyw7-original:tplv-resize:640:0.image?psm=motor.pc_sh.api,038d09d91e4b6b32d41b2693,1,0,,0b337db18fa54ca970edf04e,dongchedi_usedcar_series,2026-07-08T22:04:53+08:00
6033,18,奇瑞,艾瑞泽5 GT,https://p3-dcd.byteimg.com/motor-mis-img/1ad5e99ddbdd53a1af8d298a24556edd~tplv-f042mdwyw7-original:tplv-resize:640:0.image?psm=motor.pc_sh.api,f02e3f1261830cd642502865,1,0,,b1c567725ed204d56e1b6481,dongchedi_usedcar_series,2026-07-08T22:04:53+08:00
6035,119,长安欧尚,长安欧尚X5 PLUS,https://p3-dcd.byteimg.com/tos-cn-i-dcdx/a4616746e0c748508ba07e1c3909e58f~tplv-f042mdwyw7-original:tplv-resize:640:0.image?psm=motor.pc_sh.api,72c20dab0f94761d62905622,1,0,,7b2830d3326fd5547b8954b4,dongchedi_usedcar_series,2026-07-08T22:04:53+08:00
6036,9,本田,本田HR-V,https://p9-dcd.byteimg.com/tos-cn-i-dcdx/454c032806604745b624ac6e0cd228f1~tplv-resize:640:0.png?psm=motor.rank.data,8461b3e936cc4e66a859dcc5,3,2,,f641a5d3086ebe0dbdbf0ee2,dongchedi_ranking|dongchedi_usedcar_series,2026-07-08T22:04:53+08:00
6044,108,大通,领地,https://p9-dcd.byteimg.com/motor-mis-img/fd99ba99b35ccc8d6e1562f1142f1856~tplv-resize:640:0.png?psm=motor.rank.data,86bb32b213f9c9025ed9cd9c,3,2,,d1335bbc9751ef74a91a963f,dongchedi_ranking|dongchedi_usedcar_series,2026-07-08T22:04:53+08:00
6050,3,奔驰,奔驰CLE级,https://p3-dcd.byteimg.com/tos-cn-i-dcdx/e026487cc61546f6b32f619396151187~tplv-f042mdwyw7-original:tplv-resize:640:0.image?psm=motor.pc_sh.api,10487f518421c6288863980a,1,0,,c4d2dd405216e6cff8c23962,dongchedi_usedcar_series,2026-07-08T22:04:53+08:00
6051,3,奔驰,奔驰CLE级AMG,https://p3-dcd.byteimg.com/tos-cn-i-dcdx/410a901cb28d45ffb232a5e1e832f49c~tplv-f042mdwyw7-original:tplv-resize:640:0.image?psm=motor.pc_sh.api,9e982046617a4bae1790f04f,1,0,,0e95f98eb2e48ddbd07197d5,dongchedi_usedcar_series,2026-07-08T22:04:53+08:00
6052,100,江铃,福顺,https://p3-dcd.byteimg.com/tos-cn-i-dcdx/5316b24edc9c481b908108c6044f6c15~tplv-f042mdwyw7-original:tplv-resize:640:0.image?psm=motor.pc_sh.api,098c7bc6cebba55f496e87f4,1,0,,7ceec130e056e979f459161a,dongchedi_usedcar_series,2026-07-08T22:04:53+08:00
6056,142,凯翼,昆仑,https://p9-dcd.byteimg.com/tos-cn-i-dcdx/2e9b4807525e49c98142a0af0b91b878~tplv-resize:640:0.png?psm=motor.rank.data,d84b34d8cf868c834eb6785c,3,2,,aeabb442bc178d7297d418a0,dongchedi_ranking|dongchedi_usedcar_series,2026-07-08T22:04:53+08:00
6060,142,凯翼,拾月,https://p9-dcd.byteimg.com/tos-cn-i-dcdx/2dd89dc8c3d84bca9e205d857171e95f~tplv-resize:640:0.png?psm=motor.rank.data,034866bee88caed2ebebf07e,3,2,,e8d3e878d9f95c151ab110ef,dongchedi_ranking|dongchedi_usedcar_series,2026-07-08T22:04:53+08:00
6063,41,劳斯莱斯,Silver Seraph,https://p9-dcd.byteimg.com/motor-mis-img/dd70ad13e5a9a3c5b3c37fbc998fea47~tplv-f042mdwyw7-original:tplv-resize:640:0.image?psm=motor.pc_sh.api,154f66e26849dbb452ecdd07,1,0,,49c27d672c1c8077781422a4,dongchedi_usedcar_series,2026-07-08T22:04:53+08:00
6067,202,理想汽车,理想MEGA,https://p9-dcd.byteimg.com/tos-cn-i-dcdx/62971a68ca054c609add93ada6ad41cd~tplv-resize:640:0.png?psm=motor.rank.data,7d1f2fbdc69e485c53982c85,3,2,,837d3ebf993ac4d698fa2abb,dongchedi_ranking|dongchedi_usedcar_series,2026-07-08T22:04:53+08:00
6068,16,比亚迪,海狮07EV,https://p9-dcd.byteimg.com/tos-cn-i-dcdx/2739a1ee35284e549c67d883f993d2ae~tplv-resize:640:0.png?psm=motor.rank.data,04e23bb900626b4c9669525b,3,2,,c9c811d756d2cd58f11345fc,dongchedi_ranking|dongchedi_usedcar_series,2026-07-08T22:04:53+08:00
6069,303,合创汽车,合创A06,https://p3-dcd.byteimg.com/tos-cn-i-dcdx/6ed97fb37fb446c2bfc1ed3f142f8015~tplv-f042mdwyw7-original:tplv-resize:640:0.image?psm=motor.pc_sh.api,e951f85e06e537b01ec89b82,1,0,,7f63a241ff52f964c4ff89b4,dongchedi_usedcar_series,2026-07-08T22:04:53+08:00
6070,13,起亚,狮铂拓界,https://p9-dcd.byteimg.com/tos-cn-i-dcdx/187b3d71fd0d43a1a8d0f12e95934de7~tplv-resize:640:0.png?psm=motor.rank.data,89adc1ede1f38520931c033d,3,2,,e56ae1e7b38d74d994958764,dongchedi_ranking|dongchedi_usedcar_series,2026-07-08T22:04:53+08:00
6076,18,奇瑞,瑞虎7 PLUS PHEV,https://p9-dcd.byteimg.com/tos-cn-i-dcdx/70299e32370848008bda667b5e498029~tplv-resize:640:0.png?psm=motor.rank.data,6f79e8c158d299838de582fe,3,2,,d48fc0ce1337304c14b1a97b,dongchedi_ranking|dongchedi_usedcar_series,2026-07-08T22:04:53+08:00
6078,405,克蒂汽车,克蒂翔翼,https://p9-dcd.byteimg.com/motor-mis-img/4495d315dde884e0a221039f19720029~tplv-f042mdwyw7-original:tplv-resize:640:0.image?psm=motor.pc_sh.api,b8e04d0fdb29fdcb856ff732,1,0,,a952d631bf5e4328b5d8c96a,dongchedi_usedcar_series,2026-07-08T22:04:53+08:00
6079,405,克蒂汽车,克蒂WALD,https://p9-dcd.byteimg.com/motor-mis-img/a2a19bf268efa8acfd60262690b978c3~tplv-f042mdwyw7-original:tplv-resize:640:0.image?psm=motor.pc_sh.api,b071372b63d096f8f315338b,1,0,,8e4f9d380bf7b07352b0435f,dongchedi_usedcar_series,2026-07-08T22:04:53+08:00
6080,264,吉利几何,吉利几何G6,https://p3-dcd.byteimg.com/tos-cn-i-dcdx/2aa2a7143c4c4d849d972ea8ee260ca2~tplv-resize:640:0.png?psm=motor.rank.data,586541e1b5f05e0ea2f0e7a5,2,1,,f3d4e5d0fc8c355ee3e5d6c8,dongchedi_ranking|dongchedi_usedcar_series,2026-07-08T22:04:53+08:00
6081,264,吉利几何,吉利几何M6,https://p3-dcd.byteimg.com/motor-mis-img/83c8ee7c79a3f33e111a6de8c54e21bc~tplv-f042mdwyw7-original:tplv-resize:640:0.image?psm=motor.pc_sh.api,714950c860a80631e9a9238c,1,0,,153bd7dcff8b619fffc24c9d,dongchedi_usedcar_series,2026-07-08T22:04:53+08:00
6085,27,奔腾,奔腾M9,https://p9-dcd.byteimg.com/tos-cn-i-dcdx/87923bd1a148439abd86c047bdd7dc6d~tplv-f042mdwyw7-original:tplv-resize:640:0.image?psm=motor.pc_sh.api,2d892fb1104814a86c42f4e1,1,0,,7640f7cef8868775ccd915c3,dongchedi_usedcar_series,2026-07-08T22:04:53+08:00
6086,73,吉利汽车,星越L 增程电动版,https://p3-dcd.byteimg.com/motor-mis-img/1de5778e4fb08daa009c7fb564c2de0f~tplv-f042mdwyw7-original:tplv-resize:640:0.image?psm=motor.pc_sh.api,fa04eec876bd1e94a472d957,1,0,,42b0be0ed58d327a685f4ab1,dongchedi_usedcar_series,2026-07-08T22:04:53+08:00
6087,40,广汽传祺,传祺E9 PHEV,https://p9-dcd.byteimg.com/tos-cn-i-dcdx/c5d2d86a507f4721af7f582a6c661243~tplv-resize:640:0.png?psm=motor.rank.data,15992ae12f2d0622b8730054,3,2,,33ff6b8a25db4df6b312606e,dongchedi_ranking|dongchedi_usedcar_series,2026-07-08T22:04:53+08:00
6090,210,长安跨越,跨越星V7 EV,https://p3-dcd.byteimg.com/tos-cn-i-dcdx/2acf1e62a7354937a5340372bfed77d0~tplv-f042mdwyw7-original:tplv-resize:640:0.image?psm=motor.pc_sh.api,cb57da12139e073653511982,1,0,,8f08808e7d60c23517c0eb9b,dongchedi_usedcar_series,2026-07-08T22:04:53+08:00
6095,202,理想汽车,理想L8,https://p9-dcd.byteimg.com/tos-cn-i-dcdx/452b8309a011413fa531f6ca50ea1d49~tplv-resize:640:0.png?psm=motor.rank.data,d44026d2314c6e6d80f820c6,3,2,,e2b383455c419fd5776ef6f6,dongchedi_ranking|dongchedi_usedcar_series,2026-07-08T22:04:53+08:00
6098,8,长城,山海炮,https://p3-dcd.byteimg.com/tos-cn-i-dcdx/ac1088cebfc349e496ea02d59996f737~tplv-f042mdwyw7-original:tplv-resize:640:0.image?psm=motor.pc_sh.api,ee571daf9a7a30f77af1fe8c,1,0,,01906a82fa8f98ec08cc55bc,dongchedi_usedcar_series,2026-07-08T22:04:53+08:00
6102,42,兰博基尼,Urus SE,https://p3-dcd.byteimg.com/tos-cn-i-dcdx/19436b017f1e41ba89256564279b65fd~tplv-f042mdwyw7-original:tplv-resize:640:0.image?psm=motor.pc_sh.api,2da1a6cf284d8a0e69cfa5ca,1,0,,cc15a604490b4ae10dc74895,dongchedi_usedcar_series,2026-07-08T22:04:53+08:00
6120,235,思皓,思皓X8 PLUS,https://p3-dcd.byteimg.com/motor-mis-img/db8e7f2ecfe07c9dc3ee5b0fb36acc30~tplv-f042mdwyw7-original:tplv-resize:640:0.image?psm=motor.pc_sh.api,50670a28477e4a03a60074fd,1,0,,58bcd4ead0d01d7079331188,dongchedi_usedcar_series,2026-07-08T22:04:53+08:00
6124,17,哈弗,哈弗大狗PLUS PHEV,https://p9-dcd.byteimg.com/tos-cn-i-dcdx/9164caa0c930463dac91cd8e5458ffff~tplv-resize:640:0.png?psm=motor.rank.data,c4165e51709134973a080dc4,3,2,,79cf84ee08e293da3bbeb027,dongchedi_ranking|dongchedi_usedcar_series,2026-07-08T22:04:53+08:00
6126,5,丰田,丰田bZ3,https://p9-dcd.byteimg.com/tos-cn-i-dcdx/1a7c1ba06f614302a02a3a5f94e4db6b~tplv-resize:640:0.png?psm=motor.rank.data,b22c5ee7ec14e602b8907d54,3,2,,5114b6971f5658270b864c81,dongchedi_ranking|dongchedi_usedcar_series,2026-07-08T22:04:53+08:00
6132,59,红旗,红旗H5,https://p9-dcd.byteimg.com/tos-cn-i-dcdx/3f580fa48ce24637857ccce85ef3f44e~tplv-resize:640:0.png?psm=motor.rank.data,638f1cfc0657f2dd3d8188ed,3,2,,f48f6fea03384061a88bb69d,dongchedi_ranking|dongchedi_usedcar_series,2026-07-08T22:04:53+08:00
6137,401,飞凡汽车,飞凡F7,https://p9-dcd.byteimg.com/tos-cn-i-dcdx/d3c1128436c342588263a40466dbaad0~tplv-resize:640:0.png?psm=motor.rank.data,1a3945db8c8c00d54f35342e,3,2,,3b48d566ca760c0fcd5e5429,dongchedi_ranking|dongchedi_usedcar_series,2026-07-08T22:04:53+08:00
6147,35,长安,锐程PLUS,https://p9-dcd.byteimg.com/tos-cn-i-dcdx/6de734d6685c494daee1c10272206263~tplv-resize:640:0.png?psm=motor.rank.data,cee6b8ddf8990628098aa5d2,3,2,,b9b078ad40b41a1919b0679e,dongchedi_ranking|dongchedi_usedcar_series,2026-07-08T22:04:53+08:00
6148,858,吉利银河,熊猫,https://p9-dcd.byteimg.com/tos-cn-i-dcdx/7d3e4fe480754dd9849fb7ebdd07e8a6~tplv-resize:640:0.png?psm=motor.rank.data,f8edc3bd5356f0e0602b0ecf,3,2,,27034176a78282c6e66b9014,dongchedi_ranking|dongchedi_usedcar_series,2026-07-08T22:04:53+08:00
6149,17,哈弗,哈弗大狗PLUS,https://p9-dcd.byteimg.com/tos-cn-i-dcdx/3cfcb74af49040b9beb722372f7368f5~tplv-f042mdwyw7-original:tplv-resize:640:0.image?psm=motor.pc_sh.api,efc98c0edfa033afdccebf67,1,0,,5dc87bfe667b42cd179df39f,dongchedi_usedcar_series,2026-07-08T22:04:53+08:00
6154,880,广汽昊铂,昊铂SSR,https://p9-dcd.byteimg.com/motor-mis-img/160346a9df24317813694178a946ffc1~tplv-resize:640:0.png?psm=motor.rank.data,c830511ca64d71d836a57087,3,2,,7c762146324e45e7675ef286,dongchedi_ranking|dongchedi_usedcar_series,2026-07-08T22:04:53+08:00
6155,33,斯巴鲁,CROSSTREK旭豹,https://p3-dcd.byteimg.com/tos-cn-i-dcdx/df93c246919d492d90933e0da829f1d2~tplv-f042mdwyw7-original:tplv-resize:640:0.image?psm=motor.pc_sh.api,389a766c861ed78dc9168dae,1,0,,e2cc55d0a4b16f4eeadb83eb,dongchedi_usedcar_series,2026-07-08T22:04:53+08:00
6157,7,福特,游骑侠Ranger,https://p3-dcd.byteimg.com/tos-cn-i-dcdx/4b2396d1c97e4e1197960afd99cc3e69~tplv-f042mdwyw7-original:tplv-resize:640:0.image?psm=motor.pc_sh.api,771b738d260e7640191c840c,1,0,,414132d64ce5c5edbf6f46ed,dongchedi_usedcar_series,2026-07-08T22:04:53+08:00
6160,366,宝骏,悦也,https://p9-dcd.byteimg.com/tos-cn-i-dcdx/89571c98d16249bfa17a9e614ecedea0~tplv-resize:640:0.png?psm=motor.rank.data,f51ce8bbe3c831fac462d5c6,3,2,,9719f46b2dd56f41fa871402,dongchedi_ranking|dongchedi_usedcar_series,2026-07-08T22:04:53+08:00
6164,10439,沃森威尔,福特黑武士,https://p3-dcd.byteimg.com/motor-mis-img/c5db2ce01014a0cb230f1213a4ae1b3f~tplv-f042mdwyw7-original:tplv-resize:640:0.image?psm=motor.pc_sh.api,e7e07b40932839dba539a800,1,0,,7510a138e2b6de5e8af31434,dongchedi_usedcar_series,2026-07-08T22:04:53+08:00
6172,24,沃尔沃,沃尔沃EX90,https://p9-dcd.byteimg.com/tos-cn-i-dcdx/9366e841adbf4410b3680164aa1b426f~tplv-resize:640:0.png?psm=motor.rank.data,071f5d38cc8a5eac28d3432d,2,2,,56fb101e3af6d1abf6bcba1c,dongchedi_ranking,2026-07-08T22:04:53+08:00
6173,202,理想汽车,理想L7,https://p3-dcd.byteimg.com/tos-cn-i-dcdx/a783a546a20d4a7c89202df18dc1fee4~tplv-f042mdwyw7-original:tplv-resize:640:0.image?psm=motor.pc_sh.api,1144f221ac2f267968c40c16,1,0,,dc41a3e2678e3d3f8c94e6ab,dongchedi_usedcar_series,2026-07-08T22:04:53+08:00
6179,77,东南,东南DX8S,https://p3-dcd.byteimg.com/tos-cn-i-dcdx/d4d4da03d3f2428fbdc7586d759ff58a~tplv-f042mdwyw7-original:tplv-resize:640:0.image?psm=motor.pc_sh.api,4a56439ec20675c325b87f1d,1,0,,6a192c1ca15d0ca819faaa3b,dongchedi_usedcar_series,2026-07-08T22:04:53+08:00
6180,100,江铃,E路顺,https://p3-dcd.byteimg.com/tos-cn-i-dcdx/8f18d1dd38144a5683c1784afd0804b9~tplv-f042mdwyw7-original:tplv-resize:640:0.image?psm=motor.pc_sh.api,739aaba47270a5588cbce66e,1,0,,688f1a027be41ac0afbf65cb,dongchedi_usedcar_series,2026-07-08T22:04:53+08:00
6187,535,小米汽车,小米SU7,https://p9-dcd.byteimg.com/tos-cn-i-dcdx/cbdad660b73c48808f6c6317e38738e2~tplv-resize:640:0.png?psm=motor.rank.data,f0bb247c932f7a598994ac48,3,2,,e52e1594ca06305e96150033,dongchedi_ranking|dongchedi_usedcar_series,2026-07-08T22:04:53+08:00
6199,538,Abarth,Abarth 595,https://p3-dcd.byteimg.com/motor-mis-img/58f4f2f59d49747a4d67b123c62c5136~tplv-f042mdwyw7-original:tplv-resize:640:0.image?psm=motor.pc_sh.api,d09d0d2864f7cdde07a4f66c,1,0,,acbfa2b6e933dd5f7facd365,dongchedi_usedcar_series,2026-07-08T22:04:53+08:00
6200,538,Abarth,Abarth 695,https://p3-dcd.byteimg.com/motor-mis-img/b819daf726971d09571358a9cbee7e51~tplv-f042mdwyw7-original:tplv-resize:640:0.image?psm=motor.pc_sh.api,30d77ee2276c5458c10a2788,1,0,,1e7462621d23c6bc3d4f31cf,dongchedi_usedcar_series,2026-07-08T22:04:53+08:00
6204,868,蓝电,蓝电E5,https://p9-dcd.byteimg.com/tos-cn-i-dcdx/a85640b7405f4d3889bc55d63edbd0c8~tplv-resize:640:0.png?psm=motor.rank.data,a861c5c675e0927129f52e0f,3,2,,e0283991d54edafe31579c8b,dongchedi_ranking|dongchedi_usedcar_series,2026-07-08T22:04:53+08:00
6205,395,岚图,岚图追光 EV,https://p3-dcd.byteimg.com/tos-cn-i-dcdx/45e0ac325fd04a4e8b1ce482ce1be56e~tplv-f042mdwyw7-original:tplv-resize:640:0.image?psm=motor.pc_sh.api,7fe19241213146df750023df,1,0,,7d59f0796b027252e718735a,dongchedi_usedcar_series,2026-07-08T22:04:53+08:00
6206,66,魏牌,蓝山,https://p9-dcd.byteimg.com/tos-cn-i-dcdx/55aff52d61964e7b840d5ff46c2cc9c1~tplv-resize:640:0.png?psm=motor.rank.data,62247629da74a4960f6a2d6d,3,2,,53343d3e46d1e53754435ec7,dongchedi_ranking|dongchedi_usedcar_series,2026-07-08T22:04:53+08:00
6208,3,奔驰,奔驰EQE SUV,https://p9-dcd.byteimg.com/tos-cn-i-dcdx/84c82af0b310448daf17b88281649cf4~tplv-resize:640:0.png?psm=motor.rank.data,636a15055b2ca8a749524b6e,3,2,,56a5ba5f3a56a27756298518,dongchedi_ranking|dongchedi_usedcar_series,2026-07-08T22:04:53+08:00
6209,35,长安,逸达,https://p9-dcd.byteimg.com/tos-cn-i-dcdx/eac9a5b665864f3b8c6b0b1d72e3f2bc~tplv-resize:640:0.png?psm=motor.rank.data,f9c667b0b9571bed6c88aa01,3,2,,036f3e9084e488e20eda6e4a,dongchedi_ranking|dongchedi_usedcar_series,2026-07-08T22:04:53+08:00
6211,73,吉利汽车,豪越L,https://p9-dcd.byteimg.com/tos-cn-i-dcdx/5827eb09d0594155a0ce1c4fb1085459~tplv-resize:640:0.png?psm=motor.rank.data,d25c473fa826a81a63a9d595,3,2,,c96478a27a34f7d46886a5f9,dongchedi_ranking|dongchedi_usedcar_series,2026-07-08T22:04:53+08:00
6224,112,蔚来,蔚来EC7,https://p9-dcd.byteimg.com/tos-cn-i-dcdx/ad26c4ebfbf4468b95d6c324af506154~tplv-resize:640:0.png?psm=motor.rank.data,4d41a05b703fb6d4ffa9891a,3,2,,02a1257acacac9eba3d44e92,dongchedi_ranking|dongchedi_usedcar_series,2026-07-08T22:04:53+08:00
6227,18,奇瑞,瑞虎9,https://p9-dcd.byteimg.com/tos-cn-i-dcdx/eb7bbae35ac64d6ba170576b2a87b7eb~tplv-resize:640:0.png?psm=motor.rank.data,a89b0e9d4b855ebd683bfbe6,3,2,,058df09718161d3485062600,dongchedi_ranking|dongchedi_usedcar_series,2026-07-08T22:04:53+08:00
6233,18,奇瑞,探索06,https://p3-dcd.byteimg.com/tos-cn-i-dcdx/ff09c9723a5e4832ab9bb1e81e52fdae~tplv-f042mdwyw7-original:tplv-resize:640:0.image?psm=motor.pc_sh.api,b7853ebcce1c9295f733816a,1,0,,50e60e464288ac8f7e899b18,dongchedi_usedcar_series,2026-07-08T22:04:53+08:00
6235,546,仰望,仰望U8,https://p9-dcd.byteimg.com/tos-cn-i-dcdx/cea5c78ae0a2427f860ca06250d8c8ef~tplv-resize:640:0.png?psm=motor.rank.data,416ff3c6f5cc1710f6d051c9,3,2,,681cd568fc0e1c07c5e71a56,dongchedi_ranking|dongchedi_usedcar_series,2026-07-08T22:04:53+08:00
6237,5,丰田,皇冠SportCross,https://p3-dcd.byteimg.com/tos-cn-i-dcdx/6ddb2094a89a4512a6772f1a92b78d68~tplv-f042mdwyw7-original:tplv-resize:640:0.image?psm=motor.pc_sh.api,6dd0a0b82b3702007b85e288,1,0,,0fc9908446655b8f2351b3d0,dongchedi_usedcar_series,2026-07-08T22:04:53+08:00
6252,308,远程汽车,超级VAN,https://p9-dcd.byteimg.com/tos-cn-i-dcdx/5b15fa1c58b7456d98bcd665053dbc31~tplv-f042mdwyw7-original:tplv-resize:640:0.image?psm=motor.pc_sh.api,4b3f3f313fd3844240971546,1,0,,7df6ff64d0da700140ccdfdc,dongchedi_usedcar_series,2026-07-08T22:04:53+08:00
6253,426,极氪,ZEEKR X,https://p9-dcd.byteimg.com/tos-cn-i-dcdx/87bf9e60731445798436e52d5c9c042d~tplv-resize:640:0.png?psm=motor.rank.data,7ee1d627a5302b6db669c323,3,2,,2c330ddcef0f3a931dcf0cfa,dongchedi_ranking|dongchedi_usedcar_series,2026-07-08T22:04:53+08:00
6261,16,比亚迪,海豹DM,https://p9-dcd.byteimg.com/tos-cn-i-dcdx/74e489c57f1945faa0ac4ede26c433d1~tplv-f042mdwyw7-original:tplv-resize:640:0.image?psm=motor.pc_sh.api,bf401172cd21f9cdfb8f562b,1,0,,4423e16923cfa6741c741fd7,dongchedi_usedcar_series,2026-07-08T22:04:53+08:00
6266,39,五菱汽车,五菱缤果,https://p9-dcd.byteimg.com/tos-cn-i-dcdx/8a82589d0fbf4119a29b97b77dc96d62~tplv-resize:640:0.png?psm=motor.rank.data,5b813bea9459070eb056ecd5,3,2,,3e434fb2c8229e2205348db8,dongchedi_ranking|dongchedi_usedcar_series,2026-07-08T22:04:53+08:00
6268,108,大通,新途V70,https://p3-dcd.byteimg.com/tos-cn-i-dcdx/2a0db5559699497bb75feac163ea6b04~tplv-f042mdwyw7-original:tplv-resize:640:0.image?psm=motor.pc_sh.api,c47bc7083bcf6261fe728661,1,0,,4923154bbfad4fe74f2b7cba,dongchedi_usedcar_series,2026-07-08T22:04:53+08:00
6269,12,别克,昂科拉Plus,https://p9-dcd.byteimg.com/tos-cn-i-dcdx/152835b0b006402c82816c944ca3990b~tplv-f042mdwyw7-original:tplv-resize:640:0.image?psm=motor.pc_sh.api,0317d6362eb0e4619d81872b,1,0,,3e0d728fc00c4276a099771a,dongchedi_usedcar_series,2026-07-08T22:04:53+08:00
6271,12,别克,别克E5,https://p9-dcd.byteimg.com/tos-cn-i-dcdx/e019aca29b5b47a28b0719e0aea03062~tplv-resize:640:0.png?psm=motor.rank.data,af3250e459f9984b697218a8,3,2,,c5ca10a562b0770fc4e34262,dongchedi_ranking|dongchedi_usedcar_series,2026-07-08T22:04:53+08:00
6272,48,smart,smart精灵#3,https://p9-dcd.byteimg.com/tos-cn-i-dcdx/ede2fc731fb445729d41cb97f4e7f92c~tplv-resize:640:0.png?psm=motor.rank.data,924cbeb8ebd73082e1c7f27f,3,2,,8e9860aeaac8709dba46df42,dongchedi_ranking|dongchedi_usedcar_series,2026-07-08T22:04:53+08:00
6273,35,长安,长安CS75 PLUS 智电iDD,https://p9-dcd.byteimg.com/tos-cn-i-dcdx/15f26583cf9d4e39a8b2585dd8921ff7~tplv-f042mdwyw7-original:tplv-resize:640:0.image?psm=motor.pc_sh.api,1ecf4b39f73dafb3cffa6718,1,0,,e196b0ede8b446dc6c0fac0f,dongchedi_usedcar_series,2026-07-08T22:04:53+08:00
6278,90,依维柯,依维柯聚星,https://p3-dcd.byteimg.com/tos-cn-i-dcdx/8a9b7733f9ec4dd48a28df1edb78e968~tplv-f042mdwyw7-original:tplv-resize:640:0.image?psm=motor.pc_sh.api,074d140c532c3f2ef6749826,1,0,,0417ef5d517df83ad0fe8029,dongchedi_usedcar_series,2026-07-08T22:04:53+08:00
6288,553,金琥新能源,金琥EV48,https://p9-dcd.byteimg.com/tos-cn-i-dcdx/d2aef69b24b94c0d8648f3d845acf5e0~tplv-f042mdwyw7-original:tplv-resize:640:0.image?psm=motor.pc_sh.api,e68af0be2b13add81050482e,1,0,,0320d8c6b59d607d16a8b414,dongchedi_usedcar_series,2026-07-08T22:04:53+08:00
6293,3,奔驰,奔驰S级AMG PHEV,https://p3-dcd.byteimg.com/tos-cn-i-dcdx/3d55bb29ef9e458d9883011cba6beeb0~tplv-f042mdwyw7-original:tplv-resize:640:0.image?psm=motor.pc_sh.api,0bfdc4b7930185b5e821adc5,1,0,,61a81b329d02e9d80fcf8bf1,dongchedi_usedcar_series,2026-07-08T22:04:53+08:00
6294,195,小鹏汽车,小鹏X9,https://p9-dcd.byteimg.com/tos-cn-i-dcdx/7236bcb43a8e4434ab243e8d98ca165f~tplv-resize:640:0.png?psm=motor.rank.data,fa918bfc0ff1939dfc29f8f9,3,2,,f79e75fa1b94afcd2320a363,dongchedi_ranking|dongchedi_usedcar_series,2026-07-08T22:04:53+08:00
6298,909,iCAR,iCAR 03,https://p3-dcd.byteimg.com/tos-cn-i-dcdx/82dbd5e3acb94713afb3cb4da2dfaa68~tplv-f042mdwyw7-original:tplv-resize:640:0.image?psm=motor.pc_sh.api,bd57f6104be69364dabfe5bb,1,0,,43ba37e9fc38c45c94e5c635,dongchedi_usedcar_series,2026-07-08T22:04:53+08:00
6303,66,魏牌,高山,https://p9-dcd.byteimg.com/tos-cn-i-dcdx/d0b5dcdb6a9d40c88c3fb35b7499079c~tplv-resize:640:0.png?psm=motor.rank.data,b7508993a3667b9f850e0781,3,2,,6e2ad00d5cb38eb22d5730cc,dongchedi_ranking|dongchedi_usedcar_series,2026-07-08T22:04:53+08:00
6305,142,凯翼,昆仑iHD,https://p9-dcd.byteimg.com/tos-cn-i-dcdx/b6d39496b70a4122a91bba45677ed798~tplv-resize:640:0.png?psm=motor.rank.data,0ab9df81a3cf51a3cd8ddba3,2,2,,6048e86c820ddeba79a3cff8,dongchedi_ranking,2026-07-08T22:04:53+08:00
6311,880,广汽昊铂,昊铂GT,https://p9-dcd.byteimg.com/tos-cn-i-dcdx/444ef2292fd640339364576f4d57aa17~tplv-resize:640:0.png?psm=motor.rank.data,5339a9c3bb2e75e353f840b3,3,2,,4e9b2f36e338af257c6f2ddd,dongchedi_ranking|dongchedi_usedcar_series,2026-07-08T22:04:53+08:00
6312,199,哪吒汽车,哪吒GT,https://p9-dcd.byteimg.com/tos-cn-i-dcdx/7f4a9f907b14465e9fdf87ff93430bea~tplv-f042mdwyw7-original:tplv-resize:640:0.image?psm=motor.pc_sh.api,e22b95f437b9b4392cac5604,1,0,,d53341c9cbba96ee8bbc4351,dongchedi_usedcar_series,2026-07-08T22:04:53+08:00
6313,15,马自达,马自达CX-50行也,https://p9-dcd.byteimg.com/tos-cn-i-dcdx/c72505bf55764e22bd2930275a9c56f9~tplv-resize:640:0.png?psm=motor.rank.data,11d3b47f95d172be9439a817,3,2,,c1b93a690e68581b37ed0381,dongchedi_ranking|dongchedi_usedcar_series,2026-07-08T22:04:53+08:00
6314,157,SWM斯威汽车,斯威大虎EDi,https://p3-dcd.byteimg.com/tos-cn-i-dcdx/c523ad88ed344bc7b475d581f6a628ea~tplv-f042mdwyw7-original:tplv-resize:640:0.image?psm=motor.pc_sh.api,118ba2a41e925a58df3a4c5a,1,0,,364d695081e2c2a3fcd62d09,dongchedi_usedcar_series,2026-07-08T22:04:53+08:00
6317,461,奇瑞新能源,奇瑞舒享家,https://p3-dcd.byteimg.com/tos-cn-i-dcdx/9e94af226f174a42a3a828b039df0bc8~tplv-f042mdwyw7-original:tplv-resize:640:0.image?psm=motor.pc_sh.api,ae1b55405d433762b5a616db,1,0,,56c58a0ead82ec1b607591b0,dongchedi_usedcar_series,2026-07-08T22:04:53+08:00
6321,17,哈弗,哈弗H5,https://p9-dcd.byteimg.com/tos-cn-i-dcdx/4611e0de6c144447bec6e8afe4603a64~tplv-resize:640:0.png?psm=motor.rank.data,32930b64380f071fe568b0e6,3,2,,51f6eb3348735c08bf820ed8,dongchedi_ranking|dongchedi_usedcar_series,2026-07-08T22:04:53+08:00
6325,483,AITO,问界M9,https://p9-dcd.byteimg.com/tos-cn-i-dcdx/c30c2d9314944a7b917abd20d87f1704~tplv-resize:640:0.png?psm=motor.rank.data,0ede0ef01b723dc0079198cc,3,2,,82f804a83de196460fdaf977,dongchedi_ranking|dongchedi_usedcar_series,2026-07-08T22:04:53+08:00
6328,109,启辰,启辰VX6,https://p9-dcd.byteimg.com/tos-cn-i-dcdx/a00b2c2ef316486dbec5384a722cc5d6~tplv-resize:640:0.png?psm=motor.rank.data,ae3cae198ea632d01d747e5a,3,2,,354d1d163137a0f6522c42be,dongchedi_ranking|dongchedi_usedcar_series,2026-07-08T22:04:53+08:00
6331,489,极越,极越07,https://p9-dcd.byteimg.com/tos-cn-i-dcdx/5fb18bee9b7143e28ae2e82f13d12e75~tplv-f042mdwyw7-original:tplv-resize:640:0.image?psm=motor.pc_sh.api,e11b0b13123211315ba60258,1,0,,edc86714801b44bef12cb83d,dongchedi_usedcar_series,2026-07-08T22:04:53+08:00
6336,109,启辰,启辰大V DD-i,https://p9-dcd.byteimg.com/tos-cn-i-dcdx/10e7aba3c41d41688bf48782df72e528~tplv-resize:640:0.png?psm=motor.rank.data,755e13da0563b9d600151bc3,3,2,,01b21c5a818f29378b377331,dongchedi_ranking|dongchedi_usedcar_series,2026-07-08T22:04:53+08:00
6343,193,鑫源汽车,好运,https://p3-dcd.byteimg.com/tos-cn-i-dcdx/cef871570fc14887b18aeb3e399851d1~tplv-f042mdwyw7-original:tplv-resize:640:0.image?psm=motor.pc_sh.api,fee4a17a6b8268f6991c1190,1,0,,c8d0aa6072e7dc9f7fdc2942,dongchedi_usedcar_series,2026-07-08T22:04:53+08:00
6346,546,仰望,仰望U9,https://p9-dcd.byteimg.com/tos-cn-i-dcdx/0f2f2c9f2ad8435ca02d4f67ad112fff~tplv-resize:640:0.png?psm=motor.rank.data,128e597bd990a1a8389aa404,3,2,,bee4d8b4d1fe6a4314d6e9dc,dongchedi_ranking|dongchedi_usedcar_series,2026-07-08T22:04:53+08:00
6356,176,ARCFOX极狐,极狐 考拉,https://p9-dcd.byteimg.com/tos-cn-i-dcdx/6a1f9bf3228f4c4a8e386f2e8f1a10ef~tplv-f042mdwyw7-original:tplv-resize:640:0.image?psm=motor.pc_sh.api,45534128d3b7ad5c0a4b40ca,1,0,,4ac7a30d369e47c7b1b3b643,dongchedi_usedcar_series,2026-07-08T22:04:53+08:00
6359,59,红旗,红旗HS3,https://p9-dcd.byteimg.com/tos-cn-i-dcdx/911d71f82dc04e3eb2708969989e687a~tplv-resize:640:0.png?psm=motor.rank.data,0cb9e2a46d189e132f024c6e,3,2,,82f8451a5a8f1bc4eebf2ee2,dongchedi_ranking|dongchedi_usedcar_series,2026-07-08T22:04:53+08:00
6360,159,腾势,腾势N7,https://p9-dcd.byteimg.com/tos-cn-i-dcdx/64c39c89935142829cfe0ca295dc9538~tplv-resize:640:0.png?psm=motor.rank.data,b31a02aa561b3a1fd6fff38e,3,2,,286a5a7b8904cff893bb4fea,dongchedi_ranking|dongchedi_usedcar_series,2026-07-08T22:04:53+08:00
6362,12,别克,别克E4,https://p9-dcd.byteimg.com/tos-cn-i-dcdx/7b0b904c4c184c7d876f387161273de3~tplv-f042mdwyw7-original:tplv-resize:640:0.image?psm=motor.pc_sh.api,9d233cb95be5ef7dcf932d5c,1,0,,46cc5f078b4c8536ca80a6c0,dongchedi_usedcar_series,2026-07-08T22:04:53+08:00
6363,176,ARCFOX极狐,极狐 阿尔法T5,https://p9-dcd.byteimg.com/tos-cn-i-dcdx/edf42ae3ba794dd7af1f220f80edfc80~tplv-resize:640:0.png?psm=motor.rank.data,ed37aeb643fe1cf653ab8fb6,3,2,,12cdc114f6d23eee4d6ffb82,dongchedi_ranking|dongchedi_usedcar_series,2026-07-08T22:04:53+08:00
6365,9,本田,雅阁 PHEV,https://p3-dcd.byteimg.com/tos-cn-i-dcdx/1ae0edb3075545af8d0be53319607dcd~tplv-f042mdwyw7-original:tplv-resize:640:0.image?psm=motor.pc_sh.api,bd736e0fb157ca2bb1ab6046,1,0,,185b4f48f5e49e5daa540202,dongchedi_usedcar_series,2026-07-08T22:04:53+08:00
6366,100,江铃,大道,https://p3-dcd.byteimg.com/tos-cn-i-dcdx/da3a77fff2cb4aa0bdce9f478718a496~tplv-f042mdwyw7-original:tplv-resize:640:0.image?psm=motor.pc_sh.api,a9e89b2a573350d77d0876f1,1,0,,e3c862a436aade837029a721,dongchedi_usedcar_series,2026-07-08T22:04:53+08:00
6391,195,小鹏汽车,小鹏G7,https://p9-dcd.byteimg.com/tos-cn-i-dcdx/40ed5c2834e54b0d8b30c3245c1a4bbd~tplv-resize:640:0.png?psm=motor.rank.data,707a24896a19ae7b944dc3de,3,2,,e38b66774b31f8b2022f7d68,dongchedi_ranking|dongchedi_usedcar_series,2026-07-08T22:04:53+08:00
6392,91,东风,猛士MS600,https://p3-dcd.byteimg.com/tos-cn-i-dcdx/d6bf1d8d01a64790ba906a89992be4b9~tplv-f042mdwyw7-original:tplv-resize:640:0.image?psm=motor.pc_sh.api,e71720dcedd18b025e7f60e1,1,0,,6b2a9c079d3ad9b09a493ae5,dongchedi_usedcar_series,2026-07-08T22:04:53+08:00
8788,37,东风风神,皓瀚,https://p9-dcd.byteimg.com/tos-cn-i-dcdx/45dc04ea2b1642899af6f746c9b1a781~tplv-resize:640:0.png?psm=motor.rank.data,3589b7d4606471a38a112bd3,3,2,,4dd324114f6055bee937623c,dongchedi_ranking|dongchedi_usedcar_series,2026-07-08T22:04:53+08:00
8789,32,江汽集团,蓝猫,https://p3-dcd.byteimg.com/tos-cn-i-dcdx/74f7ef8b4fe94c3db7a4bb02f382333a~tplv-f042mdwyw7-original:tplv-resize:640:0.image?psm=motor.pc_sh.api,a7870e97fe17b248eb2dad49,1,0,,dce296926fd6fe1b8a6b985d,dongchedi_usedcar_series,2026-07-08T22:04:53+08:00
8790,100,江铃,大道EV,https://p3-dcd.byteimg.com/tos-cn-i-dcdx/31eb7644a0154928b715d4325342fb94~tplv-f042mdwyw7-original:tplv-resize:640:0.image?psm=motor.pc_sh.api,e7dcf718a88d52aa186a5107,1,0,,7b6e09118228f83468fa8a1c,dongchedi_usedcar_series,2026-07-08T22:04:53+08:00
8794,17,哈弗,哈弗枭龙,https://p9-dcd.byteimg.com/tos-cn-i-dcdx/f4028523ce4a448696a81f0a97f6c403~tplv-f042mdwyw7-original:tplv-resize:640:0.image?psm=motor.pc_sh.api,2168236dbdbb3cda32747af1,1,0,,79444fd724f5766d3e6390e7,dongchedi_usedcar_series,2026-07-08T22:04:53+08:00
8795,17,哈弗,哈弗枭龙MAX,https://p9-dcd.byteimg.com/tos-cn-i-dcdx/f8ab4d2210c1481f965043dd1d113a35~tplv-resize:640:0.png?psm=motor.rank.data,c133d52249519abe4968b617,3,2,,5efcb91e0d801761c9e21277,dongchedi_ranking|dongchedi_usedcar_series,2026-07-08T22:04:53+08:00
8796,174,领克,领克08 EM-P,https://p9-dcd.byteimg.com/tos-cn-i-dcdx/03554e383d9e415eb339bb2c931c529a~tplv-resize:640:0.png?psm=motor.rank.data,1a57357b49550e788c81df21,3,2,,da386ab1a285ccf1653a455d,dongchedi_ranking|dongchedi_usedcar_series,2026-07-08T22:04:53+08:00
8798,527,猛士,猛士917,https://p9-dcd.byteimg.com/tos-cn-i-dcdx/eda8bbf3fe2544fb97528240af6dd31c~tplv-resize:640:0.png?psm=motor.rank.data,ab9ed99ce6228ea3d03ba24a,3,2,,27dce0f787bdc7d06498c387,dongchedi_ranking|dongchedi_usedcar_series,2026-07-08T22:04:53+08:00
8802,249,高合,高合HiPhi Y,https://p3-dcd.byteimg.com/tos-cn-i-dcdx/02a6f8405b524d1a93e0369ea420f578~tplv-f042mdwyw7-original:tplv-resize:640:0.image?psm=motor.pc_sh.api,395d889a65b0bcdeae446117,1,0,,7fa2da4584c90ce432daea4e,dongchedi_usedcar_series,2026-07-08T22:04:53+08:00
8803,27,奔腾,奔腾T90,https://p9-dcd.byteimg.com/tos-cn-i-dcdx/63bde24a00f647d19c0e384b88443aa7~tplv-resize:640:0.png?psm=motor.rank.data,7cdd0e40ac6de1b311fe6540,3,2,,f854eabae6624668ed9432fd,dongchedi_ranking|dongchedi_usedcar_series,2026-07-08T22:04:53+08:00
8804,59,红旗,红旗金葵花国悦,https://p3-dcd.byteimg.com/tos-cn-i-dcdx/69e5605fa7dd4f20933077601eb518dc~tplv-f042mdwyw7-original:tplv-resize:640:0.image?psm=motor.pc_sh.api,9214eddea8b00cb2864ba55a,1,0,,bf3abecdfdd84c9925abe318,dongchedi_usedcar_series,2026-07-08T22:04:53+08:00
8808,10409,奇瑞风云,风云A8,https://p9-dcd.byteimg.com/tos-cn-i-dcdx/e3779d73cdd0475ab7233abe59c2833d~tplv-resize:640:0.png?psm=motor.rank.data,355a3dd429f315160bdb054d,3,2,,244716db74ecb3f1eca1a48c,dongchedi_ranking|dongchedi_usedcar_series,2026-07-08T22:04:53+08:00
8811,57,福田,火星7,https://p9-dcd.byteimg.com/tos-cn-i-dcdx/24dcb1a226e54617a39f341175fd116b~tplv-f042mdwyw7-original:tplv-resize:640:0.image?psm=motor.pc_sh.api,b68b69264e8bb835cd975fe4,1,0,,29238be24047a2e5adae8c20,dongchedi_usedcar_series,2026-07-08T22:04:53+08:00
8812,57,福田,火星9,https://p9-dcd.byteimg.com/tos-cn-i-dcdx/64208470da17435cbb281c30be48c785~tplv-f042mdwyw7-original:tplv-resize:640:0.image?psm=motor.pc_sh.api,02492b9531b7451c6b8ef0e4,1,0,,f73cb4f5faae0e7ecb6e6348,dongchedi_usedcar_series,2026-07-08T22:04:53+08:00
8830,858,吉利银河,银河L7,https://p3-dcd.byteimg.com/tos-cn-i-dcdx/00de72e8346a464fa99ff1cf935bce9e~tplv-f042mdwyw7-original:tplv-resize:640:0.image?psm=motor.pc_sh.api,9cf93caec4caaa34eb1d6d05,1,0,,2a14ff2e6eee474060ef17a1,dongchedi_usedcar_series,2026-07-08T22:04:53+08:00
8834,475,阿维塔,阿维塔 12,https://p9-dcd.byteimg.com/tos-cn-i-dcdx/cd4c072ba9d14156abfa90b91b1df07a~tplv-resize:640:0.png?psm=motor.rank.data,6a1e6f10b7e42008ae32688c,3,2,,71dd03acf0e9b97104bc52e3,dongchedi_ranking|dongchedi_usedcar_series,2026-07-08T22:04:53+08:00
8835,59,红旗,红旗天工08,https://p9-dcd.byteimg.com/tos-cn-i-dcdx/d7d760722af94d14abba02b9e4478c52~tplv-resize:640:0.png?psm=motor.rank.data,52d4ab1a0cb10a31ca4f4009,3,2,,033f313abf8916b5d72baad1,dongchedi_ranking|dongchedi_usedcar_series,2026-07-08T22:04:53+08:00
8858,858,吉利银河,银河E8,https://p9-dcd.byteimg.com/tos-cn-i-dcdx/23f867eb96df470db106b433fa3d8c04~tplv-resize:640:0.png?psm=motor.rank.data,81e9e621546f8783e52cbb23,3,2,,dac28874c3b25c714a477024,dongchedi_ranking|dongchedi_usedcar_series,2026-07-08T22:04:53+08:00
8859,858,吉利银河,银河L6,https://p9-dcd.byteimg.com/tos-cn-i-dcdx/0db9740a08984497abb3c19cf5d22e44~tplv-resize:640:0.png?psm=motor.rank.data,8d0efe0dd3026347d97de745,3,2,,bebb404319d14ec7a1c2cb32,dongchedi_ranking|dongchedi_usedcar_series,2026-07-08T22:04:53+08:00
8884,861,方程豹,豹5,https://p9-dcd.byteimg.com/tos-cn-i-dcdx/2ca35da505864d0b91ca397d04e96dd9~tplv-resize:640:0.png?psm=motor.rank.data,d892c90fe23909f8b2397be2,3,2,,3d0872a913f67f6627f5817d,dongchedi_ranking|dongchedi_usedcar_series,2026-07-08T22:04:53+08:00
8888,42,兰博基尼,Revuelto,https://p3-dcd.byteimg.com/tos-cn-i-dcdx/fec6ea3d89934a178797ad600529964f~tplv-f042mdwyw7-original:tplv-resize:640:0.image?psm=motor.pc_sh.api,63f2e2e8d2cc5a02ffc82a87,1,0,,877c25cea34529ec02c4c98a,dongchedi_usedcar_series,2026-07-08T22:04:53+08:00
8895,195,小鹏汽车,小鹏G6,https://p9-dcd.byteimg.com/tos-cn-i-dcdx/2bf01fc3dadb42deb7d1d761542df1fa~tplv-resize:640:0.png?psm=motor.rank.data,a3ebc631dbe6bc0c89cf7430,3,2,,cf9d22fd451562ee76c1189a,dongchedi_ranking|dongchedi_usedcar_series,2026-07-08T22:04:53+08:00
8896,9,本田,英仕派 PHEV,https://p9-dcd.byteimg.com/tos-cn-i-dcdx/2bf120cedd91403a856299dadaaa5cb8~tplv-resize:640:0.png?psm=motor.rank.data,6d6d904ea602dd972a6f8837,3,2,,4c6ed69b5e95772ca513927e,dongchedi_ranking|dongchedi_usedcar_series,2026-07-08T22:04:53+08:00
8897,871,江淮钇为,钇为3,https://p9-dcd.byteimg.com/tos-cn-i-dcdx/b57f28ba99f947bdb78b7b243b7f602d~tplv-resize:640:0.png?psm=motor.rank.data,122ea4fb89bfc3abc2568bd6,3,2,,adfd5da9f2bbe4d2eb13eda7,dongchedi_ranking|dongchedi_usedcar_series,2026-07-08T22:04:53+08:00
8898,159,腾势,腾势N8 DM,https://p9-dcd.byteimg.com/tos-cn-i-dcdx/4b45259188034c798f2ba5a35a901e35~tplv-f042mdwyw7-original:tplv-resize:640:0.image?psm=motor.pc_sh.api,45ed079c2f23114a5cfca7c7,1,0,,a3484c4ae052209fc3825577,dongchedi_usedcar_series,2026-07-08T22:04:53+08:00
8904,470,凯马汽车,骏航ES,https://p9-dcd.byteimg.com/tos-cn-i-dcdx/8192fff87b364cbdb3134dfb8f5cc9cd~tplv-f042mdwyw7-original:tplv-resize:640:0.image?psm=motor.pc_sh.api,d7d9e0f9e693590631740ef0,1,0,,2c3d80f3e410b1909c417e9d,dongchedi_usedcar_series,2026-07-08T22:04:53+08:00
8930,867,曹操汽车,曹操60,https://p9-dcd.byteimg.com/tos-cn-i-dcdx/fef8894a0d9b4d42a1d0a42d7f6e8416~tplv-resize:640:0.png?psm=motor.rank.data,02636048cd680c98cb687092,2,2,,0b05ef4687d27f4d58cb1018,dongchedi_ranking,2026-07-08T22:04:53+08:00
8934,13,起亚,赛图斯,https://p9-dcd.byteimg.com/tos-cn-i-dcdx/b6f7b09bd9c14d3c9e5cfa22f1193d93~tplv-resize:640:0.png?psm=motor.rank.data,09c7df6cebc56df1a9510b56,3,2,,93fa53774954f73b150858ee,dongchedi_ranking|dongchedi_usedcar_series,2026-07-08T22:04:53+08:00
8942,4,宝马,宝马iX1,https://p9-dcd.byteimg.com/tos-cn-i-dcdx/4d809604d4254210965fba85250ede75~tplv-resize:640:0.png?psm=motor.rank.data,fe876346ac8de01741533d08,3,2,,5e3ffdb83c07fd929b6080a6,dongchedi_ranking|dongchedi_usedcar_series,2026-07-08T22:04:53+08:00
8943,10425,捷途山海,捷途旅行者C-DM,https://p9-dcd.byteimg.com/tos-cn-i-dcdx/a9c000b1bb6346c68b89ee2ca7f07c8c~tplv-resize:640:0.png?psm=motor.rank.data,67b824bb6999600a1ab4f545,3,2,,3e0f0ea75d0294dcbd7b341e,dongchedi_ranking|dongchedi_usedcar_series,2026-07-08T22:04:53+08:00
8946,1,大众,ID.7 VIZZION,https://p9-dcd.byteimg.com/tos-cn-i-dcdx/859be7d4194f4371b503e6c3f64c068e~tplv-resize:640:0.png?psm=motor.rank.data,bbd7269a0a0b2b9ef2dacf13,3,2,,0cb1eebf9a363df2464bb293,dongchedi_ranking|dongchedi_usedcar_series,2026-07-08T22:04:53+08:00
8947,59,红旗,红旗EH7,https://p9-dcd.byteimg.com/tos-cn-i-dcdx/f8c654abc2ba49948ec26d1ea30defef~tplv-resize:640:0.png?psm=motor.rank.data,77de6a596dc0773d53c81fbb,3,2,,794970ab78fa726310f267b4,dongchedi_ranking|dongchedi_usedcar_series,2026-07-08T22:04:53+08:00
8948,59,红旗,红旗HQ9 PHEV,https://p9-dcd.byteimg.com/tos-cn-i-dcdx/3f135dfc6ffe4be289938d6598067f3c~tplv-resize:640:0.png?psm=motor.rank.data,44a22545d01153ac13441606,3,2,,0f359bf4e924942236d43d7e,dongchedi_ranking|dongchedi_usedcar_series,2026-07-08T22:04:53+08:00
8950,512,江淮瑞风,瑞风RF8,https://p9-dcd.byteimg.com/tos-cn-i-dcdx/39afc55e13524aa282721edb3f7fef84~tplv-resize:640:0.png?psm=motor.rank.data,8c2d77e049a2cbfb046b330b,2,2,,b045f22b270b496bae03dcbe,dongchedi_ranking,2026-07-08T22:04:53+08:00
8956,27,奔腾,奔腾小马,https://p9-dcd.byteimg.com/tos-cn-i-dcdx/d9b1ba6a4c814c4db94dcd4eb54fe36e~tplv-resize:640:0.png?psm=motor.rank.data,1989425aa518e3c45b7c0916,3,2,,3faa6e2ea05d0624423eec5a,dongchedi_ranking|dongchedi_usedcar_series,2026-07-08T22:04:53+08:00
8958,870,长安启源,长安启源A07,https://p9-dcd.byteimg.com/tos-cn-i-dcdx/4dfa9373364640268f0cb1d54bd87c3b~tplv-resize:640:0.png?psm=motor.rank.data,9cbfcb27238a410b58231718,3,2,,f2e361081216105fdf5717f2,dongchedi_ranking|dongchedi_usedcar_series,2026-07-08T22:04:53+08:00
8959,425,坦克,坦克300 Hi4-T,https://p9-dcd.byteimg.com/tos-cn-i-dcdx/8341da5c5e6340f5a53b6a5929bb6808~tplv-resize:640:0.png?psm=motor.rank.data,dd2ddb56112ccf4ca8b715fb,3,2,,90eba960b3ec9a597f46773d,dongchedi_ranking|dongchedi_usedcar_series,2026-07-08T22:04:53+08:00
8960,108,大通,大家7 EV,https://p9-dcd.byteimg.com/tos-cn-i-dcdx/91bdc8d73c5d469a821b6f6b5cefead5~tplv-resize:640:0.png?psm=motor.rank.data,96030612041f9d71f23e1b90,3,2,,d05bdcf68472bd6248ec3dd4,dongchedi_ranking|dongchedi_usedcar_series,2026-07-08T22:04:53+08:00
8962,882,江淮汽车,江淮A5 PLUS,https://p9-dcd.byteimg.com/tos-cn-i-dcdx/e5430a14461b4eb6abff5a4265b9dd3a~tplv-f042mdwyw7-original:tplv-resize:640:0.image?psm=motor.pc_sh.api,01954cf209f678013bbeabc3,1,0,,cd6bc33da3f3f1f764e43836,dongchedi_usedcar_series,2026-07-08T22:04:53+08:00
8965,251,星途,星途ES,https://p9-dcd.byteimg.com/tos-cn-i-dcdx/f1348f86586a47cb9bca81358f233a52~tplv-resize:640:0.png?psm=motor.rank.data,c5d2679b6dabae628809d646,3,2,,37d67353ac394e417647097a,dongchedi_ranking|dongchedi_usedcar_series,2026-07-08T22:04:53+08:00
8966,251,星途,星纪元ET,https://p9-dcd.byteimg.com/tos-cn-i-dcdx/2011d312a165468ba933195a69bf6ab0~tplv-resize:640:0.png?psm=motor.rank.data,6eaf650953618c82753ce133,3,2,,9ecd488d0f510422614304ed,dongchedi_ranking|dongchedi_usedcar_series,2026-07-08T22:04:53+08:00
8967,251,星途,星途瑶光C-DM,https://p9-dcd.byteimg.com/tos-cn-i-dcdx/0acf97c1779c48eca49c196b98125d89~tplv-resize:640:0.png?psm=motor.rank.data,a27932a52adfd33464f7a840,3,2,,7d6c5a4331dbee6205b6b9e9,dongchedi_ranking|dongchedi_usedcar_series,2026-07-08T22:04:53+08:00
8973,18,奇瑞,瑞虎9 C-DM,https://p9-dcd.byteimg.com/tos-cn-i-dcdx/9c3d4ec9684542258d9aef945ed39cae~tplv-resize:640:0.png?psm=motor.rank.data,f346bd81d33cffdec1ec50c2,3,2,,da9a50f93913cc3af9244d6f,dongchedi_ranking|dongchedi_usedcar_series,2026-07-08T22:04:53+08:00
8974,18,奇瑞,探索06 C-DM,https://p3-dcd.byteimg.com/tos-cn-i-dcdx/5b5de2d942db4250b96fe9dac480498b~tplv-f042mdwyw7-original:tplv-resize:640:0.image?psm=motor.pc_sh.api,2f41856f95160863fff35be5,1,0,,38b8527be7e7f278c62924c3,dongchedi_usedcar_series,2026-07-08T22:04:53+08:00
8975,882,江淮汽车,江淮QX PHEV,https://p9-dcd.byteimg.com/tos-cn-i-dcdx/5901534bebac4251a0136474f5411173~tplv-resize:640:0.png?psm=motor.rank.data,187c71739244e12b96247ea8,3,2,,eb6c862b69d33b5edb105304,dongchedi_ranking|dongchedi_usedcar_series,2026-07-08T22:04:53+08:00
8976,10425,捷途山海,捷途山海L6,https://p9-dcd.byteimg.com/tos-cn-i-dcdx/efd6705a1f264d9b882cdf3da41985e1~tplv-resize:640:0.png?psm=motor.rank.data,b636008fb0d82cbb8459db1c,3,2,,b7d051c568b885cb0935204f,dongchedi_ranking|dongchedi_usedcar_series,2026-07-08T22:04:53+08:00
8979,16,比亚迪,宋L EV,https://p9-dcd.byteimg.com/tos-cn-i-dcdx/3ea9b04b17494c5d9845b6ddd5632d38~tplv-resize:640:0.png?psm=motor.rank.data,0fa10e18b153ab8839e17bf0,3,2,,c10154f83e6fbd3210aca62c,dongchedi_ranking|dongchedi_usedcar_series,2026-07-08T22:04:53+08:00
8985,10409,奇瑞风云,风云A9L,https://p9-dcd.byteimg.com/tos-cn-i-dcdx/e958401ee7684f5bbf5d5a1de1c905d1~tplv-resize:640:0.png?psm=motor.rank.data,b5bec5323785a65c06530fb2,3,2,,876f2acdf5d85dc524cb5a72,dongchedi_ranking|dongchedi_usedcar_series,2026-07-08T22:04:53+08:00
8987,5,丰田,铂智3X,https://p9-dcd.byteimg.com/tos-cn-i-dcdx/dfc3ef12f3694e8abc05d4938302bb3e~tplv-resize:640:0.png?psm=motor.rank.data,294c46d1f5ab62e9847ee09d,3,2,,61256b64c171fc2b3bcc6764,dongchedi_ranking|dongchedi_usedcar_series,2026-07-08T22:04:53+08:00
8989,37,东风风神,风神L7 PHEV,https://p9-dcd.byteimg.com/tos-cn-i-dcdx/810ea03ad55e4827938121276962fb85~tplv-resize:640:0.png?psm=motor.rank.data,d8fa20f3c24135038d0c8a8d,3,2,,23e8ff44cce60c76663fcd24,dongchedi_ranking|dongchedi_usedcar_series,2026-07-08T22:04:53+08:00
8993,9,本田,猎光e:NS2,https://p9-dcd.byteimg.com/tos-cn-i-dcdx/8ff010b33b2149b6bb8ba23802679638~tplv-resize:640:0.png?psm=motor.rank.data,a244e34889b419bafbb565bf,3,2,,5e447e1ba0887047bbd8c418,dongchedi_ranking|dongchedi_usedcar_series,2026-07-08T22:04:53+08:00
8994,9,本田,e:NP2 极湃2,https://p3-dcd.byteimg.com/tos-cn-i-dcdx/7c31eab01e474b0d872798851929a33c~tplv-f042mdwyw7-original:tplv-resize:640:0.image?psm=motor.pc_sh.api,ad299ba7fffca1cd11e19b57,1,0,,50045fa3c79ba6783b5d196a,dongchedi_usedcar_series,2026-07-08T22:04:53+08:00
9014,86,迈凯伦,迈凯伦750S,https://p3-dcd.byteimg.com/tos-cn-i-dcdx/5cf6c033e4e24029a4c98e83a5442c07~tplv-f042mdwyw7-original:tplv-resize:640:0.image?psm=motor.pc_sh.api,ca9e90239905a30cae6775fb,1,0,,b966fa791e6dca83601128ba,dongchedi_usedcar_series,2026-07-08T22:04:53+08:00
9028,24,沃尔沃,沃尔沃EX30,https://p9-dcd.byteimg.com/tos-cn-i-dcdx/b38da36d69f74ddda97b455c0e8a7e98~tplv-resize:640:0.png?psm=motor.rank.data,7924bf0c53a8aab19e0048c3,3,2,,fc6b97bf93a68287b5cecc21,dongchedi_ranking|dongchedi_usedcar_series,2026-07-08T22:04:53+08:00
9029,366,宝骏,云朵,https://p9-dcd.byteimg.com/tos-cn-i-dcdx/f7956c20545c4c87ba29f4b30e6caaf9~tplv-f042mdwyw7-original:tplv-resize:640:0.image?psm=motor.pc_sh.api,c2a15101cb6c6f30c5882cb6,1,0,,1116f9f82805c857239b28ec,dongchedi_usedcar_series,2026-07-08T22:04:53+08:00
9032,39,五菱汽车,五菱星云,https://p3-dcd.byteimg.com/tos-cn-i-dcdx/8e1e7ccb63a5461ca752b715b97dcba2~tplv-f042mdwyw7-original:tplv-resize:640:0.image?psm=motor.pc_sh.api,3f94311fa45f24e4f8ab6419,1,0,,cdcb87b6d947f6bb8a968d12,dongchedi_usedcar_series,2026-07-08T22:04:53+08:00
9035,241,红星汽车,红星BOX1,https://p3-dcd.byteimg.com/tos-cn-i-dcdx/96bb933c445340be9519d570203cc4d6~tplv-f042mdwyw7-original:tplv-resize:640:0.image?psm=motor.pc_sh.api,c9913d96d6527ec74ce5837a,1,0,,9de308be31306748716ed51b,dongchedi_usedcar_series,2026-07-08T22:04:53+08:00
9036,11,现代,伊兰特Elantra N,https://p9-dcd.byteimg.com/tos-cn-i-dcdx/95542f7dfca94027993580edb518f5e4~tplv-f042mdwyw7-original:tplv-resize:640:0.image?psm=motor.pc_sh.api,e4e0c54cefe6f61b7908d110,1,0,,a1973fe85b18a353d3be66ad,dongchedi_usedcar_series,2026-07-08T22:04:53+08:00
9073,922,世极,世极,https://p3-dcd.byteimg.com/tos-cn-i-dcdx/4804b3e2f21e439287948de59446a90d~tplv-f042mdwyw7-original:tplv-resize:640:0.image?psm=motor.pc_sh.api,862e061701fad453bef41135,1,0,,7042523f0fdecafdaeeaab04,dongchedi_usedcar_series,2026-07-08T22:04:53+08:00
9100,80,阿斯顿·马丁,阿斯顿·马丁DB12,https://p3-dcd.byteimg.com/tos-cn-i-dcdx/70c24177516344c6a47258ace70ed4ae~tplv-f042mdwyw7-original:tplv-resize:640:0.image?psm=motor.pc_sh.api,67d0ed82718110eec17868af,1,0,,015f4dc3b19b04075344766e,dongchedi_usedcar_series,2026-07-08T22:04:53+08:00
9113,17,哈弗,哈弗猛龙PHEV,https://p9-dcd.byteimg.com/tos-cn-i-dcdx/213983851d424486ae8ad8908171174d~tplv-resize:640:0.png?psm=motor.rank.data,8b486809a24328ba67be64f4,3,2,,6a2ebee850f520887ac5e94d,dongchedi_ranking|dongchedi_usedcar_series,2026-07-08T22:04:53+08:00
9118,419,智己汽车,智己LS6,https://p9-dcd.byteimg.com/tos-cn-i-dcdx/4dda84ada8c540bc86aa3324ecc3aa88~tplv-resize:640:0.png?psm=motor.rank.data,3aa4d665fed3d537f0dfd5de,3,2,,5af64aaf177f32f5da799369,dongchedi_ranking|dongchedi_usedcar_series,2026-07-08T22:04:53+08:00
9125,36,荣威,荣威D7 EV,https://p9-dcd.byteimg.com/tos-cn-i-dcdx/279198c170654088bb304d89cfc3d72f~tplv-resize:640:0.png?psm=motor.rank.data,3c226e34b61c576b7a0e2906,3,2,,dec9c27350c24768ec6edc96,dongchedi_ranking|dongchedi_usedcar_series,2026-07-08T22:04:53+08:00
9126,112,蔚来,蔚来ET5T,https://p9-dcd.byteimg.com/tos-cn-i-dcdx/2cc80e69fbc0418188933b0cdadf045a~tplv-resize:640:0.png?psm=motor.rank.data,d4baecc1939107bf76e0df18,3,2,,c13cb5921e4364580d8c67eb,dongchedi_ranking|dongchedi_usedcar_series,2026-07-08T22:04:53+08:00
9128,426,极氪,ZEEKR 007,https://p9-dcd.byteimg.com/tos-cn-i-dcdx/35ab5892741442708acdd97c41d971b4~tplv-resize:640:0.png?psm=motor.rank.data,f651009fb8ccb9931894f274,3,2,,f8fae429400700b66a93850a,dongchedi_ranking|dongchedi_usedcar_series,2026-07-08T22:04:53+08:00
9129,870,长安启源,长安启源A05经典,https://p3-dcd.byteimg.com/tos-cn-i-dcdx/90024992da744ec1a944c8bca7fb6a3d~tplv-f042mdwyw7-original:tplv-resize:640:0.image?psm=motor.pc_sh.api,cdfd405abe90e58294c83cb6,1,0,,fd09ab02798c7ebd14a9bf92,dongchedi_usedcar_series,2026-07-08T22:04:53+08:00
9131,878,ROX极石,极石01,https://p9-dcd.byteimg.com/tos-cn-i-dcdx/e67441b6c5234d90aba5de4e0f2565cc~tplv-resize:640:0.png?psm=motor.rank.data,d0e01d5e97a9270fb30c02c9,3,2,,b0b7fa772692ef32dc84c780,dongchedi_ranking|dongchedi_usedcar_series,2026-07-08T22:04:53+08:00
9132,870,长安启源,长安启源A06经典,https://p3-dcd.byteimg.com/tos-cn-i-dcdx/1cc1c5767ddb4643adab81400ce0a4ef~tplv-f042mdwyw7-original:tplv-resize:640:0.image?psm=motor.pc_sh.api,03f5616bef7cf76b3d3e160c,1,0,,ec18e54af31050398f23d645,dongchedi_usedcar_series,2026-07-08T22:04:53+08:00
9149,108,大通,星际,https://p3-dcd.byteimg.com/tos-cn-i-dcdx/624bdb4dad8642a1afc9e4ed1b64f6e5~tplv-f042mdwyw7-original:tplv-resize:640:0.image?psm=motor.pc_sh.api,a01cf4edc7514708cb0689b6,1,0,,5cd90c44e460f2eb6d1c6c85,dongchedi_usedcar_series,2026-07-08T22:04:53+08:00
9156,79,东风小康,东风小康EC36Ⅱ,https://p3-dcd.byteimg.com/tos-cn-i-dcdx/665d4bfc6ec8414d802887fc1fc8bb9a~tplv-f042mdwyw7-original:tplv-resize:640:0.image?psm=motor.pc_sh.api,5db71675f2fcb20a4f349f79,1,0,,7961275e2e1bb9450ca51ef3,dongchedi_usedcar_series,2026-07-08T22:04:53+08:00
9158,209,捷途,捷途X70 PRO,https://p9-dcd.byteimg.com/tos-cn-i-dcdx/53ebc289ee634445bf392f8c9c3c2074~tplv-f042mdwyw7-original:tplv-resize:640:0.image?psm=motor.pc_sh.api,6794cc81c63f0071984fd9ed,1,0,,f12cc6f09cada5daa3278fe4,dongchedi_usedcar_series,2026-07-08T22:04:53+08:00
9167,395,岚图,岚图追光 PHEV,https://p9-dcd.byteimg.com/tos-cn-i-dcdx/f403f07775ae4a8f8f23694d07236baa~tplv-resize:640:0.png?psm=motor.rank.data,b72b3cc064134eed5c49a23f,3,2,,3d17cc14402f19bd40649e88,dongchedi_ranking|dongchedi_usedcar_series,2026-07-08T22:04:53+08:00
9173,36,荣威,荣威D7 DMH,https://p9-dcd.byteimg.com/tos-cn-i-dcdx/8f5ff099d811440e9765d3840d675d6c~tplv-resize:640:0.png?psm=motor.rank.data,5799c5c6bb79baae813dbb86,3,2,,633ed8dd3e16c19cf2faee87,dongchedi_ranking|dongchedi_usedcar_series,2026-07-08T22:04:53+08:00
9179,176,ARCFOX极狐,极狐 阿尔法S5,https://p9-dcd.byteimg.com/tos-cn-i-dcdx/5dbe7533a7384d43aff84fc56d4fde0d~tplv-resize:640:0.png?psm=motor.rank.data,182654e46c1d5ed7e8cc3b2d,3,2,,32770f2fccfbf93b1a76bbf5,dongchedi_ranking|dongchedi_usedcar_series,2026-07-08T22:04:53+08:00
9181,92,东风风度,帕拉丁,https://p9-dcd.byteimg.com/tos-cn-i-dcdx/ab5da0d50cde4b7d9281b0217f8d938b~tplv-resize:640:0.png?psm=motor.rank.data,be823d9f5e1478d04326cb4e,3,2,,04de69c93b87b53b9303d83a,dongchedi_ranking|dongchedi_usedcar_series,2026-07-08T22:04:53+08:00
9184,40,广汽传祺,传祺E8 PHEV,https://p9-dcd.byteimg.com/tos-cn-i-dcdx/fefe8358154f45349d6dd4827928a8d6~tplv-resize:640:0.png?psm=motor.rank.data,8d326316c5727247b99ae7b1,3,2,,b1fbda1c87e34ed47f7f5f71,dongchedi_ranking|dongchedi_usedcar_series,2026-07-08T22:04:53+08:00
9186,30,凯迪拉克,IQ傲歌,https://p9-dcd.byteimg.com/tos-cn-i-dcdx/7b2da229d20644de9d3ed0dbc861418a~tplv-resize:640:0.png?psm=motor.rank.data,3ba3e5fd8d910a4934f46a45,3,2,,19cf329728be4557731099e1,dongchedi_ranking|dongchedi_usedcar_series,2026-07-08T22:04:53+08:00
9187,40,广汽传祺,传祺ES9 PHEV,https://p9-dcd.byteimg.com/tos-cn-i-dcdx/da5b16db509a49dbb1531f0bb7f3708b~tplv-resize:640:0.png?psm=motor.rank.data,6ec84adc6b5dfed54c32a4ba,3,2,,7c399b971037fe42811e1a25,dongchedi_ranking|dongchedi_usedcar_series,2026-07-08T22:04:53+08:00
9188,108,大通,大通G70,https://p9-dcd.byteimg.com/tos-cn-i-dcdx/e5773a7982d5488488c634703c9736d1~tplv-resize:640:0.png?psm=motor.rank.data,336fa6652772d5f46933022f,3,2,,94a937e82993a5cfc636f7d7,dongchedi_ranking|dongchedi_usedcar_series,2026-07-08T22:04:53+08:00
9208,199,哪吒汽车,哪吒AYA,https://p9-dcd.byteimg.com/tos-cn-i-dcdx/181eb1cb372d46b292dc0c4da1a252a3~tplv-f042mdwyw7-original:tplv-resize:640:0.image?psm=motor.pc_sh.api,b240b09ac5510f43fe4cfe86,1,0,,b5b74c79b66df03415164e2b,dongchedi_usedcar_series,2026-07-08T22:04:53+08:00
9210,6,雪佛兰,巡领者,https://p3-dcd.byteimg.com/tos-cn-i-dcdx/b417a6bb267e4335bff173db81000451~tplv-f042mdwyw7-original:tplv-resize:640:0.image?psm=motor.pc_sh.api,5b033b800edce2cd06518655,1,0,,727712208a84d6121a338dca,dongchedi_usedcar_series,2026-07-08T22:04:53+08:00
9211,515,深蓝汽车,深蓝G318,https://p9-dcd.byteimg.com/tos-cn-i-dcdx/e07d2a6bbe1243e1979bc2d6893964d3~tplv-resize:640:0.png?psm=motor.rank.data,049c442fabeb41d27f321380,3,2,,ae90448225cf80fbdadf0f35,dongchedi_ranking|dongchedi_usedcar_series,2026-07-08T22:04:53+08:00
9216,425,坦克,赛博坦克300,https://p3-dcd.byteimg.com/tos-cn-i-dcdx/585c9f89a4c843be90d8e0577387148e~tplv-f042mdwyw7-original:tplv-resize:640:0.image?psm=motor.pc_sh.api,5776fb45df227343a0100308,1,0,,87d2d660b9919f2c60bd9396,dongchedi_usedcar_series,2026-07-08T22:04:53+08:00
9224,4,宝马,宝马i5,https://p9-dcd.byteimg.com/tos-cn-i-dcdx/11076f99f1a44da590f50844645138d7~tplv-resize:640:0.png?psm=motor.rank.data,63a26f7e7412881235ac7a38,3,2,,d164b6f731a714b89c50ce10,dongchedi_ranking|dongchedi_usedcar_series,2026-07-08T22:04:53+08:00
9225,883,智界,智界S7,https://p9-dcd.byteimg.com/tos-cn-i-dcdx/18497615456c401d95e7d5e79c184e55~tplv-resize:640:0.png?psm=motor.rank.data,fc7c52b49d836986e8315cde,3,2,,e6ce26d0d3a8dac0f99ff752,dongchedi_ranking|dongchedi_usedcar_series,2026-07-08T22:04:53+08:00
9234,39,五菱汽车,五菱星光EV,https://p9-dcd.byteimg.com/tos-cn-i-dcdx/f6a280c8e57e47b9b0be62d706190714~tplv-resize:640:0.png?psm=motor.rank.data,235c1f22374e9b0e15b5d686,3,2,,34ed1f1acb6f8d23c3a0d32c,dongchedi_ranking|dongchedi_usedcar_series,2026-07-08T22:04:53+08:00
9235,39,五菱汽车,五菱星光PHEV,https://p9-dcd.byteimg.com/tos-cn-i-dcdx/8924355e448749aa9288b46515577d4d~tplv-resize:640:0.png?psm=motor.rank.data,57208bc7c7cc7a18d440272d,3,2,,f6885badec0374c208c28d06,dongchedi_ranking|dongchedi_usedcar_series,2026-07-08T22:04:53+08:00
9237,13,起亚,起亚EV5,https://p9-dcd.byteimg.com/tos-cn-i-dcdx/8c0e92457a3c418d96d170d35af6afd6~tplv-resize:640:0.png?psm=motor.rank.data,470f1b9c5bf99e12b8ead0e3,2,2,,c5c00bc19ffba5be4231a79e,dongchedi_ranking,2026-07-08T22:04:53+08:00
9241,108,大通,大拿V1,https://p3-dcd.byteimg.com/tos-cn-i-dcdx/fa76e249b369452aac4f8ba916c8ec99~tplv-f042mdwyw7-original:tplv-resize:640:0.image?psm=motor.pc_sh.api,6898e5a7f13f7316a1a35e21,1,0,,3cc72198c0573f74895d0c6b,dongchedi_usedcar_series,2026-07-08T22:04:53+08:00
9242,870,长安启源,长安启源Q05经典,https://p3-dcd.byteimg.com/tos-cn-i-dcdx/6d8aba34e5be4ed88438323037606eda~tplv-f042mdwyw7-original:tplv-resize:640:0.image?psm=motor.pc_sh.api,aa487ab1ecf68b8395e5d3a0,1,0,,f1b5db937671097b753bd38b,dongchedi_usedcar_series,2026-07-08T22:04:53+08:00
9243,512,江淮瑞风,瑞风RF8 PHEV,https://p9-dcd.byteimg.com/tos-cn-i-dcdx/809daf18f7fc4be1b137dd84e32a34ab~tplv-resize:640:0.png?psm=motor.rank.data,2dc9694eb3ce1cbf2a79b2de,3,2,,5247ef4ad336bde7dddd1841,dongchedi_ranking|dongchedi_usedcar_series,2026-07-08T22:04:53+08:00
9246,861,方程豹,豹8,https://p9-dcd.byteimg.com/tos-cn-i-dcdx/3d02ebd0c5fe4c4bb8b3ed5d9078a8f1~tplv-resize:640:0.png?psm=motor.rank.data,6f9119923ee904bbaa82efd8,3,2,,715a2a83cd5ba95402af5506,dongchedi_ranking|dongchedi_usedcar_series,2026-07-08T22:04:53+08:00
9249,861,方程豹,钛3,https://p9-dcd.byteimg.com/tos-cn-i-dcdx/b346019c287c4d91993940c214b5e212~tplv-resize:640:0.png?psm=motor.rank.data,7c461e37397867c5746c2a7f,3,2,,15d43b0ba656201310992e53,dongchedi_ranking|dongchedi_usedcar_series,2026-07-08T22:04:53+08:00
9255,198,瑞驰,瑞驰EC75,https://p9-dcd.byteimg.com/tos-cn-i-dcdx/ef7b5597a77c48f4948d0ec2d36733df~tplv-resize:640:0.png?psm=motor.rank.data,1a3993d26e7c2ae14d4123e3,3,2,,e10f1c6f1378c148346e985d,dongchedi_ranking|dongchedi_usedcar_series,2026-07-08T22:04:53+08:00
9257,247,领途汽车,缤纷,https://p9-dcd.byteimg.com/tos-cn-i-dcdx/77caa95b99dc4b8f9660ced5b216cfbe~tplv-f042mdwyw7-original:tplv-resize:640:0.image?psm=motor.pc_sh.api,6b608c1608c405b4fe3544c5,1,0,,1cccd2225c817e1674f4f76d,dongchedi_usedcar_series,2026-07-08T22:04:53+08:00
9261,891,东风奕派,纳米01,https://p9-dcd.byteimg.com/tos-cn-i-dcdx/fa491ccc0e4747f18a782b441836de1d~tplv-resize:640:0.png?psm=motor.rank.data,93ff26e2083181feef4859f4,3,2,,290130d748318d55602f1822,dongchedi_ranking|dongchedi_usedcar_series,2026-07-08T22:04:53+08:00
9262,24,沃尔沃,沃尔沃EM90,https://p9-dcd.byteimg.com/tos-cn-i-dcdx/a8576dde5a0b482ca4fbd49702adc93f~tplv-resize:640:0.png?psm=motor.rank.data,3ea9f76c781b6b1d744648ae,3,2,,870691bf82c1471cc6134d0c,dongchedi_ranking|dongchedi_usedcar_series,2026-07-08T22:04:53+08:00
9264,260,捷达,捷达VS8,https://p9-dcd.byteimg.com/tos-cn-i-dcdx/d14175e3a62b4beaaac07067e46a9907~tplv-resize:640:0.png?psm=motor.rank.data,cead246cd17f1b27a108066f,3,2,,f46a2180b6e1d73b98569456,dongchedi_ranking|dongchedi_usedcar_series,2026-07-08T22:04:53+08:00
9266,207,零跑汽车,零跑B01,https://p9-dcd.byteimg.com/tos-cn-i-dcdx/5be73db764e24be994db9929909433f4~tplv-resize:640:0.png?psm=motor.rank.data,56a5813ebf9427c6db932f88,3,2,,72f8f0f920d64f17c7c319e5,dongchedi_ranking|dongchedi_usedcar_series,2026-07-08T22:04:53+08:00
9267,207,零跑汽车,零跑A10,https://p9-dcd.byteimg.com/tos-cn-i-dcdx/f7fcad59141d4157bdeff5f7ee2e5d9e~tplv-resize:640:0.png?psm=motor.rank.data,c5a8592f0f33bf434deb70f8,3,2,,1591d93ba08c20b394dd910a,dongchedi_ranking|dongchedi_usedcar_series,2026-07-08T22:04:53+08:00
9268,207,零跑汽车,零跑B10,https://p9-dcd.byteimg.com/tos-cn-i-dcdx/37728f4ddf574234b6b4cba25ab3e26a~tplv-resize:640:0.png?psm=motor.rank.data,cacc809d3e2b00daeeed07a0,3,2,,1bc878edaf81993e6ed86b17,dongchedi_ranking|dongchedi_usedcar_series,2026-07-08T22:04:53+08:00
9275,85,莲花跑车,Emeya,https://p3-dcd.byteimg.com/tos-cn-i-dcdx/966b69cb8db04cf194abcdbaf198be9f~tplv-f042mdwyw7-original:tplv-resize:640:0.image?psm=motor.pc_sh.api,4afee41fab2a0d601d37eed6,1,0,,d0de333c2db48e1359cc2f48,dongchedi_usedcar_series,2026-07-08T22:04:53+08:00
9307,207,零跑汽车,零跑C10,https://p9-dcd.byteimg.com/tos-cn-i-dcdx/0e4fde91715f4f0ab847dc04191c6c5a~tplv-resize:640:0.png?psm=motor.rank.data,27a1e87aa5f1ea006c3107d4,3,2,,628739011561041cea81c7a1,dongchedi_ranking|dongchedi_usedcar_series,2026-07-08T22:04:53+08:00
9312,199,哪吒汽车,哪吒X,https://p9-dcd.byteimg.com/tos-cn-i-dcdx/3059efaeb1a34d239cfd8773daf6affa~tplv-f042mdwyw7-original:tplv-resize:640:0.image?psm=motor.pc_sh.api,b0799ae795d4a88ef7713dfc,1,0,,59f76f5fa4b3bba48e8b5480,dongchedi_usedcar_series,2026-07-08T22:04:53+08:00
9324,546,仰望,仰望U7 EV,https://p9-dcd.byteimg.com/tos-cn-i-dcdx/fcbf4c2c6b6d4c8781f90e2b8249e32c~tplv-resize:640:0.png?psm=motor.rank.data,c3e4f2fd17fce5e5a80cfd42,2,2,,ff6e46ba4b4bdcb77b6f560a,dongchedi_ranking,2026-07-08T22:04:53+08:00
9343,10,日产,探陆,https://p9-dcd.byteimg.com/tos-cn-i-dcdx/1e9d215e79504327b7fcee191d8caaf4~tplv-resize:640:0.png?psm=motor.rank.data,b4c039f6e7506094e2fd82c5,3,2,,6c5d3a87b7df246339427b4f,dongchedi_ranking|dongchedi_usedcar_series,2026-07-08T22:04:53+08:00
9345,880,广汽昊铂,昊铂HT,https://p9-dcd.byteimg.com/tos-cn-i-dcdx/b63ab8d60d9144f89285ccb2acb2bcc3~tplv-resize:640:0.png?psm=motor.rank.data,4e87c3eaf667bf5bbda93d24,3,2,,44dcba4c1c50fee5f9932f24,dongchedi_ranking|dongchedi_usedcar_series,2026-07-08T22:04:53+08:00
9346,10425,捷途山海,捷途山海L9,https://p9-dcd.byteimg.com/tos-cn-i-dcdx/89517be1299f435a8be6fdadb179abcb~tplv-resize:640:0.png?psm=motor.rank.data,b1302b9ede653d7f75998202,3,2,,bdbfeff2805130bad87ab9fd,dongchedi_ranking|dongchedi_usedcar_series,2026-07-08T22:04:53+08:00
9347,36,荣威,荣威D5X DMH,https://p9-dcd.byteimg.com/tos-cn-i-dcdx/5f76e3a9f0684a529d8a128efb9bb365~tplv-resize:640:0.png?psm=motor.rank.data,b9756cd428d9f74a58d1a28f,3,2,,c21cec1300b3a2e3cd05e587,dongchedi_ranking|dongchedi_usedcar_series,2026-07-08T22:04:53+08:00
9349,891,东风奕派,奕派007,https://p9-dcd.byteimg.com/tos-cn-i-dcdx/5c8bba8dfcbf42aa8bc0803416b2af28~tplv-resize:640:0.png?psm=motor.rank.data,2fd98fbed9c304339413ce6e,3,2,,8e17bcd7940a1ab78cdb45c5,dongchedi_ranking|dongchedi_usedcar_series,2026-07-08T22:04:53+08:00
9350,7,福特,福特烈马,https://p9-dcd.byteimg.com/tos-cn-i-dcdx/932c9224fa6c4c1a990ca6a3cbcb70ee~tplv-resize:640:0.png?psm=motor.rank.data,88416e03a4e6f594ef9ddaa3,3,2,,84e3d14f82f750378aef6b71,dongchedi_ranking|dongchedi_usedcar_series,2026-07-08T22:04:53+08:00
9374,70,东风风行,星海V9,https://p9-dcd.byteimg.com/tos-cn-i-dcdx/d061bae540394dbd820b2c7b2c49da26~tplv-resize:640:0.png?psm=motor.rank.data,bff71dcc8e57eb9d66ef1fa6,3,2,,d055f90eb5fd406eb5cb26d4,dongchedi_ranking|dongchedi_usedcar_series,2026-07-08T22:04:53+08:00
9428,901,灵悉,灵悉L,https://p9-dcd.byteimg.com/tos-cn-i-dcdx/11a62ecc117449038c3ed3271aa6752a~tplv-resize:640:0.png?psm=motor.rank.data,1d65736f2fb69130c0c4f424,3,2,,c43be3523ad4288578ba3abb,dongchedi_ranking|dongchedi_usedcar_series,2026-07-08T22:04:53+08:00
9436,10409,奇瑞风云,风云T11,https://p9-dcd.byteimg.com/tos-cn-i-dcdx/02ef0c5c98c34e6680acc0b9c0bd9f83~tplv-resize:640:0.png?psm=motor.rank.data,a918b9d8d30c00efeae3a065,3,2,,b41070bb42099d3a16c6fa62,dongchedi_ranking|dongchedi_usedcar_series,2026-07-08T22:04:53+08:00
9440,2,奥迪,奥迪Q6L e-tron,https://p9-dcd.byteimg.com/tos-cn-i-dcdx/1f311892889a4fcbb1744f908e4590b0~tplv-resize:640:0.png?psm=motor.rank.data,31102cd72544f4429a78eed0,3,2,,ea9d144eb0505c5d2550936e,dongchedi_ranking|dongchedi_usedcar_series,2026-07-08T22:04:53+08:00
9469,536,越界,越界R6,https://p3-dcd.byteimg.com/tos-cn-i-dcdx/482478f0043d49f8b08aa585032083e2~tplv-f042mdwyw7-original:tplv-resize:640:0.image?psm=motor.pc_sh.api,1206eeb7939caf3b5aba1fdd,1,0,,07f7319db650145cb8cd6b31,dongchedi_usedcar_series,2026-07-08T22:04:53+08:00
9486,882,江淮汽车,江淮X8 PLUS,https://p9-dcd.byteimg.com/tos-cn-i-dcdx/cf84c6dcdafb46cbbde7cd49e3cd70df~tplv-resize:640:0.png?psm=motor.rank.data,445f3e4468c4186dfe61590c,3,2,,529df6df007b9138a928f423,dongchedi_ranking|dongchedi_usedcar_series,2026-07-08T22:04:53+08:00
9492,73,吉利汽车,豪越PRO,https://p3-dcd.byteimg.com/tos-cn-i-dcdx/2f083c15848c475fa3f2f0abc95d3389~tplv-f042mdwyw7-original:tplv-resize:640:0.image?psm=motor.pc_sh.api,725f4db0e427d86556a94b14,1,0,,cc481410bd73e42edf010185,dongchedi_usedcar_series,2026-07-08T22:04:53+08:00
9494,13,起亚,索奈,https://p9-dcd.byteimg.com/tos-cn-i-dcdx/f51d6641c9c34d02b7833d4b2f9fd602~tplv-resize:640:0.png?psm=motor.rank.data,c7d481595ce34b3d63c07bdc,3,2,,82a461432e16f76ef098df24,dongchedi_ranking|dongchedi_usedcar_series,2026-07-08T22:04:53+08:00
9500,10409,奇瑞风云,风云T9,https://p9-dcd.byteimg.com/tos-cn-i-dcdx/34abc20736c5446cbe7f2fa1fb15d796~tplv-resize:640:0.png?psm=motor.rank.data,abc4964796b072025274c6d0,3,2,,ec2022fa99744e91301a8b47,dongchedi_ranking|dongchedi_usedcar_series,2026-07-08T22:04:53+08:00
9505,39,五菱汽车,五菱扬光,https://p3-dcd.byteimg.com/tos-cn-i-dcdx/96e44d287a74430393fcdb60bfc16fd0~tplv-f042mdwyw7-original:tplv-resize:640:0.image?psm=motor.pc_sh.api,ee6db366d79da89708a42b8b,1,0,,1b9569c152b91340695bd5a1,dongchedi_usedcar_series,2026-07-08T22:04:53+08:00
9535,906,巴菲特,巴菲特S,https://p3-dcd.byteimg.com/tos-cn-i-dcdx/d8fad63e999f4c8cbaa3ff8b326883dd~tplv-f042mdwyw7-original:tplv-resize:640:0.image?psm=motor.pc_sh.api,cb34b6962082beb78d066f7a,1,0,,5afbb4d3925b2d67d3f83aca,dongchedi_usedcar_series,2026-07-08T22:04:53+08:00
9563,5,丰田,TGS Land Cruiser 70,https://p3-dcd.byteimg.com/tos-cn-i-dcdx/c9834f1b777b494e8fc503b042f73c4f~tplv-f042mdwyw7-original:tplv-resize:640:0.image?psm=motor.pc_sh.api,230673caade2649f10b0c351,1,0,,a3f4d45e09031f0f5e0f96e7,dongchedi_usedcar_series,2026-07-08T22:04:53+08:00
9581,145,Lorinser,艾奈斯威霆,https://p9-dcd.byteimg.com/tos-cn-i-dcdx/2fef4d50e876481b8f082e10f2b51320~tplv-f042mdwyw7-original:tplv-resize:640:0.image?psm=motor.pc_sh.api,d46cddaa46336ce208665361,1,0,,533960b617d60094facdf113,dongchedi_usedcar_series,2026-07-08T22:04:53+08:00
9583,76,猎豹汽车,猎豹CS01,https://p3-dcd.byteimg.com/tos-cn-i-dcdx/05df1f10102a4a29bc0e40e84fa3b1e0~tplv-f042mdwyw7-original:tplv-resize:640:0.image?psm=motor.pc_sh.api,b4a654ecef127284681aecc6,1,0,,ae50143dc1f47821cdc33b68,dongchedi_usedcar_series,2026-07-08T22:04:53+08:00
9603,877,菱势汽车,菱势黄金仓,https://p9-dcd.byteimg.com/tos-cn-i-dcdx/b0ae892feb51492b8d2ee7775575f61b~tplv-f042mdwyw7-original:tplv-resize:640:0.image?psm=motor.pc_sh.api,bf2634b05c1f876558c0a1f8,1,0,,614e670d99486af47256bc6a,dongchedi_usedcar_series,2026-07-08T22:04:53+08:00
9635,35,长安,猎手,https://p9-dcd.byteimg.com/tos-cn-i-dcdx/5c5f6ad9ad1b4099bdfbcb771507008e~tplv-f042mdwyw7-original:tplv-resize:640:0.image?psm=motor.pc_sh.api,cb03ef2157476645d3bbebe7,1,0,,1980613ba132f9a0d1d59487,dongchedi_usedcar_series,2026-07-08T22:04:53+08:00
9636,425,坦克,坦克700 Hi4-T,https://p9-dcd.byteimg.com/tos-cn-i-dcdx/525b2e850f294a4c8290558edc953322~tplv-resize:640:0.png?psm=motor.rank.data,6cd3bf58fa536e99405156d8,3,2,,306308c8999a371da5413b40,dongchedi_ranking|dongchedi_usedcar_series,2026-07-08T22:04:53+08:00
9641,10425,捷途山海,捷途山海T1,https://p9-dcd.byteimg.com/tos-cn-i-dcdx/a811387c09e444e2bbd19e2f37d750f2~tplv-resize:640:0.png?psm=motor.rank.data,52edeb7bf9c9df38c71a6c4d,3,2,,bc1775b70e39ce610cf338a2,dongchedi_ranking|dongchedi_usedcar_series,2026-07-08T22:04:53+08:00
9642,870,长安启源,长安启源E07,https://p9-dcd.byteimg.com/tos-cn-i-dcdx/a0212634414e45f59deaa96ce4ee4977~tplv-resize:640:0.png?psm=motor.rank.data,d82424641bf71404adbcaed5,3,2,,71ab31aaa1c21524c7b75195,dongchedi_ranking|dongchedi_usedcar_series,2026-07-08T22:04:53+08:00
9647,52,北京越野,北京越野BJ60增程,https://p9-dcd.byteimg.com/tos-cn-i-dcdx/831fa1fd08fb4dcab8282ad77de92e85~tplv-resize:640:0.png?psm=motor.rank.data,0442e3a96cb72323fe619a9c,3,2,,ee1f8e3ee5bd1555960f9ad7,dongchedi_ranking|dongchedi_usedcar_series,2026-07-08T22:04:53+08:00
9649,209,捷途,捷途X70 C-DM,https://p9-dcd.byteimg.com/tos-cn-i-dcdx/72cb17f75c794414b1fd58feb5e7956a~tplv-f042mdwyw7-original:tplv-resize:640:0.image?psm=motor.pc_sh.api,dea06ede2ac7afea12abb125,1,0,,a5490e91da1c3f2fe6982290,dongchedi_usedcar_series,2026-07-08T22:04:53+08:00
9650,10409,奇瑞风云,风云T6,https://p9-dcd.byteimg.com/tos-cn-i-dcdx/331d43aa02e749b1a50e25511231b28b~tplv-f042mdwyw7-original:tplv-resize:640:0.image?psm=motor.pc_sh.api,89649831a70c6731d4d1fa26,1,0,,7230ccc47d86223b115d9707,dongchedi_usedcar_series,2026-07-08T22:04:53+08:00
9651,35,长安,长安UNI-Z PHEV,https://p9-dcd.byteimg.com/tos-cn-i-dcdx/75826447e3d64b02a31b4e6777bfb54f~tplv-resize:640:0.png?psm=motor.rank.data,ce17f621207fe2f0834c1565,3,2,,fdd3680f59c2626e3378a27d,dongchedi_ranking|dongchedi_usedcar_series,2026-07-08T22:04:53+08:00
9657,5,丰田,铂智7,https://p9-dcd.byteimg.com/tos-cn-i-dcdx/c439a3dbcd4646909a7361f90521bda6~tplv-resize:640:0.png?psm=motor.rank.data,c750e5929897440c177e5bab,3,2,,54c73ef624a88ad50c8b0a7d,dongchedi_ranking|dongchedi_usedcar_series,2026-07-08T22:04:53+08:00
9660,419,智己汽车,智己L6,https://p9-dcd.byteimg.com/tos-cn-i-dcdx/8c0f45ab237c427e8f381094eeafb02b~tplv-resize:640:0.png?psm=motor.rank.data,fb01452f30c66a34573af8f8,3,2,,df72e8b3951c986f90debcf6,dongchedi_ranking|dongchedi_usedcar_series,2026-07-08T22:04:53+08:00
9663,856,中国重汽,搏胜,https://p9-dcd.byteimg.com/tos-cn-i-dcdx/943ea03cad90490981097e797e2e218a~tplv-f042mdwyw7-original:tplv-resize:640:0.image?psm=motor.pc_sh.api,6c48af4c0d397e0d73af0fe4,1,0,,0b2e0f6d2f3b0a20b7c40f44,dongchedi_usedcar_series,2026-07-08T22:04:53+08:00
9668,5,丰田,铂智4X,https://p9-dcd.byteimg.com/tos-cn-i-dcdx/f25ce1a1536a400d801b652ca91366ba~tplv-resize:640:0.png?psm=motor.rank.data,5eeccb3012e0c1afd98afd3c,3,2,,410dc29c8cb746203d04c555,dongchedi_ranking|dongchedi_usedcar_series,2026-07-08T22:04:53+08:00
9682,199,哪吒汽车,哪吒L,https://p9-dcd.byteimg.com/tos-cn-i-dcdx/7c9a57b8f81641d99193dd643992e48f~tplv-f042mdwyw7-original:tplv-resize:640:0.image?psm=motor.pc_sh.api,fa0f452c4a1c2fbe56044907,1,0,,f75b9c2193ca0facbc679286,dongchedi_usedcar_series,2026-07-08T22:04:53+08:00
9683,35,长安,长安X5 PLUS,https://p9-dcd.byteimg.com/tos-cn-i-dcdx/cd244d8b1ce74e41adac4d863c8e6350~tplv-resize:640:0.png?psm=motor.rank.data,3aace6f993730a65d14505de,3,2,,06832704f3a94dcc2f1c5920,dongchedi_ranking|dongchedi_usedcar_series,2026-07-08T22:04:53+08:00
9684,35,长安,长安X7 PLUS,https://p9-dcd.byteimg.com/tos-cn-i-dcdx/399becc2e25a4244bf8823ca3fe64f57~tplv-resize:640:0.png?psm=motor.rank.data,16307acbb1edefa53d246297,3,2,,3b83d799c8ad224d4ecf0b47,dongchedi_ranking|dongchedi_usedcar_series,2026-07-08T22:04:53+08:00
9688,91,东风,御风EM27,https://p3-dcd.byteimg.com/tos-cn-i-dcdx/fd9e0f53f2f1452a81f5405589fae94d~tplv-f042mdwyw7-original:tplv-resize:640:0.image?psm=motor.pc_sh.api,92ab29c4fdfcab084717cc0b,1,0,,9d0e74384257d7cd8ba8ad20,dongchedi_usedcar_series,2026-07-08T22:04:53+08:00
9689,16,比亚迪,元UP,https://p9-dcd.byteimg.com/tos-cn-i-dcdx/f3bd2e9744044187b726b05ecccdce42~tplv-resize:640:0.png?psm=motor.rank.data,d93d6516a04d779737d15506,3,2,,823e5f094a2576fc9a5d4238,dongchedi_ranking|dongchedi_usedcar_series,2026-07-08T22:04:53+08:00
9690,858,吉利银河,翼真L380,https://p9-dcd.byteimg.com/tos-cn-i-dcdx/cbea6811399a49e0b6ef635af46ea66e~tplv-resize:640:0.png?psm=motor.rank.data,ae025a5c6ef8594b2d06be2c,3,2,,b49a84b8f432c784c189586e,dongchedi_ranking|dongchedi_usedcar_series,2026-07-08T22:04:53+08:00
9693,6,雪佛兰,探界者Plus,https://p9-dcd.byteimg.com/tos-cn-i-dcdx/c72150584c9144fb94b1eaa81df2b464~tplv-resize:640:0.png?psm=motor.rank.data,5377aef55654f09b31696496,3,2,,548f3ece126f083862b0caa9,dongchedi_ranking|dongchedi_usedcar_series,2026-07-08T22:04:53+08:00
9701,527,猛士,猛士M800,https://p3-dcd.byteimg.com/tos-cn-i-dcdx/5af5e3d69f5d4a32b3d41707f29031cf~tplv-f042mdwyw7-original:tplv-resize:640:0.image?psm=motor.pc_sh.api,dff77db884d093ae24107db6,1,0,,0f2a2b1b9bc090d16e46cb33,dongchedi_usedcar_series,2026-07-08T22:04:53+08:00
9707,112,蔚来,蔚来ET9,https://p9-dcd.byteimg.com/tos-cn-i-dcdx/85aac8869974493389b233359e0cdec0~tplv-resize:640:0.png?psm=motor.rank.data,0f5fd37dac7d03f593d2d22b,3,2,,5268c485446467bc5037655b,dongchedi_ranking|dongchedi_usedcar_series,2026-07-08T22:04:53+08:00
9723,52,北京越野,北京越野BJ40增程,https://p9-dcd.byteimg.com/tos-cn-i-dcdx/2756377bef83471397913c7e726b217a~tplv-resize:640:0.png?psm=motor.rank.data,135e46c45bc7588b8180e3af,3,2,,0f4796c2589c5db33ab3c75a,dongchedi_ranking|dongchedi_usedcar_series,2026-07-08T22:04:53+08:00
9753,383,金冠汽车,宾歌T10,https://p3-dcd.byteimg.com/tos-cn-i-dcdx/b77f458f22a1460188f76c802705dc20~tplv-f042mdwyw7-original:tplv-resize:640:0.image?psm=motor.pc_sh.api,8a0131e34121cf3477325e73,1,0,,35349c2d6a7cac1b6c4484f1,dongchedi_usedcar_series,2026-07-08T22:04:53+08:00
9761,195,小鹏汽车,小鹏P7+,https://p9-dcd.byteimg.com/tos-cn-i-dcdx/bdbf5c40371e43bebf44a85a60292a41~tplv-resize:640:0.png?psm=motor.rank.data,eb2e05fddbf962d68dcf0d4e,3,2,,75e3ea930cf927b7a1b679a0,dongchedi_ranking|dongchedi_usedcar_series,2026-07-08T22:04:53+08:00
9778,426,极氪,ZEEKR 7X,https://p9-dcd.byteimg.com/tos-cn-i-dcdx/5c1bfaaf6b9d448294c69698ce7cde5a~tplv-resize:640:0.png?psm=motor.rank.data,9ce990812568d4c4665cc1c0,3,2,,95c305fa0d1f6c863bbac64a,dongchedi_ranking|dongchedi_usedcar_series,2026-07-08T22:04:53+08:00
9782,57,福田,图雅诺X6,https://p9-dcd.byteimg.com/tos-cn-i-dcdx/f2bd497f9a0041989c00ed247c5a7e7d~tplv-f042mdwyw7-original:tplv-resize:640:0.image?psm=motor.pc_sh.api,0a2bfaa42a7ecd95c359d76e,1,0,,1f9af4a8d501fd3a1115cca3,dongchedi_usedcar_series,2026-07-08T22:04:53+08:00
9792,871,江淮钇为,爱跑,https://p9-dcd.byteimg.com/tos-cn-i-dcdx/99c0e84612604e6bb00ed8b4c57a1ab5~tplv-resize:640:0.png?psm=motor.rank.data,a0ddeef4d7e608b8493ca28f,2,2,,9e23c69c057853c235f719c5,dongchedi_ranking,2026-07-08T22:04:53+08:00
9793,65,MINI,电动MINI COOPER,https://p9-dcd.byteimg.com/tos-cn-i-dcdx/974b0ae60e0a4caabce19d22bcb2d5bf~tplv-resize:640:0.png?psm=motor.rank.data,d3f7e5df0135bf09e465cd40,3,2,,7e455fc6ffe200f8be56b007,dongchedi_ranking|dongchedi_usedcar_series,2026-07-08T22:04:53+08:00
9794,168,知豆,知豆彩虹,https://p9-dcd.byteimg.com/tos-cn-i-dcdx/2423341df9e64b588bf3aa9fa66604d3~tplv-resize:640:0.png?psm=motor.rank.data,240d6f81f6d8cf56353c272d,3,2,,fecc60537f6592fd0fe0fa63,dongchedi_ranking|dongchedi_usedcar_series,2026-07-08T22:04:53+08:00
9796,16,比亚迪,秦L DM,https://p9-dcd.byteimg.com/tos-cn-i-dcdx/bd39ba753b9c4393b21bd28ad5603bed~tplv-resize:640:0.png?psm=motor.rank.data,e7bae19300cf25d9e69418e0,3,2,,694f6368453054136495369b,dongchedi_ranking|dongchedi_usedcar_series,2026-07-08T22:04:53+08:00
9804,193,鑫源汽车,鑫源E3L,https://p3-dcd.byteimg.com/tos-cn-i-dcdx/03c3bb2e0b2d43f7862f4bd8fea0ea27~tplv-f042mdwyw7-original:tplv-resize:640:0.image?psm=motor.pc_sh.api,0f5a4d594dee3b9cdbf67dfb,1,0,,f06502cc28afb08cfeac2643,dongchedi_usedcar_series,2026-07-08T22:04:53+08:00
9810,57,福田,钱多多,https://p9-dcd.byteimg.com/tos-cn-i-dcdx/3edae8cc563e4ec1b9e3859ac760822e~tplv-f042mdwyw7-original:tplv-resize:640:0.image?psm=motor.pc_sh.api,3f8e149e07897b40055f1dd3,1,0,,dd307b5d27c7a4ec935ee4a8,dongchedi_usedcar_series,2026-07-08T22:04:53+08:00
9824,16,比亚迪,海豹06DM,https://p9-dcd.byteimg.com/tos-cn-i-dcdx/95f3af7983e74c418ed01255d3238efa~tplv-resize:640:0.png?psm=motor.rank.data,3ae41822d95f7bbaf7f78775,3,2,,b718e9c72fc4a34e19f51ba2,dongchedi_ranking|dongchedi_usedcar_series,2026-07-08T22:04:53+08:00
9825,59,红旗,红旗HS7 PHEV,https://p9-dcd.byteimg.com/tos-cn-i-dcdx/17d4a93987364e6d86b916aba5d8ab99~tplv-resize:640:0.png?psm=motor.rank.data,08a870555e68b6a1217adbd1,3,2,,09254b0b16d55075ed912cfa,dongchedi_ranking|dongchedi_usedcar_series,2026-07-08T22:04:53+08:00
9828,891,东风奕派,奕派008,https://p9-dcd.byteimg.com/tos-cn-i-dcdx/169f01392f75456d8d4a238f16bbb50c~tplv-resize:640:0.png?psm=motor.rank.data,c5810bac856d0c880a2acb5d,3,2,,e9e8fa1db86204f1bcc9931c,dongchedi_ranking|dongchedi_usedcar_series,2026-07-08T22:04:53+08:00
9829,108,大通,大家7超混,https://p9-dcd.byteimg.com/tos-cn-i-dcdx/c20bcc04c2e143a4a51c2d2ddda8831a~tplv-resize:640:0.png?psm=motor.rank.data,380482c30a63df327a760053,3,2,,0c3331b984096c96184ec145,dongchedi_ranking|dongchedi_usedcar_series,2026-07-08T22:04:53+08:00
9830,108,大通,大家9超混,https://p9-dcd.byteimg.com/tos-cn-i-dcdx/10e94b7311594ed68ff2b6152bf4b0c9~tplv-resize:640:0.png?psm=motor.rank.data,a45a8e0e6a11da3cf9b4ea69,3,2,,dc003f1950b597d1aebd2dc0,dongchedi_ranking|dongchedi_usedcar_series,2026-07-08T22:04:53+08:00
9831,882,江淮汽车,江淮X8 E家,https://p9-dcd.byteimg.com/tos-cn-i-dcdx/44bd109db40447ae830d6c9e31546bfd~tplv-resize:640:0.png?psm=motor.rank.data,4fa20461027c58a3437ef097,2,2,,eeca77df9c661b1fab8e2cba,dongchedi_ranking,2026-07-08T22:04:53+08:00
9833,918,乐道,乐道L60,https://p9-dcd.byteimg.com/tos-cn-i-dcdx/133c0d2ef298402d8a7219822ab41cc7~tplv-resize:640:0.png?psm=motor.rank.data,fac8b84d9a30b1bcb3e78dcc,3,2,,a1e0c5fd5e06a393148dc08c,dongchedi_ranking|dongchedi_usedcar_series,2026-07-08T22:04:53+08:00
9876,39,五菱汽车,五菱E5,https://p3-dcd.byteimg.com/tos-cn-i-dcdx/017a41fb9bde41f18f40048b761e3b0e~tplv-f042mdwyw7-original:tplv-resize:640:0.image?psm=motor.pc_sh.api,57f30ad1ab3eefaa08fd1762,1,0,,e0412b1104d777944cef88a1,dongchedi_usedcar_series,2026-07-08T22:04:53+08:00
9877,209,捷途,捷途X90 PRO,https://p9-dcd.byteimg.com/tos-cn-i-dcdx/eba09f04c0784044869141b17c0aa979~tplv-f042mdwyw7-original:tplv-resize:640:0.image?psm=motor.pc_sh.api,d7ec7c3a2537be1016034fe9,1,0,,ead94e76ad6c5af3ab1f9f63,dongchedi_usedcar_series,2026-07-08T22:04:53+08:00
9882,199,哪吒汽车,哪吒S猎装,https://p9-dcd.byteimg.com/tos-cn-i-dcdx/6f203abd629940079685b89f9a9547b7~tplv-f042mdwyw7-original:tplv-resize:640:0.image?psm=motor.pc_sh.api,3a8b8b1a55ace73e84ac2fd7,1,0,,3a3681da931d03355f7329e2,dongchedi_usedcar_series,2026-07-08T22:04:53+08:00
9912,12,别克,别克GL8 PHEV,https://p9-dcd.byteimg.com/tos-cn-i-dcdx/bd3282d79812431f969493d86f94c9b5~tplv-resize:640:0.png?psm=motor.rank.data,c969280780a2eff50c549417,3,2,,4b458be75b5a13cfa6ac40bc,dongchedi_ranking|dongchedi_usedcar_series,2026-07-08T22:04:53+08:00
9921,74,金杯,新海狮,https://p9-dcd.byteimg.com/tos-cn-i-dcdx/44093ee532b0417996f48fb3b64d15e5~tplv-f042mdwyw7-original:tplv-resize:640:0.image?psm=motor.pc_sh.api,1a57cfee90d2fdb5de70e444,1,0,,d3c901ed53b618ff72227992,dongchedi_usedcar_series,2026-07-08T22:04:53+08:00
9924,39,五菱汽车,五菱缤果PLUS,https://p9-dcd.byteimg.com/tos-cn-i-dcdx/59f2a4184e454c1084b569571118d1a3~tplv-resize:640:0.png?psm=motor.rank.data,3324379853966d8eaf062b16,3,2,,1a0ab2204bb30b7248dd36e2,dongchedi_ranking|dongchedi_usedcar_series,2026-07-08T22:04:53+08:00
9944,426,极氪,ZEEKR MIX,https://p9-dcd.byteimg.com/tos-cn-i-dcdx/c10237011403464c8c5a14efd8a6a72b~tplv-resize:640:0.png?psm=motor.rank.data,ea29dc0dd31a80e5aa86e168,3,2,,59d4000b16b69d4377d7002a,dongchedi_ranking|dongchedi_usedcar_series,2026-07-08T22:04:53+08:00
9945,65,MINI,电动MINI ACEMAN,https://p9-dcd.byteimg.com/tos-cn-i-dcdx/c1093102339940549ef3af5dc2fafee6~tplv-resize:640:0.png?psm=motor.rank.data,27c6d43deb2a5dc814e419a2,3,2,,34359a09893ffd949be9ca84,dongchedi_ranking|dongchedi_usedcar_series,2026-07-08T22:04:53+08:00
9947,931,享界,享界S9,https://p9-dcd.byteimg.com/tos-cn-i-dcdx/457e6642ebb84412ad1477e3deac32b1~tplv-resize:640:0.png?psm=motor.rank.data,4159ce2d1d790f35f7c78d5e,3,2,,4d77864c035dd45c5bc3c560,dongchedi_ranking|dongchedi_usedcar_series,2026-07-08T22:04:53+08:00
9950,10409,奇瑞风云,风云T10,https://p9-dcd.byteimg.com/tos-cn-i-dcdx/049b4d86e5a041cdaa0c5e190988db9a~tplv-resize:640:0.png?psm=motor.rank.data,1a8358f17aa6d08b7c8b978f,3,2,,ffd2dc6a5c6ce964ccfaa55f,dongchedi_ranking|dongchedi_usedcar_series,2026-07-08T22:04:53+08:00
9952,1,大众,与众06,https://p3-dcd.byteimg.com/tos-cn-i-dcdx/1c09d401e3ba4ba8b32cb9917e57145d~tplv-f042mdwyw7-original:tplv-resize:640:0.image?psm=motor.pc_sh.api,8c841c570131c4e832e157f6,1,0,,49a3e87340646ec0e8c4b0d9,dongchedi_usedcar_series,2026-07-08T22:04:53+08:00
9958,70,东风风行,星海S7,https://p9-dcd.byteimg.com/tos-cn-i-dcdx/74e72960fc1e4096822011d7bf0ff0fc~tplv-resize:640:0.png?psm=motor.rank.data,927b80f676179c0c1c9a4618,3,2,,ddea77b650b8cda181f65760,dongchedi_ranking|dongchedi_usedcar_series,2026-07-08T22:04:53+08:00
10022,366,宝骏,悦也Plus,https://p9-dcd.byteimg.com/tos-cn-i-dcdx/a328bf67b5d04e408c86069c85668e73~tplv-resize:640:0.png?psm=motor.rank.data,4a1c4763b417ede1d0503a8d,3,2,,46d5c376b150905ed78b0827,dongchedi_ranking|dongchedi_usedcar_series,2026-07-08T22:04:53+08:00
10026,858,吉利银河,银河E5,https://p9-dcd.byteimg.com/tos-cn-i-dcdx/cc78c9cb168045de9b364f51140dafd5~tplv-resize:640:0.png?psm=motor.rank.data,34cb44c61e8fc05aef30737a,3,2,,0352668750222e96d863122b,dongchedi_ranking|dongchedi_usedcar_series,2026-07-08T22:04:53+08:00
10033,475,阿维塔,阿维塔 07,https://p9-dcd.byteimg.com/tos-cn-i-dcdx/8b7d620a07494ec4a54bbd467b1aa2da~tplv-resize:640:0.png?psm=motor.rank.data,fabf61d1a66481e2cd508870,3,2,,be301d3b90345c91d4063c83,dongchedi_ranking|dongchedi_usedcar_series,2026-07-08T22:04:53+08:00
10040,909,iCAR,iCAR超级V23,https://p9-dcd.byteimg.com/tos-cn-i-dcdx/7120af1900bd4068a7fc25d34d3cc53c~tplv-resize:640:0.png?psm=motor.rank.data,98101477d1cf0f503a299047,3,2,,d6f5be8738d3c11f4511bf44,dongchedi_ranking|dongchedi_usedcar_series,2026-07-08T22:04:53+08:00
10042,871,江淮钇为,花仙子,https://p9-dcd.byteimg.com/tos-cn-i-dcdx/3b220717367b44d984488841a7b9e1f8~tplv-f042mdwyw7-original:tplv-resize:640:0.image?psm=motor.pc_sh.api,d1548743e518e3a866fc2b2b,1,0,,0864d95bf6345c3afb460e8b,dongchedi_usedcar_series,2026-07-08T22:04:53+08:00
10070,159,腾势,腾势Z9GT EV,https://p9-dcd.byteimg.com/tos-cn-i-dcdx/1fbd29e0eb5e446fb6a278ed7f2fb73e~tplv-resize:640:0.png?psm=motor.rank.data,843b0ce0f3bcc9052861d212,3,2,,465904f0a2f918c25408dfca,dongchedi_ranking|dongchedi_usedcar_series,2026-07-08T22:04:53+08:00
10120,59,红旗,红旗HS3 PHEV,https://p9-dcd.byteimg.com/tos-cn-i-dcdx/a819a1fda2d148b6a6e49c7110c38be4~tplv-resize:640:0.png?psm=motor.rank.data,61c50d0dfef23e78fcb88017,3,2,,5e8ae60b2bd4fedf22c677a8,dongchedi_ranking|dongchedi_usedcar_series,2026-07-08T22:04:53+08:00
10122,59,红旗,红旗金葵花国雅,https://p9-dcd.byteimg.com/tos-cn-i-dcdx/82a7048d558c42349828a5d5f4b70a89~tplv-resize:640:0.png?psm=motor.rank.data,aacbf8175908f57d0703f20a,3,2,,15128b7a791d181f76bb686c,dongchedi_ranking|dongchedi_usedcar_series,2026-07-08T22:04:53+08:00
10123,39,五菱汽车,五菱星光S EV,https://p9-dcd.byteimg.com/tos-cn-i-dcdx/5c59f7ebd26342f496f7ac241f350ca4~tplv-resize:640:0.png?psm=motor.rank.data,a3557ac6951533e6d5b5ed5b,3,2,,3048bcdc76c47fa2bb5287ea,dongchedi_ranking|dongchedi_usedcar_series,2026-07-08T22:04:53+08:00
10124,39,五菱汽车,五菱星光S PHEV,https://p9-dcd.byteimg.com/tos-cn-i-dcdx/c1eb01371bb44e78937ae786b9361a23~tplv-resize:640:0.png?psm=motor.rank.data,b23eb79ec02aaf316502de94,3,2,,adf4cc3d612b05aca132f13e,dongchedi_ranking|dongchedi_usedcar_series,2026-07-08T22:04:53+08:00
10125,207,零跑汽车,零跑C16,https://p9-dcd.byteimg.com/tos-cn-i-dcdx/c0370ebae92a46a6bd8f19564c090f03~tplv-resize:640:0.png?psm=motor.rank.data,769d2f8343b24f01d275b9f5,3,2,,5c7e404f1730741d58cf4d50,dongchedi_ranking|dongchedi_usedcar_series,2026-07-08T22:04:53+08:00
10127,9,本田,广汽本田P7,https://p9-dcd.byteimg.com/tos-cn-i-dcdx/037c3ff2631b4cb080f58c35d774be43~tplv-resize:640:0.png?psm=motor.rank.data,2858f4acdc75611e8026e953,3,2,,60e30105c2e64749e57fc1c5,dongchedi_ranking|dongchedi_usedcar_series,2026-07-08T22:04:53+08:00
10128,9,本田,东风本田S7,https://p9-dcd.byteimg.com/tos-cn-i-dcdx/76cd3f53227348deaf2d3efb618a17df~tplv-resize:640:0.png?psm=motor.rank.data,565dafcbdad9989796755e9b,3,2,,961f9f44a3e5c6ee46d0a152,dongchedi_ranking|dongchedi_usedcar_series,2026-07-08T22:04:53+08:00
10132,36,荣威,荣威iMAX8 DMH,https://p9-dcd.byteimg.com/tos-cn-i-dcdx/dde3f225c08f44219117e37397eb8421~tplv-resize:640:0.png?psm=motor.rank.data,0fb5d9b39e5f1084931f69ae,3,2,,ede088f0d49f43616756c038,dongchedi_ranking|dongchedi_usedcar_series,2026-07-08T22:04:53+08:00
10136,48,smart,smart精灵#5,https://p9-dcd.byteimg.com/tos-cn-i-dcdx/0875ee5d57e24e488a7c4588b95e2c43~tplv-resize:640:0.png?psm=motor.rank.data,f203461ef0dda07f12ef8d81,3,2,,482f84edda8244e71942ba57,dongchedi_ranking|dongchedi_usedcar_series,2026-07-08T22:04:53+08:00
10137,15,马自达,马自达EZ-6,https://p9-dcd.byteimg.com/tos-cn-i-dcdx/622280cc5ad443e9befe78f79299951d~tplv-resize:640:0.png?psm=motor.rank.data,b37afec76ab226536a580fa4,3,2,,cfb9d82dafc931bb2b397794,dongchedi_ranking|dongchedi_usedcar_series,2026-07-08T22:04:53+08:00
10147,10425,捷途山海,捷途山海L7,https://p9-dcd.byteimg.com/tos-cn-i-dcdx/4c3be5c0d34042c58ff44121eef74520~tplv-resize:640:0.png?psm=motor.rank.data,8e26c176384564675c3dc1cb,3,2,,3097161746cedc3bf740a104,dongchedi_ranking|dongchedi_usedcar_series,2026-07-08T22:04:53+08:00
10154,59,红旗,红旗天工05,https://p9-dcd.byteimg.com/tos-cn-i-dcdx/b13d78fbe4f9477795996e2021c38aa8~tplv-resize:640:0.png?psm=motor.rank.data,35aa305629f89c0ed6fe1f52,3,2,,428a579cf6989d30f1466487,dongchedi_ranking|dongchedi_usedcar_series,2026-07-08T22:04:53+08:00
10162,59,红旗,红旗天工06,https://p9-dcd.byteimg.com/tos-cn-i-dcdx/b5bd7a7f1e484d4095f4020c70e90c89~tplv-resize:640:0.png?psm=motor.rank.data,ab9ac344acfc92e10238bbd8,3,2,,4ef4cafe09c8a601c6bc9df0,dongchedi_ranking|dongchedi_usedcar_series,2026-07-08T22:04:53+08:00
10166,145,Lorinser,Lorinser LW系列,https://p9-dcd.byteimg.com/tos-cn-i-dcdx/a993bc9fc2f3431a9403c3520304d4ec~tplv-f042mdwyw7-original:tplv-resize:640:0.image?psm=motor.pc_sh.api,b5f7febcb0472c96b56515a8,1,0,,562a41bc04e38b28a3dc421c,dongchedi_usedcar_series,2026-07-08T22:04:53+08:00
10167,145,Lorinser,Lorinser GS系列,https://p9-dcd.byteimg.com/tos-cn-i-dcdx/5dc117c3ab7e483e86db816441c23a91~tplv-f042mdwyw7-original:tplv-resize:640:0.image?psm=motor.pc_sh.api,34fb94da2c7d99c68088b330,1,0,,fa2a2409d347fe3e3e6de0ed,dongchedi_usedcar_series,2026-07-08T22:04:53+08:00
10170,195,小鹏汽车,小鹏MONA M03,https://p9-dcd.byteimg.com/tos-cn-i-dcdx/be32e669a009490ba81e8c7cf0145a42~tplv-resize:640:0.png?psm=motor.rank.data,d05f11792fcd4316f44029a8,3,2,,e6424bc4fd92beebb99b0998,dongchedi_ranking|dongchedi_usedcar_series,2026-07-08T22:04:53+08:00
10171,159,腾势,腾势Z9GT DM,https://p9-dcd.byteimg.com/tos-cn-i-dcdx/42212ec7b5c44a9dad7963319065c204~tplv-resize:640:0.png?psm=motor.rank.data,4b3bccbe31bb2e7e731c0ede,3,2,,cbb41f69d73000c50b66096e,dongchedi_ranking|dongchedi_usedcar_series,2026-07-08T22:04:53+08:00
10177,395,岚图,岚图知音,https://p9-dcd.byteimg.com/tos-cn-i-dcdx/7b6d69201bba4b599a67688aef8b4e87~tplv-resize:640:0.png?psm=motor.rank.data,9bd1527ffdbad91ed6e896b6,3,2,,ad5541be20a7dc1e3e84f367,dongchedi_ranking|dongchedi_usedcar_series,2026-07-08T22:04:53+08:00
10178,202,理想汽车,理想i8,https://p9-dcd.byteimg.com/tos-cn-i-dcdx/bd586b34b6c34a4e9b8db8fa1f061fe5~tplv-resize:640:0.png?psm=motor.rank.data,345283a382bd2eb56f30f7d9,3,2,,9d21f79c6bc32a1925f500e0,dongchedi_ranking|dongchedi_usedcar_series,2026-07-08T22:04:53+08:00
10179,44,法拉利,法拉利12Cilindri,https://p3-dcd.byteimg.com/tos-cn-i-dcdx/d76e1f539c38421fb659626da584335f~tplv-f042mdwyw7-original:tplv-resize:640:0.image?psm=motor.pc_sh.api,148d4a122dac340710e4ad0c,1,0,,e895c391691e9598b3d692eb,dongchedi_usedcar_series,2026-07-08T22:04:53+08:00
10180,883,智界,智界R7,https://p9-dcd.byteimg.com/tos-cn-i-dcdx/f04e325847834d80a949408719aeb52b~tplv-resize:640:0.png?psm=motor.rank.data,d24c8e824295e3798a73ff36,3,2,,422762e82e956721a2ee8f4d,dongchedi_ranking|dongchedi_usedcar_series,2026-07-08T22:04:53+08:00
10191,426,极氪,ZEEKR 001 FR,https://p3-dcd.byteimg.com/tos-cn-i-dcdx/b292124b198d47d08439e9108fecaa4c~tplv-f042mdwyw7-original:tplv-resize:640:0.image?psm=motor.pc_sh.api,472c59effff2370043ee1799,1,0,,ee3528572666afb9aedf7f41,dongchedi_usedcar_series,2026-07-08T22:04:53+08:00
10199,5,丰田,GR YARIS,https://p3-dcd.byteimg.com/tos-cn-i-dcdx/06786e5510d440be9f58d205f48f1630~tplv-f042mdwyw7-original:tplv-resize:640:0.image?psm=motor.pc_sh.api,e4b6c55d252206bdcf4f7d1a,1,0,,a3b58cfa6110ebc31e293b6d,dongchedi_usedcar_series,2026-07-08T22:04:53+08:00
10205,16,比亚迪,海豹06GT,https://p9-dcd.byteimg.com/tos-cn-i-dcdx/672c5e9c36d24ac09e4ad2aaced79d78~tplv-resize:640:0.png?psm=motor.rank.data,e0bae0694c7a4638de5b6611,3,2,,0d6fd0392110e1b6c3674844,dongchedi_ranking|dongchedi_usedcar_series,2026-07-08T22:04:53+08:00
10206,3,奔驰,奔驰GLC PHEV,https://p3-dcd.byteimg.com/tos-cn-i-dcdx/2b471bc6f8554a24a6f9bb51af3e6cdb~tplv-f042mdwyw7-original:tplv-resize:640:0.image?psm=motor.pc_sh.api,2094bb5cab2ad154ce939f32,1,0,,c0f395b8873f04bd92ebaf4a,dongchedi_usedcar_series,2026-07-08T22:04:53+08:00
10207,366,宝骏,宝骏云海EV,https://p9-dcd.byteimg.com/tos-cn-i-dcdx/5105508937d0401eb836916a4e4fb275~tplv-resize:640:0.png?psm=motor.rank.data,3a3aaf9e3c6318dde3e97798,3,2,,a35530be1a77c88d3e8dc1f7,dongchedi_ranking|dongchedi_usedcar_series,2026-07-08T22:04:53+08:00
10208,366,宝骏,宝骏云海PHEV,https://p9-dcd.byteimg.com/tos-cn-i-dcdx/0f91b9088030441a91d5d248735804b0~tplv-resize:640:0.png?psm=motor.rank.data,d73e3f540908a2e770f12042,3,2,,5937d4ce41f44943faf06948,dongchedi_ranking|dongchedi_usedcar_series,2026-07-08T22:04:53+08:00
10212,7,福特,领睿 PHEV,https://p3-dcd.byteimg.com/tos-cn-i-dcdx/ccf521d8e99e4339bfdc8c00dd76a7a6~tplv-f042mdwyw7-original:tplv-resize:640:0.image?psm=motor.pc_sh.api,df48d7dc183beef1fdb7437c,1,0,,0304faca48fae4137f431a64,dongchedi_usedcar_series,2026-07-08T22:04:53+08:00
10213,515,深蓝汽车,深蓝S05,https://p9-dcd.byteimg.com/tos-cn-i-dcdx/7a0815248ed74d30931d95eb907b6b6a~tplv-resize:640:0.png?psm=motor.rank.data,8d962cf029e77242ffede773,3,2,,1b9c42e8b7fd2741710fd64a,dongchedi_ranking|dongchedi_usedcar_series,2026-07-08T22:04:53+08:00
10214,515,深蓝汽车,深蓝L07,https://p9-dcd.byteimg.com/tos-cn-i-dcdx/149288d6e51d457482c6cfd53fc63118~tplv-resize:640:0.png?psm=motor.rank.data,4046df4b819352bfb55aca28,3,2,,c7b4070fc014af9441c7dcda,dongchedi_ranking|dongchedi_usedcar_series,2026-07-08T22:04:53+08:00
10217,7,福特,领裕 PHEV,https://p3-dcd.byteimg.com/tos-cn-i-dcdx/b92400c2b26a493dbdbf29419f34886e~tplv-f042mdwyw7-original:tplv-resize:640:0.image?psm=motor.pc_sh.api,e96450f1ea65063e7c038369,1,0,,58363ba14c868206a8e4341b,dongchedi_usedcar_series,2026-07-08T22:04:53+08:00
10230,475,阿维塔,阿维塔 06,https://p9-dcd.byteimg.com/tos-cn-i-dcdx/d2bf5d836cc0438292089aed8cdf5e7d~tplv-resize:640:0.png?psm=motor.rank.data,b97c268167ad2f0d2e9c3623,3,2,,f5ebf0e031d1255ce67d8e24,dongchedi_ranking|dongchedi_usedcar_series,2026-07-08T22:04:53+08:00
10270,425,坦克,坦克400 Hi4-T,https://p9-dcd.byteimg.com/tos-cn-i-dcdx/4b3bca0e7a1841399b33a401c956b54f~tplv-resize:640:0.png?psm=motor.rank.data,4634a2c130dc616261919fbc,3,2,,d71c635a648e8b5ec4099f84,dongchedi_ranking|dongchedi_usedcar_series,2026-07-08T22:04:53+08:00
10271,78,北京汽车制造厂,勇士皮卡,https://p3-dcd.byteimg.com/tos-cn-i-dcdx/d45ccb89358044daa066dfb9bbd0810a~tplv-f042mdwyw7-original:tplv-resize:640:0.image?psm=motor.pc_sh.api,f9a2f94101f26a27ef294df0,1,0,,b4cabef56f34f4a8deb17201,dongchedi_usedcar_series,2026-07-08T22:04:53+08:00
20012,16,比亚迪,宋L DM,https://p9-dcd.byteimg.com/tos-cn-i-dcdx/27daf9eeac3041149bfdb84c778475f9~tplv-resize:640:0.png?psm=motor.rank.data,93b7efe1df78b7853844e30d,3,2,,8cc8e4d3659bf670580a0cbe,dongchedi_ranking|dongchedi_usedcar_series,2026-07-08T22:04:53+08:00
20021,16,比亚迪,海豹07DM,https://p9-dcd.byteimg.com/tos-cn-i-dcdx/01a9f2d58209478facf22eb94e45bd8f~tplv-resize:640:0.png?psm=motor.rank.data,92b4ba5e015315e56a45dc65,3,2,,93b9b90c7b152cfdaf230aec,dongchedi_ranking|dongchedi_usedcar_series,2026-07-08T22:04:53+08:00
20025,39,五菱汽车,五菱宏光增程版,https://p9-dcd.byteimg.com/tos-cn-i-dcdx/7ae4f82d13d84b688a6cd6c7ea8d9e84~tplv-resize:640:0.png?psm=motor.rank.data,c15524597591ecb7eea4e77a,3,2,,331933b357f8e132fe6a869b,dongchedi_ranking|dongchedi_usedcar_series,2026-07-08T22:04:53+08:00
20032,18,奇瑞,瑞虎8L,https://p3-dcd.byteimg.com/tos-cn-i-dcdx/2d834b105a0b46e8a815442a462d280c~tplv-f042mdwyw7-original:tplv-resize:640:0.image?psm=motor.pc_sh.api,2cdcfe330534764d7da0e1c0,1,0,,2898f35771ea83baa9baccc5,dongchedi_usedcar_series,2026-07-08T22:04:53+08:00
20041,535,小米汽车,小米YU7,https://p9-dcd.byteimg.com/tos-cn-i-dcdx/9596e323a5104326bbbd0e96c1174391~tplv-resize:640:0.png?psm=motor.rank.data,7e1cd906e64c145de4d77547,3,2,,f288b97b6d692eb3cc533392,dongchedi_ranking|dongchedi_usedcar_series,2026-07-08T22:04:53+08:00
20047,4,宝马,宝马M5 PHEV,https://p3-dcd.byteimg.com/tos-cn-i-dcdx/a91820bb4f5942fb8c904d9bac501d8e~tplv-f042mdwyw7-original:tplv-resize:640:0.image?psm=motor.pc_sh.api,387ee4fb9e78bab24e3eae1d,1,0,,00fce7e0e0e41fdf07a34d4d,dongchedi_usedcar_series,2026-07-08T22:04:53+08:00
20060,176,ARCFOX极狐,极狐 考拉S,https://p9-dcd.byteimg.com/tos-cn-i-dcdx/3924b75b758648e0bc358fddfdb60df8~tplv-f042mdwyw7-original:tplv-resize:640:0.image?psm=motor.pc_sh.api,1f1240ee2c96bc6167d1c793,1,0,,f690c39b6c23a447b70da413,dongchedi_usedcar_series,2026-07-08T22:04:53+08:00
20070,482,克慕勒,克慕勒阿尔法,https://p9-dcd.byteimg.com/tos-cn-i-dcdx/dcd77115003247aab449d41cff939377~tplv-f042mdwyw7-original:tplv-resize:640:0.image?psm=motor.pc_sh.api,472ead75e6e4b24a1e5097ff,1,0,,1e5899da71e1b602d42420ee,dongchedi_usedcar_series,2026-07-08T22:04:53+08:00
20078,40,广汽传祺,传祺E8,https://p3-dcd.byteimg.com/tos-cn-i-dcdx/c9d6dc8c81cc4f739f01e0576fca8c54~tplv-f042mdwyw7-original:tplv-resize:640:0.image?psm=motor.pc_sh.api,1ac073000c4d65ae759d5799,1,0,,d88308ab8cae029a535eabb4,dongchedi_usedcar_series,2026-07-08T22:04:53+08:00
20089,10012,212,212 T01,https://p9-dcd.byteimg.com/tos-cn-i-dcdx/6939d354a9824963bfbd868953d5fe06~tplv-resize:640:0.png?psm=motor.rank.data,b26b71580dca9bebe4ca1bee,3,2,,712b2290477e9ae63ea3c089,dongchedi_ranking|dongchedi_usedcar_series,2026-07-08T22:04:53+08:00
20090,10012,212,狙击手,https://p3-dcd.byteimg.com/tos-cn-i-dcdx/81cfc1aa34c342b3b74ed61c2c822eb9~tplv-f042mdwyw7-original:tplv-resize:640:0.image?psm=motor.pc_sh.api,14df02a7f7646f482f3e39e7,1,0,,5adc9359fb6c6e69aa94ccd2,dongchedi_usedcar_series,2026-07-08T22:04:53+08:00
20135,34,名爵,MG ES5,https://p9-dcd.byteimg.com/tos-cn-i-dcdx/55fa728d5fb94bd395db6a5bbf6241d6~tplv-resize:640:0.png?psm=motor.rank.data,08bfde521bb3eff2e8df02a0,3,2,,13d164e34231d4a66200d0c5,dongchedi_ranking|dongchedi_usedcar_series,2026-07-08T22:04:53+08:00
20136,37,东风风神,风神L7 EV,https://p9-dcd.byteimg.com/tos-cn-i-dcdx/0b484ef5f4a340deb617fa9d1cc9a640~tplv-resize:640:0.png?psm=motor.rank.data,4b0473b3445213a4573d4756,3,2,,e8170805b9182cfd97f65e6b,dongchedi_ranking|dongchedi_usedcar_series,2026-07-08T22:04:53+08:00
20138,16,比亚迪,海狮05DM,https://p9-dcd.byteimg.com/tos-cn-i-dcdx/8c441b8e85ae45e3bf171dfc8133d806~tplv-resize:640:0.png?psm=motor.rank.data,f4ca84d9449e6e78d0bbd5fd,3,2,,97da64be6949225b61354284,dongchedi_ranking|dongchedi_usedcar_series,2026-07-08T22:04:53+08:00
20154,858,吉利银河,星愿,https://p9-dcd.byteimg.com/tos-cn-i-dcdx/ac8a5ee1d8774df59ccd8aaa375fac7e~tplv-resize:640:0.png?psm=motor.rank.data,5966a31dcedbba6dad048048,3,2,,64babf041bac66fa080abb68,dongchedi_ranking|dongchedi_usedcar_series,2026-07-08T22:04:53+08:00
24521,2,奥迪,奥迪A5L,https://p9-dcd.byteimg.com/tos-cn-i-dcdx/aee9d99cbdc84431af52691092176642~tplv-resize:640:0.png?psm=motor.rank.data,c516fa9df7379545d5733bbc,3,2,,edf02111388fcae45a2a3d69,dongchedi_ranking|dongchedi_usedcar_series,2026-07-08T22:04:53+08:00
24535,174,领克,领克Z20,https://p9-dcd.byteimg.com/tos-cn-i-dcdx/6db59fb3f9cf47eba41f74232a214fe7~tplv-resize:640:0.png?psm=motor.rank.data,9539579cbf0b377f08f54fb5,3,2,,f7eda3eff545def06cdfb116,dongchedi_ranking|dongchedi_usedcar_series,2026-07-08T22:04:53+08:00
24540,35,长安,长安UNI-Z,https://p9-dcd.byteimg.com/tos-cn-i-dcdx/198c084d691544a78a83359b77ab78b1~tplv-f042mdwyw7-original:tplv-resize:640:0.image?psm=motor.pc_sh.api,d11bee5aa120e30b9b8bcd0e,1,0,,4e4e7d2fbd85a3334e53cf9f,dongchedi_usedcar_series,2026-07-08T22:04:53+08:00
24548,32,江汽集团,江淮Van宝路,https://p3-dcd.byteimg.com/tos-cn-i-dcdx/90d0eaac6ec24c0d9d55776dbcc38dff~tplv-f042mdwyw7-original:tplv-resize:640:0.image?psm=motor.pc_sh.api,98c3c7f256e166682d1b1271,1,0,,4d0d42f033dffbe8ca1c863a,dongchedi_usedcar_series,2026-07-08T22:04:53+08:00
24588,16,比亚迪,海豹07EV,https://p9-dcd.byteimg.com/tos-cn-i-dcdx/7955e493807b41af99d089ac89acce64~tplv-resize:640:0.png?psm=motor.rank.data,9fc664e88ee1c1edacd522d9,2,2,,88fa2ae40a70299738335ccc,dongchedi_ranking,2026-07-08T22:04:53+08:00
24597,16,比亚迪,夏,https://p9-dcd.byteimg.com/tos-cn-i-dcdx/0c2f148741094b5fb3ebe3abed763d91~tplv-resize:640:0.png?psm=motor.rank.data,9b8cce02678459fbe5a01756,3,2,,49e3d3cffb164c4cd58c1d7e,dongchedi_ranking|dongchedi_usedcar_series,2026-07-08T22:04:53+08:00
24599,10293,尊界,尊界S800,https://p9-dcd.byteimg.com/tos-cn-i-dcdx/602ce128e6024bef912bb7053d22f31e~tplv-resize:640:0.png?psm=motor.rank.data,165e9cf373b26a6e90efc982,3,2,,530e1426d45475f550eb80b2,dongchedi_ranking|dongchedi_usedcar_series,2026-07-08T22:04:53+08:00
24609,4,宝马,宝马2系,https://p3-dcd.byteimg.com/tos-cn-i-dcdx/1b1a492d476f4e1e9a71c7821c99f846~tplv-f042mdwyw7-original:tplv-resize:640:0.image?psm=motor.pc_sh.api,e84d21ce755de56aad5550cd,1,0,,6ad59ed4b65dadacd9870e6a,dongchedi_usedcar_series,2026-07-08T22:04:53+08:00
24610,366,宝骏,宝骏享境PHEV,https://p9-dcd.byteimg.com/tos-cn-i-dcdx/1fd6e3c31af540a2ba3f942d9e75f8f2~tplv-resize:640:0.png?psm=motor.rank.data,fcb77336b503aeca6991c222,3,2,,66322773dff1171ef576dd8e,dongchedi_ranking|dongchedi_usedcar_series,2026-07-08T22:04:53+08:00
24611,366,宝骏,宝骏享境EV,https://p9-dcd.byteimg.com/tos-cn-i-dcdx/df777bbaf23f41409435fe3555fb07df~tplv-resize:640:0.png?psm=motor.rank.data,caf356f8c72a4f5581b98594,3,2,,88ef38c5ab5b37f585708047,dongchedi_ranking|dongchedi_usedcar_series,2026-07-08T22:04:53+08:00
24612,209,捷途,捷途自由者,https://p9-dcd.byteimg.com/tos-cn-i-dcdx/9bfd56c01ec44dd2bae8007f8f8f5683~tplv-resize:640:0.png?psm=motor.rank.data,84350038a64557066d167499,3,2,,144f7e7634e6ea0b519a916a,dongchedi_ranking|dongchedi_usedcar_series,2026-07-08T22:04:53+08:00
24622,10297,瑞弗,启界,https://p9-dcd.byteimg.com/tos-cn-i-dcdx/5af26cc7586b461594d04d270708690f~tplv-f042mdwyw7-original:tplv-resize:640:0.image?psm=motor.pc_sh.api,e0c71996eac0e0998a9a85bc,1,0,,8ca813c49cc33157e5160b68,dongchedi_usedcar_series,2026-07-08T22:04:53+08:00
24659,868,蓝电,蓝电E5 PLUS,https://p3-dcd.byteimg.com/tos-cn-i-dcdx/570a569e605b4cab869b973480749acc~tplv-f042mdwyw7-original:tplv-resize:640:0.image?psm=motor.pc_sh.api,4568a25b73be3196985d9492,1,0,,aeed81e08fdce841f61fb004,dongchedi_usedcar_series,2026-07-08T22:04:53+08:00
24660,10297,瑞弗,瑞弗T系列,https://p9-dcd.byteimg.com/tos-cn-i-dcdx/c41f32bfa2a542bea2cb0281551f1d1f~tplv-f042mdwyw7-original:tplv-resize:640:0.image?psm=motor.pc_sh.api,ba6c2931e31d29f32748f3f8,1,0,,f78b0e880e2f4a29c93890f6,dongchedi_usedcar_series,2026-07-08T22:04:53+08:00
24670,426,极氪,ZEEKR 9X,https://p9-dcd.byteimg.com/tos-cn-i-dcdx/aa455b63a7a54255ad80d02ec31a7c1c~tplv-resize:640:0.png?psm=motor.rank.data,2a724b5962d76ce4b8e25855,3,2,,ca57d8995a102278d2b6fa56,dongchedi_ranking|dongchedi_usedcar_series,2026-07-08T22:04:53+08:00
24692,159,腾势,腾势Z9 EV,https://p9-dcd.byteimg.com/tos-cn-i-dcdx/45dba5e7182047c6b7d76a29a875b0bb~tplv-resize:640:0.png?psm=motor.rank.data,22aca3cbfa0749d1e473477d,2,2,,20521f52b2b87c096a2fd65a,dongchedi_ranking,2026-07-08T22:04:53+08:00
24693,159,腾势,腾势Z9 DM,https://p9-dcd.byteimg.com/tos-cn-i-dcdx/d8c67469f3be45288aba0defe4dfdb0a~tplv-resize:640:0.png?psm=motor.rank.data,64703b5b20d05e10dc8a258c,3,2,,9415b02ae26323f19dbff888,dongchedi_ranking|dongchedi_usedcar_series,2026-07-08T22:04:53+08:00
24699,10301,隆翠房车,隆翠系列,https://p9-dcd.byteimg.com/tos-cn-i-dcdx/cbc8fe6951a441d4ba84d27498f1b270~tplv-f042mdwyw7-original:tplv-resize:640:0.image?psm=motor.pc_sh.api,33cd06daf0cf79bd74358dd3,1,0,,25b3c2a0d79b50272d1aea26,dongchedi_usedcar_series,2026-07-08T22:04:53+08:00
24703,10302,江铃旅居房车,福犀牛,https://p3-dcd.byteimg.com/tos-cn-i-dcdx/1846a63d94984d82803f35e1c28540b5~tplv-f042mdwyw7-original:tplv-resize:640:0.image?psm=motor.pc_sh.api,9379110431641b9b7223bdfd,1,0,,14f4354418c149f5436df764,dongchedi_usedcar_series,2026-07-08T22:04:53+08:00
24705,247,领途汽车,领途E-M8,https://p9-dcd.byteimg.com/tos-cn-i-dcdx/edc0fb64baf8434ebf811d0899dbdd12~tplv-resize:640:0.png?psm=motor.rank.data,092e047c72e0a2c605088b21,3,2,,6a2682e4d9b0be0e41a63e5b,dongchedi_ranking|dongchedi_usedcar_series,2026-07-08T22:04:53+08:00
24707,10303,齐星房车,星领,https://p9-dcd.byteimg.com/tos-cn-i-dcdx/d6d0c149adfa4a04b6eb2e88803dc04e~tplv-f042mdwyw7-original:tplv-resize:640:0.image?psm=motor.pc_sh.api,fe4468aa6f585ebf99c2f7f4,1,0,,4b8c0fd9fd8ac8ea3fc7c2a9,dongchedi_usedcar_series,2026-07-08T22:04:53+08:00
24710,272,迈莎锐,迈莎锐烈马,https://p3-dcd.byteimg.com/tos-cn-i-dcdx/fb949bf22d0143ee9d50b5321396573f~tplv-f042mdwyw7-original:tplv-resize:640:0.image?psm=motor.pc_sh.api,721555cffc5d906a1f94b57d,1,0,,a3d52b7a6b61441d80b37843,dongchedi_usedcar_series,2026-07-08T22:04:53+08:00
24718,10308,赛德房车,白鲸,https://p9-dcd.byteimg.com/tos-cn-i-dcdx/4dc5a6abc2bf42568d224f91d1f4b0a7~tplv-f042mdwyw7-original:tplv-resize:640:0.image?psm=motor.pc_sh.api,82382eebdab01905beba1109,1,0,,92b828ccc99f2114a9fbe692,dongchedi_usedcar_series,2026-07-08T22:04:53+08:00
24720,10305,中房房车,凯旋系列,https://p3-dcd.byteimg.com/tos-cn-i-dcdx/038b4e2e8f6a4668a83d3b75abfb4a94~tplv-f042mdwyw7-original:tplv-resize:640:0.image?psm=motor.pc_sh.api,78e7452f61d406f77339375b,1,0,,fe3eb854b51400fabf86f37b,dongchedi_usedcar_series,2026-07-08T22:04:53+08:00
24721,10305,中房房车,中房之星系列,https://p3-dcd.byteimg.com/tos-cn-i-dcdx/e59b49bc30ba4edcbcdc88b9ea040353~tplv-f042mdwyw7-original:tplv-resize:640:0.image?psm=motor.pc_sh.api,6ebbc0fc14a5da162847a88a,1,0,,4fb0439219319f9dfd36c8d7,dongchedi_usedcar_series,2026-07-08T22:04:53+08:00
24726,159,腾势,腾势N9 DM,https://p9-dcd.byteimg.com/tos-cn-i-dcdx/7b237ade2a044811869b28423c2d0f67~tplv-resize:640:0.png?psm=motor.rank.data,81ef65b85f7775b404a44940,3,2,,d3649475d731655149641918,dongchedi_ranking|dongchedi_usedcar_series,2026-07-08T22:04:53+08:00
24727,1,大众,高尔夫GTI,https://p3-dcd.byteimg.com/tos-cn-i-dcdx/a9dc8ba308a849ae9c1cbf0ae40de97c~tplv-f042mdwyw7-original:tplv-resize:640:0.image?psm=motor.pc_sh.api,141bb8ce88de08fd7d106d48,1,0,,e99ca644388b2cedc99d31f2,dongchedi_usedcar_series,2026-07-08T22:04:53+08:00
24742,10315,骐蔚汽车,长江7号,https://p9-dcd.byteimg.com/tos-cn-i-dcdx/f50a0cc8563b4864a78c7f3aca67a0c9~tplv-f042mdwyw7-original:tplv-resize:640:0.image?psm=motor.pc_sh.api,b2826aedfebef87c3e9ed0cd,1,0,,35cda2b616c517c6459b8ab6,dongchedi_usedcar_series,2026-07-08T22:04:53+08:00
24749,10402,予风汽车,予风EV50客运版,https://p3-dcd.byteimg.com/tos-cn-i-dcdx/daa99914682944a999c236ca67b19fcd~tplv-f042mdwyw7-original:tplv-resize:640:0.image?psm=motor.pc_sh.api,8ea31c66b263e521a063fcd6,1,0,,8dc8c34caebc1ff7be77034e,dongchedi_usedcar_series,2026-07-08T22:04:53+08:00
24756,18,奇瑞,瑞虎8 PLUS C-DM,https://p3-dcd.byteimg.com/tos-cn-i-dcdx/4da8a6fb51c64fb7a7c8ac6999e1ba0c~tplv-f042mdwyw7-original:tplv-resize:640:0.image?psm=motor.pc_sh.api,0efc05b0623b1f110bcea72e,1,0,,64d1a58195624da81a3ae8b7,dongchedi_usedcar_series,2026-07-08T22:04:53+08:00
24786,18,奇瑞,瑞虎7 C-DM,https://p3-dcd.byteimg.com/tos-cn-i-dcdx/2b626b52a6804a46acbae4aa59fde6d4~tplv-f042mdwyw7-original:tplv-resize:640:0.image?psm=motor.pc_sh.api,ae4bdcc517ae184d8f028ac5,1,0,,9f32470e1413995ac9991500,dongchedi_usedcar_series,2026-07-08T22:04:53+08:00
24787,40,广汽传祺,传祺向往M8,https://p3-dcd.byteimg.com/tos-cn-i-dcdx/714486ba47484b529ce61d1017026007~tplv-f042mdwyw7-original:tplv-resize:640:0.image?psm=motor.pc_sh.api,d1ceb1b92fcef544d3e78bd3,1,0,,f9be96573c9da95f474880f7,dongchedi_usedcar_series,2026-07-08T22:04:53+08:00
24788,858,吉利银河,银河星舰7 EM-i,https://p9-dcd.byteimg.com/tos-cn-i-dcdx/3acf1f33d6f640bab58aee8bb4bf4f3c~tplv-resize:640:0.png?psm=motor.rank.data,06f9c17a2c7ba4b3238d1bad,3,2,,e9d0f732ec8d3db99346154c,dongchedi_ranking|dongchedi_usedcar_series,2026-07-08T22:04:53+08:00
24799,91,东风,郑州日产Z9,https://p3-dcd.byteimg.com/tos-cn-i-dcdx/8042bb17c9414a5e812762834d9abb33~tplv-f042mdwyw7-original:tplv-resize:640:0.image?psm=motor.pc_sh.api,17020a1b2a6289c47d446a7e,1,0,,6c799c7126b7a92d30b49c94,dongchedi_usedcar_series,2026-07-08T22:04:53+08:00
24800,242,埃安,AION RT,https://p9-dcd.byteimg.com/tos-cn-i-dcdx/e4498fa3f2bc49edb665eb140215e62c~tplv-resize:640:0.png?psm=motor.rank.data,7c5a98edd92a2193f12c3e60,3,2,,fa239efba7ecb8d72b79a5a1,dongchedi_ranking|dongchedi_usedcar_series,2026-07-08T22:04:53+08:00
24811,909,iCAR,iCAR 03T,https://p3-dcd.byteimg.com/tos-cn-i-dcdx/36df816af28443ba9b6b54775067d57c~tplv-f042mdwyw7-original:tplv-resize:640:0.image?psm=motor.pc_sh.api,b2d10bf415800b3c22e8523b,1,0,,03c44e9136cf546fd303c0e4,dongchedi_usedcar_series,2026-07-08T22:04:53+08:00
24827,41,劳斯莱斯,Silver Ghost,https://p9-dcd.byteimg.com/tos-cn-i-dcdx/94b59aa2e9814ec294d357ff0d9391fc~tplv-f042mdwyw7-original:tplv-resize:640:0.image?psm=motor.pc_sh.api,3d76ecccf6813e2e435d0f87,1,0,,a3d4c3a93afb82ca44205124,dongchedi_usedcar_series,2026-07-08T22:04:53+08:00
24831,62,林肯,林肯大陆经典,https://p3-dcd.byteimg.com/tos-cn-i-dcdx/bf8a3ec193d54a019c5e3d32f4c7f544~tplv-f042mdwyw7-original:tplv-resize:640:0.image?psm=motor.pc_sh.api,ab4a38a7935e697b9b448cc8,1,0,,7c5add1ec5be69007f7c135b,dongchedi_usedcar_series,2026-07-08T22:04:53+08:00
24850,483,AITO,问界M8,https://p9-dcd.byteimg.com/tos-cn-i-dcdx/5dd7baa13f2349d6adbab30c5f58e168~tplv-resize:640:0.png?psm=motor.rank.data,25b5a1861f8082f38e21d6f7,3,2,,89056772a118903e876c653e,dongchedi_ranking|dongchedi_usedcar_series,2026-07-08T22:04:53+08:00
24858,247,领途汽车,领途M8,https://p9-dcd.byteimg.com/tos-cn-i-dcdx/24597883322840078ffa62d4bdee55b9~tplv-resize:640:0.png?psm=motor.rank.data,6c88b24ff76c4436deaa6715,2,2,,f9129d16a67de2ed3a5bb4db,dongchedi_ranking,2026-07-08T22:04:53+08:00
24869,405,克蒂汽车,克蒂山河,https://p9-dcd.byteimg.com/tos-cn-i-dcdx/2dc4f52cfd0142dca8644c6bb56ba2c2~tplv-f042mdwyw7-original:tplv-resize:640:0.image?psm=motor.pc_sh.api,93acd87a2f8458bce0d56e69,1,0,,54a1354d64438f09f490036e,dongchedi_usedcar_series,2026-07-08T22:04:53+08:00
24872,405,克蒂汽车,克蒂山川,https://p9-dcd.byteimg.com/tos-cn-i-dcdx/373725621002454b89281677bff13394~tplv-f042mdwyw7-original:tplv-resize:640:0.image?psm=motor.pc_sh.api,c9e2747230c557d6481d7a4b,1,0,,d16ddbce0376c0e674bc51f9,dongchedi_usedcar_series,2026-07-08T22:04:53+08:00
24880,10334,阿娜亚,重卡系列,https://p9-dcd.byteimg.com/motor-mis-img/lpa-542577efe8e244ee7e9cc02788930923~tplv-f042mdwyw7-original:tplv-resize:640:0.image?psm=motor.pc_sh.api,313ceccb8e6b6fb42e4a76ee,1,0,,b46c7798b679ed857f25a73f,dongchedi_usedcar_series,2026-07-08T22:04:53+08:00
24893,260,捷达,捷达VA7,https://p9-dcd.byteimg.com/tos-cn-i-dcdx/af461b8b26ae48a1bad974b6d3fdea55~tplv-resize:640:0.png?psm=motor.rank.data,384d95313b0652a0c9d7572b,3,2,,8dd46c5f33bb831d056fc6c0,dongchedi_ranking|dongchedi_usedcar_series,2026-07-08T22:04:53+08:00
24919,27,奔腾,悦意03,https://p9-dcd.byteimg.com/tos-cn-i-dcdx/59466e6dac714415ae435fc225c34c16~tplv-resize:640:0.png?psm=motor.rank.data,33cb409bd71d41e16810dfdf,3,2,,ba92335795976a7cff05239a,dongchedi_ranking|dongchedi_usedcar_series,2026-07-08T22:04:53+08:00
24925,251,星途,星途揽月C-DM,https://p9-dcd.byteimg.com/tos-cn-i-dcdx/5c3cb36f0c944a518645e30dd128e071~tplv-resize:640:0.png?psm=motor.rank.data,136958ac00d9fe1c45df57e1,3,2,,0ab7ecce226907f967695033,dongchedi_ranking|dongchedi_usedcar_series,2026-07-08T22:04:53+08:00
24927,39,五菱汽车,五菱之光EV,https://p9-dcd.byteimg.com/tos-cn-i-dcdx/e14c189f278f4b76ba185a839f46fce1~tplv-resize:640:0.png?psm=motor.rank.data,bc574bd095918c696b7bac02,3,2,,a59fc40d2e96434002f5f708,dongchedi_ranking|dongchedi_usedcar_series,2026-07-08T22:04:53+08:00
24932,119,长安欧尚,长安欧尚520,https://p9-dcd.byteimg.com/tos-cn-i-dcdx/cd35f4ff09d84bc7bca2b49475cc1de6~tplv-resize:640:0.png?psm=motor.rank.data,da9e84c9b4609ead7ac512dc,2,2,,877800ae38572f16f0d15bc7,dongchedi_ranking,2026-07-08T22:04:53+08:00
24934,10409,奇瑞风云,风云T8,https://p9-dcd.byteimg.com/tos-cn-i-dcdx/3f0f027673a34e259b2cacbeb23eef03~tplv-resize:640:0.png?psm=motor.rank.data,bb35f3e68f5bb39c14ac5085,3,2,,fe2869cfc07ce53879a02389,dongchedi_ranking|dongchedi_usedcar_series,2026-07-08T22:04:53+08:00
24937,73,吉利汽车,牛仔,https://p3-dcd.byteimg.com/tos-cn-i-dcdx/e77b2f2c9ddc40ca9082ca86823e9499~tplv-f042mdwyw7-original:tplv-resize:640:0.image?psm=motor.pc_sh.api,f063d6f9ea6dbb233fd54a61,1,0,,5f71c14a2b9985b208e9e048,dongchedi_usedcar_series,2026-07-08T22:04:53+08:00
24939,381,睿蓝汽车,睿蓝8,https://p9-dcd.byteimg.com/tos-cn-i-dcdx/7e1a3e576f2446df8149b00fd7033b44~tplv-resize:640:0.png?psm=motor.rank.data,4f8b33b41f07412d5a49d9e7,3,2,,afe7d80632a07bd37a39f4d5,dongchedi_ranking|dongchedi_usedcar_series,2026-07-08T22:04:53+08:00
24942,139,开瑞,江豚E7,https://p9-dcd.byteimg.com/tos-cn-i-dcdx/91c8e2b3c38a40a2b8eec327d549b86d~tplv-f042mdwyw7-original:tplv-resize:640:0.image?psm=motor.pc_sh.api,177bfe7943a7a3a2794aa850,1,0,,804042bd02065815f41db4a6,dongchedi_usedcar_series,2026-07-08T22:04:53+08:00
24944,2,奥迪,奥迪A5L Sportback,https://p9-dcd.byteimg.com/tos-cn-i-dcdx/298009e2bba84aab9c2ee007364e03ef~tplv-resize:640:0.png?psm=motor.rank.data,956b0f4b50768d577958ccf0,3,2,,f76375a7071d1e9a5822f281,dongchedi_ranking|dongchedi_usedcar_series,2026-07-08T22:04:53+08:00
24953,10344,爱旅房车,C型系列,https://p3-dcd.byteimg.com/motor-mis-img/lpa-68860287d56502f58c9faf7e65c7226c~tplv-f042mdwyw7-original:tplv-resize:640:0.image?psm=motor.pc_sh.api,1efd44d02df17e8b3af93bd6,1,0,,7b7010508b4ed15105772298,dongchedi_usedcar_series,2026-07-08T22:04:53+08:00
24986,535,小米汽车,小米SU7 Ultra,https://p3-dcd.byteimg.com/tos-cn-i-dcdx/cccbc561a89142f6aa24191513b31aca~tplv-f042mdwyw7-original:tplv-resize:640:0.image?psm=motor.pc_sh.api,30172c22be77c7d8c6505ff4,1,0,,770ab69040b27e49d0df6346,dongchedi_usedcar_series,2026-07-08T22:04:53+08:00
25014,242,埃安,AION UT,https://p9-dcd.byteimg.com/tos-cn-i-dcdx/25a58812bffd4e59bca87e881851ef25~tplv-resize:640:0.png?psm=motor.rank.data,b11004763c38365b23d3433f,3,2,,0506fd0ff9ad8868750ea861,dongchedi_ranking|dongchedi_usedcar_series,2026-07-08T22:04:53+08:00
25023,10354,宽大房车,V系列,https://p9-dcd.byteimg.com/motor-mis-img/lpa-4b74f75c63aa87be6b2ed1ca8bffb265~tplv-f042mdwyw7-original:tplv-resize:640:0.image?psm=motor.pc_sh.api,af26cc9a9f519ae90e4bc205,1,0,,6620a3ced0de0f876acab31e,dongchedi_usedcar_series,2026-07-08T22:04:53+08:00
25058,10362,奥迪AUDI,奥迪E5 Sportback,https://p9-dcd.byteimg.com/tos-cn-i-dcdx/37b81ebeefd5406c9f7a3e8870c044b1~tplv-resize:640:0.png?psm=motor.rank.data,4390e66d96e8252378b54821,3,2,,d26f1be71026c137ebcc88db,dongchedi_ranking|dongchedi_usedcar_series,2026-07-08T22:04:53+08:00
25068,35,长安,长安CS55 PLUS PHEV,https://p9-dcd.byteimg.com/tos-cn-i-dcdx/a8e3fe6b35ba4c8699ad4370960f3f7c~tplv-f042mdwyw7-original:tplv-resize:640:0.image?psm=motor.pc_sh.api,22c707d06b6a8dd8765af4c6,1,0,,ed096548437fd29039a22a09,dongchedi_usedcar_series,2026-07-08T22:04:53+08:00
25071,40,广汽传祺,传祺向往S7,https://p9-dcd.byteimg.com/tos-cn-i-dcdx/45b50904cf2c4d7e96e1317471f7ff01~tplv-resize:640:0.png?psm=motor.rank.data,13dcc8eeee46bd9dc39dd159,3,2,,914b362a2a9cc1350cb7974a,dongchedi_ranking|dongchedi_usedcar_series,2026-07-08T22:04:53+08:00
25072,880,广汽昊铂,昊铂HL,https://p9-dcd.byteimg.com/tos-cn-i-dcdx/eb509904268d485cb759d1e61c3a5cae~tplv-resize:640:0.png?psm=motor.rank.data,b72eab2e3a380ba8784fd358,3,2,,27ae0909d9f13a2594d0a92e,dongchedi_ranking|dongchedi_usedcar_series,2026-07-08T22:04:53+08:00
25073,108,大通,大通G50 PHEV,https://p9-dcd.byteimg.com/tos-cn-i-dcdx/228d88d937d3429ebed8f1b9b4e1397f~tplv-resize:640:0.png?psm=motor.rank.data,6deb5b90718e4d7af076f64f,3,2,,8fdbab0e947300bdd76edf4e,dongchedi_ranking|dongchedi_usedcar_series,2026-07-08T22:04:53+08:00
25076,16,比亚迪,秦L EV,https://p9-dcd.byteimg.com/tos-cn-i-dcdx/85588b26d46b44a9b56e5291a42dfcd0~tplv-resize:640:0.png?psm=motor.rank.data,d6501d6dac1715322246748c,3,2,,5aa26976dae3ff09e7d97035,dongchedi_ranking|dongchedi_usedcar_series,2026-07-08T22:04:53+08:00
25078,16,比亚迪,唐L DM,https://p9-dcd.byteimg.com/tos-cn-i-dcdx/945b04cd564f400c84b98e10829125a5~tplv-resize:640:0.png?psm=motor.rank.data,b1b0b625495f9bd2bfa57a6f,3,2,,b5e100569fa4738616191364,dongchedi_ranking|dongchedi_usedcar_series,2026-07-08T22:04:53+08:00
25079,2,奥迪,奥迪Q6L Sportback e-tron,https://p9-dcd.byteimg.com/tos-cn-i-dcdx/fbd37222dbb94fafb9ee341b9f78521d~tplv-resize:640:0.png?psm=motor.rank.data,30f8c79949ac8d79747fb69b,3,2,,8a64695d32f6e6aefac0d1b6,dongchedi_ranking|dongchedi_usedcar_series,2026-07-08T22:04:53+08:00
25093,100,江铃,E福顺,https://p3-dcd.byteimg.com/tos-cn-i-dcdx/38b07b1b61124c47a334dad50522146b~tplv-f042mdwyw7-original:tplv-resize:640:0.image?psm=motor.pc_sh.api,249952abd083c38c64d48e2a,1,0,,b83961dfc1a1c3864af44412,dongchedi_usedcar_series,2026-07-08T22:04:53+08:00
25094,10,日产,日产N7,https://p9-dcd.byteimg.com/tos-cn-i-dcdx/3c036397a27749aea9869595d11a1cfd~tplv-resize:640:0.png?psm=motor.rank.data,02364794dc392c706d75e435,3,2,,01a5728190a35348c18c1d43,dongchedi_ranking|dongchedi_usedcar_series,2026-07-08T22:04:53+08:00
25095,546,仰望,仰望U7 PHEV,https://p9-dcd.byteimg.com/tos-cn-i-dcdx/f023f71da94e410592a1275069eed92b~tplv-resize:640:0.png?psm=motor.rank.data,3e7bb215092fd1c594904cf8,3,2,,60e2e9b1b41da7cd039c6cee,dongchedi_ranking|dongchedi_usedcar_series,2026-07-08T22:04:53+08:00
25113,74,金杯,吉运E6,https://p9-dcd.byteimg.com/tos-cn-i-dcdx/c11f3977bebf4f78ad967e807a321a52~tplv-f042mdwyw7-original:tplv-resize:640:0.image?psm=motor.pc_sh.api,6f6ea7b47530ca3930222f65,1,0,,279b3144237fd30a422b00cc,dongchedi_usedcar_series,2026-07-08T22:04:53+08:00
25116,10363,firefly萤火虫,firefly萤火虫,https://p9-dcd.byteimg.com/tos-cn-i-dcdx/3552ee01219b490aad189f48f9ad7b2e~tplv-resize:640:0.png?psm=motor.rank.data,2496a8ddd81413cedfd27c69,3,2,,9df22befc9b3cccd113d8658,dongchedi_ranking|dongchedi_usedcar_series,2026-07-08T22:04:53+08:00
25121,514,吉利雷达,雷达金刚EV,https://p3-dcd.byteimg.com/tos-cn-i-dcdx/f95bb8303790434daeceeac58054951a~tplv-f042mdwyw7-original:tplv-resize:640:0.image?psm=motor.pc_sh.api,978b7b6bea66e05a3ae5122d,1,0,,8b7dc5f5333065c90a902091,dongchedi_usedcar_series,2026-07-08T22:04:53+08:00
25124,10409,奇瑞风云,风云A8L,https://p9-dcd.byteimg.com/tos-cn-i-dcdx/8ce601afedab4783843404bcf16c1fec~tplv-f042mdwyw7-original:tplv-resize:640:0.image?psm=motor.pc_sh.api,08adefafcab9e80e8b6a8c8c,1,0,,d2de97b764d9ae263c8b9aa8,dongchedi_usedcar_series,2026-07-08T22:04:53+08:00
25132,870,长安启源,长安启源Q07,https://p9-dcd.byteimg.com/tos-cn-i-dcdx/4faa862b8d9f453e9d69ac02b418f912~tplv-resize:640:0.png?psm=motor.rank.data,415588669ddcd72e673c2fdf,3,2,,3e885742f389d617f95d318a,dongchedi_ranking|dongchedi_usedcar_series,2026-07-08T22:04:53+08:00
25135,16,比亚迪,海狮07DM,https://p9-dcd.byteimg.com/tos-cn-i-dcdx/971b1abd5cf24e86a58b28a3d9f5d93b~tplv-resize:640:0.png?psm=motor.rank.data,05d4e2df373df938e05a412b,3,2,,778bf1cb6c55c522c784b1bd,dongchedi_ranking|dongchedi_usedcar_series,2026-07-08T22:04:53+08:00
25136,515,深蓝汽车,深蓝S09,https://p9-dcd.byteimg.com/tos-cn-i-dcdx/3ce8f40eea7644cdb35eb3fb3f1d6780~tplv-resize:640:0.png?psm=motor.rank.data,f315ab1525a62ea43a69d694,3,2,,db04ecc2c287f63a8529446c,dongchedi_ranking|dongchedi_usedcar_series,2026-07-08T22:04:53+08:00
25137,16,比亚迪,海豹05DM,https://p9-dcd.byteimg.com/tos-cn-i-dcdx/6df1594168fd4c91a5a246a6371ab175~tplv-resize:640:0.png?psm=motor.rank.data,9c2d84c02b05aecff59c748d,3,2,,212a281e2c2d8a5fc5db09bc,dongchedi_ranking|dongchedi_usedcar_series,2026-07-08T22:04:53+08:00
25138,27,奔腾,悦意07,https://p9-dcd.byteimg.com/tos-cn-i-dcdx/a095bde172a543dfb23dafed34daaa14~tplv-resize:640:0.png?psm=motor.rank.data,dbf6559f9c394b66663ae674,3,2,,11c9aabd4f491527a57cd4aa,dongchedi_ranking|dongchedi_usedcar_series,2026-07-08T22:04:53+08:00
25139,16,比亚迪,海狮05EV,https://p9-dcd.byteimg.com/tos-cn-i-dcdx/a35d0522b26543658e61cbadf589eeb4~tplv-resize:640:0.png?psm=motor.rank.data,9176697fd693513fb81f894d,3,2,,02772f80a4063b6f1fb9f54b,dongchedi_ranking|dongchedi_usedcar_series,2026-07-08T22:04:53+08:00
25140,36,荣威,荣威D6,https://p9-dcd.byteimg.com/tos-cn-i-dcdx/e34c796a4f9840eba2aaa732a41ec6d6~tplv-resize:640:0.png?psm=motor.rank.data,02c9e7a27126c422931458f0,3,2,,b7ca5856b2a21d8444c2a9f0,dongchedi_ranking|dongchedi_usedcar_series,2026-07-08T22:04:53+08:00
25147,16,比亚迪,汉L DM,https://p9-dcd.byteimg.com/tos-cn-i-dcdx/7e60b72580ff4963b7c7788dce573e72~tplv-resize:640:0.png?psm=motor.rank.data,032f81a57b1fc456eb26197e,3,2,,4907a56b844994008176341f,dongchedi_ranking|dongchedi_usedcar_series,2026-07-08T22:04:53+08:00
25148,10403,福田卡文汽车,乐福,https://p9-dcd.byteimg.com/tos-cn-i-dcdx/16bcf983f6834f2383b7959b4081c000~tplv-f042mdwyw7-original:tplv-resize:640:0.image?psm=motor.pc_sh.api,c1bfd4da95250998991650de,1,0,,b3055d6a11149eb67cf94ba3,dongchedi_usedcar_series,2026-07-08T22:04:53+08:00
25150,425,坦克,坦克500 Hi4-Z,https://p3-dcd.byteimg.com/tos-cn-i-dcdx/9527085b7b9d41f08cd3dafb3cccbed5~tplv-f042mdwyw7-original:tplv-resize:640:0.image?psm=motor.pc_sh.api,0b846290eea61ac216847ebf,1,0,,4db848cc2130553b02a5b346,dongchedi_usedcar_series,2026-07-08T22:04:53+08:00
25152,108,大通,星际X,https://p3-dcd.byteimg.com/tos-cn-i-dcdx/e1ffefa3d4824b32a14714620eb95ecc~tplv-f042mdwyw7-original:tplv-resize:640:0.image?psm=motor.pc_sh.api,ca5bcc2039b5877fad099201,1,0,,4d7ec29e0f70c54e2210b20d,dongchedi_usedcar_series,2026-07-08T22:04:53+08:00
25161,174,领克,领克900,https://p9-dcd.byteimg.com/tos-cn-i-dcdx/2aca42e69f824d708b86d79f36e71e83~tplv-resize:640:0.png?psm=motor.rank.data,b9ab99caee25d3c97f2a9f23,3,2,,5d855600780e09971c31cdaf,dongchedi_ranking|dongchedi_usedcar_series,2026-07-08T22:04:53+08:00
25172,426,极氪,ZEEKR 007GT,https://p3-dcd.byteimg.com/tos-cn-i-dcdx/1baee688a6964ab5a8b003148e463e24~tplv-f042mdwyw7-original:tplv-resize:640:0.image?psm=motor.pc_sh.api,645ea0a9950cce9f7e714e2f,1,0,,b0abf742362a424cd91eeb38,dongchedi_usedcar_series,2026-07-08T22:04:53+08:00
25185,16,比亚迪,唐L EV,https://p9-dcd.byteimg.com/tos-cn-i-dcdx/b97bce95dee04616b55f545b85723aa1~tplv-resize:640:0.png?psm=motor.rank.data,adf2b43f4785b5b9fb74c62c,3,2,,36dba286c565c0e5eb567d20,dongchedi_ranking|dongchedi_usedcar_series,2026-07-08T22:04:53+08:00
25186,136,江铃集团新能源,羿驰01,https://p9-dcd.byteimg.com/tos-cn-i-dcdx/c9367a10253846b9a0c965f73d94248d~tplv-resize:640:0.png?psm=motor.rank.data,efe27ef6497e438ec5e05f7e,2,2,,1e85696ce8d0c1f0822d2a6f,dongchedi_ranking,2026-07-08T22:04:53+08:00
25187,16,比亚迪,汉L EV,https://p9-dcd.byteimg.com/tos-cn-i-dcdx/842923d4bc454c43a072d3183677c5fe~tplv-resize:640:0.png?psm=motor.rank.data,9fe044c197bf9240b61ba1b7,3,2,,7dad37fa83c61a4d907f5844,dongchedi_ranking|dongchedi_usedcar_series,2026-07-08T22:04:53+08:00
25188,16,比亚迪,比亚迪e7,https://p9-dcd.byteimg.com/tos-cn-i-dcdx/defa557f1c7b405babc9abc2d0152b7e~tplv-resize:640:0.png?psm=motor.rank.data,60d1681728221ac019d42781,3,2,,2591956da6b559ae13138348,dongchedi_ranking|dongchedi_usedcar_series,2026-07-08T22:04:53+08:00
25194,136,江铃集团新能源,羿驰05,https://p9-dcd.byteimg.com/tos-cn-i-dcdx/2e4d996c3f13409297085244c65da231~tplv-resize:640:0.png?psm=motor.rank.data,cdc097a7c9c30d298eaf84ec,2,2,,aace93aee3cc5507f7d27374,dongchedi_ranking,2026-07-08T22:04:53+08:00
25211,10429,纵横,纵横G700,https://p9-dcd.byteimg.com/tos-cn-i-dcdx/3a797ab4562b4c988a694f3dd8f8c28f~tplv-resize:640:0.png?psm=motor.rank.data,0ebf513cebafc8930b03143c,3,2,,a810cdc8b453df1725249872,dongchedi_ranking|dongchedi_usedcar_series,2026-07-08T22:04:53+08:00
25226,24,沃尔沃,沃尔沃ES90,https://p9-dcd.byteimg.com/tos-cn-i-dcdx/b7e1c4f1a19d40ec9b7280bdf3a06ef8~tplv-resize:640:0.png?psm=motor.rank.data,2f2e8a18c665c907213753f1,2,2,,c159ee74bad266463944e2d5,dongchedi_ranking,2026-07-08T22:04:53+08:00
25227,18,奇瑞,艾瑞泽8 PRO,https://p3-dcd.byteimg.com/tos-cn-i-dcdx/5f6e4950efe749f3a4202950ee4430e2~tplv-f042mdwyw7-original:tplv-resize:640:0.image?psm=motor.pc_sh.api,8069d92091ef4212ccacc523,1,0,,db920704a836783088c44719,dongchedi_usedcar_series,2026-07-08T22:04:53+08:00
25232,891,东风奕派,纳米06,https://p9-dcd.byteimg.com/tos-cn-i-dcdx/a300dd64d6084f128da6cbab290b698e~tplv-resize:640:0.png?psm=motor.rank.data,808671092135cce337c9e2ac,3,2,,6083d3bb3d361d312a1a2789,dongchedi_ranking|dongchedi_usedcar_series,2026-07-08T22:04:53+08:00
25234,918,乐道,乐道L90,https://p9-dcd.byteimg.com/tos-cn-i-dcdx/0d1ea03130eb4bad9bceec46eab2dff2~tplv-resize:640:0.png?psm=motor.rank.data,0c8afa7784dd19141dea86dc,3,2,,b7fe9c418d712d32e3ad6461,dongchedi_ranking|dongchedi_usedcar_series,2026-07-08T22:04:53+08:00
25236,858,吉利银河,银河星耀8 PHEV,https://p9-dcd.byteimg.com/tos-cn-i-dcdx/9725a30895f04bf1927b06f59f8a4324~tplv-resize:640:0.png?psm=motor.rank.data,f4bd9a4108753531d79fd9e2,3,2,,f72fa6abfc6217f9b643c5ce,dongchedi_ranking|dongchedi_usedcar_series,2026-07-08T22:04:53+08:00
25237,425,坦克,坦克400 Hi4-Z,https://p3-dcd.byteimg.com/tos-cn-i-dcdx/99c32d7cb85049ac9167dbd721b54561~tplv-f042mdwyw7-original:tplv-resize:640:0.image?psm=motor.pc_sh.api,772e5f675339aab9485b2b55,1,0,,1421bd4ad290d8758875d649,dongchedi_usedcar_series,2026-07-08T22:04:53+08:00
25238,16,比亚迪,海豹06EV,https://p9-dcd.byteimg.com/tos-cn-i-dcdx/0f8f68edffef4a25801febb0c59ed9ec~tplv-resize:640:0.png?psm=motor.rank.data,3b0259ffb4538d3197c79719,3,2,,0f02e545e96ba8e0e1905b71,dongchedi_ranking|dongchedi_usedcar_series,2026-07-08T22:04:53+08:00
25239,10410,示界,示界06,https://p9-dcd.byteimg.com/tos-cn-i-dcdx/9cf15463fa5e4120a1f2f34627ec5f5c~tplv-resize:640:0.png?psm=motor.rank.data,ecc7510901f92c2847f1d4e8,2,2,,dd55a8fa6d393140fbd1d8a1,dongchedi_ranking,2026-07-08T22:04:53+08:00
25281,65,MINI,电动MINI JCW,https://p3-dcd.byteimg.com/tos-cn-i-dcdx/7f6c7ea9a675451a84be753ed8c3c1a2~tplv-f042mdwyw7-original:tplv-resize:640:0.image?psm=motor.pc_sh.api,e7408d07ce3306c1057af6ac,1,0,,28a3aca7e130129d2e4f7b7d,dongchedi_usedcar_series,2026-07-08T22:04:53+08:00
25288,40,广汽传祺,传祺向往S9,https://p9-dcd.byteimg.com/tos-cn-i-dcdx/319c05782337493682f7edb872c7a673~tplv-resize:640:0.png?psm=motor.rank.data,47e62bea1a0d6ca77e1e2cc7,3,2,,e3ad403c13cae1939d441735,dongchedi_ranking|dongchedi_usedcar_series,2026-07-08T22:04:53+08:00
25314,5,丰田,丰田bZ5,https://p9-dcd.byteimg.com/tos-cn-i-dcdx/e94c8df2a58441898c6f6939ed2dc30c~tplv-resize:640:0.png?psm=motor.rank.data,eb56a404227eaab77a2047cf,3,2,,165e6f8f7cdebe02b0a974f4,dongchedi_ranking|dongchedi_usedcar_series,2026-07-08T22:04:53+08:00
25315,17,哈弗,哈弗猛龙燃油版,https://p9-dcd.byteimg.com/tos-cn-i-dcdx/a474d8adaa8e4739962644ed543745d5~tplv-resize:640:0.png?psm=motor.rank.data,ff41262b779dca0aa4ba4694,3,2,,901d69f801dc51c37abf4421,dongchedi_ranking|dongchedi_usedcar_series,2026-07-08T22:04:53+08:00
25316,10444,奇瑞QQ,多米,https://p9-dcd.byteimg.com/tos-cn-i-dcdx/beadcc6ab8364858bda6a7a61e518108~tplv-resize:640:0.png?psm=motor.rank.data,46097d702cefcb0717953e36,3,2,,9e4a9168393ec7e17cd84f9e,dongchedi_ranking|dongchedi_usedcar_series,2026-07-08T22:04:53+08:00
25340,176,ARCFOX极狐,极狐 阿尔法S6,https://p9-dcd.byteimg.com/tos-cn-i-dcdx/06ff994a697a423bb9ac0e494a6641e7~tplv-f042mdwyw7-original:tplv-resize:640:0.image?psm=motor.pc_sh.api,e0e7d9317c234193f8af64b0,1,0,,f1d04d114d8ba355d66996c6,dongchedi_usedcar_series,2026-07-08T22:04:53+08:00
25345,15,马自达,马自达EZ-60,https://p9-dcd.byteimg.com/tos-cn-i-dcdx/f54c52621cfa4ef5b80f2226a0642cf3~tplv-resize:640:0.png?psm=motor.rank.data,da48807392cf2bd7a5753408,2,2,,b17bba671af184529d34ef33,dongchedi_ranking,2026-07-08T22:04:53+08:00
25349,209,捷途,捷途X90 C-DM,https://p9-dcd.byteimg.com/tos-cn-i-dcdx/467f96e7b09b4db8a03699b2bb63b68a~tplv-resize:640:0.png?psm=motor.rank.data,473d66497bb5eba1efc12072,3,2,,257d58d5423bf45bb70ef433,dongchedi_ranking|dongchedi_usedcar_series,2026-07-08T22:04:53+08:00
25387,10419,尚界,尚界H5,https://p9-dcd.byteimg.com/tos-cn-i-dcdx/b3ee4d9645d944ee820c5947d919444a~tplv-resize:640:0.png?psm=motor.rank.data,b51e2c4e3dc529cceb5b1256,3,2,,2b2192947a77e3ea9434e4b1,dongchedi_ranking|dongchedi_usedcar_series,2026-07-08T22:04:53+08:00
25389,3,奔驰,奔驰CLA EV,https://p9-dcd.byteimg.com/tos-cn-i-dcdx/cee78baa4d86432387a5a0bcee6926ef~tplv-resize:640:0.png?psm=motor.rank.data,383a7522dabe45827dfa7334,3,2,,be6e900215fe448c4d800d6e,dongchedi_ranking|dongchedi_usedcar_series,2026-07-08T22:04:53+08:00
25395,1,大众,ID. ERA 9X,https://p9-dcd.byteimg.com/tos-cn-i-dcdx/a5c1211bddc544ff8e4437ee2cd94b48~tplv-resize:640:0.png?psm=motor.rank.data,3c17ce9702395613de8e2dd8,2,2,,d5fec2ef7c31a78359a759ad,dongchedi_ranking,2026-07-08T22:04:53+08:00
25398,10409,奇瑞风云,风云X3 PLUS,https://p9-dcd.byteimg.com/tos-cn-i-dcdx/acc5ab681bad43578ec8f6cc76d0aece~tplv-f042mdwyw7-original:tplv-resize:640:0.image?psm=motor.pc_sh.api,e3bc72ee0e15a42df23ab352,1,0,,59ee4948cec0ebc86e924da3,dongchedi_usedcar_series,2026-07-08T22:04:53+08:00
25399,16,比亚迪,海狮06DM,https://p9-dcd.byteimg.com/tos-cn-i-dcdx/33ad68f9617b43448e36f7f8e4d763ce~tplv-resize:640:0.png?psm=motor.rank.data,d8f243baa2012ac8d3f961ad,3,2,,9e5c35d89d9ac2ba345f26bb,dongchedi_ranking|dongchedi_usedcar_series,2026-07-08T22:04:53+08:00
25400,16,比亚迪,海狮06EV,https://p9-dcd.byteimg.com/tos-cn-i-dcdx/2f4d4de44df0441383cd118517635fda~tplv-resize:640:0.png?psm=motor.rank.data,afe3f43388f83b819be260dd,3,2,,98a14a0855e275bb626896f0,dongchedi_ranking|dongchedi_usedcar_series,2026-07-08T22:04:53+08:00
25401,176,ARCFOX极狐,极狐 贝塔T1,https://p9-dcd.byteimg.com/tos-cn-i-dcdx/0a24fb98b1864a4691ba7e6c968065b3~tplv-resize:640:0.png?psm=motor.rank.data,28b0f30ec6d58c68fbe804fe,3,2,,afcce202bf6bdc65c3e79f1e,dongchedi_ranking|dongchedi_usedcar_series,2026-07-08T22:04:53+08:00
25412,527,猛士,猛士M817,https://p9-dcd.byteimg.com/tos-cn-i-dcdx/c3f7dafd9e92422bae5bf7978459d42d~tplv-resize:640:0.png?psm=motor.rank.data,58c1411091294c0ecf5f36cb,3,2,,6a8eadf5872fcc3db84b3994,dongchedi_ranking|dongchedi_usedcar_series,2026-07-08T22:04:53+08:00
25413,2,奥迪,奥迪A6L e-tron,https://p3-dcd.byteimg.com/tos-cn-i-dcdx/54ad3dfcb4154fc8a34cb089ace62ef4~tplv-f042mdwyw7-original:tplv-resize:640:0.image?psm=motor.pc_sh.api,3685f8b25900a2dab50727d4,1,0,,0e14df9af8c19ab4957211b0,dongchedi_usedcar_series,2026-07-08T22:04:53+08:00
25421,12,别克,别克至境世家,https://p9-dcd.byteimg.com/tos-cn-i-dcdx/ccaf06a10739429195d3b87123b8ae61~tplv-resize:640:0.png?psm=motor.rank.data,4904e97253ffd9b84951edb2,3,2,,5737ff725d6aa16b9bdd6839,dongchedi_ranking|dongchedi_usedcar_series,2026-07-08T22:04:53+08:00
25427,11,现代,EO 羿欧,https://p9-dcd.byteimg.com/tos-cn-i-dcdx/6b5a8770c1df48a385e673ad748ba3d9~tplv-resize:640:0.png?psm=motor.rank.data,1cb3c1e5f2437ab8086c177a,2,2,,19a2fa2441452a962b07221c,dongchedi_ranking,2026-07-08T22:04:53+08:00
25436,10425,捷途山海,捷途山海L7 PLUS,https://p9-dcd.byteimg.com/tos-cn-i-dcdx/826721d8597840aebaee8dd053b8c655~tplv-resize:640:0.png?psm=motor.rank.data,1ea953b046e0acf00228b70c,3,2,,445b1c93f02439a04884a9d9,dongchedi_ranking|dongchedi_usedcar_series,2026-07-08T22:04:53+08:00
25469,514,吉利雷达,雷达金刚PHEV,https://p3-dcd.byteimg.com/tos-cn-i-dcdx/b9970700367a44efb66c52ef837c7f36~tplv-f042mdwyw7-original:tplv-resize:640:0.image?psm=motor.pc_sh.api,0bc5bcec8e8bb2ca2e65dbff,1,0,,a3e1b905a118a74665198a5a,dongchedi_usedcar_series,2026-07-08T22:04:53+08:00
25479,198,瑞驰,瑞驰R5,https://p3-dcd.byteimg.com/tos-cn-i-dcdx/97c0029997884c98a73e56baf4c7d4a1~tplv-f042mdwyw7-original:tplv-resize:640:0.image?psm=motor.pc_sh.api,6867882d0f1c4e7881cd8032,1,0,,f8aba80f7d319f5504b9760c,dongchedi_usedcar_series,2026-07-08T22:04:53+08:00
25485,24,沃尔沃,沃尔沃XC70,https://p9-dcd.byteimg.com/tos-cn-i-dcdx/1b9bfebdc17a4047b765d59fad62c8fe~tplv-resize:640:0.png?psm=motor.rank.data,7094a5de6bafa1ae1e8fc914,3,2,,1d910018870d968c18643b4e,dongchedi_ranking|dongchedi_usedcar_series,2026-07-08T22:04:53+08:00
25486,870,长安启源,长安启源A06,https://p9-dcd.byteimg.com/tos-cn-i-dcdx/c105cba3fb9141b48adcdc62554539bd~tplv-resize:640:0.png?psm=motor.rank.data,7db504602b635ab8c2dcbe97,3,2,,e0c33d6fa45b7ce407c6d3ce,dongchedi_ranking|dongchedi_usedcar_series,2026-07-08T22:04:53+08:00
25488,174,领克,领克10 EM-P,https://p9-dcd.byteimg.com/tos-cn-i-dcdx/c67bb456d8f8427d8f2525a82b3bd63e~tplv-resize:640:0.png?psm=motor.rank.data,bd638806ae8da6d006a72e51,3,2,,e00d42469218d48777cfc1c8,dongchedi_ranking|dongchedi_usedcar_series,2026-07-08T22:04:53+08:00
25490,142,凯翼,江豚E7,https://p3-dcd.byteimg.com/tos-cn-i-dcdx/d42961dff3b24977a47d56bbf06895f9~tplv-f042mdwyw7-original:tplv-resize:640:0.image?psm=motor.pc_sh.api,7c8482d3a9fcf362a5089608,1,0,,cb077d86f20510b3b433f828,dongchedi_usedcar_series,2026-07-08T22:04:53+08:00
25521,858,吉利银河,银河M9,https://p9-dcd.byteimg.com/tos-cn-i-dcdx/4ce0a4be183540a58d72ad06dabed315~tplv-resize:640:0.png?psm=motor.rank.data,7a57cd69e039f9bf138c10a4,3,2,,8e00242495942ac42f0f08d4,dongchedi_ranking|dongchedi_usedcar_series,2026-07-08T22:04:53+08:00
25527,510,智锐汽车,欧尔法,https://p3-dcd.byteimg.com/tos-cn-i-dcdx/509cd593b87a4b01be0a7cbbf353d1f3~tplv-f042mdwyw7-original:tplv-resize:640:0.image?psm=motor.pc_sh.api,8eef32cfbfb30bfbcc2003e5,1,0,,f573bf510c200e29796f7537,dongchedi_usedcar_series,2026-07-08T22:04:53+08:00
25535,37,东风风神,东风风神L8 PHEV,https://p9-dcd.byteimg.com/tos-cn-i-dcdx/67fe3f4785894978b8c1efed3a3a6f3b~tplv-resize:640:0.png?psm=motor.rank.data,b3710ad33db39a57a56324e7,3,2,,8a42ee1d84ac8e8574f8fdde,dongchedi_ranking|dongchedi_usedcar_series,2026-07-08T22:04:53+08:00
25544,10409,奇瑞风云,风云X3,https://p9-dcd.byteimg.com/tos-cn-i-dcdx/b8cc7679e7c44359bec5795f580622ab~tplv-resize:640:0.png?psm=motor.rank.data,701c3358ad379af8627fbde3,3,2,,1ed2991107247ec5d764e299,dongchedi_ranking|dongchedi_usedcar_series,2026-07-08T22:04:53+08:00
25545,10409,奇瑞风云,风云X3L,https://p9-dcd.byteimg.com/tos-cn-i-dcdx/0c52e19fc4124f1c81d5a83f12cae963~tplv-f042mdwyw7-original:tplv-resize:640:0.image?psm=motor.pc_sh.api,146049296a2f2a15e9160776,1,0,,40484e658a9081d8e08adaff,dongchedi_usedcar_series,2026-07-08T22:04:53+08:00
25546,36,荣威,荣威M7 DMH,https://p9-dcd.byteimg.com/tos-cn-i-dcdx/f021e0128ac1444b8438b79102d396c0~tplv-resize:640:0.png?psm=motor.rank.data,3b8b540900c4a82e5b0a58c4,3,2,,72a7de7452b469173f0e56ae,dongchedi_ranking|dongchedi_usedcar_series,2026-07-08T22:04:53+08:00
25547,858,吉利银河,银河A7 EM,https://p9-dcd.byteimg.com/tos-cn-i-dcdx/b221b18c07534b408f168e58b3e160f0~tplv-resize:640:0.png?psm=motor.rank.data,d720c817517e65e0984cb0c8,3,2,,6b15b0d44a0c294fa6fa5238,dongchedi_ranking|dongchedi_usedcar_series,2026-07-08T22:04:53+08:00
25549,159,腾势,腾势N8L DM,https://p9-dcd.byteimg.com/tos-cn-i-dcdx/14e45f2711a7473a83e602c577d255f9~tplv-resize:640:0.png?psm=motor.rank.data,3424b5164abdda16680e09ae,3,2,,afc6ba8f8de6611ce06d2875,dongchedi_ranking|dongchedi_usedcar_series,2026-07-08T22:04:53+08:00
25555,426,极氪,ZEEKR 8X,https://p9-dcd.byteimg.com/tos-cn-i-dcdx/0c80ca14584f41119a8904a0045fc2af~tplv-resize:640:0.png?psm=motor.rank.data,32c589efa163954ac793c25f,3,2,,8ef7b195e3198164438a8ba8,dongchedi_ranking|dongchedi_usedcar_series,2026-07-08T22:04:53+08:00
25556,160,威麟,威麟R08,https://p9-dcd.byteimg.com/tos-cn-i-dcdx/29a650968b4e465d92871700994c41ef~tplv-f042mdwyw7-original:tplv-resize:640:0.image?psm=motor.pc_sh.api,557d78f816746149a47f6386,1,0,,03b857eb3bd0498c9fb08dac,dongchedi_usedcar_series,2026-07-08T22:04:53+08:00
25557,202,理想汽车,理想i6,https://p9-dcd.byteimg.com/tos-cn-i-dcdx/23bca80155b2406abca7b473c8e85691~tplv-resize:640:0.png?psm=motor.rank.data,598913cd3ee7686072c244ef,3,2,,82d498153012b6bbf51648e9,dongchedi_ranking|dongchedi_usedcar_series,2026-07-08T22:04:53+08:00
25559,861,方程豹,钛7 PHEV,https://p9-dcd.byteimg.com/tos-cn-i-dcdx/3bb475c050b541e494e0fc3c10da4d40~tplv-resize:640:0.png?psm=motor.rank.data,2b080448387933bbd3b4c7e0,3,2,,e560ffe989a16ba59b90b9ce,dongchedi_ranking|dongchedi_usedcar_series,2026-07-08T22:04:53+08:00
25561,10424,礼骊汽车,礼骊汽车 V级,https://p3-dcd.byteimg.com/tos-cn-i-dcdx/8e7fc32f61f84e6b95f5922f5217355a~tplv-f042mdwyw7-original:tplv-resize:640:0.image?psm=motor.pc_sh.api,90657c6ebddb7b739518e457,1,0,,e4b6db5f5cb463e83b798837,dongchedi_usedcar_series,2026-07-08T22:04:53+08:00
25562,10424,礼骊汽车,礼骊汽车 威霆,https://p3-dcd.byteimg.com/tos-cn-i-dcdx/931efaa7602d49418a3578bafcbc99d9~tplv-f042mdwyw7-original:tplv-resize:640:0.image?psm=motor.pc_sh.api,dcb8fdb91e79ccfd6e944c0b,1,0,,2437f1c0c9c87335d50e221f,dongchedi_usedcar_series,2026-07-08T22:04:53+08:00
25565,918,乐道,乐道L80,https://p9-dcd.byteimg.com/tos-cn-i-dcdx/d68e714aabaf4801b5136aef69105c3b~tplv-resize:640:0.png?psm=motor.rank.data,84454d241d75b726a4e21228,3,2,,193c82cef6c3dda9c33c6ed2,dongchedi_ranking|dongchedi_usedcar_series,2026-07-08T22:04:53+08:00
25567,91,东风,睿立达V5,https://p3-dcd.byteimg.com/tos-cn-i-dcdx/95a573a227fd4d6699fb56234b6d7393~tplv-f042mdwyw7-original:tplv-resize:640:0.image?psm=motor.pc_sh.api,6085d5c8346f0a8625ad3132,1,0,,d78e3175fe876242844c2adc,dongchedi_usedcar_series,2026-07-08T22:04:53+08:00
25571,39,五菱汽车,缤果S,https://p9-dcd.byteimg.com/tos-cn-i-dcdx/fe583d70163f47ab97f855da90ff055a~tplv-resize:640:0.png?psm=motor.rank.data,f1a3b196f5d7caf42cd6f560,3,2,,671e49ee95f1c2e830ec8241,dongchedi_ranking|dongchedi_usedcar_series,2026-07-08T22:04:53+08:00
25572,381,睿蓝汽车,蓝气球,https://p9-dcd.byteimg.com/tos-cn-i-dcdx/415148bb0154452399f5e0b0f6a72ae3~tplv-resize:640:0.png?psm=motor.rank.data,81cffa98bbf901d4e5d2dd1f,3,2,,e932d9400a95904f615c79ae,dongchedi_ranking|dongchedi_usedcar_series,2026-07-08T22:04:53+08:00
25573,176,ARCFOX极狐,极狐 贝塔S3,https://p9-dcd.byteimg.com/tos-cn-i-dcdx/da9ca28b0fca44a68259310e8ea9e9a3~tplv-resize:640:0.png?psm=motor.rank.data,d2b0d10bfe2185f78917358f,2,2,,b5b02b256cc0661331d028d9,dongchedi_ranking,2026-07-08T22:04:53+08:00
25574,39,五菱汽车,星光730 PHEV,https://p9-dcd.byteimg.com/tos-cn-i-dcdx/ce5f5ab6377b4b2f8f9c41a876ecbf5f~tplv-resize:640:0.png?psm=motor.rank.data,d3fddccad38eeb4eb9b5aeae,3,2,,d1f94f6f590bf115bb6a776c,dongchedi_ranking|dongchedi_usedcar_series,2026-07-08T22:04:53+08:00
25575,39,五菱汽车,星光730,https://p9-dcd.byteimg.com/tos-cn-i-dcdx/06743772b8e7446299bee1d080d3273a~tplv-resize:640:0.png?psm=motor.rank.data,9e6168f7c08e9d645416748d,3,2,,6aa90d99a303630f845ec2bd,dongchedi_ranking|dongchedi_usedcar_series,2026-07-08T22:04:53+08:00
25576,39,五菱汽车,星光730 EV,https://p9-dcd.byteimg.com/tos-cn-i-dcdx/1d331ff95a23429cb9eeee832389b76d~tplv-resize:640:0.png?psm=motor.rank.data,d9272c6ed0e39cb1189de512,3,2,,7b412cbc6d24b4c3cea70548,dongchedi_ranking|dongchedi_usedcar_series,2026-07-08T22:04:53+08:00
25577,73,吉利汽车,博越REV,https://p9-dcd.byteimg.com/tos-cn-i-dcdx/de34668abb97499182b82bd617b149e4~tplv-resize:640:0.png?psm=motor.rank.data,027f9c8bb6cd07038b958411,2,2,,633bc2c573ad06107eb7bbbd,dongchedi_ranking,2026-07-08T22:04:53+08:00
25578,209,捷途,捷途X70L,https://p9-dcd.byteimg.com/tos-cn-i-dcdx/a03c63534f85409da8219cd30fdf3544~tplv-f042mdwyw7-original:tplv-resize:640:0.image?psm=motor.pc_sh.api,fbeac225e76eb2318f00705b,1,0,,cf388b52ccf8c4fb82fd0b06,dongchedi_usedcar_series,2026-07-08T22:04:53+08:00
25579,16,比亚迪,比亚迪M9,https://p9-dcd.byteimg.com/tos-cn-i-dcdx/681ca997c8bb4fa397732f9024fe01d6~tplv-resize:640:0.png?psm=motor.rank.data,329c95b5161e91c5f8927fef,3,2,,4ee003e485d01c2cf6cc84a3,dongchedi_ranking|dongchedi_usedcar_series,2026-07-08T22:04:53+08:00
25587,16,比亚迪,海豹06DM旅行版,https://p9-dcd.byteimg.com/tos-cn-i-dcdx/e8bb66b8053b4739ba5419afdb147938~tplv-resize:640:0.png?psm=motor.rank.data,50fdd36970cf3037986fe19c,3,2,,334972f9dedd937d89234385,dongchedi_ranking|dongchedi_usedcar_series,2026-07-08T22:04:53+08:00
25595,931,享界,享界S9T,https://p9-dcd.byteimg.com/tos-cn-i-dcdx/613c0834a43548f8bd82888ada27be70~tplv-resize:640:0.png?psm=motor.rank.data,1c4a9dfaefac93104800f5ca,3,2,,72da0c3b593485304da02241,dongchedi_ranking|dongchedi_usedcar_series,2026-07-08T22:04:53+08:00
25598,59,红旗,红旗HS6 PHEV,https://p9-dcd.byteimg.com/tos-cn-i-dcdx/47e95923cec94166b410a8f9be7e3b57~tplv-resize:640:0.png?psm=motor.rank.data,7b97b1a090da80e6270dbacd,3,2,,0877776c704b369efe449e84,dongchedi_ranking|dongchedi_usedcar_series,2026-07-08T22:04:53+08:00
25600,12,别克,别克至境L7,https://p9-dcd.byteimg.com/tos-cn-i-dcdx/84199f296dfd4e8eb71235d852f093c5~tplv-resize:640:0.png?psm=motor.rank.data,5e2c6c4d59f178aadae6e0b1,3,2,,ebabe0c10fa76d780db47398,dongchedi_ranking|dongchedi_usedcar_series,2026-07-08T22:04:53+08:00
25601,251,星途,星途ET5,https://p9-dcd.byteimg.com/tos-cn-i-dcdx/ff1b13dff06c4a1ca1cde6107a4c2ab1~tplv-resize:640:0.png?psm=motor.rank.data,0d627df812fbfb03061156e8,3,2,,3c5110fc8e22af7b0e4af625,dongchedi_ranking|dongchedi_usedcar_series,2026-07-08T22:04:53+08:00
25603,7,福特,福特智趣烈马,https://p9-dcd.byteimg.com/tos-cn-i-dcdx/f046665638944ea586ca6b9b135a4a8d~tplv-resize:640:0.png?psm=motor.rank.data,9bcb019bdaf3b8467fc1f1ac,3,2,,12b138882c3d00f9fb8d4a6c,dongchedi_ranking|dongchedi_usedcar_series,2026-07-08T22:04:53+08:00
25604,48,smart,smart精灵#5 EHD超级电混,https://p9-dcd.byteimg.com/tos-cn-i-dcdx/95f85a1a04d44f8cb59288d29b531861~tplv-resize:640:0.png?psm=motor.rank.data,9307245c592dc9269ce1a39b,3,2,,10db707c6ac2e58b67fce253,dongchedi_ranking|dongchedi_usedcar_series,2026-07-08T22:04:53+08:00
25607,419,智己汽车,智己LS9,https://p9-dcd.byteimg.com/tos-cn-i-dcdx/732e60071ef44797aa48e3f521a3ece3~tplv-resize:640:0.png?psm=motor.rank.data,8e6f43172ccd61ad9a0308f5,3,2,,dec13de7089a33edc84ff7b4,dongchedi_ranking|dongchedi_usedcar_series,2026-07-08T22:04:53+08:00
25608,39,五菱汽车,星光560 EV,https://p9-dcd.byteimg.com/tos-cn-i-dcdx/2852096486ae465b8a3f901f9b75f9ee~tplv-resize:640:0.png?psm=motor.rank.data,90e071519068b00759ed92ef,2,2,,9963c7ee39c84a878cdff885,dongchedi_ranking,2026-07-08T22:04:53+08:00
25609,39,五菱汽车,星光560 PHEV,https://p9-dcd.byteimg.com/tos-cn-i-dcdx/4aa13f55a33a44bd9d990feeb2cf7133~tplv-resize:640:0.png?psm=motor.rank.data,ee8edd466430b52fb703a240,3,2,,26d70c28081e7953eabfd317,dongchedi_ranking|dongchedi_usedcar_series,2026-07-08T22:04:53+08:00
25610,39,五菱汽车,星光560,https://p9-dcd.byteimg.com/tos-cn-i-dcdx/e9744622061547979e4d4ddd7f9f7734~tplv-resize:640:0.png?psm=motor.rank.data,8d5a9c532eacf7a5482a2984,3,2,,a82b1e23421a6fa79e877806,dongchedi_ranking|dongchedi_usedcar_series,2026-07-08T22:04:53+08:00
25611,858,吉利银河,银河星耀6,https://p9-dcd.byteimg.com/tos-cn-i-dcdx/6f6a872539c44fa581f72589e311f1dd~tplv-resize:640:0.png?psm=motor.rank.data,1e31d9e57ffb61cd9a12db8c,3,2,,dd8a83a0152ad2a1e8fdcf86,dongchedi_ranking|dongchedi_usedcar_series,2026-07-08T22:04:53+08:00
25612,136,江铃集团新能源,羿驰05S,https://p9-dcd.byteimg.com/tos-cn-i-dcdx/59e82290675a4b1e95ea0c56bc505fed~tplv-resize:640:0.png?psm=motor.rank.data,68af24e171b2279f3d992c15,2,2,,0d765028acb74939330f5ad7,dongchedi_ranking,2026-07-08T22:04:53+08:00
25613,78,北京汽车制造厂,锐胜M8新能源,https://p9-dcd.byteimg.com/tos-cn-i-dcdx/569b23b0937e44fd81be011857dd59f5~tplv-resize:640:0.png?psm=motor.rank.data,c24f7034d3f2d4e2d75e9a4c,2,2,,43f8648e558d488b7cbcbdb9,dongchedi_ranking,2026-07-08T22:04:53+08:00
25619,395,岚图,岚图泰山 PHEV,https://p9-dcd.byteimg.com/tos-cn-i-dcdx/5f56f8901e384ee0912c7e927cc0e4b7~tplv-resize:640:0.png?psm=motor.rank.data,68828e2415dfcec8474d570b,3,2,,8513107b031dad8b9689cb93,dongchedi_ranking|dongchedi_usedcar_series,2026-07-08T22:04:53+08:00
25620,909,iCAR,iCAR V27,https://p9-dcd.byteimg.com/tos-cn-i-dcdx/c08399c05527410ebfb85a391d275c65~tplv-resize:640:0.png?psm=motor.rank.data,6dce942cfb1d730258c6d2f8,3,2,,c06297a35dc6d3caf699c06d,dongchedi_ranking|dongchedi_usedcar_series,2026-07-08T22:04:53+08:00
25621,195,小鹏汽车,小鹏GX,https://p9-dcd.byteimg.com/tos-cn-i-dcdx/4907a881b657425e806c83f23b805a33~tplv-resize:640:0.png?psm=motor.rank.data,64a9988fdd32819c17d8addd,3,2,,87a9f818dbac518ba9e1a564,dongchedi_ranking|dongchedi_usedcar_series,2026-07-08T22:04:53+08:00
25628,515,深蓝汽车,深蓝L06,https://p9-dcd.byteimg.com/tos-cn-i-dcdx/942afa8141b747b6a28181ea92a83fbc~tplv-resize:640:0.png?psm=motor.rank.data,d92dc97038fa9b369d415f95,3,2,,066ed8ea523cffc933d3bbf0,dongchedi_ranking|dongchedi_usedcar_series,2026-07-08T22:04:53+08:00
25634,870,长安启源,长安启源Q05,https://p9-dcd.byteimg.com/tos-cn-i-dcdx/d165339b96b94c7bb9f77369d17afdc1~tplv-resize:640:0.png?psm=motor.rank.data,0c6d9a70566261ac6ed40a59,3,2,,d17f032c4d1478ddde9a6410,dongchedi_ranking|dongchedi_usedcar_series,2026-07-08T22:04:53+08:00
25636,10,日产,日产N6,https://p9-dcd.byteimg.com/tos-cn-i-dcdx/806998923a104bdd8ca07df13ed0b80a~tplv-resize:640:0.png?psm=motor.rank.data,e3f9f9d69e106857c0c411e6,3,2,,b6f774b79b9661b445da819b,dongchedi_ranking|dongchedi_usedcar_series,2026-07-08T22:04:53+08:00
25639,17,哈弗,哈弗H6L,https://p9-dcd.byteimg.com/tos-cn-i-dcdx/e69eda2a9bae48bda425b3e6c9d2bbd5~tplv-f042mdwyw7-original:tplv-resize:640:0.image?psm=motor.pc_sh.api,5b5acedede0c0be7de37526f,1,0,,bab3ead8dec443581beddbfd,dongchedi_usedcar_series,2026-07-08T22:04:53+08:00
25642,880,广汽昊铂,昊铂A800,https://p9-dcd.byteimg.com/tos-cn-i-dcdx/a9b7e26e3a5549e5998be6bfe85a4856~tplv-resize:640:0.png?psm=motor.rank.data,12bbce7d98cb1473a33ce1a5,3,2,,182ee723c4a788cdd82c5375,dongchedi_ranking|dongchedi_usedcar_series,2026-07-08T22:04:53+08:00
25643,242,埃安,AION i60,https://p9-dcd.byteimg.com/tos-cn-i-dcdx/371db0cffb5143d9a38f62f951730f40~tplv-resize:640:0.png?psm=motor.rank.data,6665450965485b0b55455a2b,3,2,,46a762a218ed52c8c8cb23dc,dongchedi_ranking|dongchedi_usedcar_series,2026-07-08T22:04:53+08:00
25644,12,别克,别克至境世家纯电,https://p9-dcd.byteimg.com/tos-cn-i-dcdx/8d632c31b55941a48a0b95aeb3575450~tplv-resize:640:0.png?psm=motor.rank.data,565663f3900c387ce9138d34,2,2,,13a9676133f19f81d1f50024,dongchedi_ranking,2026-07-08T22:04:53+08:00
25647,395,岚图,岚图追光L,https://p9-dcd.byteimg.com/tos-cn-i-dcdx/957d7a75963342ea840d3b352aadd79f~tplv-resize:640:0.png?psm=motor.rank.data,bf30cdf2acbf3a68bc3708bd,3,2,,dde24269b58e6817e21a003e,dongchedi_ranking|dongchedi_usedcar_series,2026-07-08T22:04:53+08:00
25651,63,特斯拉,Model Y L,https://p3-dcd.byteimg.com/tos-cn-i-dcdx/dea2fae378bf4e19aaff0632f93b1143~tplv-f042mdwyw7-original:tplv-resize:640:0.image?psm=motor.pc_sh.api,4487941a1cb50d368734f608,1,0,,dedb1945a875e88051204c89,dongchedi_usedcar_series,2026-07-08T22:04:53+08:00
25678,10444,奇瑞QQ,QQ3 EV,https://p9-dcd.byteimg.com/tos-cn-i-dcdx/199a86d1354a4dafb213b61b3443d712~tplv-resize:640:0.png?psm=motor.rank.data,d9a23690d9d34b2e5807fde0,3,2,,7952115a8ef03ce4f60b816c,dongchedi_ranking|dongchedi_usedcar_series,2026-07-08T22:04:53+08:00
25682,207,零跑汽车,零跑Lafa5,https://p9-dcd.byteimg.com/tos-cn-i-dcdx/eb3ed5d8c99f4ed390b03980847b91d8~tplv-resize:640:0.png?psm=motor.rank.data,fe94d19aec782b0ca986ade5,3,2,,0e78dadeee90ad41f7c3ce5b,dongchedi_ranking|dongchedi_usedcar_series,2026-07-08T22:04:53+08:00
25683,78,北京汽车制造厂,锐胜M8,https://p9-dcd.byteimg.com/tos-cn-i-dcdx/44d47f32c2c3417ba5abc0fc042ece04~tplv-resize:640:0.png?psm=motor.rank.data,973846652e0f4476576a229b,2,2,,b3f06144f99b8ab0c2806caa,dongchedi_ranking,2026-07-08T22:04:53+08:00
25685,10430,普曼·巅峰,普曼VLS,https://p3-dcd.byteimg.com/tos-cn-i-dcdx/1c92f2b3de5a495d9b3c1feec98d54a9~tplv-f042mdwyw7-original:tplv-resize:640:0.image?psm=motor.pc_sh.api,769f38ae7682da6a35cac2ac,1,0,,aa94773ce3662d8ce49bd902,dongchedi_usedcar_series,2026-07-08T22:04:53+08:00
25694,366,宝骏,宝骏E6,https://p9-dcd.byteimg.com/tos-cn-i-dcdx/bbd26c81887a488a8932672b89360191~tplv-f042mdwyw7-original:tplv-resize:640:0.image?psm=motor.pc_sh.api,1feb95ad225c8c0e1a77eef1,1,0,,b391f5190595e2ead8c8af75,dongchedi_usedcar_series,2026-07-08T22:04:53+08:00
25695,10445,华境,华境S,https://p9-dcd.byteimg.com/tos-cn-i-dcdx/7f78edd30fe14b1eb199e85aa264f170~tplv-resize:640:0.png?psm=motor.rank.data,7de45d46130414cef9c409e7,2,2,,80f94e39ce9798dae451e135,dongchedi_ranking,2026-07-08T22:04:53+08:00
25711,858,吉利银河,银河V900,https://p9-dcd.byteimg.com/tos-cn-i-dcdx/c81987d51573492fbde3c3d00565c04b~tplv-resize:640:0.png?psm=motor.rank.data,b692d8f627dfa25e11a6d9bf,3,2,,de7ff2d5b2cd77df58e24e04,dongchedi_ranking|dongchedi_usedcar_series,2026-07-08T22:04:53+08:00
25715,238,欧拉,欧拉5纯电版,https://p9-dcd.byteimg.com/tos-cn-i-dcdx/2058a4b505c24fef8a770984fe846d61~tplv-resize:640:0.png?psm=motor.rank.data,c281bb3bfdb435437d568c9e,3,2,,3265dc68c0b0fa35ab3bc24d,dongchedi_ranking|dongchedi_usedcar_series,2026-07-08T22:04:53+08:00
25716,858,吉利银河,银河星舰7 EV,https://p9-dcd.byteimg.com/tos-cn-i-dcdx/7691e0febe9742c381a3967c3e06a14d~tplv-resize:640:0.png?psm=motor.rank.data,2dd38f0dd6e846b572a6f4d9,2,2,,9c47e0d46182174bddb57751,dongchedi_ranking,2026-07-08T22:04:53+08:00
25717,546,仰望,仰望U8L,https://p9-dcd.byteimg.com/tos-cn-i-dcdx/02d413ba4bc34a28afe9350a7a6995a1~tplv-resize:640:0.png?psm=motor.rank.data,e17a41820685f0ffc7804461,3,2,,baa4cb326a5ad1d8ca0d43ee,dongchedi_ranking|dongchedi_usedcar_series,2026-07-08T22:04:53+08:00
25718,207,零跑汽车,零跑D19,https://p9-dcd.byteimg.com/tos-cn-i-dcdx/b7d3f3cd70ff46e4844a888bdd8220fa~tplv-resize:640:0.png?psm=motor.rank.data,554d11693e625dde754497fd,3,2,,3936e9dddb754081a09f4cbc,dongchedi_ranking|dongchedi_usedcar_series,2026-07-08T22:04:53+08:00
25720,10433,埃尚,埃尚,https://p9-dcd.byteimg.com/tos-cn-i-dcdx/a22aae1505f54dd283aa6d99bd22e5a3~tplv-resize:640:0.png?psm=motor.rank.data,83d168e61d95f35d50db954b,3,2,,21e7231ca4f76f4d9fe3e577,dongchedi_ranking|dongchedi_usedcar_series,2026-07-08T22:04:53+08:00
25738,1,大众,与众07,https://p3-dcd.byteimg.com/tos-cn-i-dcdx/171f9ec6ade24da2b142f450d87724bb~tplv-f042mdwyw7-original:tplv-resize:640:0.image?psm=motor.pc_sh.api,51469475feae33d267055ecd,1,0,,a0719dbfc8ef53df9c92a06e,dongchedi_usedcar_series,2026-07-08T22:04:53+08:00
25739,858,吉利银河,银河星耀7,https://p9-dcd.byteimg.com/tos-cn-i-dcdx/32b49a2a573c45d1b83c39a18e1ec3f5~tplv-resize:640:0.png?psm=motor.rank.data,0f80faeed4f1aa7e65120e05,2,2,,8ff20f8917888522ed568a66,dongchedi_ranking,2026-07-08T22:04:53+08:00
25740,91,东风,睿立达V8E,https://p3-dcd.byteimg.com/tos-cn-i-dcdx/c513d2fc425e470997dc385e550a444d~tplv-f042mdwyw7-original:tplv-resize:640:0.image?psm=motor.pc_sh.api,482a27ef6483e64c3f625303,1,0,,55a45b882f71f877b382724c,dongchedi_usedcar_series,2026-07-08T22:04:53+08:00
25741,78,北京汽车制造厂,北汽L6H,https://p9-dcd.byteimg.com/tos-cn-i-dcdx/da9d3bfceaff489f92d91946640b68d1~tplv-resize:640:0.png?psm=motor.rank.data,7fa27a69711bba4035f077a5,2,2,,6a522b07f8ec3cedac9ec19f,dongchedi_ranking,2026-07-08T22:04:53+08:00
25759,57,福田,图雅诺X7,https://p9-dcd.byteimg.com/tos-cn-i-dcdx/c3bdf873fc38425bb2ffa870635d55b3~tplv-f042mdwyw7-original:tplv-resize:640:0.image?psm=motor.pc_sh.api,170a7d421f3e2fc918050589,1,0,,691aff2fcc69a98335ceb76a,dongchedi_usedcar_series,2026-07-08T22:04:53+08:00
25812,242,埃安,AION UT super,https://p9-dcd.byteimg.com/tos-cn-i-dcdx/5533d09b829442a9a8d59dbdf86915b3~tplv-f042mdwyw7-original:tplv-resize:640:0.image?psm=motor.pc_sh.api,8a408f9c94e1259ad40b1638,1,0,,f139f4a5cb87cf572b4af7a2,dongchedi_usedcar_series,2026-07-08T22:04:53+08:00
25816,251,星途,星途EX7,https://p9-dcd.byteimg.com/tos-cn-i-dcdx/c653ebf9a33045778b52bbf24de820a2~tplv-resize:640:0.png?psm=motor.rank.data,9c633c090f2517f15233ee7d,2,2,,e54a5e6e96e7eafae4f5998b,dongchedi_ranking,2026-07-08T22:04:53+08:00
25819,1,大众,与众08,https://p3-dcd.byteimg.com/tos-cn-i-dcdx/ec860f00cf0249c49403d1c636c1f53a~tplv-f042mdwyw7-original:tplv-resize:640:0.image?psm=motor.pc_sh.api,056d9fc19dcb6cbb8ceb281d,1,0,,a4f08fd0eced71f6a1bab257,dongchedi_usedcar_series,2026-07-08T22:04:53+08:00
25828,10409,奇瑞风云,风云T9L,https://p9-dcd.byteimg.com/tos-cn-i-dcdx/1bfd8d1868f1406487d5e30b8d3ae4ad~tplv-resize:640:0.png?psm=motor.rank.data,abbca7b09ad96dd35bce4ff7,3,2,,c6cfee9fa7dd723ce744f221,dongchedi_ranking|dongchedi_usedcar_series,2026-07-08T22:04:53+08:00
25830,176,ARCFOX极狐,极狐 问道V9,https://p9-dcd.byteimg.com/tos-cn-i-dcdx/de027ce76a6942aebab8ef8c0b120ede~tplv-resize:640:0.png?psm=motor.rank.data,27b7b4ace6ad80ef66d7a9f7,2,2,,8c75c82ca031848c1d659326,dongchedi_ranking,2026-07-08T22:04:53+08:00
25831,70,东风风行,星海T5,https://p9-dcd.byteimg.com/tos-cn-i-dcdx/f59d70a26680431bb416e5d388b16894~tplv-resize:640:0.png?psm=motor.rank.data,2d14f419c8417ca409780df3,3,2,,9acb99e749db836589106519,dongchedi_ranking|dongchedi_usedcar_series,2026-07-08T22:04:53+08:00
25846,10362,奥迪AUDI,奥迪E7X,https://p9-dcd.byteimg.com/tos-cn-i-dcdx/974dab1585d44d168842a860ec101721~tplv-resize:640:0.png?psm=motor.rank.data,b35046b649f316f2acf36585,2,2,,07d0625b8be2bf6f0d5dc0b6,dongchedi_ranking,2026-07-08T22:04:53+08:00
25869,85,莲花跑车,ForMe,https://p3-dcd.byteimg.com/tos-cn-i-dcdx/e775ab55dd314c37bdbcceeb91a5af7e~tplv-f042mdwyw7-original:tplv-resize:640:0.image?psm=motor.pc_sh.api,f8f1351f4c32ebaf2ae5a066,1,0,,8f3ba983630b4f0aaa51c5a0,dongchedi_usedcar_series,2026-07-08T22:04:53+08:00
25870,48,smart,smart精灵#6 EHD超级电混,https://p9-dcd.byteimg.com/tos-cn-i-dcdx/ea650fcc49004a038c75fae68d19b6c5~tplv-resize:640:0.png?psm=motor.rank.data,5aa11ad8c755aebfaabb0581,2,2,,19914933cd93b96efcfdaec2,dongchedi_ranking,2026-07-08T22:04:53+08:00
25871,858,吉利银河,银河M7,https://p9-dcd.byteimg.com/tos-cn-i-dcdx/fff1757f3c09454cbcb3339aa615db77~tplv-resize:640:0.png?psm=motor.rank.data,5657152a138b762a8262ddf8,3,2,,35106a72d4fb5f3b73ea2951,dongchedi_ranking|dongchedi_usedcar_series,2026-07-08T22:04:53+08:00
25874,10,日产,日产NX8,https://p9-dcd.byteimg.com/tos-cn-i-dcdx/4d1af2abe6264765a3bbbbecbbf0b10d~tplv-resize:640:0.png?psm=motor.rank.data,6d5247110ad778fc0eb5bcf0,3,2,,84218209273edc9d5ad46b83,dongchedi_ranking|dongchedi_usedcar_series,2026-07-08T22:04:53+08:00
25876,880,广汽昊铂,昊铂S600,https://p9-dcd.byteimg.com/tos-cn-i-dcdx/c9d6981d9e814bab80931f76091e2c59~tplv-resize:640:0.png?psm=motor.rank.data,4fa52ac206dcf88d491b5744,2,2,,c9d5e55d39d9b1b7da02c6d4,dongchedi_ranking,2026-07-08T22:04:53+08:00
25877,419,智己汽车,智己LS8,https://p9-dcd.byteimg.com/tos-cn-i-dcdx/5c0a1299823b4ab181ff7b118967328a~tplv-resize:640:0.png?psm=motor.rank.data,73a3d3e52c5dd6ba3e8fad0a,3,2,,137a03d88b013f5e2c28cbb9,dongchedi_ranking|dongchedi_usedcar_series,2026-07-08T22:04:53+08:00
25878,242,埃安,AION N60,https://p9-dcd.byteimg.com/tos-cn-i-dcdx/55a97dec2d964271b7c26799ae213896~tplv-resize:640:0.png?psm=motor.rank.data,690dd82d7b34423337de363a,2,2,,9b1dd552772862bae9f45929,dongchedi_ranking,2026-07-08T22:04:53+08:00
25882,30,凯迪拉克,凯威德,https://p9-dcd.byteimg.com/tos-cn-i-dcdx/54e8e18e95404acd80e0a1bc33dc8caa~tplv-resize:640:0.png?psm=motor.rank.data,8bf191ffecb81ca8c70043af,2,2,,ce6cbb324e754ee0c25fa35b,dongchedi_ranking,2026-07-08T22:04:53+08:00
25883,395,岚图,岚图泰山X8 PHEV,https://p9-dcd.byteimg.com/tos-cn-i-dcdx/5079e3c2f91344c28285177b214ea033~tplv-resize:640:0.png?psm=motor.rank.data,b05ba836973d53a569c977d0,3,2,,a6537e2cb2d328ade10be541,dongchedi_ranking|dongchedi_usedcar_series,2026-07-08T22:04:53+08:00
25886,883,智界,智界V9,https://p9-dcd.byteimg.com/tos-cn-i-dcdx/2ab3cb17ad71422bb8cb9a58fd77490c~tplv-resize:640:0.png?psm=motor.rank.data,e928c99164710d906245a4af,2,2,,f3dacda5fe75b0d9743cbf0c,dongchedi_ranking,2026-07-08T22:04:53+08:00
25904,112,蔚来,蔚来ES9,https://p9-dcd.byteimg.com/tos-cn-i-dcdx/2160db5d5c2644c9af3d6363103c8d8e~tplv-resize:640:0.png?psm=motor.rank.data,702cb3c4dd14212633c9a0ef,3,2,,7c2289b29534830263ca66cc,dongchedi_ranking|dongchedi_usedcar_series,2026-07-08T22:04:53+08:00
25910,12,别克,别克至境E7,https://p9-dcd.byteimg.com/tos-cn-i-dcdx/17d0ecd22bfb42abb0d589713861f349~tplv-resize:640:0.png?psm=motor.rank.data,d1a217a9214f5a7f60244928,2,2,,952396261f4a8c680da984ed,dongchedi_ranking,2026-07-08T22:04:53+08:00
25920,10419,尚界,尚界Z7,https://p9-dcd.byteimg.com/tos-cn-i-dcdx/9a36765e734241edbc3cf433d9633152~tplv-resize:640:0.png?psm=motor.rank.data,c6f72289bf583d4f0839341e,3,2,,93597cf5f56d316251ca1ffa,dongchedi_ranking|dongchedi_usedcar_series,2026-07-08T22:04:53+08:00
25922,16,比亚迪,宋Ultra EV,https://p9-dcd.byteimg.com/tos-cn-i-dcdx/65acb4b1c509483ba0df1d58ef560da6~tplv-resize:640:0.png?psm=motor.rank.data,6c5e245494f9121144c4f207,3,2,,0088c6a85b529caf71904e70,dongchedi_ranking|dongchedi_usedcar_series,2026-07-08T22:04:53+08:00
25925,36,荣威,荣威i6,https://p9-dcd.byteimg.com/tos-cn-i-dcdx/0428fd3e08c141a8a86a220931fe0858~tplv-resize:640:0.png?psm=motor.rank.data,6273cf64c77f0585c9fa7ec0,3,2,,e71155ca25479e8863a9d3f4,dongchedi_ranking|dongchedi_usedcar_series,2026-07-08T22:04:53+08:00
25953,483,AITO,问界M6,https://p9-dcd.byteimg.com/tos-cn-i-dcdx/d6ca25b41e944bbfbff775cb6b7bd6a7~tplv-resize:640:0.png?psm=motor.rank.data,a3b34ab938293be848f3aa59,3,2,,7a9e326779e55ebcd40d6551,dongchedi_ranking|dongchedi_usedcar_series,2026-07-08T22:04:53+08:00
25956,66,魏牌,魏牌V9X PHEV,https://p9-dcd.byteimg.com/tos-cn-i-dcdx/85f9e1f9072f4f96a56e9983fc65c869~tplv-resize:640:0.png?psm=motor.rank.data,b43d8fd85dc71cf8b20b88d3,2,2,,01b2ed45d7d9a98c21ad1e5a,dongchedi_ranking,2026-07-08T22:04:53+08:00
25981,73,吉利汽车,帝豪甲醇,https://p3-dcd.byteimg.com/tos-cn-i-dcdx/e72f7b92f151447e926f0c9f96ad462a~tplv-f042mdwyw7-original:tplv-resize:640:0.image?psm=motor.pc_sh.api,1b12fbc13f6e15a2eb2b9614,1,0,,0981e4baf7ea8e25dd51a4f3,dongchedi_usedcar_series,2026-07-08T22:04:53+08:00
25982,475,阿维塔,阿维塔 06T,https://p3-dcd.byteimg.com/tos-cn-i-dcdx/8146fc6921cc40f58c894f1525b0f8e3~tplv-f042mdwyw7-original:tplv-resize:640:0.image?psm=motor.pc_sh.api,472d382bf75c8e0249a2a049,1,0,,4a8da4fab2007e98d60b0ffc,dongchedi_usedcar_series,2026-07-08T22:04:53+08:00
25987,238,欧拉,欧拉5燃油版,https://p9-dcd.byteimg.com/tos-cn-i-dcdx/241976ce48934f06aafa8702aa429ff3~tplv-resize:640:0.png?psm=motor.rank.data,741a6c41f2ec9e2fe11d00db,2,2,,be11d4429eda6bb9ecb895f9,dongchedi_ranking,2026-07-08T22:04:53+08:00
25989,858,吉利银河,银河A7 EV,https://p9-dcd.byteimg.com/tos-cn-i-dcdx/06a481c1d67c4486af4516e4aaac2814~tplv-resize:640:0.png?psm=motor.rank.data,ae9029e1c701746e99f8894c,2,2,,d3132419d8b77c43620949b1,dongchedi_ranking,2026-07-08T22:04:53+08:00
25991,3,奔驰,奔驰GLE,https://p3-dcd.byteimg.com/tos-cn-i-dcdx/530b3784b97948a9b2afa56b80862710~tplv-f042mdwyw7-original:tplv-resize:640:0.image?psm=motor.pc_sh.api,882bc0581ee65cf51e4af6ae,1,0,,4ee1ec51580ca821ad4f35ff,dongchedi_usedcar_series,2026-07-08T22:04:53+08:00
25994,861,方程豹,钛7 EV,https://p9-dcd.byteimg.com/tos-cn-i-dcdx/23d71782bceb420abb9e385b829ae904~tplv-resize:640:0.png?psm=motor.rank.data,c368dd364eaa9454d55b9812,2,2,,dbbe6e6e435ffc20a79f1439,dongchedi_ranking,2026-07-08T22:04:53+08:00
26000,513,焜驰,焜驰麒麟,https://p3-dcd.byteimg.com/tos-cn-i-dcdx/3cb9a931ba7f49af83b897e8071311f2~tplv-f042mdwyw7-original:tplv-resize:640:0.image?psm=motor.pc_sh.api,579acb89be4a38613d7a9cc3,1,0,,4a44fb531227c42400239d31,dongchedi_usedcar_series,2026-07-08T22:04:53+08:00
26005,10419,尚界,尚界Z7T,https://p9-dcd.byteimg.com/tos-cn-i-dcdx/723774861e284c77abee89a2a22e76ab~tplv-resize:640:0.png?psm=motor.rank.data,314e23d89bc6439ac1331abe,3,2,,ec05e6b4c172fd84506e8b60,dongchedi_ranking|dongchedi_usedcar_series,2026-07-08T22:04:53+08:00
26013,34,名爵,MG 4X,https://p9-dcd.byteimg.com/tos-cn-i-dcdx/f3c039e2a9414e8e879dec8882c7b725~tplv-resize:640:0.png?psm=motor.rank.data,5370c0e03a15ef993acce399,2,2,,2e695ea8c79d037be9a41d66,dongchedi_ranking,2026-07-08T22:04:53+08:00
26027,16,比亚迪,宋Ultra DM,https://p9-dcd.byteimg.com/tos-cn-i-dcdx/46843efe95b54ba89d901fdb9061e57c~tplv-resize:640:0.png?psm=motor.rank.data,e48b473562b6d5b234fdd79e,2,2,,813074943315d6178dcc1287,dongchedi_ranking,2026-07-08T22:04:53+08:00
26030,174,领克,领克10,https://p9-dcd.byteimg.com/tos-cn-i-dcdx/664a94848f074a19b943023dbd3dc2fb~tplv-resize:640:0.png?psm=motor.rank.data,31a77b217d43c5ccc07f5e72,2,2,,4abbc249227c1e5839e5b3b9,dongchedi_ranking,2026-07-08T22:04:53+08:00
26039,39,五菱汽车,缤果Pro,https://p9-dcd.byteimg.com/tos-cn-i-dcdx/ddc4096681174714a43cc46864430480~tplv-resize:640:0.png?psm=motor.rank.data,0358467771052a37f4751777,2,2,,5af4a6cee986ea16075e07cc,dongchedi_ranking,2026-07-08T22:04:53+08:00
26058,41,劳斯莱斯,Nightingale,https://p9-dcd.byteimg.com/tos-cn-i-dcdx/141cb5c7005e4f1cb8a4ce5a35dee30d~tplv-f042mdwyw7-original:tplv-resize:640:0.image?psm=motor.pc_sh.api,1a28dcc1a959037c1f60c457,1,0,,b57da0dcaeafad75c2693be2,dongchedi_usedcar_series,2026-07-08T22:04:53+08:00
26139,91,东风,福瑞通V8E,https://p3-dcd.byteimg.com/tos-cn-i-dcdx/c6e0246c47264da6a8d5dd5da4df6dc8~tplv-f042mdwyw7-original:tplv-resize:640:0.image?psm=motor.pc_sh.api,fe99dceb27735db8a25fed52,1,0,,7046a8714b711571c05b5500,dongchedi_usedcar_series,2026-07-08T22:04:53+08:00
26144,80,阿斯顿·马丁,Vanquish,https://p3-dcd.byteimg.com/tos-cn-i-dcdx/169738722a84426aa5eaa213d7d27d3e~tplv-f042mdwyw7-original:tplv-resize:640:0.image?psm=motor.pc_sh.api,3d7dbaa2165f71e9a6d239cc,1,0,,2e7a9f98b43a2a315a0e2a4b,dongchedi_usedcar_series,2026-07-08T22:04:53+08:00
