photo_job_id,series_id,brand_id,brand_name,series_name,cover_image_url,image_source_count,ranking_row_count,rank_types,best_rank,online_car_id_count,offline_car_id_count,all_car_id_count,source_names,updated_at
562f251162b01aba11019a82,3,114,ALPINA,ALPINA B4,https://p3-dcd.byteimg.com/tos-cn-i-dcdx/22b9b513bfdf418ebed4863fec3e7079~tplv-f042mdwyw7-original:tplv-resize:640:0.image?psm=motor.pc_sh.api,1,0,,,0,0,0,dongchedi_usedcar_series,2026-07-08T21:14:45+08:00
71b9515013e4888be157ec11,5,55,DS,DS 4S,https://p9-dcd.byteimg.com/motor-mis-img/b30da77db160cbbbe949275f52fdccb3~tplv-f042mdwyw7-original:tplv-resize:640:0.image?psm=motor.pc_sh.api,1,0,,,0,0,0,dongchedi_usedcar_series,2026-07-08T21:14:45+08:00
2b1c31dc911feff1076e80e0,6,55,DS,DS 5,https://p9-dcd.byteimg.com/motor-mis-img/7001b6ad12d179bcb4f60c62ce50e377~tplv-f042mdwyw7-original:tplv-resize:640:0.image?psm=motor.pc_sh.api,1,0,,,0,0,0,dongchedi_usedcar_series,2026-07-08T21:14:45+08:00
762fb27ce822574915a281ee,7,55,DS,DS 6,https://p9-dcd.byteimg.com/motor-mis-img/3c18db6aa8a71c0c323197956ca8b81e~tplv-f042mdwyw7-original:tplv-resize:640:0.image?psm=motor.pc_sh.api,1,0,,,0,0,0,dongchedi_usedcar_series,2026-07-08T21:14:45+08:00
143a3614e331dab6998ae3a1,9,96,GMC,YUKON育空,https://p3-dcd.byteimg.com/tos-cn-i-dcdx/079029e0dd8d4ec9b315d887ced4944f~tplv-f042mdwyw7-original:tplv-resize:640:0.image?psm=motor.pc_sh.api,1,0,,,0,0,0,dongchedi_usedcar_series,2026-07-08T21:14:45+08:00
e71e38af71445541fde0c812,10,96,GMC,SAVANA,https://p3-dcd.byteimg.com/motor-mis-img/f6fee64aaad919d623e6ba7d84fa9375~tplv-f042mdwyw7-original:tplv-resize:640:0.image?psm=motor.pc_sh.api,1,0,,,0,0,0,dongchedi_usedcar_series,2026-07-08T21:14:45+08:00
030148ceb5f598914e9ef5c0,12,14,Jeep,自由客,https://p3-dcd.byteimg.com/motor-mis-img/7ddd3875507e0d0422cf7aa4f15a2579~tplv-f042mdwyw7-original:tplv-resize:640:0.image?psm=motor.pc_sh.api,1,0,,,0,0,0,dongchedi_usedcar_series,2026-07-08T21:14:45+08:00
48686eddc6f940dae54342dc,13,14,Jeep,指南者(进口),https://p3-dcd.byteimg.com/tos-cn-i-dcdx/5193721fe59b4bf582af6d5c235a319f~tplv-f042mdwyw7-original:tplv-resize:640:0.image?psm=motor.pc_sh.api,1,0,,,0,0,0,dongchedi_usedcar_series,2026-07-08T21:14:45+08:00
259aa7689dc565dc4cc9284a,14,14,Jeep,牧马人,https://p3-dcd.byteimg.com/tos-cn-i-dcdx/1328d788cd794a69a5ba4b84501886f8~tplv-f042mdwyw7-original:tplv-resize:640:0.image?psm=motor.pc_sh.api,1,0,,,0,0,0,dongchedi_usedcar_series,2026-07-08T21:14:45+08:00
3c43290701835708a8168f5d,15,14,Jeep,自由光(进口),https://p3-dcd.byteimg.com/tos-cn-i-dcdx/c684d647fb50485d89d8455955ed3bbd~tplv-f042mdwyw7-original:tplv-resize:640:0.image?psm=motor.pc_sh.api,1,0,,,0,0,0,dongchedi_usedcar_series,2026-07-08T21:14:45+08:00
bdb09d5cf6b66148ac0f7ee9,16,14,Jeep,自由人,https://p3-dcd.byteimg.com/motor-mis-img/3e79f64c717b5c4b3cf5777b518655df~tplv-f042mdwyw7-original:tplv-resize:640:0.image?psm=motor.pc_sh.api,1,0,,,0,0,0,dongchedi_usedcar_series,2026-07-08T21:14:45+08:00
dedbc57b1568a9269e301334,17,14,Jeep,指挥官经典,https://p3-dcd.byteimg.com/motor-mis-img/7846783a2e8c08ffc9bdbd1a0022d945~tplv-f042mdwyw7-original:tplv-resize:640:0.image?psm=motor.pc_sh.api,1,0,,,0,0,0,dongchedi_usedcar_series,2026-07-08T21:14:45+08:00
8029c333ad6c5a2f41ed33e1,18,14,Jeep,大切诺基(进口),https://p3-dcd.byteimg.com/motor-mis-img/4691c83abe737372fec32b745ab69577~tplv-f042mdwyw7-original:tplv-resize:640:0.image?psm=motor.pc_sh.api,1,0,,,0,0,0,dongchedi_usedcar_series,2026-07-08T21:14:45+08:00
900c0296362c034b78b589fd,19,14,Jeep,大切诺基 SRT,https://p3-dcd.byteimg.com/motor-mis-img/c318e8b43d59e5f69a92befbdc83588c~tplv-f042mdwyw7-original:tplv-resize:640:0.image?psm=motor.pc_sh.api,1,0,,,0,0,0,dongchedi_usedcar_series,2026-07-08T21:14:45+08:00
86e432262a97ad6ca0f87adb,22,14,Jeep,自由侠,https://p3-dcd.byteimg.com/motor-mis-img/edb1049ba6ba400a430ad910b1d583cb~tplv-f042mdwyw7-original:tplv-resize:640:0.image?psm=motor.pc_sh.api,1,0,,,0,0,0,dongchedi_usedcar_series,2026-07-08T21:14:45+08:00
67fc63e834fd1fb6c1d0ce95,23,14,Jeep,指南者,https://p3-dcd.byteimg.com/motor-mis-img/17d1f4801d5ca5b04099ae981f1ae418~tplv-f042mdwyw7-original:tplv-resize:640:0.image?psm=motor.pc_sh.api,1,0,,,0,0,0,dongchedi_usedcar_series,2026-07-08T21:14:45+08:00
4df1bf9ab650a7c429c1c829,24,14,Jeep,自由光,https://p3-dcd.byteimg.com/motor-mis-img/509680d2a422aec3fdd918edee9fc8d4~tplv-f042mdwyw7-original:tplv-resize:640:0.image?psm=motor.pc_sh.api,1,0,,,0,0,0,dongchedi_usedcar_series,2026-07-08T21:14:45+08:00
fe71c1f435bac32e54b64cdd,25,141,KTM,X-BOW GT,https://p9-dcd.byteimg.com/motor-mis-img/4d770c336116efcb44e28a942be28d91~tplv-f042mdwyw7-original:tplv-resize:640:0.image?psm=motor.pc_sh.api,1,0,,,0,0,0,dongchedi_usedcar_series,2026-07-08T21:14:45+08:00
f8672cbda00607d6ba018eed,28,145,Lorinser,Metris MS500,https://p9-dcd.byteimg.com/motor-mis-img/5a0c91486b30f97361294d6010be98e0~tplv-f042mdwyw7-original:tplv-resize:640:0.image?psm=motor.pc_sh.api,1,0,,,0,0,0,dongchedi_usedcar_series,2026-07-08T21:14:45+08:00
b8cba9b47873c1840e3f1e07,29,34,名爵,名爵3SW,https://p3-dcd.byteimg.com/motor-mis-img/8adc119cee7a5965fe29cf13398868cc~tplv-f042mdwyw7-original:tplv-resize:640:0.image?psm=motor.pc_sh.api,1,0,,,0,0,0,dongchedi_usedcar_series,2026-07-08T21:14:45+08:00
7f8f33313785a99298d72de4,30,34,名爵,MG 3,https://p3-dcd.byteimg.com/tos-cn-i-dcdx/e8aa7c6e51c74076a3b81af72ab445f3~tplv-f042mdwyw7-original:tplv-resize:640:0.image?psm=motor.pc_sh.api,1,0,,,0,0,0,dongchedi_usedcar_series,2026-07-08T21:14:45+08:00
9197435ce8acb12aa904e149,31,34,名爵,MG5,https://p9-dcd.byteimg.com/tos-cn-i-dcdx/46ea3c4fd80c42e38df4c19cbc19f823~tplv-resize:640:0.png?psm=motor.rank.data,3,161,销量榜,28,9,40,49,dongchedi_ranking|dongchedi_usedcar_series,2026-07-08T21:14:45+08:00
0179d310049405a517989454,32,34,名爵,MG6,https://p9-dcd.byteimg.com/tos-cn-i-dcdx/e79a397f178a42b2a125fea383e0c777~tplv-resize:640:0.png?psm=motor.rank.data,3,161,销量榜,89,2,98,100,dongchedi_ranking|dongchedi_usedcar_series,2026-07-08T21:14:45+08:00
2f9619515295bbf6feb51d46,33,34,名爵,锐行,https://p3-dcd.byteimg.com/motor-mis-img/0b8c86064e63c6f62408361200aa1149~tplv-f042mdwyw7-original:tplv-resize:640:0.image?psm=motor.pc_sh.api,1,0,,,0,0,0,dongchedi_usedcar_series,2026-07-08T21:14:45+08:00
ed0ba6e80e2380e79dae1c03,34,34,名爵,MG ZS,https://p3-dcd.byteimg.com/motor-mis-img/65ffd10557f995aeb3d5743592e170aa~tplv-f042mdwyw7-original:tplv-resize:640:0.image?psm=motor.pc_sh.api,1,0,,,0,0,0,dongchedi_usedcar_series,2026-07-08T21:14:45+08:00
4bf1c87307efc0d9193c3162,35,34,名爵,锐腾,https://p3-dcd.byteimg.com/motor-mis-img/bb2d47eb3c085e6b68ec45cb47fb4b25~tplv-f042mdwyw7-original:tplv-resize:640:0.image?psm=motor.pc_sh.api,1,0,,,0,0,0,dongchedi_usedcar_series,2026-07-08T21:14:45+08:00
c26ddeb5dcb1515370bd5756,37,34,名爵,MG7,https://p9-dcd.byteimg.com/tos-cn-i-dcdx/ff5cb551200642ea9f911622b85038b5~tplv-resize:640:0.png?psm=motor.rank.data,3,218,销量榜,53,10,62,72,dongchedi_ranking|dongchedi_usedcar_series,2026-07-08T21:14:45+08:00
1330942fa18dd330b6922b58,38,65,MINI,MINI,https://p3-dcd.byteimg.com/tos-cn-i-dcdx/be9a8c71004642c693f916e35eabb24a~tplv-f042mdwyw7-original:tplv-resize:640:0.image?psm=motor.pc_sh.api,1,0,,,0,0,0,dongchedi_usedcar_series,2026-07-08T21:14:45+08:00
5da37834822c4eced6409071,39,65,MINI,MINI CLUBMAN,https://p3-dcd.byteimg.com/tos-cn-i-dcdx/e8f1a5d5be3945528c37ca27a38ee7ce~tplv-f042mdwyw7-original:tplv-resize:640:0.image?psm=motor.pc_sh.api,1,0,,,0,0,0,dongchedi_usedcar_series,2026-07-08T21:14:45+08:00
8874b88de68136ba1083fbed,40,65,MINI,MINI ROADSTER,https://p3-dcd.byteimg.com/motor-mis-img/daec8ab8ad900d26f7c3b9b4f329e241~tplv-f042mdwyw7-original:tplv-resize:640:0.image?psm=motor.pc_sh.api,1,0,,,0,0,0,dongchedi_usedcar_series,2026-07-08T21:14:45+08:00
5879e924dd787261743fd8ef,41,65,MINI,MINI PACEMAN,https://p3-dcd.byteimg.com/motor-mis-img/9aea79907876c03c1476e63d5b9b9d4c~tplv-f042mdwyw7-original:tplv-resize:640:0.image?psm=motor.pc_sh.api,1,0,,,0,0,0,dongchedi_usedcar_series,2026-07-08T21:14:45+08:00
f0b17a0e5729425118fed8ce,42,65,MINI,MINI COUNTRYMAN,https://p3-dcd.byteimg.com/tos-cn-i-dcdx/624173e8a071478aa955d427b36b7153~tplv-f042mdwyw7-original:tplv-resize:640:0.image?psm=motor.pc_sh.api,1,0,,,0,0,0,dongchedi_usedcar_series,2026-07-08T21:14:45+08:00
3b3ce506aecf25299eaa9d3f,43,65,MINI,MINI COUPE,https://p3-dcd.byteimg.com/motor-mis-img/9ffa0415f6bc12073ed1c784090a84a7~tplv-f042mdwyw7-original:tplv-resize:640:0.image?psm=motor.pc_sh.api,1,0,,,0,0,0,dongchedi_usedcar_series,2026-07-08T21:14:45+08:00
465c9d1e444fbca7258d6fb8,44,65,MINI,MINI JCW,https://p3-dcd.byteimg.com/tos-cn-i-dcdx/548c2e141e854b09bb385093579add78~tplv-f042mdwyw7-original:tplv-resize:640:0.image?psm=motor.pc_sh.api,1,0,,,0,0,0,dongchedi_usedcar_series,2026-07-08T21:14:45+08:00
f9f18d4f0ec2c09301090197,45,65,MINI,MINI JCW CLUBMAN,https://p3-dcd.byteimg.com/motor-mis-img/fc2fd19c2e564299aa7e330841ee927f~tplv-f042mdwyw7-original:tplv-resize:640:0.image?psm=motor.pc_sh.api,1,0,,,0,0,0,dongchedi_usedcar_series,2026-07-08T21:14:45+08:00
6708606785522aa9cd9afca2,46,65,MINI,MINI JCW PACEMAN,https://p3-dcd.byteimg.com/motor-mis-img/43a4b09b35566ce596e1fda490a3ea63~tplv-f042mdwyw7-original:tplv-resize:640:0.image?psm=motor.pc_sh.api,1,0,,,0,0,0,dongchedi_usedcar_series,2026-07-08T21:14:45+08:00
588cc16584aef3fe9913faec,47,65,MINI,MINI JCW COUNTRYMAN,https://p3-dcd.byteimg.com/tos-cn-i-dcdx/083a9b6243974c8a85351cfac83c137b~tplv-f042mdwyw7-original:tplv-resize:640:0.image?psm=motor.pc_sh.api,1,0,,,0,0,0,dongchedi_usedcar_series,2026-07-08T21:14:45+08:00
8a18eeb283cbfe7132753f59,49,48,smart,smart fortwo,https://p3-dcd.byteimg.com/motor-mis-img/e10005719438035bd5e00343ee9dd235~tplv-f042mdwyw7-original:tplv-resize:640:0.image?psm=motor.pc_sh.api,1,0,,,0,0,0,dongchedi_usedcar_series,2026-07-08T21:14:45+08:00
7f97b4901ed0af93fd56b150,50,48,smart,smart forfour,https://p3-dcd.byteimg.com/motor-mis-img/b8b9532d7b1959fbccf4ff01c0718e35~tplv-f042mdwyw7-original:tplv-resize:640:0.image?psm=motor.pc_sh.api,1,0,,,0,0,0,dongchedi_usedcar_series,2026-07-08T21:14:45+08:00
3a001f28f0de89d83ba0b9f4,53,157,SWM斯威汽车,斯威X7,https://p3-dcd.byteimg.com/motor-mis-img/11fbe3c6e9192008adca4108d69b5413~tplv-f042mdwyw7-original:tplv-resize:640:0.image?psm=motor.pc_sh.api,1,0,,,0,0,0,dongchedi_usedcar_series,2026-07-08T21:14:45+08:00
55e041a6428dc33172166c1f,54,157,SWM斯威汽车,斯威X3,https://p3-dcd.byteimg.com/motor-mis-img/e378ebdc44c1db74a9ce8171e550701c~tplv-f042mdwyw7-original:tplv-resize:640:0.image?psm=motor.pc_sh.api,1,0,,,0,0,0,dongchedi_usedcar_series,2026-07-08T21:14:45+08:00
5e53832e38df6abf82845d51,55,66,魏牌,魏牌 VV7,https://p3-dcd.byteimg.com/motor-mis-img/d1c98089f0e0d6d8ce954fa23d777827~tplv-f042mdwyw7-original:tplv-resize:640:0.image?psm=motor.pc_sh.api,1,0,,,0,0,0,dongchedi_usedcar_series,2026-07-08T21:14:45+08:00
e6b69b0ba0de4b442be4a643,56,51,阿尔法·罗密欧,Giulia朱丽叶,https://p9-dcd.byteimg.com/tos-cn-i-dcdx/5b74e63d459b465d99ff270e845f3572~tplv-f042mdwyw7-original:tplv-resize:640:0.image?psm=motor.pc_sh.api,1,0,,,0,0,0,dongchedi_usedcar_series,2026-07-08T21:14:45+08:00
1ce0d7d8dd569b1591a85f90,59,51,阿尔法·罗密欧,Stelvio斯坦维,https://p9-dcd.byteimg.com/tos-cn-i-dcdx/656d074f1a3d4def95cc821be3a67c65~tplv-f042mdwyw7-original:tplv-resize:640:0.image?psm=motor.pc_sh.api,1,0,,,0,0,0,dongchedi_usedcar_series,2026-07-08T21:14:45+08:00
44b6643a76a199c4038103ff,61,80,阿斯顿·马丁,Rapide,https://p3-dcd.byteimg.com/motor-mis-img/b0af33cb2202c9fa6edcbb61333f9518~tplv-f042mdwyw7-original:tplv-resize:640:0.image?psm=motor.pc_sh.api,1,0,,,0,0,0,dongchedi_usedcar_series,2026-07-08T21:14:45+08:00
28142060b5399b96feab442c,62,80,阿斯顿·马丁,阿斯顿·马丁DB9,https://p3-dcd.byteimg.com/motor-mis-img/725dd4b0a081c997534a0ec684c7e7ef~tplv-f042mdwyw7-original:tplv-resize:640:0.image?psm=motor.pc_sh.api,1,0,,,0,0,0,dongchedi_usedcar_series,2026-07-08T21:14:45+08:00
00d8620a12cda19d93a21c72,63,80,阿斯顿·马丁,Vantage,https://p3-dcd.byteimg.com/tos-cn-i-dcdx/98fd82f5cef44c58b57c7a6f50a1da1c~tplv-f042mdwyw7-original:tplv-resize:640:0.image?psm=motor.pc_sh.api,1,0,,,0,0,0,dongchedi_usedcar_series,2026-07-08T21:14:45+08:00
f355606382c0f47c251bee5c,66,80,阿斯顿·马丁,阿斯顿·马丁DB11,https://p3-dcd.byteimg.com/motor-mis-img/ec308b9a29d44dd258a4247aef475d03~tplv-f042mdwyw7-original:tplv-resize:640:0.image?psm=motor.pc_sh.api,1,0,,,0,0,0,dongchedi_usedcar_series,2026-07-08T21:14:45+08:00
58343a40ff8e9158e20fb5d0,67,80,阿斯顿·马丁,阿斯顿·马丁DBS,https://p3-dcd.byteimg.com/motor-mis-img/be2282d67b21cb4ff0904f8d3bbd7ea8~tplv-f042mdwyw7-original:tplv-resize:640:0.image?psm=motor.pc_sh.api,1,0,,,0,0,0,dongchedi_usedcar_series,2026-07-08T21:14:45+08:00
73213d2bbfe2aedd9e73cf35,68,80,阿斯顿·马丁,Virage,https://p3-dcd.byteimg.com/motor-mis-img/b0c319d4b2b76e52aee369f7a97506ea~tplv-f042mdwyw7-original:tplv-resize:640:0.image?psm=motor.pc_sh.api,1,0,,,0,0,0,dongchedi_usedcar_series,2026-07-08T21:14:45+08:00
d9e2c78968508f8514722f1f,71,2,奥迪,奥迪A1,https://p3-dcd.byteimg.com/motor-mis-img/0ccc651105295e7bd145b8ee641758b0~tplv-f042mdwyw7-original:tplv-resize:640:0.image?psm=motor.pc_sh.api,1,0,,,0,0,0,dongchedi_usedcar_series,2026-07-08T21:14:45+08:00
b58ef75b56c69d0b6607e242,72,2,奥迪,奥迪A3(进口),https://p3-dcd.byteimg.com/motor-mis-img/ab00b1020bde3a1e28502fa19da84041~tplv-f042mdwyw7-original:tplv-resize:640:0.image?psm=motor.pc_sh.api,1,0,,,0,0,0,dongchedi_usedcar_series,2026-07-08T21:14:45+08:00
7439182440705c7cb0d2c4e0,74,2,奥迪,奥迪S3,https://p3-dcd.byteimg.com/motor-mis-img/92a17dbe6b48ad708d4d35ca5efbdd67~tplv-f042mdwyw7-original:tplv-resize:640:0.image?psm=motor.pc_sh.api,1,0,,,0,0,0,dongchedi_usedcar_series,2026-07-08T21:14:45+08:00
fae03833cb0b2bfe24dcc079,75,2,奥迪,奥迪A4(进口),https://p3-dcd.byteimg.com/motor-mis-img/e66ccb676787c6bc14bec268246acda1~tplv-f042mdwyw7-original:tplv-resize:640:0.image?psm=motor.pc_sh.api,1,0,,,0,0,0,dongchedi_usedcar_series,2026-07-08T21:14:45+08:00
cebd4a66ab5dabff5cbcdf11,76,2,奥迪,奥迪A5,https://p3-dcd.byteimg.com/tos-cn-i-dcdx/669d558925a6434caf0974671bbaba7c~tplv-f042mdwyw7-original:tplv-resize:640:0.image?psm=motor.pc_sh.api,1,0,,,0,0,0,dongchedi_usedcar_series,2026-07-08T21:14:45+08:00
cf9217a7a2ce985475daed59,77,2,奥迪,奥迪S5,https://p3-dcd.byteimg.com/motor-mis-img/52a275c7bb98aee3b0546e111087ea76~tplv-f042mdwyw7-original:tplv-resize:640:0.image?psm=motor.pc_sh.api,1,0,,,0,0,0,dongchedi_usedcar_series,2026-07-08T21:14:45+08:00
806c226c7bfb8885a1c59b9d,78,2,奥迪,奥迪A6(进口),https://p3-dcd.byteimg.com/tos-cn-i-dcdx/f6cd8d5cb6ff40ed874acafa445150fd~tplv-f042mdwyw7-original:tplv-resize:640:0.image?psm=motor.pc_sh.api,1,0,,,0,0,0,dongchedi_usedcar_series,2026-07-08T21:14:45+08:00
d6135fd7c4ed915cb7dfd673,79,2,奥迪,奥迪S6,https://p3-dcd.byteimg.com/tos-cn-i-dcdx/c9feb1cf5fa248b0b8820bc31e68bcb0~tplv-f042mdwyw7-original:tplv-resize:640:0.image?psm=motor.pc_sh.api,1,0,,,0,0,0,dongchedi_usedcar_series,2026-07-08T21:14:45+08:00
9dfd4a8bd75b8b780b41dc53,80,2,奥迪,奥迪A7,https://p3-dcd.byteimg.com/tos-cn-i-dcdx/13e6c17421584b58a6ad0f8dcb1532cd~tplv-f042mdwyw7-original:tplv-resize:640:0.image?psm=motor.pc_sh.api,1,0,,,0,0,0,dongchedi_usedcar_series,2026-07-08T21:14:45+08:00
c4b7f92061be6641ddd0466e,81,2,奥迪,奥迪S7,https://p3-dcd.byteimg.com/tos-cn-i-dcdx/7dda3410a1114de9be4f599eaf7dda3e~tplv-f042mdwyw7-original:tplv-resize:640:0.image?psm=motor.pc_sh.api,1,0,,,0,0,0,dongchedi_usedcar_series,2026-07-08T21:14:45+08:00
1ff2f4cf8745bc7c6a3e8af9,82,2,奥迪,奥迪A8,https://p3-dcd.byteimg.com/tos-cn-i-dcdx/0f7401416e644862979317d3b0754e98~tplv-f042mdwyw7-original:tplv-resize:640:0.image?psm=motor.pc_sh.api,1,0,,,0,0,0,dongchedi_usedcar_series,2026-07-08T21:14:45+08:00
d3d97004da616099573efe5b,83,2,奥迪,奥迪S8,https://p3-dcd.byteimg.com/tos-cn-i-dcdx/c168f3cae7d043a5bfb7c2ea3a3f43b5~tplv-f042mdwyw7-original:tplv-resize:640:0.image?psm=motor.pc_sh.api,1,0,,,0,0,0,dongchedi_usedcar_series,2026-07-08T21:14:45+08:00
62452724110a3b481172f061,84,2,奥迪,奥迪Q3(进口),https://p3-dcd.byteimg.com/tos-cn-i-dcdx/c8a4bae2bc4145b4a3e37eb24358d6e0~tplv-f042mdwyw7-original:tplv-resize:640:0.image?psm=motor.pc_sh.api,1,0,,,0,0,0,dongchedi_usedcar_series,2026-07-08T21:14:45+08:00
519b6617ba2fc2aca84e4421,85,2,奥迪,奥迪Q5(进口),https://p3-dcd.byteimg.com/tos-cn-i-dcdx/5e7bc46f8b444cc0a6484f2bd5aac78e~tplv-f042mdwyw7-original:tplv-resize:640:0.image?psm=motor.pc_sh.api,1,0,,,0,0,0,dongchedi_usedcar_series,2026-07-08T21:14:45+08:00
d7d6697d84e3b99498e68dfd,86,2,奥迪,奥迪SQ5,https://p3-dcd.byteimg.com/tos-cn-i-dcdx/637431b62ad9427eb00ff8d9ec3b84b1~tplv-f042mdwyw7-original:tplv-resize:640:0.image?psm=motor.pc_sh.api,1,0,,,0,0,0,dongchedi_usedcar_series,2026-07-08T21:14:45+08:00
fc9d24d4dd8cc7a1dda1c159,87,2,奥迪,奥迪Q7,https://p3-dcd.byteimg.com/tos-cn-i-dcdx/6c0cb174aa964c5a98b79fcde17fff3f~tplv-f042mdwyw7-original:tplv-resize:640:0.image?psm=motor.pc_sh.api,1,0,,,0,0,0,dongchedi_usedcar_series,2026-07-08T21:14:45+08:00
a2eec9e51154a1e55107068f,88,2,奥迪,奥迪Q7 PHEV,https://p3-dcd.byteimg.com/tos-cn-i-dcdx/c4faece4ad8d486ca83927d48c344efd~tplv-f042mdwyw7-original:tplv-resize:640:0.image?psm=motor.pc_sh.api,1,0,,,0,0,0,dongchedi_usedcar_series,2026-07-08T21:14:45+08:00
1941c9a807fed1e81d18b9a3,89,2,奥迪,奥迪TT,https://p3-dcd.byteimg.com/motor-mis-img/5ef5fbac545bb74aa2aa11f74c591f3c~tplv-f042mdwyw7-original:tplv-resize:640:0.image?psm=motor.pc_sh.api,1,0,,,0,0,0,dongchedi_usedcar_series,2026-07-08T21:14:45+08:00
7c5f64fd3fb3cface92c0fb9,90,2,奥迪,奥迪TTS,https://p3-dcd.byteimg.com/motor-mis-img/258d161a907b90a1c999fba69f299400~tplv-f042mdwyw7-original:tplv-resize:640:0.image?psm=motor.pc_sh.api,1,0,,,0,0,0,dongchedi_usedcar_series,2026-07-08T21:14:45+08:00
c2122e548e089cb3794a72e3,91,2,奥迪,奥迪R8,https://p3-dcd.byteimg.com/motor-mis-img/c99d47c4d1db39f793546005c40b89aa~tplv-f042mdwyw7-original:tplv-resize:640:0.image?psm=motor.pc_sh.api,1,0,,,0,0,0,dongchedi_usedcar_series,2026-07-08T21:14:45+08:00
ae153393da6fe3a0916d0ae8,92,2,奥迪,奥迪RS 5,https://p3-dcd.byteimg.com/motor-mis-img/f55e5f9b9166ab11059dfeb32b64f384~tplv-f042mdwyw7-original:tplv-resize:640:0.image?psm=motor.pc_sh.api,1,0,,,0,0,0,dongchedi_usedcar_series,2026-07-08T21:14:45+08:00
d5b91955c5e06d0530eaca3e,93,2,奥迪,奥迪RS 6,https://p3-dcd.byteimg.com/motor-mis-img/9dcdfe872787c072397de116a7fec4f3~tplv-f042mdwyw7-original:tplv-resize:640:0.image?psm=motor.pc_sh.api,1,0,,,0,0,0,dongchedi_usedcar_series,2026-07-08T21:14:45+08:00
f717a711f050cb1f7f37502b,94,2,奥迪,奥迪RS 7,https://p3-dcd.byteimg.com/tos-cn-i-dcdx/083fa33b288b429ca7f1996d4f751ef0~tplv-f042mdwyw7-original:tplv-resize:640:0.image?psm=motor.pc_sh.api,1,0,,,0,0,0,dongchedi_usedcar_series,2026-07-08T21:14:45+08:00
888d2b940f7579379fc0a766,95,2,奥迪,奥迪A3,https://p9-dcd.byteimg.com/tos-cn-i-dcdx/2440a980eef1436cb95453dd91fbddb3~tplv-resize:640:0.png?psm=motor.rank.data,3,257,销量榜,1,6,179,185,dongchedi_ranking|dongchedi_usedcar_series,2026-07-08T21:14:45+08:00
d867187e86f608c9dcd98fc5,96,2,奥迪,奥迪A4L,https://p9-dcd.byteimg.com/tos-cn-i-dcdx/da440185e7f349d6b0d58938facb129d~tplv-resize:640:0.png?psm=motor.rank.data,3,257,销量榜,4,7,121,128,dongchedi_ranking|dongchedi_usedcar_series,2026-07-08T21:14:45+08:00
7d52a6a8862edd884e55e072,97,2,奥迪,奥迪A4,https://p3-dcd.byteimg.com/motor-mis-img/c82e92b460b1553c7e53e9ec082053b4~tplv-f042mdwyw7-original:tplv-resize:640:0.image?psm=motor.pc_sh.api,1,0,,,0,0,0,dongchedi_usedcar_series,2026-07-08T21:14:45+08:00
bb6567e276ec74ae98eb5477,98,2,奥迪,奥迪A6,https://p3-dcd.byteimg.com/motor-mis-img/1f219d5f324f310dc292ab88435e3f95~tplv-f042mdwyw7-original:tplv-resize:640:0.image?psm=motor.pc_sh.api,1,0,,,0,0,0,dongchedi_usedcar_series,2026-07-08T21:14:45+08:00
48b0559ce2b945cd16081bf2,99,2,奥迪,奥迪A6L,https://p9-dcd.byteimg.com/tos-cn-i-dcdx/91eaac8446114757841144c12ddb8d37~tplv-resize:640:0.png?psm=motor.rank.data,3,257,销量榜,1,9,201,210,dongchedi_ranking|dongchedi_usedcar_series,2026-07-08T21:14:45+08:00
572c3918b73bec5e82bff5e4,100,2,奥迪,奥迪Q3,https://p9-dcd.byteimg.com/tos-cn-i-dcdx/ce1c130bbffa4d3cb70f1258dfd11bd6~tplv-resize:640:0.png?psm=motor.rank.data,3,199,销量榜,2,12,110,122,dongchedi_ranking|dongchedi_usedcar_series,2026-07-08T21:14:45+08:00
dcdb894ad36a7ca10e41a175,101,2,奥迪,奥迪Q5,https://p3-dcd.byteimg.com/motor-mis-img/8e23406722ae154dd8d022feb0dba761~tplv-f042mdwyw7-original:tplv-resize:640:0.image?psm=motor.pc_sh.api,1,0,,,0,0,0,dongchedi_usedcar_series,2026-07-08T21:14:45+08:00
36237f3cde1f84043056ab09,105,118,博速,博速 S级,https://p3-dcd.byteimg.com/tos-cn-i-dcdx/17d85d8d34c34571814c7692210a595b~tplv-f042mdwyw7-original:tplv-resize:640:0.image?psm=motor.pc_sh.api,1,0,,,0,0,0,dongchedi_usedcar_series,2026-07-08T21:14:45+08:00
83291edf03d2487df5ec8ce1,108,366,宝骏,宝骏310,https://p9-dcd.byteimg.com/motor-mis-img/e84e6195d7068bde6a35decf64703821~tplv-f042mdwyw7-original:tplv-resize:640:0.image?psm=motor.pc_sh.api,1,0,,,0,0,0,dongchedi_usedcar_series,2026-07-08T21:14:45+08:00
04cac3834e81c0a889698684,110,366,宝骏,宝骏510,https://p9-dcd.byteimg.com/motor-mis-img/43d490ad2d629d69d6752e03cbe810ab~tplv-f042mdwyw7-original:tplv-resize:640:0.image?psm=motor.pc_sh.api,1,0,,,0,0,0,dongchedi_usedcar_series,2026-07-08T21:14:45+08:00
407150ad149aced9c38743d6,111,366,宝骏,宝骏560,https://p9-dcd.byteimg.com/motor-mis-img/fa42a136409abde95d845b1ded22b751~tplv-f042mdwyw7-original:tplv-resize:640:0.image?psm=motor.pc_sh.api,1,0,,,0,0,0,dongchedi_usedcar_series,2026-07-08T21:14:45+08:00
bdf4bdaf293a3e14e07d3691,112,366,宝骏,宝骏630,https://p9-dcd.byteimg.com/motor-mis-img/ec728d7faa36dc90a59f6fe4789e11a4~tplv-f042mdwyw7-original:tplv-resize:640:0.image?psm=motor.pc_sh.api,1,0,,,0,0,0,dongchedi_usedcar_series,2026-07-08T21:14:45+08:00
7a9c7e58ec3878d0ab97a530,113,366,宝骏,宝骏610,https://p9-dcd.byteimg.com/motor-mis-img/a7a3f5fbe9619d353f2c8b2fb92b4b36~tplv-f042mdwyw7-original:tplv-resize:640:0.image?psm=motor.pc_sh.api,1,0,,,0,0,0,dongchedi_usedcar_series,2026-07-08T21:14:45+08:00
11a93d208ba43311b8ff2509,114,366,宝骏,宝骏730,https://p9-dcd.byteimg.com/motor-mis-img/ebed42275d05eee4d94bc276a8bf5ec0~tplv-f042mdwyw7-original:tplv-resize:640:0.image?psm=motor.pc_sh.api,1,0,,,0,0,0,dongchedi_usedcar_series,2026-07-08T21:14:45+08:00
7f813f73630ba36c24b8b0c1,115,4,宝马,宝马1系(进口),https://p3-dcd.byteimg.com/tos-cn-i-dcdx/89f6a1565e9549f3a5bcf1452c7eb5aa~tplv-f042mdwyw7-original:tplv-resize:640:0.image?psm=motor.pc_sh.api,1,0,,,0,0,0,dongchedi_usedcar_series,2026-07-08T21:14:45+08:00
3db93f46bd152d2f5b8194d0,116,4,宝马,宝马3系(进口),https://p3-dcd.byteimg.com/tos-cn-i-dcdx/bdb3228608aa49f187e84294c66da006~tplv-f042mdwyw7-original:tplv-resize:640:0.image?psm=motor.pc_sh.api,1,0,,,0,0,0,dongchedi_usedcar_series,2026-07-08T21:14:45+08:00
ab837b6a557cfca8ee1aa0b8,117,4,宝马,宝马3系GT,https://p3-dcd.byteimg.com/motor-mis-img/d5bd59d3007b6d8d8c244f88c76ee181~tplv-f042mdwyw7-original:tplv-resize:640:0.image?psm=motor.pc_sh.api,1,0,,,0,0,0,dongchedi_usedcar_series,2026-07-08T21:14:45+08:00
fecb704f3bbd0430a5e24e7c,118,4,宝马,宝马4系,https://p3-dcd.byteimg.com/tos-cn-i-dcdx/f44b76c7263b4d70a1356771e6f51c54~tplv-f042mdwyw7-original:tplv-resize:640:0.image?psm=motor.pc_sh.api,1,0,,,0,0,0,dongchedi_usedcar_series,2026-07-08T21:14:45+08:00
57fc821ec7ff8cb01962584f,119,4,宝马,宝马5系GT,https://p3-dcd.byteimg.com/motor-mis-img/69c957a3c9c10751662c653c3faca5c1~tplv-f042mdwyw7-original:tplv-resize:640:0.image?psm=motor.pc_sh.api,1,0,,,0,0,0,dongchedi_usedcar_series,2026-07-08T21:14:45+08:00
0eb296aa2656b6d17804e950,120,4,宝马,宝马5系(进口),https://p3-dcd.byteimg.com/tos-cn-i-dcdx/d104652b12aa4ad794ca4e50c9c6d15d~tplv-f042mdwyw7-original:tplv-resize:640:0.image?psm=motor.pc_sh.api,1,0,,,0,0,0,dongchedi_usedcar_series,2026-07-08T21:14:45+08:00
982705876cfd5ec0618a1622,121,4,宝马,宝马6系,https://p3-dcd.byteimg.com/motor-mis-img/020ac328a1b66c7d5bb83a82d104ed6c~tplv-f042mdwyw7-original:tplv-resize:640:0.image?psm=motor.pc_sh.api,1,0,,,0,0,0,dongchedi_usedcar_series,2026-07-08T21:14:45+08:00
6c5b892aaf73256dc68939ec,122,4,宝马,宝马7系,https://p3-dcd.byteimg.com/tos-cn-i-dcdx/d8bd5abea2e3446d83e46c941389023e~tplv-f042mdwyw7-original:tplv-resize:640:0.image?psm=motor.pc_sh.api,1,0,,,0,0,0,dongchedi_usedcar_series,2026-07-08T21:14:45+08:00
612605f2983cebae58f40b09,123,4,宝马,宝马7系PHEV,https://p3-dcd.byteimg.com/tos-cn-i-dcdx/48f28881d5f942d38af65d7b2222f0e8~tplv-f042mdwyw7-original:tplv-resize:640:0.image?psm=motor.pc_sh.api,1,0,,,0,0,0,dongchedi_usedcar_series,2026-07-08T21:14:45+08:00
8b5f8ae5938357b715d8315f,124,4,宝马,宝马X1(进口),https://p3-dcd.byteimg.com/tos-cn-i-dcdx/a4ee5e484f444391ad03c895318f4cf2~tplv-f042mdwyw7-original:tplv-resize:640:0.image?psm=motor.pc_sh.api,1,0,,,0,0,0,dongchedi_usedcar_series,2026-07-08T21:14:45+08:00
60ea5244cb5d66fd0de44868,125,4,宝马,宝马X4,https://p3-dcd.byteimg.com/tos-cn-i-dcdx/a054d47284784854b59bd34206072895~tplv-f042mdwyw7-original:tplv-resize:640:0.image?psm=motor.pc_sh.api,1,0,,,0,0,0,dongchedi_usedcar_series,2026-07-08T21:14:45+08:00
76366ea621a250444ab4635a,126,4,宝马,宝马X3(进口),https://p3-dcd.byteimg.com/tos-cn-i-dcdx/f0ae91a16a074ab8b9acc362a3bef3c5~tplv-f042mdwyw7-original:tplv-resize:640:0.image?psm=motor.pc_sh.api,1,0,,,0,0,0,dongchedi_usedcar_series,2026-07-08T21:14:45+08:00
a9c608b37803509dd2547a92,127,4,宝马,宝马X6,https://p3-dcd.byteimg.com/tos-cn-i-dcdx/46f4afe2a8bf4a0287517ccda2cf11da~tplv-f042mdwyw7-original:tplv-resize:640:0.image?psm=motor.pc_sh.api,1,0,,,0,0,0,dongchedi_usedcar_series,2026-07-08T21:14:45+08:00
0e5c8eba7f1acb5c3c113566,128,4,宝马,宝马X5(进口),https://p3-dcd.byteimg.com/tos-cn-i-dcdx/59e982e4cc464e8fbdc21f8468a54dd1~tplv-f042mdwyw7-original:tplv-resize:640:0.image?psm=motor.pc_sh.api,1,0,,,0,0,0,dongchedi_usedcar_series,2026-07-08T21:14:45+08:00
4feeea66c3de230539b4b447,129,4,宝马,宝马X5 PHEV,https://p3-dcd.byteimg.com/tos-cn-i-dcdx/bb7a036a5aad4c37a66e1cbfb6122a20~tplv-f042mdwyw7-original:tplv-resize:640:0.image?psm=motor.pc_sh.api,1,0,,,0,0,0,dongchedi_usedcar_series,2026-07-08T21:14:45+08:00
4df77c6c2c36238e181a6ba1,130,4,宝马,宝马2系多功能旅行车,https://p3-dcd.byteimg.com/motor-mis-img/e5586fce2929f4e17621b763ab2ea72f~tplv-f042mdwyw7-original:tplv-resize:640:0.image?psm=motor.pc_sh.api,1,0,,,0,0,0,dongchedi_usedcar_series,2026-07-08T21:14:45+08:00
9a66e735f3af37e199af6631,131,4,宝马,宝马2系(进口),https://p3-dcd.byteimg.com/tos-cn-i-dcdx/1ac181ab081b42e7ad8da89faaea643c~tplv-f042mdwyw7-original:tplv-resize:640:0.image?psm=motor.pc_sh.api,1,0,,,0,0,0,dongchedi_usedcar_series,2026-07-08T21:14:45+08:00
65d33320fd13a0f446d12581,132,4,宝马,宝马Z4,https://p3-dcd.byteimg.com/tos-cn-i-dcdx/ecb492f0de2648869e5d5a3678167de4~tplv-f042mdwyw7-original:tplv-resize:640:0.image?psm=motor.pc_sh.api,1,0,,,0,0,0,dongchedi_usedcar_series,2026-07-08T21:14:45+08:00
eeff838f4fc589c95bccc3b7,133,4,宝马,宝马i3(进口),https://p3-dcd.byteimg.com/motor-mis-img/89e0a76b7d0a54c38bbe6cf99eabda58~tplv-f042mdwyw7-original:tplv-resize:640:0.image?psm=motor.pc_sh.api,1,0,,,0,0,0,dongchedi_usedcar_series,2026-07-08T21:14:45+08:00
11cc127b33cca93d7e8501bd,134,4,宝马,宝马i8,https://p3-dcd.byteimg.com/motor-mis-img/02a4c1363a08ac552edab3d6213cdd96~tplv-f042mdwyw7-original:tplv-resize:640:0.image?psm=motor.pc_sh.api,1,0,,,0,0,0,dongchedi_usedcar_series,2026-07-08T21:14:45+08:00
32fdc8a240267c2b859be264,135,4,宝马,宝马M3,https://p3-dcd.byteimg.com/tos-cn-i-dcdx/15b86f3e43dc47ffbd076c2e43698a0f~tplv-f042mdwyw7-original:tplv-resize:640:0.image?psm=motor.pc_sh.api,1,0,,,0,0,0,dongchedi_usedcar_series,2026-07-08T21:14:45+08:00
41d6ba1d8218eaf879670254,136,4,宝马,宝马M4,https://p3-dcd.byteimg.com/tos-cn-i-dcdx/bf8664bc064e415fbd76f5cf1ad8a050~tplv-f042mdwyw7-original:tplv-resize:640:0.image?psm=motor.pc_sh.api,1,0,,,0,0,0,dongchedi_usedcar_series,2026-07-08T21:14:45+08:00
f9766ae01b295ae34dadf069,137,4,宝马,宝马M5,https://p3-dcd.byteimg.com/motor-mis-img/d35bfe27aef7a0c7c33cf7872087c417~tplv-f042mdwyw7-original:tplv-resize:640:0.image?psm=motor.pc_sh.api,1,0,,,0,0,0,dongchedi_usedcar_series,2026-07-08T21:14:45+08:00
8d6c0c984883d8979c16afd1,138,4,宝马,宝马M6,https://p3-dcd.byteimg.com/motor-mis-img/89dd1249bd11d2ec9b1e4377069710ab~tplv-f042mdwyw7-original:tplv-resize:640:0.image?psm=motor.pc_sh.api,1,0,,,0,0,0,dongchedi_usedcar_series,2026-07-08T21:14:45+08:00
01264ab2f17c3095e4198b10,139,4,宝马,宝马X5 M,https://p3-dcd.byteimg.com/tos-cn-i-dcdx/90feef2bb2644c5bb048074e80f4b415~tplv-f042mdwyw7-original:tplv-resize:640:0.image?psm=motor.pc_sh.api,1,0,,,0,0,0,dongchedi_usedcar_series,2026-07-08T21:14:45+08:00
6690b5f3c2cc6ec8cc40ab97,140,4,宝马,宝马X6 M,https://p3-dcd.byteimg.com/tos-cn-i-dcdx/84f2bcdd56984195b81be030038ca496~tplv-f042mdwyw7-original:tplv-resize:640:0.image?psm=motor.pc_sh.api,1,0,,,0,0,0,dongchedi_usedcar_series,2026-07-08T21:14:45+08:00
0088532cd1fa2add06eac7e7,141,4,宝马,宝马M2,https://p3-dcd.byteimg.com/tos-cn-i-dcdx/7f2af6c9c89d4b3c8406416661f70f01~tplv-f042mdwyw7-original:tplv-resize:640:0.image?psm=motor.pc_sh.api,1,0,,,0,0,0,dongchedi_usedcar_series,2026-07-08T21:14:45+08:00
34d17eb64d1f02c2df137dd5,142,4,宝马,宝马1系M,https://p3-dcd.byteimg.com/motor-mis-img/3f3f69ac0d9ff68f0da8d862653a7024~tplv-f042mdwyw7-original:tplv-resize:640:0.image?psm=motor.pc_sh.api,1,0,,,0,0,0,dongchedi_usedcar_series,2026-07-08T21:14:45+08:00
f3af644fd1fa5212bb6df952,143,4,宝马,宝马1系,https://p3-dcd.byteimg.com/tos-cn-i-dcdx/59e313fe48b24e95a6e56c37ae288f4c~tplv-f042mdwyw7-original:tplv-resize:640:0.image?psm=motor.pc_sh.api,1,0,,,0,0,0,dongchedi_usedcar_series,2026-07-08T21:14:45+08:00
974589cbe2d3e04dc264b391,144,4,宝马,宝马2系旅行车,https://p3-dcd.byteimg.com/motor-mis-img/105d49506df737b18dc2053d0fcbbc2a~tplv-f042mdwyw7-original:tplv-resize:640:0.image?psm=motor.pc_sh.api,1,0,,,0,0,0,dongchedi_usedcar_series,2026-07-08T21:14:45+08:00
eb90d8d9fa37896eb5c6963f,145,4,宝马,宝马3系,https://p9-dcd.byteimg.com/tos-cn-i-dcdx/8a3daca02bc04bfea188f572f278aaf6~tplv-resize:640:0.png?psm=motor.rank.data,3,218,销量榜,2,13,212,225,dongchedi_ranking|dongchedi_usedcar_series,2026-07-08T21:14:45+08:00
3af8c975c871ec9212d2291a,146,4,宝马,宝马5系,https://p9-dcd.byteimg.com/tos-cn-i-dcdx/b2840cd65c064d7a830adb574272813f~tplv-resize:640:0.png?psm=motor.rank.data,3,218,销量榜,2,15,226,241,dongchedi_ranking|dongchedi_usedcar_series,2026-07-08T21:14:45+08:00
6b819e5cfa7e62cbde2539c0,147,4,宝马,宝马5系PHEV,https://p3-dcd.byteimg.com/tos-cn-i-dcdx/8521fc33fb8d466b877428ce30a763db~tplv-f042mdwyw7-original:tplv-resize:640:0.image?psm=motor.pc_sh.api,1,0,,,0,0,0,dongchedi_usedcar_series,2026-07-08T21:14:45+08:00
06cfa2d522a28c84ca388fdb,148,4,宝马,宝马X1,https://p9-dcd.byteimg.com/tos-cn-i-dcdx/bb5e191acc9e4e7a8950d316b0b5f2f1~tplv-resize:640:0.png?psm=motor.rank.data,3,218,销量榜,12,10,70,80,dongchedi_ranking|dongchedi_usedcar_series,2026-07-08T21:14:45+08:00
7225b15fd9a632675ab06a43,149,4,宝马,宝马X1 PHEV,https://p3-dcd.byteimg.com/motor-mis-img/2a738cde9d6b91bd5fd67606fc3b308b~tplv-f042mdwyw7-original:tplv-resize:640:0.image?psm=motor.pc_sh.api,1,0,,,0,0,0,dongchedi_usedcar_series,2026-07-08T21:14:45+08:00
38a422b7ef97477333f5bfb2,150,116,宝沃,宝沃BX5,https://p3-dcd.byteimg.com/motor-mis-img/5941cdbe8ca204259ceaf4214065f311~tplv-f042mdwyw7-original:tplv-resize:640:0.image?psm=motor.pc_sh.api,1,0,,,0,0,0,dongchedi_usedcar_series,2026-07-08T21:14:45+08:00
f609e5e8f509e405f6be392e,151,116,宝沃,宝沃BX7,https://p3-dcd.byteimg.com/motor-mis-img/2d0cc79ea1f0a216ab9d1a85926732ba~tplv-f042mdwyw7-original:tplv-resize:640:0.image?psm=motor.pc_sh.api,1,0,,,0,0,0,dongchedi_usedcar_series,2026-07-08T21:14:45+08:00
78a087598d0963e52d22d6ab,152,20,保时捷,Panamera,https://p9-dcd.byteimg.com/tos-cn-i-dcdx/cd48109916b4470098d44aa8f44c8be9~tplv-f042mdwyw7-original:tplv-resize:640:0.image?psm=motor.pc_sh.api,1,0,,,0,0,0,dongchedi_usedcar_series,2026-07-08T21:14:45+08:00
bc0acfa358408990f5c68b48,153,20,保时捷,Panamera E-Hybrid,https://p9-dcd.byteimg.com/tos-cn-i-dcdx/55138181b90541cc95bb2748d29282d0~tplv-f042mdwyw7-original:tplv-resize:640:0.image?psm=motor.pc_sh.api,1,0,,,0,0,0,dongchedi_usedcar_series,2026-07-08T21:14:45+08:00
b724fa8d8017fcee77208413,154,20,保时捷,Macan,https://p9-dcd.byteimg.com/tos-cn-i-dcdx/6b11ab74e2084b5ca43dde1d8cd123cf~tplv-f042mdwyw7-original:tplv-resize:640:0.image?psm=motor.pc_sh.api,1,0,,,0,0,0,dongchedi_usedcar_series,2026-07-08T21:14:45+08:00
f428eb2c3ecb534b2741226f,155,20,保时捷,Cayenne,https://p9-dcd.byteimg.com/tos-cn-i-dcdx/b06c3141ed334110af3832d1e9392981~tplv-f042mdwyw7-original:tplv-resize:640:0.image?psm=motor.pc_sh.api,1,0,,,0,0,0,dongchedi_usedcar_series,2026-07-08T21:14:45+08:00
9d980cd5677d3697daca54c4,156,20,保时捷,Cayenne E-Hybrid,https://p9-dcd.byteimg.com/tos-cn-i-dcdx/097e3e4bb4e648a7af323ba44e35b6bc~tplv-f042mdwyw7-original:tplv-resize:640:0.image?psm=motor.pc_sh.api,1,0,,,0,0,0,dongchedi_usedcar_series,2026-07-08T21:14:45+08:00
438bd45a54547409dbe5a246,157,20,保时捷,保时捷911,https://p9-dcd.byteimg.com/tos-cn-i-dcdx/aecb43bc93d9486492c05cee9fe20163~tplv-f042mdwyw7-original:tplv-resize:640:0.image?psm=motor.pc_sh.api,1,0,,,0,0,0,dongchedi_usedcar_series,2026-07-08T21:14:45+08:00
1b40a30efc975ab419b31c2e,158,20,保时捷,Boxster,https://p9-dcd.byteimg.com/motor-mis-img/4c232904680dca6a79ec7a09e910a0d4~tplv-f042mdwyw7-original:tplv-resize:640:0.image?psm=motor.pc_sh.api,1,0,,,0,0,0,dongchedi_usedcar_series,2026-07-08T21:14:45+08:00
7284da824cfd7c77819f049b,159,20,保时捷,Cayman,https://p9-dcd.byteimg.com/motor-mis-img/a6c1e3e9e4ddc678e786997a1e403bbe~tplv-f042mdwyw7-original:tplv-resize:640:0.image?psm=motor.pc_sh.api,1,0,,,0,0,0,dongchedi_usedcar_series,2026-07-08T21:14:45+08:00
b5801679c095d5d3977d693e,160,20,保时捷,918 Spyder,https://p9-dcd.byteimg.com/tos-cn-i-dcdx/425f2b93e4b24425990b196e61109118~tplv-f042mdwyw7-original:tplv-resize:640:0.image?psm=motor.pc_sh.api,1,0,,,0,0,0,dongchedi_usedcar_series,2026-07-08T21:14:45+08:00
6c9b32f991565af92346b3b1,161,20,保时捷,保时捷718,https://p9-dcd.byteimg.com/tos-cn-i-dcdx/b2d6333e881845538a89dd158301c54f~tplv-f042mdwyw7-original:tplv-resize:640:0.image?psm=motor.pc_sh.api,1,0,,,0,0,0,dongchedi_usedcar_series,2026-07-08T21:14:45+08:00
cc2f125d156fa512fc55f64d,162,68,北京汽车,北京汽车E系列,https://p3-dcd.byteimg.com/motor-mis-img/05ebba57028c718ef497e27ce733f26a~tplv-f042mdwyw7-original:tplv-resize:640:0.image?psm=motor.pc_sh.api,1,0,,,0,0,0,dongchedi_usedcar_series,2026-07-08T21:14:45+08:00
9723b6113959f03212be1842,163,52,北京越野,北京BJ20,https://p3-dcd.byteimg.com/motor-mis-img/583553a2c4c562a29f7292b510066a15~tplv-f042mdwyw7-original:tplv-resize:640:0.image?psm=motor.pc_sh.api,1,0,,,0,0,0,dongchedi_usedcar_series,2026-07-08T21:14:45+08:00
2119f929748f172e9229128b,164,52,北京越野,北京越野BJ40,https://p9-dcd.byteimg.com/tos-cn-i-dcdx/3561062b4f79479993a89f4b215fbaa5~tplv-resize:640:0.png?psm=motor.rank.data,3,218,销量榜,39,12,79,91,dongchedi_ranking|dongchedi_usedcar_series,2026-07-08T21:14:45+08:00
9ec664c95c56b2377168c28c,165,52,北京越野,北京越野BJ80,https://p3-dcd.byteimg.com/motor-mis-img/4f52b32a408cd7fd40a897d72970964f~tplv-f042mdwyw7-original:tplv-resize:640:0.image?psm=motor.pc_sh.api,1,0,,,0,0,0,dongchedi_usedcar_series,2026-07-08T21:14:45+08:00
0833d63c980bf66d30a1aaa1,166,94,北汽幻速,北汽幻速S2,https://p3-dcd.byteimg.com/motor-mis-img/162590f0bd9ea3cf69437e6028bf4409~tplv-f042mdwyw7-original:tplv-resize:640:0.image?psm=motor.pc_sh.api,1,0,,,0,0,0,dongchedi_usedcar_series,2026-07-08T21:14:45+08:00
a4829e5562e6c5b5862bafff,167,94,北汽幻速,北汽幻速S3,https://p3-dcd.byteimg.com/motor-mis-img/ed014f124195a89112b76f3cdc7df3d1~tplv-f042mdwyw7-original:tplv-resize:640:0.image?psm=motor.pc_sh.api,1,0,,,0,0,0,dongchedi_usedcar_series,2026-07-08T21:14:45+08:00
2ab432e53aadd8bdf00eed1b,169,94,北汽幻速,北汽幻速S5,https://p3-dcd.byteimg.com/motor-mis-img/3bf5bde6e06aa537f5b8a57f0d4ce228~tplv-f042mdwyw7-original:tplv-resize:640:0.image?psm=motor.pc_sh.api,1,0,,,0,0,0,dongchedi_usedcar_series,2026-07-08T21:14:45+08:00
6b334774ca28859a5d9f3fb7,170,94,北汽幻速,北汽幻速S6,https://p3-dcd.byteimg.com/motor-mis-img/b9c69c8037b115430e303b0ce3c0faa8~tplv-f042mdwyw7-original:tplv-resize:640:0.image?psm=motor.pc_sh.api,1,0,,,0,0,0,dongchedi_usedcar_series,2026-07-08T21:14:45+08:00
61b3fb7e574f33ffea211fbe,171,94,北汽幻速,北汽幻速H2,https://p3-dcd.byteimg.com/motor-mis-img/f235fdae8fa9e1d05dfa4e25fa48e1c1~tplv-f042mdwyw7-original:tplv-resize:640:0.image?psm=motor.pc_sh.api,1,0,,,0,0,0,dongchedi_usedcar_series,2026-07-08T21:14:45+08:00
f03be18b05c1b495f78f03ef,172,94,北汽幻速,北汽幻速H2V,https://p3-dcd.byteimg.com/motor-mis-img/42b38b54e32c9060c05c477b4273c35c~tplv-f042mdwyw7-original:tplv-resize:640:0.image?psm=motor.pc_sh.api,1,0,,,0,0,0,dongchedi_usedcar_series,2026-07-08T21:14:45+08:00
37b4646407c6719bed09464b,173,94,北汽幻速,北汽幻速H3,https://p3-dcd.byteimg.com/motor-mis-img/fc394b757ca05e72423386a5db2462be~tplv-f042mdwyw7-original:tplv-resize:640:0.image?psm=motor.pc_sh.api,1,0,,,0,0,0,dongchedi_usedcar_series,2026-07-08T21:14:45+08:00
a6f52d10d8cda93be8e1c8d2,176,68,北京汽车,绅宝D20,https://p3-dcd.byteimg.com/motor-mis-img/1a9a7ced2e46a26a52319d03c0429428~tplv-f042mdwyw7-original:tplv-resize:640:0.image?psm=motor.pc_sh.api,1,0,,,0,0,0,dongchedi_usedcar_series,2026-07-08T21:14:45+08:00
ebb7282434aa1874833c1b2e,177,68,北京汽车,绅宝D50,https://p3-dcd.byteimg.com/motor-mis-img/e2b140e878c02d1d9e135ea4c320a1a0~tplv-f042mdwyw7-original:tplv-resize:640:0.image?psm=motor.pc_sh.api,1,0,,,0,0,0,dongchedi_usedcar_series,2026-07-08T21:14:45+08:00
b1ba1e377aa0105ab700c36c,179,68,北京汽车,绅宝D70,https://p3-dcd.byteimg.com/motor-mis-img/45e509082d5c4af15900e5be63ed00ae~tplv-f042mdwyw7-original:tplv-resize:640:0.image?psm=motor.pc_sh.api,1,0,,,0,0,0,dongchedi_usedcar_series,2026-07-08T21:14:45+08:00
4bd4fc690897645742b52e8a,182,68,北京汽车,绅宝X55,https://p3-dcd.byteimg.com/motor-mis-img/e23e8dd14c7e6be147e108984a43e09b~tplv-f042mdwyw7-original:tplv-resize:640:0.image?psm=motor.pc_sh.api,1,0,,,0,0,0,dongchedi_usedcar_series,2026-07-08T21:14:45+08:00
45843e998a45541e9a2920f2,183,68,北京汽车,绅宝X25,https://p3-dcd.byteimg.com/motor-mis-img/755b3cd083a2dc2ff133da5d880316bf~tplv-f042mdwyw7-original:tplv-resize:640:0.image?psm=motor.pc_sh.api,1,0,,,0,0,0,dongchedi_usedcar_series,2026-07-08T21:14:45+08:00
c30b850a83817f77b9ba50fe,184,68,北京汽车,绅宝X35,https://p3-dcd.byteimg.com/motor-mis-img/fdb473afc1e515302c40e0bcc339d797~tplv-f042mdwyw7-original:tplv-resize:640:0.image?psm=motor.pc_sh.api,1,0,,,0,0,0,dongchedi_usedcar_series,2026-07-08T21:14:45+08:00
8f7189af792a54fcd560d304,185,68,北京汽车,绅宝X65,https://p3-dcd.byteimg.com/motor-mis-img/66b38202b1385c1159405d85b5731927~tplv-f042mdwyw7-original:tplv-resize:640:0.image?psm=motor.pc_sh.api,1,0,,,0,0,0,dongchedi_usedcar_series,2026-07-08T21:14:45+08:00
edd24e6f1f732b07d0d5127c,186,69,北汽威旺,北汽威旺S50,https://p9-dcd.byteimg.com/motor-mis-img/93e751b578149e04c08e9bb220e3301e~tplv-f042mdwyw7-original:tplv-resize:640:0.image?psm=motor.pc_sh.api,1,0,,,0,0,0,dongchedi_usedcar_series,2026-07-08T21:14:45+08:00
801a16a9114045b4dd3560ba,187,69,北汽威旺,北汽威旺M50F,https://p9-dcd.byteimg.com/motor-mis-img/5904651f2bb7c6b32ede05540421839b~tplv-f042mdwyw7-original:tplv-resize:640:0.image?psm=motor.pc_sh.api,1,0,,,0,0,0,dongchedi_usedcar_series,2026-07-08T21:14:45+08:00
a425fc23bc125705e24e12bf,189,69,北汽威旺,北汽威旺306,https://p9-dcd.byteimg.com/motor-mis-img/af31b3bc0c4091f2e0d3c4fc369657b8~tplv-f042mdwyw7-original:tplv-resize:640:0.image?psm=motor.pc_sh.api,1,0,,,0,0,0,dongchedi_usedcar_series,2026-07-08T21:14:45+08:00
85ee6aeb4266e476c4fd1583,190,69,北汽威旺,北汽威旺M20,https://p9-dcd.byteimg.com/motor-mis-img/628f28f068e97232ff32eb7422f98b31~tplv-f042mdwyw7-original:tplv-resize:640:0.image?psm=motor.pc_sh.api,1,0,,,0,0,0,dongchedi_usedcar_series,2026-07-08T21:14:45+08:00
184e3e82d6178d02fa5ef69f,192,69,北汽威旺,北汽威旺M30,https://p9-dcd.byteimg.com/motor-mis-img/7d8b4dd17e7d80e80cae68981bb52fb6~tplv-f042mdwyw7-original:tplv-resize:640:0.image?psm=motor.pc_sh.api,1,0,,,0,0,0,dongchedi_usedcar_series,2026-07-08T21:14:45+08:00
2af24e93d613aedae87cb9ec,193,69,北汽威旺,北汽威旺M35,https://p9-dcd.byteimg.com/motor-mis-img/115ced304ff44a26805815320fbf340b~tplv-f042mdwyw7-original:tplv-resize:640:0.image?psm=motor.pc_sh.api,1,0,,,0,0,0,dongchedi_usedcar_series,2026-07-08T21:14:45+08:00
92a34b91b044a42499f02717,194,93,北汽新能源,北汽新能源EC,https://p3-dcd.byteimg.com/motor-mis-img/8ff4ec5f1715aa8b1474bd0facc872d4~tplv-f042mdwyw7-original:tplv-resize:640:0.image?psm=motor.pc_sh.api,1,0,,,0,0,0,dongchedi_usedcar_series,2026-07-08T21:14:45+08:00
28c99f2ce0d92966baa6cbe9,196,93,北汽新能源,北汽新能源EV,https://p3-dcd.byteimg.com/motor-mis-img/745ab1baab5f535529505b15e6979cc4~tplv-f042mdwyw7-original:tplv-resize:640:0.image?psm=motor.pc_sh.api,1,0,,,0,0,0,dongchedi_usedcar_series,2026-07-08T21:14:45+08:00
e8924379296d9e10b39dd708,197,93,北汽新能源,北汽新能源EU,https://p3-dcd.byteimg.com/tos-cn-i-dcdx/9422f7701ebc46248a9f432f497f745a~tplv-f042mdwyw7-original:tplv-resize:640:0.image?psm=motor.pc_sh.api,1,0,,,0,0,0,dongchedi_usedcar_series,2026-07-08T21:14:45+08:00
412fe186e0c804d6da2f41b9,201,93,北汽新能源,北汽新能源EX,https://p3-dcd.byteimg.com/tos-cn-i-dcdx/ae99dee751a94357af26443af5977dce~tplv-f042mdwyw7-original:tplv-resize:640:0.image?psm=motor.pc_sh.api,1,0,,,0,0,0,dongchedi_usedcar_series,2026-07-08T21:14:45+08:00
fe5e6139098560e5f9352236,202,78,北京汽车制造厂,212经典,https://p3-dcd.byteimg.com/tos-cn-i-dcdx/4a78ae8f3569443c8add336839c18f91~tplv-f042mdwyw7-original:tplv-resize:640:0.image?psm=motor.pc_sh.api,1,0,,,0,0,0,dongchedi_usedcar_series,2026-07-08T21:14:45+08:00
191fd0b6ebc169be6e320603,203,78,北京汽车制造厂,战旗,https://p3-dcd.byteimg.com/motor-mis-img/a627710a757c0208d4170686ab8914ba~tplv-f042mdwyw7-original:tplv-resize:640:0.image?psm=motor.pc_sh.api,1,0,,,0,0,0,dongchedi_usedcar_series,2026-07-08T21:14:45+08:00
9592922cd9962ae5846b5f47,205,78,北京汽车制造厂,勇士,https://p9-dcd.byteimg.com/motor-mis-img/dcf664514941d152d7c6466649b34f29~tplv-resize:640:0.png?psm=motor.rank.data,3,218,销量榜,63,4,26,30,dongchedi_ranking|dongchedi_usedcar_series,2026-07-08T21:14:45+08:00
7498e4a505a0d77a674c5c63,208,78,北京汽车制造厂,陆霸,https://p3-dcd.byteimg.com/motor-mis-img/29140aaacb7eea353fd7636b71fae1cc~tplv-f042mdwyw7-original:tplv-resize:640:0.image?psm=motor.pc_sh.api,1,0,,,0,0,0,dongchedi_usedcar_series,2026-07-08T21:14:45+08:00
946033926a6568bdc7cadedf,212,3,奔驰,奔驰C级,https://p9-dcd.byteimg.com/tos-cn-i-dcdx/e8abf034d5504085a9850c7b7632b065~tplv-resize:640:0.png?psm=motor.rank.data,3,218,销量榜,4,11,184,195,dongchedi_ranking|dongchedi_usedcar_series,2026-07-08T21:14:45+08:00
69c8b8aa8429f5523bf90f7e,213,3,奔驰,奔驰C级PHEV,https://p3-dcd.byteimg.com/tos-cn-i-dcdx/54e015f27e5b402fac3bef7b7fa0aaa1~tplv-f042mdwyw7-original:tplv-resize:640:0.image?psm=motor.pc_sh.api,1,0,,,0,0,0,dongchedi_usedcar_series,2026-07-08T21:14:45+08:00
84c3f29a6bbdeeea03b7a0b5,214,3,奔驰,奔驰E级,https://p9-dcd.byteimg.com/tos-cn-i-dcdx/9b08b1c3602645d7ad7574aeb71b6ce3~tplv-resize:640:0.png?psm=motor.rank.data,3,218,销量榜,1,16,270,286,dongchedi_ranking|dongchedi_usedcar_series,2026-07-08T21:14:45+08:00
66727c468d431a8df56aebda,215,3,奔驰,奔驰GLA,https://p9-dcd.byteimg.com/tos-cn-i-dcdx/0991b38286af4ed7a04cc9c35c00dadd~tplv-resize:640:0.png?psm=motor.rank.data,3,194,销量榜,55,3,47,50,dongchedi_ranking|dongchedi_usedcar_series,2026-07-08T21:14:45+08:00
5b4b1c47694aa70136736761,216,3,奔驰,奔驰GLC,https://p9-dcd.byteimg.com/tos-cn-i-dcdx/99afdf53229145caadf53e1be4f54ff5~tplv-resize:640:0.png?psm=motor.rank.data,3,161,销量榜,5,12,100,112,dongchedi_ranking|dongchedi_usedcar_series,2026-07-08T21:14:45+08:00
67b02272bcdb7f3dd87b5f21,217,3,奔驰,奔驰GLK级,https://p3-dcd.byteimg.com/motor-mis-img/ef20d3f08f2af584220c451d7f042929~tplv-f042mdwyw7-original:tplv-resize:640:0.image?psm=motor.pc_sh.api,1,0,,,0,0,0,dongchedi_usedcar_series,2026-07-08T21:14:45+08:00
8223af53be4d4e4c1b8f3063,218,3,奔驰,奔驰A级(进口),https://p3-dcd.byteimg.com/motor-mis-img/67c78dc81c8b1fb1e015e14ccfb88a54~tplv-f042mdwyw7-original:tplv-resize:640:0.image?psm=motor.pc_sh.api,1,0,,,0,0,0,dongchedi_usedcar_series,2026-07-08T21:14:45+08:00
9d6d78e16f297fe5fdc4c63f,219,3,奔驰,奔驰B级,https://p3-dcd.byteimg.com/motor-mis-img/1dd3337157b0dcc5633ab8b201db3eb0~tplv-f042mdwyw7-original:tplv-resize:640:0.image?psm=motor.pc_sh.api,1,0,,,0,0,0,dongchedi_usedcar_series,2026-07-08T21:14:45+08:00
bc9f9236252540ea9486ace6,220,3,奔驰,奔驰CLA(进口),https://p3-dcd.byteimg.com/tos-cn-i-dcdx/23ed3d3404fa4da2bff78ea144a8cda4~tplv-f042mdwyw7-original:tplv-resize:640:0.image?psm=motor.pc_sh.api,1,0,,,0,0,0,dongchedi_usedcar_series,2026-07-08T21:14:45+08:00
cadddc8089bae52a246ffd91,221,3,奔驰,奔驰C级(进口),https://p3-dcd.byteimg.com/motor-mis-img/c502719d3259c47e79d0ea37d90071f4~tplv-f042mdwyw7-original:tplv-resize:640:0.image?psm=motor.pc_sh.api,1,0,,,0,0,0,dongchedi_usedcar_series,2026-07-08T21:14:45+08:00
25e8eb42850ccb843b6c51ba,222,3,奔驰,奔驰E级(进口),https://p3-dcd.byteimg.com/tos-cn-i-dcdx/fe27de054dff4b4ab7c2340c04a4ce24~tplv-f042mdwyw7-original:tplv-resize:640:0.image?psm=motor.pc_sh.api,1,0,,,0,0,0,dongchedi_usedcar_series,2026-07-08T21:14:45+08:00
6a2b89706e27b279ea159a9e,223,3,奔驰,奔驰CLS,https://p3-dcd.byteimg.com/motor-mis-img/17e6bede742a6020ac7f7bc91551f6c6~tplv-f042mdwyw7-original:tplv-resize:640:0.image?psm=motor.pc_sh.api,1,0,,,0,0,0,dongchedi_usedcar_series,2026-07-08T21:14:45+08:00
9ad4d4946cebfd4619bb9861,224,3,奔驰,奔驰S级,https://p3-dcd.byteimg.com/tos-cn-i-dcdx/947c5d2e325b4090b4aa3088465ef831~tplv-f042mdwyw7-original:tplv-resize:640:0.image?psm=motor.pc_sh.api,1,0,,,0,0,0,dongchedi_usedcar_series,2026-07-08T21:14:45+08:00
cf6937d59653e30e0c2e676e,225,3,奔驰,奔驰S级PHEV,https://p3-dcd.byteimg.com/tos-cn-i-dcdx/b280639a7fcb48269c8c7e1543d33544~tplv-f042mdwyw7-original:tplv-resize:640:0.image?psm=motor.pc_sh.api,1,0,,,0,0,0,dongchedi_usedcar_series,2026-07-08T21:14:45+08:00
05c485983eaa37b47f0f72c9,226,3,奔驰,奔驰GLC轿跑,https://p3-dcd.byteimg.com/tos-cn-i-dcdx/79fa335e84994d1788579c6e9ee24f9a~tplv-f042mdwyw7-original:tplv-resize:640:0.image?psm=motor.pc_sh.api,1,0,,,0,0,0,dongchedi_usedcar_series,2026-07-08T21:14:45+08:00
dc36dabf8224d9f9e7a9311c,227,3,奔驰,奔驰GLK级(进口),https://p3-dcd.byteimg.com/motor-mis-img/96810a732c34ebf7f67bfa7ed033a5d1~tplv-f042mdwyw7-original:tplv-resize:640:0.image?psm=motor.pc_sh.api,1,0,,,0,0,0,dongchedi_usedcar_series,2026-07-08T21:14:45+08:00
fa1e190ef2c879c8a459c272,228,3,奔驰,奔驰GLE(进口),https://p3-dcd.byteimg.com/tos-cn-i-dcdx/14aeb45af80d419991c8f008e6a965b0~tplv-f042mdwyw7-original:tplv-resize:640:0.image?psm=motor.pc_sh.api,1,0,,,0,0,0,dongchedi_usedcar_series,2026-07-08T21:14:45+08:00
82ef0401d9356f469005232a,229,3,奔驰,奔驰GLE PHEV,https://p3-dcd.byteimg.com/tos-cn-i-dcdx/f18eea42f1af47018cefd66c83c7dfc0~tplv-f042mdwyw7-original:tplv-resize:640:0.image?psm=motor.pc_sh.api,1,0,,,0,0,0,dongchedi_usedcar_series,2026-07-08T21:14:45+08:00
0814fa55ad42e5ea0f204124,230,3,奔驰,奔驰G级,https://p3-dcd.byteimg.com/tos-cn-i-dcdx/e09468b2af6e4b0db04325dff676c91a~tplv-f042mdwyw7-original:tplv-resize:640:0.image?psm=motor.pc_sh.api,1,0,,,0,0,0,dongchedi_usedcar_series,2026-07-08T21:14:45+08:00
ca785ee92a549884242ce2ce,231,3,奔驰,奔驰M级,https://p3-dcd.byteimg.com/motor-mis-img/6b09292e7fe65c5c95d9ceb9e085162b~tplv-f042mdwyw7-original:tplv-resize:640:0.image?psm=motor.pc_sh.api,1,0,,,0,0,0,dongchedi_usedcar_series,2026-07-08T21:14:45+08:00
cda8a9beb6e7e6d5a5695651,232,3,奔驰,奔驰GL级,https://p3-dcd.byteimg.com/motor-mis-img/25fd773d8581b8173e2c04fc6da74ab2~tplv-f042mdwyw7-original:tplv-resize:640:0.image?psm=motor.pc_sh.api,1,0,,,0,0,0,dongchedi_usedcar_series,2026-07-08T21:14:45+08:00
19bb993f0b6b758cb8732d71,233,3,奔驰,奔驰GLS,https://p3-dcd.byteimg.com/tos-cn-i-dcdx/43d2338025f442899d0a529259064eab~tplv-f042mdwyw7-original:tplv-resize:640:0.image?psm=motor.pc_sh.api,1,0,,,0,0,0,dongchedi_usedcar_series,2026-07-08T21:14:45+08:00
9a1db4efe1dc87757106e444,234,3,奔驰,奔驰R级,https://p3-dcd.byteimg.com/motor-mis-img/bb142fe6729f88150662649eedf79f08~tplv-f042mdwyw7-original:tplv-resize:640:0.image?psm=motor.pc_sh.api,1,0,,,0,0,0,dongchedi_usedcar_series,2026-07-08T21:14:45+08:00
20dfce16a2e1e64a848fc2b7,235,3,奔驰,Sprinter,https://p3-dcd.byteimg.com/motor-mis-img/c391069a4de4d48471427d3ed29c6805~tplv-f042mdwyw7-original:tplv-resize:640:0.image?psm=motor.pc_sh.api,1,0,,,0,0,0,dongchedi_usedcar_series,2026-07-08T21:14:45+08:00
98d0978b41e07a62c5b506a3,236,3,奔驰,威霆(进口),https://p3-dcd.byteimg.com/tos-cn-i-dcdx/1d5e3c5b6a4a43ceaa80d243174198bc~tplv-f042mdwyw7-original:tplv-resize:640:0.image?psm=motor.pc_sh.api,1,0,,,0,0,0,dongchedi_usedcar_series,2026-07-08T21:14:45+08:00
9651e4b61d8000bd8db75b01,237,3,奔驰,唯雅诺(进口),https://p3-dcd.byteimg.com/motor-mis-img/dddf21a9d646cc80b242ad36770ad1ac~tplv-f042mdwyw7-original:tplv-resize:640:0.image?psm=motor.pc_sh.api,1,0,,,0,0,0,dongchedi_usedcar_series,2026-07-08T21:14:45+08:00
60ba4b77ba516c4d9e22b075,238,3,奔驰,奔驰SLC级,https://p3-dcd.byteimg.com/motor-mis-img/53e7ded8f114693e34c4e44dbb35b603~tplv-f042mdwyw7-original:tplv-resize:640:0.image?psm=motor.pc_sh.api,1,0,,,0,0,0,dongchedi_usedcar_series,2026-07-08T21:14:45+08:00
8f2d5821fd89a28a4d661a46,239,3,奔驰,奔驰SLK级,https://p3-dcd.byteimg.com/motor-mis-img/28a67621c813bc31afd6be28b0eceaec~tplv-f042mdwyw7-original:tplv-resize:640:0.image?psm=motor.pc_sh.api,1,0,,,0,0,0,dongchedi_usedcar_series,2026-07-08T21:14:45+08:00
ab49c74868dcbac09229a9dc,240,3,奔驰,奔驰CLK级,https://p3-dcd.byteimg.com/motor-mis-img/322fd42e0eb694fe6a7430a62a3688e9~tplv-f042mdwyw7-original:tplv-resize:640:0.image?psm=motor.pc_sh.api,1,0,,,0,0,0,dongchedi_usedcar_series,2026-07-08T21:14:45+08:00
a21f8e803c14557df4caa6f9,241,3,奔驰,奔驰CL级,https://p3-dcd.byteimg.com/motor-mis-img/fa0bac58f86ee404b131e60c3d4cc01b~tplv-f042mdwyw7-original:tplv-resize:640:0.image?psm=motor.pc_sh.api,1,0,,,0,0,0,dongchedi_usedcar_series,2026-07-08T21:14:45+08:00
fa72636a37c51f96c4735b0f,242,3,奔驰,奔驰SL级,https://p3-dcd.byteimg.com/motor-mis-img/b4c09b527cce5811e7d8cddcd7e086cc~tplv-f042mdwyw7-original:tplv-resize:640:0.image?psm=motor.pc_sh.api,1,0,,,0,0,0,dongchedi_usedcar_series,2026-07-08T21:14:45+08:00
270cd91949ed70ce411d636e,243,3,奔驰,唯雅诺,https://p3-dcd.byteimg.com/motor-mis-img/f2bc3023e676f9793699be5f79cbf69b~tplv-f042mdwyw7-original:tplv-resize:640:0.image?psm=motor.pc_sh.api,1,0,,,0,0,0,dongchedi_usedcar_series,2026-07-08T21:14:45+08:00
53bdee553d9699201d3cc808,244,3,奔驰,威霆,https://p9-dcd.byteimg.com/tos-cn-i-dcdx/c3f22ffe8d57498493e3336dc3333fd2~tplv-resize:640:0.png?psm=motor.rank.data,3,161,销量榜,9,6,43,49,dongchedi_ranking|dongchedi_usedcar_series,2026-07-08T21:14:45+08:00
fefe7e5f07a3fdf1bf696d17,245,3,奔驰,奔驰V级,https://p9-dcd.byteimg.com/tos-cn-i-dcdx/cf19e3c962774001b651146becadbd34~tplv-resize:640:0.png?psm=motor.rank.data,3,218,销量榜,6,4,26,30,dongchedi_ranking|dongchedi_usedcar_series,2026-07-08T21:14:45+08:00
719885ccd8731fe2380c5508,246,3,奔驰,凌特,https://p3-dcd.byteimg.com/motor-mis-img/4a15e4d03fe3c3395cd64eb483b98b5e~tplv-f042mdwyw7-original:tplv-resize:640:0.image?psm=motor.pc_sh.api,1,0,,,0,0,0,dongchedi_usedcar_series,2026-07-08T21:14:45+08:00
c4408b48e97dda93c1129cc4,247,57,福田,图雅诺,https://p9-dcd.byteimg.com/motor-mis-img/0740d53aaa73ca66cb3dc1dc8cfd90cf~tplv-f042mdwyw7-original:tplv-resize:640:0.image?psm=motor.pc_sh.api,1,0,,,0,0,0,dongchedi_usedcar_series,2026-07-08T21:14:45+08:00
8049c049e3fb243706e92050,248,3,奔驰,奔驰A级AMG(进口),https://p3-dcd.byteimg.com/tos-cn-i-dcdx/c97fffe484dd46fbad65b05f41bc9c50~tplv-f042mdwyw7-original:tplv-resize:640:0.image?psm=motor.pc_sh.api,1,0,,,0,0,0,dongchedi_usedcar_series,2026-07-08T21:14:45+08:00
eb361e49f0291c9e00ce4936,249,3,奔驰,奔驰CLA AMG,https://p3-dcd.byteimg.com/tos-cn-i-dcdx/74c29acb2f66471da2f9ebd4798f8081~tplv-f042mdwyw7-original:tplv-resize:640:0.image?psm=motor.pc_sh.api,1,0,,,0,0,0,dongchedi_usedcar_series,2026-07-08T21:14:45+08:00
5ceb278071bf02d4e3836b5a,250,3,奔驰,奔驰C级AMG,https://p3-dcd.byteimg.com/tos-cn-i-dcdx/bb0f6e28fe15460ab6e2301f569f094d~tplv-f042mdwyw7-original:tplv-resize:640:0.image?psm=motor.pc_sh.api,1,0,,,0,0,0,dongchedi_usedcar_series,2026-07-08T21:14:45+08:00
8a8d89cff4a55707885934da,251,3,奔驰,奔驰CLS级AMG,https://p3-dcd.byteimg.com/tos-cn-i-dcdx/4fa7990b27d7449ba0283f2e5f72adb9~tplv-f042mdwyw7-original:tplv-resize:640:0.image?psm=motor.pc_sh.api,1,0,,,0,0,0,dongchedi_usedcar_series,2026-07-08T21:14:45+08:00
0999355836a6718e3d43ea5b,252,3,奔驰,奔驰E级AMG,https://p3-dcd.byteimg.com/motor-mis-img/ab486a249a5ff95a9fd0fb1cf02127f9~tplv-f042mdwyw7-original:tplv-resize:640:0.image?psm=motor.pc_sh.api,1,0,,,0,0,0,dongchedi_usedcar_series,2026-07-08T21:14:45+08:00
a1610143664217b91527c8d2,253,3,奔驰,奔驰S级AMG,https://p3-dcd.byteimg.com/motor-mis-img/b834ac07712753cbedd65fe3bb80be29~tplv-f042mdwyw7-original:tplv-resize:640:0.image?psm=motor.pc_sh.api,1,0,,,0,0,0,dongchedi_usedcar_series,2026-07-08T21:14:45+08:00
860d44303e4f44cacf3ddf94,254,3,奔驰,奔驰GLA AMG,https://p3-dcd.byteimg.com/tos-cn-i-dcdx/7d9159296b1b41218aed82c67f16b323~tplv-f042mdwyw7-original:tplv-resize:640:0.image?psm=motor.pc_sh.api,1,0,,,0,0,0,dongchedi_usedcar_series,2026-07-08T21:14:45+08:00
c6c590685b3384c9f31d82d8,255,3,奔驰,奔驰G级AMG,https://p3-dcd.byteimg.com/tos-cn-i-dcdx/01c29a3e1b484a84881cebc0ff874466~tplv-f042mdwyw7-original:tplv-resize:640:0.image?psm=motor.pc_sh.api,1,0,,,0,0,0,dongchedi_usedcar_series,2026-07-08T21:14:45+08:00
53c06a96c0c1a49694128534,256,3,奔驰,奔驰GLE AMG,https://p3-dcd.byteimg.com/tos-cn-i-dcdx/56888fcde72f4167b3b5d2a0421e4afd~tplv-f042mdwyw7-original:tplv-resize:640:0.image?psm=motor.pc_sh.api,1,0,,,0,0,0,dongchedi_usedcar_series,2026-07-08T21:14:45+08:00
95f4a405daaf90c49cce3f8c,257,3,奔驰,奔驰M级AMG,https://p3-dcd.byteimg.com/motor-mis-img/49f0ae16bc2c1bbc7a087f474e1442f5~tplv-f042mdwyw7-original:tplv-resize:640:0.image?psm=motor.pc_sh.api,1,0,,,0,0,0,dongchedi_usedcar_series,2026-07-08T21:14:45+08:00
349ab66d076faf7347e3f5ae,258,3,奔驰,奔驰GLS AMG,https://p3-dcd.byteimg.com/tos-cn-i-dcdx/41e2aafbfe6e4e968ab82c937c1131dc~tplv-f042mdwyw7-original:tplv-resize:640:0.image?psm=motor.pc_sh.api,1,0,,,0,0,0,dongchedi_usedcar_series,2026-07-08T21:14:45+08:00
25dbb21b2eca2bdf6aa07201,259,3,奔驰,奔驰GL级AMG,https://p3-dcd.byteimg.com/motor-mis-img/0b405a74cb83e062183666b830333ca7~tplv-f042mdwyw7-original:tplv-resize:640:0.image?psm=motor.pc_sh.api,1,0,,,0,0,0,dongchedi_usedcar_series,2026-07-08T21:14:45+08:00
75ea7e5463ab0920c056d0d5,260,3,奔驰,AMG GT,https://p3-dcd.byteimg.com/tos-cn-i-dcdx/c0a82f8b10e14d2790dddef1d397dc2e~tplv-f042mdwyw7-original:tplv-resize:640:0.image?psm=motor.pc_sh.api,1,0,,,0,0,0,dongchedi_usedcar_series,2026-07-08T21:14:45+08:00
41dfaa16966a93be7afd5dc5,261,3,奔驰,奔驰SLS级AMG,https://p3-dcd.byteimg.com/motor-mis-img/572497dd8436a5cfd4d055831ad06160~tplv-f042mdwyw7-original:tplv-resize:640:0.image?psm=motor.pc_sh.api,1,0,,,0,0,0,dongchedi_usedcar_series,2026-07-08T21:14:45+08:00
5b38326e184122244318f5a2,262,3,奔驰,奔驰SL级AMG,https://p3-dcd.byteimg.com/tos-cn-i-dcdx/f37d70fd23184d1eb7764159fb1b1c87~tplv-f042mdwyw7-original:tplv-resize:640:0.image?psm=motor.pc_sh.api,1,0,,,0,0,0,dongchedi_usedcar_series,2026-07-08T21:14:45+08:00
7dde522b82cec006e3f01e8d,264,3,奔驰,迈巴赫S级,https://p3-dcd.byteimg.com/tos-cn-i-dcdx/8c904b55208540b3bb0caad827b8226f~tplv-f042mdwyw7-original:tplv-resize:640:0.image?psm=motor.pc_sh.api,1,0,,,0,0,0,dongchedi_usedcar_series,2026-07-08T21:14:45+08:00
2a392303829916d4ecf67361,265,27,奔腾,奔腾B50,https://p9-dcd.byteimg.com/motor-mis-img/88b88e7b3a5bff9ea36daa30298c1c2c~tplv-f042mdwyw7-original:tplv-resize:640:0.image?psm=motor.pc_sh.api,1,0,,,0,0,0,dongchedi_usedcar_series,2026-07-08T21:14:45+08:00
27a4598fe7a07e22b92b6667,266,27,奔腾,奔腾B30,https://p9-dcd.byteimg.com/motor-mis-img/7583708ad63b6679bd8c2db3665ea4d0~tplv-f042mdwyw7-original:tplv-resize:640:0.image?psm=motor.pc_sh.api,1,0,,,0,0,0,dongchedi_usedcar_series,2026-07-08T21:14:45+08:00
17ece3ea73e84a7b4437f8dd,267,27,奔腾,奔腾B70,https://p9-dcd.byteimg.com/tos-cn-i-dcdx/3ec19a140c534277bfacccbd38d114f1~tplv-resize:640:0.png?psm=motor.rank.data,3,218,销量榜,56,8,102,110,dongchedi_ranking|dongchedi_usedcar_series,2026-07-08T21:14:45+08:00
7806c4fe060762faa58343f2,268,27,奔腾,奔腾B90,https://p9-dcd.byteimg.com/motor-mis-img/99acf1ed620b1470906bc2e2f4c75400~tplv-f042mdwyw7-original:tplv-resize:640:0.image?psm=motor.pc_sh.api,1,0,,,0,0,0,dongchedi_usedcar_series,2026-07-08T21:14:45+08:00
809100db4325c783960ea44d,269,27,奔腾,奔腾X40,https://p9-dcd.byteimg.com/motor-mis-img/e52c677daddd5bfd245b7f4fce55d734~tplv-f042mdwyw7-original:tplv-resize:640:0.image?psm=motor.pc_sh.api,1,0,,,0,0,0,dongchedi_usedcar_series,2026-07-08T21:14:45+08:00
a81d26a81733b240bc700d2e,270,27,奔腾,奔腾X80,https://p9-dcd.byteimg.com/motor-mis-img/d27d7806e52bfe0e6bdbf67e4155e11a~tplv-f042mdwyw7-original:tplv-resize:640:0.image?psm=motor.pc_sh.api,1,0,,,0,0,0,dongchedi_usedcar_series,2026-07-08T21:14:45+08:00
51318549e7f29cdf44fd46bf,274,9,本田,哥瑞,https://p3-dcd.byteimg.com/motor-mis-img/9d32546a6df286671a82a3cefa628e39~tplv-f042mdwyw7-original:tplv-resize:640:0.image?psm=motor.pc_sh.api,1,0,,,0,0,0,dongchedi_usedcar_series,2026-07-08T21:14:45+08:00
b3f88cea7d3c78b72e6d35ff,275,9,本田,竞瑞,https://p3-dcd.byteimg.com/motor-mis-img/05f8514c6eb79df0aae85c06e552c6b9~tplv-f042mdwyw7-original:tplv-resize:640:0.image?psm=motor.pc_sh.api,1,0,,,0,0,0,dongchedi_usedcar_series,2026-07-08T21:14:45+08:00
57d10986876a11c8a4b6acda,276,9,本田,思域,https://p9-dcd.byteimg.com/tos-cn-i-dcdx/fa344d1cb32747ff8cbca45a9c7be79e~tplv-resize:640:0.png?psm=motor.rank.data,3,275,销量榜,6,18,78,96,dongchedi_ranking|dongchedi_usedcar_series,2026-07-08T21:14:45+08:00
2e22fad39809804b36e40fbb,277,9,本田,杰德,https://p3-dcd.byteimg.com/motor-mis-img/6064300b7ec29819511ca713040b923e~tplv-f042mdwyw7-original:tplv-resize:640:0.image?psm=motor.pc_sh.api,1,0,,,0,0,0,dongchedi_usedcar_series,2026-07-08T21:14:45+08:00
8247447d43654210c292689b,278,9,本田,思铂睿,https://p3-dcd.byteimg.com/motor-mis-img/255cc376c6b6e73fbfb2781c3bd29502~tplv-f042mdwyw7-original:tplv-resize:640:0.image?psm=motor.pc_sh.api,1,0,,,0,0,0,dongchedi_usedcar_series,2026-07-08T21:14:45+08:00
dd7881f057043ea58fb2e779,279,9,本田,本田XR-V,https://p9-dcd.byteimg.com/tos-cn-i-dcdx/7e190de9cd674a5c91fe8eae6e5bf98c~tplv-resize:640:0.png?psm=motor.rank.data,3,161,销量榜,38,5,47,52,dongchedi_ranking|dongchedi_usedcar_series,2026-07-08T21:14:45+08:00
dc6f864375ab0a2262bf32ba,280,9,本田,本田CR-V,https://p9-dcd.byteimg.com/tos-cn-i-dcdx/541410e4d8134f54ab910e4d8fc59005~tplv-resize:640:0.png?psm=motor.rank.data,3,218,销量榜,3,22,126,148,dongchedi_ranking|dongchedi_usedcar_series,2026-07-08T21:14:45+08:00
432b617ce7cd59457216aff6,281,9,本田,本田UR-V,https://p9-dcd.byteimg.com/tos-cn-i-dcdx/3ac003586d224a898a09f068ec3bec71~tplv-resize:640:0.png?psm=motor.rank.data,3,218,销量榜,47,8,12,20,dongchedi_ranking|dongchedi_usedcar_series,2026-07-08T21:14:45+08:00
0d0660e2d008f824e2644893,282,9,本田,艾力绅,https://p9-dcd.byteimg.com/tos-cn-i-dcdx/083a0e72ea95402a97157696cd847c91~tplv-resize:640:0.png?psm=motor.rank.data,3,218,销量榜,10,4,25,29,dongchedi_ranking|dongchedi_usedcar_series,2026-07-08T21:14:45+08:00
e969f8f43c37b7a5914cd4f4,283,9,本田,飞度,https://p3-dcd.byteimg.com/tos-cn-i-dcdx/aa58f01250f045ee94b52a01d069f121~tplv-f042mdwyw7-original:tplv-resize:640:0.image?psm=motor.pc_sh.api,1,0,,,0,0,0,dongchedi_usedcar_series,2026-07-08T21:14:45+08:00
24a7b3f49da35d02ec79f675,284,9,本田,思迪,https://p3-dcd.byteimg.com/motor-mis-img/123ac7c0c184c0e4882b2471d26ec9a2~tplv-f042mdwyw7-original:tplv-resize:640:0.image?psm=motor.pc_sh.api,1,0,,,0,0,0,dongchedi_usedcar_series,2026-07-08T21:14:45+08:00
c0d301a2e5d95f730a435d94,285,9,本田,锋范经典,https://p3-dcd.byteimg.com/motor-mis-img/7f388ce91ad3b4eb60dc274f9da9f71d~tplv-f042mdwyw7-original:tplv-resize:640:0.image?psm=motor.pc_sh.api,1,0,,,0,0,0,dongchedi_usedcar_series,2026-07-08T21:14:45+08:00
48c194d8a6fa1682be22d0c3,286,9,本田,锋范,https://p3-dcd.byteimg.com/motor-mis-img/95f7fd8042ba9a097e1768526c2eaf77~tplv-f042mdwyw7-original:tplv-resize:640:0.image?psm=motor.pc_sh.api,1,0,,,0,0,0,dongchedi_usedcar_series,2026-07-08T21:14:45+08:00
867afc0a637d9bf2a63c2836,287,9,本田,凌派,https://p3-dcd.byteimg.com/motor-mis-img/0177f23b0d8ce46f98fdd1a0c442f875~tplv-f042mdwyw7-original:tplv-resize:640:0.image?psm=motor.pc_sh.api,1,0,,,0,0,0,dongchedi_usedcar_series,2026-07-08T21:14:45+08:00
866e9dc6dd0d9d01abe574da,288,9,本田,缤智,https://p9-dcd.byteimg.com/tos-cn-i-dcdx/b32e82c60c91455083cb913ee9fdad12~tplv-resize:640:0.png?psm=motor.rank.data,3,161,销量榜,36,3,41,44,dongchedi_ranking|dongchedi_usedcar_series,2026-07-08T21:14:45+08:00
d2addb02b2333cea07d761ef,289,9,本田,雅阁,https://p9-dcd.byteimg.com/tos-cn-i-dcdx/8fb97d323f40418e817aacb90ae8f644~tplv-resize:640:0.png?psm=motor.rank.data,3,218,销量榜,9,3,159,162,dongchedi_ranking|dongchedi_usedcar_series,2026-07-08T21:14:45+08:00
225c7d8484bf7f5ea04c21eb,290,9,本田,歌诗图,https://p3-dcd.byteimg.com/motor-mis-img/fce5d12c113704003faf4f6696f6b1ed~tplv-f042mdwyw7-original:tplv-resize:640:0.image?psm=motor.pc_sh.api,1,0,,,0,0,0,dongchedi_usedcar_series,2026-07-08T21:14:45+08:00
ed978b55d30e342cad0173ea,291,9,本田,奥德赛,https://p9-dcd.byteimg.com/tos-cn-i-dcdx/ed5dc7d3e0384ccc97804975413d1835~tplv-resize:640:0.png?psm=motor.rank.data,3,218,销量榜,7,5,93,98,dongchedi_ranking|dongchedi_usedcar_series,2026-07-08T21:14:45+08:00
4981261517c60c889ecbe9a5,292,9,本田,冠道,https://p9-dcd.byteimg.com/tos-cn-i-dcdx/d580cb5e4cf645eb82fa59ca24034ace~tplv-resize:640:0.png?psm=motor.rank.data,3,161,销量榜,57,4,33,37,dongchedi_ranking|dongchedi_usedcar_series,2026-07-08T21:14:45+08:00
c64df5652679e83970d963e2,293,117,比速汽车,比速T3,https://p9-dcd.byteimg.com/motor-mis-img/65f8ba6662e7a15d3c4fec712aeec0a8~tplv-f042mdwyw7-original:tplv-resize:640:0.image?psm=motor.pc_sh.api,1,0,,,0,0,0,dongchedi_usedcar_series,2026-07-08T21:14:45+08:00
4858b2cce8bc39d9951aef7f,294,117,比速汽车,比速M3,https://p9-dcd.byteimg.com/motor-mis-img/d4b692e2bccad3a74f27e4f9c350810a~tplv-f042mdwyw7-original:tplv-resize:640:0.image?psm=motor.pc_sh.api,1,0,,,0,0,0,dongchedi_usedcar_series,2026-07-08T21:14:45+08:00
08ca51deb67cc4593c0f83db,295,117,比速汽车,比速T5,https://p9-dcd.byteimg.com/motor-mis-img/c5bc8e3e932c4dd5c5669b099c8abeb0~tplv-f042mdwyw7-original:tplv-resize:640:0.image?psm=motor.pc_sh.api,1,0,,,0,0,0,dongchedi_usedcar_series,2026-07-08T21:14:45+08:00
9b657d0207b554527b9e3897,297,16,比亚迪,比亚迪F0,https://p9-dcd.byteimg.com/motor-mis-img/d1475c7d03bb686b0b8a6ca229482b9b~tplv-f042mdwyw7-original:tplv-resize:640:0.image?psm=motor.pc_sh.api,1,0,,,0,0,0,dongchedi_usedcar_series,2026-07-08T21:14:45+08:00
21980b277c41cbb64d45cd93,302,16,比亚迪,比亚迪e5,https://p9-dcd.byteimg.com/motor-mis-img/674a8d29de312a0bdde79bccaa1dddba~tplv-f042mdwyw7-original:tplv-resize:640:0.image?psm=motor.pc_sh.api,1,0,,,0,0,0,dongchedi_usedcar_series,2026-07-08T21:14:45+08:00
ea963bf41da0e47f52ac6814,303,16,比亚迪,比亚迪G5,https://p9-dcd.byteimg.com/motor-mis-img/d5e1399cd8379d3c343265e809716aff~tplv-f042mdwyw7-original:tplv-resize:640:0.image?psm=motor.pc_sh.api,1,0,,,0,0,0,dongchedi_usedcar_series,2026-07-08T21:14:45+08:00
f1c91962421423b74af45807,304,16,比亚迪,速锐,https://p9-dcd.byteimg.com/motor-mis-img/4c4e98b9a11e65575ac83199af6b24bd~tplv-f042mdwyw7-original:tplv-resize:640:0.image?psm=motor.pc_sh.api,1,0,,,0,0,0,dongchedi_usedcar_series,2026-07-08T21:14:45+08:00
625fe435a1e9a3597dfd113d,305,16,比亚迪,秦DM,https://p9-dcd.byteimg.com/motor-mis-img/7cc7efb95a343cb2a58c278eb9dd2a8b~tplv-f042mdwyw7-original:tplv-resize:640:0.image?psm=motor.pc_sh.api,1,0,,,0,0,0,dongchedi_usedcar_series,2026-07-08T21:14:45+08:00
0938cf78a183f8db27f68f01,306,16,比亚迪,比亚迪L3,https://p9-dcd.byteimg.com/motor-mis-img/ecd9d55fb9ddb0f4e568ea0878c03c6c~tplv-f042mdwyw7-original:tplv-resize:640:0.image?psm=motor.pc_sh.api,1,0,,,0,0,0,dongchedi_usedcar_series,2026-07-08T21:14:45+08:00
d914bbb02090408ae17eb833,307,16,比亚迪,比亚迪F3,https://p9-dcd.byteimg.com/motor-mis-img/3150a6724607ea257ba450989fc9e15d~tplv-f042mdwyw7-original:tplv-resize:640:0.image?psm=motor.pc_sh.api,1,0,,,0,0,0,dongchedi_usedcar_series,2026-07-08T21:14:45+08:00
4f72030f5c8461f34a9e7631,309,16,比亚迪,比亚迪G6,https://p9-dcd.byteimg.com/motor-mis-img/77dfb4c410df9d09e0162b1e61e46d23~tplv-f042mdwyw7-original:tplv-resize:640:0.image?psm=motor.pc_sh.api,1,0,,,0,0,0,dongchedi_usedcar_series,2026-07-08T21:14:45+08:00
6ac1a85fca0c09d590411a4a,310,16,比亚迪,思锐,https://p9-dcd.byteimg.com/motor-mis-img/4727738ee7205a4405844ea737ac51bc~tplv-f042mdwyw7-original:tplv-resize:640:0.image?psm=motor.pc_sh.api,1,0,,,0,0,0,dongchedi_usedcar_series,2026-07-08T21:14:45+08:00
c1e336de48b809751fbe118b,311,16,比亚迪,唐DM,https://p9-dcd.byteimg.com/tos-cn-i-dcdx/db15adf4a0ab478589e5ab61807df13c~tplv-resize:640:0.png?psm=motor.rank.data,3,210,销量榜,14,6,56,62,dongchedi_ranking|dongchedi_usedcar_series,2026-07-08T21:14:45+08:00
5a725129587b67d9ce45c7bd,312,16,比亚迪,元,https://p9-dcd.byteimg.com/motor-mis-img/ec50eeb09ac2e96566b2fec44b93cb3c~tplv-f042mdwyw7-original:tplv-resize:640:0.image?psm=motor.pc_sh.api,1,0,,,0,0,0,dongchedi_usedcar_series,2026-07-08T21:14:45+08:00
841f41ba099f2115f29554d4,314,16,比亚迪,宋,https://p9-dcd.byteimg.com/motor-mis-img/fd50d06508c85a731e5f5dfb138de235~tplv-f042mdwyw7-original:tplv-resize:640:0.image?psm=motor.pc_sh.api,1,0,,,0,0,0,dongchedi_usedcar_series,2026-07-08T21:14:45+08:00
03f2c706b8f5465da9b39acd,315,16,比亚迪,宋DM,https://p9-dcd.byteimg.com/motor-mis-img/495ba60521f5def458e0bf25aab2b3de~tplv-f042mdwyw7-original:tplv-resize:640:0.image?psm=motor.pc_sh.api,1,0,,,0,0,0,dongchedi_usedcar_series,2026-07-08T21:14:45+08:00
b3f8dda1ba70bb4de866c8d8,316,16,比亚迪,比亚迪S7,https://p9-dcd.byteimg.com/motor-mis-img/5add545e864df3a9dfa53f4955c7869f~tplv-f042mdwyw7-original:tplv-resize:640:0.image?psm=motor.pc_sh.api,1,0,,,0,0,0,dongchedi_usedcar_series,2026-07-08T21:14:45+08:00
1374f3d945c6735c63ec0f74,317,16,比亚迪,比亚迪S6,https://p9-dcd.byteimg.com/motor-mis-img/3e0c765582ff87fb32bd5c045edd3d69~tplv-f042mdwyw7-original:tplv-resize:640:0.image?psm=motor.pc_sh.api,1,0,,,0,0,0,dongchedi_usedcar_series,2026-07-08T21:14:45+08:00
56968fe37cfadf7c1c1e467a,318,16,比亚迪,比亚迪M6,https://p9-dcd.byteimg.com/motor-mis-img/0c0caf46a155572380b5ac67f92ac068~tplv-f042mdwyw7-original:tplv-resize:640:0.image?psm=motor.pc_sh.api,1,0,,,0,0,0,dongchedi_usedcar_series,2026-07-08T21:14:45+08:00
b2fdea7a49811bc9b74cc65a,319,16,比亚迪,比亚迪e6,https://p9-dcd.byteimg.com/motor-mis-img/0d778001f8d05ecf1d28dd7a2c0e2e8a~tplv-f042mdwyw7-original:tplv-resize:640:0.image?psm=motor.pc_sh.api,1,0,,,0,0,0,dongchedi_usedcar_series,2026-07-08T21:14:45+08:00
2aac216d54ac9841fa3263c9,322,61,标致,标致207(进口),https://p3-dcd.byteimg.com/motor-mis-img/8a186c2610e80696d8457765671bec4e~tplv-f042mdwyw7-original:tplv-resize:640:0.image?psm=motor.pc_sh.api,1,0,,,0,0,0,dongchedi_usedcar_series,2026-07-08T21:14:45+08:00
fed026b993939f7fb3a630d9,324,61,标致,标致308(进口),https://p3-dcd.byteimg.com/tos-cn-i-dcdx/d779c5ef280e4025bc13aee550dae79f~tplv-f042mdwyw7-original:tplv-resize:640:0.image?psm=motor.pc_sh.api,1,0,,,0,0,0,dongchedi_usedcar_series,2026-07-08T21:14:45+08:00
9c0848c14b7fb3fa0fdcaa8a,327,61,标致,标致4008(进口),https://p3-dcd.byteimg.com/motor-mis-img/a1d728243959f8d2dc4acd1e7a86e32e~tplv-f042mdwyw7-original:tplv-resize:640:0.image?psm=motor.pc_sh.api,1,0,,,0,0,0,dongchedi_usedcar_series,2026-07-08T21:14:45+08:00
1749e04e2b3d4b2b7f3bf74d,329,61,标致,标致RCZ,https://p3-dcd.byteimg.com/motor-mis-img/db0d0654df316bb443c1342825d9ca44~tplv-f042mdwyw7-original:tplv-resize:640:0.image?psm=motor.pc_sh.api,1,0,,,0,0,0,dongchedi_usedcar_series,2026-07-08T21:14:45+08:00
d3856f8f66a07b3a76392657,331,61,标致,标致207,https://p3-dcd.byteimg.com/motor-mis-img/9c6d9eee065de2985d91abbb00846b7c~tplv-f042mdwyw7-original:tplv-resize:640:0.image?psm=motor.pc_sh.api,1,0,,,0,0,0,dongchedi_usedcar_series,2026-07-08T21:14:45+08:00
c07e3b0b455a6dd8b0776508,332,61,标致,标致307,https://p3-dcd.byteimg.com/motor-mis-img/61613ece21c378fe21b970300aff6ac0~tplv-f042mdwyw7-original:tplv-resize:640:0.image?psm=motor.pc_sh.api,1,0,,,0,0,0,dongchedi_usedcar_series,2026-07-08T21:14:45+08:00
0a2e267b34aee71d67156426,333,61,标致,标致308,https://p3-dcd.byteimg.com/motor-mis-img/df0661eb62f995372a6c2c7d17ab5582~tplv-f042mdwyw7-original:tplv-resize:640:0.image?psm=motor.pc_sh.api,1,0,,,0,0,0,dongchedi_usedcar_series,2026-07-08T21:14:45+08:00
cd23c554b592c0c033549548,334,61,标致,标致308S,https://p3-dcd.byteimg.com/motor-mis-img/cf85518df55d3eef881a6c49f9c32faa~tplv-f042mdwyw7-original:tplv-resize:640:0.image?psm=motor.pc_sh.api,1,0,,,0,0,0,dongchedi_usedcar_series,2026-07-08T21:14:45+08:00
5dcd4ff4a5265f998ac2b3b0,335,61,标致,标致301,https://p3-dcd.byteimg.com/motor-mis-img/9033547e7dd613ff86a83621a621e2c5~tplv-f042mdwyw7-original:tplv-resize:640:0.image?psm=motor.pc_sh.api,1,0,,,0,0,0,dongchedi_usedcar_series,2026-07-08T21:14:45+08:00
5d3b0cd13aa597667f36b6a6,336,61,标致,标致408,https://p9-dcd.byteimg.com/motor-mis-img/e734863947662cd987a9be96b479f828~tplv-resize:640:0.png?psm=motor.rank.data,3,161,销量榜,29,2,74,76,dongchedi_ranking|dongchedi_usedcar_series,2026-07-08T21:14:45+08:00
ea0ba45da1e53dfd8bc85edd,337,61,标致,标致508L,https://p9-dcd.byteimg.com/tos-cn-i-dcdx/e3b8a7573b784ab388129d474b434366~tplv-resize:640:0.png?psm=motor.rank.data,3,161,销量榜,59,5,24,29,dongchedi_ranking|dongchedi_usedcar_series,2026-07-08T21:14:45+08:00
4eb0c975524e46a84a7ce1aa,338,61,标致,标致2008,https://p3-dcd.byteimg.com/motor-mis-img/6b4e64ab6004f080dee3bd0eb61b322a~tplv-f042mdwyw7-original:tplv-resize:640:0.image?psm=motor.pc_sh.api,1,0,,,0,0,0,dongchedi_usedcar_series,2026-07-08T21:14:45+08:00
12b04ba5200fb46e5c3405d9,339,61,标致,标致3008,https://p3-dcd.byteimg.com/motor-mis-img/71758c4dc51a1606ef3ce4b7889b6d94~tplv-f042mdwyw7-original:tplv-resize:640:0.image?psm=motor.pc_sh.api,1,0,,,0,0,0,dongchedi_usedcar_series,2026-07-08T21:14:45+08:00
af0650a54fc10bcdbc276e2a,340,61,标致,标致4008,https://p9-dcd.byteimg.com/motor-mis-img/736419b6347a430fa6ef5941234c9513~tplv-resize:640:0.png?psm=motor.rank.data,3,154,销量榜,69,3,37,40,dongchedi_ranking|dongchedi_usedcar_series,2026-07-08T21:14:45+08:00
0150fed61947e040278a958b,341,61,标致,标致5008,https://p9-dcd.byteimg.com/tos-cn-i-dcdx/1f931bd350aa4763af406408b1b2c70f~tplv-resize:640:0.png?psm=motor.rank.data,3,161,销量榜,67,2,43,45,dongchedi_ranking|dongchedi_usedcar_series,2026-07-08T21:14:45+08:00
4d7c0cab03c3dcd2b15c00a0,342,12,别克,昂科雷,https://p9-dcd.byteimg.com/tos-cn-i-dcdx/729ead0d0251444abfaee673f57ba5b8~tplv-f042mdwyw7-original:tplv-resize:640:0.image?psm=motor.pc_sh.api,1,0,,,0,0,0,dongchedi_usedcar_series,2026-07-08T21:14:45+08:00
b5d6bc3e5ee99ee7c35e66e6,343,12,别克,凯越,https://p9-dcd.byteimg.com/motor-mis-img/188890f35fa5376c8a327b3a2f8cf11a~tplv-f042mdwyw7-original:tplv-resize:640:0.image?psm=motor.pc_sh.api,1,0,,,0,0,0,dongchedi_usedcar_series,2026-07-08T21:14:45+08:00
f8ef306d7751b94cef850372,344,12,别克,英朗,https://p9-dcd.byteimg.com/motor-mis-img/9b938497832d0c174a5e939c64499fd4~tplv-f042mdwyw7-original:tplv-resize:640:0.image?psm=motor.pc_sh.api,1,0,,,0,0,0,dongchedi_usedcar_series,2026-07-08T21:14:45+08:00
b9d85eeb41b8f80c462ba866,345,12,别克,威朗,https://p9-dcd.byteimg.com/tos-cn-i-dcdx/bccfb791bf1e44de828e1963ca64bc74~tplv-resize:640:0.png?psm=motor.rank.data,3,218,销量榜,44,4,51,55,dongchedi_ranking|dongchedi_usedcar_series,2026-07-08T21:14:45+08:00
c2ab8fde8d9a251d281e6dc7,346,12,别克,VELITE 5,https://p9-dcd.byteimg.com/motor-mis-img/c0b541ecc65dbf577d9457f2169243ac~tplv-f042mdwyw7-original:tplv-resize:640:0.image?psm=motor.pc_sh.api,1,0,,,0,0,0,dongchedi_usedcar_series,2026-07-08T21:14:45+08:00
314967a934aa3f92a49ba3de,347,12,别克,君越,https://p9-dcd.byteimg.com/tos-cn-i-dcdx/8900f768debc40cbbeb15a500a4fee0a~tplv-resize:640:0.png?psm=motor.rank.data,3,161,销量榜,15,2,101,103,dongchedi_ranking|dongchedi_usedcar_series,2026-07-08T21:14:45+08:00
5d5574b69b25b6828abd7a17,348,12,别克,君威,https://p9-dcd.byteimg.com/tos-cn-i-dcdx/1ca5dc0a6f3b422992f8751ecff1fc75~tplv-resize:640:0.png?psm=motor.rank.data,3,161,销量榜,31,2,113,115,dongchedi_ranking|dongchedi_usedcar_series,2026-07-08T21:14:45+08:00
e0a0b90eb17ebb7fd321f5f0,350,12,别克,林荫大道,https://p9-dcd.byteimg.com/motor-mis-img/c83e4f5db46e7c39e7231ad9be941250~tplv-f042mdwyw7-original:tplv-resize:640:0.image?psm=motor.pc_sh.api,1,0,,,0,0,0,dongchedi_usedcar_series,2026-07-08T21:14:45+08:00
1a754e2b2a2f189490743369,351,12,别克,昂科拉,https://p9-dcd.byteimg.com/motor-mis-img/43b74400761d97d30c2759988f88d857~tplv-f042mdwyw7-original:tplv-resize:640:0.image?psm=motor.pc_sh.api,1,0,,,0,0,0,dongchedi_usedcar_series,2026-07-08T21:14:45+08:00
d2ac2c0dde8053aa0dcfd777,352,12,别克,昂科威,https://p9-dcd.byteimg.com/tos-cn-i-dcdx/dc18eb3ac0974de39301da05d78203e4~tplv-resize:640:0.png?psm=motor.rank.data,3,161,销量榜,12,3,78,81,dongchedi_ranking|dongchedi_usedcar_series,2026-07-08T21:14:45+08:00
042ee1b3353ce0d12d75e313,353,12,别克,别克GL8,https://p9-dcd.byteimg.com/tos-cn-i-dcdx/101a350c342f4960866dd96f321cacb8~tplv-resize:640:0.png?psm=motor.rank.data,3,218,销量榜,2,6,153,159,dongchedi_ranking|dongchedi_usedcar_series,2026-07-08T21:14:45+08:00
bc8cdd6d739c2f76022e2bbe,354,47,宾利,慕尚,https://p3-dcd.byteimg.com/motor-mis-img/4a55a6d5dee553e3f639150a0f4bfd4a~tplv-f042mdwyw7-original:tplv-resize:640:0.image?psm=motor.pc_sh.api,1,0,,,0,0,0,dongchedi_usedcar_series,2026-07-08T21:14:45+08:00
a6e0fc8cdd06d8ac0757ef52,355,47,宾利,飞驰,https://p3-dcd.byteimg.com/motor-mis-img/7e5204ad205f852378dc1d6e81060b85~tplv-f042mdwyw7-original:tplv-resize:640:0.image?psm=motor.pc_sh.api,1,0,,,0,0,0,dongchedi_usedcar_series,2026-07-08T21:14:45+08:00
29ad8557545d1be338bc450d,356,47,宾利,雅致,https://p3-dcd.byteimg.com/motor-mis-img/144c2de6fdfca2cbbef6d1a2de570fd6~tplv-f042mdwyw7-original:tplv-resize:640:0.image?psm=motor.pc_sh.api,1,0,,,0,0,0,dongchedi_usedcar_series,2026-07-08T21:14:45+08:00
8913785a1e455edcc52d38c2,357,47,宾利,添越,https://p3-dcd.byteimg.com/tos-cn-i-dcdx/247b79179aba4c5899123df9959419b5~tplv-f042mdwyw7-original:tplv-resize:640:0.image?psm=motor.pc_sh.api,1,0,,,0,0,0,dongchedi_usedcar_series,2026-07-08T21:14:45+08:00
a2b859db32376a9e9a40639e,358,47,宾利,欧陆,https://p3-dcd.byteimg.com/tos-cn-i-dcdx/1d2907772bdd4670864b07652356c136~tplv-f042mdwyw7-original:tplv-resize:640:0.image?psm=motor.pc_sh.api,1,0,,,0,0,0,dongchedi_usedcar_series,2026-07-08T21:14:45+08:00
da2b78a8303ba0d07f3cc253,361,60,北汽昌河,北汽昌河Q25,https://p9-dcd.byteimg.com/motor-mis-img/0b1fcd1ad535d71ac26a86d44e6e1634~tplv-f042mdwyw7-original:tplv-resize:640:0.image?psm=motor.pc_sh.api,1,0,,,0,0,0,dongchedi_usedcar_series,2026-07-08T21:14:45+08:00
b33209313610d1bc84768cbb,362,60,北汽昌河,北汽昌河Q35,https://p9-dcd.byteimg.com/motor-mis-img/532ed5fd4e3f243da91ffa856294649c~tplv-f042mdwyw7-original:tplv-resize:640:0.image?psm=motor.pc_sh.api,1,0,,,0,0,0,dongchedi_usedcar_series,2026-07-08T21:14:45+08:00
ec2ea08c7255d192e4dd4b4c,363,60,北汽昌河,北汽昌河M70,https://p9-dcd.byteimg.com/motor-mis-img/0baaa5aacdf6b5f775fe8797e015da1d~tplv-f042mdwyw7-original:tplv-resize:640:0.image?psm=motor.pc_sh.api,1,0,,,0,0,0,dongchedi_usedcar_series,2026-07-08T21:14:45+08:00
353305e477748f08ff78c1bb,368,60,北汽昌河,北汽昌河M50S,https://p9-dcd.byteimg.com/motor-mis-img/7d7c6374f050cb883b535d0df22575c0~tplv-f042mdwyw7-original:tplv-resize:640:0.image?psm=motor.pc_sh.api,1,0,,,0,0,0,dongchedi_usedcar_series,2026-07-08T21:14:45+08:00
ccd030af7ab9b9c66fa8b592,374,1,大众,大众up!,https://p3-dcd.byteimg.com/motor-mis-img/df52c6071941955f8b007bb705c92af0~tplv-f042mdwyw7-original:tplv-resize:640:0.image?psm=motor.pc_sh.api,1,0,,,0,0,0,dongchedi_usedcar_series,2026-07-08T21:14:45+08:00
a386190d1d42d5f26534bcfd,375,1,大众,大众e-up!,https://p3-dcd.byteimg.com/motor-mis-img/9024031f5450fba36a3ebab817105fb2~tplv-f042mdwyw7-original:tplv-resize:640:0.image?psm=motor.pc_sh.api,1,0,,,0,0,0,dongchedi_usedcar_series,2026-07-08T21:14:45+08:00
23474d843c41839644760f6e,376,1,大众,甲壳虫,https://p3-dcd.byteimg.com/motor-mis-img/ab66e7df47933163e8015275bb306774~tplv-f042mdwyw7-original:tplv-resize:640:0.image?psm=motor.pc_sh.api,1,0,,,0,0,0,dongchedi_usedcar_series,2026-07-08T21:14:45+08:00
85191747ab1d98a1a1fb7350,377,1,大众,高尔夫(进口),https://p3-dcd.byteimg.com/tos-cn-i-dcdx/bfa7515dcea54d0a84da6618a8dd40ec~tplv-f042mdwyw7-original:tplv-resize:640:0.image?psm=motor.pc_sh.api,1,0,,,0,0,0,dongchedi_usedcar_series,2026-07-08T21:14:45+08:00
d164689fbadaec35bb43b6ab,379,1,大众,Passat,https://p3-dcd.byteimg.com/motor-mis-img/87f727a9c895205a2cedbf7be4638499~tplv-f042mdwyw7-original:tplv-resize:640:0.image?psm=motor.pc_sh.api,1,0,,,0,0,0,dongchedi_usedcar_series,2026-07-08T21:14:45+08:00
3cbb56c0c859bb198227fb52,380,1,大众,蔚揽,https://p3-dcd.byteimg.com/motor-mis-img/f4ac2d6b7899d47bfc9b382086d087c9~tplv-f042mdwyw7-original:tplv-resize:640:0.image?psm=motor.pc_sh.api,1,0,,,0,0,0,dongchedi_usedcar_series,2026-07-08T21:14:45+08:00
264b20590708bccc33c3accd,381,1,大众,迈腾(进口),https://p3-dcd.byteimg.com/motor-mis-img/b4f4acceff31d0e103eee83165651675~tplv-f042mdwyw7-original:tplv-resize:640:0.image?psm=motor.pc_sh.api,1,0,,,0,0,0,dongchedi_usedcar_series,2026-07-08T21:14:45+08:00
767313601dda38676b1d17b0,382,1,大众,大众CC(进口),https://p3-dcd.byteimg.com/motor-mis-img/e74855fb1d42134b32680c5cc1342e13~tplv-f042mdwyw7-original:tplv-resize:640:0.image?psm=motor.pc_sh.api,1,0,,,0,0,0,dongchedi_usedcar_series,2026-07-08T21:14:45+08:00
2c683d06bf2915ddefb77733,383,1,大众,辉腾,https://p3-dcd.byteimg.com/motor-mis-img/1be6e04408c9001d59a5a3c196b47cde~tplv-f042mdwyw7-original:tplv-resize:640:0.image?psm=motor.pc_sh.api,1,0,,,0,0,0,dongchedi_usedcar_series,2026-07-08T21:14:45+08:00
707675132686b2e80a9b6a38,384,1,大众,Tiguan,https://p3-dcd.byteimg.com/motor-mis-img/105ced51d00eb5772af3f269f1a96223~tplv-f042mdwyw7-original:tplv-resize:640:0.image?psm=motor.pc_sh.api,1,0,,,0,0,0,dongchedi_usedcar_series,2026-07-08T21:14:45+08:00
98a4d2c44dd7ccb8e7cd1d29,385,1,大众,途锐,https://p3-dcd.byteimg.com/tos-cn-i-dcdx/da8b0912e72847b78a431aa58445d6fc~tplv-f042mdwyw7-original:tplv-resize:640:0.image?psm=motor.pc_sh.api,1,0,,,0,0,0,dongchedi_usedcar_series,2026-07-08T21:14:45+08:00
9724b740fa08f06f50f3442c,386,1,大众,夏朗,https://p3-dcd.byteimg.com/motor-mis-img/965d000fb45bce785ca139e37206ef28~tplv-f042mdwyw7-original:tplv-resize:640:0.image?psm=motor.pc_sh.api,1,0,,,0,0,0,dongchedi_usedcar_series,2026-07-08T21:14:45+08:00
ad56bf894198b30dac21d387,387,1,大众,迈特威,https://p3-dcd.byteimg.com/motor-mis-img/9c3694fee82660277fa4ba183de941cb~tplv-f042mdwyw7-original:tplv-resize:640:0.image?psm=motor.pc_sh.api,1,0,,,0,0,0,dongchedi_usedcar_series,2026-07-08T21:14:45+08:00
86aba31bdf32721fa431f0b1,388,1,大众,凯路威,https://p3-dcd.byteimg.com/motor-mis-img/c4dc9951baa3f52910c49c52ecf38b7d~tplv-f042mdwyw7-original:tplv-resize:640:0.image?psm=motor.pc_sh.api,1,0,,,0,0,0,dongchedi_usedcar_series,2026-07-08T21:14:45+08:00
5624b63e2c7ff254eb3b329b,389,1,大众,尚酷,https://p3-dcd.byteimg.com/motor-mis-img/88d5970fae538fcb0e9c6a7376918662~tplv-f042mdwyw7-original:tplv-resize:640:0.image?psm=motor.pc_sh.api,1,0,,,0,0,0,dongchedi_usedcar_series,2026-07-08T21:14:45+08:00
4a58c8ed00a3a8f4821078c2,390,1,大众,大众Eos,https://p3-dcd.byteimg.com/motor-mis-img/f5e4bbc0f96a768becbe7f3967544f26~tplv-f042mdwyw7-original:tplv-resize:640:0.image?psm=motor.pc_sh.api,1,0,,,0,0,0,dongchedi_usedcar_series,2026-07-08T21:14:45+08:00
89f508630d9d3565677779c0,391,1,大众,Polo,https://p3-dcd.byteimg.com/tos-cn-i-dcdx/a6ee19f8cb8b4ad8bab7f2b3cb0e4fa1~tplv-f042mdwyw7-original:tplv-resize:640:0.image?psm=motor.pc_sh.api,1,0,,,0,0,0,dongchedi_usedcar_series,2026-07-08T21:14:45+08:00
935ab58fac15651293f5550c,393,1,大众,朗逸,https://p9-dcd.byteimg.com/tos-cn-i-dcdx/32129dbc6b824b1abf2e2388c1890b95~tplv-resize:640:0.png?psm=motor.rank.data,3,218,销量榜,1,20,146,166,dongchedi_ranking|dongchedi_usedcar_series,2026-07-08T21:14:45+08:00
643d51b63bef97c8b1b17a82,394,1,大众,桑塔纳,https://p3-dcd.byteimg.com/motor-mis-img/1d30e0ba37d12cbaf4dd24f94569a219~tplv-f042mdwyw7-original:tplv-resize:640:0.image?psm=motor.pc_sh.api,1,0,,,0,0,0,dongchedi_usedcar_series,2026-07-08T21:14:45+08:00
b46dcf3db398d8bdff9e98c8,395,1,大众,朗行,https://p3-dcd.byteimg.com/motor-mis-img/aca3dbc961e7316bbf8370ad3358f422~tplv-f042mdwyw7-original:tplv-resize:640:0.image?psm=motor.pc_sh.api,1,0,,,0,0,0,dongchedi_usedcar_series,2026-07-08T21:14:45+08:00
70468131d6e884fe39f1ea48,396,1,大众,朗境,https://p3-dcd.byteimg.com/motor-mis-img/997c839d127572771c68f1772b71f361~tplv-f042mdwyw7-original:tplv-resize:640:0.image?psm=motor.pc_sh.api,1,0,,,0,0,0,dongchedi_usedcar_series,2026-07-08T21:14:45+08:00
8adeaf21e47a523d9dae3199,397,1,大众,凌渡,https://p9-dcd.byteimg.com/tos-cn-i-dcdx/4b1f18ece99a4a14b61734c75cbccd86~tplv-resize:640:0.png?psm=motor.rank.data,3,161,销量榜,35,11,47,58,dongchedi_ranking|dongchedi_usedcar_series,2026-07-08T21:14:45+08:00
bb30abb7b37eba76e1e14105,398,1,大众,帕萨特,https://p9-dcd.byteimg.com/tos-cn-i-dcdx/b4285df0389c47399c7f0fa8d52a8334~tplv-resize:640:0.png?psm=motor.rank.data,3,275,销量榜,1,16,215,231,dongchedi_ranking|dongchedi_usedcar_series,2026-07-08T21:14:45+08:00
8eaef522905b752d8aa85374,399,1,大众,桑塔纳经典,https://p3-dcd.byteimg.com/motor-mis-img/45dc38cd3f87a8f849ef56bac9dbce9a~tplv-f042mdwyw7-original:tplv-resize:640:0.image?psm=motor.pc_sh.api,1,0,,,0,0,0,dongchedi_usedcar_series,2026-07-08T21:14:45+08:00
3aad81e15580c9420d51103c,400,1,大众,桑塔纳志俊,https://p3-dcd.byteimg.com/motor-mis-img/e7bc54f2b18335913fee09de6bc6e037~tplv-f042mdwyw7-original:tplv-resize:640:0.image?psm=motor.pc_sh.api,1,0,,,0,0,0,dongchedi_usedcar_series,2026-07-08T21:14:45+08:00
cf80f66510d44037147a0fe5,401,1,大众,Passat领驭,https://p3-dcd.byteimg.com/motor-mis-img/538da4f87d5fbbb321104c2433f6a0ec~tplv-f042mdwyw7-original:tplv-resize:640:0.image?psm=motor.pc_sh.api,1,0,,,0,0,0,dongchedi_usedcar_series,2026-07-08T21:14:45+08:00
84b7705185f4c4e82945dd1b,402,1,大众,辉昂,https://p3-dcd.byteimg.com/motor-mis-img/83ea15115e6f0f60f15837da6dea8470~tplv-f042mdwyw7-original:tplv-resize:640:0.image?psm=motor.pc_sh.api,1,0,,,0,0,0,dongchedi_usedcar_series,2026-07-08T21:14:45+08:00
cec76c2e67a190b63dee5f87,403,1,大众,途观,https://p3-dcd.byteimg.com/motor-mis-img/eee89fe88894f0d3354cebdc79916f37~tplv-f042mdwyw7-original:tplv-resize:640:0.image?psm=motor.pc_sh.api,1,0,,,0,0,0,dongchedi_usedcar_series,2026-07-08T21:14:45+08:00
ee49e0bcebd1f4bd664dc960,404,1,大众,途观L,https://p9-dcd.byteimg.com/tos-cn-i-dcdx/531775569f224f82a4f363c9ae6461f7~tplv-resize:640:0.png?psm=motor.rank.data,3,218,销量榜,1,7,99,106,dongchedi_ranking|dongchedi_usedcar_series,2026-07-08T21:14:45+08:00
0c85a98cc1bb774e553a5210,405,1,大众,途昂,https://p9-dcd.byteimg.com/tos-cn-i-dcdx/3a9fd474f4514a36b166ef56106ed877~tplv-resize:640:0.png?psm=motor.rank.data,3,218,销量榜,24,8,159,167,dongchedi_ranking|dongchedi_usedcar_series,2026-07-08T21:14:45+08:00
ab0b821fffcd7187cf7a2251,406,1,大众,途安,https://p3-dcd.byteimg.com/motor-mis-img/1ab64bad58bca063c15a63ea3023d638~tplv-f042mdwyw7-original:tplv-resize:640:0.image?psm=motor.pc_sh.api,1,0,,,0,0,0,dongchedi_usedcar_series,2026-07-08T21:14:45+08:00
e46e83f270598c45b5a98f4a,407,1,大众,途安L,https://p9-dcd.byteimg.com/motor-mis-img/20f107b28a94a16705865e9b91e79819~tplv-resize:640:0.png?psm=motor.rank.data,3,161,销量榜,13,5,32,37,dongchedi_ranking|dongchedi_usedcar_series,2026-07-08T21:14:45+08:00
d7325a831ae85401c6e850be,408,1,大众,捷达,https://p3-dcd.byteimg.com/motor-mis-img/528ae04d6b2ac897f02cadfa60392dbd~tplv-f042mdwyw7-original:tplv-resize:640:0.image?psm=motor.pc_sh.api,1,0,,,0,0,0,dongchedi_usedcar_series,2026-07-08T21:14:45+08:00
cba4e194fa2141a19f17a445,409,1,大众,宝来,https://p9-dcd.byteimg.com/tos-cn-i-dcdx/6569140387014329aaee5c92ae4a3fa1~tplv-resize:640:0.png?psm=motor.rank.data,3,218,销量榜,4,6,164,170,dongchedi_ranking|dongchedi_usedcar_series,2026-07-08T21:14:45+08:00
9e7018ad17644f52a3c0dd37,410,1,大众,高尔夫,https://p9-dcd.byteimg.com/tos-cn-i-dcdx/0f440cb25eb44df2bfb42ed25548a563~tplv-resize:640:0.png?psm=motor.rank.data,3,218,销量榜,18,3,139,142,dongchedi_ranking|dongchedi_usedcar_series,2026-07-08T21:14:45+08:00
ed8864479dbaf1901a19f438,411,1,大众,高尔夫·嘉旅,https://p3-dcd.byteimg.com/motor-mis-img/964cbbb3005900f5bc0925d43fb43094~tplv-f042mdwyw7-original:tplv-resize:640:0.image?psm=motor.pc_sh.api,1,0,,,0,0,0,dongchedi_usedcar_series,2026-07-08T21:14:45+08:00
7c53f001962ebc06e4e17f43,412,1,大众,C-TREK蔚领,https://p3-dcd.byteimg.com/motor-mis-img/ab57c8af603c88cb66142a52c085dcd0~tplv-f042mdwyw7-original:tplv-resize:640:0.image?psm=motor.pc_sh.api,1,0,,,0,0,0,dongchedi_usedcar_series,2026-07-08T21:14:45+08:00
d7d5ff46b968b0916eaddc3e,413,1,大众,宝来经典,https://p3-dcd.byteimg.com/motor-mis-img/5bd0aac565e5a18369cae8ce90bc42aa~tplv-f042mdwyw7-original:tplv-resize:640:0.image?psm=motor.pc_sh.api,1,0,,,0,0,0,dongchedi_usedcar_series,2026-07-08T21:14:45+08:00
ddeeb5dc1cd86925816e3ad2,414,1,大众,速腾,https://p9-dcd.byteimg.com/tos-cn-i-dcdx/15379fc13832440dadce67e9c325d1ea~tplv-resize:640:0.png?psm=motor.rank.data,3,275,销量榜,1,9,201,210,dongchedi_ranking|dongchedi_usedcar_series,2026-07-08T21:14:45+08:00
5bb38e52d80425ebfc3af7c6,415,1,大众,迈腾,https://p9-dcd.byteimg.com/tos-cn-i-dcdx/af209a0bc7a548a89dc86b1062cac9c7~tplv-resize:640:0.png?psm=motor.rank.data,3,218,销量榜,3,13,143,156,dongchedi_ranking|dongchedi_usedcar_series,2026-07-08T21:14:45+08:00
89fde785f3a131282420b3ba,416,1,大众,大众CC,https://p9-dcd.byteimg.com/motor-mis-img/bc1a1cfcace04020b804932bd5c78749~tplv-resize:640:0.png?psm=motor.rank.data,3,161,销量榜,42,3,91,94,dongchedi_ranking|dongchedi_usedcar_series,2026-07-08T21:14:45+08:00
8ee7dc0d4298e959e65fbef0,417,1,大众,开迪,https://p3-dcd.byteimg.com/motor-mis-img/e39db403dd3eab429bced83d6a87deca~tplv-f042mdwyw7-original:tplv-resize:640:0.image?psm=motor.pc_sh.api,1,0,,,0,0,0,dongchedi_usedcar_series,2026-07-08T21:14:45+08:00
c8776960a28abc8b140ffe91,420,54,道奇,酷威,https://p3-dcd.byteimg.com/motor-mis-img/249ab2615ab1b2f7225b4debdea6551d~tplv-f042mdwyw7-original:tplv-resize:640:0.image?psm=motor.pc_sh.api,1,0,,,0,0,0,dongchedi_usedcar_series,2026-07-08T21:14:45+08:00
99a76e26d9e423811ce62d32,421,453,RAM,RAM Trucks,https://p3-dcd.byteimg.com/tos-cn-i-dcdx/01a871638b244ee78c67f80ae31e8fca~tplv-f042mdwyw7-original:tplv-resize:640:0.image?psm=motor.pc_sh.api,1,0,,,0,0,0,dongchedi_usedcar_series,2026-07-08T21:14:45+08:00
df602483ea24ac6ca254ca16,422,37,东风风神,东风A9,https://p3-dcd.byteimg.com/motor-mis-img/bc9592ae073a4ca0d46127207b111653~tplv-f042mdwyw7-original:tplv-resize:640:0.image?psm=motor.pc_sh.api,1,0,,,0,0,0,dongchedi_usedcar_series,2026-07-08T21:14:45+08:00
56548defd88a8d551aa5ab3a,426,91,东风,御风,https://p3-dcd.byteimg.com/tos-cn-i-dcdx/5cf943c0df2c4e60838ff21547e47b1f~tplv-f042mdwyw7-original:tplv-resize:640:0.image?psm=motor.pc_sh.api,1,0,,,0,0,0,dongchedi_usedcar_series,2026-07-08T21:14:45+08:00
dcc93aaa338c97f719050bb3,428,91,东风,帅客,https://p3-dcd.byteimg.com/motor-mis-img/0475d3950151f6840d6cf5487e5344c0~tplv-f042mdwyw7-original:tplv-resize:640:0.image?psm=motor.pc_sh.api,1,0,,,0,0,0,dongchedi_usedcar_series,2026-07-08T21:14:45+08:00
f9fc094ead23484a7305adf4,429,91,东风,锐骐,https://p3-dcd.byteimg.com/tos-cn-i-dcdx/431a9496b4fe424295d392a9dbd5a4a9~tplv-f042mdwyw7-original:tplv-resize:640:0.image?psm=motor.pc_sh.api,1,0,,,0,0,0,dongchedi_usedcar_series,2026-07-08T21:14:45+08:00
362aceecd05d4fa067e2c6a9,430,91,东风,锐骐多功能车,https://p3-dcd.byteimg.com/motor-mis-img/c5ca79227d9e5515ab2d35430a2af03c~tplv-f042mdwyw7-original:tplv-resize:640:0.image?psm=motor.pc_sh.api,1,0,,,0,0,0,dongchedi_usedcar_series,2026-07-08T21:14:45+08:00
7dfd17b0b399c49ea30c67a9,432,92,东风风度,东风风度MX5,https://p9-dcd.byteimg.com/motor-mis-img/728408b29461c97123561b0335f6207f~tplv-f042mdwyw7-original:tplv-resize:640:0.image?psm=motor.pc_sh.api,1,0,,,0,0,0,dongchedi_usedcar_series,2026-07-08T21:14:45+08:00
f4c033fce2b3cf1d52aa7a97,433,92,东风风度,东风风度MX6,https://p9-dcd.byteimg.com/motor-mis-img/f85c4fe519c7cef7085090d349117afe~tplv-f042mdwyw7-original:tplv-resize:640:0.image?psm=motor.pc_sh.api,1,0,,,0,0,0,dongchedi_usedcar_series,2026-07-08T21:14:45+08:00
309ab722f41ad5c7a067fc21,434,95,东风风光,风光360,https://p9-dcd.byteimg.com/motor-mis-img/07683f820c944fcdc1ec86c92a0c5242~tplv-f042mdwyw7-original:tplv-resize:640:0.image?psm=motor.pc_sh.api,1,0,,,0,0,0,dongchedi_usedcar_series,2026-07-08T21:14:45+08:00
e72abc2dabdb8cea345d65de,435,95,东风风光,风光370,https://p9-dcd.byteimg.com/motor-mis-img/ca9eacf9bec2349f2c71f7ed0e1fb88a~tplv-f042mdwyw7-original:tplv-resize:640:0.image?psm=motor.pc_sh.api,1,0,,,0,0,0,dongchedi_usedcar_series,2026-07-08T21:14:45+08:00
fc324cf75c62009c3bfd5a33,436,95,东风风光,风光580,https://p9-dcd.byteimg.com/motor-mis-img/81ce7abfa259e4a8e2764f1000f284d5~tplv-resize:640:0.png?psm=motor.rank.data,3,28,销量榜,212,2,43,45,dongchedi_ranking|dongchedi_usedcar_series,2026-07-08T21:14:45+08:00
cb4384f70f0ef7e59353300b,437,95,东风风光,风光330,https://p9-dcd.byteimg.com/motor-mis-img/6f7c31bce10482b0e6b2db15654441e8~tplv-f042mdwyw7-original:tplv-resize:640:0.image?psm=motor.pc_sh.api,1,0,,,0,0,0,dongchedi_usedcar_series,2026-07-08T21:14:45+08:00
f5a85499ba3c63aa7f9a80c1,439,70,东风风行,景逸S50,https://p3-dcd.byteimg.com/motor-mis-img/3409e6e75f5f78da1b91a2267ed343aa~tplv-f042mdwyw7-original:tplv-resize:640:0.image?psm=motor.pc_sh.api,1,0,,,0,0,0,dongchedi_usedcar_series,2026-07-08T21:14:45+08:00
cb79147a60e01d37bea42245,440,70,东风风行,景逸XV,https://p3-dcd.byteimg.com/motor-mis-img/a4d0f87f185538464c1d39e614d1f86b~tplv-f042mdwyw7-original:tplv-resize:640:0.image?psm=motor.pc_sh.api,1,0,,,0,0,0,dongchedi_usedcar_series,2026-07-08T21:14:45+08:00
a585dff48fcbb8fd02eff352,441,70,东风风行,景逸X3,https://p3-dcd.byteimg.com/motor-mis-img/bae582923d54731017b2bd1da4f2013f~tplv-f042mdwyw7-original:tplv-resize:640:0.image?psm=motor.pc_sh.api,1,0,,,0,0,0,dongchedi_usedcar_series,2026-07-08T21:14:45+08:00
8c9801063aef6eb9dc0c01a7,442,70,东风风行,景逸X5,https://p3-dcd.byteimg.com/motor-mis-img/5137240509c8860e71829c1075824c4a~tplv-f042mdwyw7-original:tplv-resize:640:0.image?psm=motor.pc_sh.api,1,0,,,0,0,0,dongchedi_usedcar_series,2026-07-08T21:14:45+08:00
d380fcbdc4ace8dfac2c6098,443,70,东风风行,风行SX6,https://p3-dcd.byteimg.com/motor-mis-img/66524efa9e41c4510b5257d4506bc779~tplv-f042mdwyw7-original:tplv-resize:640:0.image?psm=motor.pc_sh.api,1,0,,,0,0,0,dongchedi_usedcar_series,2026-07-08T21:14:45+08:00
39a463c78e3e576f5b16493c,444,70,东风风行,景逸SUV,https://p3-dcd.byteimg.com/motor-mis-img/ddf2f5fe0428d27746931d641994cd5b~tplv-f042mdwyw7-original:tplv-resize:640:0.image?psm=motor.pc_sh.api,1,0,,,0,0,0,dongchedi_usedcar_series,2026-07-08T21:14:45+08:00
49f0943d5e70f91229933977,445,70,东风风行,菱智,https://p9-dcd.byteimg.com/tos-cn-i-dcdx/15fe2dcf06d74df5974d3dcd07fb5f42~tplv-resize:640:0.png?psm=motor.rank.data,3,161,销量榜,3,25,387,412,dongchedi_ranking|dongchedi_usedcar_series,2026-07-08T21:14:45+08:00
971fc37cf5bc4cc58fe508e2,446,70,东风风行,风行CM7,https://p3-dcd.byteimg.com/motor-mis-img/50ab257fd3532ad33d0b1dea7a5f5169~tplv-f042mdwyw7-original:tplv-resize:640:0.image?psm=motor.pc_sh.api,1,0,,,0,0,0,dongchedi_usedcar_series,2026-07-08T21:14:45+08:00
b6475a03b82ddd0c0a60d300,447,70,东风风行,风行S500,https://p3-dcd.byteimg.com/motor-mis-img/ee2538ae42d9b2289dae89616a509080~tplv-f042mdwyw7-original:tplv-resize:640:0.image?psm=motor.pc_sh.api,1,0,,,0,0,0,dongchedi_usedcar_series,2026-07-08T21:14:45+08:00
b745923a094fb7e138f2d5f2,448,70,东风风行,风行F600,https://p3-dcd.byteimg.com/motor-mis-img/2ba1df5ae55ffdffeb1295a513677b43~tplv-f042mdwyw7-original:tplv-resize:640:0.image?psm=motor.pc_sh.api,1,0,,,0,0,0,dongchedi_usedcar_series,2026-07-08T21:14:45+08:00
bad5b509a95dc6ccadc22384,450,37,东风风神,东风风神S30,https://p3-dcd.byteimg.com/motor-mis-img/9716a899a0e4d11bf49c7c7215b06acd~tplv-f042mdwyw7-original:tplv-resize:640:0.image?psm=motor.pc_sh.api,1,0,,,0,0,0,dongchedi_usedcar_series,2026-07-08T21:14:45+08:00
1f98c4a0fd77d58705d244a6,451,37,东风风神,东风风神A60,https://p3-dcd.byteimg.com/motor-mis-img/6d448ac501035c41cbb2a83b6cbb892e~tplv-f042mdwyw7-original:tplv-resize:640:0.image?psm=motor.pc_sh.api,1,0,,,0,0,0,dongchedi_usedcar_series,2026-07-08T21:14:45+08:00
f2580036c5d3e97c848e7a89,452,37,东风风神,东风风神H30,https://p3-dcd.byteimg.com/motor-mis-img/7c5ed355e5a051aecc4cb05c29e4bd54~tplv-f042mdwyw7-original:tplv-resize:640:0.image?psm=motor.pc_sh.api,1,0,,,0,0,0,dongchedi_usedcar_series,2026-07-08T21:14:45+08:00
26d2920595fba41745d13cb3,453,37,东风风神,东风风神A30,https://p3-dcd.byteimg.com/motor-mis-img/9e4cc073b3847bc5a289f253a8ca048a~tplv-f042mdwyw7-original:tplv-resize:640:0.image?psm=motor.pc_sh.api,1,0,,,0,0,0,dongchedi_usedcar_series,2026-07-08T21:14:45+08:00
76e7155853e10eb665669a4d,454,37,东风风神,东风风神L60,https://p3-dcd.byteimg.com/motor-mis-img/ebeeaf4a79111d4d07f365f37396175e~tplv-f042mdwyw7-original:tplv-resize:640:0.image?psm=motor.pc_sh.api,1,0,,,0,0,0,dongchedi_usedcar_series,2026-07-08T21:14:45+08:00
ad88ad0b84584b8419f17d18,455,37,东风风神,东风风神AX3,https://p3-dcd.byteimg.com/motor-mis-img/05abb0df78a480ac40d5471a57183f50~tplv-f042mdwyw7-original:tplv-resize:640:0.image?psm=motor.pc_sh.api,1,0,,,0,0,0,dongchedi_usedcar_series,2026-07-08T21:14:45+08:00
241c2a8154ace090b1c43556,456,37,东风风神,东风风神AX5,https://p3-dcd.byteimg.com/tos-cn-i-dcdx/4f539661e4f640b3b72462ae5601b3d5~tplv-f042mdwyw7-original:tplv-resize:640:0.image?psm=motor.pc_sh.api,1,0,,,0,0,0,dongchedi_usedcar_series,2026-07-08T21:14:45+08:00
f07723925d8ea38d14f94fd9,457,37,东风风神,东风风神AX7,https://p3-dcd.byteimg.com/tos-cn-i-dcdx/c8a92c77c48e46d6966a9cd6fb1646e8~tplv-f042mdwyw7-original:tplv-resize:640:0.image?psm=motor.pc_sh.api,1,0,,,0,0,0,dongchedi_usedcar_series,2026-07-08T21:14:45+08:00
74f19061594f8e4326113c92,466,79,东风小康,东风小康K17,https://p3-dcd.byteimg.com/motor-mis-img/ff12a727a539ef264148b26e3f80c94b~tplv-f042mdwyw7-original:tplv-resize:640:0.image?psm=motor.pc_sh.api,1,0,,,0,0,0,dongchedi_usedcar_series,2026-07-08T21:14:45+08:00
ee0b44fe56388824319c40dc,468,79,东风小康,东风小康K07II,https://p3-dcd.byteimg.com/motor-mis-img/439014633e744509a2550513dc7dd7f5~tplv-f042mdwyw7-original:tplv-resize:640:0.image?psm=motor.pc_sh.api,1,0,,,0,0,0,dongchedi_usedcar_series,2026-07-08T21:14:45+08:00
165a1b74b45880e6e62197a7,470,79,东风小康,东风小康C37,https://p3-dcd.byteimg.com/motor-mis-img/5fa3461302efb4122e7c48d96312a03f~tplv-f042mdwyw7-original:tplv-resize:640:0.image?psm=motor.pc_sh.api,1,0,,,0,0,0,dongchedi_usedcar_series,2026-07-08T21:14:45+08:00
56787af8435aee57813bc5c3,471,79,东风小康,东风小康C35,https://p3-dcd.byteimg.com/tos-cn-i-dcdx/a8dab2e6cec5453d89f44daa073baa9c~tplv-f042mdwyw7-original:tplv-resize:640:0.image?psm=motor.pc_sh.api,1,0,,,0,0,0,dongchedi_usedcar_series,2026-07-08T21:14:45+08:00
e9e89b203dccd20cfbc89a78,473,79,东风小康,东风小康K07S,https://p3-dcd.byteimg.com/motor-mis-img/818fd6fcd76b192203d3688591116413~tplv-f042mdwyw7-original:tplv-resize:640:0.image?psm=motor.pc_sh.api,1,0,,,0,0,0,dongchedi_usedcar_series,2026-07-08T21:14:45+08:00
d4c20dd7453506f916063b5c,474,79,东风小康,东风小康K05S,https://p3-dcd.byteimg.com/motor-mis-img/20a0e34ab67192112b5b002133989494~tplv-f042mdwyw7-original:tplv-resize:640:0.image?psm=motor.pc_sh.api,1,0,,,0,0,0,dongchedi_usedcar_series,2026-07-08T21:14:45+08:00
f1a99d69e2482c1113f30e13,475,79,东风小康,东风小康EC36,https://p3-dcd.byteimg.com/motor-mis-img/822a1a609747067a12188eca055fa04f~tplv-f042mdwyw7-original:tplv-resize:640:0.image?psm=motor.pc_sh.api,1,0,,,0,0,0,dongchedi_usedcar_series,2026-07-08T21:14:45+08:00
764ea306dc031984ad951161,476,26,三菱,蓝瑟,https://p3-dcd.byteimg.com/motor-mis-img/6b265050085ab35a723d7a659c4f6cee~tplv-f042mdwyw7-original:tplv-resize:640:0.image?psm=motor.pc_sh.api,1,0,,,0,0,0,dongchedi_usedcar_series,2026-07-08T21:14:45+08:00
a59aac959f5acbd9287706c3,477,77,东南,V3菱悦,https://p3-dcd.byteimg.com/motor-mis-img/09022397863243b678afc3a016bf6442~tplv-f042mdwyw7-original:tplv-resize:640:0.image?psm=motor.pc_sh.api,1,0,,,0,0,0,dongchedi_usedcar_series,2026-07-08T21:14:45+08:00
0fc9f52a6cca7583877fb558,478,26,三菱,翼神,https://p3-dcd.byteimg.com/motor-mis-img/884d0dfb61557c0d52d152d1b2cd06ca~tplv-f042mdwyw7-original:tplv-resize:640:0.image?psm=motor.pc_sh.api,1,0,,,0,0,0,dongchedi_usedcar_series,2026-07-08T21:14:45+08:00
f5a7e478bcb3adad3cc6883b,479,77,东南,V5菱致,https://p3-dcd.byteimg.com/motor-mis-img/ef1cff528b5b136efcbe534329afa23e~tplv-f042mdwyw7-original:tplv-resize:640:0.image?psm=motor.pc_sh.api,1,0,,,0,0,0,dongchedi_usedcar_series,2026-07-08T21:14:45+08:00
336f1d76c22851baa4321564,480,77,东南,V6菱仕,https://p3-dcd.byteimg.com/motor-mis-img/6c6678bb3dd05865e883a5693ec3cfa4~tplv-f042mdwyw7-original:tplv-resize:640:0.image?psm=motor.pc_sh.api,1,0,,,0,0,0,dongchedi_usedcar_series,2026-07-08T21:14:45+08:00
c1aa80fecfda260b374899f4,481,26,三菱,风迪思,https://p3-dcd.byteimg.com/motor-mis-img/4f00ac27824bf63ce89df79feeaa2162~tplv-f042mdwyw7-original:tplv-resize:640:0.image?psm=motor.pc_sh.api,1,0,,,0,0,0,dongchedi_usedcar_series,2026-07-08T21:14:45+08:00
875a45d31f4ad2a6d40b0bdf,484,77,东南,东南DX3,https://p3-dcd.byteimg.com/motor-mis-img/56031fc851868fa358f00f0b3fd91216~tplv-f042mdwyw7-original:tplv-resize:640:0.image?psm=motor.pc_sh.api,1,0,,,0,0,0,dongchedi_usedcar_series,2026-07-08T21:14:45+08:00
4bee149a23ba3550d282e383,485,77,东南,东南DX7,https://p3-dcd.byteimg.com/motor-mis-img/4b052a6cde7aa9647b6e4af08a727ed6~tplv-f042mdwyw7-original:tplv-resize:640:0.image?psm=motor.pc_sh.api,1,0,,,0,0,0,dongchedi_usedcar_series,2026-07-08T21:14:45+08:00
ce6d5c6b1e7126856b75c478,487,84,克莱斯勒,大捷龙,https://p3-dcd.byteimg.com/motor-mis-img/e111e54913a76ea15c3a56cc121d8b98~tplv-f042mdwyw7-original:tplv-resize:640:0.image?psm=motor.pc_sh.api,1,0,,,0,0,0,dongchedi_usedcar_series,2026-07-08T21:14:45+08:00
69344834b5f317ac06b780b2,489,26,三菱,君阁,https://p3-dcd.byteimg.com/motor-mis-img/3589cbf1e1ea4dab41229f3c398a2dce~tplv-f042mdwyw7-original:tplv-resize:640:0.image?psm=motor.pc_sh.api,1,0,,,0,0,0,dongchedi_usedcar_series,2026-07-08T21:14:45+08:00
0d6bce7bb434916d6c76f632,491,44,法拉利,California T,https://p3-dcd.byteimg.com/motor-mis-img/ef6a3cea469d4a42c7f787539ad9b601~tplv-f042mdwyw7-original:tplv-resize:640:0.image?psm=motor.pc_sh.api,1,0,,,0,0,0,dongchedi_usedcar_series,2026-07-08T21:14:45+08:00
6ae1bbe5bf5748826110490b,492,44,法拉利,F12berlinetta,https://p3-dcd.byteimg.com/motor-mis-img/d1a67b24d4e8726804135ca3c14220aa~tplv-f042mdwyw7-original:tplv-resize:640:0.image?psm=motor.pc_sh.api,1,0,,,0,0,0,dongchedi_usedcar_series,2026-07-08T21:14:45+08:00
abcf2a2f89c32a02ba9f0c31,493,44,法拉利,LaFerrari,https://p3-dcd.byteimg.com/tos-cn-i-dcdx/5fa4262a7528408d933c84692cd27f01~tplv-f042mdwyw7-original:tplv-resize:640:0.image?psm=motor.pc_sh.api,1,0,,,0,0,0,dongchedi_usedcar_series,2026-07-08T21:14:45+08:00
4acf29694fe775a5b7ef048b,494,44,法拉利,法拉利488,https://p3-dcd.byteimg.com/motor-mis-img/e8525633ea9d8b2c09cb0ce363bf2328~tplv-f042mdwyw7-original:tplv-resize:640:0.image?psm=motor.pc_sh.api,1,0,,,0,0,0,dongchedi_usedcar_series,2026-07-08T21:14:45+08:00
7dfb611410817ea4e3c8d58d,495,44,法拉利,GTC4Lusso,https://p3-dcd.byteimg.com/motor-mis-img/2a3b420e276fae274a1cee0c0ba34093~tplv-f042mdwyw7-original:tplv-resize:640:0.image?psm=motor.pc_sh.api,1,0,,,0,0,0,dongchedi_usedcar_series,2026-07-08T21:14:45+08:00
5e705d690d2bef85d168d033,496,44,法拉利,法拉利360,https://p3-dcd.byteimg.com/motor-mis-img/9a66b0008f073b7cb30bfcf6f515ca56~tplv-f042mdwyw7-original:tplv-resize:640:0.image?psm=motor.pc_sh.api,1,0,,,0,0,0,dongchedi_usedcar_series,2026-07-08T21:14:45+08:00
5b10bd38493b95e1e0db0464,497,44,法拉利,法拉利F430,https://p3-dcd.byteimg.com/motor-mis-img/a7d8a80655d330d9ad44348bc3582729~tplv-f042mdwyw7-original:tplv-resize:640:0.image?psm=motor.pc_sh.api,1,0,,,0,0,0,dongchedi_usedcar_series,2026-07-08T21:14:45+08:00
090f1beca7249bd6bab695a0,498,44,法拉利,法拉利575M,https://p3-dcd.byteimg.com/motor-mis-img/ad73d2a675536a6c2114bad5307c1c3d~tplv-f042mdwyw7-original:tplv-resize:640:0.image?psm=motor.pc_sh.api,1,0,,,0,0,0,dongchedi_usedcar_series,2026-07-08T21:14:45+08:00
6cca2c68800e163c1c29848d,499,44,法拉利,法拉利612,https://p3-dcd.byteimg.com/motor-mis-img/04f13002555ea82a99291a1365f3e791~tplv-f042mdwyw7-original:tplv-resize:640:0.image?psm=motor.pc_sh.api,1,0,,,0,0,0,dongchedi_usedcar_series,2026-07-08T21:14:45+08:00
da611da26b0caafb27ce96a5,500,44,法拉利,法拉利599,https://p3-dcd.byteimg.com/motor-mis-img/bcf94ac59fa234ae8a943f7ae964efda~tplv-f042mdwyw7-original:tplv-resize:640:0.image?psm=motor.pc_sh.api,1,0,,,0,0,0,dongchedi_usedcar_series,2026-07-08T21:14:45+08:00
ce36129b422d9b84a119c6d7,501,44,法拉利,法拉利458,https://p3-dcd.byteimg.com/motor-mis-img/20410a4131934c5b78e0e50b43bfdee8~tplv-f042mdwyw7-original:tplv-resize:640:0.image?psm=motor.pc_sh.api,1,0,,,0,0,0,dongchedi_usedcar_series,2026-07-08T21:14:45+08:00
00adbb5ef68af205f8acfc28,502,44,法拉利,法拉利FF,https://p3-dcd.byteimg.com/motor-mis-img/c8301dea453fd4e7a5b9c51f07f176d4~tplv-f042mdwyw7-original:tplv-resize:640:0.image?psm=motor.pc_sh.api,1,0,,,0,0,0,dongchedi_usedcar_series,2026-07-08T21:14:45+08:00
7c24f1f07762366114d03ff9,503,44,法拉利,法拉利812,https://p3-dcd.byteimg.com/motor-mis-img/f59669b6142978d7f5ad5846739a4ac3~tplv-f042mdwyw7-original:tplv-resize:640:0.image?psm=motor.pc_sh.api,1,0,,,0,0,0,dongchedi_usedcar_series,2026-07-08T21:14:45+08:00
df6777d7e2a0aa5c279d7949,504,56,菲亚特,菲亚特500,https://p3-dcd.byteimg.com/tos-cn-i-dcdx/9431a26e6dd5406ca9a86fca8026f39f~tplv-f042mdwyw7-original:tplv-resize:640:0.image?psm=motor.pc_sh.api,1,0,,,0,0,0,dongchedi_usedcar_series,2026-07-08T21:14:45+08:00
cf1822d21e610d144c7e119b,506,56,菲亚特,博悦,https://p3-dcd.byteimg.com/motor-mis-img/642650b0981cf903752d9b4ff61a342f~tplv-f042mdwyw7-original:tplv-resize:640:0.image?psm=motor.pc_sh.api,1,0,,,0,0,0,dongchedi_usedcar_series,2026-07-08T21:14:45+08:00
da71c52f8392113711f6a9ba,509,56,菲亚特,致悦,https://p3-dcd.byteimg.com/motor-mis-img/e81101ad5acc79e0cdde09871b59e532~tplv-f042mdwyw7-original:tplv-resize:640:0.image?psm=motor.pc_sh.api,1,0,,,0,0,0,dongchedi_usedcar_series,2026-07-08T21:14:45+08:00
85a5585b60cd220d3af9d114,510,56,菲亚特,菲翔,https://p3-dcd.byteimg.com/motor-mis-img/2a009620fdf959d607ad12091a33ccf9~tplv-f042mdwyw7-original:tplv-resize:640:0.image?psm=motor.pc_sh.api,1,0,,,0,0,0,dongchedi_usedcar_series,2026-07-08T21:14:45+08:00
d00c5177721c9c6f376cdf47,515,5,丰田,凯美瑞(海外),https://p3-dcd.byteimg.com/tos-cn-i-dcdx/051251b7b906445696a04388302705b9~tplv-f042mdwyw7-original:tplv-resize:640:0.image?psm=motor.pc_sh.api,1,0,,,0,0,0,dongchedi_usedcar_series,2026-07-08T21:14:45+08:00
a72fe004a35fbc42c657fcdf,516,5,丰田,丰田RAV4(进口),https://p3-dcd.byteimg.com/tos-cn-i-dcdx/69fced5140bb4193bbecc8dc550950bc~tplv-f042mdwyw7-original:tplv-resize:640:0.image?psm=motor.pc_sh.api,1,0,,,0,0,0,dongchedi_usedcar_series,2026-07-08T21:14:45+08:00
438e013828490d50260a4638,517,5,丰田,FJ 酷路泽,https://p3-dcd.byteimg.com/tos-cn-i-dcdx/66f7fe81078847e4a8bf0e14b4144bd8~tplv-f042mdwyw7-original:tplv-resize:640:0.image?psm=motor.pc_sh.api,1,0,,,0,0,0,dongchedi_usedcar_series,2026-07-08T21:14:45+08:00
7a35a085b2778d22de0a3919,518,5,丰田,威飒(进口),https://p3-dcd.byteimg.com/tos-cn-i-dcdx/0eeedc20d2554d56a87262c55378952b~tplv-f042mdwyw7-original:tplv-resize:640:0.image?psm=motor.pc_sh.api,1,0,,,0,0,0,dongchedi_usedcar_series,2026-07-08T21:14:45+08:00
9fcd6cc7e72ff48253b2609f,519,5,丰田,Fortuner,https://p3-dcd.byteimg.com/tos-cn-i-dcdx/e88cfc68a41a4650bb2d938bee2b60be~tplv-f042mdwyw7-original:tplv-resize:640:0.image?psm=motor.pc_sh.api,1,0,,,0,0,0,dongchedi_usedcar_series,2026-07-08T21:14:45+08:00
6ae305e30dc9b7b596530992,520,5,丰田,汉兰达(进口),https://p3-dcd.byteimg.com/tos-cn-i-dcdx/11690301d9c84b6e9b9ee4055ec36b68~tplv-f042mdwyw7-original:tplv-resize:640:0.image?psm=motor.pc_sh.api,1,0,,,0,0,0,dongchedi_usedcar_series,2026-07-08T21:14:45+08:00
ad61f778637179a7749caa18,521,5,丰田,普拉多(进口),https://p3-dcd.byteimg.com/tos-cn-i-dcdx/038fc967e39f46d7b28dc2f7a0b5e4e3~tplv-f042mdwyw7-original:tplv-resize:640:0.image?psm=motor.pc_sh.api,1,0,,,0,0,0,dongchedi_usedcar_series,2026-07-08T21:14:45+08:00
1b409cc221b89b92694fa837,522,5,丰田,兰德酷路泽(进口),https://p3-dcd.byteimg.com/tos-cn-i-dcdx/ebdfdd85750143c0863e194ff212e776~tplv-f042mdwyw7-original:tplv-resize:640:0.image?psm=motor.pc_sh.api,1,0,,,0,0,0,dongchedi_usedcar_series,2026-07-08T21:14:45+08:00
1db949a70b0b84bb5bc7423c,523,5,丰田,红杉,https://p3-dcd.byteimg.com/tos-cn-i-dcdx/7f305e1a3e7546229d65c814a3fd5431~tplv-f042mdwyw7-original:tplv-resize:640:0.image?psm=motor.pc_sh.api,1,0,,,0,0,0,dongchedi_usedcar_series,2026-07-08T21:14:45+08:00
3eb33d1ffab73815a50eb4fe,524,5,丰田,普瑞维亚,https://p3-dcd.byteimg.com/tos-cn-i-dcdx/766e1a1d9e974733b2eb979cfc792ed9~tplv-f042mdwyw7-original:tplv-resize:640:0.image?psm=motor.pc_sh.api,1,0,,,0,0,0,dongchedi_usedcar_series,2026-07-08T21:14:45+08:00
0c37021898edd416f2edb0fb,525,5,丰田,埃尔法,https://p3-dcd.byteimg.com/tos-cn-i-dcdx/f6d9dca73fde4a56bc66deb8c16c6312~tplv-f042mdwyw7-original:tplv-resize:640:0.image?psm=motor.pc_sh.api,1,0,,,0,0,0,dongchedi_usedcar_series,2026-07-08T21:14:45+08:00
e1d7c5f83057b7bf004c1b98,526,5,丰田,Sienna,https://p3-dcd.byteimg.com/tos-cn-i-dcdx/3ca096895a814d64a0bdc5de2fc2eb0c~tplv-f042mdwyw7-original:tplv-resize:640:0.image?psm=motor.pc_sh.api,1,0,,,0,0,0,dongchedi_usedcar_series,2026-07-08T21:14:45+08:00
b9fadccb6d38b6d5eadad62d,527,5,丰田,坦途,https://p3-dcd.byteimg.com/tos-cn-i-dcdx/653a907623f544baa200c71c4d8d2ff7~tplv-f042mdwyw7-original:tplv-resize:640:0.image?psm=motor.pc_sh.api,1,0,,,0,0,0,dongchedi_usedcar_series,2026-07-08T21:14:45+08:00
a830c03b079e0d2f37da3aab,528,5,丰田,杰路驰,https://p3-dcd.byteimg.com/motor-mis-img/dcecd270d328bb329d37e675434b3a8a~tplv-f042mdwyw7-original:tplv-resize:640:0.image?psm=motor.pc_sh.api,1,0,,,0,0,0,dongchedi_usedcar_series,2026-07-08T21:14:45+08:00
5de41d42e272b17b6108a29b,529,5,丰田,丰田86,https://p3-dcd.byteimg.com/tos-cn-i-dcdx/9afada8e1ec74277b0768148598fe878~tplv-f042mdwyw7-original:tplv-resize:640:0.image?psm=motor.pc_sh.api,1,0,,,0,0,0,dongchedi_usedcar_series,2026-07-08T21:14:45+08:00
e26207294895eefd14f03c30,530,5,丰田,Hiace,https://p3-dcd.byteimg.com/motor-mis-img/d9c0f28f1394d7d462601a34afa020c8~tplv-f042mdwyw7-original:tplv-resize:640:0.image?psm=motor.pc_sh.api,1,0,,,0,0,0,dongchedi_usedcar_series,2026-07-08T21:14:45+08:00
918ea0a72e9ecc1b75c2d42f,531,5,丰田,雅力士,https://p3-dcd.byteimg.com/motor-mis-img/c910bb8a2f541c9271c4cf5a6d2ae0ff~tplv-f042mdwyw7-original:tplv-resize:640:0.image?psm=motor.pc_sh.api,1,0,,,0,0,0,dongchedi_usedcar_series,2026-07-08T21:14:45+08:00
706754f324d0f2dfd13bbe56,532,5,丰田,YARIS L 致享,https://p3-dcd.byteimg.com/motor-mis-img/73e968bb7d93ca7617640dd4a5b29dbf~tplv-f042mdwyw7-original:tplv-resize:640:0.image?psm=motor.pc_sh.api,1,0,,,0,0,0,dongchedi_usedcar_series,2026-07-08T21:14:45+08:00
20f1fb168b0c77f358154db0,533,5,丰田,YARIS L 致炫,https://p3-dcd.byteimg.com/motor-mis-img/0d4b71e7270960f73f1e9370febad7cc~tplv-f042mdwyw7-original:tplv-resize:640:0.image?psm=motor.pc_sh.api,1,0,,,0,0,0,dongchedi_usedcar_series,2026-07-08T21:14:45+08:00
d56e61590fe27a34a0b82609,534,5,丰田,雷凌,https://p9-dcd.byteimg.com/tos-cn-i-dcdx/97d0a358d1154519879a9cc3642d2adc~tplv-resize:640:0.png?psm=motor.rank.data,3,161,销量榜,39,16,112,128,dongchedi_ranking|dongchedi_usedcar_series,2026-07-08T21:14:45+08:00
0f311a6fea95bfc3743089b6,535,5,丰田,凯美瑞,https://p9-dcd.byteimg.com/tos-cn-i-dcdx/2aab00ba5d8d42378373ea6a304e0c3d~tplv-resize:640:0.png?psm=motor.rank.data,3,218,销量榜,2,16,179,195,dongchedi_ranking|dongchedi_usedcar_series,2026-07-08T21:14:45+08:00
0d432a842583ecb6a15e94a6,536,5,丰田,汉兰达,https://p9-dcd.byteimg.com/tos-cn-i-dcdx/c01c88a195ec4e568a89fc6b250ff423~tplv-resize:640:0.png?psm=motor.rank.data,3,218,销量榜,8,9,109,118,dongchedi_ranking|dongchedi_usedcar_series,2026-07-08T21:14:45+08:00
04bdb81027a74689d682e602,537,5,丰田,逸致,https://p3-dcd.byteimg.com/motor-mis-img/5a64b0ff636dc1969d36d13cdc65d52c~tplv-f042mdwyw7-original:tplv-resize:640:0.image?psm=motor.pc_sh.api,1,0,,,0,0,0,dongchedi_usedcar_series,2026-07-08T21:14:45+08:00
8de7233504893406eb5519a1,538,5,丰田,威驰,https://p3-dcd.byteimg.com/motor-mis-img/5a47279a2f425d7c1505b60d0478d9a8~tplv-f042mdwyw7-original:tplv-resize:640:0.image?psm=motor.pc_sh.api,1,0,,,0,0,0,dongchedi_usedcar_series,2026-07-08T21:14:45+08:00
16b748f840b12035e541b8ef,539,5,丰田,威驰FS,https://p3-dcd.byteimg.com/motor-mis-img/1c65e3ac4deae8b92f41852fe283989a~tplv-f042mdwyw7-original:tplv-resize:640:0.image?psm=motor.pc_sh.api,1,0,,,0,0,0,dongchedi_usedcar_series,2026-07-08T21:14:45+08:00
55d2bf14481d424aab1191ab,540,5,丰田,花冠,https://p3-dcd.byteimg.com/motor-mis-img/9ccebda02a0bfdb8404e85eae607d9df~tplv-f042mdwyw7-original:tplv-resize:640:0.image?psm=motor.pc_sh.api,1,0,,,0,0,0,dongchedi_usedcar_series,2026-07-08T21:14:45+08:00
15db7ad80bb38beed5e5abd0,541,5,丰田,普锐斯,https://p3-dcd.byteimg.com/motor-mis-img/376a8d148a68959e6ecf2a982c99400a~tplv-f042mdwyw7-original:tplv-resize:640:0.image?psm=motor.pc_sh.api,1,0,,,0,0,0,dongchedi_usedcar_series,2026-07-08T21:14:45+08:00
e9f64134b37f071d8d346a6f,542,5,丰田,卡罗拉,https://p9-dcd.byteimg.com/tos-cn-i-dcdx/ba722f1719804375b600d5c5a8de0640~tplv-resize:640:0.png?psm=motor.rank.data,3,218,销量榜,12,12,152,164,dongchedi_ranking|dongchedi_usedcar_series,2026-07-08T21:14:45+08:00
7e291f462260f8cb61e952f1,543,5,丰田,锐志,https://p3-dcd.byteimg.com/motor-mis-img/32026b6d48ec279e2f30333ef63256e9~tplv-f042mdwyw7-original:tplv-resize:640:0.image?psm=motor.pc_sh.api,1,0,,,0,0,0,dongchedi_usedcar_series,2026-07-08T21:14:45+08:00
0fa155089c293b09f74d4721,544,5,丰田,皇冠,https://p3-dcd.byteimg.com/motor-mis-img/88b6f1f4b433fa28714e2e18ce56e405~tplv-f042mdwyw7-original:tplv-resize:640:0.image?psm=motor.pc_sh.api,1,0,,,0,0,0,dongchedi_usedcar_series,2026-07-08T21:14:45+08:00
d480963fe19b4db488537593,545,5,丰田,特锐,https://p3-dcd.byteimg.com/motor-mis-img/6503362e6b07df28b78e8733d9c98593~tplv-f042mdwyw7-original:tplv-resize:640:0.image?psm=motor.pc_sh.api,1,0,,,0,0,0,dongchedi_usedcar_series,2026-07-08T21:14:45+08:00
01f740c45e6836e261d86861,546,5,丰田,RAV4荣放,https://p9-dcd.byteimg.com/tos-cn-i-dcdx/e8651090ef4344d1be51b524ff1904bf~tplv-resize:640:0.png?psm=motor.rank.data,3,218,销量榜,3,6,121,127,dongchedi_ranking|dongchedi_usedcar_series,2026-07-08T21:14:45+08:00
ec57ee9645efbcf38610f058,547,5,丰田,普拉多,https://p9-dcd.byteimg.com/tos-cn-i-dcdx/15fdd03eb1ca4fe48a4f1d1abfb08d49~tplv-resize:640:0.png?psm=motor.rank.data,3,218,销量榜,5,10,52,62,dongchedi_ranking|dongchedi_usedcar_series,2026-07-08T21:14:45+08:00
eaf6bd7a33b20d14562ce506,548,5,丰田,兰德酷路泽,https://p3-dcd.byteimg.com/motor-mis-img/49717e915bb3fe7e9ce45ed8f85fab46~tplv-f042mdwyw7-original:tplv-resize:640:0.image?psm=motor.pc_sh.api,1,0,,,0,0,0,dongchedi_usedcar_series,2026-07-08T21:14:45+08:00
4dd2f96bd418748f7f617056,549,5,丰田,柯斯达,https://p3-dcd.byteimg.com/motor-mis-img/957bf66f2d0c69b70d7334dde44b6216~tplv-f042mdwyw7-original:tplv-resize:640:0.image?psm=motor.pc_sh.api,1,0,,,0,0,0,dongchedi_usedcar_series,2026-07-08T21:14:45+08:00
4af3d7353bc59a048be3e705,552,122,福迪,揽福,https://p3-dcd.byteimg.com/motor-mis-img/97cb0f7ba42c46d1ca12663dbbf6271a~tplv-f042mdwyw7-original:tplv-resize:640:0.image?psm=motor.pc_sh.api,1,0,,,0,0,0,dongchedi_usedcar_series,2026-07-08T21:14:45+08:00
4c06ce681ef58f4fd432f22b,556,122,福迪,雄师F22,https://p3-dcd.byteimg.com/motor-mis-img/e15b71742303f6231523647157e475ab~tplv-f042mdwyw7-original:tplv-resize:640:0.image?psm=motor.pc_sh.api,1,0,,,0,0,0,dongchedi_usedcar_series,2026-07-08T21:14:45+08:00
d4dc63e07ff80b57cf0e1f03,558,123,新龙马汽车,新龙马汽车启腾M70,https://p9-dcd.byteimg.com/motor-mis-img/a1bbe4ab1ea3baa5b35e042c79ff6532~tplv-resize:640:0.png?psm=motor.rank.data,2,7,销量榜,18,5,7,12,dongchedi_ranking,2026-07-08T21:14:45+08:00
59f4ad87516364332ace228b,560,7,福特,嘉年华(进口),https://p3-dcd.byteimg.com/motor-mis-img/70b03360cd986771253db439eecc7a21~tplv-f042mdwyw7-original:tplv-resize:640:0.image?psm=motor.pc_sh.api,1,0,,,0,0,0,dongchedi_usedcar_series,2026-07-08T21:14:45+08:00
b038c5e80d1827bb6b254d3e,561,7,福特,福克斯(进口),https://p3-dcd.byteimg.com/motor-mis-img/4b46d4d514dfe15d4187e79482f5f8b7~tplv-f042mdwyw7-original:tplv-resize:640:0.image?psm=motor.pc_sh.api,1,0,,,0,0,0,dongchedi_usedcar_series,2026-07-08T21:14:45+08:00
69e7e324e0e2a105d5e43376,562,7,福特,锐际(进口),https://p3-dcd.byteimg.com/motor-mis-img/05a1db25a79c1e8128b7821728153609~tplv-f042mdwyw7-original:tplv-resize:640:0.image?psm=motor.pc_sh.api,1,0,,,0,0,0,dongchedi_usedcar_series,2026-07-08T21:14:45+08:00
d539a2fcb7e530ea45ab62e3,563,7,福特,锐界(进口),https://p3-dcd.byteimg.com/motor-mis-img/64c4af244f2497ec2fb7cfbecb5a8115~tplv-f042mdwyw7-original:tplv-resize:640:0.image?psm=motor.pc_sh.api,1,0,,,0,0,0,dongchedi_usedcar_series,2026-07-08T21:14:45+08:00
e0ad07f7e66bcbc599171f13,564,7,福特,探险者(进口),https://p3-dcd.byteimg.com/motor-mis-img/247069ce305cb8f654e467f73b125887~tplv-f042mdwyw7-original:tplv-resize:640:0.image?psm=motor.pc_sh.api,1,0,,,0,0,0,dongchedi_usedcar_series,2026-07-08T21:14:45+08:00
fec39a48f64bf913f4ec8e44,566,7,福特,福特E350,https://p3-dcd.byteimg.com/motor-mis-img/0e6fe04ac9459e9196f46395717156bf~tplv-f042mdwyw7-original:tplv-resize:640:0.image?psm=motor.pc_sh.api,1,0,,,0,0,0,dongchedi_usedcar_series,2026-07-08T21:14:45+08:00
9f1eacf7a62608e4500bb197,567,7,福特,Mustang,https://p3-dcd.byteimg.com/tos-cn-i-dcdx/a81df42544ab4026b73eb4b922967537~tplv-f042mdwyw7-original:tplv-resize:640:0.image?psm=motor.pc_sh.api,1,0,,,0,0,0,dongchedi_usedcar_series,2026-07-08T21:14:45+08:00
d8bf64da3c70e2a9ccb81e06,568,7,福特,福特F-150,https://p3-dcd.byteimg.com/tos-cn-i-dcdx/ad1023198e574940a0d9d72e0f59f670~tplv-f042mdwyw7-original:tplv-resize:640:0.image?psm=motor.pc_sh.api,1,0,,,0,0,0,dongchedi_usedcar_series,2026-07-08T21:14:45+08:00
28e368ccbcfb13c13e97185c,570,7,福特,C-MAX PHEV,https://p3-dcd.byteimg.com/motor-mis-img/af798a3eb4de9f206e2893b56c59f251~tplv-f042mdwyw7-original:tplv-resize:640:0.image?psm=motor.pc_sh.api,1,0,,,0,0,0,dongchedi_usedcar_series,2026-07-08T21:14:45+08:00
d91d73998e2453f9f29b91b3,571,7,福特,福特F-150 Raptor,https://p3-dcd.byteimg.com/tos-cn-i-dcdx/f31e8522551e476f889ddf55099c898b~tplv-f042mdwyw7-original:tplv-resize:640:0.image?psm=motor.pc_sh.api,1,0,,,0,0,0,dongchedi_usedcar_series,2026-07-08T21:14:45+08:00
c82f768cc20027799b7e2fde,572,7,福特,撼路者,https://p3-dcd.byteimg.com/motor-mis-img/b4919cc5ceb667da3f85cb603bde169d~tplv-f042mdwyw7-original:tplv-resize:640:0.image?psm=motor.pc_sh.api,1,0,,,0,0,0,dongchedi_usedcar_series,2026-07-08T21:14:45+08:00
c1418f6b173db8a202d22775,573,7,福特,途睿欧,https://p3-dcd.byteimg.com/tos-cn-i-dcdx/14c65fe6c78648d98181e94d165541f1~tplv-resize:640:0.png?psm=motor.rank.data,2,7,销量榜,68,3,21,24,dongchedi_ranking|dongchedi_usedcar_series,2026-07-08T21:14:45+08:00
c454351400425a019cebdfbd,574,7,福特,新世代全顺,https://p3-dcd.byteimg.com/motor-mis-img/c05b4671f3844439c6beae86526c6592~tplv-f042mdwyw7-original:tplv-resize:640:0.image?psm=motor.pc_sh.api,1,0,,,0,0,0,dongchedi_usedcar_series,2026-07-08T21:14:45+08:00
1699c4bf00091ecb23b30ca5,575,7,福特,全顺,https://p3-dcd.byteimg.com/tos-cn-i-dcdx/f6bd418d78504df48a8437e067bece74~tplv-f042mdwyw7-original:tplv-resize:640:0.image?psm=motor.pc_sh.api,1,0,,,0,0,0,dongchedi_usedcar_series,2026-07-08T21:14:45+08:00
e5a169ade909edba9954f4a7,576,7,福特,嘉年华,https://p3-dcd.byteimg.com/motor-mis-img/6d4c48347e7f1c49a9f0deec083bb60d~tplv-f042mdwyw7-original:tplv-resize:640:0.image?psm=motor.pc_sh.api,1,0,,,0,0,0,dongchedi_usedcar_series,2026-07-08T21:14:45+08:00
ff3340b6b1bf6db088484314,577,7,福特,福克斯,https://p3-dcd.byteimg.com/motor-mis-img/afc56a676f2fa14ec1dff1f943016eab~tplv-f042mdwyw7-original:tplv-resize:640:0.image?psm=motor.pc_sh.api,1,0,,,0,0,0,dongchedi_usedcar_series,2026-07-08T21:14:45+08:00
980667e1bdde0473cbc067bc,578,7,福特,福睿斯,https://p3-dcd.byteimg.com/motor-mis-img/54c49731f4a088f58c0fe095498238a4~tplv-f042mdwyw7-original:tplv-resize:640:0.image?psm=motor.pc_sh.api,1,0,,,0,0,0,dongchedi_usedcar_series,2026-07-08T21:14:45+08:00
426749bc7195bfb9651f7aaf,579,7,福特,蒙迪欧,https://p9-dcd.byteimg.com/tos-cn-i-dcdx/f36400509ecb4bf49b2732849dbd15c6~tplv-resize:640:0.png?psm=motor.rank.data,3,275,销量榜,26,10,94,104,dongchedi_ranking|dongchedi_usedcar_series,2026-07-08T21:14:45+08:00
b62b577c034b1ea3259c7dd3,580,7,福特,致胜,https://p3-dcd.byteimg.com/motor-mis-img/245a9b49c43f6841e91e15bcde4e691c~tplv-f042mdwyw7-original:tplv-resize:640:0.image?psm=motor.pc_sh.api,1,0,,,0,0,0,dongchedi_usedcar_series,2026-07-08T21:14:45+08:00
32814b5cbf820ced58815bdb,581,7,福特,蒙迪欧-致胜,https://p3-dcd.byteimg.com/motor-mis-img/a4f814cb9808568aa7779699b921e61c~tplv-f042mdwyw7-original:tplv-resize:640:0.image?psm=motor.pc_sh.api,1,0,,,0,0,0,dongchedi_usedcar_series,2026-07-08T21:14:45+08:00
a07cc26ae940321ee73c2347,582,7,福特,金牛座,https://p3-dcd.byteimg.com/motor-mis-img/c72814e66befdc6ba93f344fc6a7b690~tplv-f042mdwyw7-original:tplv-resize:640:0.image?psm=motor.pc_sh.api,1,0,,,0,0,0,dongchedi_usedcar_series,2026-07-08T21:14:45+08:00
66971f4e203508a87f8485b3,583,7,福特,翼搏,https://p3-dcd.byteimg.com/motor-mis-img/f61b61b2acd200efd527e9a8dc18f68c~tplv-f042mdwyw7-original:tplv-resize:640:0.image?psm=motor.pc_sh.api,1,0,,,0,0,0,dongchedi_usedcar_series,2026-07-08T21:14:45+08:00
22a327bdbe4e6c62592166c2,584,7,福特,翼虎,https://p3-dcd.byteimg.com/motor-mis-img/a22ed0dfd494101df230b81662f1c72e~tplv-f042mdwyw7-original:tplv-resize:640:0.image?psm=motor.pc_sh.api,1,0,,,0,0,0,dongchedi_usedcar_series,2026-07-08T21:14:45+08:00
27506b237837cce400e7ad6b,585,7,福特,锐界,https://p9-dcd.byteimg.com/tos-cn-i-dcdx/a628c6b405fa45d7b3c8605947e6d2f3~tplv-resize:640:0.png?psm=motor.rank.data,3,218,销量榜,22,15,61,76,dongchedi_ranking|dongchedi_usedcar_series,2026-07-08T21:14:45+08:00
31478660898d1b50c3a2d295,586,7,福特,麦柯斯,https://p3-dcd.byteimg.com/motor-mis-img/50ba09c0cab14ec4e9cb90474c5c4df3~tplv-f042mdwyw7-original:tplv-resize:640:0.image?psm=motor.pc_sh.api,1,0,,,0,0,0,dongchedi_usedcar_series,2026-07-08T21:14:45+08:00
61bcdb2b48ad273ddf9de038,591,57,福田,福田风景,https://p9-dcd.byteimg.com/motor-mis-img/fb046857cfd39b3fc71bc531552d78f3~tplv-f042mdwyw7-original:tplv-resize:640:0.image?psm=motor.pc_sh.api,1,0,,,0,0,0,dongchedi_usedcar_series,2026-07-08T21:14:45+08:00
e6c7eda74a6827331a7d1cea,592,57,福田,蒙派克E,https://p9-dcd.byteimg.com/motor-mis-img/6fdc94c7c63028fcb6b7c0f30c38a108~tplv-f042mdwyw7-original:tplv-resize:640:0.image?psm=motor.pc_sh.api,1,0,,,0,0,0,dongchedi_usedcar_series,2026-07-08T21:14:45+08:00
abe503c153d6ca41f709264b,594,57,福田,风景G7,https://p9-dcd.byteimg.com/motor-mis-img/ff0ae977eb93ae149db6bbcb9084f4bb~tplv-f042mdwyw7-original:tplv-resize:640:0.image?psm=motor.pc_sh.api,1,0,,,0,0,0,dongchedi_usedcar_series,2026-07-08T21:14:45+08:00
5ce77ce80884155757fcaabf,595,57,福田,风景G9,https://p9-dcd.byteimg.com/motor-mis-img/c50a6337d6dce92b5b3d30d1f31d7ab9~tplv-f042mdwyw7-original:tplv-resize:640:0.image?psm=motor.pc_sh.api,1,0,,,0,0,0,dongchedi_usedcar_series,2026-07-08T21:14:45+08:00
db125ba799366b27b4c9d02a,596,57,福田,萨瓦纳,https://p9-dcd.byteimg.com/motor-mis-img/013bafc25b9727563e8b323183ce8f01~tplv-f042mdwyw7-original:tplv-resize:640:0.image?psm=motor.pc_sh.api,1,0,,,0,0,0,dongchedi_usedcar_series,2026-07-08T21:14:45+08:00
2d3a1c43bc23421a284d5b41,599,57,福田,拓陆者,https://p9-dcd.byteimg.com/motor-mis-img/d9925b308ff70f33f762d6c557ed8f0f~tplv-f042mdwyw7-original:tplv-resize:640:0.image?psm=motor.pc_sh.api,1,0,,,0,0,0,dongchedi_usedcar_series,2026-07-08T21:14:45+08:00
da5dcebf7ecdff9f9ba7563b,600,57,福田,伽途ix7,https://p9-dcd.byteimg.com/motor-mis-img/973b33f28a6159fb8adbec768ca74ccd~tplv-f042mdwyw7-original:tplv-resize:640:0.image?psm=motor.pc_sh.api,1,0,,,0,0,0,dongchedi_usedcar_series,2026-07-08T21:14:45+08:00
c4895b279f54f69e41f0514a,601,57,福田,伽途ix5,https://p9-dcd.byteimg.com/motor-mis-img/bc4c2c103dc6ede78011811aba6f5d7c~tplv-f042mdwyw7-original:tplv-resize:640:0.image?psm=motor.pc_sh.api,1,0,,,0,0,0,dongchedi_usedcar_series,2026-07-08T21:14:45+08:00
0921d6a2c89ba9de624e86b4,602,58,观致,观致3,https://p9-dcd.byteimg.com/motor-mis-img/547b5a367d9a6c75a6a8186719fb7406~tplv-f042mdwyw7-original:tplv-resize:640:0.image?psm=motor.pc_sh.api,1,0,,,0,0,0,dongchedi_usedcar_series,2026-07-08T21:14:45+08:00
33ee69fb196ccc0e91944e50,603,58,观致,观致5,https://p9-dcd.byteimg.com/motor-mis-img/55e86a5fa6612408279e36397d17e508~tplv-f042mdwyw7-original:tplv-resize:640:0.image?psm=motor.pc_sh.api,1,0,,,0,0,0,dongchedi_usedcar_series,2026-07-08T21:14:45+08:00
b53de8fa4565ba3fb952e66f,605,124,光冈,女王,https://p3-dcd.byteimg.com/motor-mis-img/719c8e7ea71dca0d804f8ab4721bb8c2~tplv-f042mdwyw7-original:tplv-resize:640:0.image?psm=motor.pc_sh.api,1,0,,,0,0,0,dongchedi_usedcar_series,2026-07-08T21:14:45+08:00
4bf8f63d53acd68b0c7856f2,606,124,光冈,嘉路,https://p3-dcd.byteimg.com/motor-mis-img/1d4306f7d1f064668483e38bf0b8a774~tplv-f042mdwyw7-original:tplv-resize:640:0.image?psm=motor.pc_sh.api,1,0,,,0,0,0,dongchedi_usedcar_series,2026-07-08T21:14:45+08:00
61d9f77fd84c6b050aa61206,608,40,广汽传祺,传祺GA3,https://p3-dcd.byteimg.com/motor-mis-img/2efc45f7513ccf4714e2b1ff0fbdd586~tplv-f042mdwyw7-original:tplv-resize:640:0.image?psm=motor.pc_sh.api,1,0,,,0,0,0,dongchedi_usedcar_series,2026-07-08T21:14:45+08:00
b99b627d12ddba898d69148c,609,40,广汽传祺,传祺GA3S视界,https://p3-dcd.byteimg.com/motor-mis-img/ed440d92295ff8638d0a384d277be690~tplv-f042mdwyw7-original:tplv-resize:640:0.image?psm=motor.pc_sh.api,1,0,,,0,0,0,dongchedi_usedcar_series,2026-07-08T21:14:45+08:00
3e96656ecee03da2baa00cd3,611,40,广汽传祺,传祺GA5,https://p3-dcd.byteimg.com/motor-mis-img/e9ffd12621fb1d5c45063738de44fd31~tplv-f042mdwyw7-original:tplv-resize:640:0.image?psm=motor.pc_sh.api,1,0,,,0,0,0,dongchedi_usedcar_series,2026-07-08T21:14:45+08:00
f6f31d79457751e3a9fcd329,612,40,广汽传祺,传祺GA6,https://p3-dcd.byteimg.com/motor-mis-img/289c5325172fcb97b329b2804c3b5cca~tplv-f042mdwyw7-original:tplv-resize:640:0.image?psm=motor.pc_sh.api,1,0,,,0,0,0,dongchedi_usedcar_series,2026-07-08T21:14:45+08:00
2fccb8ce061bf081577c02e9,613,40,广汽传祺,传祺GA8,https://p3-dcd.byteimg.com/motor-mis-img/911cc4fa34ff545a5f7b8806299169a0~tplv-f042mdwyw7-original:tplv-resize:640:0.image?psm=motor.pc_sh.api,1,0,,,0,0,0,dongchedi_usedcar_series,2026-07-08T21:14:45+08:00
c98605e3ec3fa43b615be97a,614,40,广汽传祺,传祺GS5,https://p3-dcd.byteimg.com/motor-mis-img/6f27f00629f8b81b2ad55eac091327dd~tplv-f042mdwyw7-original:tplv-resize:640:0.image?psm=motor.pc_sh.api,1,0,,,0,0,0,dongchedi_usedcar_series,2026-07-08T21:14:45+08:00
b090fe16dc6e5bbbfa8a73c2,615,40,广汽传祺,传祺GS5 Super,https://p3-dcd.byteimg.com/motor-mis-img/6382060d93e34645789d25c5a6422718~tplv-f042mdwyw7-original:tplv-resize:640:0.image?psm=motor.pc_sh.api,1,0,,,0,0,0,dongchedi_usedcar_series,2026-07-08T21:14:45+08:00
4767fcc682a02cf3c240da70,616,40,广汽传祺,传祺GS4,https://p9-dcd.byteimg.com/tos-cn-i-dcdx/3a5e2422597647f882593d68647ec164~tplv-resize:640:0.png?psm=motor.rank.data,3,161,销量榜,72,2,81,83,dongchedi_ranking|dongchedi_usedcar_series,2026-07-08T21:14:45+08:00
6b88beb29b2728e601a5b206,617,40,广汽传祺,传祺GS8,https://p9-dcd.byteimg.com/motor-mis-img/bef1e4e3b0a6fa8de3a3887dcaaad449~tplv-resize:640:0.png?psm=motor.rank.data,3,218,销量榜,37,4,43,47,dongchedi_ranking|dongchedi_usedcar_series,2026-07-08T21:14:45+08:00
89ca7c56c2a48ec328398a37,624,97,广汽吉奥,广汽吉奥GX6,https://p3-dcd.byteimg.com/motor-mis-img/ef401965a3188532cf51d5cea4770f38~tplv-f042mdwyw7-original:tplv-resize:640:0.image?psm=motor.pc_sh.api,1,0,,,0,0,0,dongchedi_usedcar_series,2026-07-08T21:14:45+08:00
93b581d56858702800a9502e,625,97,广汽吉奥,星朗,https://p3-dcd.byteimg.com/motor-mis-img/b661686734cf682affca7171a7260cc5~tplv-f042mdwyw7-original:tplv-resize:640:0.image?psm=motor.pc_sh.api,1,0,,,0,0,0,dongchedi_usedcar_series,2026-07-08T21:14:45+08:00
5490de680b912d59ae1be6f6,644,17,哈弗,哈弗H1,https://p9-dcd.byteimg.com/motor-mis-img/1fd016e7163ba0170726132a3145c304~tplv-f042mdwyw7-original:tplv-resize:640:0.image?psm=motor.pc_sh.api,1,0,,,0,0,0,dongchedi_usedcar_series,2026-07-08T21:14:45+08:00
7572c7764428d2476032ee71,645,17,哈弗,哈弗H2s,https://p9-dcd.byteimg.com/motor-mis-img/3b4c39f1a6988cdfe2f7250d07e06654~tplv-f042mdwyw7-original:tplv-resize:640:0.image?psm=motor.pc_sh.api,1,0,,,0,0,0,dongchedi_usedcar_series,2026-07-08T21:14:45+08:00
20de1ba1183ae766df79744b,646,17,哈弗,哈弗H2,https://p9-dcd.byteimg.com/motor-mis-img/a2e725cddff7ec1fe63161b7a80aee53~tplv-f042mdwyw7-original:tplv-resize:640:0.image?psm=motor.pc_sh.api,1,0,,,0,0,0,dongchedi_usedcar_series,2026-07-08T21:14:45+08:00
e4351be7ea5b0db8fae1d430,647,17,哈弗,哈弗H3,https://p9-dcd.byteimg.com/motor-mis-img/3bf11f74937009f44cdaee865154def5~tplv-f042mdwyw7-original:tplv-resize:640:0.image?psm=motor.pc_sh.api,1,0,,,0,0,0,dongchedi_usedcar_series,2026-07-08T21:14:45+08:00
c94884b779a841267c801ea2,648,17,哈弗,哈弗H5经典,https://p9-dcd.byteimg.com/motor-mis-img/f05ca062801b9448ef0204ef6e3dab0b~tplv-f042mdwyw7-original:tplv-resize:640:0.image?psm=motor.pc_sh.api,1,0,,,0,0,0,dongchedi_usedcar_series,2026-07-08T21:14:45+08:00
182f5bc5fd177993cb755190,649,17,哈弗,哈弗H6,https://p9-dcd.byteimg.com/tos-cn-i-dcdx/be2cce16d9b7464d9b1fdb33556ab574~tplv-resize:640:0.png?psm=motor.rank.data,3,218,销量榜,18,9,235,244,dongchedi_ranking|dongchedi_usedcar_series,2026-07-08T21:14:45+08:00
a2eccd22142cfbfa520cbc73,650,17,哈弗,哈弗H6 Coupe,https://p9-dcd.byteimg.com/motor-mis-img/05b1560defc613d129a066b595243939~tplv-f042mdwyw7-original:tplv-resize:640:0.image?psm=motor.pc_sh.api,1,0,,,0,0,0,dongchedi_usedcar_series,2026-07-08T21:14:45+08:00
fa5f1524334a67c650dfe25f,651,17,哈弗,哈弗H7,https://p9-dcd.byteimg.com/motor-mis-img/da65046447093695364b5d01d7bb5dc6~tplv-f042mdwyw7-original:tplv-resize:640:0.image?psm=motor.pc_sh.api,1,0,,,0,0,0,dongchedi_usedcar_series,2026-07-08T21:14:45+08:00
88bac647f4e9219ed36a8b95,652,17,哈弗,哈弗H8,https://p9-dcd.byteimg.com/motor-mis-img/33055397e6856aae29835e5dfcb23034~tplv-f042mdwyw7-original:tplv-resize:640:0.image?psm=motor.pc_sh.api,1,0,,,0,0,0,dongchedi_usedcar_series,2026-07-08T21:14:45+08:00
d7cfe79948bf7f6b2d599d44,653,17,哈弗,哈弗H9,https://p9-dcd.byteimg.com/tos-cn-i-dcdx/39d4f753881f4cb3bcd764d95f3a599a~tplv-resize:640:0.png?psm=motor.rank.data,3,218,销量榜,44,17,37,54,dongchedi_ranking|dongchedi_usedcar_series,2026-07-08T21:14:45+08:00
2443b8a3f3332db479bcba9c,656,125,海格,海格H5C,https://p9-dcd.byteimg.com/motor-mis-img/db455451f3a7ff99af8e5180e4a387d8~tplv-f042mdwyw7-original:tplv-resize:640:0.image?psm=motor.pc_sh.api,1,0,,,0,0,0,dongchedi_usedcar_series,2026-07-08T21:14:45+08:00
eb56ef909836753c7ba80ffc,657,125,海格,海格H7V,https://p9-dcd.byteimg.com/motor-mis-img/a65ee7ea0f16b550b856b46a4d976144~tplv-f042mdwyw7-original:tplv-resize:640:0.image?psm=motor.pc_sh.api,1,0,,,0,0,0,dongchedi_usedcar_series,2026-07-08T21:14:45+08:00
2c779b0dfe809944280afcc9,659,125,海格,海格H6C,https://p9-dcd.byteimg.com/motor-mis-img/4d9f391a192d4aae997c26d2d0babf89~tplv-f042mdwyw7-original:tplv-resize:640:0.image?psm=motor.pc_sh.api,1,0,,,0,0,0,dongchedi_usedcar_series,2026-07-08T21:14:45+08:00
014cc48a562b4ceb0582a970,661,53,海马,丘比特,https://p9-dcd.byteimg.com/motor-mis-img/570ac844563db22a2c4ea42e8635c7a0~tplv-f042mdwyw7-original:tplv-resize:640:0.image?psm=motor.pc_sh.api,1,0,,,0,0,0,dongchedi_usedcar_series,2026-07-08T21:14:45+08:00
0a0b85413fa8a08659f590df,662,53,海马,福美来,https://p9-dcd.byteimg.com/motor-mis-img/64f797c3cb00b72115d5999db1303d7f~tplv-f042mdwyw7-original:tplv-resize:640:0.image?psm=motor.pc_sh.api,1,0,,,0,0,0,dongchedi_usedcar_series,2026-07-08T21:14:45+08:00
aeb48099223284136f2aa4fb,666,53,海马,海马M8,https://p9-dcd.byteimg.com/motor-mis-img/8adf386eb9ecf496fc17820fa2db8c57~tplv-f042mdwyw7-original:tplv-resize:640:0.image?psm=motor.pc_sh.api,1,0,,,0,0,0,dongchedi_usedcar_series,2026-07-08T21:14:45+08:00
70505cf83d4cffe4eb597488,668,53,海马,海马S7,https://p9-dcd.byteimg.com/motor-mis-img/9c9a40ed2a28852dc26a57c386a298cb~tplv-f042mdwyw7-original:tplv-resize:640:0.image?psm=motor.pc_sh.api,1,0,,,0,0,0,dongchedi_usedcar_series,2026-07-08T21:14:45+08:00
c0dafa8eeac72ba40dd25b31,669,53,海马,福美来MPV,https://p9-dcd.byteimg.com/motor-mis-img/42dbb116211c971a45400f19966569dd~tplv-f042mdwyw7-original:tplv-resize:640:0.image?psm=motor.pc_sh.api,1,0,,,0,0,0,dongchedi_usedcar_series,2026-07-08T21:14:45+08:00
80b7ba5402a0f55cc1b21f28,671,53,海马,普力马,https://p9-dcd.byteimg.com/motor-mis-img/ff75e0e755aefcb5952315077e59f7c3~tplv-f042mdwyw7-original:tplv-resize:640:0.image?psm=motor.pc_sh.api,1,0,,,0,0,0,dongchedi_usedcar_series,2026-07-08T21:14:45+08:00
0a4b11aa0bd3e45da6efba49,672,53,海马,海马V70,https://p9-dcd.byteimg.com/motor-mis-img/05f23f7099e4d3710da0304e029e9e4c~tplv-f042mdwyw7-original:tplv-resize:640:0.image?psm=motor.pc_sh.api,1,0,,,0,0,0,dongchedi_usedcar_series,2026-07-08T21:14:45+08:00
34276d406a77324138225e3f,675,53,海马,海马M3,https://p9-dcd.byteimg.com/motor-mis-img/c78db2b9374e08a0749c8b2706c55d34~tplv-f042mdwyw7-original:tplv-resize:640:0.image?psm=motor.pc_sh.api,1,0,,,0,0,0,dongchedi_usedcar_series,2026-07-08T21:14:45+08:00
9d8c7076fd212b6f820b6e85,677,53,海马,海马M6,https://p9-dcd.byteimg.com/motor-mis-img/2c3e318fbe32c339d66f77bcf879be95~tplv-f042mdwyw7-original:tplv-resize:640:0.image?psm=motor.pc_sh.api,1,0,,,0,0,0,dongchedi_usedcar_series,2026-07-08T21:14:45+08:00
f56c892e54c41a94982cd76a,678,53,海马,海马S5青春版,https://p9-dcd.byteimg.com/motor-mis-img/7b9057f2d3d27f128d4b70f176608e1a~tplv-f042mdwyw7-original:tplv-resize:640:0.image?psm=motor.pc_sh.api,1,0,,,0,0,0,dongchedi_usedcar_series,2026-07-08T21:14:45+08:00
ed206c5e3bc430d45455e00e,679,53,海马,海马S5,https://p9-dcd.byteimg.com/motor-mis-img/3dfc3112a614b33410383b3e56ea4b90~tplv-f042mdwyw7-original:tplv-resize:640:0.image?psm=motor.pc_sh.api,1,0,,,0,0,0,dongchedi_usedcar_series,2026-07-08T21:14:45+08:00
14f5ec8087ccc16bb4f78753,682,126,汉腾汽车,汉腾X7,https://p9-dcd.byteimg.com/motor-mis-img/346e444b0b7807df3afcdd666c9e2d69~tplv-f042mdwyw7-original:tplv-resize:640:0.image?psm=motor.pc_sh.api,1,0,,,0,0,0,dongchedi_usedcar_series,2026-07-08T21:14:45+08:00
a9a2785bdd0d74c9f212a9f3,683,49,悍马,悍马H2,https://p3-dcd.byteimg.com/motor-mis-img/96b2da6afa6abadceaf86c973a280f81~tplv-f042mdwyw7-original:tplv-resize:640:0.image?psm=motor.pc_sh.api,1,0,,,0,0,0,dongchedi_usedcar_series,2026-07-08T21:14:45+08:00
e83dcf27ee007ffe93023eee,684,49,悍马,悍马H3,https://p3-dcd.byteimg.com/motor-mis-img/bce88005eae639954edd723585380057~tplv-f042mdwyw7-original:tplv-resize:640:0.image?psm=motor.pc_sh.api,1,0,,,0,0,0,dongchedi_usedcar_series,2026-07-08T21:14:45+08:00
2d23e96db6d55dfc3e8e3863,689,59,红旗,红旗盛世,https://p3-dcd.byteimg.com/motor-mis-img/b635a0a45490b66b3443f8c6ab9797a7~tplv-f042mdwyw7-original:tplv-resize:640:0.image?psm=motor.pc_sh.api,1,0,,,0,0,0,dongchedi_usedcar_series,2026-07-08T21:14:45+08:00
5890b2b2ac3edf56baccb7e1,690,59,红旗,红旗H7,https://p3-dcd.byteimg.com/motor-mis-img/78023a6567ddb717ea22b1f44fd9d4d3~tplv-f042mdwyw7-original:tplv-resize:640:0.image?psm=motor.pc_sh.api,1,0,,,0,0,0,dongchedi_usedcar_series,2026-07-08T21:14:45+08:00
8b46a4b842ae50242fa1936e,691,59,红旗,红旗金葵花国礼,https://p9-dcd.byteimg.com/tos-cn-i-dcdx/0bdabb9fcffe40119db7a06cdc9b2c03~tplv-resize:640:0.png?psm=motor.rank.data,3,154,销量榜,16,2,3,5,dongchedi_ranking|dongchedi_usedcar_series,2026-07-08T21:14:45+08:00
c2db95b4d30bc64a17b8d1b2,698,131,华颂,华颂7,https://p3-dcd.byteimg.com/motor-mis-img/4ddd239d37c4dd0aded32b274753762d~tplv-f042mdwyw7-original:tplv-resize:640:0.image?psm=motor.pc_sh.api,1,0,,,0,0,0,dongchedi_usedcar_series,2026-07-08T21:14:45+08:00
3bdf304610e583af12c712a4,702,72,华泰,圣达菲经典,https://p3-dcd.byteimg.com/motor-mis-img/706d0c76c82f76eaa9aa51786dfcf5e7~tplv-f042mdwyw7-original:tplv-resize:640:0.image?psm=motor.pc_sh.api,1,0,,,0,0,0,dongchedi_usedcar_series,2026-07-08T21:14:45+08:00
02ab8182d1de3c720ee49f34,703,72,华泰,宝利格,https://p3-dcd.byteimg.com/motor-mis-img/a21d275255077f04adabdc54b157e9e3~tplv-f042mdwyw7-original:tplv-resize:640:0.image?psm=motor.pc_sh.api,1,0,,,0,0,0,dongchedi_usedcar_series,2026-07-08T21:14:45+08:00
62b1f6380bce4722bcb0bcad,704,72,华泰,圣达菲,https://p3-dcd.byteimg.com/motor-mis-img/95b0424d0cbe15f0d1e5a0ec281f1e26~tplv-f042mdwyw7-original:tplv-resize:640:0.image?psm=motor.pc_sh.api,1,0,,,0,0,0,dongchedi_usedcar_series,2026-07-08T21:14:45+08:00
2d59a022f0b9da79d9fa3651,715,132,黄海,黄海·翔龙,https://p3-dcd.byteimg.com/tos-cn-i-dcdx/7581235bc7234cc3b62a48e91999297d~tplv-f042mdwyw7-original:tplv-resize:640:0.image?psm=motor.pc_sh.api,1,0,,,0,0,0,dongchedi_usedcar_series,2026-07-08T21:14:45+08:00
1f2f5a0c35aa67c758903865,716,132,黄海,黄海·蛟龙,https://p3-dcd.byteimg.com/tos-cn-i-dcdx/643ea355186f4c21a318f6a9c04cddac~tplv-f042mdwyw7-original:tplv-resize:640:0.image?psm=motor.pc_sh.api,1,0,,,0,0,0,dongchedi_usedcar_series,2026-07-08T21:14:45+08:00
3993d40c23a5e172aabad5ac,717,132,黄海,瑞途,https://p3-dcd.byteimg.com/motor-mis-img/4b0b67eb96a5ce92f1030c1bbd88f2bb~tplv-f042mdwyw7-original:tplv-resize:640:0.image?psm=motor.pc_sh.api,1,0,,,0,0,0,dongchedi_usedcar_series,2026-07-08T21:14:45+08:00
1de96621b7095db4f715a4be,719,73,吉利汽车,经典熊猫,https://p3-dcd.byteimg.com/motor-mis-img/284c61b221615199f93610608ba47b97~tplv-f042mdwyw7-original:tplv-resize:640:0.image?psm=motor.pc_sh.api,1,0,,,0,0,0,dongchedi_usedcar_series,2026-07-08T21:14:45+08:00
99ec892c74b4a3d0ac20bf2c,722,73,吉利汽车,金刚,https://p3-dcd.byteimg.com/motor-mis-img/67e3ad9eb62d5c1f0a64d107e1732bf6~tplv-f042mdwyw7-original:tplv-resize:640:0.image?psm=motor.pc_sh.api,1,0,,,0,0,0,dongchedi_usedcar_series,2026-07-08T21:14:45+08:00
4500d6908d8ee28d363d57c7,729,73,吉利汽车,远景,https://p3-dcd.byteimg.com/motor-mis-img/8c30d75de16ddfb4f8f9838f72c948a8~tplv-f042mdwyw7-original:tplv-resize:640:0.image?psm=motor.pc_sh.api,1,0,,,0,0,0,dongchedi_usedcar_series,2026-07-08T21:14:45+08:00
a06fa94a965960039fc22851,730,73,吉利汽车,经典帝豪,https://p3-dcd.byteimg.com/motor-mis-img/e244ecc43b039ca980ab88cbf9f535f9~tplv-f042mdwyw7-original:tplv-resize:640:0.image?psm=motor.pc_sh.api,1,0,,,0,0,0,dongchedi_usedcar_series,2026-07-08T21:14:45+08:00
65c94b3001e393908de197ba,732,73,吉利汽车,海景,https://p3-dcd.byteimg.com/motor-mis-img/39759459f81c6a90c5a2427834ee0121~tplv-f042mdwyw7-original:tplv-resize:640:0.image?psm=motor.pc_sh.api,1,0,,,0,0,0,dongchedi_usedcar_series,2026-07-08T21:14:45+08:00
14cdd8d7bc0a12b840503c51,733,73,吉利汽车,帝豪,https://p9-dcd.byteimg.com/tos-cn-i-dcdx/bc0b49cf6ce64af69812bdf57ce865ac~tplv-resize:640:0.png?psm=motor.rank.data,3,161,销量榜,7,15,103,118,dongchedi_ranking|dongchedi_usedcar_series,2026-07-08T21:14:45+08:00
8ec0daaeddc6cd24b76571a5,734,73,吉利汽车,帝豪GL,https://p3-dcd.byteimg.com/motor-mis-img/566c31d6de8b80f2fb86ac26324655ad~tplv-f042mdwyw7-original:tplv-resize:640:0.image?psm=motor.pc_sh.api,1,0,,,0,0,0,dongchedi_usedcar_series,2026-07-08T21:14:45+08:00
bc1b0a76e38740ea1d737844,735,264,吉利几何,帝豪EV,https://p3-dcd.byteimg.com/motor-mis-img/0fd8b1fa3b9415afad38741c159dd3e5~tplv-f042mdwyw7-original:tplv-resize:640:0.image?psm=motor.pc_sh.api,1,0,,,0,0,0,dongchedi_usedcar_series,2026-07-08T21:14:45+08:00
e4e884c01d46d1171d51d118,736,73,吉利汽车,吉利GC7,https://p3-dcd.byteimg.com/motor-mis-img/799ba65cfec3222b9e47855d7d91fd0d~tplv-f042mdwyw7-original:tplv-resize:640:0.image?psm=motor.pc_sh.api,1,0,,,0,0,0,dongchedi_usedcar_series,2026-07-08T21:14:45+08:00
14ee9fab6f43386099557294,737,73,吉利汽车,吉利EC8,https://p3-dcd.byteimg.com/motor-mis-img/7c5f38911d6c87f399d9ec03199c3b4e~tplv-f042mdwyw7-original:tplv-resize:640:0.image?psm=motor.pc_sh.api,1,0,,,0,0,0,dongchedi_usedcar_series,2026-07-08T21:14:45+08:00
65890e026134aac21245f88e,739,73,吉利汽车,吉利GX7,https://p3-dcd.byteimg.com/motor-mis-img/53936a7e0bd3f769e037d4aceeea7b6b~tplv-f042mdwyw7-original:tplv-resize:640:0.image?psm=motor.pc_sh.api,1,0,,,0,0,0,dongchedi_usedcar_series,2026-07-08T21:14:45+08:00
6cc91e7c9e61cbf1afbf7252,740,73,吉利汽车,帝豪GS,https://p3-dcd.byteimg.com/motor-mis-img/55bb4507242187eb1fc802212bb3da77~tplv-f042mdwyw7-original:tplv-resize:640:0.image?psm=motor.pc_sh.api,1,0,,,0,0,0,dongchedi_usedcar_series,2026-07-08T21:14:45+08:00
ede01ac10283602dfde5746a,741,73,吉利汽车,博越,https://p3-dcd.byteimg.com/tos-cn-i-dcdx/93ea6752ca1e48008ea57f31450fb81f~tplv-f042mdwyw7-original:tplv-resize:640:0.image?psm=motor.pc_sh.api,1,0,,,0,0,0,dongchedi_usedcar_series,2026-07-08T21:14:45+08:00
f7853f1787d71c28c7653f50,742,73,吉利汽车,远景X6,https://p3-dcd.byteimg.com/motor-mis-img/cf823f5d1476d6d0b5b102e8a9dbfe85~tplv-f042mdwyw7-original:tplv-resize:640:0.image?psm=motor.pc_sh.api,1,0,,,0,0,0,dongchedi_usedcar_series,2026-07-08T21:14:45+08:00
8865caedb9eeefa9a04860bf,743,73,吉利汽车,吉利SX7,https://p3-dcd.byteimg.com/motor-mis-img/fdad648c922c0c621aaea9e95265a0bd~tplv-f042mdwyw7-original:tplv-resize:640:0.image?psm=motor.pc_sh.api,1,0,,,0,0,0,dongchedi_usedcar_series,2026-07-08T21:14:45+08:00
9d7b7565920fcb08dfd95362,744,73,吉利汽车,豪情SUV,https://p3-dcd.byteimg.com/motor-mis-img/a0de09c16f5eaa5dfbfcd8490e5f79ac~tplv-f042mdwyw7-original:tplv-resize:640:0.image?psm=motor.pc_sh.api,1,0,,,0,0,0,dongchedi_usedcar_series,2026-07-08T21:14:45+08:00
65c68b16e9baf963f3fb9e51,747,73,吉利汽车,远景X1,https://p3-dcd.byteimg.com/motor-mis-img/cea6f0d3ced2fcb6a2b4e208295c11c2~tplv-f042mdwyw7-original:tplv-resize:640:0.image?psm=motor.pc_sh.api,1,0,,,0,0,0,dongchedi_usedcar_series,2026-07-08T21:14:45+08:00
4ee023054fac799dc9a184f8,749,32,江汽集团,江淮iEV6E,https://p3-dcd.byteimg.com/motor-mis-img/708b8066fcdeec0ec9983f5a03ed33aa~tplv-f042mdwyw7-original:tplv-resize:640:0.image?psm=motor.pc_sh.api,1,0,,,0,0,0,dongchedi_usedcar_series,2026-07-08T21:14:45+08:00
1eefa95434752a5cb83ebab4,750,32,江汽集团,和悦A30,https://p3-dcd.byteimg.com/motor-mis-img/8e58601a4eb20e19b640dc5c27a94021~tplv-f042mdwyw7-original:tplv-resize:640:0.image?psm=motor.pc_sh.api,1,0,,,0,0,0,dongchedi_usedcar_series,2026-07-08T21:14:45+08:00
88d610e9999dc3c59b7c341a,751,32,江汽集团,江淮iEV,https://p3-dcd.byteimg.com/motor-mis-img/aaf965d5ac33df7fb38e60a146b59f19~tplv-f042mdwyw7-original:tplv-resize:640:0.image?psm=motor.pc_sh.api,1,0,,,0,0,0,dongchedi_usedcar_series,2026-07-08T21:14:45+08:00
959a416be0fa5b0ab8455105,757,32,江汽集团,和悦,https://p3-dcd.byteimg.com/motor-mis-img/65c27b3478f789444bb50a77f3199a94~tplv-f042mdwyw7-original:tplv-resize:640:0.image?psm=motor.pc_sh.api,1,0,,,0,0,0,dongchedi_usedcar_series,2026-07-08T21:14:45+08:00
ff609b0e8277812385216135,759,32,江汽集团,瑞风A60,https://p3-dcd.byteimg.com/motor-mis-img/413fc771756993091cb64d51d4cba055~tplv-f042mdwyw7-original:tplv-resize:640:0.image?psm=motor.pc_sh.api,1,0,,,0,0,0,dongchedi_usedcar_series,2026-07-08T21:14:45+08:00
800fbcfb6e85b62d8ea01a0b,760,32,江汽集团,瑞风S3,https://p3-dcd.byteimg.com/motor-mis-img/898d5bced7869339834af243ee3fd771~tplv-f042mdwyw7-original:tplv-resize:640:0.image?psm=motor.pc_sh.api,1,0,,,0,0,0,dongchedi_usedcar_series,2026-07-08T21:14:45+08:00
ba3160b5548c96088f7e75cb,762,32,江汽集团,瑞风S2mini,https://p3-dcd.byteimg.com/motor-mis-img/4783f20905c16e6b20cb741327180997~tplv-f042mdwyw7-original:tplv-resize:640:0.image?psm=motor.pc_sh.api,1,0,,,0,0,0,dongchedi_usedcar_series,2026-07-08T21:14:45+08:00
d1a05ef48252d26435fa3397,763,32,江汽集团,瑞风S2,https://p3-dcd.byteimg.com/motor-mis-img/aa315a8da5dbc716886a0a117cea3d53~tplv-f042mdwyw7-original:tplv-resize:640:0.image?psm=motor.pc_sh.api,1,0,,,0,0,0,dongchedi_usedcar_series,2026-07-08T21:14:45+08:00
51f106ded369650014d1dd03,765,32,江汽集团,瑞风S5,https://p3-dcd.byteimg.com/motor-mis-img/9ac6a2aca07dad54cb97a51488bef838~tplv-f042mdwyw7-original:tplv-resize:640:0.image?psm=motor.pc_sh.api,1,0,,,0,0,0,dongchedi_usedcar_series,2026-07-08T21:14:45+08:00
86e022cb6098c5e8a829a4b3,767,32,江汽集团,瑞风M2,https://p3-dcd.byteimg.com/motor-mis-img/fe240815bc6113d8a2b4a764753c2197~tplv-f042mdwyw7-original:tplv-resize:640:0.image?psm=motor.pc_sh.api,1,0,,,0,0,0,dongchedi_usedcar_series,2026-07-08T21:14:45+08:00
207c4858126d135b28aaf2a2,768,512,江淮瑞风,瑞风M3,https://p9-dcd.byteimg.com/tos-cn-i-dcdx/75413675bb584b12b0c69d89817e5619~tplv-resize:640:0.png?psm=motor.rank.data,3,218,销量榜,5,30,75,105,dongchedi_ranking|dongchedi_usedcar_series,2026-07-08T21:14:45+08:00
6542825c217d97caf5b8c295,769,512,江淮瑞风,瑞风M4,https://p3-dcd.byteimg.com/tos-cn-i-dcdx/9db9ab7512ea4012be81fc7d95a4b120~tplv-f042mdwyw7-original:tplv-resize:640:0.image?psm=motor.pc_sh.api,1,0,,,0,0,0,dongchedi_usedcar_series,2026-07-08T21:14:45+08:00
1b938dc311182a1d7428c036,770,32,江汽集团,瑞风M5,https://p3-dcd.byteimg.com/motor-mis-img/e5d0c8763cfe46f78d8abc67f3d3238f~tplv-f042mdwyw7-original:tplv-resize:640:0.image?psm=motor.pc_sh.api,1,0,,,0,0,0,dongchedi_usedcar_series,2026-07-08T21:14:45+08:00
4aafe176d430d00e4b6442bc,775,32,江汽集团,江淮T6,https://p3-dcd.byteimg.com/motor-mis-img/8c676a0998613d9361c99ce33f238ee7~tplv-f042mdwyw7-original:tplv-resize:640:0.image?psm=motor.pc_sh.api,1,0,,,0,0,0,dongchedi_usedcar_series,2026-07-08T21:14:45+08:00
45f243ad2fa293e38b28f30e,776,32,江汽集团,瑞风,https://p3-dcd.byteimg.com/motor-mis-img/3c6b1d2d56ef3e6898a654dcac6e2c85~tplv-f042mdwyw7-original:tplv-resize:640:0.image?psm=motor.pc_sh.api,1,0,,,0,0,0,dongchedi_usedcar_series,2026-07-08T21:14:45+08:00
7cbaa68473aac1c81ee64a12,777,32,江汽集团,星锐,https://p3-dcd.byteimg.com/motor-mis-img/1819e41e5b3d5f98943b939ce4cf14b1~tplv-f042mdwyw7-original:tplv-resize:640:0.image?psm=motor.pc_sh.api,1,0,,,0,0,0,dongchedi_usedcar_series,2026-07-08T21:14:45+08:00
6e5b16ce273789879b0c67df,778,32,江汽集团,瑞风S7,https://p3-dcd.byteimg.com/motor-mis-img/d1b4221ea562e0927d1ddbe7a2fb4996~tplv-f042mdwyw7-original:tplv-resize:640:0.image?psm=motor.pc_sh.api,1,0,,,0,0,0,dongchedi_usedcar_series,2026-07-08T21:14:45+08:00
4db4c601780f210e62c8ca18,779,136,江铃集团新能源,江铃E200L,https://p3-dcd.byteimg.com/motor-mis-img/9c59e40a351406e94ddb3df6bc686564~tplv-f042mdwyw7-original:tplv-resize:640:0.image?psm=motor.pc_sh.api,1,0,,,0,0,0,dongchedi_usedcar_series,2026-07-08T21:14:45+08:00
6f6feaad9e283383a08423cd,780,100,江铃,宝典,https://p3-dcd.byteimg.com/tos-cn-i-dcdx/83da9b4ad8094885af6a099fcd9328ba~tplv-f042mdwyw7-original:tplv-resize:640:0.image?psm=motor.pc_sh.api,1,0,,,0,0,0,dongchedi_usedcar_series,2026-07-08T21:14:45+08:00
4b589507cb120affa1e6d91a,781,100,江铃,域虎7,https://p3-dcd.byteimg.com/motor-mis-img/3e457ddc86f332cf24a67a84d14fca41~tplv-f042mdwyw7-original:tplv-resize:640:0.image?psm=motor.pc_sh.api,1,0,,,0,0,0,dongchedi_usedcar_series,2026-07-08T21:14:45+08:00
3d2b15ad094affdbe621355b,782,100,江铃,特顺,https://p3-dcd.byteimg.com/motor-mis-img/b43b414b4e7e442c88a0ce05ce9f05a7~tplv-f042mdwyw7-original:tplv-resize:640:0.image?psm=motor.pc_sh.api,1,0,,,0,0,0,dongchedi_usedcar_series,2026-07-08T21:14:45+08:00
2406819cd105bb7aebda1a06,783,104,骐铃汽车,骐铃T5,https://p3-dcd.byteimg.com/motor-mis-img/a421f2b22fffa1eaa8641839f98ff232~tplv-f042mdwyw7-original:tplv-resize:640:0.image?psm=motor.pc_sh.api,1,0,,,0,0,0,dongchedi_usedcar_series,2026-07-08T21:14:45+08:00
e6bd80700ba905766c63df66,784,104,骐铃汽车,骐铃T7,https://p3-dcd.byteimg.com/motor-mis-img/292d8a6aee7cf6c3eafee9e3df674666~tplv-f042mdwyw7-original:tplv-resize:640:0.image?psm=motor.pc_sh.api,1,0,,,0,0,0,dongchedi_usedcar_series,2026-07-08T21:14:45+08:00
b59c5b350dd6c173ff3e5397,787,136,江铃集团新能源,江铃E160,https://p3-dcd.byteimg.com/motor-mis-img/82d0435c879b3734f4e882790c687fb1~tplv-f042mdwyw7-original:tplv-resize:640:0.image?psm=motor.pc_sh.api,1,0,,,0,0,0,dongchedi_usedcar_series,2026-07-08T21:14:45+08:00
338a6bc816daad334122e5e3,788,109,启辰,启辰R30,https://p3-dcd.byteimg.com/motor-mis-img/69e7c48ff3bff6050958158e43fefb09~tplv-f042mdwyw7-original:tplv-resize:640:0.image?psm=motor.pc_sh.api,1,0,,,0,0,0,dongchedi_usedcar_series,2026-07-08T21:14:45+08:00
d95e25e35656408dc8878d53,789,136,江铃集团新能源,江铃E200N,https://p3-dcd.byteimg.com/motor-mis-img/133d1e7de6e06fadf35d8cac794bf726~tplv-f042mdwyw7-original:tplv-resize:640:0.image?psm=motor.pc_sh.api,1,0,,,0,0,0,dongchedi_usedcar_series,2026-07-08T21:14:45+08:00
af013535fe27fbc866fa831e,790,31,捷豹,捷豹XE,https://p9-dcd.byteimg.com/motor-mis-img/a77061f7de45973f96e4ce4a9b34a70b~tplv-f042mdwyw7-original:tplv-resize:640:0.image?psm=motor.pc_sh.api,1,0,,,0,0,0,dongchedi_usedcar_series,2026-07-08T21:14:45+08:00
23781ba7d8cb7fabba2907d7,792,31,捷豹,捷豹XF,https://p9-dcd.byteimg.com/motor-mis-img/9e5f19a2cc70e93e10d4f34b3d5752f5~tplv-f042mdwyw7-original:tplv-resize:640:0.image?psm=motor.pc_sh.api,1,0,,,0,0,0,dongchedi_usedcar_series,2026-07-08T21:14:45+08:00
a33540165bf4dff44e27c605,793,31,捷豹,捷豹S-Type,https://p9-dcd.byteimg.com/motor-mis-img/d6968ee35094f81305dd0e0782c60992~tplv-f042mdwyw7-original:tplv-resize:640:0.image?psm=motor.pc_sh.api,1,0,,,0,0,0,dongchedi_usedcar_series,2026-07-08T21:14:45+08:00
4e33cdbc171490888f7fca51,794,31,捷豹,捷豹XJ,https://p9-dcd.byteimg.com/motor-mis-img/397eb3cbd5b430440a734c5b476fe7f1~tplv-f042mdwyw7-original:tplv-resize:640:0.image?psm=motor.pc_sh.api,1,0,,,0,0,0,dongchedi_usedcar_series,2026-07-08T21:14:45+08:00
3ab4edd57dd1f7086119c6c5,795,31,捷豹,捷豹F-PACE,https://p9-dcd.byteimg.com/tos-cn-i-dcdx/ea869adcbe6242fa9b0c136938b37992~tplv-f042mdwyw7-original:tplv-resize:640:0.image?psm=motor.pc_sh.api,1,0,,,0,0,0,dongchedi_usedcar_series,2026-07-08T21:14:45+08:00
ee1671d49e2d8822e74f99d1,796,31,捷豹,捷豹F-TYPE,https://p9-dcd.byteimg.com/motor-mis-img/69132c20b3e3d3b57b4f7ce66cf8115c~tplv-f042mdwyw7-original:tplv-resize:640:0.image?psm=motor.pc_sh.api,1,0,,,0,0,0,dongchedi_usedcar_series,2026-07-08T21:14:45+08:00
ec51eef5a3e717c70d4b2433,797,31,捷豹,捷豹XK,https://p9-dcd.byteimg.com/tos-cn-i-dcdx/9805c623ae534eaebb2315d4856cff5a~tplv-f042mdwyw7-original:tplv-resize:640:0.image?psm=motor.pc_sh.api,1,0,,,0,0,0,dongchedi_usedcar_series,2026-07-08T21:14:45+08:00
af7ef2e09a59b41a082e3747,798,31,捷豹,捷豹XFL,https://p9-dcd.byteimg.com/tos-cn-i-dcdx/ff4471d5fe15485abe12491dc23c2c78~tplv-resize:640:0.png?psm=motor.rank.data,3,161,销量榜,35,2,42,44,dongchedi_ranking|dongchedi_usedcar_series,2026-07-08T21:14:45+08:00
e996d442da27e6fc4a1ae354,800,74,金杯,金杯F50,https://p9-dcd.byteimg.com/motor-mis-img/f48e7a1c7f2b64ab80f5dfc2cce78e9b~tplv-f042mdwyw7-original:tplv-resize:640:0.image?psm=motor.pc_sh.api,1,0,,,0,0,0,dongchedi_usedcar_series,2026-07-08T21:14:45+08:00
0708b5ead7e72a3e5f92436c,801,74,金杯,阁瑞斯,https://p9-dcd.byteimg.com/motor-mis-img/80b0d91b804029918cc06f133279e12e~tplv-f042mdwyw7-original:tplv-resize:640:0.image?psm=motor.pc_sh.api,1,0,,,0,0,0,dongchedi_usedcar_series,2026-07-08T21:14:45+08:00
d08e83c26cca6fd449867497,802,74,金杯,金杯大海狮,https://p9-dcd.byteimg.com/motor-mis-img/43c611074068e6ea69c6815d9c723a3f~tplv-f042mdwyw7-original:tplv-resize:640:0.image?psm=motor.pc_sh.api,1,0,,,0,0,0,dongchedi_usedcar_series,2026-07-08T21:14:45+08:00
a31a7ccfa343de21be98b733,803,74,金杯,金杯海狮,https://p9-dcd.byteimg.com/tos-cn-i-dcdx/1882a3a53add4bfbab163272e70e8b25~tplv-f042mdwyw7-original:tplv-resize:640:0.image?psm=motor.pc_sh.api,1,0,,,0,0,0,dongchedi_usedcar_series,2026-07-08T21:14:45+08:00
2753fda496e41283dfc2498c,804,74,金杯,金杯快运,https://p9-dcd.byteimg.com/tos-cn-i-dcdx/bc1b103865e346509e15f914f5b0632c~tplv-f042mdwyw7-original:tplv-resize:640:0.image?psm=motor.pc_sh.api,1,0,,,0,0,0,dongchedi_usedcar_series,2026-07-08T21:14:45+08:00
966ef58d7850c28416c77292,805,74,金杯,华晨金杯750,https://p9-dcd.byteimg.com/motor-mis-img/1a6eecfed09a18c5f4c668991ccd4e7c~tplv-f042mdwyw7-original:tplv-resize:640:0.image?psm=motor.pc_sh.api,1,0,,,0,0,0,dongchedi_usedcar_series,2026-07-08T21:14:45+08:00
ca85ef4a29f24b4591f2d0b0,814,74,金杯,小海狮X30,https://p9-dcd.byteimg.com/tos-cn-i-dcdx/99b123f1d78a486eb5482fb6789c1c46~tplv-f042mdwyw7-original:tplv-resize:640:0.image?psm=motor.pc_sh.api,1,0,,,0,0,0,dongchedi_usedcar_series,2026-07-08T21:14:45+08:00
8ae5378951aa787ddc297811,815,74,金杯,新海狮X30L,https://p9-dcd.byteimg.com/tos-cn-i-dcdx/0b24ffd724974d6ca938046b16563aa1~tplv-f042mdwyw7-original:tplv-resize:640:0.image?psm=motor.pc_sh.api,1,0,,,0,0,0,dongchedi_usedcar_series,2026-07-08T21:14:45+08:00
7b700ca2e859178543826241,816,74,金杯,智尚S30,https://p9-dcd.byteimg.com/motor-mis-img/6a0b9826af4d93b5e2ecacb7c61e8ac0~tplv-f042mdwyw7-original:tplv-resize:640:0.image?psm=motor.pc_sh.api,1,0,,,0,0,0,dongchedi_usedcar_series,2026-07-08T21:14:45+08:00
c2c0da4664147a5b893670d3,817,74,金杯,智尚S35,https://p9-dcd.byteimg.com/motor-mis-img/8935d3c055ce667bd2f890108fef2de3~tplv-f042mdwyw7-original:tplv-resize:640:0.image?psm=motor.pc_sh.api,1,0,,,0,0,0,dongchedi_usedcar_series,2026-07-08T21:14:45+08:00
0eb7d384e52ffc7ad9ffdf49,818,74,金杯,金杯S70,https://p9-dcd.byteimg.com/motor-mis-img/5120ea49efbdaef264f33449f806c236~tplv-f042mdwyw7-original:tplv-resize:640:0.image?psm=motor.pc_sh.api,1,0,,,0,0,0,dongchedi_usedcar_series,2026-07-08T21:14:45+08:00
ebe35d21f9c568ae25a91e9a,825,140,金龙,凯歌,https://p3-dcd.byteimg.com/motor-mis-img/ea4caf123c8b680692febd9c602c6991~tplv-f042mdwyw7-original:tplv-resize:640:0.image?psm=motor.pc_sh.api,1,0,,,0,0,0,dongchedi_usedcar_series,2026-07-08T21:14:45+08:00
ae4422af31f792d3a92617f7,826,140,金龙,金威,https://p3-dcd.byteimg.com/motor-mis-img/8a4630c5a1fbb24118fc80fd2bd6ee66~tplv-f042mdwyw7-original:tplv-resize:640:0.image?psm=motor.pc_sh.api,1,0,,,0,0,0,dongchedi_usedcar_series,2026-07-08T21:14:45+08:00
2f8d60d831dabdbb33aa8de5,829,133,金旅,金旅海狮,https://p3-dcd.byteimg.com/motor-mis-img/22b54ac2b0478b8de8e87d59ad9ff545~tplv-f042mdwyw7-original:tplv-resize:640:0.image?psm=motor.pc_sh.api,1,0,,,0,0,0,dongchedi_usedcar_series,2026-07-08T21:14:45+08:00
ae1c044184cc6d71f9e63792,832,134,九龙,艾菲,https://p3-dcd.byteimg.com/motor-mis-img/b7608e6982522f938e315fc70425fa3b~tplv-f042mdwyw7-original:tplv-resize:640:0.image?psm=motor.pc_sh.api,1,0,,,0,0,0,dongchedi_usedcar_series,2026-07-08T21:14:45+08:00
d504a3885d9f3422ec7284a4,833,134,九龙,九龙A5,https://p3-dcd.byteimg.com/motor-mis-img/c940bc7895238632fb077f05a191f1f8~tplv-f042mdwyw7-original:tplv-resize:640:0.image?psm=motor.pc_sh.api,1,0,,,0,0,0,dongchedi_usedcar_series,2026-07-08T21:14:45+08:00
73391a64ef6ea3fac8304bf9,834,134,九龙,九龙A6,https://p3-dcd.byteimg.com/motor-mis-img/5b7614129bf114a789f0b0fcbc0aca34~tplv-f042mdwyw7-original:tplv-resize:640:0.image?psm=motor.pc_sh.api,1,0,,,0,0,0,dongchedi_usedcar_series,2026-07-08T21:14:45+08:00
092b794a47b3ed0e60e7985c,836,134,九龙,九龙A4,https://p3-dcd.byteimg.com/motor-mis-img/d8fd597c5319e81d25103dbb76e53ed1~tplv-f042mdwyw7-original:tplv-resize:640:0.image?psm=motor.pc_sh.api,1,0,,,0,0,0,dongchedi_usedcar_series,2026-07-08T21:14:45+08:00
ed104641ea1635b63b8cce22,837,135,卡尔森,卡尔森 S级,https://p3-dcd.byteimg.com/motor-mis-img/b218c358461a241180bac3a42426eb59~tplv-f042mdwyw7-original:tplv-resize:640:0.image?psm=motor.pc_sh.api,1,0,,,0,0,0,dongchedi_usedcar_series,2026-07-08T21:14:45+08:00
94974438ec4d169af64bf991,844,139,开瑞,开瑞K60,https://p9-dcd.byteimg.com/motor-mis-img/3b5f6a275041c8e32884a13dc812418e~tplv-f042mdwyw7-original:tplv-resize:640:0.image?psm=motor.pc_sh.api,1,0,,,0,0,0,dongchedi_usedcar_series,2026-07-08T21:14:45+08:00
9b073fa5d12b3a719f186987,845,139,开瑞,开瑞K50,https://p9-dcd.byteimg.com/motor-mis-img/2d93822a32effa56c59d1c9cab8d9bf8~tplv-f042mdwyw7-original:tplv-resize:640:0.image?psm=motor.pc_sh.api,1,0,,,0,0,0,dongchedi_usedcar_series,2026-07-08T21:14:45+08:00
da00dd109dd0916cbc96cacb,851,30,凯迪拉克,凯迪拉克CTS(进口),https://p3-dcd.byteimg.com/motor-mis-img/9c718de0a854898ea4ad49079b871660~tplv-f042mdwyw7-original:tplv-resize:640:0.image?psm=motor.pc_sh.api,1,0,,,0,0,0,dongchedi_usedcar_series,2026-07-08T21:14:45+08:00
6380b4f679f5a7ab5825a0db,852,30,凯迪拉克,凯迪拉克SRX,https://p3-dcd.byteimg.com/motor-mis-img/f559f39eadf04e7062c5acdb363201b0~tplv-f042mdwyw7-original:tplv-resize:640:0.image?psm=motor.pc_sh.api,1,0,,,0,0,0,dongchedi_usedcar_series,2026-07-08T21:14:45+08:00
199706050b827096617eb7f1,853,30,凯迪拉克,凯雷德ESCALADE,https://p3-dcd.byteimg.com/motor-mis-img/d6b3b97b5058fc4c44be4df906c1c82c~tplv-f042mdwyw7-original:tplv-resize:640:0.image?psm=motor.pc_sh.api,1,0,,,0,0,0,dongchedi_usedcar_series,2026-07-08T21:14:45+08:00
247d8a461ae13696b37d6b45,854,30,凯迪拉克,凯迪拉克XLR,https://p3-dcd.byteimg.com/motor-mis-img/5f38de08311fa767647d15a9bbd181e7~tplv-f042mdwyw7-original:tplv-resize:640:0.image?psm=motor.pc_sh.api,1,0,,,0,0,0,dongchedi_usedcar_series,2026-07-08T21:14:45+08:00
99d9183dd27653c87fc44745,855,30,凯迪拉克,凯迪拉克ATS-L,https://p3-dcd.byteimg.com/motor-mis-img/1d6606223450004f2a4e1b5086767a11~tplv-f042mdwyw7-original:tplv-resize:640:0.image?psm=motor.pc_sh.api,1,0,,,0,0,0,dongchedi_usedcar_series,2026-07-08T21:14:45+08:00
e24f6510eaa1eee231b1e43e,856,30,凯迪拉克,凯迪拉克CT6 PLUG-IN,https://p3-dcd.byteimg.com/motor-mis-img/8d4414a6cf6f3a083effc4c87625959c~tplv-f042mdwyw7-original:tplv-resize:640:0.image?psm=motor.pc_sh.api,1,0,,,0,0,0,dongchedi_usedcar_series,2026-07-08T21:14:45+08:00
a3023e9f7c5125c4c5fb008e,857,30,凯迪拉克,SLS赛威,https://p3-dcd.byteimg.com/motor-mis-img/4139b8c0c10064863e4707b9ffe44f95~tplv-f042mdwyw7-original:tplv-resize:640:0.image?psm=motor.pc_sh.api,1,0,,,0,0,0,dongchedi_usedcar_series,2026-07-08T21:14:45+08:00
50f8151cddefbff574b736af,858,30,凯迪拉克,凯迪拉克CTS,https://p3-dcd.byteimg.com/motor-mis-img/c54a9fc8a207cf8c292d70f7b18f65fe~tplv-f042mdwyw7-original:tplv-resize:640:0.image?psm=motor.pc_sh.api,1,0,,,0,0,0,dongchedi_usedcar_series,2026-07-08T21:14:45+08:00
5eed286539abf962f1b07cee,859,30,凯迪拉克,凯迪拉克CT6,https://p9-dcd.byteimg.com/tos-cn-i-dcdx/1effd18860ed46a9873ed3b7e2552f7b~tplv-resize:640:0.png?psm=motor.rank.data,3,161,销量榜,34,3,58,61,dongchedi_ranking|dongchedi_usedcar_series,2026-07-08T21:14:45+08:00
ad8cbd4ec31c48d3312874ab,860,30,凯迪拉克,凯迪拉克XTS,https://p3-dcd.byteimg.com/motor-mis-img/3373ca9409d70c16d47d6b009c35400e~tplv-f042mdwyw7-original:tplv-resize:640:0.image?psm=motor.pc_sh.api,1,0,,,0,0,0,dongchedi_usedcar_series,2026-07-08T21:14:45+08:00
76256fe4457147605fec3a4e,861,30,凯迪拉克,凯迪拉克XT5,https://p9-dcd.byteimg.com/tos-cn-i-dcdx/a7afef1b740b4f6d9baf0c3d88671967~tplv-resize:640:0.png?psm=motor.rank.data,3,161,销量榜,13,4,60,64,dongchedi_ranking|dongchedi_usedcar_series,2026-07-08T21:14:45+08:00
e1ec5a61d06425ec91661969,862,142,凯翼,凯翼C3R,https://p3-dcd.byteimg.com/motor-mis-img/9dbe92aabf8f74ded164a0fe3e8ebb53~tplv-f042mdwyw7-original:tplv-resize:640:0.image?psm=motor.pc_sh.api,1,0,,,0,0,0,dongchedi_usedcar_series,2026-07-08T21:14:45+08:00
8e796e8826750042ffde59e5,863,142,凯翼,凯翼C3,https://p3-dcd.byteimg.com/motor-mis-img/4b677127cd24a06a0229d61751180f66~tplv-f042mdwyw7-original:tplv-resize:640:0.image?psm=motor.pc_sh.api,1,0,,,0,0,0,dongchedi_usedcar_series,2026-07-08T21:14:45+08:00
5b7f5dd2f52a4d96c4cbd799,864,142,凯翼,凯翼X3,https://p3-dcd.byteimg.com/motor-mis-img/28d8e337af5968f12797ac87d01acde5~tplv-f042mdwyw7-original:tplv-resize:640:0.image?psm=motor.pc_sh.api,1,0,,,0,0,0,dongchedi_usedcar_series,2026-07-08T21:14:45+08:00
9dcf973bf1335257f5899f62,873,84,克莱斯勒,克莱斯勒300C,https://p3-dcd.byteimg.com/motor-mis-img/4eea2cab1ac3833e49f50b1f9a467a39~tplv-f042mdwyw7-original:tplv-resize:640:0.image?psm=motor.pc_sh.api,1,0,,,0,0,0,dongchedi_usedcar_series,2026-07-08T21:14:45+08:00
76789e84e4a7dc27e03952bc,874,84,克莱斯勒,PT 漫步者,https://p3-dcd.byteimg.com/motor-mis-img/e45e6960df998938232c27ac1d5f220f~tplv-f042mdwyw7-original:tplv-resize:640:0.image?psm=motor.pc_sh.api,1,0,,,0,0,0,dongchedi_usedcar_series,2026-07-08T21:14:45+08:00
e844f17fe9526027c84fe134,875,84,克莱斯勒,克莱斯勒300C(进口),https://p3-dcd.byteimg.com/motor-mis-img/7df4eabef7ca71248336dcc6fa0c7eef~tplv-f042mdwyw7-original:tplv-resize:640:0.image?psm=motor.pc_sh.api,1,0,,,0,0,0,dongchedi_usedcar_series,2026-07-08T21:14:45+08:00
167f4e3eadced793fd07b49a,876,84,克莱斯勒,大捷龙(进口),https://p3-dcd.byteimg.com/tos-cn-i-dcdx/448a1df58e024292892197aced394f0f~tplv-f042mdwyw7-original:tplv-resize:640:0.image?psm=motor.pc_sh.api,1,0,,,0,0,0,dongchedi_usedcar_series,2026-07-08T21:14:45+08:00
2281994faa9a96b8e09a5d2d,877,42,兰博基尼,Huracán,https://p3-dcd.byteimg.com/motor-mis-img/51cf87e2766800197503c0de429a91fa~tplv-f042mdwyw7-original:tplv-resize:640:0.image?psm=motor.pc_sh.api,1,0,,,0,0,0,dongchedi_usedcar_series,2026-07-08T21:14:45+08:00
979da1ab30bfbb6416c0114d,878,42,兰博基尼,Aventador,https://p3-dcd.byteimg.com/motor-mis-img/7b8fb3c2c51821b7f2f94ee0b8f1958f~tplv-f042mdwyw7-original:tplv-resize:640:0.image?psm=motor.pc_sh.api,1,0,,,0,0,0,dongchedi_usedcar_series,2026-07-08T21:14:45+08:00
33ce63dd048878f550c3e0e6,879,42,兰博基尼,Gallardo,https://p3-dcd.byteimg.com/motor-mis-img/a297f86b93d042c7cb21385644f191b4~tplv-f042mdwyw7-original:tplv-resize:640:0.image?psm=motor.pc_sh.api,1,0,,,0,0,0,dongchedi_usedcar_series,2026-07-08T21:14:45+08:00
412d80f1955d689ca44dae1c,880,42,兰博基尼,Murcielago,https://p3-dcd.byteimg.com/motor-mis-img/580904aeeacebb44815b3d1113dab59c~tplv-f042mdwyw7-original:tplv-resize:640:0.image?psm=motor.pc_sh.api,1,0,,,0,0,0,dongchedi_usedcar_series,2026-07-08T21:14:45+08:00
2a89b712fdca5f707ffdae76,882,41,劳斯莱斯,幻影,https://p9-dcd.byteimg.com/tos-cn-i-dcdx/398362876d424f32b473683b83b7cfaf~tplv-f042mdwyw7-original:tplv-resize:640:0.image?psm=motor.pc_sh.api,1,0,,,0,0,0,dongchedi_usedcar_series,2026-07-08T21:14:45+08:00
fd278f9679694e7e6b349f94,883,41,劳斯莱斯,古思特,https://p9-dcd.byteimg.com/tos-cn-i-dcdx/e06de38c67d84784bb8dd35d2b9c249f~tplv-f042mdwyw7-original:tplv-resize:640:0.image?psm=motor.pc_sh.api,1,0,,,0,0,0,dongchedi_usedcar_series,2026-07-08T21:14:45+08:00
bbf53d4fa7f76cb282da4c50,884,41,劳斯莱斯,魅影,https://p9-dcd.byteimg.com/motor-mis-img/d84e3e265865ad09d3364b155807a976~tplv-f042mdwyw7-original:tplv-resize:640:0.image?psm=motor.pc_sh.api,1,0,,,0,0,0,dongchedi_usedcar_series,2026-07-08T21:14:45+08:00
d133c92cd71fbcac58126b2a,885,41,劳斯莱斯,曜影,https://p9-dcd.byteimg.com/motor-mis-img/347bba15936e555faee27c7d418c915e~tplv-f042mdwyw7-original:tplv-resize:640:0.image?psm=motor.pc_sh.api,1,0,,,0,0,0,dongchedi_usedcar_series,2026-07-08T21:14:45+08:00
524f2c4304de5ade0fe74714,886,22,雷克萨斯,雷克萨斯CT,https://p3-dcd.byteimg.com/motor-mis-img/f15d3bc1e41d827467a1542e1bdb92bf~tplv-f042mdwyw7-original:tplv-resize:640:0.image?psm=motor.pc_sh.api,1,0,,,0,0,0,dongchedi_usedcar_series,2026-07-08T21:14:45+08:00
858fbbe69242ad4d13ba3b4f,887,22,雷克萨斯,雷克萨斯IS,https://p3-dcd.byteimg.com/tos-cn-i-dcdx/713a2932affd4782bc47498c304e225f~tplv-f042mdwyw7-original:tplv-resize:640:0.image?psm=motor.pc_sh.api,1,0,,,0,0,0,dongchedi_usedcar_series,2026-07-08T21:14:45+08:00
6aefd81ae647f96c2310e628,888,22,雷克萨斯,雷克萨斯ES,https://p3-dcd.byteimg.com/tos-cn-i-dcdx/08466a2d93b1485ca7ecc5ef4eff024c~tplv-f042mdwyw7-original:tplv-resize:640:0.image?psm=motor.pc_sh.api,1,0,,,0,0,0,dongchedi_usedcar_series,2026-07-08T21:14:45+08:00
f0caa7587b0b67f5788c8f51,889,22,雷克萨斯,雷克萨斯GS,https://p3-dcd.byteimg.com/motor-mis-img/fc37d77a75e33444390adefad7ab6780~tplv-f042mdwyw7-original:tplv-resize:640:0.image?psm=motor.pc_sh.api,1,0,,,0,0,0,dongchedi_usedcar_series,2026-07-08T21:14:45+08:00
a702e0122c5bef956897852b,890,22,雷克萨斯,雷克萨斯LS,https://p3-dcd.byteimg.com/tos-cn-i-dcdx/94bfc032daa2466cbc2a7f4fe93bdfb4~tplv-f042mdwyw7-original:tplv-resize:640:0.image?psm=motor.pc_sh.api,1,0,,,0,0,0,dongchedi_usedcar_series,2026-07-08T21:14:45+08:00
3a67e05044161544f290bb88,891,22,雷克萨斯,雷克萨斯NX,https://p3-dcd.byteimg.com/tos-cn-i-dcdx/7e723c7adccf488bb9083a8c9b1f8a6c~tplv-f042mdwyw7-original:tplv-resize:640:0.image?psm=motor.pc_sh.api,1,0,,,0,0,0,dongchedi_usedcar_series,2026-07-08T21:14:45+08:00
7faf6ea216ab67141061f551,892,22,雷克萨斯,雷克萨斯RX经典,https://p3-dcd.byteimg.com/motor-mis-img/478fe3bc58cd67017b285e6b38790f0e~tplv-f042mdwyw7-original:tplv-resize:640:0.image?psm=motor.pc_sh.api,1,0,,,0,0,0,dongchedi_usedcar_series,2026-07-08T21:14:45+08:00
1d84a4ccbaa3d747e25db26c,893,22,雷克萨斯,雷克萨斯GX,https://p3-dcd.byteimg.com/tos-cn-i-dcdx/7c1a9339eea14288ad01b77afb4b3d33~tplv-f042mdwyw7-original:tplv-resize:640:0.image?psm=motor.pc_sh.api,1,0,,,0,0,0,dongchedi_usedcar_series,2026-07-08T21:14:45+08:00
2e9ff1eac56a57fde7826bff,894,22,雷克萨斯,雷克萨斯RX,https://p3-dcd.byteimg.com/tos-cn-i-dcdx/34e076fcb3804e7298082d10be419c1d~tplv-f042mdwyw7-original:tplv-resize:640:0.image?psm=motor.pc_sh.api,1,0,,,0,0,0,dongchedi_usedcar_series,2026-07-08T21:14:45+08:00
82ef3f1418f69fcd530167ec,895,22,雷克萨斯,雷克萨斯LX,https://p3-dcd.byteimg.com/tos-cn-i-dcdx/4d9dc8ab7beb4d9a97857e5c57e4ed8b~tplv-f042mdwyw7-original:tplv-resize:640:0.image?psm=motor.pc_sh.api,1,0,,,0,0,0,dongchedi_usedcar_series,2026-07-08T21:14:45+08:00
092dafd976335ad9c8469bf7,896,22,雷克萨斯,雷克萨斯RC,https://p3-dcd.byteimg.com/motor-mis-img/603577cb9f90a3b06fab6f177240b129~tplv-f042mdwyw7-original:tplv-resize:640:0.image?psm=motor.pc_sh.api,1,0,,,0,0,0,dongchedi_usedcar_series,2026-07-08T21:14:45+08:00
62d2778840b464232e90719f,897,22,雷克萨斯,雷克萨斯SC,https://p3-dcd.byteimg.com/motor-mis-img/25f4ad99b8a717aa14f9f5e3058b215e~tplv-f042mdwyw7-original:tplv-resize:640:0.image?psm=motor.pc_sh.api,1,0,,,0,0,0,dongchedi_usedcar_series,2026-07-08T21:14:45+08:00
712774358f13b549479c755f,898,22,雷克萨斯,雷克萨斯RC F,https://p3-dcd.byteimg.com/motor-mis-img/baa4e4d84639c79f2852e480624e68b2~tplv-f042mdwyw7-original:tplv-resize:640:0.image?psm=motor.pc_sh.api,1,0,,,0,0,0,dongchedi_usedcar_series,2026-07-08T21:14:45+08:00
57b2a67090df998b521e2d89,900,46,雷诺,科雷傲,https://p3-dcd.byteimg.com/motor-mis-img/6dabd4f360bd07e65237aeec766bb9b2~tplv-f042mdwyw7-original:tplv-resize:640:0.image?psm=motor.pc_sh.api,1,0,,,0,0,0,dongchedi_usedcar_series,2026-07-08T21:14:45+08:00
7f14c312fa61983db94f7308,901,46,雷诺,科雷嘉,https://p3-dcd.byteimg.com/motor-mis-img/3dd31e6c400ae68e65d1b60b1bf50cb7~tplv-f042mdwyw7-original:tplv-resize:640:0.image?psm=motor.pc_sh.api,1,0,,,0,0,0,dongchedi_usedcar_series,2026-07-08T21:14:45+08:00
0ccf282e79d7ce3c04755bc5,902,46,雷诺,拉古那,https://p3-dcd.byteimg.com/motor-mis-img/16dc5b27eef6f01eba1bd92814d64873~tplv-f042mdwyw7-original:tplv-resize:640:0.image?psm=motor.pc_sh.api,1,0,,,0,0,0,dongchedi_usedcar_series,2026-07-08T21:14:45+08:00
903a9c5b0e22cbb430805638,903,46,雷诺,梅甘娜,https://p3-dcd.byteimg.com/motor-mis-img/a4e6d6b92a7592652dcb7e33b7fa8566~tplv-f042mdwyw7-original:tplv-resize:640:0.image?psm=motor.pc_sh.api,1,0,,,0,0,0,dongchedi_usedcar_series,2026-07-08T21:14:45+08:00
270688d75bcc07fdc2edf323,904,46,雷诺,风朗,https://p3-dcd.byteimg.com/motor-mis-img/83e2d5c6136a3288a9fd0fc186390bff~tplv-f042mdwyw7-original:tplv-resize:640:0.image?psm=motor.pc_sh.api,1,0,,,0,0,0,dongchedi_usedcar_series,2026-07-08T21:14:45+08:00
da54b017fcb45126c9045cba,906,46,雷诺,纬度,https://p3-dcd.byteimg.com/motor-mis-img/a6a7946f86ecfd058b32076d99874033~tplv-f042mdwyw7-original:tplv-resize:640:0.image?psm=motor.pc_sh.api,1,0,,,0,0,0,dongchedi_usedcar_series,2026-07-08T21:14:45+08:00
3e520b1ec18b0d3b4bf4d951,908,46,雷诺,卡缤(进口),https://p3-dcd.byteimg.com/tos-cn-i-dcdx/3ac1c68a21104b5986ad713b0fa6cd92~tplv-f042mdwyw7-original:tplv-resize:640:0.image?psm=motor.pc_sh.api,1,0,,,0,0,0,dongchedi_usedcar_series,2026-07-08T21:14:45+08:00
4339b70ee43144296e697238,909,46,雷诺,科雷傲(进口),https://p3-dcd.byteimg.com/motor-mis-img/7df5fca8688361ba03c601c480231887~tplv-f042mdwyw7-original:tplv-resize:640:0.image?psm=motor.pc_sh.api,1,0,,,0,0,0,dongchedi_usedcar_series,2026-07-08T21:14:45+08:00
87fa233f5f51de3294960a0f,910,46,雷诺,风景经典,https://p3-dcd.byteimg.com/motor-mis-img/653c9fe24977ed79eae43e2f6ad8100e~tplv-f042mdwyw7-original:tplv-resize:640:0.image?psm=motor.pc_sh.api,1,0,,,0,0,0,dongchedi_usedcar_series,2026-07-08T21:14:45+08:00
b1b22228a1359a93c1b2bfdc,911,111,理念,理念S1,https://p3-dcd.byteimg.com/motor-mis-img/8daf0d24fde0479c5c41e709a3399464~tplv-f042mdwyw7-original:tplv-resize:640:0.image?psm=motor.pc_sh.api,1,0,,,0,0,0,dongchedi_usedcar_series,2026-07-08T21:14:45+08:00
d489f458bb780e0b915bd307,918,101,力帆汽车,力帆620,https://p3-dcd.byteimg.com/motor-mis-img/6524f3c25b21e62f8c2b37793309055f~tplv-f042mdwyw7-original:tplv-resize:640:0.image?psm=motor.pc_sh.api,1,0,,,0,0,0,dongchedi_usedcar_series,2026-07-08T21:14:45+08:00
0c8795b3f63e3893d854f75b,919,101,力帆汽车,力帆720,https://p3-dcd.byteimg.com/motor-mis-img/fef78a74653b28a4ee1d70381cd97912~tplv-f042mdwyw7-original:tplv-resize:640:0.image?psm=motor.pc_sh.api,1,0,,,0,0,0,dongchedi_usedcar_series,2026-07-08T21:14:45+08:00
fad3f0f772ad89b385f88e8e,921,101,力帆汽车,力帆820,https://p3-dcd.byteimg.com/motor-mis-img/c3c826011c67059ecb23cd52dd01262b~tplv-f042mdwyw7-original:tplv-resize:640:0.image?psm=motor.pc_sh.api,1,0,,,0,0,0,dongchedi_usedcar_series,2026-07-08T21:14:45+08:00
fa9c07b16b91e9b962206adf,922,101,力帆汽车,力帆X60,https://p3-dcd.byteimg.com/motor-mis-img/5d5ed037ea6c196393a7ca02d1cd0371~tplv-f042mdwyw7-original:tplv-resize:640:0.image?psm=motor.pc_sh.api,1,0,,,0,0,0,dongchedi_usedcar_series,2026-07-08T21:14:45+08:00
d002ce0ab471e1e7b4c1f8c2,923,101,力帆汽车,力帆X50,https://p3-dcd.byteimg.com/motor-mis-img/7c60fae43c4dc42e61cad16dfa2152ef~tplv-f042mdwyw7-original:tplv-resize:640:0.image?psm=motor.pc_sh.api,1,0,,,0,0,0,dongchedi_usedcar_series,2026-07-08T21:14:45+08:00
adb9bfc269cb89f89ab3af1e,924,101,力帆汽车,迈威,https://p3-dcd.byteimg.com/motor-mis-img/74de938f1d1ba28f6d461f24b0b42a0e~tplv-f042mdwyw7-original:tplv-resize:640:0.image?psm=motor.pc_sh.api,1,0,,,0,0,0,dongchedi_usedcar_series,2026-07-08T21:14:45+08:00
bce8b651ae66514261223f6a,926,101,力帆汽车,轩朗,https://p3-dcd.byteimg.com/motor-mis-img/f53a5e5de87cb159b5d1f34203210d7f~tplv-f042mdwyw7-original:tplv-resize:640:0.image?psm=motor.pc_sh.api,1,0,,,0,0,0,dongchedi_usedcar_series,2026-07-08T21:14:45+08:00
52de59a8097b163d13b95044,937,76,猎豹汽车,飞腾,https://p3-dcd.byteimg.com/motor-mis-img/484472dc31695c30b963287969fef690~tplv-f042mdwyw7-original:tplv-resize:640:0.image?psm=motor.pc_sh.api,1,0,,,0,0,0,dongchedi_usedcar_series,2026-07-08T21:14:45+08:00
819a86b6a185acff8b41b196,938,76,猎豹汽车,猎豹CS9,https://p3-dcd.byteimg.com/motor-mis-img/0cc57b3c9d33004c351dd3c33c0dfa56~tplv-f042mdwyw7-original:tplv-resize:640:0.image?psm=motor.pc_sh.api,1,0,,,0,0,0,dongchedi_usedcar_series,2026-07-08T21:14:45+08:00
e6442cddb1e6d2ce4f5f734d,939,76,猎豹汽车,猎豹CS7,https://p3-dcd.byteimg.com/motor-mis-img/a6fea017cfbab94c781bc7809a826d5c~tplv-f042mdwyw7-original:tplv-resize:640:0.image?psm=motor.pc_sh.api,1,0,,,0,0,0,dongchedi_usedcar_series,2026-07-08T21:14:45+08:00
d48c7cbfacf488aa8056257d,941,76,猎豹汽车,猎豹CS10,https://p3-dcd.byteimg.com/motor-mis-img/d7ee9929fe6716c862556140779f32b9~tplv-f042mdwyw7-original:tplv-resize:640:0.image?psm=motor.pc_sh.api,1,0,,,0,0,0,dongchedi_usedcar_series,2026-07-08T21:14:45+08:00
e80556d90b6fc3afd39d44df,943,76,猎豹汽车,黑金刚,https://p3-dcd.byteimg.com/motor-mis-img/07d84eef12d5ba90a9f157eb64bc9a2d~tplv-f042mdwyw7-original:tplv-resize:640:0.image?psm=motor.pc_sh.api,1,0,,,0,0,0,dongchedi_usedcar_series,2026-07-08T21:14:45+08:00
4a576a4d2218efafc661a9c9,944,76,猎豹汽车,猎豹Q6,https://p3-dcd.byteimg.com/motor-mis-img/e6e01efd90455b56e500997bbf810d00~tplv-f042mdwyw7-original:tplv-resize:640:0.image?psm=motor.pc_sh.api,1,0,,,0,0,0,dongchedi_usedcar_series,2026-07-08T21:14:45+08:00
20019a3d2a495e85f4d0c330,945,76,猎豹汽车,猎豹6481,https://p3-dcd.byteimg.com/motor-mis-img/cae0b84c17d83c88a662b96d29641f46~tplv-f042mdwyw7-original:tplv-resize:640:0.image?psm=motor.pc_sh.api,1,0,,,0,0,0,dongchedi_usedcar_series,2026-07-08T21:14:45+08:00
8045071dc9afc5d7ecf62f90,950,62,林肯,林肯MKZ,https://p3-dcd.byteimg.com/motor-mis-img/28eae126644fed628e2d14d257c5ba88~tplv-f042mdwyw7-original:tplv-resize:640:0.image?psm=motor.pc_sh.api,1,0,,,0,0,0,dongchedi_usedcar_series,2026-07-08T21:14:45+08:00
8da6d96147b874d6a588e331,952,62,林肯,林肯大陆,https://p3-dcd.byteimg.com/motor-mis-img/1debd4d0aeb40f4ad2d5cf206ff71144~tplv-f042mdwyw7-original:tplv-resize:640:0.image?psm=motor.pc_sh.api,1,0,,,0,0,0,dongchedi_usedcar_series,2026-07-08T21:14:45+08:00
17b6c9804e1c742fbc9943d9,953,62,林肯,城市,https://p3-dcd.byteimg.com/motor-mis-img/1e6c53bba32a17b32f410b2f8aee9b20~tplv-f042mdwyw7-original:tplv-resize:640:0.image?psm=motor.pc_sh.api,1,0,,,0,0,0,dongchedi_usedcar_series,2026-07-08T21:14:45+08:00
89f4bc37871e11785fda7ea9,954,62,林肯,林肯MKC,https://p3-dcd.byteimg.com/motor-mis-img/f90cf2c4d4ada8617f905c793dddf161~tplv-f042mdwyw7-original:tplv-resize:640:0.image?psm=motor.pc_sh.api,1,0,,,0,0,0,dongchedi_usedcar_series,2026-07-08T21:14:45+08:00
3754dbe1db6a20bb70664c9c,955,62,林肯,林肯MKX,https://p3-dcd.byteimg.com/motor-mis-img/7189d4fcda10e807d82ef0cf53e98b15~tplv-f042mdwyw7-original:tplv-resize:640:0.image?psm=motor.pc_sh.api,1,0,,,0,0,0,dongchedi_usedcar_series,2026-07-08T21:14:45+08:00
251a951b5c23e4d621b2f666,956,62,林肯,林肯MKT,https://p3-dcd.byteimg.com/motor-mis-img/7c664f487b73a51534a00baefc1e87ec~tplv-f042mdwyw7-original:tplv-resize:640:0.image?psm=motor.pc_sh.api,1,0,,,0,0,0,dongchedi_usedcar_series,2026-07-08T21:14:45+08:00
fc13774995a2d01205c356a0,957,62,林肯,领航员,https://p3-dcd.byteimg.com/tos-cn-i-dcdx/53ebea720b164172b459934c268170a0~tplv-f042mdwyw7-original:tplv-resize:640:0.image?psm=motor.pc_sh.api,1,0,,,0,0,0,dongchedi_usedcar_series,2026-07-08T21:14:45+08:00
09d8cecad1c670b89717c3a5,958,50,铃木,铃木北斗星X5,https://p3-dcd.byteimg.com/motor-mis-img/c6ab138567e9dc776bea3962374c481f~tplv-f042mdwyw7-original:tplv-resize:640:0.image?psm=motor.pc_sh.api,1,0,,,0,0,0,dongchedi_usedcar_series,2026-07-08T21:14:45+08:00
54f09a34df085f48c732844f,959,50,铃木,北斗星,https://p3-dcd.byteimg.com/motor-mis-img/13ffca5ee35a16d5ffc8b393938b7aae~tplv-f042mdwyw7-original:tplv-resize:640:0.image?psm=motor.pc_sh.api,1,0,,,0,0,0,dongchedi_usedcar_series,2026-07-08T21:14:45+08:00
7037842a411942c750e17231,960,50,铃木,派喜,https://p3-dcd.byteimg.com/motor-mis-img/2e5f5da49d615a30f754a4a5eac0e846~tplv-f042mdwyw7-original:tplv-resize:640:0.image?psm=motor.pc_sh.api,1,0,,,0,0,0,dongchedi_usedcar_series,2026-07-08T21:14:45+08:00
3359cfebc75b005a2be2fd40,961,50,铃木,利亚纳A6,https://p3-dcd.byteimg.com/motor-mis-img/eb427ed9defb48f1340399427fb87f52~tplv-f042mdwyw7-original:tplv-resize:640:0.image?psm=motor.pc_sh.api,1,0,,,0,0,0,dongchedi_usedcar_series,2026-07-08T21:14:45+08:00
44d6b83dcb604ff3e9ca6f05,963,50,铃木,浪迪,https://p3-dcd.byteimg.com/motor-mis-img/7aa71981d78c7a9b6ae57443d5ef39ae~tplv-f042mdwyw7-original:tplv-resize:640:0.image?psm=motor.pc_sh.api,1,0,,,0,0,0,dongchedi_usedcar_series,2026-07-08T21:14:45+08:00
7864256a5fe0e590949e4bd7,964,50,铃木,速翼特,https://p3-dcd.byteimg.com/tos-cn-i-dcdx/4c39830eb6c7438a9fab13d7fcdd4bfc~tplv-f042mdwyw7-original:tplv-resize:640:0.image?psm=motor.pc_sh.api,1,0,,,0,0,0,dongchedi_usedcar_series,2026-07-08T21:14:45+08:00
91043404a62b22d8dc37f8ef,965,50,铃木,凯泽西,https://p3-dcd.byteimg.com/motor-mis-img/d6c8a0e9e9888726308ffe50cc1d4d3a~tplv-f042mdwyw7-original:tplv-resize:640:0.image?psm=motor.pc_sh.api,1,0,,,0,0,0,dongchedi_usedcar_series,2026-07-08T21:14:45+08:00
2d4f4386bd6c4ded67209e95,966,50,铃木,吉姆尼(进口),https://p3-dcd.byteimg.com/tos-cn-i-dcdx/95d6010014bd4178a335491bca693f0f~tplv-f042mdwyw7-original:tplv-resize:640:0.image?psm=motor.pc_sh.api,1,0,,,0,0,0,dongchedi_usedcar_series,2026-07-08T21:14:45+08:00
a74e9f94096d1ad55b4949c6,967,50,铃木,超级维特拉,https://p3-dcd.byteimg.com/tos-cn-i-dcdx/8c41a6c4d4864a508751f389fce08a85~tplv-f042mdwyw7-original:tplv-resize:640:0.image?psm=motor.pc_sh.api,1,0,,,0,0,0,dongchedi_usedcar_series,2026-07-08T21:14:45+08:00
e8ccc5c6536f2d1aa1e14024,968,50,铃木,奥拓,https://p3-dcd.byteimg.com/motor-mis-img/cd8845229e3f55b78209332acaeb9efd~tplv-f042mdwyw7-original:tplv-resize:640:0.image?psm=motor.pc_sh.api,1,0,,,0,0,0,dongchedi_usedcar_series,2026-07-08T21:14:45+08:00
56583e9a512188de2c076f39,969,50,铃木,羚羊,https://p3-dcd.byteimg.com/motor-mis-img/ff061a39c85eaa4a8cb6b4cb87765d36~tplv-f042mdwyw7-original:tplv-resize:640:0.image?psm=motor.pc_sh.api,1,0,,,0,0,0,dongchedi_usedcar_series,2026-07-08T21:14:45+08:00
bab7718980d93b1eb7d86921,970,50,铃木,雨燕,https://p3-dcd.byteimg.com/motor-mis-img/04c983268c3f6a3981df82edee73489e~tplv-f042mdwyw7-original:tplv-resize:640:0.image?psm=motor.pc_sh.api,1,0,,,0,0,0,dongchedi_usedcar_series,2026-07-08T21:14:45+08:00
de7d60388d67919105ed8db6,971,50,铃木,天语 SX4,https://p3-dcd.byteimg.com/motor-mis-img/970251d03ce2e00ab44253d11efa59e1~tplv-f042mdwyw7-original:tplv-resize:640:0.image?psm=motor.pc_sh.api,1,0,,,0,0,0,dongchedi_usedcar_series,2026-07-08T21:14:45+08:00
de3e4f1abc9ae2f02e59b6f6,972,50,铃木,天语 尚悦,https://p3-dcd.byteimg.com/motor-mis-img/e49f332361bc45adbfe62d4bca8f4f27~tplv-f042mdwyw7-original:tplv-resize:640:0.image?psm=motor.pc_sh.api,1,0,,,0,0,0,dongchedi_usedcar_series,2026-07-08T21:14:45+08:00
ffec4aea705dc4b4532b3372,973,50,铃木,启悦,https://p3-dcd.byteimg.com/motor-mis-img/dbb5c1153e2cf595232b499c073b06f9~tplv-f042mdwyw7-original:tplv-resize:640:0.image?psm=motor.pc_sh.api,1,0,,,0,0,0,dongchedi_usedcar_series,2026-07-08T21:14:45+08:00
283743c7d4e740a990fe0231,974,50,铃木,锋驭,https://p3-dcd.byteimg.com/motor-mis-img/21b7e114987a474760af8d5e091fa90d~tplv-f042mdwyw7-original:tplv-resize:640:0.image?psm=motor.pc_sh.api,1,0,,,0,0,0,dongchedi_usedcar_series,2026-07-08T21:14:45+08:00
16f6ad6f8a321d35eea9dcc3,975,50,铃木,维特拉,https://p3-dcd.byteimg.com/motor-mis-img/892b7de4bd49509fa122918c1e3d2f5b~tplv-f042mdwyw7-original:tplv-resize:640:0.image?psm=motor.pc_sh.api,1,0,,,0,0,0,dongchedi_usedcar_series,2026-07-08T21:14:45+08:00
14b1d93dc36867d7ee2da5cf,977,102,陆风,陆风X5,https://p3-dcd.byteimg.com/motor-mis-img/a435292cb3cb597fc8957bcaa49e6fa6~tplv-f042mdwyw7-original:tplv-resize:640:0.image?psm=motor.pc_sh.api,1,0,,,0,0,0,dongchedi_usedcar_series,2026-07-08T21:14:45+08:00
86e7a5facca42d1b8aeabf8e,979,102,陆风,陆风X7,https://p3-dcd.byteimg.com/motor-mis-img/d3e6a899f56d05e6f2d8bb5f0ce95fad~tplv-f042mdwyw7-original:tplv-resize:640:0.image?psm=motor.pc_sh.api,1,0,,,0,0,0,dongchedi_usedcar_series,2026-07-08T21:14:45+08:00
7378f0b04ad30947ba3dce88,980,102,陆风,陆风X9,https://p3-dcd.byteimg.com/motor-mis-img/19ef5de010fc51f65bc3c25d0f5f8ed8~tplv-f042mdwyw7-original:tplv-resize:640:0.image?psm=motor.pc_sh.api,1,0,,,0,0,0,dongchedi_usedcar_series,2026-07-08T21:14:45+08:00
dc0a2ac188c3b9157c384651,981,102,陆风,陆风X8,https://p3-dcd.byteimg.com/motor-mis-img/fdff1395ea42d6517e1934cea1f5fd78~tplv-f042mdwyw7-original:tplv-resize:640:0.image?psm=motor.pc_sh.api,1,0,,,0,0,0,dongchedi_usedcar_series,2026-07-08T21:14:45+08:00
06ff3dc98d8ccda20696a2ed,983,102,陆风,陆风X2,https://p3-dcd.byteimg.com/motor-mis-img/81fd8971ba9e5d63464e3bf1bc31402c~tplv-f042mdwyw7-original:tplv-resize:640:0.image?psm=motor.pc_sh.api,1,0,,,0,0,0,dongchedi_usedcar_series,2026-07-08T21:14:45+08:00
2ccbbb8c78c1747b46f27ccb,984,19,路虎,揽胜极光(进口),https://p3-dcd.byteimg.com/tos-cn-i-dcdx/ac15eb035f3a46019e8827f3ca0cc49d~tplv-f042mdwyw7-original:tplv-resize:640:0.image?psm=motor.pc_sh.api,1,0,,,0,0,0,dongchedi_usedcar_series,2026-07-08T21:14:45+08:00
f4336f6e4f9edbfd17df3685,985,19,路虎,神行者2,https://p3-dcd.byteimg.com/motor-mis-img/f293687abb9b4a14ca76848d6cb24894~tplv-f042mdwyw7-original:tplv-resize:640:0.image?psm=motor.pc_sh.api,1,0,,,0,0,0,dongchedi_usedcar_series,2026-07-08T21:14:45+08:00
7d64d2b78d7abc8a54896beb,986,19,路虎,卫士,https://p3-dcd.byteimg.com/tos-cn-i-dcdx/2510264eb3244129af9fcf550a782789~tplv-f042mdwyw7-original:tplv-resize:640:0.image?psm=motor.pc_sh.api,1,0,,,0,0,0,dongchedi_usedcar_series,2026-07-08T21:14:45+08:00
4fce7698eb899edb38166a60,987,19,路虎,神行者,https://p3-dcd.byteimg.com/motor-mis-img/9a83693e6113d6364b04611d513b6eab~tplv-f042mdwyw7-original:tplv-resize:640:0.image?psm=motor.pc_sh.api,1,0,,,0,0,0,dongchedi_usedcar_series,2026-07-08T21:14:45+08:00
3232017814e47f6879c20912,988,19,路虎,发现神行(进口),https://p3-dcd.byteimg.com/motor-mis-img/72d03c1d4dae1a27673a01aea6b03762~tplv-f042mdwyw7-original:tplv-resize:640:0.image?psm=motor.pc_sh.api,1,0,,,0,0,0,dongchedi_usedcar_series,2026-07-08T21:14:45+08:00
53259c71e2ba83d289b14e5e,989,19,路虎,揽胜星脉,https://p3-dcd.byteimg.com/tos-cn-i-dcdx/84ddef46e3274b4b91fcc68f7f41051d~tplv-f042mdwyw7-original:tplv-resize:640:0.image?psm=motor.pc_sh.api,1,0,,,0,0,0,dongchedi_usedcar_series,2026-07-08T21:14:45+08:00
4167306241a38cd70fc26142,990,19,路虎,发现,https://p3-dcd.byteimg.com/tos-cn-i-dcdx/850dc7b81f6c40ff847d6c2fbba966f4~tplv-f042mdwyw7-original:tplv-resize:640:0.image?psm=motor.pc_sh.api,1,0,,,0,0,0,dongchedi_usedcar_series,2026-07-08T21:14:45+08:00
8fede004fd834aec2c832c25,991,19,路虎,揽胜,https://p3-dcd.byteimg.com/tos-cn-i-dcdx/08ce9dde46f64638aa4df622ce69b497~tplv-f042mdwyw7-original:tplv-resize:640:0.image?psm=motor.pc_sh.api,1,0,,,0,0,0,dongchedi_usedcar_series,2026-07-08T21:14:45+08:00
34c78b49877069466b778608,992,19,路虎,揽胜运动,https://p3-dcd.byteimg.com/tos-cn-i-dcdx/02e71c9b87164762bf559c052a580fa9~tplv-f042mdwyw7-original:tplv-resize:640:0.image?psm=motor.pc_sh.api,1,0,,,0,0,0,dongchedi_usedcar_series,2026-07-08T21:14:45+08:00
868260453f237c61e49996ec,993,19,路虎,揽胜极光,https://p9-dcd.byteimg.com/tos-cn-i-dcdx/17fa915b97a743298e3f8bb5233c9d05~tplv-resize:640:0.png?psm=motor.rank.data,3,161,销量榜,28,2,47,49,dongchedi_ranking|dongchedi_usedcar_series,2026-07-08T21:14:45+08:00
418dd6f81056dddd511afd5a,994,19,路虎,发现神行,https://p3-dcd.byteimg.com/motor-mis-img/ea93daf032a1e1220178cb9cffe291fd~tplv-f042mdwyw7-original:tplv-resize:640:0.image?psm=motor.pc_sh.api,1,0,,,0,0,0,dongchedi_usedcar_series,2026-07-08T21:14:45+08:00
3f4f43189ea42cd2e07ad468,996,85,莲花跑车,Evora,https://p3-dcd.byteimg.com/motor-mis-img/0172fa39659c372ebdf9979e62bf4aa4~tplv-f042mdwyw7-original:tplv-resize:640:0.image?psm=motor.pc_sh.api,1,0,,,0,0,0,dongchedi_usedcar_series,2026-07-08T21:14:45+08:00
cd43e1e84e6d1e2bd372b183,998,15,马自达,马自达3(进口),https://p3-dcd.byteimg.com/tos-cn-i-dcdx/399296f7d2f441d6a4118c23822fbdf1~tplv-f042mdwyw7-original:tplv-resize:640:0.image?psm=motor.pc_sh.api,1,0,,,0,0,0,dongchedi_usedcar_series,2026-07-08T21:14:45+08:00
dd08bcb45c3d314bd5010d7b,999,15,马自达,马自达CX-7(进口),https://p3-dcd.byteimg.com/motor-mis-img/b4264d18eba6e7f10f4b35e0b54a9dc7~tplv-f042mdwyw7-original:tplv-resize:640:0.image?psm=motor.pc_sh.api,1,0,,,0,0,0,dongchedi_usedcar_series,2026-07-08T21:14:45+08:00
6f4fc9e161d292b372084181,1000,15,马自达,马自达CX-9,https://p3-dcd.byteimg.com/motor-mis-img/15d93bd7bc821041df62f2d1fd9d57bd~tplv-f042mdwyw7-original:tplv-resize:640:0.image?psm=motor.pc_sh.api,1,0,,,0,0,0,dongchedi_usedcar_series,2026-07-08T21:14:45+08:00
cf54532525746c0844e7d3f6,1001,15,马自达,马自达5,https://p3-dcd.byteimg.com/motor-mis-img/f5f0a923db9359d015cb58117039d223~tplv-f042mdwyw7-original:tplv-resize:640:0.image?psm=motor.pc_sh.api,1,0,,,0,0,0,dongchedi_usedcar_series,2026-07-08T21:14:45+08:00
004e6e13a4759ee52fce3f33,1003,15,马自达,马自达MX-5,https://p3-dcd.byteimg.com/motor-mis-img/3948452c2dbafd5f8994b31b5f052085~tplv-f042mdwyw7-original:tplv-resize:640:0.image?psm=motor.pc_sh.api,1,0,,,0,0,0,dongchedi_usedcar_series,2026-07-08T21:14:45+08:00
63b2ea9b2bee5c1c566e2965,1004,15,马自达,马自达RX-8,https://p3-dcd.byteimg.com/motor-mis-img/cf62c4addb187fab9ed29941b032ae05~tplv-f042mdwyw7-original:tplv-resize:640:0.image?psm=motor.pc_sh.api,1,0,,,0,0,0,dongchedi_usedcar_series,2026-07-08T21:14:45+08:00
a3acfc7c71501496eaa5c23b,1005,15,马自达,马自达6,https://p3-dcd.byteimg.com/motor-mis-img/7eb38185b70f5ca04632662ed075b848~tplv-f042mdwyw7-original:tplv-resize:640:0.image?psm=motor.pc_sh.api,1,0,,,0,0,0,dongchedi_usedcar_series,2026-07-08T21:14:45+08:00
7596b39442edc28e8365526c,1006,15,马自达,睿翼,https://p3-dcd.byteimg.com/motor-mis-img/0db9f35fe40f273ccbb4bacf5a3db5d5~tplv-f042mdwyw7-original:tplv-resize:640:0.image?psm=motor.pc_sh.api,1,0,,,0,0,0,dongchedi_usedcar_series,2026-07-08T21:14:45+08:00
ab63b7277a851c9a845ce0fa,1007,15,马自达,阿特兹,https://p3-dcd.byteimg.com/motor-mis-img/23dae7287112eed1cb699aa22646497f~tplv-f042mdwyw7-original:tplv-resize:640:0.image?psm=motor.pc_sh.api,1,0,,,0,0,0,dongchedi_usedcar_series,2026-07-08T21:14:45+08:00
1ddb466ee31eab3a22379873,1008,15,马自达,马自达CX-4,https://p3-dcd.byteimg.com/motor-mis-img/54614b129c37f3d43db3793074c26a5f~tplv-f042mdwyw7-original:tplv-resize:640:0.image?psm=motor.pc_sh.api,1,0,,,0,0,0,dongchedi_usedcar_series,2026-07-08T21:14:45+08:00
cc8e681519c03efa38779164,1009,15,马自达,马自达CX-7,https://p3-dcd.byteimg.com/motor-mis-img/e58aa14d4d20a8d3913a1d659b9850cc~tplv-f042mdwyw7-original:tplv-resize:640:0.image?psm=motor.pc_sh.api,1,0,,,0,0,0,dongchedi_usedcar_series,2026-07-08T21:14:45+08:00
20838319b457a9d006ccfdf8,1010,15,马自达,马自达8,https://p3-dcd.byteimg.com/motor-mis-img/8130a958bed12081c4d330d52a387eb2~tplv-f042mdwyw7-original:tplv-resize:640:0.image?psm=motor.pc_sh.api,1,0,,,0,0,0,dongchedi_usedcar_series,2026-07-08T21:14:45+08:00
66000d3f2392d9a7814f0c9e,1011,15,马自达,马自达2,https://p3-dcd.byteimg.com/motor-mis-img/66297aec8741ef20d224b226ef591372~tplv-f042mdwyw7-original:tplv-resize:640:0.image?psm=motor.pc_sh.api,1,0,,,0,0,0,dongchedi_usedcar_series,2026-07-08T21:14:45+08:00
d15029d6069a039e284087df,1012,15,马自达,马自达2劲翔,https://p3-dcd.byteimg.com/motor-mis-img/c00b052cc11d2008c99d0d9e9c262722~tplv-f042mdwyw7-original:tplv-resize:640:0.image?psm=motor.pc_sh.api,1,0,,,0,0,0,dongchedi_usedcar_series,2026-07-08T21:14:45+08:00
d1bcd4beb4f95b3bf99d8ee5,1013,15,马自达,马自达3,https://p3-dcd.byteimg.com/motor-mis-img/f8226551d0f490c472db3b03f2c02ec5~tplv-f042mdwyw7-original:tplv-resize:640:0.image?psm=motor.pc_sh.api,1,0,,,0,0,0,dongchedi_usedcar_series,2026-07-08T21:14:45+08:00
9159daa09cbc1dd9864a962e,1014,15,马自达,马自达3 昂克赛拉,https://p9-dcd.byteimg.com/motor-mis-img/2ed9950bbf60e473727cf3735528e032~tplv-resize:640:0.png?psm=motor.rank.data,3,218,销量榜,8,8,105,113,dongchedi_ranking|dongchedi_usedcar_series,2026-07-08T21:14:45+08:00
855c62ce1ab60d3361ed1087,1015,15,马自达,马自达3星骋,https://p3-dcd.byteimg.com/motor-mis-img/e86bf837e11169113563d6bd7e055daa~tplv-f042mdwyw7-original:tplv-resize:640:0.image?psm=motor.pc_sh.api,1,0,,,0,0,0,dongchedi_usedcar_series,2026-07-08T21:14:45+08:00
7fae30fd75eb1aa6c5fd11bc,1016,15,马自达,马自达CX-5,https://p9-dcd.byteimg.com/tos-cn-i-dcdx/cd0afa2cba3f4fba8cfdac2c4417a60b~tplv-resize:640:0.png?psm=motor.rank.data,3,218,销量榜,9,5,79,84,dongchedi_ranking|dongchedi_usedcar_series,2026-07-08T21:14:45+08:00
6e8e144d72feeafeba1c6439,1017,45,玛莎拉蒂,Ghibli,https://p3-dcd.byteimg.com/motor-mis-img/19ad00a7cc511ccfb55c320da7475880~tplv-f042mdwyw7-original:tplv-resize:640:0.image?psm=motor.pc_sh.api,1,0,,,0,0,0,dongchedi_usedcar_series,2026-07-08T21:14:45+08:00
6bb2bdcaa81f9e4fc7f0d731,1018,45,玛莎拉蒂,总裁,https://p3-dcd.byteimg.com/motor-mis-img/397acbe9d79cf5dbb0e01b68f3361476~tplv-f042mdwyw7-original:tplv-resize:640:0.image?psm=motor.pc_sh.api,1,0,,,0,0,0,dongchedi_usedcar_series,2026-07-08T21:14:45+08:00
6928e2e162ac296247614df3,1019,45,玛莎拉蒂,GranTurismo,https://p3-dcd.byteimg.com/tos-cn-i-dcdx/abb234a246b14f1f8e352b2fa33475f8~tplv-f042mdwyw7-original:tplv-resize:640:0.image?psm=motor.pc_sh.api,1,0,,,0,0,0,dongchedi_usedcar_series,2026-07-08T21:14:45+08:00
7a50c89df64291200c6323f1,1020,45,玛莎拉蒂,GranCabrio,https://p3-dcd.byteimg.com/tos-cn-i-dcdx/75d401244d6f4a9b8bbab79f7a706102~tplv-f042mdwyw7-original:tplv-resize:640:0.image?psm=motor.pc_sh.api,1,0,,,0,0,0,dongchedi_usedcar_series,2026-07-08T21:14:45+08:00
b104089df4d1ec22d34f7f95,1023,45,玛莎拉蒂,Levante,https://p3-dcd.byteimg.com/tos-cn-i-dcdx/0078a349c69e4737b40271f8dbe7ada9~tplv-f042mdwyw7-original:tplv-resize:640:0.image?psm=motor.pc_sh.api,1,0,,,0,0,0,dongchedi_usedcar_series,2026-07-08T21:14:45+08:00
e15eb87e5f3a3cd9e3762e15,1024,25,迈巴赫,迈巴赫,https://p3-dcd.byteimg.com/motor-mis-img/4e39efce8c7f396c2d7ec729621eb2d4~tplv-f042mdwyw7-original:tplv-resize:640:0.image?psm=motor.pc_sh.api,1,0,,,0,0,0,dongchedi_usedcar_series,2026-07-08T21:14:45+08:00
b800f72a1edaeb7104ac6e39,1025,86,迈凯伦,迈凯伦12C,https://p3-dcd.byteimg.com/motor-mis-img/c72380578b37fb67cb7799ae603ec3cb~tplv-f042mdwyw7-original:tplv-resize:640:0.image?psm=motor.pc_sh.api,1,0,,,0,0,0,dongchedi_usedcar_series,2026-07-08T21:14:45+08:00
82c65d3d95c05810ab44ba6e,1026,86,迈凯伦,迈凯伦540C,https://p3-dcd.byteimg.com/motor-mis-img/7d15881ffde663805e16b7b1934f78ce~tplv-f042mdwyw7-original:tplv-resize:640:0.image?psm=motor.pc_sh.api,1,0,,,0,0,0,dongchedi_usedcar_series,2026-07-08T21:14:45+08:00
48579f306df1375172ca31dd,1027,86,迈凯伦,迈凯伦570GT,https://p3-dcd.byteimg.com/motor-mis-img/54e990759495916e28472c7463d2bce6~tplv-f042mdwyw7-original:tplv-resize:640:0.image?psm=motor.pc_sh.api,1,0,,,0,0,0,dongchedi_usedcar_series,2026-07-08T21:14:45+08:00
4554c5c9d2d2437d993e541f,1028,86,迈凯伦,迈凯伦570S,https://p3-dcd.byteimg.com/motor-mis-img/e58a3e364fc7e32ee6ecaf5886293e23~tplv-f042mdwyw7-original:tplv-resize:640:0.image?psm=motor.pc_sh.api,1,0,,,0,0,0,dongchedi_usedcar_series,2026-07-08T21:14:45+08:00
7f71b72137a84114afb32ece,1029,86,迈凯伦,迈凯伦625C,https://p3-dcd.byteimg.com/motor-mis-img/1346c283d8ddb4d8a3b098b7ce22d713~tplv-f042mdwyw7-original:tplv-resize:640:0.image?psm=motor.pc_sh.api,1,0,,,0,0,0,dongchedi_usedcar_series,2026-07-08T21:14:45+08:00
125d353161e65a8410e46235,1030,86,迈凯伦,迈凯伦650S,https://p3-dcd.byteimg.com/motor-mis-img/083fef2cf100d419732c3022999c2b0c~tplv-f042mdwyw7-original:tplv-resize:640:0.image?psm=motor.pc_sh.api,1,0,,,0,0,0,dongchedi_usedcar_series,2026-07-08T21:14:45+08:00
67e8632f967561931d3c9c91,1031,86,迈凯伦,迈凯伦675LT,https://p3-dcd.byteimg.com/motor-mis-img/58c6d529ca81d3d081c74e809a017b1d~tplv-f042mdwyw7-original:tplv-resize:640:0.image?psm=motor.pc_sh.api,1,0,,,0,0,0,dongchedi_usedcar_series,2026-07-08T21:14:45+08:00
1366b05a98857eef5aabc701,1032,86,迈凯伦,迈凯伦720S,https://p3-dcd.byteimg.com/motor-mis-img/e93ade88a43e71c6991080525331c740~tplv-f042mdwyw7-original:tplv-resize:640:0.image?psm=motor.pc_sh.api,1,0,,,0,0,0,dongchedi_usedcar_series,2026-07-08T21:14:45+08:00
fdb8e273d3873acf7b548abe,1033,86,迈凯伦,迈凯伦P1,https://p3-dcd.byteimg.com/tos-cn-i-dcdx/5d4c408460dd4fda8540f79ca4517429~tplv-f042mdwyw7-original:tplv-resize:640:0.image?psm=motor.pc_sh.api,1,0,,,0,0,0,dongchedi_usedcar_series,2026-07-08T21:14:45+08:00
1e698c7bcda0fb61263dcd06,1037,147,摩根,摩根Plus 4,https://p3-dcd.byteimg.com/tos-cn-i-dcdx/e72ce365d0c64ab5932e8b7759bfce64~tplv-f042mdwyw7-original:tplv-resize:640:0.image?psm=motor.pc_sh.api,1,0,,,0,0,0,dongchedi_usedcar_series,2026-07-08T21:14:45+08:00
075ae305fa0b52bbcdf2a34c,1040,147,摩根,摩根Aero 8,https://p3-dcd.byteimg.com/motor-mis-img/1f851926ba3cb0d616a500ed425f6573~tplv-f042mdwyw7-original:tplv-resize:640:0.image?psm=motor.pc_sh.api,1,0,,,0,0,0,dongchedi_usedcar_series,2026-07-08T21:14:45+08:00
d6488807c6f058d8780e03ca,1041,87,纳智捷,锐3,https://p3-dcd.byteimg.com/motor-mis-img/cc02145e423013d73bb0a23223bb888a~tplv-f042mdwyw7-original:tplv-resize:640:0.image?psm=motor.pc_sh.api,1,0,,,0,0,0,dongchedi_usedcar_series,2026-07-08T21:14:45+08:00
194532c8a9a1e7efbdac8482,1042,87,纳智捷,纳5,https://p3-dcd.byteimg.com/motor-mis-img/e9b44a7e09f1f64f7ddd235b45d0e537~tplv-f042mdwyw7-original:tplv-resize:640:0.image?psm=motor.pc_sh.api,1,0,,,0,0,0,dongchedi_usedcar_series,2026-07-08T21:14:45+08:00
aacaf357c1b0d34bb79ea955,1043,87,纳智捷,优6 SUV,https://p3-dcd.byteimg.com/motor-mis-img/f79e821a780eca2a8e4f3a4563d54b2a~tplv-f042mdwyw7-original:tplv-resize:640:0.image?psm=motor.pc_sh.api,1,0,,,0,0,0,dongchedi_usedcar_series,2026-07-08T21:14:45+08:00
efe1b516e3385c6646544bec,1044,87,纳智捷,大7 SUV,https://p3-dcd.byteimg.com/motor-mis-img/7069c4a7464ed3b981cb84d56fd29bb8~tplv-f042mdwyw7-original:tplv-resize:640:0.image?psm=motor.pc_sh.api,1,0,,,0,0,0,dongchedi_usedcar_series,2026-07-08T21:14:45+08:00
6f966e306843ac5e508ab262,1046,87,纳智捷,大7 MPV,https://p3-dcd.byteimg.com/motor-mis-img/0b23198129a028db0d6c9c207c454da2~tplv-f042mdwyw7-original:tplv-resize:640:0.image?psm=motor.pc_sh.api,1,0,,,0,0,0,dongchedi_usedcar_series,2026-07-08T21:14:45+08:00
bf0c4574519a288a786f2d02,1048,38,讴歌,讴歌CDX,https://p9-dcd.byteimg.com/motor-mis-img/a0aa092a9c391676893111962274869c~tplv-f042mdwyw7-original:tplv-resize:640:0.image?psm=motor.pc_sh.api,1,0,,,0,0,0,dongchedi_usedcar_series,2026-07-08T21:14:45+08:00
9428b759f0dd4874e3b43147,1049,38,讴歌,讴歌ILX,https://p9-dcd.byteimg.com/tos-cn-i-dcdx/36b14bd8021b4684bcdfc4214c3a2c90~tplv-f042mdwyw7-original:tplv-resize:640:0.image?psm=motor.pc_sh.api,1,0,,,0,0,0,dongchedi_usedcar_series,2026-07-08T21:14:45+08:00
81e16ef39207ba4f072cfad3,1050,38,讴歌,讴歌TLX,https://p9-dcd.byteimg.com/motor-mis-img/1ca4198439cfad3af1884cc8336f6ee1~tplv-f042mdwyw7-original:tplv-resize:640:0.image?psm=motor.pc_sh.api,1,0,,,0,0,0,dongchedi_usedcar_series,2026-07-08T21:14:45+08:00
352627f1e95ec200ac713813,1051,38,讴歌,讴歌TL,https://p9-dcd.byteimg.com/motor-mis-img/b732a7bf58dc23641fe93fdddbcdb700~tplv-f042mdwyw7-original:tplv-resize:640:0.image?psm=motor.pc_sh.api,1,0,,,0,0,0,dongchedi_usedcar_series,2026-07-08T21:14:45+08:00
4398d5f217c81257c1c394a1,1052,38,讴歌,讴歌RLX,https://p9-dcd.byteimg.com/motor-mis-img/529819aa805a70ec37bcd480b05f499c~tplv-f042mdwyw7-original:tplv-resize:640:0.image?psm=motor.pc_sh.api,1,0,,,0,0,0,dongchedi_usedcar_series,2026-07-08T21:14:45+08:00
e0d52e5d22a3bdc23573952f,1054,38,讴歌,讴歌RDX(进口),https://p9-dcd.byteimg.com/motor-mis-img/d26b1d3d40498f897cc4ff1c381196fd~tplv-f042mdwyw7-original:tplv-resize:640:0.image?psm=motor.pc_sh.api,1,0,,,0,0,0,dongchedi_usedcar_series,2026-07-08T21:14:45+08:00
99fcfd5df86d708b74520780,1055,38,讴歌,讴歌ZDX,https://p9-dcd.byteimg.com/motor-mis-img/9a05637b08457c828d9a08bd0ad5968a~tplv-f042mdwyw7-original:tplv-resize:640:0.image?psm=motor.pc_sh.api,1,0,,,0,0,0,dongchedi_usedcar_series,2026-07-08T21:14:45+08:00
2ba04738e47ede83e068b40e,1056,38,讴歌,讴歌MDX,https://p9-dcd.byteimg.com/motor-mis-img/da48b7a503f8900262185c3d0cf6b88e~tplv-f042mdwyw7-original:tplv-resize:640:0.image?psm=motor.pc_sh.api,1,0,,,0,0,0,dongchedi_usedcar_series,2026-07-08T21:14:45+08:00
c6efc3314d3e169eef5735f3,1058,75,欧宝,雅特,https://p9-dcd.byteimg.com/tos-cn-i-dcdx/a04ff8f40d6c416495a2a5290cb2ffb1~tplv-f042mdwyw7-original:tplv-resize:640:0.image?psm=motor.pc_sh.api,1,0,,,0,0,0,dongchedi_usedcar_series,2026-07-08T21:14:45+08:00
add406b8dd661516108c0c53,1059,75,欧宝,威达,https://p9-dcd.byteimg.com/motor-mis-img/66de7cbba600213645d58facbc48e81f~tplv-f042mdwyw7-original:tplv-resize:640:0.image?psm=motor.pc_sh.api,1,0,,,0,0,0,dongchedi_usedcar_series,2026-07-08T21:14:45+08:00
6fe17dc3e2310e112deb1658,1061,75,欧宝,安德拉,https://p9-dcd.byteimg.com/motor-mis-img/ff07e4d60c113e49cc7d0cfb0b442686~tplv-f042mdwyw7-original:tplv-resize:640:0.image?psm=motor.pc_sh.api,1,0,,,0,0,0,dongchedi_usedcar_series,2026-07-08T21:14:45+08:00
2519fe4eb5b3314c0662484b,1062,75,欧宝,赛飞利,https://p9-dcd.byteimg.com/motor-mis-img/c9c14e74f095ab4e2449097ac08a6b9c~tplv-f042mdwyw7-original:tplv-resize:640:0.image?psm=motor.pc_sh.api,1,0,,,0,0,0,dongchedi_usedcar_series,2026-07-08T21:14:45+08:00
8344807f226f71c7e64125ce,1064,110,欧朗,欧朗,https://p9-dcd.byteimg.com/motor-mis-img/770483dc658a0538e2aa4c3fae67c7f5~tplv-f042mdwyw7-original:tplv-resize:640:0.image?psm=motor.pc_sh.api,1,0,,,0,0,0,dongchedi_usedcar_series,2026-07-08T21:14:45+08:00
5481fc5d6af263482085d330,1069,18,奇瑞,奇瑞QQ,https://p3-dcd.byteimg.com/motor-mis-img/75ebc0537a4da1007b6423b40186b2b5~tplv-f042mdwyw7-original:tplv-resize:640:0.image?psm=motor.pc_sh.api,1,0,,,0,0,0,dongchedi_usedcar_series,2026-07-08T21:14:45+08:00
a14e540c1ea571b1717f3848,1070,18,奇瑞,奇瑞QQ3,https://p3-dcd.byteimg.com/motor-mis-img/72c168d331e0ee2ca885493470baa5be~tplv-f042mdwyw7-original:tplv-resize:640:0.image?psm=motor.pc_sh.api,1,0,,,0,0,0,dongchedi_usedcar_series,2026-07-08T21:14:45+08:00
ac1a746a4b49e08bae68d622,1074,18,奇瑞,风云2,https://p3-dcd.byteimg.com/motor-mis-img/316bb7a2752b2442fa0efbae39af3ebb~tplv-f042mdwyw7-original:tplv-resize:640:0.image?psm=motor.pc_sh.api,1,0,,,0,0,0,dongchedi_usedcar_series,2026-07-08T21:14:45+08:00
b71751822590ab397e125365,1075,18,奇瑞,奇瑞E3,https://p3-dcd.byteimg.com/motor-mis-img/8aed711d2086c950d1523acc498268d6~tplv-f042mdwyw7-original:tplv-resize:640:0.image?psm=motor.pc_sh.api,1,0,,,0,0,0,dongchedi_usedcar_series,2026-07-08T21:14:45+08:00
e8395f921655c3ce161458fa,1078,18,奇瑞,旗云2,https://p3-dcd.byteimg.com/motor-mis-img/d0183d8db695ed2d396d911586c896e8~tplv-f042mdwyw7-original:tplv-resize:640:0.image?psm=motor.pc_sh.api,1,0,,,0,0,0,dongchedi_usedcar_series,2026-07-08T21:14:45+08:00
fe5b83013ec4de19f1cf55c3,1079,18,奇瑞,奇瑞E5,https://p3-dcd.byteimg.com/motor-mis-img/7f214f50cee7105dc3d722983e835eea~tplv-f042mdwyw7-original:tplv-resize:640:0.image?psm=motor.pc_sh.api,1,0,,,0,0,0,dongchedi_usedcar_series,2026-07-08T21:14:45+08:00
34be7cdeef2d43ccc7696d88,1080,18,奇瑞,艾瑞泽3,https://p3-dcd.byteimg.com/motor-mis-img/48f4a79d2ba7e7cd8f1d316171c021a7~tplv-f042mdwyw7-original:tplv-resize:640:0.image?psm=motor.pc_sh.api,1,0,,,0,0,0,dongchedi_usedcar_series,2026-07-08T21:14:45+08:00
0458683b164f5101981b0c80,1081,18,奇瑞,艾瑞泽5,https://p9-dcd.byteimg.com/tos-cn-i-dcdx/0e2331b1cedf4623bdb7a813bfcc2c2f~tplv-resize:640:0.png?psm=motor.rank.data,3,161,销量榜,34,4,67,71,dongchedi_ranking|dongchedi_usedcar_series,2026-07-08T21:14:45+08:00
c8c7e7f61412c71eae4f704d,1082,18,奇瑞,艾瑞泽7,https://p3-dcd.byteimg.com/motor-mis-img/8d20720dc02826910045d5af1ff9ecd5~tplv-f042mdwyw7-original:tplv-resize:640:0.image?psm=motor.pc_sh.api,1,0,,,0,0,0,dongchedi_usedcar_series,2026-07-08T21:14:45+08:00
eabc37b657ca20afc4c704f5,1083,461,奇瑞新能源,艾瑞泽7e,https://p3-dcd.byteimg.com/motor-mis-img/7d2800b576d3e1d0b81b083cc7b56ccd~tplv-f042mdwyw7-original:tplv-resize:640:0.image?psm=motor.pc_sh.api,1,0,,,0,0,0,dongchedi_usedcar_series,2026-07-08T21:14:45+08:00
8c06d34c94f13ebdd7db4802,1085,18,奇瑞,奇瑞A3,https://p3-dcd.byteimg.com/motor-mis-img/0608f3762d3b1f83c039be69ac2d920f~tplv-f042mdwyw7-original:tplv-resize:640:0.image?psm=motor.pc_sh.api,1,0,,,0,0,0,dongchedi_usedcar_series,2026-07-08T21:14:45+08:00
2233d4e658531e54b4ea6601,1087,18,奇瑞,旗云3,https://p3-dcd.byteimg.com/motor-mis-img/51c0d03f9fce538f8636d800b1db2ba2~tplv-f042mdwyw7-original:tplv-resize:640:0.image?psm=motor.pc_sh.api,1,0,,,0,0,0,dongchedi_usedcar_series,2026-07-08T21:14:45+08:00
1da937900d50b9c05205240c,1090,18,奇瑞,瑞虎,https://p3-dcd.byteimg.com/motor-mis-img/826ee1470a7139d56d029e68d93f8c2a~tplv-f042mdwyw7-original:tplv-resize:640:0.image?psm=motor.pc_sh.api,1,0,,,0,0,0,dongchedi_usedcar_series,2026-07-08T21:14:45+08:00
923e9274e879feded21e01a3,1091,18,奇瑞,瑞虎3,https://p3-dcd.byteimg.com/motor-mis-img/ada1883322534c9ccb458efe4e521eda~tplv-f042mdwyw7-original:tplv-resize:640:0.image?psm=motor.pc_sh.api,1,0,,,0,0,0,dongchedi_usedcar_series,2026-07-08T21:14:45+08:00
f0a208bbac6d7cee8f93ab88,1092,18,奇瑞,瑞虎3x,https://p9-dcd.byteimg.com/tos-cn-i-dcdx/359e33695ba04757bb83246794819b05~tplv-resize:640:0.png?psm=motor.rank.data,3,161,销量榜,27,3,80,83,dongchedi_ranking|dongchedi_usedcar_series,2026-07-08T21:14:45+08:00
a348b393eb749d3d480a05ac,1093,18,奇瑞,瑞虎5,https://p3-dcd.byteimg.com/tos-cn-i-dcdx/384b5a09751747ab82e61a52dd2d0c82~tplv-f042mdwyw7-original:tplv-resize:640:0.image?psm=motor.pc_sh.api,1,0,,,0,0,0,dongchedi_usedcar_series,2026-07-08T21:14:45+08:00
3e933c116c9b171ae0187338,1094,18,奇瑞,瑞虎7,https://p9-dcd.byteimg.com/tos-cn-i-dcdx/01231c487de2420c97dcc2aa19f8acc7~tplv-resize:640:0.png?psm=motor.rank.data,3,161,销量榜,17,9,87,96,dongchedi_ranking|dongchedi_usedcar_series,2026-07-08T21:14:45+08:00
e57efc09e6f20f8a3daedb22,1095,18,奇瑞,奇瑞X1,https://p3-dcd.byteimg.com/motor-mis-img/ca143f29ac61cd847046b05cbc1e2622~tplv-f042mdwyw7-original:tplv-resize:640:0.image?psm=motor.pc_sh.api,1,0,,,0,0,0,dongchedi_usedcar_series,2026-07-08T21:14:45+08:00
3f5f13d5648f3b76b8ca8a28,1096,18,奇瑞,艾瑞泽M7,https://p3-dcd.byteimg.com/motor-mis-img/8362913641770cba4c39708bef24d668~tplv-f042mdwyw7-original:tplv-resize:640:0.image?psm=motor.pc_sh.api,1,0,,,0,0,0,dongchedi_usedcar_series,2026-07-08T21:14:45+08:00
1e74eb3273a38559fcb4e875,1101,10444,奇瑞QQ,小蚂蚁,https://p9-dcd.byteimg.com/tos-cn-i-dcdx/166dfd7880d448e6b903038726786f97~tplv-resize:640:0.png?psm=motor.rank.data,3,63,销量榜,77,8,102,110,dongchedi_ranking|dongchedi_usedcar_series,2026-07-08T21:14:45+08:00
44d00165cdc253c26185c0a2,1102,109,启辰,启辰D50,https://p3-dcd.byteimg.com/motor-mis-img/717c69de1d6753255a273cf64ec0205f~tplv-f042mdwyw7-original:tplv-resize:640:0.image?psm=motor.pc_sh.api,1,0,,,0,0,0,dongchedi_usedcar_series,2026-07-08T21:14:45+08:00
eeeb5209ffea6cd92cf443d1,1103,109,启辰,启辰R50,https://p3-dcd.byteimg.com/motor-mis-img/b51bc0db26a7a5ebac9c2c38a1bd658c~tplv-f042mdwyw7-original:tplv-resize:640:0.image?psm=motor.pc_sh.api,1,0,,,0,0,0,dongchedi_usedcar_series,2026-07-08T21:14:45+08:00
2f26b457cec19e1fb6dfed64,1104,109,启辰,晨风,https://p3-dcd.byteimg.com/motor-mis-img/6b336734cab2b538e81d332c341c09c8~tplv-f042mdwyw7-original:tplv-resize:640:0.image?psm=motor.pc_sh.api,1,0,,,0,0,0,dongchedi_usedcar_series,2026-07-08T21:14:45+08:00
8571d83e34d0b60e3d5bd598,1105,109,启辰,启辰R50X,https://p3-dcd.byteimg.com/motor-mis-img/94e9d1dfbadde02c2b7993dda7432b1a~tplv-f042mdwyw7-original:tplv-resize:640:0.image?psm=motor.pc_sh.api,1,0,,,0,0,0,dongchedi_usedcar_series,2026-07-08T21:14:45+08:00
f8250b0d22b08c9a530d867e,1106,109,启辰,启辰T70,https://p3-dcd.byteimg.com/motor-mis-img/085945cab4032e013eee9733e0cb7807~tplv-f042mdwyw7-original:tplv-resize:640:0.image?psm=motor.pc_sh.api,1,0,,,0,0,0,dongchedi_usedcar_series,2026-07-08T21:14:45+08:00
90bcb83f079c0f0e13cc9561,1107,109,启辰,启辰T70X,https://p3-dcd.byteimg.com/motor-mis-img/87dd4f5ae11502746549d09079c394d3~tplv-f042mdwyw7-original:tplv-resize:640:0.image?psm=motor.pc_sh.api,1,0,,,0,0,0,dongchedi_usedcar_series,2026-07-08T21:14:45+08:00
d2ca756a99f507c0e7f63330,1108,109,启辰,启辰T90,https://p3-dcd.byteimg.com/motor-mis-img/47126c53a34ea92145ee7f48e0d97b47~tplv-f042mdwyw7-original:tplv-resize:640:0.image?psm=motor.pc_sh.api,1,0,,,0,0,0,dongchedi_usedcar_series,2026-07-08T21:14:45+08:00
b42ea8ebfaacdee9a6a6ce61,1109,109,启辰,启辰M50V,https://p3-dcd.byteimg.com/motor-mis-img/7a1da0121fcfc90f8a6c92d656dcd2d8~tplv-f042mdwyw7-original:tplv-resize:640:0.image?psm=motor.pc_sh.api,1,0,,,0,0,0,dongchedi_usedcar_series,2026-07-08T21:14:45+08:00
6086540c90af6ab9b9d4ceba,1110,13,起亚,秀尔,https://p3-dcd.byteimg.com/motor-mis-img/72cf6c2d39e2898a1abc068e8621ed6c~tplv-f042mdwyw7-original:tplv-resize:640:0.image?psm=motor.pc_sh.api,1,0,,,0,0,0,dongchedi_usedcar_series,2026-07-08T21:14:45+08:00
29f8265bbd3a91bb78dbb9e4,1113,13,起亚,赛拉图,https://p3-dcd.byteimg.com/motor-mis-img/b9acefeb4fe38083df04e2c099564fc0~tplv-f042mdwyw7-original:tplv-resize:640:0.image?psm=motor.pc_sh.api,1,0,,,0,0,0,dongchedi_usedcar_series,2026-07-08T21:14:45+08:00
c789fc225c662ef61d56d566,1114,13,起亚,福瑞迪,https://p3-dcd.byteimg.com/motor-mis-img/497d7cb9d9e5cd30e9a612c9ea8db020~tplv-f042mdwyw7-original:tplv-resize:640:0.image?psm=motor.pc_sh.api,1,0,,,0,0,0,dongchedi_usedcar_series,2026-07-08T21:14:45+08:00
a2a8d12a3fcfbde66be8811f,1115,13,起亚,起亚K2,https://p3-dcd.byteimg.com/motor-mis-img/c58e0f33942d9b1c936c8681b8a94ab7~tplv-f042mdwyw7-original:tplv-resize:640:0.image?psm=motor.pc_sh.api,1,0,,,0,0,0,dongchedi_usedcar_series,2026-07-08T21:14:45+08:00
7fe0d13fc7aad727f5c70994,1116,13,起亚,起亚K3,https://p9-dcd.byteimg.com/tos-cn-i-dcdx/81a74eb8a0cb46ec824cc09dab00eba3~tplv-resize:640:0.png?psm=motor.rank.data,3,161,销量榜,27,8,49,57,dongchedi_ranking|dongchedi_usedcar_series,2026-07-08T21:14:45+08:00
6d28a343e28ec8caee064e89,1117,13,起亚,起亚K3S,https://p3-dcd.byteimg.com/motor-mis-img/5fc6262f49b900d2974fe54b8d2e1dc2~tplv-f042mdwyw7-original:tplv-resize:640:0.image?psm=motor.pc_sh.api,1,0,,,0,0,0,dongchedi_usedcar_series,2026-07-08T21:14:45+08:00
c645df3d1d50a373ea8a909b,1118,13,起亚,起亚K4,https://p3-dcd.byteimg.com/motor-mis-img/e8495e8581d3094c2d8fbc452cf019ab~tplv-f042mdwyw7-original:tplv-resize:640:0.image?psm=motor.pc_sh.api,1,0,,,0,0,0,dongchedi_usedcar_series,2026-07-08T21:14:45+08:00
b17b5885c1db6b1c1f5686d6,1119,13,起亚,起亚K5,https://p9-dcd.byteimg.com/tos-cn-i-dcdx/d859e80b81284db18db7651b9f176b75~tplv-resize:640:0.png?psm=motor.rank.data,3,218,销量榜,51,4,69,73,dongchedi_ranking|dongchedi_usedcar_series,2026-07-08T21:14:45+08:00
47ba48db97721129565d3af7,1120,13,起亚,远舰,https://p3-dcd.byteimg.com/motor-mis-img/a79e992a320912a439318cccca049551~tplv-f042mdwyw7-original:tplv-resize:640:0.image?psm=motor.pc_sh.api,1,0,,,0,0,0,dongchedi_usedcar_series,2026-07-08T21:14:45+08:00
7064a18cd62e2a4af27ec73d,1121,13,起亚,傲跑,https://p3-dcd.byteimg.com/motor-mis-img/3372af9aa7c3ea4724e0b8809add1ff0~tplv-f042mdwyw7-original:tplv-resize:640:0.image?psm=motor.pc_sh.api,1,0,,,0,0,0,dongchedi_usedcar_series,2026-07-08T21:14:45+08:00
40dbd3a3ae86a5e5c8124f5c,1122,13,起亚,狮跑,https://p3-dcd.byteimg.com/motor-mis-img/c0d92ee6f110daf75860e113e0c7c18a~tplv-f042mdwyw7-original:tplv-resize:640:0.image?psm=motor.pc_sh.api,1,0,,,0,0,0,dongchedi_usedcar_series,2026-07-08T21:14:45+08:00
24bbd1ee9e47f33e61c87b8a,1123,13,起亚,智跑,https://p9-dcd.byteimg.com/motor-mis-img/93ee7cb27ef156bcbacc11dc008960e1~tplv-resize:640:0.png?psm=motor.rank.data,3,218,销量榜,48,5,47,52,dongchedi_ranking|dongchedi_usedcar_series,2026-07-08T21:14:45+08:00
e608231c6c16baab31179f2e,1124,13,起亚,起亚KX5,https://p3-dcd.byteimg.com/motor-mis-img/7a7ea3a5bd5dbd8a2720a0b76c487c94~tplv-f042mdwyw7-original:tplv-resize:640:0.image?psm=motor.pc_sh.api,1,0,,,0,0,0,dongchedi_usedcar_series,2026-07-08T21:14:45+08:00
e6ce8cae1e2ef194b285d313,1125,13,起亚,起亚KX7,https://p3-dcd.byteimg.com/motor-mis-img/1e70eb3d63053f22c7cbb2ef60118794~tplv-f042mdwyw7-original:tplv-resize:640:0.image?psm=motor.pc_sh.api,1,0,,,0,0,0,dongchedi_usedcar_series,2026-07-08T21:14:45+08:00
1052371f59d476a467422923,1126,13,起亚,嘉华,https://p9-dcd.byteimg.com/motor-mis-img/c6ac1024c4633112f738ffc8fc41b52c~tplv-resize:640:0.png?psm=motor.rank.data,3,218,销量榜,13,4,17,21,dongchedi_ranking|dongchedi_usedcar_series,2026-07-08T21:14:45+08:00
999efa71f9c349335705085a,1127,13,起亚,凯尊,https://p3-dcd.byteimg.com/motor-mis-img/1d6fc28152dd66fef6fad4ca32362240~tplv-f042mdwyw7-original:tplv-resize:640:0.image?psm=motor.pc_sh.api,1,0,,,0,0,0,dongchedi_usedcar_series,2026-07-08T21:14:45+08:00
90ceb89d5814866d97051018,1130,13,起亚,欧菲莱斯,https://p3-dcd.byteimg.com/motor-mis-img/363a560fb9bb4e5b8d86d6c8727991b1~tplv-f042mdwyw7-original:tplv-resize:640:0.image?psm=motor.pc_sh.api,1,0,,,0,0,0,dongchedi_usedcar_series,2026-07-08T21:14:45+08:00
6d3ccce235bcc7cc71b260d9,1131,13,起亚,极睿,https://p3-dcd.byteimg.com/tos-cn-i-dcdx/cccd4548888442a6911c83321816f24b~tplv-f042mdwyw7-original:tplv-resize:640:0.image?psm=motor.pc_sh.api,1,0,,,0,0,0,dongchedi_usedcar_series,2026-07-08T21:14:45+08:00
619a187c1af8c70edf868042,1133,13,起亚,索兰托,https://p3-dcd.byteimg.com/tos-cn-i-dcdx/f1f3bd18e71342988f6cc4aac3c4be41~tplv-f042mdwyw7-original:tplv-resize:640:0.image?psm=motor.pc_sh.api,1,0,,,0,0,0,dongchedi_usedcar_series,2026-07-08T21:14:45+08:00
7f89708100655699a50a3731,1134,13,起亚,霸锐,https://p3-dcd.byteimg.com/motor-mis-img/615f954cc73900133861202a77628ea7~tplv-f042mdwyw7-original:tplv-resize:640:0.image?psm=motor.pc_sh.api,1,0,,,0,0,0,dongchedi_usedcar_series,2026-07-08T21:14:45+08:00
17c51a659a70ea05ede92fd4,1135,13,起亚,佳乐,https://p3-dcd.byteimg.com/tos-cn-i-dcdx/971d5b8433624fab9a465a101c36267f~tplv-f042mdwyw7-original:tplv-resize:640:0.image?psm=motor.pc_sh.api,1,0,,,0,0,0,dongchedi_usedcar_series,2026-07-08T21:14:45+08:00
20046d2ec3131bd504114176,1136,13,起亚,起亚VQ,https://p3-dcd.byteimg.com/motor-mis-img/9a12998273e0b349909900ea8c904113~tplv-f042mdwyw7-original:tplv-resize:640:0.image?psm=motor.pc_sh.api,1,0,,,0,0,0,dongchedi_usedcar_series,2026-07-08T21:14:45+08:00
10e1ab36699ca1a727e625fe,1137,13,起亚,嘉华(进口),https://p3-dcd.byteimg.com/tos-cn-i-dcdx/8c24c85a6d7c40d5a1b20676384fd82b~tplv-f042mdwyw7-original:tplv-resize:640:0.image?psm=motor.pc_sh.api,1,0,,,0,0,0,dongchedi_usedcar_series,2026-07-08T21:14:45+08:00
4fdde0a61ceaad5789a6f2f0,1138,13,起亚,速迈,https://p3-dcd.byteimg.com/motor-mis-img/3b8d7380cd9566a9bdb7c2d51e083207~tplv-f042mdwyw7-original:tplv-resize:640:0.image?psm=motor.pc_sh.api,1,0,,,0,0,0,dongchedi_usedcar_series,2026-07-08T21:14:45+08:00
e84544a8fdee6afbccc904ce,1139,149,前途,前途K50,https://p3-dcd.byteimg.com/motor-mis-img/b0378f52b622d1d88574e059d5ca6163~tplv-f042mdwyw7-original:tplv-resize:640:0.image?psm=motor.pc_sh.api,1,0,,,0,0,0,dongchedi_usedcar_series,2026-07-08T21:14:45+08:00
7ec6e89c6a901f5b61b3ad65,1140,10,日产,玛驰,https://p3-dcd.byteimg.com/motor-mis-img/b4a70ff39f7c0db67e973d90b81225d8~tplv-f042mdwyw7-original:tplv-resize:640:0.image?psm=motor.pc_sh.api,1,0,,,0,0,0,dongchedi_usedcar_series,2026-07-08T21:14:45+08:00
b65a5974ece5b279aea6f10a,1141,10,日产,骊威,https://p3-dcd.byteimg.com/motor-mis-img/40def410e173528e935f6ca8e6e31c0d~tplv-f042mdwyw7-original:tplv-resize:640:0.image?psm=motor.pc_sh.api,1,0,,,0,0,0,dongchedi_usedcar_series,2026-07-08T21:14:45+08:00
b78c79667f4cccdeb61e530a,1142,10,日产,阳光,https://p3-dcd.byteimg.com/motor-mis-img/5b376f2c414fe36afea3452adff44441~tplv-f042mdwyw7-original:tplv-resize:640:0.image?psm=motor.pc_sh.api,1,0,,,0,0,0,dongchedi_usedcar_series,2026-07-08T21:14:45+08:00
02ea00c150dd7b2bcb68f987,1143,10,日产,骐达TIIDA,https://p9-dcd.byteimg.com/tos-cn-i-dcdx/1753d8b8b647468c85ad4e23746817c5~tplv-resize:640:0.png?psm=motor.rank.data,3,218,销量榜,11,3,79,82,dongchedi_ranking|dongchedi_usedcar_series,2026-07-08T21:14:45+08:00
abb850cf29d362139962edb2,1144,10,日产,颐达,https://p3-dcd.byteimg.com/motor-mis-img/a2912bcb4ac6eb2e39e50ca1c823bc55~tplv-f042mdwyw7-original:tplv-resize:640:0.image?psm=motor.pc_sh.api,1,0,,,0,0,0,dongchedi_usedcar_series,2026-07-08T21:14:45+08:00
8ac57d7d7ae7b4c4359f4999,1145,10,日产,轩逸,https://p9-dcd.byteimg.com/tos-cn-i-dcdx/b4fb6a87e743456b85258d35e894b3f2~tplv-resize:640:0.png?psm=motor.rank.data,3,275,销量榜,1,25,137,162,dongchedi_ranking|dongchedi_usedcar_series,2026-07-08T21:14:45+08:00
6f20c2f3e2eb0738478f7fc3,1146,10,日产,蓝鸟,https://p3-dcd.byteimg.com/motor-mis-img/6a890b642bc57f51fada5de6db6af34d~tplv-f042mdwyw7-original:tplv-resize:640:0.image?psm=motor.pc_sh.api,1,0,,,0,0,0,dongchedi_usedcar_series,2026-07-08T21:14:45+08:00
5521bf5347b22d533fdcb9bd,1147,10,日产,天籁,https://p9-dcd.byteimg.com/tos-cn-i-dcdx/c2bf4927aec74d8992f0676817dedb63~tplv-resize:640:0.png?psm=motor.rank.data,3,275,销量榜,16,9,125,134,dongchedi_ranking|dongchedi_usedcar_series,2026-07-08T21:14:45+08:00
3e0819f36e3e14ed1fb7ca83,1148,10,日产,西玛,https://p3-dcd.byteimg.com/motor-mis-img/1a9884c718f589c88d8b1d2061f32a36~tplv-f042mdwyw7-original:tplv-resize:640:0.image?psm=motor.pc_sh.api,1,0,,,0,0,0,dongchedi_usedcar_series,2026-07-08T21:14:45+08:00
a23a06c35537231075256c82,1150,10,日产,逍客,https://p9-dcd.byteimg.com/tos-cn-i-dcdx/b0ba10f07d0747ab9af74e9bac6acaf9~tplv-resize:640:0.png?psm=motor.rank.data,3,218,销量榜,8,11,59,70,dongchedi_ranking|dongchedi_usedcar_series,2026-07-08T21:14:45+08:00
422435cc0682e57bba1d6dad,1151,10,日产,奇骏,https://p9-dcd.byteimg.com/tos-cn-i-dcdx/cc727a5a167140a4a3eae546dfafb251~tplv-resize:640:0.png?psm=motor.rank.data,3,218,销量榜,30,16,72,88,dongchedi_ranking|dongchedi_usedcar_series,2026-07-08T21:14:45+08:00
dceab074f715550c78bad611,1152,10,日产,楼兰,https://p3-dcd.byteimg.com/tos-cn-i-dcdx/6b198431f20a40b0bab91e7df531f31c~tplv-f042mdwyw7-original:tplv-resize:640:0.image?psm=motor.pc_sh.api,1,0,,,0,0,0,dongchedi_usedcar_series,2026-07-08T21:14:45+08:00
7c631fc4b296a6c33c91c7c6,1153,10,日产,骏逸,https://p3-dcd.byteimg.com/motor-mis-img/e43563c021bbc367a7ea4785d4947f2b~tplv-f042mdwyw7-original:tplv-resize:640:0.image?psm=motor.pc_sh.api,1,0,,,0,0,0,dongchedi_usedcar_series,2026-07-08T21:14:45+08:00
7409e260591d059e89148a31,1154,10,日产,风度,https://p3-dcd.byteimg.com/motor-mis-img/e0ede59440448e03ad9de26e00204dc9~tplv-f042mdwyw7-original:tplv-resize:640:0.image?psm=motor.pc_sh.api,1,0,,,0,0,0,dongchedi_usedcar_series,2026-07-08T21:14:45+08:00
78e439914350d5956176c372,1155,10,日产,风雅,https://p3-dcd.byteimg.com/motor-mis-img/8d229c0a2aefd0f886b0ba61f5340504~tplv-f042mdwyw7-original:tplv-resize:640:0.image?psm=motor.pc_sh.api,1,0,,,0,0,0,dongchedi_usedcar_series,2026-07-08T21:14:45+08:00
6f165bfaeb23ffe65bddffc1,1159,10,日产,途乐,https://p3-dcd.byteimg.com/tos-cn-i-dcdx/f0186e5c700f4f8db42d316c9ec1e893~tplv-f042mdwyw7-original:tplv-resize:640:0.image?psm=motor.pc_sh.api,1,0,,,0,0,0,dongchedi_usedcar_series,2026-07-08T21:14:45+08:00
57e480e2719945b3ef7183dd,1160,10,日产,贵士,https://p3-dcd.byteimg.com/motor-mis-img/860a6974a328981be65177e4d174a13f~tplv-f042mdwyw7-original:tplv-resize:640:0.image?psm=motor.pc_sh.api,1,0,,,0,0,0,dongchedi_usedcar_series,2026-07-08T21:14:45+08:00
21f45634a660d4ddd99c10d4,1161,10,日产,日产350Z,https://p3-dcd.byteimg.com/motor-mis-img/d9d3b4b56633e7536921ea5564f115d0~tplv-f042mdwyw7-original:tplv-resize:640:0.image?psm=motor.pc_sh.api,1,0,,,0,0,0,dongchedi_usedcar_series,2026-07-08T21:14:45+08:00
c06da0db3007d70d289fe90b,1163,10,日产,日产GT-R,https://p3-dcd.byteimg.com/tos-cn-i-dcdx/c13d44c6c63c422dbe51737d342a17a9~tplv-f042mdwyw7-original:tplv-resize:640:0.image?psm=motor.pc_sh.api,1,0,,,0,0,0,dongchedi_usedcar_series,2026-07-08T21:14:45+08:00
cee6ff4166ddbc61c7ec94c1,1164,10,日产,碧莲,https://p3-dcd.byteimg.com/motor-mis-img/69c43637bc5bcfb6cc92d212b509cbf1~tplv-f042mdwyw7-original:tplv-resize:640:0.image?psm=motor.pc_sh.api,1,0,,,0,0,0,dongchedi_usedcar_series,2026-07-08T21:14:45+08:00
06a2aff892820a720965edce,1166,10,日产,帕拉丁,https://p3-dcd.byteimg.com/motor-mis-img/c66739886ef30a2f95f191ef3b97cfa6~tplv-f042mdwyw7-original:tplv-resize:640:0.image?psm=motor.pc_sh.api,1,0,,,0,0,0,dongchedi_usedcar_series,2026-07-08T21:14:45+08:00
c56ec8c76cb2588a5c7d2ab5,1167,10,日产,日产NV200,https://p3-dcd.byteimg.com/motor-mis-img/55b53c27647797d1773057a8bdf12aa2~tplv-f042mdwyw7-original:tplv-resize:640:0.image?psm=motor.pc_sh.api,1,0,,,0,0,0,dongchedi_usedcar_series,2026-07-08T21:14:45+08:00
c72c615bd9c3f08a50069754,1168,91,东风,御轩,https://p3-dcd.byteimg.com/motor-mis-img/460a23b8c507e3d3f0015f8b2ac21f19~tplv-f042mdwyw7-original:tplv-resize:640:0.image?psm=motor.pc_sh.api,1,0,,,0,0,0,dongchedi_usedcar_series,2026-07-08T21:14:45+08:00
2874cf4bd2861af66c35f506,1169,10,日产,日产D22,https://p3-dcd.byteimg.com/motor-mis-img/5cdd042373edd9e443cc9198c1540a25~tplv-f042mdwyw7-original:tplv-resize:640:0.image?psm=motor.pc_sh.api,1,0,,,0,0,0,dongchedi_usedcar_series,2026-07-08T21:14:45+08:00
1a44c50ee3042dbde584f08e,1170,10,日产,日产ZN厢式车,https://p3-dcd.byteimg.com/motor-mis-img/6d20567cc1abe08981a7646a37f15240~tplv-f042mdwyw7-original:tplv-resize:640:0.image?psm=motor.pc_sh.api,1,0,,,0,0,0,dongchedi_usedcar_series,2026-07-08T21:14:45+08:00
7af2c36d4511a2c5e19587c9,1171,10,日产,纳瓦拉,https://p3-dcd.byteimg.com/tos-cn-i-dcdx/73e4dddad1d8490da419abbfa0e287e6~tplv-f042mdwyw7-original:tplv-resize:640:0.image?psm=motor.pc_sh.api,1,0,,,0,0,0,dongchedi_usedcar_series,2026-07-08T21:14:45+08:00
5e384f6c9a0a4f71c00ff843,1173,36,荣威,荣威350,https://p3-dcd.byteimg.com/motor-mis-img/3cf8de9b335aab4db1caff6512a0baae~tplv-f042mdwyw7-original:tplv-resize:640:0.image?psm=motor.pc_sh.api,1,0,,,0,0,0,dongchedi_usedcar_series,2026-07-08T21:14:45+08:00
87cdcfca85a25e545d0f15a7,1174,36,荣威,荣威360,https://p3-dcd.byteimg.com/motor-mis-img/5e7696871be0a9fdbb183b50f31b3b07~tplv-f042mdwyw7-original:tplv-resize:640:0.image?psm=motor.pc_sh.api,1,0,,,0,0,0,dongchedi_usedcar_series,2026-07-08T21:14:45+08:00
a7083626600fd5050b0bb220,1175,36,荣威,荣威550,https://p3-dcd.byteimg.com/motor-mis-img/ca6e1ad12cc504e62644ed44ee427b80~tplv-f042mdwyw7-original:tplv-resize:640:0.image?psm=motor.pc_sh.api,1,0,,,0,0,0,dongchedi_usedcar_series,2026-07-08T21:14:45+08:00
55a4fe99e7d85f82987108f4,1176,36,荣威,荣威e550,https://p3-dcd.byteimg.com/motor-mis-img/20bed15c845d64b5241ab9266bdcfe05~tplv-f042mdwyw7-original:tplv-resize:640:0.image?psm=motor.pc_sh.api,1,0,,,0,0,0,dongchedi_usedcar_series,2026-07-08T21:14:45+08:00
7979d3d1cc55f972a65ab3fd,1177,36,荣威,荣威750,https://p3-dcd.byteimg.com/motor-mis-img/f80756204d9747435171c0cfbf17f86e~tplv-f042mdwyw7-original:tplv-resize:640:0.image?psm=motor.pc_sh.api,1,0,,,0,0,0,dongchedi_usedcar_series,2026-07-08T21:14:45+08:00
6b44ade02dce70c419f593e2,1178,36,荣威,荣威950,https://p3-dcd.byteimg.com/motor-mis-img/975149840fee434def21dd9203f594d5~tplv-f042mdwyw7-original:tplv-resize:640:0.image?psm=motor.pc_sh.api,1,0,,,0,0,0,dongchedi_usedcar_series,2026-07-08T21:14:45+08:00
c17d59d89afcb76a634d82d3,1179,36,荣威,荣威e950,https://p3-dcd.byteimg.com/motor-mis-img/cec089535501f9f7d64b593fc3cfef14~tplv-f042mdwyw7-original:tplv-resize:640:0.image?psm=motor.pc_sh.api,1,0,,,0,0,0,dongchedi_usedcar_series,2026-07-08T21:14:45+08:00
1adac1c565a037d547e4c0d1,1180,36,荣威,荣威i6经典,https://p3-dcd.byteimg.com/motor-mis-img/eaf6cc30bcacc46b433e5df5f4569abe~tplv-f042mdwyw7-original:tplv-resize:640:0.image?psm=motor.pc_sh.api,1,0,,,0,0,0,dongchedi_usedcar_series,2026-07-08T21:14:45+08:00
fd0dfda735a90e21364a4759,1181,36,荣威,荣威ei6,https://p3-dcd.byteimg.com/motor-mis-img/e0eb55a29fe2a42c91caf53087f091bd~tplv-f042mdwyw7-original:tplv-resize:640:0.image?psm=motor.pc_sh.api,1,0,,,0,0,0,dongchedi_usedcar_series,2026-07-08T21:14:45+08:00
6a46b5f1ec5196dac04f4f15,1182,36,荣威,荣威RX5,https://p9-dcd.byteimg.com/motor-mis-img/50e4ec0931df36a7ac8c841a023e5a60~tplv-resize:640:0.png?psm=motor.rank.data,3,210,销量榜,37,4,69,73,dongchedi_ranking|dongchedi_usedcar_series,2026-07-08T21:14:45+08:00
51694187df19d17d38f32f54,1183,36,荣威,荣威eRX5,https://p9-dcd.byteimg.com/tos-cn-i-dcdx/e6c1c61db1b244cd87614a65ebe5ac0e~tplv-resize:640:0.png?psm=motor.rank.data,3,40,销量榜,106,3,11,14,dongchedi_ranking|dongchedi_usedcar_series,2026-07-08T21:14:45+08:00
b011f93a8d5913d79451e65b,1184,36,荣威,荣威W5,https://p3-dcd.byteimg.com/motor-mis-img/835904782e2924dfe82ac5b4d97c58c4~tplv-f042mdwyw7-original:tplv-resize:640:0.image?psm=motor.pc_sh.api,1,0,,,0,0,0,dongchedi_usedcar_series,2026-07-08T21:14:45+08:00
03b3f0eac4586e7ad4efd5ca,1185,150,如虎,如虎 XL,https://p3-dcd.byteimg.com/motor-mis-img/cc9d1433670b18bac325ec38e6739625~tplv-f042mdwyw7-original:tplv-resize:640:0.image?psm=motor.pc_sh.api,1,0,,,0,0,0,dongchedi_usedcar_series,2026-07-08T21:14:45+08:00
d3edadc60a9e520ca6eff1f9,1192,103,萨博,Saab 9-3,https://p9-dcd.byteimg.com/motor-mis-img/1456cedeb9805f7fb852bc618dcf1281~tplv-f042mdwyw7-original:tplv-resize:640:0.image?psm=motor.pc_sh.api,1,0,,,0,0,0,dongchedi_usedcar_series,2026-07-08T21:14:45+08:00
34f953c13e707eb55421b631,1193,103,萨博,Saab 9-5,https://p9-dcd.byteimg.com/motor-mis-img/1073f36c356fd79f37a58cc7c433b4d7~tplv-f042mdwyw7-original:tplv-resize:640:0.image?psm=motor.pc_sh.api,1,0,,,0,0,0,dongchedi_usedcar_series,2026-07-08T21:14:45+08:00
9ccfa66b754998d6b8816b20,1198,26,三菱,劲炫ASX,https://p3-dcd.byteimg.com/motor-mis-img/7e11d70130ec54a44a1caaedf7f43c39~tplv-f042mdwyw7-original:tplv-resize:640:0.image?psm=motor.pc_sh.api,1,0,,,0,0,0,dongchedi_usedcar_series,2026-07-08T21:14:45+08:00
ba8776a9e1fd5f336513f8c0,1199,26,三菱,欧蓝德,https://p3-dcd.byteimg.com/motor-mis-img/d1b3de616b95940454fd7d57626a5f73~tplv-f042mdwyw7-original:tplv-resize:640:0.image?psm=motor.pc_sh.api,1,0,,,0,0,0,dongchedi_usedcar_series,2026-07-08T21:14:45+08:00
d179d8a8b22a919034aef6cf,1200,26,三菱,帕杰罗·劲畅,https://p3-dcd.byteimg.com/motor-mis-img/0a690b38f2c15d91d2efa75bf6b2b639~tplv-f042mdwyw7-original:tplv-resize:640:0.image?psm=motor.pc_sh.api,1,0,,,0,0,0,dongchedi_usedcar_series,2026-07-08T21:14:45+08:00
3e611ecd072e3c7662f54c44,1201,26,三菱,帕杰罗,https://p3-dcd.byteimg.com/motor-mis-img/7ed1c861feb3839cb9e19790ff112067~tplv-f042mdwyw7-original:tplv-resize:640:0.image?psm=motor.pc_sh.api,1,0,,,0,0,0,dongchedi_usedcar_series,2026-07-08T21:14:45+08:00
ce8e7337aefbaeba1453d6e2,1202,26,三菱,LANCER,https://p3-dcd.byteimg.com/motor-mis-img/46524907a56153de63cf298e82acb72b~tplv-f042mdwyw7-original:tplv-resize:640:0.image?psm=motor.pc_sh.api,1,0,,,0,0,0,dongchedi_usedcar_series,2026-07-08T21:14:45+08:00
09e38962cac8a338d5d3cbab,1203,26,三菱,劲炫ASX(进口),https://p3-dcd.byteimg.com/motor-mis-img/0db0f2c16c0176641a8026569f913e15~tplv-f042mdwyw7-original:tplv-resize:640:0.image?psm=motor.pc_sh.api,1,0,,,0,0,0,dongchedi_usedcar_series,2026-07-08T21:14:45+08:00
48d05eddd313aa299e0620f3,1204,26,三菱,欧蓝德(进口),https://p3-dcd.byteimg.com/motor-mis-img/4b204ef397819d7948128b6cfa513109~tplv-f042mdwyw7-original:tplv-resize:640:0.image?psm=motor.pc_sh.api,1,0,,,0,0,0,dongchedi_usedcar_series,2026-07-08T21:14:45+08:00
7944f760baa5e2c344aa9d4a,1205,26,三菱,帕杰罗·劲畅(进口),https://p3-dcd.byteimg.com/motor-mis-img/edc3e22a27d1d49559739fd2486fb552~tplv-f042mdwyw7-original:tplv-resize:640:0.image?psm=motor.pc_sh.api,1,0,,,0,0,0,dongchedi_usedcar_series,2026-07-08T21:14:45+08:00
e650220828c38c699821be7b,1206,26,三菱,帕杰罗(进口),https://p3-dcd.byteimg.com/motor-mis-img/856976a1a6ad80c5178af7735e5959e3~tplv-f042mdwyw7-original:tplv-resize:640:0.image?psm=motor.pc_sh.api,1,0,,,0,0,0,dongchedi_usedcar_series,2026-07-08T21:14:45+08:00
eec0602ca8a7ac4acdb41e30,1208,26,三菱,伊柯丽斯,https://p3-dcd.byteimg.com/motor-mis-img/32034ae291bb1ff6dcbf9af4bc8c3bba~tplv-f042mdwyw7-original:tplv-resize:640:0.image?psm=motor.pc_sh.api,1,0,,,0,0,0,dongchedi_usedcar_series,2026-07-08T21:14:45+08:00
58ac7d0aa21cd3dc6653900b,1210,153,陕汽通家,福家,https://p9-dcd.byteimg.com/motor-mis-img/263fc3dce826b5aa6fd268d53c5cbf0b~tplv-f042mdwyw7-original:tplv-resize:640:0.image?psm=motor.pc_sh.api,1,0,,,0,0,0,dongchedi_usedcar_series,2026-07-08T21:14:45+08:00
7e80a9c0a9414c9ab8705ff0,1211,108,大通,大通G10,https://p9-dcd.byteimg.com/tos-cn-i-dcdx/33fc44d0ea46442996f9ce98ce9c50f9~tplv-resize:640:0.png?psm=motor.rank.data,3,218,销量榜,10,8,94,102,dongchedi_ranking|dongchedi_usedcar_series,2026-07-08T21:14:45+08:00
30712617d520bc1f2e951ab4,1212,108,大通,大通T60,https://p3-dcd.byteimg.com/motor-mis-img/6503362b1a33c8c8a40fbd87f95ed8db~tplv-f042mdwyw7-original:tplv-resize:640:0.image?psm=motor.pc_sh.api,1,0,,,0,0,0,dongchedi_usedcar_series,2026-07-08T21:14:45+08:00
9ee031013d941a6616f7fa56,1213,108,大通,新途V80,https://p3-dcd.byteimg.com/tos-cn-i-dcdx/278e1533a8774685bb9e0c3b96bc4ca1~tplv-f042mdwyw7-original:tplv-resize:640:0.image?psm=motor.pc_sh.api,1,0,,,0,0,0,dongchedi_usedcar_series,2026-07-08T21:14:45+08:00
571f6c9e4073409145174c25,1218,163,双龙,主席,https://p3-dcd.byteimg.com/motor-mis-img/9b3fe8c3e2ee626e878ffd2680dfff9f~tplv-f042mdwyw7-original:tplv-resize:640:0.image?psm=motor.pc_sh.api,1,0,,,0,0,0,dongchedi_usedcar_series,2026-07-08T21:14:45+08:00
725c269ca6fe59ba19107421,1219,163,双龙,蒂维拉,https://p3-dcd.byteimg.com/motor-mis-img/ac2eee6b1b45b6e58e128048e7e22db5~tplv-f042mdwyw7-original:tplv-resize:640:0.image?psm=motor.pc_sh.api,1,0,,,0,0,0,dongchedi_usedcar_series,2026-07-08T21:14:45+08:00
52023a2662e741d9a4ecf71e,1220,163,双龙,柯兰多,https://p3-dcd.byteimg.com/motor-mis-img/5d60b067a77cb1593ad8aae8e0cbc384~tplv-f042mdwyw7-original:tplv-resize:640:0.image?psm=motor.pc_sh.api,1,0,,,0,0,0,dongchedi_usedcar_series,2026-07-08T21:14:45+08:00
d0150ba2d836a33b723b8297,1222,163,双龙,爱腾,https://p3-dcd.byteimg.com/motor-mis-img/e6147ccc17af19c1d6a99fa2b5cbd2c2~tplv-f042mdwyw7-original:tplv-resize:640:0.image?psm=motor.pc_sh.api,1,0,,,0,0,0,dongchedi_usedcar_series,2026-07-08T21:14:45+08:00
b649cc2cf849541b9d3a16bf,1223,163,双龙,享御,https://p3-dcd.byteimg.com/motor-mis-img/38b74bb5da45f03610b39b6da345e68f~tplv-f042mdwyw7-original:tplv-resize:640:0.image?psm=motor.pc_sh.api,1,0,,,0,0,0,dongchedi_usedcar_series,2026-07-08T21:14:45+08:00
1f014a20f22444d10e3b2ce0,1227,105,思铭,思铭,https://p9-dcd.byteimg.com/motor-mis-img/abc305505be900c0e08b512874b3500d~tplv-f042mdwyw7-original:tplv-resize:640:0.image?psm=motor.pc_sh.api,1,0,,,0,0,0,dongchedi_usedcar_series,2026-07-08T21:14:45+08:00
82315b3e645fa7a8ba804644,1228,33,斯巴鲁,IMPREZA翼豹,https://p3-dcd.byteimg.com/tos-cn-i-dcdx/254ede8e864a4030ab031fb4fce13926~tplv-f042mdwyw7-original:tplv-resize:640:0.image?psm=motor.pc_sh.api,1,0,,,0,0,0,dongchedi_usedcar_series,2026-07-08T21:14:45+08:00
71d227d31efa5562938f69e9,1229,33,斯巴鲁,LEGACY力狮,https://p3-dcd.byteimg.com/motor-mis-img/2811ed2df6c22affbade34fba84ea32a~tplv-f042mdwyw7-original:tplv-resize:640:0.image?psm=motor.pc_sh.api,1,0,,,0,0,0,dongchedi_usedcar_series,2026-07-08T21:14:45+08:00
c154bd617f85f0bb7a45ab65,1230,33,斯巴鲁,斯巴鲁XV,https://p3-dcd.byteimg.com/motor-mis-img/814098adfd7114a0dc2860ebded3b876~tplv-f042mdwyw7-original:tplv-resize:640:0.image?psm=motor.pc_sh.api,1,0,,,0,0,0,dongchedi_usedcar_series,2026-07-08T21:14:45+08:00
7a2cb86971ad6fff7c4cc5e5,1231,33,斯巴鲁,FORESTER森林人,https://p3-dcd.byteimg.com/tos-cn-i-dcdx/68d85990072a49739493169381f72e2e~tplv-f042mdwyw7-original:tplv-resize:640:0.image?psm=motor.pc_sh.api,1,0,,,0,0,0,dongchedi_usedcar_series,2026-07-08T21:14:45+08:00
6c249d3d37d652fb553e7fcc,1232,33,斯巴鲁,OUTBACK傲虎,https://p3-dcd.byteimg.com/tos-cn-i-dcdx/db181a74978d4ee18d5b019b9b4151e2~tplv-f042mdwyw7-original:tplv-resize:640:0.image?psm=motor.pc_sh.api,1,0,,,0,0,0,dongchedi_usedcar_series,2026-07-08T21:14:45+08:00
b1b4c91b63f0f180f43beea8,1233,33,斯巴鲁,TRIBECA驰鹏,https://p3-dcd.byteimg.com/motor-mis-img/3959579297a6874aa704dfd8d1309c02~tplv-f042mdwyw7-original:tplv-resize:640:0.image?psm=motor.pc_sh.api,1,0,,,0,0,0,dongchedi_usedcar_series,2026-07-08T21:14:45+08:00
b3a0559d73e62cd681c276f6,1234,33,斯巴鲁,斯巴鲁BRZ,https://p3-dcd.byteimg.com/tos-cn-i-dcdx/46e5ffa218ed40d78014c3b1d2dceff8~tplv-f042mdwyw7-original:tplv-resize:640:0.image?psm=motor.pc_sh.api,1,0,,,0,0,0,dongchedi_usedcar_series,2026-07-08T21:14:45+08:00
8e4d17863dd54903a11ac461,1238,23,斯柯达,晶锐,https://p9-dcd.byteimg.com/motor-mis-img/2abfe0d9cd7a1030913594bbac71a91b~tplv-f042mdwyw7-original:tplv-resize:640:0.image?psm=motor.pc_sh.api,1,0,,,0,0,0,dongchedi_usedcar_series,2026-07-08T21:14:45+08:00
f3bcb95fc6a61f142b47e286,1239,23,斯柯达,昕锐,https://p9-dcd.byteimg.com/motor-mis-img/bc388c092dda8d3bcedb2c66cfda1941~tplv-f042mdwyw7-original:tplv-resize:640:0.image?psm=motor.pc_sh.api,1,0,,,0,0,0,dongchedi_usedcar_series,2026-07-08T21:14:45+08:00
681ac0bb607935628ec47ab9,1240,23,斯柯达,昕动,https://p9-dcd.byteimg.com/motor-mis-img/6999872c043adc972a66a7dcea885349~tplv-f042mdwyw7-original:tplv-resize:640:0.image?psm=motor.pc_sh.api,1,0,,,0,0,0,dongchedi_usedcar_series,2026-07-08T21:14:45+08:00
bcaa9d289e0dcb2500e0a94e,1241,23,斯柯达,明锐,https://p9-dcd.byteimg.com/tos-cn-i-dcdx/e5d55d4c1ece47ceb29e28624cf1ca70~tplv-resize:640:0.png?psm=motor.rank.data,3,32,销量榜,201,2,199,201,dongchedi_ranking|dongchedi_usedcar_series,2026-07-08T21:14:45+08:00
6d4944d9792804e49797c774,1242,23,斯柯达,昊锐,https://p9-dcd.byteimg.com/motor-mis-img/51a2aa49883e5342deab569dd49860f0~tplv-f042mdwyw7-original:tplv-resize:640:0.image?psm=motor.pc_sh.api,1,0,,,0,0,0,dongchedi_usedcar_series,2026-07-08T21:14:45+08:00
605a337750f40ec1658f34f7,1243,23,斯柯达,速派,https://p9-dcd.byteimg.com/tos-cn-i-dcdx/566835504f2040f0a11ceea57f685f65~tplv-resize:640:0.png?psm=motor.rank.data,3,35,销量榜,115,2,56,58,dongchedi_ranking|dongchedi_usedcar_series,2026-07-08T21:14:45+08:00
6655d0954c35a8dc0c8e2c55,1244,23,斯柯达,Yeti,https://p9-dcd.byteimg.com/motor-mis-img/910df37ed5749e0d8dc300d9c258b041~tplv-f042mdwyw7-original:tplv-resize:640:0.image?psm=motor.pc_sh.api,1,0,,,0,0,0,dongchedi_usedcar_series,2026-07-08T21:14:45+08:00
c39c7b21e752ab263d45d1fc,1245,23,斯柯达,柯迪亚克,https://p9-dcd.byteimg.com/tos-cn-i-dcdx/113a64f3997f4c9e9a5bd89c4a85de31~tplv-resize:640:0.png?psm=motor.rank.data,3,40,销量榜,164,4,77,81,dongchedi_ranking|dongchedi_usedcar_series,2026-07-08T21:14:45+08:00
b7d44e518cf868c23b39b1b5,1254,63,特斯拉,Model S,https://p3-dcd.byteimg.com/tos-cn-i-dcdx/c81eb8d6cdf64b079f2c361d322f2bc9~tplv-f042mdwyw7-original:tplv-resize:640:0.image?psm=motor.pc_sh.api,1,0,,,0,0,0,dongchedi_usedcar_series,2026-07-08T21:14:45+08:00
8ca231544fa9eb7259b1258c,1255,63,特斯拉,Model X,https://p3-dcd.byteimg.com/tos-cn-i-dcdx/590dde12e260473d890a20272658d0d8~tplv-f042mdwyw7-original:tplv-resize:640:0.image?psm=motor.pc_sh.api,1,0,,,0,0,0,dongchedi_usedcar_series,2026-07-08T21:14:45+08:00
fe71e8ff0ad0c21c9ec47c2f,1256,159,腾势,腾势,https://p9-dcd.byteimg.com/motor-mis-img/ed90894e65dcbb4dcccdd0916afe8e33~tplv-f042mdwyw7-original:tplv-resize:640:0.image?psm=motor.pc_sh.api,1,0,,,0,0,0,dongchedi_usedcar_series,2026-07-08T21:14:45+08:00
69bdf1e10f4f97fbfa2951da,1263,394,英致汽车,英致737,https://p3-dcd.byteimg.com/motor-mis-img/1291aba44a1f148863497df1384c7394~tplv-f042mdwyw7-original:tplv-resize:640:0.image?psm=motor.pc_sh.api,1,0,,,0,0,0,dongchedi_usedcar_series,2026-07-08T21:14:45+08:00
87d06073a16478ef8941007a,1264,394,英致汽车,英致727,https://p3-dcd.byteimg.com/motor-mis-img/1734506fe275833bd0e9100d955101f2~tplv-f042mdwyw7-original:tplv-resize:640:0.image?psm=motor.pc_sh.api,1,0,,,0,0,0,dongchedi_usedcar_series,2026-07-08T21:14:45+08:00
f3ca91e86d1958f88f8422be,1266,24,沃尔沃,沃尔沃C30,https://p3-dcd.byteimg.com/motor-mis-img/a68468d9289d479650747a73bbeee5c9~tplv-f042mdwyw7-original:tplv-resize:640:0.image?psm=motor.pc_sh.api,1,0,,,0,0,0,dongchedi_usedcar_series,2026-07-08T21:14:45+08:00
aa8cbce76fb7b2fe73ff1ac0,1267,24,沃尔沃,沃尔沃V40,https://p3-dcd.byteimg.com/motor-mis-img/250fc19fac849cc7af765f8641e7541f~tplv-f042mdwyw7-original:tplv-resize:640:0.image?psm=motor.pc_sh.api,1,0,,,0,0,0,dongchedi_usedcar_series,2026-07-08T21:14:45+08:00
1ab0d41fe2142e843e2e0f1e,1268,24,沃尔沃,沃尔沃S40(进口),https://p3-dcd.byteimg.com/motor-mis-img/45e289e4a342dc74e6fa03df631c2548~tplv-f042mdwyw7-original:tplv-resize:640:0.image?psm=motor.pc_sh.api,1,0,,,0,0,0,dongchedi_usedcar_series,2026-07-08T21:14:45+08:00
c732de3e8cb8a66e165e7954,1269,24,沃尔沃,沃尔沃S60(进口),https://p3-dcd.byteimg.com/motor-mis-img/69c3994a4f700a2b9998708aafec788a~tplv-f042mdwyw7-original:tplv-resize:640:0.image?psm=motor.pc_sh.api,1,0,,,0,0,0,dongchedi_usedcar_series,2026-07-08T21:14:45+08:00
fb782bdd729bbff465bec9c9,1270,24,沃尔沃,沃尔沃V60,https://p3-dcd.byteimg.com/motor-mis-img/b2b6d18c553431318591359e0e457fd5~tplv-f042mdwyw7-original:tplv-resize:640:0.image?psm=motor.pc_sh.api,1,0,,,0,0,0,dongchedi_usedcar_series,2026-07-08T21:14:45+08:00
9f22b283b1015496d90ac4b9,1271,24,沃尔沃,沃尔沃S90(进口),https://p3-dcd.byteimg.com/motor-mis-img/d133a5f08f65011549f54750d0ca0b29~tplv-f042mdwyw7-original:tplv-resize:640:0.image?psm=motor.pc_sh.api,1,0,,,0,0,0,dongchedi_usedcar_series,2026-07-08T21:14:45+08:00
255f45e5e89b83a4365eef10,1272,24,沃尔沃,沃尔沃S80,https://p3-dcd.byteimg.com/motor-mis-img/93e74c1ac28cde456666e1d02aac0490~tplv-f042mdwyw7-original:tplv-resize:640:0.image?psm=motor.pc_sh.api,1,0,,,0,0,0,dongchedi_usedcar_series,2026-07-08T21:14:45+08:00
bcd4a0dca9558ac008db29c3,1273,24,沃尔沃,沃尔沃V90,https://p3-dcd.byteimg.com/motor-mis-img/ef1f9906dcd7c69772c9b30af2b20283~tplv-f042mdwyw7-original:tplv-resize:640:0.image?psm=motor.pc_sh.api,1,0,,,0,0,0,dongchedi_usedcar_series,2026-07-08T21:14:45+08:00
a663b89e89294d5935fba5ef,1275,24,沃尔沃,沃尔沃XC60(进口),https://p3-dcd.byteimg.com/motor-mis-img/a9e6f080a8aace5f82699e5ee9c8ee4f~tplv-f042mdwyw7-original:tplv-resize:640:0.image?psm=motor.pc_sh.api,1,0,,,0,0,0,dongchedi_usedcar_series,2026-07-08T21:14:45+08:00
d8756a05dc09a89ff9911c40,1276,24,沃尔沃,沃尔沃XC90 PHEV,https://p3-dcd.byteimg.com/tos-cn-i-dcdx/3548052a10e54bf4adf4983b00e6b3c7~tplv-f042mdwyw7-original:tplv-resize:640:0.image?psm=motor.pc_sh.api,1,0,,,0,0,0,dongchedi_usedcar_series,2026-07-08T21:14:45+08:00
c17e5d01f6ac0a2e385a3981,1277,24,沃尔沃,沃尔沃XC90,https://p3-dcd.byteimg.com/tos-cn-i-dcdx/500ee2f788184aa88852f68563a311c7~tplv-f042mdwyw7-original:tplv-resize:640:0.image?psm=motor.pc_sh.api,1,0,,,0,0,0,dongchedi_usedcar_series,2026-07-08T21:14:45+08:00
453d84e51845fc2fdfa24ac2,1278,24,沃尔沃,沃尔沃C70,https://p3-dcd.byteimg.com/motor-mis-img/f772fc41cc36436be7f33952e3ca0d43~tplv-f042mdwyw7-original:tplv-resize:640:0.image?psm=motor.pc_sh.api,1,0,,,0,0,0,dongchedi_usedcar_series,2026-07-08T21:14:45+08:00
2fa78cfe875fd58f970b1081,1279,24,沃尔沃,沃尔沃S60,https://p9-dcd.byteimg.com/tos-cn-i-dcdx/56604a383a5248939a3cd04d1b373b61~tplv-resize:640:0.png?psm=motor.rank.data,3,161,销量榜,13,8,60,68,dongchedi_ranking|dongchedi_usedcar_series,2026-07-08T21:14:45+08:00
ba0bcd994ad189e18f368fe2,1280,24,沃尔沃,沃尔沃S60 PHEV,https://p3-dcd.byteimg.com/tos-cn-i-dcdx/48f78dea43964ad98161a30d65d52951~tplv-f042mdwyw7-original:tplv-resize:640:0.image?psm=motor.pc_sh.api,1,0,,,0,0,0,dongchedi_usedcar_series,2026-07-08T21:14:45+08:00
c1a92b8aa2d88adbeea0eab0,1281,24,沃尔沃,沃尔沃S90,https://p9-dcd.byteimg.com/tos-cn-i-dcdx/85aadd38308745acafc138573dd26671~tplv-resize:640:0.png?psm=motor.rank.data,3,218,销量榜,6,4,45,49,dongchedi_ranking|dongchedi_usedcar_series,2026-07-08T21:14:45+08:00
f63b3ab4b9b68487a44e32e3,1282,24,沃尔沃,沃尔沃XC60,https://p9-dcd.byteimg.com/tos-cn-i-dcdx/3e80f01f2cf448f9ac80f28a621be7f5~tplv-resize:640:0.png?psm=motor.rank.data,3,161,销量榜,25,5,72,77,dongchedi_ranking|dongchedi_usedcar_series,2026-07-08T21:14:45+08:00
eff1564792fda41ad861d9cd,1283,24,沃尔沃,XC Classic,https://p3-dcd.byteimg.com/motor-mis-img/34550243a897ca1c9dce8bc427523ed8~tplv-f042mdwyw7-original:tplv-resize:640:0.image?psm=motor.pc_sh.api,1,0,,,0,0,0,dongchedi_usedcar_series,2026-07-08T21:14:45+08:00
aa2c72f7889a1f01faf538ed,1284,24,沃尔沃,沃尔沃S40,https://p3-dcd.byteimg.com/motor-mis-img/036deb221466079bb31061149e32f413~tplv-f042mdwyw7-original:tplv-resize:640:0.image?psm=motor.pc_sh.api,1,0,,,0,0,0,dongchedi_usedcar_series,2026-07-08T21:14:45+08:00
e8bc0f618fa7d89884839c7d,1285,24,沃尔沃,沃尔沃S80L,https://p3-dcd.byteimg.com/motor-mis-img/978702285aa6125793fa03a1c07057c4~tplv-f042mdwyw7-original:tplv-resize:640:0.image?psm=motor.pc_sh.api,1,0,,,0,0,0,dongchedi_usedcar_series,2026-07-08T21:14:45+08:00
d69604dab1493c32a932c933,1286,366,宝骏,乐驰,https://p9-dcd.byteimg.com/motor-mis-img/28de6d7dbd9ea559f741877c59b3490d~tplv-f042mdwyw7-original:tplv-resize:640:0.image?psm=motor.pc_sh.api,1,0,,,0,0,0,dongchedi_usedcar_series,2026-07-08T21:14:45+08:00
e2c0db0fd0197a6b9db8f501,1290,39,五菱汽车,五菱宏光,https://p9-dcd.byteimg.com/tos-cn-i-dcdx/03dc4edc973c4f589f0c9246b8b689fd~tplv-resize:640:0.png?psm=motor.rank.data,3,136,销量榜,19,2,67,69,dongchedi_ranking|dongchedi_usedcar_series,2026-07-08T21:14:45+08:00
6e7d4228a623725c3b912a08,1291,39,五菱汽车,五菱荣光,https://p9-dcd.byteimg.com/motor-mis-img/efe0d84f810fe914c7149c51a6c1658e~tplv-resize:640:0.png?psm=motor.rank.data,3,136,销量榜,2,14,57,71,dongchedi_ranking|dongchedi_usedcar_series,2026-07-08T21:14:45+08:00
3aced2777a9958a4ebf0a44f,1292,39,五菱汽车,五菱之光,https://p9-dcd.byteimg.com/motor-mis-img/bf32df7a7883000dfdf00a7d80bf31ea~tplv-resize:640:0.png?psm=motor.rank.data,3,136,销量榜,3,2,42,44,dongchedi_ranking|dongchedi_usedcar_series,2026-07-08T21:14:45+08:00
75608d234d8591b22cee06c4,1293,39,五菱汽车,五菱荣光V,https://p3-dcd.byteimg.com/motor-mis-img/8192af5d9cf671dd36812c4ef7df1ffb~tplv-f042mdwyw7-original:tplv-resize:640:0.image?psm=motor.pc_sh.api,1,0,,,0,0,0,dongchedi_usedcar_series,2026-07-08T21:14:45+08:00
88932763da4d867a4cb3632f,1295,39,五菱汽车,五菱征程经典,https://p3-dcd.byteimg.com/motor-mis-img/01d0389a9efd3c2c48d4aeda8dbfaf25~tplv-f042mdwyw7-original:tplv-resize:640:0.image?psm=motor.pc_sh.api,1,0,,,0,0,0,dongchedi_usedcar_series,2026-07-08T21:14:45+08:00
010921a6e54057c601d709f4,1296,106,五十铃,mu-X牧游侠,https://p3-dcd.byteimg.com/motor-mis-img/356a6ecde45f782eadb7ff8078d2d563~tplv-f042mdwyw7-original:tplv-resize:640:0.image?psm=motor.pc_sh.api,1,0,,,0,0,0,dongchedi_usedcar_series,2026-07-08T21:14:45+08:00
8f08fe1a200ea82eede7e736,1297,106,五十铃,D-MAX,https://p3-dcd.byteimg.com/tos-cn-i-dcdx/d3163affc4234e51a0f6214a0d68d157~tplv-f042mdwyw7-original:tplv-resize:640:0.image?psm=motor.pc_sh.api,1,0,,,0,0,0,dongchedi_usedcar_series,2026-07-08T21:14:45+08:00
decf6fe42ae6923cd286c7a6,1298,106,五十铃,RE-MAX 瑞迈,https://p3-dcd.byteimg.com/tos-cn-i-dcdx/4a0a0e5c53a446ce9480d090715545f6~tplv-f042mdwyw7-original:tplv-resize:640:0.image?psm=motor.pc_sh.api,1,0,,,0,0,0,dongchedi_usedcar_series,2026-07-08T21:14:45+08:00
db307e7348df37bceef8bf7c,1299,106,五十铃,竞技者,https://p3-dcd.byteimg.com/motor-mis-img/92f6275f68f72b0c2393ea0e1e2ceeec~tplv-f042mdwyw7-original:tplv-resize:640:0.image?psm=motor.pc_sh.api,1,0,,,0,0,0,dongchedi_usedcar_series,2026-07-08T21:14:45+08:00
426fac5c8d01d8d863a9f595,1300,106,五十铃,五十铃皮卡,https://p3-dcd.byteimg.com/motor-mis-img/9017521aa5114a48672e9acc85d06487~tplv-f042mdwyw7-original:tplv-resize:640:0.image?psm=motor.pc_sh.api,1,0,,,0,0,0,dongchedi_usedcar_series,2026-07-08T21:14:45+08:00
2cbdba8dfca3ded661d044b2,1301,89,西雅特,伊比飒,https://p3-dcd.byteimg.com/tos-cn-i-dcdx/aecbbec07c7143ddab9e9829b4bbf469~tplv-f042mdwyw7-original:tplv-resize:640:0.image?psm=motor.pc_sh.api,1,0,,,0,0,0,dongchedi_usedcar_series,2026-07-08T21:14:45+08:00
f3e65e2edd00c87d9a3a9cae,1302,89,西雅特,LEON,https://p3-dcd.byteimg.com/motor-mis-img/eb8d351077077abe2ad47fa0a05d0036~tplv-f042mdwyw7-original:tplv-resize:640:0.image?psm=motor.pc_sh.api,1,0,,,0,0,0,dongchedi_usedcar_series,2026-07-08T21:14:45+08:00
60f200a8a97bac09c23f8afb,1303,89,西雅特,欧悦搏,https://p3-dcd.byteimg.com/motor-mis-img/5ea4b1d874b6e6eae3b5e514ec518a08~tplv-f042mdwyw7-original:tplv-resize:640:0.image?psm=motor.pc_sh.api,1,0,,,0,0,0,dongchedi_usedcar_series,2026-07-08T21:14:45+08:00
f2e943ddeb4fad426be7d084,1304,11,现代,瑞纳,https://p9-dcd.byteimg.com/motor-mis-img/b7a9f1d90a9a83967950e16d4e182c27~tplv-f042mdwyw7-original:tplv-resize:640:0.image?psm=motor.pc_sh.api,1,0,,,0,0,0,dongchedi_usedcar_series,2026-07-08T21:14:45+08:00
0ac60375fe329bf52f047dc1,1305,11,现代,瑞奕,https://p9-dcd.byteimg.com/motor-mis-img/fc685ed03a596bdbd7b93f44d3f1d641~tplv-f042mdwyw7-original:tplv-resize:640:0.image?psm=motor.pc_sh.api,1,0,,,0,0,0,dongchedi_usedcar_series,2026-07-08T21:14:45+08:00
a0c5c10f57109d11bca1eeee,1306,11,现代,悦纳,https://p9-dcd.byteimg.com/motor-mis-img/a9bca3a1da251b1ce85853e32f87b5f1~tplv-f042mdwyw7-original:tplv-resize:640:0.image?psm=motor.pc_sh.api,1,0,,,0,0,0,dongchedi_usedcar_series,2026-07-08T21:14:45+08:00
10cbf52fe04fa10bcb88551d,1307,11,现代,悦纳RV,https://p9-dcd.byteimg.com/motor-mis-img/1370651a6e6dc512d346a337fbd5045a~tplv-f042mdwyw7-original:tplv-resize:640:0.image?psm=motor.pc_sh.api,1,0,,,0,0,0,dongchedi_usedcar_series,2026-07-08T21:14:45+08:00
d9c98dc1d3f62b110ce42734,1308,11,现代,雅绅特,https://p9-dcd.byteimg.com/motor-mis-img/3c6772fed69b0748a516aae87a1774e0~tplv-f042mdwyw7-original:tplv-resize:640:0.image?psm=motor.pc_sh.api,1,0,,,0,0,0,dongchedi_usedcar_series,2026-07-08T21:14:45+08:00
69f39b1509bdfe1fd8ee8a72,1309,11,现代,现代i30,https://p9-dcd.byteimg.com/motor-mis-img/b92077f9ea2ea96c86db9cbe64a9a630~tplv-f042mdwyw7-original:tplv-resize:640:0.image?psm=motor.pc_sh.api,1,0,,,0,0,0,dongchedi_usedcar_series,2026-07-08T21:14:45+08:00
26929aceaa04cb4f59902aa2,1310,11,现代,伊兰特,https://p9-dcd.byteimg.com/tos-cn-i-dcdx/9aeb14b2723e4ccaae09db6088701ec2~tplv-resize:640:0.png?psm=motor.rank.data,3,218,销量榜,5,3,67,70,dongchedi_ranking|dongchedi_usedcar_series,2026-07-08T21:14:45+08:00
0e13b8ae7fe9518065d4ac4d,1311,11,现代,悦动,https://p9-dcd.byteimg.com/motor-mis-img/7f3d519f70f2da1f8727d61dbf20eb64~tplv-f042mdwyw7-original:tplv-resize:640:0.image?psm=motor.pc_sh.api,1,0,,,0,0,0,dongchedi_usedcar_series,2026-07-08T21:14:45+08:00
a496c2cf91af792e38e8325c,1312,11,现代,朗动,https://p9-dcd.byteimg.com/motor-mis-img/afd501314e3833c161879d95240d1681~tplv-f042mdwyw7-original:tplv-resize:640:0.image?psm=motor.pc_sh.api,1,0,,,0,0,0,dongchedi_usedcar_series,2026-07-08T21:14:45+08:00
f223bf5c192ebcaee0dfa66a,1313,11,现代,领动,https://p9-dcd.byteimg.com/motor-mis-img/04148b2bb680e081029bd6aebbda70f0~tplv-f042mdwyw7-original:tplv-resize:640:0.image?psm=motor.pc_sh.api,1,0,,,0,0,0,dongchedi_usedcar_series,2026-07-08T21:14:45+08:00
84e31f49ef273be15ee0e5ac,1314,11,现代,名图,https://p9-dcd.byteimg.com/motor-mis-img/72d70bf376d6bb70c1e42dd8342f3413~tplv-f042mdwyw7-original:tplv-resize:640:0.image?psm=motor.pc_sh.api,1,0,,,0,0,0,dongchedi_usedcar_series,2026-07-08T21:14:45+08:00
0cfced99b13904ca244ccffc,1316,11,现代,领翔,https://p9-dcd.byteimg.com/motor-mis-img/44d2bd31ff0f67059ebaba1c9d79ce2e~tplv-f042mdwyw7-original:tplv-resize:640:0.image?psm=motor.pc_sh.api,1,0,,,0,0,0,dongchedi_usedcar_series,2026-07-08T21:14:45+08:00
108a06baa873774e7dd35724,1317,11,现代,名驭,https://p9-dcd.byteimg.com/motor-mis-img/519fe671490ab1ee58d9c30a5e3b0c32~tplv-f042mdwyw7-original:tplv-resize:640:0.image?psm=motor.pc_sh.api,1,0,,,0,0,0,dongchedi_usedcar_series,2026-07-08T21:14:45+08:00
4cf7c9d4c53533a6921081a1,1318,11,现代,索纳塔,https://p9-dcd.byteimg.com/tos-cn-i-dcdx/9d6d54839e6846ef9a26c1c66cc68d61~tplv-resize:640:0.png?psm=motor.rank.data,3,218,销量榜,31,4,49,53,dongchedi_ranking|dongchedi_usedcar_series,2026-07-08T21:14:45+08:00
168e5668b0b3b63442a2dbd9,1319,11,现代,索纳塔九,https://p9-dcd.byteimg.com/motor-mis-img/396ac5623b253d76c709c57d441241d6~tplv-f042mdwyw7-original:tplv-resize:640:0.image?psm=motor.pc_sh.api,1,0,,,0,0,0,dongchedi_usedcar_series,2026-07-08T21:14:45+08:00
e538e107e92737b2f4d8d34f,1320,11,现代,索纳塔八,https://p9-dcd.byteimg.com/motor-mis-img/ebc4b24d7f1e9b15db1420e6c79f7bb7~tplv-f042mdwyw7-original:tplv-resize:640:0.image?psm=motor.pc_sh.api,1,0,,,0,0,0,dongchedi_usedcar_series,2026-07-08T21:14:45+08:00
08d14087270cdfed9a8eea23,1321,11,现代,现代ix25,https://p9-dcd.byteimg.com/motor-mis-img/12484d89f32ed66640575237f4872158~tplv-f042mdwyw7-original:tplv-resize:640:0.image?psm=motor.pc_sh.api,1,0,,,0,0,0,dongchedi_usedcar_series,2026-07-08T21:14:45+08:00
0d3f3564407119593d6fdd45,1322,11,现代,途胜,https://p9-dcd.byteimg.com/tos-cn-i-dcdx/5105f4c26b00494cb2e2986ab373e02e~tplv-resize:640:0.png?psm=motor.rank.data,3,161,销量榜,34,6,85,91,dongchedi_ranking|dongchedi_usedcar_series,2026-07-08T21:14:45+08:00
4401f80d8e79ecb3d670a750,1323,11,现代,现代ix35,https://p9-dcd.byteimg.com/tos-cn-i-dcdx/4759d1d531d7489dbb01a2bad3506c6b~tplv-resize:640:0.png?psm=motor.rank.data,3,161,销量榜,45,3,83,86,dongchedi_ranking|dongchedi_usedcar_series,2026-07-08T21:14:45+08:00
706b119b4056d01e2874941f,1324,11,现代,胜达,https://p9-dcd.byteimg.com/tos-cn-i-dcdx/85040ec8dfb4469a89453da00be8a76a~tplv-resize:640:0.png?psm=motor.rank.data,3,218,销量榜,53,9,61,70,dongchedi_ranking|dongchedi_usedcar_series,2026-07-08T21:14:45+08:00
cc594187181020a607c95416,1326,11,现代,Veloster飞思,https://p9-dcd.byteimg.com/motor-mis-img/448d0241096cb4d418ef1e992cbbdbcc~tplv-f042mdwyw7-original:tplv-resize:640:0.image?psm=motor.pc_sh.api,1,0,,,0,0,0,dongchedi_usedcar_series,2026-07-08T21:14:45+08:00
4fe991083b8ed9900a28adf3,1327,11,现代,雅尊,https://p9-dcd.byteimg.com/tos-cn-i-dcdx/1c28dab4903845f685a0fbd1522a8b54~tplv-f042mdwyw7-original:tplv-resize:640:0.image?psm=motor.pc_sh.api,1,0,,,0,0,0,dongchedi_usedcar_series,2026-07-08T21:14:45+08:00
d7888aff002025fe4fbe5c97,1330,11,现代,索纳塔(进口),https://p9-dcd.byteimg.com/tos-cn-i-dcdx/ab7c46460c164af7970f7601c8b760f7~tplv-f042mdwyw7-original:tplv-resize:640:0.image?psm=motor.pc_sh.api,1,0,,,0,0,0,dongchedi_usedcar_series,2026-07-08T21:14:45+08:00
46dfb673e3b46959f76b1e20,1331,11,现代,捷恩斯,https://p9-dcd.byteimg.com/motor-mis-img/0e89781bf1706f7ff393007ba1b2ffd4~tplv-f042mdwyw7-original:tplv-resize:640:0.image?psm=motor.pc_sh.api,1,0,,,0,0,0,dongchedi_usedcar_series,2026-07-08T21:14:45+08:00
cc93dfc0f86be54ce5df1e35,1333,11,现代,雅科仕,https://p9-dcd.byteimg.com/motor-mis-img/2b99a49b8d70997f0b227dc7e4b7b4d7~tplv-f042mdwyw7-original:tplv-resize:640:0.image?psm=motor.pc_sh.api,1,0,,,0,0,0,dongchedi_usedcar_series,2026-07-08T21:14:45+08:00
786c0bd47ef8916aac12a99c,1335,11,现代,胜达经典,https://p9-dcd.byteimg.com/motor-mis-img/7996db8a25bd65df86f0251413fe9600~tplv-f042mdwyw7-original:tplv-resize:640:0.image?psm=motor.pc_sh.api,1,0,,,0,0,0,dongchedi_usedcar_series,2026-07-08T21:14:45+08:00
fd52678335187bb3ffd743c6,1336,11,现代,胜达(进口),https://p9-dcd.byteimg.com/tos-cn-i-dcdx/b2a1402639bd49368033435aa730277a~tplv-f042mdwyw7-original:tplv-resize:640:0.image?psm=motor.pc_sh.api,1,0,,,0,0,0,dongchedi_usedcar_series,2026-07-08T21:14:45+08:00
a52c6d268313a7b86f9ea025,1337,11,现代,格越,https://p9-dcd.byteimg.com/motor-mis-img/2c9e7c97cfae62db2ff61152374dddfd~tplv-f042mdwyw7-original:tplv-resize:640:0.image?psm=motor.pc_sh.api,1,0,,,0,0,0,dongchedi_usedcar_series,2026-07-08T21:14:45+08:00
12d0568a0357f3cbc088ad83,1338,11,现代,维拉克斯,https://p9-dcd.byteimg.com/motor-mis-img/3e3e998aa353c319d28e0fa1a275b3ca~tplv-f042mdwyw7-original:tplv-resize:640:0.image?psm=motor.pc_sh.api,1,0,,,0,0,0,dongchedi_usedcar_series,2026-07-08T21:14:45+08:00
d8e0e9f6f2293e74782379fa,1339,11,现代,H-1辉翼,https://p9-dcd.byteimg.com/motor-mis-img/220ed4889862a4341a19ea54032a46bb~tplv-f042mdwyw7-original:tplv-resize:640:0.image?psm=motor.pc_sh.api,1,0,,,0,0,0,dongchedi_usedcar_series,2026-07-08T21:14:45+08:00
5c3b0364e264380d18980637,1341,11,现代,劳恩斯-酷派,https://p9-dcd.byteimg.com/motor-mis-img/4d66fecf3a25ed173ad1c97433eb9345~tplv-f042mdwyw7-original:tplv-resize:640:0.image?psm=motor.pc_sh.api,1,0,,,0,0,0,dongchedi_usedcar_series,2026-07-08T21:14:45+08:00
243869c35d1396b669ab5d83,1342,11,现代,酷派,https://p9-dcd.byteimg.com/motor-mis-img/957dc192131c4dc61f9f2f0fdde18c67~tplv-f042mdwyw7-original:tplv-resize:640:0.image?psm=motor.pc_sh.api,1,0,,,0,0,0,dongchedi_usedcar_series,2026-07-08T21:14:45+08:00
3fe07d571db68670ae8204b2,1344,164,新凯,新凯威霆,https://p9-dcd.byteimg.com/motor-mis-img/696eb4ccff80f76edbd1985bdf6f915d~tplv-f042mdwyw7-original:tplv-resize:640:0.image?psm=motor.pc_sh.api,1,0,,,0,0,0,dongchedi_usedcar_series,2026-07-08T21:14:45+08:00
34cd2bf910a4f019a70d26d1,1345,164,新凯,新凯凌特,https://p9-dcd.byteimg.com/motor-mis-img/6b8b068b03cced03e7b3a4272bac457a~tplv-f042mdwyw7-original:tplv-resize:640:0.image?psm=motor.pc_sh.api,1,0,,,0,0,0,dongchedi_usedcar_series,2026-07-08T21:14:45+08:00
c4d17048e32ec3c4d12a24dd,1347,6,雪佛兰,赛欧,https://p3-dcd.byteimg.com/motor-mis-img/6f507b5bfd5cc4da88d8af96b71b87e4~tplv-f042mdwyw7-original:tplv-resize:640:0.image?psm=motor.pc_sh.api,1,0,,,0,0,0,dongchedi_usedcar_series,2026-07-08T21:14:45+08:00
6b12c5770b35ff08145f1cf2,1348,6,雪佛兰,乐风,https://p3-dcd.byteimg.com/motor-mis-img/da0128fc4f5aed7c78df649e7117e247~tplv-f042mdwyw7-original:tplv-resize:640:0.image?psm=motor.pc_sh.api,1,0,,,0,0,0,dongchedi_usedcar_series,2026-07-08T21:14:45+08:00
b8ca11c2edeab88e00779971,1349,6,雪佛兰,乐风RV,https://p3-dcd.byteimg.com/motor-mis-img/a27cc33a49c751d559b8844dc84a75c8~tplv-f042mdwyw7-original:tplv-resize:640:0.image?psm=motor.pc_sh.api,1,0,,,0,0,0,dongchedi_usedcar_series,2026-07-08T21:14:45+08:00
b831835f88a3b60fcffcca89,1351,6,雪佛兰,爱唯欧,https://p3-dcd.byteimg.com/motor-mis-img/34f601926d64424ea7f87596bd432b9b~tplv-f042mdwyw7-original:tplv-resize:640:0.image?psm=motor.pc_sh.api,1,0,,,0,0,0,dongchedi_usedcar_series,2026-07-08T21:14:45+08:00
fb4d14ef6af42e32a81c8fc0,1352,6,雪佛兰,科鲁兹,https://p3-dcd.byteimg.com/motor-mis-img/f374ed62b37f67136cc64cc50db4c953~tplv-f042mdwyw7-original:tplv-resize:640:0.image?psm=motor.pc_sh.api,1,0,,,0,0,0,dongchedi_usedcar_series,2026-07-08T21:14:45+08:00
29c37600bbb921332a429f32,1353,6,雪佛兰,科沃兹,https://p3-dcd.byteimg.com/motor-mis-img/6b3cd0fa595edb4bd5f8a12b5d22e3ec~tplv-f042mdwyw7-original:tplv-resize:640:0.image?psm=motor.pc_sh.api,1,0,,,0,0,0,dongchedi_usedcar_series,2026-07-08T21:14:45+08:00
c798d7460796962a41f75833,1354,6,雪佛兰,迈锐宝,https://p3-dcd.byteimg.com/motor-mis-img/862dbce259999fa5c8f5f486f81ed6fd~tplv-f042mdwyw7-original:tplv-resize:640:0.image?psm=motor.pc_sh.api,1,0,,,0,0,0,dongchedi_usedcar_series,2026-07-08T21:14:45+08:00
a0c1affba60c8a9aa25fb24e,1355,6,雪佛兰,迈锐宝XL,https://p3-dcd.byteimg.com/motor-mis-img/8171a91a9f3017a9001e682797dc5f77~tplv-f042mdwyw7-original:tplv-resize:640:0.image?psm=motor.pc_sh.api,1,0,,,0,0,0,dongchedi_usedcar_series,2026-07-08T21:14:45+08:00
198c231f1b05cb9cb44312fb,1356,6,雪佛兰,景程,https://p3-dcd.byteimg.com/motor-mis-img/9c96e0efa3a7b776e91cd6b42eb9c00c~tplv-f042mdwyw7-original:tplv-resize:640:0.image?psm=motor.pc_sh.api,1,0,,,0,0,0,dongchedi_usedcar_series,2026-07-08T21:14:45+08:00
6f50e690ffaefca024b519d3,1357,6,雪佛兰,创酷,https://p9-dcd.byteimg.com/motor-mis-img/7f32d8c6bf3899a4d61b5059c5717c70~tplv-resize:640:0.png?psm=motor.rank.data,3,7,销量榜,274,3,33,36,dongchedi_ranking|dongchedi_usedcar_series,2026-07-08T21:14:45+08:00
006f54a2032e73ab4550e518,1358,6,雪佛兰,科帕奇,https://p3-dcd.byteimg.com/motor-mis-img/40317dcd5d367861e3d85896c0fd3bbc~tplv-f042mdwyw7-original:tplv-resize:640:0.image?psm=motor.pc_sh.api,1,0,,,0,0,0,dongchedi_usedcar_series,2026-07-08T21:14:45+08:00
eabb28f9cf63788ee5c9c09e,1359,6,雪佛兰,探界者,https://p9-dcd.byteimg.com/motor-mis-img/d0cade284d533a6e482e19d58e728e01~tplv-resize:640:0.png?psm=motor.rank.data,3,48,销量榜,189,5,45,50,dongchedi_ranking|dongchedi_usedcar_series,2026-07-08T21:14:45+08:00
2a37d33428398e5693580407,1362,6,雪佛兰,科帕奇经典(进口),https://p3-dcd.byteimg.com/tos-cn-i-dcdx/c6e0589cf7db48eaa3976e669526d989~tplv-f042mdwyw7-original:tplv-resize:640:0.image?psm=motor.pc_sh.api,1,0,,,0,0,0,dongchedi_usedcar_series,2026-07-08T21:14:45+08:00
c3e9471dc21187adbcb1c590,1364,6,雪佛兰,索罗德,https://p3-dcd.byteimg.com/tos-cn-i-dcdx/c2badfd2ed7145e2b99d3b4b9c977b1a~tplv-f042mdwyw7-original:tplv-resize:640:0.image?psm=motor.pc_sh.api,1,0,,,0,0,0,dongchedi_usedcar_series,2026-07-08T21:14:45+08:00
813711f6d1522471e265ab3b,1365,6,雪佛兰,科迈罗,https://p3-dcd.byteimg.com/tos-cn-i-dcdx/8c323033773343499bf30894c6989c50~tplv-f042mdwyw7-original:tplv-resize:640:0.image?psm=motor.pc_sh.api,1,0,,,0,0,0,dongchedi_usedcar_series,2026-07-08T21:14:45+08:00
0836d65043b9e69512b41732,1366,21,雪铁龙,雪铁龙C2,https://p3-dcd.byteimg.com/motor-mis-img/433702b4816ad1d650e0cb98d2c885da~tplv-f042mdwyw7-original:tplv-resize:640:0.image?psm=motor.pc_sh.api,1,0,,,0,0,0,dongchedi_usedcar_series,2026-07-08T21:14:45+08:00
8113c6009e411ec7f7191a2a,1367,21,雪铁龙,爱丽舍,https://p3-dcd.byteimg.com/motor-mis-img/de0af2a359c45b6f27e5e446106cfccb~tplv-f042mdwyw7-original:tplv-resize:640:0.image?psm=motor.pc_sh.api,1,0,,,0,0,0,dongchedi_usedcar_series,2026-07-08T21:14:45+08:00
da4041523c1f28a385d9a7d5,1368,21,雪铁龙,世嘉,https://p3-dcd.byteimg.com/motor-mis-img/8f7abb9967ca505791f00aa57bbce9f6~tplv-f042mdwyw7-original:tplv-resize:640:0.image?psm=motor.pc_sh.api,1,0,,,0,0,0,dongchedi_usedcar_series,2026-07-08T21:14:45+08:00
3e5d64adb938a04dc067956c,1369,21,雪铁龙,雪铁龙C4L,https://p3-dcd.byteimg.com/motor-mis-img/22021d95bf6181cb9566e38a035bb6e2~tplv-f042mdwyw7-original:tplv-resize:640:0.image?psm=motor.pc_sh.api,1,0,,,0,0,0,dongchedi_usedcar_series,2026-07-08T21:14:45+08:00
5eeb9b84458696026041365b,1370,21,雪铁龙,C4世嘉,https://p3-dcd.byteimg.com/motor-mis-img/c398a15e223b722945c6a794348e101c~tplv-f042mdwyw7-original:tplv-resize:640:0.image?psm=motor.pc_sh.api,1,0,,,0,0,0,dongchedi_usedcar_series,2026-07-08T21:14:45+08:00
ca0e81e4a066350e8d32cfca,1373,21,雪铁龙,凯旋,https://p3-dcd.byteimg.com/motor-mis-img/d0f44907c924e08b62fd7834ae60d267~tplv-f042mdwyw7-original:tplv-resize:640:0.image?psm=motor.pc_sh.api,1,0,,,0,0,0,dongchedi_usedcar_series,2026-07-08T21:14:45+08:00
dbed2abbad3989515830ad61,1374,21,雪铁龙,雪铁龙C5,https://p3-dcd.byteimg.com/motor-mis-img/03002aeb313d9071a4a76da6d43f97f9~tplv-f042mdwyw7-original:tplv-resize:640:0.image?psm=motor.pc_sh.api,1,0,,,0,0,0,dongchedi_usedcar_series,2026-07-08T21:14:45+08:00
347d80401e5f8427f5b30055,1375,21,雪铁龙,雪铁龙C6,https://p3-dcd.byteimg.com/tos-cn-i-dcdx/411e8efc4672453b892abbd1b95ef953~tplv-f042mdwyw7-original:tplv-resize:640:0.image?psm=motor.pc_sh.api,1,0,,,0,0,0,dongchedi_usedcar_series,2026-07-08T21:14:45+08:00
1139727f31cd6d6a4367aa73,1376,21,雪铁龙,雪铁龙C3-XR,https://p3-dcd.byteimg.com/motor-mis-img/a65b0e6e805e6985fe12ba2284e26221~tplv-f042mdwyw7-original:tplv-resize:640:0.image?psm=motor.pc_sh.api,1,0,,,0,0,0,dongchedi_usedcar_series,2026-07-08T21:14:45+08:00
a308c791868558adc652e6ca,1380,55,DS,DS 4,https://p9-dcd.byteimg.com/tos-cn-i-dcdx/4e6d6cdd6177489088fd8026e7adf938~tplv-f042mdwyw7-original:tplv-resize:640:0.image?psm=motor.pc_sh.api,1,0,,,0,0,0,dongchedi_usedcar_series,2026-07-08T21:14:45+08:00
a4e335007429c85f66a3612d,1381,55,DS,DS 5(进口),https://p9-dcd.byteimg.com/motor-mis-img/471a13364109c2c7e7fa83dfa341adbb~tplv-f042mdwyw7-original:tplv-resize:640:0.image?psm=motor.pc_sh.api,1,0,,,0,0,0,dongchedi_usedcar_series,2026-07-08T21:14:45+08:00
d7c2f58e2abc44cee52b1a69,1384,21,雪铁龙,雪铁龙C4 AIRCROSS(进口),https://p3-dcd.byteimg.com/motor-mis-img/f0cd04c7c2e80004e5797a8d0e33a6ba~tplv-f042mdwyw7-original:tplv-resize:640:0.image?psm=motor.pc_sh.api,1,0,,,0,0,0,dongchedi_usedcar_series,2026-07-08T21:14:45+08:00
a90ca48bf72a923befdd6afa,1385,21,雪铁龙,C4毕加索,https://p3-dcd.byteimg.com/motor-mis-img/f6a1978ab46f4b9707b70d49727bb202~tplv-f042mdwyw7-original:tplv-resize:640:0.image?psm=motor.pc_sh.api,1,0,,,0,0,0,dongchedi_usedcar_series,2026-07-08T21:14:45+08:00
4c9c37e24903be3114d95e9a,1386,55,DS,DS 5LS,https://p9-dcd.byteimg.com/motor-mis-img/37e9e82f08ad6bfa1265771e2425f301~tplv-f042mdwyw7-original:tplv-resize:640:0.image?psm=motor.pc_sh.api,1,0,,,0,0,0,dongchedi_usedcar_series,2026-07-08T21:14:45+08:00
020689fbce1ee6792bf9d8a2,1391,107,野马汽车,野马T70,https://p3-dcd.byteimg.com/motor-mis-img/6f39f3cd1cc33ac0c1994351d706808f~tplv-f042mdwyw7-original:tplv-resize:640:0.image?psm=motor.pc_sh.api,1,0,,,0,0,0,dongchedi_usedcar_series,2026-07-08T21:14:45+08:00
661b167604ef06baa02dab47,1393,107,野马汽车,野马T80,https://p3-dcd.byteimg.com/motor-mis-img/c9665ff5bcff739b8988d8dcbe8cb832~tplv-f042mdwyw7-original:tplv-resize:640:0.image?psm=motor.pc_sh.api,1,0,,,0,0,0,dongchedi_usedcar_series,2026-07-08T21:14:45+08:00
42c3f507d7f6b4f494907f88,1394,67,一汽,夏利,https://p9-dcd.byteimg.com/motor-mis-img/ced6d2bf66c2c7da2d8e657e76bcbe1c~tplv-f042mdwyw7-original:tplv-resize:640:0.image?psm=motor.pc_sh.api,1,0,,,0,0,0,dongchedi_usedcar_series,2026-07-08T21:14:45+08:00
217b683a0e17d6263775ba7d,1395,67,一汽,夏利N5,https://p9-dcd.byteimg.com/motor-mis-img/8854df312df4ba96d7c78a647799a702~tplv-f042mdwyw7-original:tplv-resize:640:0.image?psm=motor.pc_sh.api,1,0,,,0,0,0,dongchedi_usedcar_series,2026-07-08T21:14:45+08:00
3db6bcfcf96247d15fdf7f95,1396,67,一汽,威志V5,https://p9-dcd.byteimg.com/motor-mis-img/73ac14223f400ff2ee373655dbeba805~tplv-f042mdwyw7-original:tplv-resize:640:0.image?psm=motor.pc_sh.api,1,0,,,0,0,0,dongchedi_usedcar_series,2026-07-08T21:14:45+08:00
2bb5480c76d1a28f0fa551bd,1397,67,一汽,夏利N7,https://p9-dcd.byteimg.com/motor-mis-img/30e749202dfb8725dca90d75db4ac967~tplv-f042mdwyw7-original:tplv-resize:640:0.image?psm=motor.pc_sh.api,1,0,,,0,0,0,dongchedi_usedcar_series,2026-07-08T21:14:45+08:00
d6f733730f825129c98b24a8,1398,67,一汽,威姿,https://p9-dcd.byteimg.com/motor-mis-img/cd828e6a9174bb17f811e7afb8748f4f~tplv-f042mdwyw7-original:tplv-resize:640:0.image?psm=motor.pc_sh.api,1,0,,,0,0,0,dongchedi_usedcar_series,2026-07-08T21:14:45+08:00
69fa9bbd1989f4410b2d35ed,1399,67,一汽,威乐,https://p9-dcd.byteimg.com/motor-mis-img/e1856adb671d0511a924344a96e8fa45~tplv-f042mdwyw7-original:tplv-resize:640:0.image?psm=motor.pc_sh.api,1,0,,,0,0,0,dongchedi_usedcar_series,2026-07-08T21:14:45+08:00
f384392a44dbeb026498ee27,1402,67,一汽,骏派A70,https://p9-dcd.byteimg.com/motor-mis-img/9e353d590351ffca8ad9c68089ed8d76~tplv-f042mdwyw7-original:tplv-resize:640:0.image?psm=motor.pc_sh.api,1,0,,,0,0,0,dongchedi_usedcar_series,2026-07-08T21:14:45+08:00
28e74358bd052e3c82677df0,1403,67,一汽,骏派D60,https://p9-dcd.byteimg.com/motor-mis-img/c65c3253af92b4d5df9834db32ce2cd8~tplv-f042mdwyw7-original:tplv-resize:640:0.image?psm=motor.pc_sh.api,1,0,,,0,0,0,dongchedi_usedcar_series,2026-07-08T21:14:45+08:00
8abbc57b8a3b8ff9c76216fd,1405,67,一汽,森雅S80,https://p9-dcd.byteimg.com/motor-mis-img/9fcc55947416139011ed0f8b8c421911~tplv-f042mdwyw7-original:tplv-resize:640:0.image?psm=motor.pc_sh.api,1,0,,,0,0,0,dongchedi_usedcar_series,2026-07-08T21:14:45+08:00
36341d32a3d09f1a1cf13165,1406,67,一汽,森雅R7,https://p9-dcd.byteimg.com/motor-mis-img/aecc527761d81e6b35253fef9d34ec02~tplv-f042mdwyw7-original:tplv-resize:640:0.image?psm=motor.pc_sh.api,1,0,,,0,0,0,dongchedi_usedcar_series,2026-07-08T21:14:45+08:00
3f17e79c1d45c8970a695e6e,1418,90,依维柯,依维柯得意,https://p3-dcd.byteimg.com/motor-mis-img/25d7dd0b2bb09dcb4cc99df8f4053a30~tplv-f042mdwyw7-original:tplv-resize:640:0.image?psm=motor.pc_sh.api,1,0,,,0,0,0,dongchedi_usedcar_series,2026-07-08T21:14:45+08:00
595e922a4d8ccdc7d0b2f543,1419,90,依维柯,依维柯褒迪,https://p3-dcd.byteimg.com/motor-mis-img/879782939de8147197f96bdeab21094d~tplv-f042mdwyw7-original:tplv-resize:640:0.image?psm=motor.pc_sh.api,1,0,,,0,0,0,dongchedi_usedcar_series,2026-07-08T21:14:45+08:00
ea1306ee122f90f557a8fcac,1420,90,依维柯,依维柯Ouba,https://p3-dcd.byteimg.com/motor-mis-img/5528fbcaa61c9984b239566a7d71e8f0~tplv-f042mdwyw7-original:tplv-resize:640:0.image?psm=motor.pc_sh.api,1,0,,,0,0,0,dongchedi_usedcar_series,2026-07-08T21:14:45+08:00
4955d23b0ebcd2672d069a83,1422,29,英菲尼迪,英菲尼迪Q50L,https://p3-dcd.byteimg.com/tos-cn-i-dcdx/4a825a6a359e4fc48aeb586f0c87cd50~tplv-f042mdwyw7-original:tplv-resize:640:0.image?psm=motor.pc_sh.api,1,0,,,0,0,0,dongchedi_usedcar_series,2026-07-08T21:14:45+08:00
7e27b781cd6c7ebd24b6812f,1423,29,英菲尼迪,英菲尼迪QX50,https://p9-dcd.byteimg.com/tos-cn-i-dcdx/7144d5910bc846beacb0dccd70b0e9b3~tplv-resize:640:0.png?psm=motor.rank.data,3,161,销量榜,53,3,37,40,dongchedi_ranking|dongchedi_usedcar_series,2026-07-08T21:14:45+08:00
f1a0bac5f5917bf3291e1f21,1424,29,英菲尼迪,英菲尼迪G系,https://p3-dcd.byteimg.com/motor-mis-img/accdb7adc5485c9790bfc190e6612273~tplv-f042mdwyw7-original:tplv-resize:640:0.image?psm=motor.pc_sh.api,1,0,,,0,0,0,dongchedi_usedcar_series,2026-07-08T21:14:45+08:00
f3366a072db88bf92eff0cdc,1425,29,英菲尼迪,英菲尼迪M系,https://p3-dcd.byteimg.com/motor-mis-img/a8f4cf8bc357e0114f4584c16838ddcd~tplv-f042mdwyw7-original:tplv-resize:640:0.image?psm=motor.pc_sh.api,1,0,,,0,0,0,dongchedi_usedcar_series,2026-07-08T21:14:45+08:00
62e0e76f97c6193eda970cfd,1426,29,英菲尼迪,英菲尼迪Q50,https://p3-dcd.byteimg.com/motor-mis-img/f8835d900c9942d2a4f8435a81d4031b~tplv-f042mdwyw7-original:tplv-resize:640:0.image?psm=motor.pc_sh.api,1,0,,,0,0,0,dongchedi_usedcar_series,2026-07-08T21:14:45+08:00
46a7b15e16fbded4caa31cfa,1427,29,英菲尼迪,英菲尼迪Q70,https://p3-dcd.byteimg.com/motor-mis-img/73bcbf7aedbc643ddd647868c5177de9~tplv-f042mdwyw7-original:tplv-resize:640:0.image?psm=motor.pc_sh.api,1,0,,,0,0,0,dongchedi_usedcar_series,2026-07-08T21:14:45+08:00
5cde818ca1bd871f9cd6a34d,1428,29,英菲尼迪,英菲尼迪ESQ,https://p3-dcd.byteimg.com/motor-mis-img/b4dafa68991698fb1a09d70fb5db0c68~tplv-f042mdwyw7-original:tplv-resize:640:0.image?psm=motor.pc_sh.api,1,0,,,0,0,0,dongchedi_usedcar_series,2026-07-08T21:14:45+08:00
eec5a2a491d8331bd0047d54,1429,29,英菲尼迪,英菲尼迪EX,https://p3-dcd.byteimg.com/motor-mis-img/baf8a13686df3d2a6b83e1f5a4daf92d~tplv-f042mdwyw7-original:tplv-resize:640:0.image?psm=motor.pc_sh.api,1,0,,,0,0,0,dongchedi_usedcar_series,2026-07-08T21:14:45+08:00
0d9f6f01ef765cfb0fc17b2a,1430,29,英菲尼迪,英菲尼迪FX,https://p3-dcd.byteimg.com/motor-mis-img/0a0538c20b7d0604f256d9761bd850a3~tplv-f042mdwyw7-original:tplv-resize:640:0.image?psm=motor.pc_sh.api,1,0,,,0,0,0,dongchedi_usedcar_series,2026-07-08T21:14:45+08:00
0ee6580d307dd376089af51d,1431,29,英菲尼迪,英菲尼迪JX,https://p3-dcd.byteimg.com/motor-mis-img/d675dae2eb22e8199d99b801c58b5338~tplv-f042mdwyw7-original:tplv-resize:640:0.image?psm=motor.pc_sh.api,1,0,,,0,0,0,dongchedi_usedcar_series,2026-07-08T21:14:45+08:00
942a375ddb88e2ad4487ade8,1432,29,英菲尼迪,英菲尼迪QX,https://p3-dcd.byteimg.com/motor-mis-img/2faec60b411562ee28af8641f9c0bd78~tplv-f042mdwyw7-original:tplv-resize:640:0.image?psm=motor.pc_sh.api,1,0,,,0,0,0,dongchedi_usedcar_series,2026-07-08T21:14:45+08:00
e96399380c97883e90c8174b,1433,29,英菲尼迪,英菲尼迪QX30,https://p3-dcd.byteimg.com/motor-mis-img/2ae2b255ba0c4c2f32e47913399c1a67~tplv-f042mdwyw7-original:tplv-resize:640:0.image?psm=motor.pc_sh.api,1,0,,,0,0,0,dongchedi_usedcar_series,2026-07-08T21:14:45+08:00
d7ee8ff1987f69676eceae8a,1434,29,英菲尼迪,英菲尼迪QX50(进口),https://p3-dcd.byteimg.com/motor-mis-img/f67750ca2b8a45dbef70f6ea57248edd~tplv-f042mdwyw7-original:tplv-resize:640:0.image?psm=motor.pc_sh.api,1,0,,,0,0,0,dongchedi_usedcar_series,2026-07-08T21:14:45+08:00
90fc29122b4ecb65b8f9f57a,1435,29,英菲尼迪,英菲尼迪QX60(进口）,https://p3-dcd.byteimg.com/motor-mis-img/ff7729b2f6e4002e81a4c8470418a7af~tplv-f042mdwyw7-original:tplv-resize:640:0.image?psm=motor.pc_sh.api,1,0,,,0,0,0,dongchedi_usedcar_series,2026-07-08T21:14:45+08:00
d35c6f846111f892f1cbf554,1436,29,英菲尼迪,英菲尼迪QX70,https://p3-dcd.byteimg.com/motor-mis-img/f4bde7fae379f6805af2e9629eb279a0~tplv-f042mdwyw7-original:tplv-resize:640:0.image?psm=motor.pc_sh.api,1,0,,,0,0,0,dongchedi_usedcar_series,2026-07-08T21:14:45+08:00
b06b80b8f5903d505d9f053f,1437,29,英菲尼迪,英菲尼迪QX80,https://p3-dcd.byteimg.com/tos-cn-i-dcdx/8577c09ddd5449ff8adec570e11134be~tplv-f042mdwyw7-original:tplv-resize:640:0.image?psm=motor.pc_sh.api,1,0,,,0,0,0,dongchedi_usedcar_series,2026-07-08T21:14:45+08:00
90fea3f4e3409b387c54f488,1438,29,英菲尼迪,英菲尼迪Q60,https://p3-dcd.byteimg.com/motor-mis-img/4545e5c007b459f0ab7d68bf10fb60b0~tplv-f042mdwyw7-original:tplv-resize:640:0.image?psm=motor.pc_sh.api,1,0,,,0,0,0,dongchedi_usedcar_series,2026-07-08T21:14:45+08:00
deba6bf996d8d6f2a66c62cb,1443,167,驭胜,驭胜S330,https://p3-dcd.byteimg.com/motor-mis-img/c5fbb4a2b77ee1d0f2f7d9e6dd5463d0~tplv-f042mdwyw7-original:tplv-resize:640:0.image?psm=motor.pc_sh.api,1,0,,,0,0,0,dongchedi_usedcar_series,2026-07-08T21:14:45+08:00
82010551a6451594591c8e5f,1444,167,驭胜,驭胜S350,https://p3-dcd.byteimg.com/motor-mis-img/3a04b2948e1f0276c0647026dc937474~tplv-f042mdwyw7-original:tplv-resize:640:0.image?psm=motor.pc_sh.api,1,0,,,0,0,0,dongchedi_usedcar_series,2026-07-08T21:14:45+08:00
fc2d5e54e10c408dd6ed970b,1445,35,长安,奔奔MINI,https://p9-dcd.byteimg.com/motor-mis-img/b145282385ff4f51c0d7f0f7c646419d~tplv-f042mdwyw7-original:tplv-resize:640:0.image?psm=motor.pc_sh.api,1,0,,,0,0,0,dongchedi_usedcar_series,2026-07-08T21:14:45+08:00
14d9c6cb28a4a49af85273cb,1446,35,长安,奔奔,https://p9-dcd.byteimg.com/motor-mis-img/a670361f1fee0d24659341431ad4655d~tplv-f042mdwyw7-original:tplv-resize:640:0.image?psm=motor.pc_sh.api,1,0,,,0,0,0,dongchedi_usedcar_series,2026-07-08T21:14:45+08:00
71b044734affd9fa5ab9833f,1450,35,长安,长安CX20,https://p9-dcd.byteimg.com/motor-mis-img/8dd4e2b6ad65a3de91cabd3e1ef03b1f~tplv-f042mdwyw7-original:tplv-resize:640:0.image?psm=motor.pc_sh.api,1,0,,,0,0,0,dongchedi_usedcar_series,2026-07-08T21:14:45+08:00
a738d83d954f62a059a0ed08,1451,35,长安,悦翔V3,https://p9-dcd.byteimg.com/motor-mis-img/f669c0d734812c026daebbbb823b66bc~tplv-f042mdwyw7-original:tplv-resize:640:0.image?psm=motor.pc_sh.api,1,0,,,0,0,0,dongchedi_usedcar_series,2026-07-08T21:14:45+08:00
2c0bfe6f202d5cd622c38918,1452,35,长安,悦翔V5,https://p9-dcd.byteimg.com/motor-mis-img/51c82373af751f42c5482634c5ab3c81~tplv-f042mdwyw7-original:tplv-resize:640:0.image?psm=motor.pc_sh.api,1,0,,,0,0,0,dongchedi_usedcar_series,2026-07-08T21:14:45+08:00
a0e60d7be753f2a4b0a449f7,1453,35,长安,悦翔V7,https://p9-dcd.byteimg.com/motor-mis-img/a23d0744b972932b018b5f5e48f448c6~tplv-f042mdwyw7-original:tplv-resize:640:0.image?psm=motor.pc_sh.api,1,0,,,0,0,0,dongchedi_usedcar_series,2026-07-08T21:14:45+08:00
fb5b62a5e0c3be06436118be,1454,35,长安,悦翔,https://p9-dcd.byteimg.com/motor-mis-img/22f852bbe8a475779133939bf47a43b4~tplv-f042mdwyw7-original:tplv-resize:640:0.image?psm=motor.pc_sh.api,1,0,,,0,0,0,dongchedi_usedcar_series,2026-07-08T21:14:45+08:00
ddfa16f618193e55680cc89a,1455,35,长安,逸动,https://p9-dcd.byteimg.com/tos-cn-i-dcdx/e0d9676066014f75a9f63c3a74d969ef~tplv-resize:640:0.png?psm=motor.rank.data,3,161,销量榜,8,15,101,116,dongchedi_ranking|dongchedi_usedcar_series,2026-07-08T21:14:45+08:00
ec241068574125d6a7e8e47a,1456,35,长安,逸动EV,https://p9-dcd.byteimg.com/tos-cn-i-dcdx/d7cb99338fc54329b5902e25b6d44c17~tplv-resize:640:0.png?psm=motor.rank.data,3,36,销量榜,158,2,21,23,dongchedi_ranking|dongchedi_usedcar_series,2026-07-08T21:14:45+08:00
155ebe512616e42189477f2d,1459,35,长安,睿骋,https://p9-dcd.byteimg.com/motor-mis-img/7d634f61023d58928bf573635ea3af09~tplv-f042mdwyw7-original:tplv-resize:640:0.image?psm=motor.pc_sh.api,1,0,,,0,0,0,dongchedi_usedcar_series,2026-07-08T21:14:45+08:00
2c28d5760cf232a6a9c23865,1460,35,长安,长安CS15,https://p9-dcd.byteimg.com/motor-mis-img/3286bf0263e5734ce7ccc0c763630315~tplv-f042mdwyw7-original:tplv-resize:640:0.image?psm=motor.pc_sh.api,1,0,,,0,0,0,dongchedi_usedcar_series,2026-07-08T21:14:45+08:00
3379dfae964be10e1cc7a38a,1461,35,长安,长安CS35,https://p9-dcd.byteimg.com/tos-cn-i-dcdx/2c8314b2bd0f44cdb2217d85b700ee9c~tplv-f042mdwyw7-original:tplv-resize:640:0.image?psm=motor.pc_sh.api,1,0,,,0,0,0,dongchedi_usedcar_series,2026-07-08T21:14:45+08:00
248399e7ae99776ddf34cb1f,1462,35,长安,长安CS75,https://p9-dcd.byteimg.com/tos-cn-i-dcdx/1148f46e91404a85b8f26369de890e0e~tplv-f042mdwyw7-original:tplv-resize:640:0.image?psm=motor.pc_sh.api,1,0,,,0,0,0,dongchedi_usedcar_series,2026-07-08T21:14:45+08:00
48e7a134cc325a404fb446c9,1463,35,长安,长安CS95,https://p9-dcd.byteimg.com/tos-cn-i-dcdx/c8c2f3936912439c9a470b5aaa1ee7e1~tplv-resize:640:0.png?psm=motor.rank.data,3,21,销量榜,178,3,19,22,dongchedi_ranking|dongchedi_usedcar_series,2026-07-08T21:14:45+08:00
3a947c4ebc3b05e120ba6911,1464,35,长安,凌轩,https://p9-dcd.byteimg.com/motor-mis-img/08e40f49c2455dbbd39ad15d6981e8e9~tplv-f042mdwyw7-original:tplv-resize:640:0.image?psm=motor.pc_sh.api,1,0,,,0,0,0,dongchedi_usedcar_series,2026-07-08T21:14:45+08:00
e3ce3500657a333a05f51e47,1469,210,长安跨越,长安V3,https://p3-dcd.byteimg.com/motor-mis-img/625417990aba11b02bf3a6ccec82c9fd~tplv-f042mdwyw7-original:tplv-resize:640:0.image?psm=motor.pc_sh.api,1,0,,,0,0,0,dongchedi_usedcar_series,2026-07-08T21:14:45+08:00
928db8030077334e399ac6e6,1470,119,长安欧尚,欧力威,https://p3-dcd.byteimg.com/motor-mis-img/2667985df0c07199bebf5726530cab3c~tplv-f042mdwyw7-original:tplv-resize:640:0.image?psm=motor.pc_sh.api,1,0,,,0,0,0,dongchedi_usedcar_series,2026-07-08T21:14:45+08:00
cca518a27bf66d2df2d881fe,1471,119,长安欧尚,长安欧尚CX70,https://p3-dcd.byteimg.com/motor-mis-img/ee246cb8f27c70a0ed27ecc40cca76ba~tplv-f042mdwyw7-original:tplv-resize:640:0.image?psm=motor.pc_sh.api,1,0,,,0,0,0,dongchedi_usedcar_series,2026-07-08T21:14:45+08:00
8b176ebb419e8dacb5a975a7,1472,171,长安凯程,长安欧尚A600,https://p9-dcd.byteimg.com/motor-mis-img/f70208c4167ed8dc07c47aa6aca85ee0~tplv-f042mdwyw7-original:tplv-resize:640:0.image?psm=motor.pc_sh.api,1,0,,,0,0,0,dongchedi_usedcar_series,2026-07-08T21:14:45+08:00
e99b2794f1afcb0adb27fc05,1474,171,长安凯程,金牛星,https://p9-dcd.byteimg.com/motor-mis-img/5d4e3eb116061de7714052cd1b89a590~tplv-f042mdwyw7-original:tplv-resize:640:0.image?psm=motor.pc_sh.api,1,0,,,0,0,0,dongchedi_usedcar_series,2026-07-08T21:14:45+08:00
2fa7eb7017dce4f779b85a57,1475,171,长安凯程,欧诺S,https://p9-dcd.byteimg.com/tos-cn-i-dcdx/4bf5bc010a754e178c69005f1a95ce0c~tplv-resize:640:0.png?psm=motor.rank.data,3,136,销量榜,44,1,41,42,dongchedi_ranking|dongchedi_usedcar_series,2026-07-08T21:14:45+08:00
e5646091233b82f7075b05d5,1476,171,长安凯程,长安之星,https://p9-dcd.byteimg.com/motor-mis-img/050db341bc0730f64dd3d62fa6a5728d~tplv-f042mdwyw7-original:tplv-resize:640:0.image?psm=motor.pc_sh.api,1,0,,,0,0,0,dongchedi_usedcar_series,2026-07-08T21:14:45+08:00
e0154ebe08cdc5fecef943be,1477,171,长安凯程,长安之星2,https://p9-dcd.byteimg.com/motor-mis-img/ffb747cf5cc080062db6cfd1ffcc2a05~tplv-f042mdwyw7-original:tplv-resize:640:0.image?psm=motor.pc_sh.api,1,0,,,0,0,0,dongchedi_usedcar_series,2026-07-08T21:14:45+08:00
8114b7c49a39886beeabf063,1479,171,长安凯程,长安之星3,https://p9-dcd.byteimg.com/motor-mis-img/438be53fc3c7b71387c0b6a3af1eb62f~tplv-f042mdwyw7-original:tplv-resize:640:0.image?psm=motor.pc_sh.api,1,0,,,0,0,0,dongchedi_usedcar_series,2026-07-08T21:14:45+08:00
5f062878d870b150326c6018,1480,171,长安凯程,长安之星9,https://p9-dcd.byteimg.com/motor-mis-img/88a55c20c7b0685589d349dabebaf55e~tplv-f042mdwyw7-original:tplv-resize:640:0.image?psm=motor.pc_sh.api,1,0,,,0,0,0,dongchedi_usedcar_series,2026-07-08T21:14:45+08:00
4571f1f1943a582b69d71952,1481,171,长安凯程,睿行S50,https://p9-dcd.byteimg.com/motor-mis-img/b8decd8cc93ac5bf41acb45ac0746a11~tplv-f042mdwyw7-original:tplv-resize:640:0.image?psm=motor.pc_sh.api,1,0,,,0,0,0,dongchedi_usedcar_series,2026-07-08T21:14:45+08:00
c0bf1a99ac84dd53d8ceebb3,1483,171,长安凯程,神骐F30,https://p9-dcd.byteimg.com/motor-mis-img/9e1d8e5d372e2de4aff83f820bd7bc9f~tplv-f042mdwyw7-original:tplv-resize:640:0.image?psm=motor.pc_sh.api,1,0,,,0,0,0,dongchedi_usedcar_series,2026-07-08T21:14:45+08:00
87165abbd2683aa05b23c179,1486,171,长安凯程,睿行M80,https://p9-dcd.byteimg.com/motor-mis-img/32e015f56e22509bf4a51271887d02fd~tplv-f042mdwyw7-original:tplv-resize:640:0.image?psm=motor.pc_sh.api,1,0,,,0,0,0,dongchedi_usedcar_series,2026-07-08T21:14:45+08:00
5b7edb70e1b94fd1b4f1bc37,1487,171,长安凯程,睿行M90,https://p9-dcd.byteimg.com/motor-mis-img/411c5cd5881d8d50ba122331b8996e48~tplv-f042mdwyw7-original:tplv-resize:640:0.image?psm=motor.pc_sh.api,1,0,,,0,0,0,dongchedi_usedcar_series,2026-07-08T21:14:45+08:00
67fb73e4d30c4c49c35f6deb,1488,171,长安凯程,睿行M70,https://p9-dcd.byteimg.com/motor-mis-img/47add37580b4fb5fe36cd7b7cee51cb3~tplv-f042mdwyw7-original:tplv-resize:640:0.image?psm=motor.pc_sh.api,1,0,,,0,0,0,dongchedi_usedcar_series,2026-07-08T21:14:45+08:00
fc1657fc1943a41d6d511d53,1491,8,长城,酷熊,https://p3-dcd.byteimg.com/motor-mis-img/50c24be18c422de6cd7152ce794f5d95~tplv-f042mdwyw7-original:tplv-resize:640:0.image?psm=motor.pc_sh.api,1,0,,,0,0,0,dongchedi_usedcar_series,2026-07-08T21:14:45+08:00
c9beae23ea3825859430f6c8,1493,8,长城,长城M2,https://p3-dcd.byteimg.com/motor-mis-img/cec0e5e0cd3410f37b1419d4b87f7d72~tplv-f042mdwyw7-original:tplv-resize:640:0.image?psm=motor.pc_sh.api,1,0,,,0,0,0,dongchedi_usedcar_series,2026-07-08T21:14:45+08:00
81796d75ebfb126ae840b96d,1496,8,长城,长城M4,https://p3-dcd.byteimg.com/motor-mis-img/e53118eaad31f4087fb3d715fc5af153~tplv-f042mdwyw7-original:tplv-resize:640:0.image?psm=motor.pc_sh.api,1,0,,,0,0,0,dongchedi_usedcar_series,2026-07-08T21:14:45+08:00
05df6971c8e253d33a0d44c1,1499,8,长城,长城V80,https://p3-dcd.byteimg.com/motor-mis-img/6cff63c5197c0e0dca479fa747873e72~tplv-f042mdwyw7-original:tplv-resize:640:0.image?psm=motor.pc_sh.api,1,0,,,0,0,0,dongchedi_usedcar_series,2026-07-08T21:14:45+08:00
5058ced5dc0f28c16833e743,1500,8,长城,长城C30,https://p3-dcd.byteimg.com/motor-mis-img/5b150943cacfbcf957c3fa04ea96891c~tplv-f042mdwyw7-original:tplv-resize:640:0.image?psm=motor.pc_sh.api,1,0,,,0,0,0,dongchedi_usedcar_series,2026-07-08T21:14:45+08:00
8538ede34911571a62ade3c2,1501,8,长城,长城C50,https://p3-dcd.byteimg.com/motor-mis-img/d2ab76cd8d914975919a4e8ff88a48f5~tplv-f042mdwyw7-original:tplv-resize:640:0.image?psm=motor.pc_sh.api,1,0,,,0,0,0,dongchedi_usedcar_series,2026-07-08T21:14:45+08:00
313d0aa28963f5f1e48e9200,1503,8,长城,风骏5,https://p3-dcd.byteimg.com/motor-mis-img/c691980071b00c90ce6810d94a5a3ad2~tplv-f042mdwyw7-original:tplv-resize:640:0.image?psm=motor.pc_sh.api,1,0,,,0,0,0,dongchedi_usedcar_series,2026-07-08T21:14:45+08:00
e2da993157397f06d2288b79,1504,8,长城,风骏6,https://p3-dcd.byteimg.com/motor-mis-img/5086b2dd3cf657682bfcf86cd836bf53~tplv-f042mdwyw7-original:tplv-resize:640:0.image?psm=motor.pc_sh.api,1,0,,,0,0,0,dongchedi_usedcar_series,2026-07-08T21:14:45+08:00
6c95651c9b4705e7a3d478d5,1506,170,之诺,之诺60H,https://p9-dcd.byteimg.com/motor-mis-img/f3e148c93a2d07838eb22627bacee7b2~tplv-f042mdwyw7-original:tplv-resize:640:0.image?psm=motor.pc_sh.api,1,0,,,0,0,0,dongchedi_usedcar_series,2026-07-08T21:14:45+08:00
dabe7b0d9c93b75f43d36236,1509,168,知豆,知豆D2,https://p3-dcd.byteimg.com/motor-mis-img/134ac333100372a2e33ebab247986eb3~tplv-f042mdwyw7-original:tplv-resize:640:0.image?psm=motor.pc_sh.api,1,0,,,0,0,0,dongchedi_usedcar_series,2026-07-08T21:14:45+08:00
b272609c94eb709f90abdd9d,1515,28,中华,中华H330,https://p3-dcd.byteimg.com/motor-mis-img/9662324deca912a7b8862ad37a076756~tplv-f042mdwyw7-original:tplv-resize:640:0.image?psm=motor.pc_sh.api,1,0,,,0,0,0,dongchedi_usedcar_series,2026-07-08T21:14:45+08:00
aea180ef2c9178e309ea4ede,1516,28,中华,中华H530,https://p3-dcd.byteimg.com/motor-mis-img/21e9ab41ead59d0f7f434cf337edea7c~tplv-f042mdwyw7-original:tplv-resize:640:0.image?psm=motor.pc_sh.api,1,0,,,0,0,0,dongchedi_usedcar_series,2026-07-08T21:14:45+08:00
d9670273a8b35f3523864377,1517,28,中华,中华H3,https://p3-dcd.byteimg.com/motor-mis-img/d72c58a86a2d8ac58707340882d39a65~tplv-f042mdwyw7-original:tplv-resize:640:0.image?psm=motor.pc_sh.api,1,0,,,0,0,0,dongchedi_usedcar_series,2026-07-08T21:14:45+08:00
0e4db952c0f88f9384d3a470,1518,28,中华,中华骏捷FRV,https://p3-dcd.byteimg.com/motor-mis-img/cc2618cc88b7883a279959479654957f~tplv-f042mdwyw7-original:tplv-resize:640:0.image?psm=motor.pc_sh.api,1,0,,,0,0,0,dongchedi_usedcar_series,2026-07-08T21:14:45+08:00
a373a86303cc29b0622ca6a1,1523,28,中华,中华V3,https://p3-dcd.byteimg.com/motor-mis-img/b804e48e0341f5dc0c255c0b58902ce5~tplv-f042mdwyw7-original:tplv-resize:640:0.image?psm=motor.pc_sh.api,1,0,,,0,0,0,dongchedi_usedcar_series,2026-07-08T21:14:45+08:00
b7ee89325d0386b70d7becce,1524,28,中华,中华V5,https://p3-dcd.byteimg.com/motor-mis-img/17472056467f6df9d031b47f0c6d56ec~tplv-f042mdwyw7-original:tplv-resize:640:0.image?psm=motor.pc_sh.api,1,0,,,0,0,0,dongchedi_usedcar_series,2026-07-08T21:14:45+08:00
d22a3f1e66e8a386e2a63a6a,1525,28,中华,中华酷宝,https://p3-dcd.byteimg.com/motor-mis-img/5194eab3b76e081fa5745805071e72cb~tplv-f042mdwyw7-original:tplv-resize:640:0.image?psm=motor.pc_sh.api,1,0,,,0,0,0,dongchedi_usedcar_series,2026-07-08T21:14:45+08:00
2a2fb27a9d3645237e238c9c,1527,169,中兴,中兴GX3,https://p3-dcd.byteimg.com/motor-mis-img/e90f030cbd305f6d27a4b0edb4709bf2~tplv-f042mdwyw7-original:tplv-resize:640:0.image?psm=motor.pc_sh.api,1,0,,,0,0,0,dongchedi_usedcar_series,2026-07-08T21:14:45+08:00
85913d7e2b01cc0aa8b6cdc8,1531,169,中兴,威虎,https://p3-dcd.byteimg.com/motor-mis-img/1b67abfac87faab6c01a7f8c06e6db8a~tplv-f042mdwyw7-original:tplv-resize:640:0.image?psm=motor.pc_sh.api,1,0,,,0,0,0,dongchedi_usedcar_series,2026-07-08T21:14:45+08:00
ef67cb6c813b169ab9177273,1533,169,中兴,小老虎,https://p3-dcd.byteimg.com/motor-mis-img/cb4cf7fbbe5444c8b8a215a1226e5170~tplv-f042mdwyw7-original:tplv-resize:640:0.image?psm=motor.pc_sh.api,1,0,,,0,0,0,dongchedi_usedcar_series,2026-07-08T21:14:45+08:00
cd80d2988f59f21bcf64a9aa,1534,169,中兴,大领主,https://p3-dcd.byteimg.com/motor-mis-img/7fa69fdb21396206f54c653c2a7fe3de~tplv-f042mdwyw7-original:tplv-resize:640:0.image?psm=motor.pc_sh.api,1,0,,,0,0,0,dongchedi_usedcar_series,2026-07-08T21:14:45+08:00
deefade8d68b591343aea669,1543,64,众泰,众泰Z300,https://p9-dcd.byteimg.com/motor-mis-img/8301ba7f6f8dcb2bb7d4be938cd1b39c~tplv-f042mdwyw7-original:tplv-resize:640:0.image?psm=motor.pc_sh.api,1,0,,,0,0,0,dongchedi_usedcar_series,2026-07-08T21:14:45+08:00
bb292ca90c0dbfa91a8e3f8b,1545,64,众泰,众泰Z500,https://p9-dcd.byteimg.com/motor-mis-img/78ed7fc89772409cbd0050d0ab76f531~tplv-f042mdwyw7-original:tplv-resize:640:0.image?psm=motor.pc_sh.api,1,0,,,0,0,0,dongchedi_usedcar_series,2026-07-08T21:14:45+08:00
07a5957fa0fe1550ba344253,1546,64,众泰,众泰Z560,https://p9-dcd.byteimg.com/motor-mis-img/05076b402590882eebda01642ce812de~tplv-f042mdwyw7-original:tplv-resize:640:0.image?psm=motor.pc_sh.api,1,0,,,0,0,0,dongchedi_usedcar_series,2026-07-08T21:14:45+08:00
1f4dc317acb13c3f6469b4e9,1548,64,众泰,众泰Z700,https://p9-dcd.byteimg.com/motor-mis-img/0389d53c0b60dfaa4671a0a7d30204a7~tplv-f042mdwyw7-original:tplv-resize:640:0.image?psm=motor.pc_sh.api,1,0,,,0,0,0,dongchedi_usedcar_series,2026-07-08T21:14:45+08:00
fec2d47790af120f026c5e26,1552,64,众泰,众泰T600,https://p9-dcd.byteimg.com/motor-mis-img/2c29340cd9eba974e2eee5d36fc9d5a1~tplv-f042mdwyw7-original:tplv-resize:640:0.image?psm=motor.pc_sh.api,1,0,,,0,0,0,dongchedi_usedcar_series,2026-07-08T21:14:45+08:00
bc9a8510206a5b89aebd02c5,1553,64,众泰,众泰SR7,https://p9-dcd.byteimg.com/motor-mis-img/ea0ed4d337de4211eb6154de76935ec4~tplv-f042mdwyw7-original:tplv-resize:640:0.image?psm=motor.pc_sh.api,1,0,,,0,0,0,dongchedi_usedcar_series,2026-07-08T21:14:45+08:00
f2b4f218cf642b85e319fb67,1554,64,众泰,众泰SR9,https://p9-dcd.byteimg.com/motor-mis-img/14b5c0244d37538a84aa20287cd25343~tplv-f042mdwyw7-original:tplv-resize:640:0.image?psm=motor.pc_sh.api,1,0,,,0,0,0,dongchedi_usedcar_series,2026-07-08T21:14:45+08:00
4306a87b1e01fa0f457befc7,1555,64,众泰,大迈X5,https://p9-dcd.byteimg.com/motor-mis-img/eec398af4a01566bc58193de6678a7be~tplv-f042mdwyw7-original:tplv-resize:640:0.image?psm=motor.pc_sh.api,1,0,,,0,0,0,dongchedi_usedcar_series,2026-07-08T21:14:45+08:00
b8241666336757c46e9dd473,1556,64,众泰,大迈X7,https://p9-dcd.byteimg.com/motor-mis-img/17ed9eecb0eb856913cb006f50dc2809~tplv-f042mdwyw7-original:tplv-resize:640:0.image?psm=motor.pc_sh.api,1,0,,,0,0,0,dongchedi_usedcar_series,2026-07-08T21:14:45+08:00
9b210267002bb3f4d352a502,1559,64,众泰,众泰T700,https://p9-dcd.byteimg.com/motor-mis-img/ec16436c6478ea3b53e13fd1c82efbae~tplv-f042mdwyw7-original:tplv-resize:640:0.image?psm=motor.pc_sh.api,1,0,,,0,0,0,dongchedi_usedcar_series,2026-07-08T21:14:45+08:00
5901cc608f381843ea99a871,1562,50,铃木,骁途,https://p3-dcd.byteimg.com/motor-mis-img/08a9f194408989a5b6d12abbe19b12ab~tplv-f042mdwyw7-original:tplv-resize:640:0.image?psm=motor.pc_sh.api,1,0,,,0,0,0,dongchedi_usedcar_series,2026-07-08T21:14:45+08:00
b2a17701a833aa9bda98680a,1563,63,特斯拉,Model 3(进口),https://p3-dcd.byteimg.com/motor-mis-img/90d6df5c9b14fd012251ad38300655a4~tplv-f042mdwyw7-original:tplv-resize:640:0.image?psm=motor.pc_sh.api,1,0,,,0,0,0,dongchedi_usedcar_series,2026-07-08T21:14:45+08:00
e5293a004b3de72b11585d01,1565,366,宝骏,宝骏310W,https://p9-dcd.byteimg.com/motor-mis-img/b42d7693e8053b93f19f6a3e93fe2b4f~tplv-f042mdwyw7-original:tplv-resize:640:0.image?psm=motor.pc_sh.api,1,0,,,0,0,0,dongchedi_usedcar_series,2026-07-08T21:14:45+08:00
000faf8274d71d1dae88def4,1566,119,长安欧尚,长安欧尚A800,https://p3-dcd.byteimg.com/motor-mis-img/323b69ccdd3a1af2730736e85f9a9cd2~tplv-f042mdwyw7-original:tplv-resize:640:0.image?psm=motor.pc_sh.api,1,0,,,0,0,0,dongchedi_usedcar_series,2026-07-08T21:14:45+08:00
b66abbed135825baaef56e3e,1577,64,众泰,众泰T600 Coupe,https://p9-dcd.byteimg.com/motor-mis-img/ea7b8780aed95d190cce99b2a4cc8379~tplv-f042mdwyw7-original:tplv-resize:640:0.image?psm=motor.pc_sh.api,1,0,,,0,0,0,dongchedi_usedcar_series,2026-07-08T21:14:45+08:00
45cdc79be8aa81c0f203f245,1578,108,大通,大通EG10,https://p3-dcd.byteimg.com/motor-mis-img/93130855c07417fb61d44713d64bc6a0~tplv-f042mdwyw7-original:tplv-resize:640:0.image?psm=motor.pc_sh.api,1,0,,,0,0,0,dongchedi_usedcar_series,2026-07-08T21:14:45+08:00
e844f5146b030d43ec050408,1579,10,日产,劲客,https://p9-dcd.byteimg.com/motor-mis-img/504fb3220f62bbc899bbe7bdbdb15d0a~tplv-resize:640:0.png?psm=motor.rank.data,3,32,销量榜,136,3,21,24,dongchedi_ranking|dongchedi_usedcar_series,2026-07-08T21:14:45+08:00
cb62c1add88670aad388e4aa,1580,145,Lorinser,Lorinser VS系列,https://p9-dcd.byteimg.com/tos-cn-i-dcdx/a443c55f534946dc8b9aa4809c2e8433~tplv-f042mdwyw7-original:tplv-resize:640:0.image?psm=motor.pc_sh.api,1,0,,,0,0,0,dongchedi_usedcar_series,2026-07-08T21:14:45+08:00
7cf57cb16ca3b7339d067177,1581,137,卡升,卡升T6,https://p3-dcd.byteimg.com/motor-mis-img/56b113c0fa2059b2f4cca87b49cb93d7~tplv-f042mdwyw7-original:tplv-resize:640:0.image?psm=motor.pc_sh.api,1,0,,,0,0,0,dongchedi_usedcar_series,2026-07-08T21:14:45+08:00
99c84876648bd2d420957b8c,1584,40,广汽传祺,传祺GS4 PHEV,https://p3-dcd.byteimg.com/motor-mis-img/f270df8b4b5ecd219960b8ee76fb935a~tplv-f042mdwyw7-original:tplv-resize:640:0.image?psm=motor.pc_sh.api,1,0,,,0,0,0,dongchedi_usedcar_series,2026-07-08T21:14:45+08:00
17e8f1bf49a06b4b863c57cd,1586,137,卡升,卡升V-Class,https://p3-dcd.byteimg.com/motor-mis-img/443ec0988d6987cfcd9e36b1551657b4~tplv-f042mdwyw7-original:tplv-resize:640:0.image?psm=motor.pc_sh.api,1,0,,,0,0,0,dongchedi_usedcar_series,2026-07-08T21:14:45+08:00
b26c04e6bd94214f91213e22,1587,136,江铃集团新能源,易至EX5,https://p3-dcd.byteimg.com/motor-mis-img/3747089064fdb6b38a71621d8f00922e~tplv-f042mdwyw7-original:tplv-resize:640:0.image?psm=motor.pc_sh.api,1,0,,,0,0,0,dongchedi_usedcar_series,2026-07-08T21:14:45+08:00
1f268b820184dd182c9aad38,1590,40,广汽传祺,传祺GS7,https://p3-dcd.byteimg.com/motor-mis-img/77f639a931d959d32af57112db73e3e2~tplv-f042mdwyw7-original:tplv-resize:640:0.image?psm=motor.pc_sh.api,1,0,,,0,0,0,dongchedi_usedcar_series,2026-07-08T21:14:45+08:00
d56b9265fe5eee5949abf6e3,1592,366,宝骏,宝骏E100,https://p9-dcd.byteimg.com/motor-mis-img/7cdb62efefe83adf4edb317995c448f3~tplv-f042mdwyw7-original:tplv-resize:640:0.image?psm=motor.pc_sh.api,1,0,,,0,0,0,dongchedi_usedcar_series,2026-07-08T21:14:45+08:00
21d6dfbb040299cfcc2892c2,1593,35,长安,奔奔EV,https://p9-dcd.byteimg.com/motor-mis-img/d7eb5af0d5bc7db83dc91e4140981afa~tplv-f042mdwyw7-original:tplv-resize:640:0.image?psm=motor.pc_sh.api,1,0,,,0,0,0,dongchedi_usedcar_series,2026-07-08T21:14:45+08:00
7bd76bc4e8f58c82b7d4343b,1594,17,哈弗,哈弗M6,https://p9-dcd.byteimg.com/motor-mis-img/3318a942828459ec7ce8bd81f8e187d9~tplv-f042mdwyw7-original:tplv-resize:640:0.image?psm=motor.pc_sh.api,1,0,,,0,0,0,dongchedi_usedcar_series,2026-07-08T21:14:45+08:00
8cf2ade6cb7b82f4ebd2755f,1597,172,宇通,宇通T7,https://p3-dcd.byteimg.com/tos-cn-i-dcdx/5fddf1fc7b694da2a06953e624b7843c~tplv-f042mdwyw7-original:tplv-resize:640:0.image?psm=motor.pc_sh.api,1,0,,,0,0,0,dongchedi_usedcar_series,2026-07-08T21:14:45+08:00
7730b5b031e858a0b0fa9bf7,1598,242,埃安,传祺GE3,https://p9-dcd.byteimg.com/motor-mis-img/b607f1bf2fb8bfdae8881d97ec965314~tplv-f042mdwyw7-original:tplv-resize:640:0.image?psm=motor.pc_sh.api,1,0,,,0,0,0,dongchedi_usedcar_series,2026-07-08T21:14:45+08:00
07350112fd8cfa7d9108ac2c,1599,35,长安,长安CS55,https://p9-dcd.byteimg.com/motor-mis-img/33da50d7e6e8c18758288585752ea90a~tplv-f042mdwyw7-original:tplv-resize:640:0.image?psm=motor.pc_sh.api,1,0,,,0,0,0,dongchedi_usedcar_series,2026-07-08T21:14:45+08:00
d2ce87bdb839239b05b76563,1609,461,奇瑞新能源,艾瑞泽5e,https://p3-dcd.byteimg.com/motor-mis-img/16cd7d8ba98f58459f65db5c491a497d~tplv-f042mdwyw7-original:tplv-resize:640:0.image?psm=motor.pc_sh.api,1,0,,,0,0,0,dongchedi_usedcar_series,2026-07-08T21:14:45+08:00
29f7b038cc560dbe0035bb2e,1610,64,众泰,众泰T300,https://p9-dcd.byteimg.com/motor-mis-img/cfd42cc113cd4bc3d1bc2f6ce0b2b3b7~tplv-f042mdwyw7-original:tplv-resize:640:0.image?psm=motor.pc_sh.api,1,0,,,0,0,0,dongchedi_usedcar_series,2026-07-08T21:14:45+08:00
e8cb6b0b3893d6e335a5693f,1611,66,魏牌,魏牌 VV5,https://p3-dcd.byteimg.com/motor-mis-img/ff1e2d601ed4d6d3bc081ca480097f83~tplv-f042mdwyw7-original:tplv-resize:640:0.image?psm=motor.pc_sh.api,1,0,,,0,0,0,dongchedi_usedcar_series,2026-07-08T21:14:45+08:00
6a8e2444899f69c78ce1f5bb,1614,73,吉利汽车,远景X3,https://p3-dcd.byteimg.com/motor-mis-img/518be2d04dcc4c3ee0fa8847c4e6c29a~tplv-f042mdwyw7-original:tplv-resize:640:0.image?psm=motor.pc_sh.api,1,0,,,0,0,0,dongchedi_usedcar_series,2026-07-08T21:14:45+08:00
7de0470410b87115badb2c52,1616,112,蔚来,蔚来ES8,https://p9-dcd.byteimg.com/tos-cn-i-dcdx/3ee6d8e17f414ad9b5a4546607ec9877~tplv-resize:640:0.png?psm=motor.rank.data,3,210,销量榜,2,3,42,45,dongchedi_ranking|dongchedi_usedcar_series,2026-07-08T21:14:45+08:00
f8fcb09f7435c558dd0590df,1617,64,众泰,众泰T500,https://p9-dcd.byteimg.com/motor-mis-img/052c481c99859ffafb6c14944c60a27a~tplv-f042mdwyw7-original:tplv-resize:640:0.image?psm=motor.pc_sh.api,1,0,,,0,0,0,dongchedi_usedcar_series,2026-07-08T21:14:45+08:00
fc1373a8ed78eeefdbded1f4,1619,36,荣威,荣威RX3,https://p3-dcd.byteimg.com/motor-mis-img/7a72b35f6c07573796372a87430d08fa~tplv-f042mdwyw7-original:tplv-resize:640:0.image?psm=motor.pc_sh.api,1,0,,,0,0,0,dongchedi_usedcar_series,2026-07-08T21:14:45+08:00
f2957b3d00bd3c7e0dc99e53,1620,12,别克,别克GL6,https://p9-dcd.byteimg.com/motor-mis-img/6244d0821dc2e2e6e8d7ace6e8e2017b~tplv-f042mdwyw7-original:tplv-resize:640:0.image?psm=motor.pc_sh.api,1,0,,,0,0,0,dongchedi_usedcar_series,2026-07-08T21:14:45+08:00
4f5c1f66827055ad829607a2,1621,40,广汽传祺,传祺GS3,https://p9-dcd.byteimg.com/tos-cn-i-dcdx/6fbce6a5eb654901a4a685072d0186b6~tplv-resize:640:0.png?psm=motor.rank.data,3,161,销量榜,10,5,39,44,dongchedi_ranking|dongchedi_usedcar_series,2026-07-08T21:14:45+08:00
b716a8358a008fa43179625c,1622,174,领克,领克01,https://p9-dcd.byteimg.com/tos-cn-i-dcdx/13d83bd5a7ba44699106287813ad2afa~tplv-resize:640:0.png?psm=motor.rank.data,3,218,销量榜,64,3,36,39,dongchedi_ranking|dongchedi_usedcar_series,2026-07-08T21:14:45+08:00
9cbd0a9e5accb1dcd2317a1c,1623,174,领克,领克03,https://p9-dcd.byteimg.com/tos-cn-i-dcdx/08345fc4e121495babf272276402cf16~tplv-resize:640:0.png?psm=motor.rank.data,3,332,销量榜,11,8,65,73,dongchedi_ranking|dongchedi_usedcar_series,2026-07-08T21:14:45+08:00
8502be119f92c29500d446af,1624,16,比亚迪,宋MAX,https://p9-dcd.byteimg.com/motor-mis-img/4c148025a54535e4755e12faf6194d19~tplv-f042mdwyw7-original:tplv-resize:640:0.image?psm=motor.pc_sh.api,1,0,,,0,0,0,dongchedi_usedcar_series,2026-07-08T21:14:45+08:00
9bf636b1ec6811aeacace6ae,1625,35,长安,睿骋CC,https://p9-dcd.byteimg.com/motor-mis-img/9aa10dccbef1f76ffbb5ceebfd0ae616~tplv-f042mdwyw7-original:tplv-resize:640:0.image?psm=motor.pc_sh.api,1,0,,,0,0,0,dongchedi_usedcar_series,2026-07-08T21:14:45+08:00
5edbde5a67b8730d30f65dd1,1626,39,五菱汽车,五菱宏光S3,https://p3-dcd.byteimg.com/motor-mis-img/ee52474b720ca4abdd651e5483736e01~tplv-f042mdwyw7-original:tplv-resize:640:0.image?psm=motor.pc_sh.api,1,0,,,0,0,0,dongchedi_usedcar_series,2026-07-08T21:14:45+08:00
be2ab56031e5eef1db412bed,1627,108,大通,大通D90,https://p3-dcd.byteimg.com/motor-mis-img/1ead62667b752000164a63576378ca86~tplv-f042mdwyw7-original:tplv-resize:640:0.image?psm=motor.pc_sh.api,1,0,,,0,0,0,dongchedi_usedcar_series,2026-07-08T21:14:45+08:00
1ba6414f65a35161cf6087a3,1628,109,启辰,启辰D60,https://p9-dcd.byteimg.com/tos-cn-i-dcdx/19edcae930eb41e6995bb85e5ae1dea3~tplv-resize:640:0.png?psm=motor.rank.data,3,161,销量榜,55,3,41,44,dongchedi_ranking|dongchedi_usedcar_series,2026-07-08T21:14:45+08:00
582decec5ed0053a75cd4107,1629,126,汉腾汽车,汉腾X5,https://p9-dcd.byteimg.com/motor-mis-img/b9dd664f4cf4e99246570c06e7f49e11~tplv-f042mdwyw7-original:tplv-resize:640:0.image?psm=motor.pc_sh.api,1,0,,,0,0,0,dongchedi_usedcar_series,2026-07-08T21:14:45+08:00
a19198bed0fefe9b1cad3b4c,1635,2,奥迪,奥迪RS 3,https://p3-dcd.byteimg.com/tos-cn-i-dcdx/a18281f44f63422a83b11522b16a9ca8~tplv-f042mdwyw7-original:tplv-resize:640:0.image?psm=motor.pc_sh.api,1,0,,,0,0,0,dongchedi_usedcar_series,2026-07-08T21:14:45+08:00
187bf42b42daf45161ae0356,1636,5,丰田,丰田C-HR,https://p3-dcd.byteimg.com/tos-cn-i-dcdx/b0e1fef05cbb4a33be7c024e82deae95~tplv-f042mdwyw7-original:tplv-resize:640:0.image?psm=motor.pc_sh.api,1,0,,,0,0,0,dongchedi_usedcar_series,2026-07-08T21:14:45+08:00
3237aa87bf4025a7198f6c74,1638,70,东风风行,景逸X6,https://p3-dcd.byteimg.com/motor-mis-img/2e628ceca0551a4408d7bb427d3a3def~tplv-f042mdwyw7-original:tplv-resize:640:0.image?psm=motor.pc_sh.api,1,0,,,0,0,0,dongchedi_usedcar_series,2026-07-08T21:14:45+08:00
0beaa9de93081ffbbacf09a6,1639,4,宝马,宝马6系GT,https://p3-dcd.byteimg.com/tos-cn-i-dcdx/9777ac6fffa04cc19893682bf1b1cf90~tplv-f042mdwyw7-original:tplv-resize:640:0.image?psm=motor.pc_sh.api,1,0,,,0,0,0,dongchedi_usedcar_series,2026-07-08T21:14:45+08:00
a3d9d2c38492e46114269528,1640,94,北汽幻速,北汽幻速S7,https://p3-dcd.byteimg.com/motor-mis-img/099007bf76baf72af2b71d3dc9b56e02~tplv-f042mdwyw7-original:tplv-resize:640:0.image?psm=motor.pc_sh.api,1,0,,,0,0,0,dongchedi_usedcar_series,2026-07-08T21:14:45+08:00
18d9fd30d1199abc0e4a6fd2,1641,4,宝马,宝马8系,https://p3-dcd.byteimg.com/tos-cn-i-dcdx/519cf81d37b64ac9b08799040a327387~tplv-f042mdwyw7-original:tplv-resize:640:0.image?psm=motor.pc_sh.api,1,0,,,0,0,0,dongchedi_usedcar_series,2026-07-08T21:14:45+08:00
f265d18be44d39868aa5f3be,1642,21,雪铁龙,天逸 C5 AIRCROSS,https://p9-dcd.byteimg.com/tos-cn-i-dcdx/c93b0bba962f40328e628f302b03c6d6~tplv-resize:640:0.png?psm=motor.rank.data,3,218,销量榜,42,2,48,50,dongchedi_ranking|dongchedi_usedcar_series,2026-07-08T21:14:45+08:00
a077d7cf80fa35cf3c31304b,1643,42,兰博基尼,Urus,https://p3-dcd.byteimg.com/motor-mis-img/cc2ff963741939634ecaa2690f80bb59~tplv-f042mdwyw7-original:tplv-resize:640:0.image?psm=motor.pc_sh.api,1,0,,,0,0,0,dongchedi_usedcar_series,2026-07-08T21:14:45+08:00
0356583ae8a5e5cbc45b96b1,1646,2,奥迪,奥迪Q8,https://p3-dcd.byteimg.com/tos-cn-i-dcdx/2d40fad20e174c24ae25d29bac97c398~tplv-f042mdwyw7-original:tplv-resize:640:0.image?psm=motor.pc_sh.api,1,0,,,0,0,0,dongchedi_usedcar_series,2026-07-08T21:14:45+08:00
db5ccc4609ee2d6fad4668be,1647,52,北京越野,北京越野BJ90,https://p3-dcd.byteimg.com/motor-mis-img/122027b71b0c5c8274e34ad2b1aaea1d~tplv-f042mdwyw7-original:tplv-resize:640:0.image?psm=motor.pc_sh.api,1,0,,,0,0,0,dongchedi_usedcar_series,2026-07-08T21:14:45+08:00
de69cdfa354dc76c723041cf,1650,3,奔驰,奔驰GLC AMG,https://p3-dcd.byteimg.com/tos-cn-i-dcdx/ba06be7f172e4de3a02d0dd8123e6b6f~tplv-f042mdwyw7-original:tplv-resize:640:0.image?psm=motor.pc_sh.api,1,0,,,0,0,0,dongchedi_usedcar_series,2026-07-08T21:14:45+08:00
ef1eafb9439d3b45e109f11b,1652,87,纳智捷,U5 SUV,https://p3-dcd.byteimg.com/motor-mis-img/ea83b53ddfa6786d1379234e5a546450~tplv-f042mdwyw7-original:tplv-resize:640:0.image?psm=motor.pc_sh.api,1,0,,,0,0,0,dongchedi_usedcar_series,2026-07-08T21:14:45+08:00
7dceec223ce1748477666929,1655,37,东风风神,东风风神E70,https://p9-dcd.byteimg.com/motor-mis-img/3645e5106165def002a7ab1f2300c71c~tplv-resize:640:0.png?psm=motor.rank.data,3,10,销量榜,199,11,41,52,dongchedi_ranking|dongchedi_usedcar_series,2026-07-08T21:14:45+08:00
491fc4da690b69123e40b98f,1661,23,斯柯达,柯珞克,https://p9-dcd.byteimg.com/tos-cn-i-dcdx/5d64b637b63a4291ad2e9e94cf897aa7~tplv-resize:640:0.png?psm=motor.rank.data,3,24,销量榜,193,2,37,39,dongchedi_ranking|dongchedi_usedcar_series,2026-07-08T21:14:45+08:00
8dd81890eed0173af8698b85,1662,119,长安欧尚,长安欧尚X70A,https://p3-dcd.byteimg.com/motor-mis-img/94932eb0e9ffa3a49a03c78d455ca9dd~tplv-f042mdwyw7-original:tplv-resize:640:0.image?psm=motor.pc_sh.api,1,0,,,0,0,0,dongchedi_usedcar_series,2026-07-08T21:14:45+08:00
63d85ca801dac3ae67dbf5e4,1663,142,凯翼,凯翼X5,https://p3-dcd.byteimg.com/motor-mis-img/dbc58bc3b039ec17bcfa6dba247043d3~tplv-f042mdwyw7-original:tplv-resize:640:0.image?psm=motor.pc_sh.api,1,0,,,0,0,0,dongchedi_usedcar_series,2026-07-08T21:14:45+08:00
e54605a6e8e7a3fcd42a32fd,1664,7,福特,经典全顺,https://p3-dcd.byteimg.com/motor-mis-img/cc67717be5e99d9b1f0cfe1d39f211bc~tplv-f042mdwyw7-original:tplv-resize:640:0.image?psm=motor.pc_sh.api,1,0,,,0,0,0,dongchedi_usedcar_series,2026-07-08T21:14:45+08:00
fd82f4e9e5f1c8139ca19cea,1666,6,雪佛兰,科尔维特,https://p3-dcd.byteimg.com/tos-cn-i-dcdx/c0cd3cff3dbd40cf9bd98ab7d9d6a788~tplv-f042mdwyw7-original:tplv-resize:640:0.image?psm=motor.pc_sh.api,1,0,,,0,0,0,dongchedi_usedcar_series,2026-07-08T21:14:45+08:00
df61a2226964777011889c33,1667,10,日产,Pathfinder,https://p3-dcd.byteimg.com/tos-cn-i-dcdx/ff46c60335b14066b787cd8d2f0914b9~tplv-f042mdwyw7-original:tplv-resize:640:0.image?psm=motor.pc_sh.api,1,0,,,0,0,0,dongchedi_usedcar_series,2026-07-08T21:14:45+08:00
9b981d7f8742006ba029d012,1668,3,奔驰,奔驰GLA(进口),https://p3-dcd.byteimg.com/tos-cn-i-dcdx/daf3de775ff14e25a4bb338af292edac~tplv-f042mdwyw7-original:tplv-resize:640:0.image?psm=motor.pc_sh.api,1,0,,,0,0,0,dongchedi_usedcar_series,2026-07-08T21:14:45+08:00
45b062218065a8376d162c68,1669,23,斯柯达,Yeti(进口),https://p9-dcd.byteimg.com/motor-mis-img/0edeb0fc7d1d49dce054f23c630a2784~tplv-f042mdwyw7-original:tplv-resize:640:0.image?psm=motor.pc_sh.api,1,0,,,0,0,0,dongchedi_usedcar_series,2026-07-08T21:14:45+08:00
0037cd0f3d5d6c415879afe9,1671,73,吉利汽车,远景S1,https://p3-dcd.byteimg.com/motor-mis-img/2d20a0800f518ec75bbb886868c4b2fb~tplv-f042mdwyw7-original:tplv-resize:640:0.image?psm=motor.pc_sh.api,1,0,,,0,0,0,dongchedi_usedcar_series,2026-07-08T21:14:45+08:00
24fcd94418c8af26732aece7,1673,15,马自达,马自达CX-5(进口),https://p3-dcd.byteimg.com/motor-mis-img/b463ce42a4878a42ea66c2acbf887629~tplv-f042mdwyw7-original:tplv-resize:640:0.image?psm=motor.pc_sh.api,1,0,,,0,0,0,dongchedi_usedcar_series,2026-07-08T21:14:45+08:00
f957599b0ddbca54653b38da,1675,4,宝马,宝马2系旅行车(进口),https://p3-dcd.byteimg.com/motor-mis-img/f9a6d75b3e6899d20772dbe67e282ab5~tplv-f042mdwyw7-original:tplv-resize:640:0.image?psm=motor.pc_sh.api,1,0,,,0,0,0,dongchedi_usedcar_series,2026-07-08T21:14:45+08:00
aed6124781926f5a3431c388,1678,15,马自达,ATENZA,https://p3-dcd.byteimg.com/motor-mis-img/e7153ce5dc0e9fb07ea0161582aa8fd8~tplv-f042mdwyw7-original:tplv-resize:640:0.image?psm=motor.pc_sh.api,1,0,,,0,0,0,dongchedi_usedcar_series,2026-07-08T21:14:45+08:00
5c21747656a7593d9cf75a4a,1679,30,凯迪拉克,凯迪拉克ATS(进口),https://p3-dcd.byteimg.com/motor-mis-img/93a20c0c888527f0b7614cca1eb58fe2~tplv-f042mdwyw7-original:tplv-resize:640:0.image?psm=motor.pc_sh.api,1,0,,,0,0,0,dongchedi_usedcar_series,2026-07-08T21:14:45+08:00
24c9c3a847323bab0fb5b131,1684,2,奥迪,奥迪S4,https://p3-dcd.byteimg.com/tos-cn-i-dcdx/0c40945338db4190afe77ff6ea976d6a~tplv-f042mdwyw7-original:tplv-resize:640:0.image?psm=motor.pc_sh.api,1,0,,,0,0,0,dongchedi_usedcar_series,2026-07-08T21:14:45+08:00
493d18050bc6e76eb9322851,1686,93,北汽新能源,LITE,https://p3-dcd.byteimg.com/motor-mis-img/d19ef61ecead920de7c6fbd0e74d07bc~tplv-f042mdwyw7-original:tplv-resize:640:0.image?psm=motor.pc_sh.api,1,0,,,0,0,0,dongchedi_usedcar_series,2026-07-08T21:14:45+08:00
0e0c4f5d901b79b913f2e43d,1687,38,讴歌,讴歌TLX-L,https://p9-dcd.byteimg.com/motor-mis-img/623d256d21da2c81d4d3b653b6845f25~tplv-f042mdwyw7-original:tplv-resize:640:0.image?psm=motor.pc_sh.api,1,0,,,0,0,0,dongchedi_usedcar_series,2026-07-08T21:14:45+08:00
92e8f9720659536e68cf34d3,1688,94,北汽幻速,北汽幻速H5,https://p3-dcd.byteimg.com/motor-mis-img/24564e8209c7de0842d27ad3a0f05c73~tplv-f042mdwyw7-original:tplv-resize:640:0.image?psm=motor.pc_sh.api,1,0,,,0,0,0,dongchedi_usedcar_series,2026-07-08T21:14:45+08:00
eb37d89fe8ea06027fc7c6c4,1689,37,东风风神,东风风神AX4,https://p3-dcd.byteimg.com/motor-mis-img/ec0cc53b0807f0c4dd39261fd1341411~tplv-f042mdwyw7-original:tplv-resize:640:0.image?psm=motor.pc_sh.api,1,0,,,0,0,0,dongchedi_usedcar_series,2026-07-08T21:14:45+08:00
a0098aecf89d33de83a96004,1694,46,雷诺,Espace经典,https://p3-dcd.byteimg.com/motor-mis-img/39523b850485f8b474c2542d87ffc53a~tplv-f042mdwyw7-original:tplv-resize:640:0.image?psm=motor.pc_sh.api,1,0,,,0,0,0,dongchedi_usedcar_series,2026-07-08T21:14:45+08:00
5905bb2f099b06011d901fe3,1697,13,起亚,KX CROSS,https://p3-dcd.byteimg.com/motor-mis-img/9d758c7fd62ceff0761842761ceb639f~tplv-f042mdwyw7-original:tplv-resize:640:0.image?psm=motor.pc_sh.api,1,0,,,0,0,0,dongchedi_usedcar_series,2026-07-08T21:14:45+08:00
dcee382034542b6d8bc8f6f8,1699,44,法拉利,Portofino,https://p3-dcd.byteimg.com/motor-mis-img/ec879989614edba64cb491b30c9c14e9~tplv-f042mdwyw7-original:tplv-resize:640:0.image?psm=motor.pc_sh.api,1,0,,,0,0,0,dongchedi_usedcar_series,2026-07-08T21:14:45+08:00
c2ae3ba26117e58c198fd704,1700,13,起亚,凯绅,https://p3-dcd.byteimg.com/motor-mis-img/0b4f10fec5579df5d88d6a2b104e09e5~tplv-f042mdwyw7-original:tplv-resize:640:0.image?psm=motor.pc_sh.api,1,0,,,0,0,0,dongchedi_usedcar_series,2026-07-08T21:14:45+08:00
11d570e3e8368496869b0806,1701,59,红旗,红旗H5经典,https://p3-dcd.byteimg.com/motor-mis-img/29e57294483a5f98bc133b090b194087~tplv-f042mdwyw7-original:tplv-resize:640:0.image?psm=motor.pc_sh.api,1,0,,,0,0,0,dongchedi_usedcar_series,2026-07-08T21:14:45+08:00
8103772ed8f415fc5a879c43,1704,22,雷克萨斯,雷克萨斯LC,https://p3-dcd.byteimg.com/tos-cn-i-dcdx/aaed0760d2b74040ab65fd30a2a0d1e2~tplv-f042mdwyw7-original:tplv-resize:640:0.image?psm=motor.pc_sh.api,1,0,,,0,0,0,dongchedi_usedcar_series,2026-07-08T21:14:45+08:00
e7c8382d95a9453bc70916c2,1705,107,野马汽车,斯派卡,https://p3-dcd.byteimg.com/motor-mis-img/333dff6043577d8267712d8dd6d804a4~tplv-f042mdwyw7-original:tplv-resize:640:0.image?psm=motor.pc_sh.api,1,0,,,0,0,0,dongchedi_usedcar_series,2026-07-08T21:14:45+08:00
7201e590f59f60a652d4f746,1706,32,江汽集团,江淮iEV7S,https://p3-dcd.byteimg.com/motor-mis-img/f7e95954e86dd9109e4d869e715cc545~tplv-f042mdwyw7-original:tplv-resize:640:0.image?psm=motor.pc_sh.api,1,0,,,0,0,0,dongchedi_usedcar_series,2026-07-08T21:14:45+08:00
66d66d57d999be3dc88a9873,1707,2,奥迪,奥迪A6L PHEV,https://p3-dcd.byteimg.com/motor-mis-img/e84a67d39282a0550546632e9e6cefb5~tplv-f042mdwyw7-original:tplv-resize:640:0.image?psm=motor.pc_sh.api,1,0,,,0,0,0,dongchedi_usedcar_series,2026-07-08T21:14:45+08:00
2cceb1abb7e95f5ee3fb9281,1712,95,东风风光,风光S560,https://p9-dcd.byteimg.com/tos-cn-i-dcdx/dd2d955ef05b42cc924a242214e6ef9e~tplv-resize:640:0.png?psm=motor.rank.data,3,28,销量榜,133,1,59,60,dongchedi_ranking|dongchedi_usedcar_series,2026-07-08T21:14:45+08:00
77eec5b54ce3e2548c0484de,1713,188,云度,云度π1,https://p3-dcd.byteimg.com/motor-mis-img/c78fff7eaf72ce07776d0fb1baf5f8d6~tplv-f042mdwyw7-original:tplv-resize:640:0.image?psm=motor.pc_sh.api,1,0,,,0,0,0,dongchedi_usedcar_series,2026-07-08T21:14:45+08:00
55030910c95727619e800b97,1714,188,云度,云度π3,https://p3-dcd.byteimg.com/motor-mis-img/d36fbeed762d384c1b90690bc00149df~tplv-f042mdwyw7-original:tplv-resize:640:0.image?psm=motor.pc_sh.api,1,0,,,0,0,0,dongchedi_usedcar_series,2026-07-08T21:14:45+08:00
1f7b7a0db5547b6deb31f7b2,1715,53,海马,福美来F7,https://p9-dcd.byteimg.com/motor-mis-img/6aa892d911c26fe9b41ee6f7e58344f4~tplv-f042mdwyw7-original:tplv-resize:640:0.image?psm=motor.pc_sh.api,1,0,,,0,0,0,dongchedi_usedcar_series,2026-07-08T21:14:45+08:00
636ab45ce7e8198cfeb36ed2,1719,13,起亚,焕驰,https://p9-dcd.byteimg.com/motor-mis-img/c655aa38e008e10259a76a207c62a295~tplv-resize:640:0.png?psm=motor.rank.data,3,42,销量榜,134,2,15,17,dongchedi_ranking|dongchedi_usedcar_series,2026-07-08T21:14:45+08:00
2002a204e7b88ef77551af6c,1722,251,星途,星途TX,https://p9-dcd.byteimg.com/motor-mis-img/9d01791484847f0536c20640edc90d89~tplv-f042mdwyw7-original:tplv-resize:640:0.image?psm=motor.pc_sh.api,1,0,,,0,0,0,dongchedi_usedcar_series,2026-07-08T21:14:45+08:00
1219638511382f4509779b80,1728,2,奥迪,奥迪RS 4,https://p3-dcd.byteimg.com/tos-cn-i-dcdx/a3f99c7f152543caa12eaf33ed7cdf13~tplv-f042mdwyw7-original:tplv-resize:640:0.image?psm=motor.pc_sh.api,1,0,,,0,0,0,dongchedi_usedcar_series,2026-07-08T21:14:45+08:00
13e640829bb1099b9dfebfa8,1729,3,奔驰,奔驰EQA,https://p9-dcd.byteimg.com/tos-cn-i-dcdx/06f97e6d149a4a5ba9bfbcb7c717a105~tplv-resize:640:0.png?psm=motor.rank.data,3,45,销量榜,139,2,4,6,dongchedi_ranking|dongchedi_usedcar_series,2026-07-08T21:14:45+08:00
a089338da24b55abcc674d68,1738,18,奇瑞,瑞虎5x,https://p9-dcd.byteimg.com/tos-cn-i-dcdx/060ec2e0b84d424fb9806d05f912f5ae~tplv-resize:640:0.png?psm=motor.rank.data,3,161,销量榜,20,8,59,67,dongchedi_ranking|dongchedi_usedcar_series,2026-07-08T21:14:45+08:00
631b069fab4310808bc4a89d,1739,123,新龙马汽车,新龙马汽车启腾M70 EV,https://p9-dcd.byteimg.com/motor-mis-img/a68a5b8d6c5e69397a4979f6f13d889e~tplv-f042mdwyw7-original:tplv-resize:640:0.image?psm=motor.pc_sh.api,1,0,,,0,0,0,dongchedi_usedcar_series,2026-07-08T21:14:45+08:00
ae4dfe5df6b9d2aad2f7f188,1742,273,捷尼赛思,捷尼赛思G70,https://p3-dcd.byteimg.com/tos-cn-i-dcdx/edbae0e75b8b4b77ba23ae8ea369474c~tplv-f042mdwyw7-original:tplv-resize:640:0.image?psm=motor.pc_sh.api,1,0,,,0,0,0,dongchedi_usedcar_series,2026-07-08T21:14:45+08:00
efcc2b5ca3acd09caa9f54ef,1745,12,别克,阅朗,https://p9-dcd.byteimg.com/motor-mis-img/5d7da58ba62103f819f85b4cd457e821~tplv-f042mdwyw7-original:tplv-resize:640:0.image?psm=motor.pc_sh.api,1,0,,,0,0,0,dongchedi_usedcar_series,2026-07-08T21:14:45+08:00
567fb5c0a73f457bbf7201e4,1747,116,宝沃,宝沃BX6,https://p3-dcd.byteimg.com/motor-mis-img/da8f353e449434206b5a893648dd7897~tplv-f042mdwyw7-original:tplv-resize:640:0.image?psm=motor.pc_sh.api,1,0,,,0,0,0,dongchedi_usedcar_series,2026-07-08T21:14:45+08:00
242d4c9181904ee117f6a777,1748,190,君马汽车,君马S70,https://p9-dcd.byteimg.com/motor-mis-img/8b2a02fd23293e5b2e88e79122a4b1ee~tplv-f042mdwyw7-original:tplv-resize:640:0.image?psm=motor.pc_sh.api,1,0,,,0,0,0,dongchedi_usedcar_series,2026-07-08T21:14:45+08:00
352f32160d6cfcd5efed3332,1753,60,北汽昌河,北汽昌河M60,https://p9-dcd.byteimg.com/motor-mis-img/00bf7bc219ca13e973aabb28e6c31809~tplv-f042mdwyw7-original:tplv-resize:640:0.image?psm=motor.pc_sh.api,1,0,,,0,0,0,dongchedi_usedcar_series,2026-07-08T21:14:45+08:00
be0624fdee2dc1f9358836b1,1754,60,北汽昌河,北汽昌河A6,https://p9-dcd.byteimg.com/motor-mis-img/b6fb60e07fdb900867f435c59006496e~tplv-f042mdwyw7-original:tplv-resize:640:0.image?psm=motor.pc_sh.api,1,0,,,0,0,0,dongchedi_usedcar_series,2026-07-08T21:14:45+08:00
34345477d762842c373b24a8,1757,1,大众,Arteon,https://p3-dcd.byteimg.com/motor-mis-img/1ee6fbe53e33b042c6cb7e227d2da029~tplv-f042mdwyw7-original:tplv-resize:640:0.image?psm=motor.pc_sh.api,1,0,,,0,0,0,dongchedi_usedcar_series,2026-07-08T21:14:45+08:00
dc09a9d963ab11783beb178c,1759,3,奔驰,迈巴赫G级,https://p3-dcd.byteimg.com/motor-mis-img/02ee342b50881daff7a5953836226af1~tplv-f042mdwyw7-original:tplv-resize:640:0.image?psm=motor.pc_sh.api,1,0,,,0,0,0,dongchedi_usedcar_series,2026-07-08T21:14:45+08:00
60346034306f6c0c330cf255,1760,36,荣威,荣威Ei5,https://p3-dcd.byteimg.com/motor-mis-img/f44c223bbfe4ddf0d92ef89139ae89bd~tplv-f042mdwyw7-original:tplv-resize:640:0.image?psm=motor.pc_sh.api,1,0,,,0,0,0,dongchedi_usedcar_series,2026-07-08T21:14:45+08:00
d2ea3813ee3817d28c6e5af8,1763,5,丰田,Hilux,https://p3-dcd.byteimg.com/tos-cn-i-dcdx/2cb0b454ed084de78215b45f59046c45~tplv-f042mdwyw7-original:tplv-resize:640:0.image?psm=motor.pc_sh.api,1,0,,,0,0,0,dongchedi_usedcar_series,2026-07-08T21:14:45+08:00
dcf4994d1158d6c79cf82c7a,1766,67,一汽,骏派A50,https://p9-dcd.byteimg.com/motor-mis-img/a2c6b3c096e08cbd43aa208f2f6a1ceb~tplv-f042mdwyw7-original:tplv-resize:640:0.image?psm=motor.pc_sh.api,1,0,,,0,0,0,dongchedi_usedcar_series,2026-07-08T21:14:45+08:00
6bfd6891a3e820aa5876e178,1769,192,拉达,泥瓦,https://p3-dcd.byteimg.com/tos-cn-i-dcdx/196ecc15e14642a2b6d3d419ed772754~tplv-f042mdwyw7-original:tplv-resize:640:0.image?psm=motor.pc_sh.api,1,0,,,0,0,0,dongchedi_usedcar_series,2026-07-08T21:14:45+08:00
2103d038dd982de126fb65e7,1771,193,鑫源汽车,好运1号,https://p3-dcd.byteimg.com/motor-mis-img/bce97a58ad16bba1c6ac30c24643c9ab~tplv-f042mdwyw7-original:tplv-resize:640:0.image?psm=motor.pc_sh.api,1,0,,,0,0,0,dongchedi_usedcar_series,2026-07-08T21:14:45+08:00
839451264b3e80665194e68e,1772,193,鑫源汽车,海狮 EV,https://p3-dcd.byteimg.com/motor-mis-img/0a74400a76f63118d3640c7b6367eeb0~tplv-f042mdwyw7-original:tplv-resize:640:0.image?psm=motor.pc_sh.api,1,0,,,0,0,0,dongchedi_usedcar_series,2026-07-08T21:14:45+08:00
793dec4c9cf3f244dcec5c6a,1777,90,依维柯,依维柯欧胜,https://p3-dcd.byteimg.com/motor-mis-img/28ab599386e0088be05b2a03f1a28b2c~tplv-f042mdwyw7-original:tplv-resize:640:0.image?psm=motor.pc_sh.api,1,0,,,0,0,0,dongchedi_usedcar_series,2026-07-08T21:14:45+08:00
6582892327c858c2f3b21af4,1780,35,长安,长安CS15 EV,https://p9-dcd.byteimg.com/motor-mis-img/1884bc66fedd119c0013b9854353f1bf~tplv-f042mdwyw7-original:tplv-resize:640:0.image?psm=motor.pc_sh.api,1,0,,,0,0,0,dongchedi_usedcar_series,2026-07-08T21:14:45+08:00
0656c1ad56ad3cde73d4bcb2,1781,366,宝骏,宝骏530,https://p9-dcd.byteimg.com/motor-mis-img/b9446b5d663161450348b387a6731b38~tplv-f042mdwyw7-original:tplv-resize:640:0.image?psm=motor.pc_sh.api,1,0,,,0,0,0,dongchedi_usedcar_series,2026-07-08T21:14:45+08:00
960fc696d6476c9921e7e22d,1783,4,宝马,宝马X2(进口),https://p3-dcd.byteimg.com/tos-cn-i-dcdx/9dc5e12a341f48d3a5c7a7cd3d5e2fee~tplv-f042mdwyw7-original:tplv-resize:640:0.image?psm=motor.pc_sh.api,1,0,,,0,0,0,dongchedi_usedcar_series,2026-07-08T21:14:45+08:00
0e4dd725568999ca40950ce9,1784,171,长安凯程,睿行S50T,https://p9-dcd.byteimg.com/motor-mis-img/52660772781e54c301bf85cda191dd3d~tplv-f042mdwyw7-original:tplv-resize:640:0.image?psm=motor.pc_sh.api,1,0,,,0,0,0,dongchedi_usedcar_series,2026-07-08T21:14:45+08:00
60f0fd9cb12cfa1814134c98,1785,197,电咖,电咖·EV10,https://p3-dcd.byteimg.com/motor-mis-img/1f59704045fdc2db8ca54c6c87da954c~tplv-f042mdwyw7-original:tplv-resize:640:0.image?psm=motor.pc_sh.api,1,0,,,0,0,0,dongchedi_usedcar_series,2026-07-08T21:14:45+08:00
8c5b6890ca0cb93e0c0b8427,1787,142,凯翼,凯翼E3,https://p3-dcd.byteimg.com/motor-mis-img/c6498240c0b51e0562c7861ebea7516d~tplv-f042mdwyw7-original:tplv-resize:640:0.image?psm=motor.pc_sh.api,1,0,,,0,0,0,dongchedi_usedcar_series,2026-07-08T21:14:45+08:00
632bd95e1d0dde2bfebd80a5,1788,32,江汽集团,瑞风M6,https://p3-dcd.byteimg.com/motor-mis-img/eb5191be28b2e35ef998e431b68d37b6~tplv-f042mdwyw7-original:tplv-resize:640:0.image?psm=motor.pc_sh.api,1,0,,,0,0,0,dongchedi_usedcar_series,2026-07-08T21:14:45+08:00
194703c53147f9beb2049e11,1789,31,捷豹,捷豹XEL,https://p9-dcd.byteimg.com/tos-cn-i-dcdx/2ab2e32e02924821893d4147bfd686fc~tplv-f042mdwyw7-original:tplv-resize:640:0.image?psm=motor.pc_sh.api,1,0,,,0,0,0,dongchedi_usedcar_series,2026-07-08T21:14:45+08:00
1d134873685c4fa9a6ebec9f,1790,15,马自达,马自达CX-3,https://p3-dcd.byteimg.com/motor-mis-img/cef245355f6610141a86cd74f4279dad~tplv-f042mdwyw7-original:tplv-resize:640:0.image?psm=motor.pc_sh.api,1,0,,,0,0,0,dongchedi_usedcar_series,2026-07-08T21:14:45+08:00
0be321c5ff70f49c596f1597,1791,102,陆风,陆风逍遥,https://p3-dcd.byteimg.com/motor-mis-img/9d60ff3eaef58eb4caa2cc086f7b030a~tplv-f042mdwyw7-original:tplv-resize:640:0.image?psm=motor.pc_sh.api,1,0,,,0,0,0,dongchedi_usedcar_series,2026-07-08T21:14:45+08:00
08e520c369adaded9f78feb5,1792,24,沃尔沃,沃尔沃XC60 PHEV,https://p9-dcd.byteimg.com/tos-cn-i-dcdx/c2173354ce984c0f9b689e27cf3e57e5~tplv-resize:640:0.png?psm=motor.rank.data,3,210,销量榜,7,3,32,35,dongchedi_ranking|dongchedi_usedcar_series,2026-07-08T21:14:45+08:00
3e34aa912ec7ad545a46c6c4,1793,70,东风风行,菱智新能源,https://p9-dcd.byteimg.com/tos-cn-i-dcdx/420520f1e8c84aab8cb6dd63c45fe304~tplv-resize:640:0.png?psm=motor.rank.data,3,251,销量榜,8,18,36,54,dongchedi_ranking|dongchedi_usedcar_series,2026-07-08T21:14:45+08:00
b62a63fdba5f3a1550d18ee6,1794,40,广汽传祺,传祺M8,https://p9-dcd.byteimg.com/tos-cn-i-dcdx/d98ba6ea12114ffd9a0043e58579784a~tplv-resize:640:0.png?psm=motor.rank.data,3,218,销量榜,1,3,62,65,dongchedi_ranking|dongchedi_usedcar_series,2026-07-08T21:14:45+08:00
2994dc83a27960d3cc734018,1795,34,名爵,MG6 PHEV,https://p3-dcd.byteimg.com/tos-cn-i-dcdx/24b2c15489cf437b85f3c0b4f081e5c6~tplv-f042mdwyw7-original:tplv-resize:640:0.image?psm=motor.pc_sh.api,1,0,,,0,0,0,dongchedi_usedcar_series,2026-07-08T21:14:45+08:00
f8ee864d7203eac79de0363c,1796,66,魏牌,魏牌 P8,https://p3-dcd.byteimg.com/motor-mis-img/c2a8be5964f6d21d7c9eda13bd494db3~tplv-f042mdwyw7-original:tplv-resize:640:0.image?psm=motor.pc_sh.api,1,0,,,0,0,0,dongchedi_usedcar_series,2026-07-08T21:14:45+08:00
ee2131bfc5137c84e7edae54,1798,17,哈弗,哈弗H4,https://p9-dcd.byteimg.com/motor-mis-img/b7c2e24caabeae11c81f3da02118640f~tplv-f042mdwyw7-original:tplv-resize:640:0.image?psm=motor.pc_sh.api,1,0,,,0,0,0,dongchedi_usedcar_series,2026-07-08T21:14:45+08:00
3e17f8b7218893089d0c9881,1799,84,克莱斯勒,大捷龙PHEV(进口),https://p3-dcd.byteimg.com/tos-cn-i-dcdx/29c8848180db425db8d480319086633a~tplv-f042mdwyw7-original:tplv-resize:640:0.image?psm=motor.pc_sh.api,1,0,,,0,0,0,dongchedi_usedcar_series,2026-07-08T21:14:45+08:00
9f5776728f354ecb564ec5c0,1802,19,路虎,揽胜运动PHEV,https://p3-dcd.byteimg.com/tos-cn-i-dcdx/c0474f0781a141dda778f4947792eb26~tplv-f042mdwyw7-original:tplv-resize:640:0.image?psm=motor.pc_sh.api,1,0,,,0,0,0,dongchedi_usedcar_series,2026-07-08T21:14:45+08:00
6973375737e86777d1c7abee,1804,366,宝骏,宝骏360,https://p9-dcd.byteimg.com/motor-mis-img/e33bb67c50c67f5bcd7213296c3ff230~tplv-f042mdwyw7-original:tplv-resize:640:0.image?psm=motor.pc_sh.api,1,0,,,0,0,0,dongchedi_usedcar_series,2026-07-08T21:14:45+08:00
e18968837fad4d944f9a3a2e,1805,55,DS,DS 7,https://p9-dcd.byteimg.com/motor-mis-img/ed26b29c1b4cc3f3c703070d4997ce5e~tplv-f042mdwyw7-original:tplv-resize:640:0.image?psm=motor.pc_sh.api,1,0,,,0,0,0,dongchedi_usedcar_series,2026-07-08T21:14:45+08:00
08cdf7d5c2a5f4ff46754c8e,1806,6,雪佛兰,巡领者(进口),https://p3-dcd.byteimg.com/tos-cn-i-dcdx/02c0142a10b04b0aa2b090b11962a031~tplv-f042mdwyw7-original:tplv-resize:640:0.image?psm=motor.pc_sh.api,1,0,,,0,0,0,dongchedi_usedcar_series,2026-07-08T21:14:45+08:00
b444f2d320da6819ec019126,1807,60,北汽昌河,北汽昌河Q7,https://p9-dcd.byteimg.com/motor-mis-img/c16820aed6c4cc181b2414d994c60996~tplv-f042mdwyw7-original:tplv-resize:640:0.image?psm=motor.pc_sh.api,1,0,,,0,0,0,dongchedi_usedcar_series,2026-07-08T21:14:45+08:00
373e1d594cb26b255e18230b,1809,7,福特,蒙迪欧PHEV,https://p3-dcd.byteimg.com/motor-mis-img/10cc616fa2bb5b0bd37f19c0e083a054~tplv-f042mdwyw7-original:tplv-resize:640:0.image?psm=motor.pc_sh.api,1,0,,,0,0,0,dongchedi_usedcar_series,2026-07-08T21:14:45+08:00
e9dbf6904125ee2ab7e66177,1810,70,东风风行,风行S50 EV,https://p9-dcd.byteimg.com/motor-mis-img/7dc51c86c5c6d2541cadc95dcf4aa5d0~tplv-resize:640:0.png?psm=motor.rank.data,3,192,销量榜,69,6,16,22,dongchedi_ranking|dongchedi_usedcar_series,2026-07-08T21:14:45+08:00
7eade3bcecbdfab8be1cef51,1811,77,东南,东南DX3 EV,https://p3-dcd.byteimg.com/motor-mis-img/b34ed81c0268080a16554a0d1064b52a~tplv-f042mdwyw7-original:tplv-resize:640:0.image?psm=motor.pc_sh.api,1,0,,,0,0,0,dongchedi_usedcar_series,2026-07-08T21:14:45+08:00
a51c72d5b6b5f25f06888781,1812,28,中华,中华V6,https://p3-dcd.byteimg.com/motor-mis-img/56a537db086e0cb327a3a99867cfccf4~tplv-f042mdwyw7-original:tplv-resize:640:0.image?psm=motor.pc_sh.api,1,0,,,0,0,0,dongchedi_usedcar_series,2026-07-08T21:14:45+08:00
2c5c697eb204c4ad9b16f908,1814,11,现代,昂希诺,https://p9-dcd.byteimg.com/motor-mis-img/b9f413e975415fdaee4a564811179a7a~tplv-f042mdwyw7-original:tplv-resize:640:0.image?psm=motor.pc_sh.api,1,0,,,0,0,0,dongchedi_usedcar_series,2026-07-08T21:14:45+08:00
37e71c15e3acaaa95d1dea85,1818,461,奇瑞新能源,瑞虎3xe,https://p3-dcd.byteimg.com/motor-mis-img/afcd49305b29d2757b5a158b6415d2de~tplv-f042mdwyw7-original:tplv-resize:640:0.image?psm=motor.pc_sh.api,1,0,,,0,0,0,dongchedi_usedcar_series,2026-07-08T21:14:45+08:00
9180884b24adb936245cb49d,1820,16,比亚迪,秦EV,https://p9-dcd.byteimg.com/tos-cn-i-dcdx/e99ec39850004eacb14b4f556dd6ec4d~tplv-resize:640:0.png?psm=motor.rank.data,3,210,销量榜,59,2,19,21,dongchedi_ranking|dongchedi_usedcar_series,2026-07-08T21:14:45+08:00
192946894f0e1039a0ed35b4,1821,16,比亚迪,宋EV,https://p9-dcd.byteimg.com/motor-mis-img/6e0fc698a956ff08dbec5fb37a3f1920~tplv-f042mdwyw7-original:tplv-resize:640:0.image?psm=motor.pc_sh.api,1,0,,,0,0,0,dongchedi_usedcar_series,2026-07-08T21:14:45+08:00
0f8a41fdf81286056eb88b72,1823,35,长安,逸动PHEV,https://p9-dcd.byteimg.com/tos-cn-i-dcdx/d05f50a76bf7467db13fcaa1abbd229d~tplv-f042mdwyw7-original:tplv-resize:640:0.image?psm=motor.pc_sh.api,1,0,,,0,0,0,dongchedi_usedcar_series,2026-07-08T21:14:45+08:00
f9191c47bb9cb437ec4be4d5,1824,73,吉利汽车,帝豪PHEV,https://p3-dcd.byteimg.com/motor-mis-img/88f1c43d0a8b767d7c6367fd552c1152~tplv-f042mdwyw7-original:tplv-resize:640:0.image?psm=motor.pc_sh.api,1,0,,,0,0,0,dongchedi_usedcar_series,2026-07-08T21:14:45+08:00
dd0bd117e3a7996f4e0d6004,1825,108,大通,新途EV80,https://p3-dcd.byteimg.com/tos-cn-i-dcdx/ef4accac64b54995a3a93578c8191348~tplv-f042mdwyw7-original:tplv-resize:640:0.image?psm=motor.pc_sh.api,1,0,,,0,0,0,dongchedi_usedcar_series,2026-07-08T21:14:45+08:00
22b4852cdacb1e7e6efb03d2,1827,36,荣威,荣威ERX5,https://p3-dcd.byteimg.com/motor-mis-img/78d003177eb805ed854043cebce11d7e~tplv-f042mdwyw7-original:tplv-resize:640:0.image?psm=motor.pc_sh.api,1,0,,,0,0,0,dongchedi_usedcar_series,2026-07-08T21:14:45+08:00
f6d7953003879e0af7c4615e,1833,16,比亚迪,元EV,https://p9-dcd.byteimg.com/motor-mis-img/99d44ae29d77008b6fe39077f9b44fc0~tplv-f042mdwyw7-original:tplv-resize:640:0.image?psm=motor.pc_sh.api,1,0,,,0,0,0,dongchedi_usedcar_series,2026-07-08T21:14:45+08:00
a9f7d917d9f7231c9a1da8bf,1838,133,金旅,金旅海狮EV,https://p3-dcd.byteimg.com/motor-mis-img/d7d0f2c5130216d24e90e6a0767660a9~tplv-f042mdwyw7-original:tplv-resize:640:0.image?psm=motor.pc_sh.api,1,0,,,0,0,0,dongchedi_usedcar_series,2026-07-08T21:14:45+08:00
8bf9ac71a1a7b13154b9df9c,1843,27,奔腾,奔腾B30 EV,https://p9-dcd.byteimg.com/motor-mis-img/d9cd525a5e574a630acc73e1488db8da~tplv-f042mdwyw7-original:tplv-resize:640:0.image?psm=motor.pc_sh.api,1,0,,,0,0,0,dongchedi_usedcar_series,2026-07-08T21:14:45+08:00
97eb23b0062ed123e8be4fad,1862,95,东风风光,风光,https://p9-dcd.byteimg.com/motor-mis-img/e2edd3a5d1d1b0cf19029f5fdb9169ca~tplv-f042mdwyw7-original:tplv-resize:640:0.image?psm=motor.pc_sh.api,1,0,,,0,0,0,dongchedi_usedcar_series,2026-07-08T21:14:45+08:00
15b7dc83b0e89bb532185084,1868,90,依维柯,都灵,https://p3-dcd.byteimg.com/motor-mis-img/c9d51053e7e1d7306e0822562352bbe3~tplv-f042mdwyw7-original:tplv-resize:640:0.image?psm=motor.pc_sh.api,1,0,,,0,0,0,dongchedi_usedcar_series,2026-07-08T21:14:45+08:00
b939a6fc4f61edc7c22674aa,1870,9,本田,思域(进口),https://p3-dcd.byteimg.com/tos-cn-i-dcdx/85885ef0026e473b9d6d0457ca00e07c~tplv-f042mdwyw7-original:tplv-resize:640:0.image?psm=motor.pc_sh.api,1,0,,,0,0,0,dongchedi_usedcar_series,2026-07-08T21:14:45+08:00
cf939d73d307f45e28728d51,1890,247,领途汽车,领途E行,https://p9-dcd.byteimg.com/motor-mis-img/2f05b67266ee77d1263f8a159c2e43d5~tplv-f042mdwyw7-original:tplv-resize:640:0.image?psm=motor.pc_sh.api,1,0,,,0,0,0,dongchedi_usedcar_series,2026-07-08T21:14:45+08:00
c57760ab6250c9cdaba27ce3,1899,160,威麟,威麟H3,https://p9-dcd.byteimg.com/motor-mis-img/ad147c9f1c6c5b578e465a92ac8966d5~tplv-f042mdwyw7-original:tplv-resize:640:0.image?psm=motor.pc_sh.api,1,0,,,0,0,0,dongchedi_usedcar_series,2026-07-08T21:14:45+08:00
011ff62e10369b0cfbba0123,1902,145,Lorinser,Lorinser S级,https://p9-dcd.byteimg.com/motor-mis-img/25e5ca8b5df47cbab2e74f7c2761db4c~tplv-f042mdwyw7-original:tplv-resize:640:0.image?psm=motor.pc_sh.api,1,0,,,0,0,0,dongchedi_usedcar_series,2026-07-08T21:14:45+08:00
7d61163e96ef2bdcbebdcdbb,1910,198,瑞驰,瑞驰EC35,https://p3-dcd.byteimg.com/motor-mis-img/6b911d7d4df3fc67e1b572f2eda5389e~tplv-f042mdwyw7-original:tplv-resize:640:0.image?psm=motor.pc_sh.api,1,0,,,0,0,0,dongchedi_usedcar_series,2026-07-08T21:14:45+08:00
7330c00603ad48ee2e13fce2,1915,185,威马汽车,威马EX5,https://p3-dcd.byteimg.com/motor-mis-img/674ada0515737833a6fa6ad2d2b8f748~tplv-f042mdwyw7-original:tplv-resize:640:0.image?psm=motor.pc_sh.api,1,0,,,0,0,0,dongchedi_usedcar_series,2026-07-08T21:14:45+08:00
4abe3c2fa4cc3bd1bffcd4f3,1916,237,广汽集团,祺智PHEV,https://p3-dcd.byteimg.com/motor-mis-img/025078089027af548927078e6cdcd2f4~tplv-f042mdwyw7-original:tplv-resize:640:0.image?psm=motor.pc_sh.api,1,0,,,0,0,0,dongchedi_usedcar_series,2026-07-08T21:14:45+08:00
64782b74d5073740dfa32d52,1919,190,君马汽车,君马MEET 3(美图3),https://p9-dcd.byteimg.com/motor-mis-img/4a37e325e1d07b94c16134d00e55bdff~tplv-f042mdwyw7-original:tplv-resize:640:0.image?psm=motor.pc_sh.api,1,0,,,0,0,0,dongchedi_usedcar_series,2026-07-08T21:14:45+08:00
aed8cf31fb97fd148522594c,1920,106,五十铃,TAGA达咖,https://p3-dcd.byteimg.com/motor-mis-img/86eec21d676fe9d1a5e1b9980453b476~tplv-f042mdwyw7-original:tplv-resize:640:0.image?psm=motor.pc_sh.api,1,0,,,0,0,0,dongchedi_usedcar_series,2026-07-08T21:14:45+08:00
afc2a325c4fa85d707bd35d4,1929,205,Fisker,Karma,https://p3-dcd.byteimg.com/motor-mis-img/38477f659a87c0de9bc2ea3c8cf2a6b9~tplv-f042mdwyw7-original:tplv-resize:640:0.image?psm=motor.pc_sh.api,1,0,,,0,0,0,dongchedi_usedcar_series,2026-07-08T21:14:45+08:00
e5c2e33e0f29ccc91eb2afe2,1931,40,广汽传祺,传祺GA4,https://p3-dcd.byteimg.com/motor-mis-img/b35744afd267f4f0ce0dc75e816103e7~tplv-f042mdwyw7-original:tplv-resize:640:0.image?psm=motor.pc_sh.api,1,0,,,0,0,0,dongchedi_usedcar_series,2026-07-08T21:14:45+08:00
6a67a53df7306e36e1f6cd2e,1934,207,零跑汽车,零跑S01,https://p3-dcd.byteimg.com/motor-mis-img/3b318ce984dc799f5fe64c2b8a74b54d~tplv-f042mdwyw7-original:tplv-resize:640:0.image?psm=motor.pc_sh.api,1,0,,,0,0,0,dongchedi_usedcar_series,2026-07-08T21:14:45+08:00
69bd09454100f1a61679e92b,1938,209,捷途,捷途X70,https://p9-dcd.byteimg.com/tos-cn-i-dcdx/b201641562bd47e39c33bd0dc2e0aeb5~tplv-resize:640:0.png?psm=motor.rank.data,3,218,销量榜,12,17,83,100,dongchedi_ranking|dongchedi_usedcar_series,2026-07-08T21:14:45+08:00
265225b002e26900a7b864da,1939,67,一汽,骏派D80,https://p9-dcd.byteimg.com/motor-mis-img/098dfb36d498bf47367c55c091223053~tplv-f042mdwyw7-original:tplv-resize:640:0.image?psm=motor.pc_sh.api,1,0,,,0,0,0,dongchedi_usedcar_series,2026-07-08T21:14:45+08:00
9cc1a3c8d2d6bfbc06631060,1954,36,荣威,荣威Marvel X,https://p3-dcd.byteimg.com/motor-mis-img/92a00b1474f8beac5146f03d7e17649c~tplv-f042mdwyw7-original:tplv-resize:640:0.image?psm=motor.pc_sh.api,1,0,,,0,0,0,dongchedi_usedcar_series,2026-07-08T21:14:45+08:00
f262685ad4e6030452e948c5,1955,62,林肯,航海家(进口),https://p3-dcd.byteimg.com/motor-mis-img/0d7bd1d3b7130cba7c1b2749548e0299~tplv-f042mdwyw7-original:tplv-resize:640:0.image?psm=motor.pc_sh.api,1,0,,,0,0,0,dongchedi_usedcar_series,2026-07-08T21:14:45+08:00
06489b4f195ee425b094a383,1958,86,迈凯伦,迈凯伦塞纳,https://p3-dcd.byteimg.com/motor-mis-img/7b5ec6de28179f085d2c379c84f0c610~tplv-f042mdwyw7-original:tplv-resize:640:0.image?psm=motor.pc_sh.api,1,0,,,0,0,0,dongchedi_usedcar_series,2026-07-08T21:14:45+08:00
77fe3f247f1d275963b5c92b,1975,14,Jeep,大指挥官,https://p3-dcd.byteimg.com/motor-mis-img/6f3c633a71eaa28e42a657b0f2859aa3~tplv-f042mdwyw7-original:tplv-resize:640:0.image?psm=motor.pc_sh.api,1,0,,,0,0,0,dongchedi_usedcar_series,2026-07-08T21:14:45+08:00
b18ef23b949d45d02d6762d1,1977,1,大众,探歌,https://p9-dcd.byteimg.com/tos-cn-i-dcdx/854d92c324144a8baf7f4a1229768f5e~tplv-resize:640:0.png?psm=motor.rank.data,3,218,销量榜,11,3,75,78,dongchedi_ranking|dongchedi_usedcar_series,2026-07-08T21:14:45+08:00
d8f7b651e03116ce3cb7f467,1990,119,长安欧尚,长安欧尚科赛,https://p3-dcd.byteimg.com/motor-mis-img/66dce233c613b5b59f93941744e6014a~tplv-f042mdwyw7-original:tplv-resize:640:0.image?psm=motor.pc_sh.api,1,0,,,0,0,0,dongchedi_usedcar_series,2026-07-08T21:14:45+08:00
8d2686657e89d0ce3144d8b9,2004,273,捷尼赛思,捷尼赛思GV80,https://p3-dcd.byteimg.com/tos-cn-i-dcdx/45a30bfab9ac467fabb05a647a2f4454~tplv-f042mdwyw7-original:tplv-resize:640:0.image?psm=motor.pc_sh.api,1,0,,,0,0,0,dongchedi_usedcar_series,2026-07-08T21:14:45+08:00
eebf17c03b7d973fce1afa8b,2036,273,捷尼赛思,捷尼赛思G80,https://p3-dcd.byteimg.com/tos-cn-i-dcdx/5e12bc43204c4db4a919b9d59aa67702~tplv-f042mdwyw7-original:tplv-resize:640:0.image?psm=motor.pc_sh.api,1,0,,,0,0,0,dongchedi_usedcar_series,2026-07-08T21:14:45+08:00
66e8eddef40957a886e32346,2069,41,劳斯莱斯,库里南,https://p9-dcd.byteimg.com/tos-cn-i-dcdx/e11d781c059a445e845ca39dbe0ea476~tplv-f042mdwyw7-original:tplv-resize:640:0.image?psm=motor.pc_sh.api,1,0,,,0,0,0,dongchedi_usedcar_series,2026-07-08T21:14:45+08:00
2c145a55474aa1a8fa1e5e10,2074,31,捷豹,捷豹I-PACE,https://p9-dcd.byteimg.com/motor-mis-img/75a43e5b237d6a99c6414a796bef2d44~tplv-f042mdwyw7-original:tplv-resize:640:0.image?psm=motor.pc_sh.api,1,0,,,0,0,0,dongchedi_usedcar_series,2026-07-08T21:14:45+08:00
b1853c355f8bb725b7ebffa4,2102,2,奥迪,奥迪e-tron(进口),https://p3-dcd.byteimg.com/motor-mis-img/c7ecefc68dc108ea7315c0c737a21fce~tplv-f042mdwyw7-original:tplv-resize:640:0.image?psm=motor.pc_sh.api,1,0,,,0,0,0,dongchedi_usedcar_series,2026-07-08T21:14:45+08:00
514f57a87d565d0ea779c208,2113,273,捷尼赛思,捷尼赛思G90,https://p3-dcd.byteimg.com/tos-cn-i-dcdx/91f0d248ad684df59ba70658cc879355~tplv-f042mdwyw7-original:tplv-resize:640:0.image?psm=motor.pc_sh.api,1,0,,,0,0,0,dongchedi_usedcar_series,2026-07-08T21:14:45+08:00
dc8d535eee7752477eefb6a6,2122,5,丰田,KIKAI,https://p3-dcd.byteimg.com/motor-mis-img/d5f872972a1cada5949849470807650e~tplv-f042mdwyw7-original:tplv-resize:640:0.image?psm=motor.pc_sh.api,1,0,,,0,0,0,dongchedi_usedcar_series,2026-07-08T21:14:45+08:00
2fad8cc487952c7b7afc9a0a,2130,5,丰田,4Runner,https://p3-dcd.byteimg.com/tos-cn-i-dcdx/04bc4d60bfdd46c188e54b248f68e5ff~tplv-f042mdwyw7-original:tplv-resize:640:0.image?psm=motor.pc_sh.api,1,0,,,0,0,0,dongchedi_usedcar_series,2026-07-08T21:14:45+08:00
78578313b59055bdaeb25104,2140,5,丰田,Sienta,https://p3-dcd.byteimg.com/tos-cn-i-dcdx/736263ae1366444ba525b822d06aff44~tplv-f042mdwyw7-original:tplv-resize:640:0.image?psm=motor.pc_sh.api,1,0,,,0,0,0,dongchedi_usedcar_series,2026-07-08T21:14:45+08:00
1b3faf3b3039480e55cead30,2143,126,汉腾汽车,幸福e+,https://p9-dcd.byteimg.com/motor-mis-img/168682f5af54b52959a9f02b930138bd~tplv-f042mdwyw7-original:tplv-resize:640:0.image?psm=motor.pc_sh.api,1,0,,,0,0,0,dongchedi_usedcar_series,2026-07-08T21:14:45+08:00
890df9ccf68ef9e5d997d621,2151,59,红旗,红旗HS7,https://p9-dcd.byteimg.com/tos-cn-i-dcdx/a2923428f5184443b04d251e0b636559~tplv-resize:640:0.png?psm=motor.rank.data,3,28,销量榜,206,3,28,31,dongchedi_ranking|dongchedi_usedcar_series,2026-07-08T21:14:45+08:00
35ad123d8f43d35ef46d0767,2163,5,丰田,威尔法,https://p3-dcd.byteimg.com/tos-cn-i-dcdx/fa866b1aaae24d9b85a31872acf54883~tplv-f042mdwyw7-original:tplv-resize:640:0.image?psm=motor.pc_sh.api,1,0,,,0,0,0,dongchedi_usedcar_series,2026-07-08T21:14:45+08:00
c2225af464521d0dfdbcc077,2167,73,吉利汽车,嘉际,https://p3-dcd.byteimg.com/tos-cn-i-dcdx/e3a74384c2814a4396c8f248855bcaf3~tplv-f042mdwyw7-original:tplv-resize:640:0.image?psm=motor.pc_sh.api,1,0,,,0,0,0,dongchedi_usedcar_series,2026-07-08T21:14:45+08:00
d2dcce83ff80c37ae9d35937,2172,5,丰田,亚洲龙(海外),https://p3-dcd.byteimg.com/tos-cn-i-dcdx/5fbf95a8c77742e89bad3150656069fc~tplv-f042mdwyw7-original:tplv-resize:640:0.image?psm=motor.pc_sh.api,1,0,,,0,0,0,dongchedi_usedcar_series,2026-07-08T21:14:45+08:00
6f8565c6e8524e91c41a057b,2174,5,丰田,柯斯达(海外),https://p3-dcd.byteimg.com/motor-mis-img/fb1d6b4c33ccc485398cab83cb57a6d1~tplv-f042mdwyw7-original:tplv-resize:640:0.image?psm=motor.pc_sh.api,1,0,,,0,0,0,dongchedi_usedcar_series,2026-07-08T21:14:45+08:00
be9f329108beeb6b3e8b6d60,2182,80,阿斯顿·马丁,阿斯顿·马丁DBX,https://p3-dcd.byteimg.com/tos-cn-i-dcdx/56cd694eed7348dbadbd5bfd7980ffb0~tplv-f042mdwyw7-original:tplv-resize:640:0.image?psm=motor.pc_sh.api,1,0,,,0,0,0,dongchedi_usedcar_series,2026-07-08T21:14:45+08:00
e0a8be26f6a4639434dc2667,2185,2,奥迪,奥迪SQ7,https://p3-dcd.byteimg.com/tos-cn-i-dcdx/f2459b4a35e445dc909499a8e4721af9~tplv-f042mdwyw7-original:tplv-resize:640:0.image?psm=motor.pc_sh.api,1,0,,,0,0,0,dongchedi_usedcar_series,2026-07-08T21:14:45+08:00
1292c59e380b48e81e0fb0a5,2186,54,道奇,Charger,https://p3-dcd.byteimg.com/motor-mis-img/0524827628dd7e39a344d8743ea0c86b~tplv-f042mdwyw7-original:tplv-resize:640:0.image?psm=motor.pc_sh.api,1,0,,,0,0,0,dongchedi_usedcar_series,2026-07-08T21:14:45+08:00
c69800c51294663afaa4f8b2,2197,56,菲亚特,菲亚特124,https://p3-dcd.byteimg.com/motor-mis-img/f7b35baf2291a5cbfa3c0ee52962bcad~tplv-f042mdwyw7-original:tplv-resize:640:0.image?psm=motor.pc_sh.api,1,0,,,0,0,0,dongchedi_usedcar_series,2026-07-08T21:14:45+08:00
45433ddca10b7bd245ad31fe,2203,22,雷克萨斯,雷克萨斯UX,https://p3-dcd.byteimg.com/tos-cn-i-dcdx/79a1266ad8db4182b258b88596bca25e~tplv-f042mdwyw7-original:tplv-resize:640:0.image?psm=motor.pc_sh.api,1,0,,,0,0,0,dongchedi_usedcar_series,2026-07-08T21:14:45+08:00
433b9d75cecba36f3c4a0017,2248,36,荣威,荣威RX8,https://p3-dcd.byteimg.com/motor-mis-img/698c942eb4d5973d1babe5371eb624f7~tplv-f042mdwyw7-original:tplv-resize:640:0.image?psm=motor.pc_sh.api,1,0,,,0,0,0,dongchedi_usedcar_series,2026-07-08T21:14:45+08:00
d7a6b7ce163074171d543c84,2257,139,开瑞,优优EV,https://p9-dcd.byteimg.com/motor-mis-img/d931cb31eb351d80820cbeea337d6214~tplv-f042mdwyw7-original:tplv-resize:640:0.image?psm=motor.pc_sh.api,1,0,,,0,0,0,dongchedi_usedcar_series,2026-07-08T21:14:45+08:00
0cfbd082a89ec3868f54ec17,2258,107,野马汽车,博骏,https://p3-dcd.byteimg.com/motor-mis-img/f17ea83b6e507cee19b125beda38af1a~tplv-f042mdwyw7-original:tplv-resize:640:0.image?psm=motor.pc_sh.api,1,0,,,0,0,0,dongchedi_usedcar_series,2026-07-08T21:14:45+08:00
312a5fa5291b1a81fd7a1c20,2273,9,本田,雅阁(进口),https://p3-dcd.byteimg.com/motor-mis-img/5b962cddacf321c602ec3edd92d4b560~tplv-f042mdwyw7-original:tplv-resize:640:0.image?psm=motor.pc_sh.api,1,0,,,0,0,0,dongchedi_usedcar_series,2026-07-08T21:14:45+08:00
cf6f20ffb018081b030508cd,2276,54,道奇,挑战者,https://p3-dcd.byteimg.com/motor-mis-img/c977eaee1cc96a5bdfe46c90194e0556~tplv-f042mdwyw7-original:tplv-resize:640:0.image?psm=motor.pc_sh.api,1,0,,,0,0,0,dongchedi_usedcar_series,2026-07-08T21:14:45+08:00
e9dd0d5b72fd5a35ef63b27f,2311,32,江汽集团,江淮iEVA50,https://p3-dcd.byteimg.com/motor-mis-img/c85420f90d04489131ae6c51aad6faa2~tplv-f042mdwyw7-original:tplv-resize:640:0.image?psm=motor.pc_sh.api,1,0,,,0,0,0,dongchedi_usedcar_series,2026-07-08T21:14:45+08:00
4f949936454c7f4b5996abad,2315,35,长安,逸动DT,https://p9-dcd.byteimg.com/motor-mis-img/2eb5d0ad4499c08c659400c611fcde08~tplv-f042mdwyw7-original:tplv-resize:640:0.image?psm=motor.pc_sh.api,1,0,,,0,0,0,dongchedi_usedcar_series,2026-07-08T21:14:45+08:00
93fa7d37fcd09f63cfcb3fa0,2316,54,道奇,挑战者 SRT,https://p3-dcd.byteimg.com/motor-mis-img/16223c881d6ef4083edb7fc3d1ef65d0~tplv-f042mdwyw7-original:tplv-resize:640:0.image?psm=motor.pc_sh.api,1,0,,,0,0,0,dongchedi_usedcar_series,2026-07-08T21:14:45+08:00
67aee0c01c119f06846d8e36,2351,54,道奇,Charger SRT,https://p3-dcd.byteimg.com/motor-mis-img/e553ce53b604c133a0f5f063e2269fac~tplv-f042mdwyw7-original:tplv-resize:640:0.image?psm=motor.pc_sh.api,1,0,,,0,0,0,dongchedi_usedcar_series,2026-07-08T21:14:45+08:00
079aeea1679de4aa02234c6e,2352,6,雪佛兰,City Express,https://p3-dcd.byteimg.com/tos-cn-i-dcdx/9b8195b710f946c2b5135587eb997555~tplv-f042mdwyw7-original:tplv-resize:640:0.image?psm=motor.pc_sh.api,1,0,,,0,0,0,dongchedi_usedcar_series,2026-07-08T21:14:45+08:00
4789adf9cb433efde87d3257,2358,46,雷诺,Duster Detour,https://p3-dcd.byteimg.com/motor-mis-img/8d03aad89de9a2bd5230b4a5b4d44f62~tplv-f042mdwyw7-original:tplv-resize:640:0.image?psm=motor.pc_sh.api,1,0,,,0,0,0,dongchedi_usedcar_series,2026-07-08T21:14:45+08:00
4021d2da266419fe28fd1835,2362,54,道奇,Durango,https://p3-dcd.byteimg.com/tos-cn-i-dcdx/bf76e310656b4c038d6f6fe22eb93fc5~tplv-f042mdwyw7-original:tplv-resize:640:0.image?psm=motor.pc_sh.api,1,0,,,0,0,0,dongchedi_usedcar_series,2026-07-08T21:14:45+08:00
602c4d5776e427ccfe37ef34,2383,10,日产,Titan,https://p3-dcd.byteimg.com/motor-mis-img/c257a3e8a8f2994011315b44c3466230~tplv-f042mdwyw7-original:tplv-resize:640:0.image?psm=motor.pc_sh.api,1,0,,,0,0,0,dongchedi_usedcar_series,2026-07-08T21:14:45+08:00
62c37791d72c428639845618,2408,6,雪佛兰,Suburban,https://p3-dcd.byteimg.com/tos-cn-i-dcdx/2914c139f91d444882118597b141a391~tplv-f042mdwyw7-original:tplv-resize:640:0.image?psm=motor.pc_sh.api,1,0,,,0,0,0,dongchedi_usedcar_series,2026-07-08T21:14:45+08:00
d674a93b36111b113f5c842e,2471,118,博速,博速 G级,https://p3-dcd.byteimg.com/tos-cn-i-dcdx/717390eaaa694e9593925eee343e8f9b~tplv-f042mdwyw7-original:tplv-resize:640:0.image?psm=motor.pc_sh.api,1,0,,,0,0,0,dongchedi_usedcar_series,2026-07-08T21:14:45+08:00
9fbbd6680a1fed4980dc79b5,2514,1,大众,Taigun,https://p3-dcd.byteimg.com/motor-mis-img/7e5f49069b6932d538e615310674a2d2~tplv-f042mdwyw7-original:tplv-resize:640:0.image?psm=motor.pc_sh.api,1,0,,,0,0,0,dongchedi_usedcar_series,2026-07-08T21:14:45+08:00
b983b2d363b88fbce0a37972,2567,5,丰田,皇冠(进口),https://p3-dcd.byteimg.com/tos-cn-i-dcdx/a78519eac3f2428db9e2909631425934~tplv-f042mdwyw7-original:tplv-resize:640:0.image?psm=motor.pc_sh.api,1,0,,,0,0,0,dongchedi_usedcar_series,2026-07-08T21:14:45+08:00
46b812a4be98ceffb8986e0d,2571,133,金旅,金旅考斯特,https://p3-dcd.byteimg.com/motor-mis-img/141304d06baa42bde8e49205c3e4fe4a~tplv-f042mdwyw7-original:tplv-resize:640:0.image?psm=motor.pc_sh.api,1,0,,,0,0,0,dongchedi_usedcar_series,2026-07-08T21:14:45+08:00
ce4dc071433d386b62eb53c0,2582,60,北汽昌河,昌河北斗星,https://p9-dcd.byteimg.com/motor-mis-img/2a6fa303c25bf5136ae73cc493275797~tplv-f042mdwyw7-original:tplv-resize:640:0.image?psm=motor.pc_sh.api,1,0,,,0,0,0,dongchedi_usedcar_series,2026-07-08T21:14:45+08:00
96bb213122246575726bd5d9,2592,4,宝马,宝马M8,https://p3-dcd.byteimg.com/motor-mis-img/79eb819d9c114401d0367e4afbd9fbd9~tplv-f042mdwyw7-original:tplv-resize:640:0.image?psm=motor.pc_sh.api,1,0,,,0,0,0,dongchedi_usedcar_series,2026-07-08T21:14:45+08:00
55c8cfafb6ca9660bf91d4ca,2613,5,丰田,Harrier(海外),https://p3-dcd.byteimg.com/tos-cn-i-dcdx/51aff9817e824e35af2a39d39c4f76be~tplv-f042mdwyw7-original:tplv-resize:640:0.image?psm=motor.pc_sh.api,1,0,,,0,0,0,dongchedi_usedcar_series,2026-07-08T21:14:45+08:00
f373354ff2a5ce3249d5a19d,2621,3,奔驰,奔驰V级(海外),https://p3-dcd.byteimg.com/tos-cn-i-dcdx/df0c189b316e4f859c5c011e9b57004a~tplv-f042mdwyw7-original:tplv-resize:640:0.image?psm=motor.pc_sh.api,1,0,,,0,0,0,dongchedi_usedcar_series,2026-07-08T21:14:45+08:00
f0ab3e6f91a5d03bc1c76adf,2628,90,依维柯,Iveco VISION,https://p3-dcd.byteimg.com/motor-mis-img/42518bbb719d41549df09ec9ecc03f4e~tplv-f042mdwyw7-original:tplv-resize:640:0.image?psm=motor.pc_sh.api,1,0,,,0,0,0,dongchedi_usedcar_series,2026-07-08T21:14:45+08:00
ecb3ce91aae2f58cce938d86,2637,29,英菲尼迪,英菲尼迪Q80,https://p3-dcd.byteimg.com/motor-mis-img/fcd7ccebcefa9b7f24943853e8de3c2b~tplv-f042mdwyw7-original:tplv-resize:640:0.image?psm=motor.pc_sh.api,1,0,,,0,0,0,dongchedi_usedcar_series,2026-07-08T21:14:45+08:00
f73e744c52226c303742e38a,2655,64,众泰,众泰T800,https://p9-dcd.byteimg.com/motor-mis-img/67dc87444e73768b70dbdf122f7d43cf~tplv-f042mdwyw7-original:tplv-resize:640:0.image?psm=motor.pc_sh.api,1,0,,,0,0,0,dongchedi_usedcar_series,2026-07-08T21:14:45+08:00
d165f9b7fbeac26f3f03b5c8,2698,33,斯巴鲁,斯巴鲁WRX,https://p3-dcd.byteimg.com/tos-cn-i-dcdx/10dcf9117d48447e895d6ac5c369c1b8~tplv-f042mdwyw7-original:tplv-resize:640:0.image?psm=motor.pc_sh.api,1,0,,,0,0,0,dongchedi_usedcar_series,2026-07-08T21:14:45+08:00
d8cb426f6e4c1af1c4bca3d6,2702,10,日产,途达,https://p3-dcd.byteimg.com/motor-mis-img/4fb69a37d8e0b84f5ba9d634e58c00f5~tplv-f042mdwyw7-original:tplv-resize:640:0.image?psm=motor.pc_sh.api,1,0,,,0,0,0,dongchedi_usedcar_series,2026-07-08T21:14:45+08:00
e86bb5e7e28a5b3a30e2775f,2716,3,奔驰,奔驰E级PHEV,https://p3-dcd.byteimg.com/tos-cn-i-dcdx/2f1232196b204857b0ec1607add99224~tplv-f042mdwyw7-original:tplv-resize:640:0.image?psm=motor.pc_sh.api,1,0,,,0,0,0,dongchedi_usedcar_series,2026-07-08T21:14:45+08:00
b897a2ef865ee112f5ab58c1,2726,47,宾利,添越PHEV,https://p3-dcd.byteimg.com/tos-cn-i-dcdx/59fef574dbab477da53bfbf1c32c1d50~tplv-f042mdwyw7-original:tplv-resize:640:0.image?psm=motor.pc_sh.api,1,0,,,0,0,0,dongchedi_usedcar_series,2026-07-08T21:14:45+08:00
2dea3b8895ee0bc0603b9862,2735,5,丰田,Supra,https://p3-dcd.byteimg.com/motor-mis-img/16db4edc7be4bf9f8043191fff2c17c8~tplv-f042mdwyw7-original:tplv-resize:640:0.image?psm=motor.pc_sh.api,1,0,,,0,0,0,dongchedi_usedcar_series,2026-07-08T21:14:45+08:00
c1857f056dbb54070e297f75,2765,174,领克,领克02,https://p9-dcd.byteimg.com/motor-mis-img/2509e6110052489d6a45bdf28f3e5ad7~tplv-f042mdwyw7-original:tplv-resize:640:0.image?psm=motor.pc_sh.api,1,0,,,0,0,0,dongchedi_usedcar_series,2026-07-08T21:14:45+08:00
4d692d3281e10a6e886ba0c6,2778,62,林肯,飞行家(进口),https://p3-dcd.byteimg.com/tos-cn-i-dcdx/256d57632f214fa4915d29d3f043f02a~tplv-f042mdwyw7-original:tplv-resize:640:0.image?psm=motor.pc_sh.api,1,0,,,0,0,0,dongchedi_usedcar_series,2026-07-08T21:14:45+08:00
48478ebc1d3fcc1149c9318f,2779,157,SWM斯威汽车,斯威G01,https://p3-dcd.byteimg.com/motor-mis-img/ebaf0a6393b02410b033ae200675abdc~tplv-f042mdwyw7-original:tplv-resize:640:0.image?psm=motor.pc_sh.api,1,0,,,0,0,0,dongchedi_usedcar_series,2026-07-08T21:14:45+08:00
c6b3e79555611dbeb2778914,2793,67,一汽,森雅R9,https://p9-dcd.byteimg.com/motor-mis-img/61e7759843ce00eb303bd54fc2ebfff2~tplv-f042mdwyw7-original:tplv-resize:640:0.image?psm=motor.pc_sh.api,1,0,,,0,0,0,dongchedi_usedcar_series,2026-07-08T21:14:45+08:00
cf6e5c03ddc4feb4fc53f091,2794,18,奇瑞,瑞虎8,https://p9-dcd.byteimg.com/tos-cn-i-dcdx/8948b3d3dd0847c8ae890e92abf22cfc~tplv-resize:640:0.png?psm=motor.rank.data,3,218,销量榜,5,10,95,105,dongchedi_ranking|dongchedi_usedcar_series,2026-07-08T21:14:45+08:00
d0e2413cc5f438d0acd7c8ee,2799,73,吉利汽车,博瑞,https://p3-dcd.byteimg.com/motor-mis-img/15540b28144163c8285da7d052aebd90~tplv-f042mdwyw7-original:tplv-resize:640:0.image?psm=motor.pc_sh.api,1,0,,,0,0,0,dongchedi_usedcar_series,2026-07-08T21:14:45+08:00
47d5c1df36ec362e8f332d3c,2805,231,SERES赛力斯,赛力斯SF5,https://p3-dcd.byteimg.com/motor-mis-img/d3d1e81f816d273258a81a867be42e34~tplv-f042mdwyw7-original:tplv-resize:640:0.image?psm=motor.pc_sh.api,1,0,,,0,0,0,dongchedi_usedcar_series,2026-07-08T21:14:45+08:00
22ec46c26d9116cf351f050f,2809,28,中华,中华V7,https://p3-dcd.byteimg.com/motor-mis-img/372a9ac661d9689d36a145228ef4bce7~tplv-f042mdwyw7-original:tplv-resize:640:0.image?psm=motor.pc_sh.api,1,0,,,0,0,0,dongchedi_usedcar_series,2026-07-08T21:14:45+08:00
82318df67351fd46c72e1580,2810,193,鑫源汽车,新海狮X30L,https://p3-dcd.byteimg.com/tos-cn-i-dcdx/e704804dc82d4342bd9e15d5fdaf1d56~tplv-f042mdwyw7-original:tplv-resize:640:0.image?psm=motor.pc_sh.api,1,0,,,0,0,0,dongchedi_usedcar_series,2026-07-08T21:14:45+08:00
ee2bc431c76d796ddbacb60e,2812,4,宝马,宝马X3,https://p9-dcd.byteimg.com/tos-cn-i-dcdx/fb1e7339815e45b8a6a0ed3751e70b39~tplv-resize:640:0.png?psm=motor.rank.data,3,161,销量榜,7,7,47,54,dongchedi_ranking|dongchedi_usedcar_series,2026-07-08T21:14:45+08:00
b38b57f1644015598a9f05b1,2813,95,东风风光,风光ix5,https://p9-dcd.byteimg.com/motor-mis-img/9519498106439cdc90e3620b34127cfb~tplv-resize:640:0.png?psm=motor.rank.data,3,9,销量榜,165,4,14,18,dongchedi_ranking|dongchedi_usedcar_series,2026-07-08T21:14:45+08:00
5089f81aae99d01df1282b97,2814,73,吉利汽车,博瑞ePro,https://p3-dcd.byteimg.com/motor-mis-img/f927b4ef4bfed5741b9d03e55408f95f~tplv-f042mdwyw7-original:tplv-resize:640:0.image?psm=motor.pc_sh.api,1,0,,,0,0,0,dongchedi_usedcar_series,2026-07-08T21:14:45+08:00
ccad84906d06fc4f748836bb,2815,10,日产,轩逸·纯电,https://p3-dcd.byteimg.com/motor-mis-img/2e1a70c8457c8d74a94e59a76c6699a6~tplv-f042mdwyw7-original:tplv-resize:640:0.image?psm=motor.pc_sh.api,1,0,,,0,0,0,dongchedi_usedcar_series,2026-07-08T21:14:45+08:00
1c2657f9ee0531596db2ed89,2816,31,捷豹,捷豹E-PACE,https://p9-dcd.byteimg.com/tos-cn-i-dcdx/5e4a299aa9124c058af10d10e237c0cc~tplv-resize:640:0.png?psm=motor.rank.data,3,56,销量榜,135,3,12,15,dongchedi_ranking|dongchedi_usedcar_series,2026-07-08T21:14:45+08:00
e1bffe046b51a653072ea932,2817,21,雪铁龙,云逸 C4 AIRCROSS,https://p3-dcd.byteimg.com/motor-mis-img/de66d5e4449856330e42170d7461f0c7~tplv-f042mdwyw7-original:tplv-resize:640:0.image?psm=motor.pc_sh.api,1,0,,,0,0,0,dongchedi_usedcar_series,2026-07-08T21:14:45+08:00
3ab8a4d2ec62e19e5b3f177d,2818,232,爱驰,爱驰U5,https://p9-dcd.byteimg.com/motor-mis-img/fda5df827c2719c750a5d26cf35d2021~tplv-f042mdwyw7-original:tplv-resize:640:0.image?psm=motor.pc_sh.api,1,0,,,0,0,0,dongchedi_usedcar_series,2026-07-08T21:14:45+08:00
19fd0b89b4c2fc2f79cbf1b9,2819,195,小鹏汽车,小鹏G3,https://p3-dcd.byteimg.com/motor-mis-img/5fe645aae83133a591bb27313ec66986~tplv-f042mdwyw7-original:tplv-resize:640:0.image?psm=motor.pc_sh.api,1,0,,,0,0,0,dongchedi_usedcar_series,2026-07-08T21:14:45+08:00
43600cae5428943a7ace04ac,2820,70,东风风行,风行T5,https://p9-dcd.byteimg.com/motor-mis-img/f064dda2650019f6c0ba1e1f1a96135c~tplv-resize:640:0.png?psm=motor.rank.data,3,56,销量榜,125,13,50,63,dongchedi_ranking|dongchedi_usedcar_series,2026-07-08T21:14:45+08:00
08f231062aa2bafc18289e52,2823,12,别克,微蓝6 PHEV,https://p9-dcd.byteimg.com/motor-mis-img/0306cdfd01457735ee53c1cb940c5aa9~tplv-f042mdwyw7-original:tplv-resize:640:0.image?psm=motor.pc_sh.api,1,0,,,0,0,0,dongchedi_usedcar_series,2026-07-08T21:14:45+08:00
10d8dd8b36f488ec38fa7522,2824,53,海马,福美来F5,https://p9-dcd.byteimg.com/motor-mis-img/7d542324b7a84d4df53f0a1543aa571e~tplv-f042mdwyw7-original:tplv-resize:640:0.image?psm=motor.pc_sh.api,1,0,,,0,0,0,dongchedi_usedcar_series,2026-07-08T21:14:45+08:00
ec53a37895bdecc7b31fcb02,2825,4,宝马,宝马X7,https://p3-dcd.byteimg.com/tos-cn-i-dcdx/36381ae9035e44cfb26f5d2eef29ee54~tplv-f042mdwyw7-original:tplv-resize:640:0.image?psm=motor.pc_sh.api,1,0,,,0,0,0,dongchedi_usedcar_series,2026-07-08T21:14:45+08:00
a48068ca244493f4d3860960,2826,23,斯柯达,柯米克,https://p9-dcd.byteimg.com/tos-cn-i-dcdx/ac257bfc6fb7426da65a627ee52f84c7~tplv-f042mdwyw7-original:tplv-resize:640:0.image?psm=motor.pc_sh.api,1,0,,,0,0,0,dongchedi_usedcar_series,2026-07-08T21:14:45+08:00
b33477082830cb8bd201dfc4,2827,5,丰田,奕泽IZOA,https://p3-dcd.byteimg.com/motor-mis-img/032f79481ca76533e7a56d98770ad4e3~tplv-f042mdwyw7-original:tplv-resize:640:0.image?psm=motor.pc_sh.api,1,0,,,0,0,0,dongchedi_usedcar_series,2026-07-08T21:14:45+08:00
ce56e556748c587fd58b83f6,2828,53,海马,海马8S,https://p9-dcd.byteimg.com/motor-mis-img/8e4dd00202765ac67a4ec8eb3c50c73f~tplv-f042mdwyw7-original:tplv-resize:640:0.image?psm=motor.pc_sh.api,1,0,,,0,0,0,dongchedi_usedcar_series,2026-07-08T21:14:45+08:00
04bd5e5360bc2442250d1538,2829,76,猎豹汽车,Mattu,https://p3-dcd.byteimg.com/motor-mis-img/59692effcc5930043aada9b329cecedc~tplv-f042mdwyw7-original:tplv-resize:640:0.image?psm=motor.pc_sh.api,1,0,,,0,0,0,dongchedi_usedcar_series,2026-07-08T21:14:45+08:00
260f8225af9ee5e3f46aabe7,2830,18,奇瑞,艾瑞泽GX,https://p3-dcd.byteimg.com/motor-mis-img/1ce7235dc3c26f60d7f86ff6311905ce~tplv-f042mdwyw7-original:tplv-resize:640:0.image?psm=motor.pc_sh.api,1,0,,,0,0,0,dongchedi_usedcar_series,2026-07-08T21:14:45+08:00
350464bfc4e5981a24ee90b7,2831,66,魏牌,魏牌 VV6,https://p3-dcd.byteimg.com/motor-mis-img/3bc573e32743d12b62f4b643ef2ffea9~tplv-f042mdwyw7-original:tplv-resize:640:0.image?psm=motor.pc_sh.api,1,0,,,0,0,0,dongchedi_usedcar_series,2026-07-08T21:14:45+08:00
9e0478fa11a3caf69f416a52,2832,40,广汽传祺,传祺M6,https://p9-dcd.byteimg.com/tos-cn-i-dcdx/17ea92c15a414d4b9e54e18d6e01db23~tplv-resize:640:0.png?psm=motor.rank.data,3,218,销量榜,2,6,41,47,dongchedi_ranking|dongchedi_usedcar_series,2026-07-08T21:14:45+08:00
551f0e5d5a712c0e4a1cad3e,2835,1,大众,探岳,https://p9-dcd.byteimg.com/tos-cn-i-dcdx/7eefe32d76bd4d3a97d5a24b520a2df7~tplv-resize:640:0.png?psm=motor.rank.data,3,218,销量榜,2,8,67,75,dongchedi_ranking|dongchedi_usedcar_series,2026-07-08T21:14:45+08:00
0c221939b948cdafd94fb0bf,2836,1,大众,途岳,https://p9-dcd.byteimg.com/tos-cn-i-dcdx/c33c6674860948149e5d808e05ae222d~tplv-resize:640:0.png?psm=motor.rank.data,3,275,销量榜,5,10,56,66,dongchedi_ranking|dongchedi_usedcar_series,2026-07-08T21:14:45+08:00
dc4056490ebbc54d72a5aad7,2841,106,五十铃,铃拓,https://p3-dcd.byteimg.com/tos-cn-i-dcdx/f1d0f81a07604e7e999fa1db5c86ea9e~tplv-f042mdwyw7-original:tplv-resize:640:0.image?psm=motor.pc_sh.api,1,0,,,0,0,0,dongchedi_usedcar_series,2026-07-08T21:14:45+08:00
711b098c1e0e74da9c71126f,2843,112,蔚来,蔚来ES6,https://p9-dcd.byteimg.com/tos-cn-i-dcdx/feffe1ceb54d462ab4c050ad15104810~tplv-resize:640:0.png?psm=motor.rank.data,3,210,销量榜,11,4,30,34,dongchedi_ranking|dongchedi_usedcar_series,2026-07-08T21:14:45+08:00
3723b5a6fb1bb2b75ba421bf,2849,209,捷途,捷途X90,https://p9-dcd.byteimg.com/motor-mis-img/db9398d99c107b4ee74543a8fa39cc8a~tplv-resize:640:0.png?psm=motor.rank.data,3,104,销量榜,157,0,126,126,dongchedi_ranking|dongchedi_usedcar_series,2026-07-08T21:14:45+08:00
f8ca1a2c5b05e2c013e8a430,2850,209,捷途,捷途X95,https://p9-dcd.byteimg.com/tos-cn-i-dcdx/70b2afa92600431fb538904b54ebf4e3~tplv-f042mdwyw7-original:tplv-resize:640:0.image?psm=motor.pc_sh.api,1,0,,,0,0,0,dongchedi_usedcar_series,2026-07-08T21:14:45+08:00
26f1295a1ef6ab151702e8f0,2853,35,长安,长安CS75 PHEV,https://p9-dcd.byteimg.com/motor-mis-img/71d0357c25689df2398c74eaa181b2d7~tplv-f042mdwyw7-original:tplv-resize:640:0.image?psm=motor.pc_sh.api,1,0,,,0,0,0,dongchedi_usedcar_series,2026-07-08T21:14:45+08:00
cc58e968928a25900456d220,2858,60,北汽昌河,北汽EV5,https://p9-dcd.byteimg.com/motor-mis-img/f49e241532567e75a0dca881994522a9~tplv-f042mdwyw7-original:tplv-resize:640:0.image?psm=motor.pc_sh.api,1,0,,,0,0,0,dongchedi_usedcar_series,2026-07-08T21:14:45+08:00
699040d424ec8e5227de5456,2859,17,哈弗,哈弗F5,https://p9-dcd.byteimg.com/motor-mis-img/c2a713ceb342db5afc5bb51275dae64f~tplv-f042mdwyw7-original:tplv-resize:640:0.image?psm=motor.pc_sh.api,1,0,,,0,0,0,dongchedi_usedcar_series,2026-07-08T21:14:45+08:00
ca91914a0742c0389edc3800,2866,235,思皓,思皓E20X,https://p3-dcd.byteimg.com/motor-mis-img/5436aa5e924692ba00ca5ce4858f5070~tplv-f042mdwyw7-original:tplv-resize:640:0.image?psm=motor.pc_sh.api,1,0,,,0,0,0,dongchedi_usedcar_series,2026-07-08T21:14:45+08:00
ee342e106265bb9a7263a122,2867,27,奔腾,奔腾T77,https://p9-dcd.byteimg.com/tos-cn-i-dcdx/208b41b8440a4604b8b663b5a81cfae1~tplv-f042mdwyw7-original:tplv-resize:640:0.image?psm=motor.pc_sh.api,1,0,,,0,0,0,dongchedi_usedcar_series,2026-07-08T21:14:45+08:00
c12201b9c72c99475209989f,2869,16,比亚迪,唐,https://p9-dcd.byteimg.com/motor-mis-img/ec08916600c1ca97f16637af51a1a1ec~tplv-f042mdwyw7-original:tplv-resize:640:0.image?psm=motor.pc_sh.api,1,0,,,0,0,0,dongchedi_usedcar_series,2026-07-08T21:14:45+08:00
231972bc82d6b7c4aa694d0d,2873,70,东风风行,风行M7,https://p3-dcd.byteimg.com/motor-mis-img/dd83b429d3e51b7671c7258ecaecf821~tplv-f042mdwyw7-original:tplv-resize:640:0.image?psm=motor.pc_sh.api,1,0,,,0,0,0,dongchedi_usedcar_series,2026-07-08T21:14:45+08:00
13a0c323db6feb33c7e1fbb0,2875,9,本田,英仕派,https://p9-dcd.byteimg.com/tos-cn-i-dcdx/d7caed4d9e9d4433a4b81cf5807faf26~tplv-resize:640:0.png?psm=motor.rank.data,3,218,销量榜,23,6,28,34,dongchedi_ranking|dongchedi_usedcar_series,2026-07-08T21:14:45+08:00
f0f1ea752e8fe9a1068ae85b,2880,73,吉利汽车,吉利ICON,https://p9-dcd.byteimg.com/tos-cn-i-dcdx/8a98ac95791f4c39a2195c877b52b457~tplv-resize:640:0.png?psm=motor.rank.data,3,161,销量榜,30,2,17,19,dongchedi_ranking|dongchedi_usedcar_series,2026-07-08T21:14:45+08:00
1b19a619ac8eae8ed7de4d67,2881,5,丰田,卡罗拉双擎E+,https://p3-dcd.byteimg.com/motor-mis-img/5d24ebd28604b5143898bbf4ae6f8dae~tplv-f042mdwyw7-original:tplv-resize:640:0.image?psm=motor.pc_sh.api,1,0,,,0,0,0,dongchedi_usedcar_series,2026-07-08T21:14:45+08:00
7749df7204b160501a3f4f30,2882,5,丰田,雷凌双擎E+,https://p3-dcd.byteimg.com/motor-mis-img/7ee7b89c6e39b1635ba477c21f7d0b54~tplv-f042mdwyw7-original:tplv-resize:640:0.image?psm=motor.pc_sh.api,1,0,,,0,0,0,dongchedi_usedcar_series,2026-07-08T21:14:45+08:00
f79e3d0044e219549a15b6bf,2883,174,领克,领克01 EM-P,https://p9-dcd.byteimg.com/motor-mis-img/1b7a153b55bfaf41e0a0cf1f0e7b9995~tplv-f042mdwyw7-original:tplv-resize:640:0.image?psm=motor.pc_sh.api,1,0,,,0,0,0,dongchedi_usedcar_series,2026-07-08T21:14:45+08:00
fe5da67acfdc2afc62c99c10,2887,16,比亚迪,宋MAX DM,https://p9-dcd.byteimg.com/motor-mis-img/7ec97e2a0cd2675c197335c8319f94b1~tplv-f042mdwyw7-original:tplv-resize:640:0.image?psm=motor.pc_sh.api,1,0,,,0,0,0,dongchedi_usedcar_series,2026-07-08T21:14:45+08:00
254923744a4100c576aaaf59,2889,11,现代,菲斯塔,https://p9-dcd.byteimg.com/motor-mis-img/59c714d0afdd6fbe61a5108d3c29327f~tplv-f042mdwyw7-original:tplv-resize:640:0.image?psm=motor.pc_sh.api,1,0,,,0,0,0,dongchedi_usedcar_series,2026-07-08T21:14:45+08:00
dec70d44fe68c9fd9883254b,2890,13,起亚,奕跑,https://p9-dcd.byteimg.com/motor-mis-img/3634d1e1b33e9b6c6c8163d55fcca20c~tplv-resize:640:0.png?psm=motor.rank.data,3,161,销量榜,7,2,15,17,dongchedi_ranking|dongchedi_usedcar_series,2026-07-08T21:14:45+08:00
92a368a63fa96acaf7502e86,2897,11,现代,逸行,https://p9-dcd.byteimg.com/motor-mis-img/69ac607021eb14fdbed373adeae576d7~tplv-f042mdwyw7-original:tplv-resize:640:0.image?psm=motor.pc_sh.api,1,0,,,0,0,0,dongchedi_usedcar_series,2026-07-08T21:14:45+08:00
6d0e14fbfcf758814ba31620,2901,13,起亚,起亚K5 PHEV,https://p3-dcd.byteimg.com/motor-mis-img/7b40d2a80d9dbcd6a23e454431b19f67~tplv-f042mdwyw7-original:tplv-resize:640:0.image?psm=motor.pc_sh.api,1,0,,,0,0,0,dongchedi_usedcar_series,2026-07-08T21:14:45+08:00
5507f4636101b6c9b41e848a,2905,236,乔治·巴顿,战车,https://p3-dcd.byteimg.com/motor-mis-img/2b85ca9dba25d2e6cf5c246c2ab33ae0~tplv-f042mdwyw7-original:tplv-resize:640:0.image?psm=motor.pc_sh.api,1,0,,,0,0,0,dongchedi_usedcar_series,2026-07-08T21:14:45+08:00
94c9624430bbbdf737680147,2908,59,红旗,红旗H7 PHEV,https://p3-dcd.byteimg.com/tos-cn-i-dcdx/a6e25a09c3724788884c361d2db0d9a8~tplv-f042mdwyw7-original:tplv-resize:640:0.image?psm=motor.pc_sh.api,1,0,,,0,0,0,dongchedi_usedcar_series,2026-07-08T21:14:45+08:00
d1d0e2dfa462c7f1425f44d9,2910,238,欧拉,欧拉iQ,https://p9-dcd.byteimg.com/motor-mis-img/c3064595fa7320c020d088d7fa3941c5~tplv-f042mdwyw7-original:tplv-resize:640:0.image?psm=motor.pc_sh.api,1,0,,,0,0,0,dongchedi_usedcar_series,2026-07-08T21:14:45+08:00
6c8044a00c9be2e12b2ac2bc,2911,238,欧拉,欧拉黑猫,https://p9-dcd.byteimg.com/tos-cn-i-dcdx/76d8b7dd596a42668c660711eb63ba36~tplv-f042mdwyw7-original:tplv-resize:640:0.image?psm=motor.pc_sh.api,1,0,,,0,0,0,dongchedi_usedcar_series,2026-07-08T21:14:45+08:00
b83cacc9be0185286a4a11e4,2912,238,欧拉,欧拉白猫,https://p9-dcd.byteimg.com/tos-cn-i-dcdx/6b6d80c5eab34f69bd88d354b6a43ce7~tplv-f042mdwyw7-original:tplv-resize:640:0.image?psm=motor.pc_sh.api,1,0,,,0,0,0,dongchedi_usedcar_series,2026-07-08T21:14:45+08:00
2cf3e687480a93d5dc4ab9a9,2913,3,奔驰,奔驰A级,https://p9-dcd.byteimg.com/tos-cn-i-dcdx/f3aa2146a74d47e3ab4844b147234e37~tplv-resize:640:0.png?psm=motor.rank.data,3,161,销量榜,49,4,47,51,dongchedi_ranking|dongchedi_usedcar_series,2026-07-08T21:14:45+08:00
5c49a40abef4a4842c4eb5fa,2916,2,奥迪,奥迪Q5L,https://p9-dcd.byteimg.com/tos-cn-i-dcdx/0eb7058e774841969c92d987e64c09f5~tplv-resize:640:0.png?psm=motor.rank.data,3,199,销量榜,1,8,64,72,dongchedi_ranking|dongchedi_usedcar_series,2026-07-08T21:14:45+08:00
10af803f558079c84f849b29,2919,190,君马汽车,君马SEEK 5(赛克5),https://p9-dcd.byteimg.com/motor-mis-img/a5912d864078a6c6be675be5eb716037~tplv-f042mdwyw7-original:tplv-resize:640:0.image?psm=motor.pc_sh.api,1,0,,,0,0,0,dongchedi_usedcar_series,2026-07-08T21:14:45+08:00
669769b330df2af7a10bf982,2920,264,吉利几何,帝豪GSe,https://p3-dcd.byteimg.com/motor-mis-img/c5235ef465e95838cbaa27646a898626~tplv-f042mdwyw7-original:tplv-resize:640:0.image?psm=motor.pc_sh.api,1,0,,,0,0,0,dongchedi_usedcar_series,2026-07-08T21:14:45+08:00
a558849e82feabc71c734195,2921,140,金龙,凯锐浩克,https://p3-dcd.byteimg.com/motor-mis-img/1b3df9036176671853d74e6bf1d9250b~tplv-f042mdwyw7-original:tplv-resize:640:0.image?psm=motor.pc_sh.api,1,0,,,0,0,0,dongchedi_usedcar_series,2026-07-08T21:14:45+08:00
bd39f7ac0ca0789518a2d27c,2928,73,吉利汽车,缤瑞,https://p9-dcd.byteimg.com/tos-cn-i-dcdx/b0363355afee45938f39b0248fa6e5bc~tplv-resize:640:0.png?psm=motor.rank.data,3,218,销量榜,48,4,27,31,dongchedi_ranking|dongchedi_usedcar_series,2026-07-08T21:14:45+08:00
07ddb5ef81240681d6a1e6d8,2931,32,江汽集团,江淮T8,https://p3-dcd.byteimg.com/tos-cn-i-dcdx/248f7d9528784c538bfb125a39a7e90d~tplv-f042mdwyw7-original:tplv-resize:640:0.image?psm=motor.pc_sh.api,1,0,,,0,0,0,dongchedi_usedcar_series,2026-07-08T21:14:45+08:00
949795c3bcc7d93c4e600d08,2932,26,三菱,奕歌,https://p3-dcd.byteimg.com/motor-mis-img/99c469d3813d3c2998ccc2817e391da1~tplv-f042mdwyw7-original:tplv-resize:640:0.image?psm=motor.pc_sh.api,1,0,,,0,0,0,dongchedi_usedcar_series,2026-07-08T21:14:45+08:00
de2464245767cb51c8713bc2,2937,24,沃尔沃,沃尔沃S90 PHEV,https://p9-dcd.byteimg.com/tos-cn-i-dcdx/f4c206b03bf042fc9b8653f1fe3df7dd~tplv-resize:640:0.png?psm=motor.rank.data,3,283,销量榜,9,3,22,25,dongchedi_ranking|dongchedi_usedcar_series,2026-07-08T21:14:45+08:00
296fc0b808f54da739c350b8,2938,145,Lorinser,Lorinser MS500L,https://p9-dcd.byteimg.com/tos-cn-i-dcdx/0f82a7d9dc8746d5a0b227acf28654b5~tplv-f042mdwyw7-original:tplv-resize:640:0.image?psm=motor.pc_sh.api,1,0,,,0,0,0,dongchedi_usedcar_series,2026-07-08T21:14:45+08:00
323e646cd9c574daa4d4c4cf,2941,34,名爵,MG HS,https://p3-dcd.byteimg.com/motor-mis-img/64a197fb94942f9f98eeaf90bd9699d8~tplv-f042mdwyw7-original:tplv-resize:640:0.image?psm=motor.pc_sh.api,1,0,,,0,0,0,dongchedi_usedcar_series,2026-07-08T21:14:45+08:00
23595dd5dc9efdd259bc6f92,2961,86,迈凯伦,迈凯伦600LT,https://p3-dcd.byteimg.com/motor-mis-img/07829c44b209cad2baf5ea4b8729fa8d~tplv-f042mdwyw7-original:tplv-resize:640:0.image?psm=motor.pc_sh.api,1,0,,,0,0,0,dongchedi_usedcar_series,2026-07-08T21:14:45+08:00
e89d1814c9acea40152ddd42,2963,2,奥迪,奥迪Q2L,https://p9-dcd.byteimg.com/tos-cn-i-dcdx/64a11189be294527bd89ac26a9aba2c3~tplv-resize:640:0.png?psm=motor.rank.data,3,199,销量榜,2,2,34,36,dongchedi_ranking|dongchedi_usedcar_series,2026-07-08T21:14:45+08:00
21b5866888e2accb6a10d7f2,2964,199,哪吒汽车,哪吒N01,https://p9-dcd.byteimg.com/motor-mis-img/a9493cd7df1796a891441eca2f08e77c~tplv-f042mdwyw7-original:tplv-resize:640:0.image?psm=motor.pc_sh.api,1,0,,,0,0,0,dongchedi_usedcar_series,2026-07-08T21:14:45+08:00
06fb74c9814361b01e24a35a,2965,6,雪佛兰,沃兰多,https://p3-dcd.byteimg.com/motor-mis-img/ad0ae0cf1272d8b27ebf25305a779e6e~tplv-f042mdwyw7-original:tplv-resize:640:0.image?psm=motor.pc_sh.api,1,0,,,0,0,0,dongchedi_usedcar_series,2026-07-08T21:14:45+08:00
37db71bdc268b1363574b8db,2968,119,长安欧尚,长安欧尚科尚,https://p3-dcd.byteimg.com/motor-mis-img/2572fd3259520290f21cfe6bb2c2f01b~tplv-f042mdwyw7-original:tplv-resize:640:0.image?psm=motor.pc_sh.api,1,0,,,0,0,0,dongchedi_usedcar_series,2026-07-08T21:14:45+08:00
cb8e36014e1aa8550f779a03,2969,14,Jeep,指挥官,https://p3-dcd.byteimg.com/motor-mis-img/c39b6e76bb2c249f4a84203b406164d4~tplv-f042mdwyw7-original:tplv-resize:640:0.image?psm=motor.pc_sh.api,1,0,,,0,0,0,dongchedi_usedcar_series,2026-07-08T21:14:45+08:00
4980d9c53f4da4507738fb43,2970,109,启辰,启辰T60,https://p3-dcd.byteimg.com/motor-mis-img/9e393843ac2d25e558685dcb68894719~tplv-f042mdwyw7-original:tplv-resize:640:0.image?psm=motor.pc_sh.api,1,0,,,0,0,0,dongchedi_usedcar_series,2026-07-08T21:14:45+08:00
2ebb44e5bdf205a9ed5eb565,2971,30,凯迪拉克,凯迪拉克XT4,https://p9-dcd.byteimg.com/tos-cn-i-dcdx/90f751162223481d9031161261336b14~tplv-resize:640:0.png?psm=motor.rank.data,3,161,销量榜,47,6,48,54,dongchedi_ranking|dongchedi_usedcar_series,2026-07-08T21:14:45+08:00
168b28a33936e4f6541d7960,2972,171,长安凯程,睿行EM80,https://p9-dcd.byteimg.com/tos-cn-i-dcdx/d93dc28381044c7bb58c93895b3f432d~tplv-f042mdwyw7-original:tplv-resize:640:0.image?psm=motor.pc_sh.api,1,0,,,0,0,0,dongchedi_usedcar_series,2026-07-08T21:14:45+08:00
a2f9e85d517c8b8273473d83,2975,73,吉利汽车,缤越,https://p9-dcd.byteimg.com/tos-cn-i-dcdx/1546bce3c7764e6b9a895274b29a019f~tplv-resize:640:0.png?psm=motor.rank.data,3,161,销量榜,1,7,35,42,dongchedi_ranking|dongchedi_usedcar_series,2026-07-08T21:14:45+08:00
8114c0c3b693686aeea15c84,2982,7,福特,领界,https://p3-dcd.byteimg.com/motor-mis-img/0fe20c206f939c5f163ea779cb222287~tplv-f042mdwyw7-original:tplv-resize:640:0.image?psm=motor.pc_sh.api,1,0,,,0,0,0,dongchedi_usedcar_series,2026-07-08T21:14:45+08:00
d080075f297819081378fb99,2983,91,东风,俊风E11K,https://p3-dcd.byteimg.com/motor-mis-img/56f8a4ddf91cd72702b354ea5e0ddc74~tplv-f042mdwyw7-original:tplv-resize:640:0.image?psm=motor.pc_sh.api,1,0,,,0,0,0,dongchedi_usedcar_series,2026-07-08T21:14:45+08:00
f9064bd2c1e9dfa91b50d067,2984,108,大通,大通G50,https://p9-dcd.byteimg.com/tos-cn-i-dcdx/3a2183c860de4a0f9212241567872bb6~tplv-resize:640:0.png?psm=motor.rank.data,3,218,销量榜,7,4,56,60,dongchedi_ranking|dongchedi_usedcar_series,2026-07-08T21:14:45+08:00
9923b5cec3d41059ed355e2a,2986,171,长安凯程,长安欧尚A600 EV,https://p9-dcd.byteimg.com/motor-mis-img/8784cbdaa82da228a34092b750d75db8~tplv-f042mdwyw7-original:tplv-resize:640:0.image?psm=motor.pc_sh.api,1,0,,,0,0,0,dongchedi_usedcar_series,2026-07-08T21:14:45+08:00
65b984132fece918d6ad5efc,2987,38,讴歌,讴歌RDX,https://p9-dcd.byteimg.com/tos-cn-i-dcdx/841b3b5fc189417096d061562c1eea0f~tplv-f042mdwyw7-original:tplv-resize:640:0.image?psm=motor.pc_sh.api,1,0,,,0,0,0,dongchedi_usedcar_series,2026-07-08T21:14:45+08:00
9c54b5fd26c812948f81e43b,2989,1,大众,帕萨特PHEV,https://p9-dcd.byteimg.com/tos-cn-i-dcdx/5ce9d573823a4ae9be22d250d7bb6a70~tplv-resize:640:0.png?psm=motor.rank.data,3,210,销量榜,31,3,14,17,dongchedi_ranking|dongchedi_usedcar_series,2026-07-08T21:14:45+08:00
92f43a2bf3b6c82c2ada1f29,2990,77,东南,东南A5翼舞,https://p3-dcd.byteimg.com/motor-mis-img/fa51d098b8990022908db16206dc8362~tplv-f042mdwyw7-original:tplv-resize:640:0.image?psm=motor.pc_sh.api,1,0,,,0,0,0,dongchedi_usedcar_series,2026-07-08T21:14:45+08:00
b448d206fdeb27feaebbb998,2991,17,哈弗,哈弗F7,https://p9-dcd.byteimg.com/motor-mis-img/a3c5c31ba16abd52d9242e4fbba1c1d8~tplv-f042mdwyw7-original:tplv-resize:640:0.image?psm=motor.pc_sh.api,1,0,,,0,0,0,dongchedi_usedcar_series,2026-07-08T21:14:45+08:00
2241512cb42dec0b75206bf4,2992,366,宝骏,宝骏E200,https://p9-dcd.byteimg.com/motor-mis-img/e3b07a86c16b3c2a94035065ebf744b5~tplv-f042mdwyw7-original:tplv-resize:640:0.image?psm=motor.pc_sh.api,1,0,,,0,0,0,dongchedi_usedcar_series,2026-07-08T21:14:45+08:00
2e06219d3a636fb599884bb6,2993,35,长安,长安CS85 COUPE,https://p9-dcd.byteimg.com/tos-cn-i-dcdx/e52af4fd90934dfc8cfc82375a9c3a4f~tplv-f042mdwyw7-original:tplv-resize:640:0.image?psm=motor.pc_sh.api,1,0,,,0,0,0,dongchedi_usedcar_series,2026-07-08T21:14:45+08:00
1b770008bb89dc920114fc2a,2999,35,长安,逸动XT,https://p9-dcd.byteimg.com/motor-mis-img/26b554276fd2cd5bb81b8f5dd5d18ffc~tplv-f042mdwyw7-original:tplv-resize:640:0.image?psm=motor.pc_sh.api,1,0,,,0,0,0,dongchedi_usedcar_series,2026-07-08T21:14:45+08:00
a17ad488ef5d5884ae900331,3000,145,Lorinser,Lorinser MAYBACH S级,https://p9-dcd.byteimg.com/motor-mis-img/ff54fa6b5bad3561aa43745ba59e7615~tplv-f042mdwyw7-original:tplv-resize:640:0.image?psm=motor.pc_sh.api,1,0,,,0,0,0,dongchedi_usedcar_series,2026-07-08T21:14:45+08:00
6949457a6002c4994f94e57c,3001,1,大众,途观L PHEV,https://p9-dcd.byteimg.com/tos-cn-i-dcdx/3d0e37532e564b81b44890f8781d362f~tplv-resize:640:0.png?psm=motor.rank.data,3,273,销量榜,39,2,10,12,dongchedi_ranking|dongchedi_usedcar_series,2026-07-08T21:14:45+08:00
2b542dc21addfcfa533cf91e,3002,15,马自达,马自达CX-8,https://p3-dcd.byteimg.com/motor-mis-img/38ca65663cc276d072133f6e82f05869~tplv-f042mdwyw7-original:tplv-resize:640:0.image?psm=motor.pc_sh.api,1,0,,,0,0,0,dongchedi_usedcar_series,2026-07-08T21:14:45+08:00
3273eb0dfce60d5dd8b19929,3004,70,东风风行,风行T5L,https://p3-dcd.byteimg.com/motor-mis-img/d202abb20c30b0de9e70ae62aa14db13~tplv-f042mdwyw7-original:tplv-resize:640:0.image?psm=motor.pc_sh.api,1,0,,,0,0,0,dongchedi_usedcar_series,2026-07-08T21:14:45+08:00
542310bcb5b8862672ddf3fc,3007,16,比亚迪,秦Pro,https://p9-dcd.byteimg.com/motor-mis-img/3c78b83d8e8c26d29abc8ee0a43bc167~tplv-f042mdwyw7-original:tplv-resize:640:0.image?psm=motor.pc_sh.api,1,0,,,0,0,0,dongchedi_usedcar_series,2026-07-08T21:14:45+08:00
1373aa229d1d79b62d0b9af6,3008,68,北京汽车,智行,https://p3-dcd.byteimg.com/motor-mis-img/887e302c1590ca127ac3e047e031bd3f~tplv-f042mdwyw7-original:tplv-resize:640:0.image?psm=motor.pc_sh.api,1,0,,,0,0,0,dongchedi_usedcar_series,2026-07-08T21:14:45+08:00
dff6e2547d4609a08f82d594,3017,100,江铃,域虎3,https://p3-dcd.byteimg.com/motor-mis-img/8a56ac1953bf4072e888f3cc97144714~tplv-f042mdwyw7-original:tplv-resize:640:0.image?psm=motor.pc_sh.api,1,0,,,0,0,0,dongchedi_usedcar_series,2026-07-08T21:14:45+08:00
7472e336dc4a5e6f4c69169d,3018,100,江铃,域虎5,https://p3-dcd.byteimg.com/motor-mis-img/7dff2d317a4badae57c6a8397d5bfc85~tplv-f042mdwyw7-original:tplv-resize:640:0.image?psm=motor.pc_sh.api,1,0,,,0,0,0,dongchedi_usedcar_series,2026-07-08T21:14:45+08:00
972b52426890cfb451b457f1,3020,237,广汽集团,祺智EV,https://p3-dcd.byteimg.com/motor-mis-img/e67ad6399a94caeac64969b0a47a1537~tplv-f042mdwyw7-original:tplv-resize:640:0.image?psm=motor.pc_sh.api,1,0,,,0,0,0,dongchedi_usedcar_series,2026-07-08T21:14:45+08:00
7ce6ebf76dde8e5f9c2b232e,3022,171,长安凯程,长安之星9 EV,https://p9-dcd.byteimg.com/motor-mis-img/628f41aac12211548f30b7868b5ce3ab~tplv-resize:640:0.png?psm=motor.rank.data,3,27,销量榜,162,8,6,14,dongchedi_ranking|dongchedi_usedcar_series,2026-07-08T21:14:45+08:00
ec806ea1a3837321c00887ae,3023,4,宝马,宝马iX,https://p3-dcd.byteimg.com/tos-cn-i-dcdx/1c58ae4cf2a8435283eed8c6384befda~tplv-f042mdwyw7-original:tplv-resize:640:0.image?psm=motor.pc_sh.api,1,0,,,0,0,0,dongchedi_usedcar_series,2026-07-08T21:14:45+08:00
72391b742383f6d0a75a1cce,3028,136,江铃集团新能源,易至EV3,https://p9-dcd.byteimg.com/tos-cn-i-dcdx/0082664dbf7b4e89b4331156ad1c0c92~tplv-resize:640:0.png?psm=motor.rank.data,3,201,销量榜,44,4,18,22,dongchedi_ranking|dongchedi_usedcar_series,2026-07-08T21:14:45+08:00
6af4b90cfa6e1702ef1fa892,3030,91,东风,锐骐6,https://p3-dcd.byteimg.com/tos-cn-i-dcdx/e3c35418d90c4852926be93d287a0ceb~tplv-f042mdwyw7-original:tplv-resize:640:0.image?psm=motor.pc_sh.api,1,0,,,0,0,0,dongchedi_usedcar_series,2026-07-08T21:14:45+08:00
5a9750bc8b898f7da0fd8e25,3032,91,东风,俊风E17,https://p3-dcd.byteimg.com/motor-mis-img/095085dc377e9b875d53e70f9de9b85e~tplv-f042mdwyw7-original:tplv-resize:640:0.image?psm=motor.pc_sh.api,1,0,,,0,0,0,dongchedi_usedcar_series,2026-07-08T21:14:45+08:00
bc6b1a16e6af8f1417f49989,3034,74,金杯,新海狮S,https://p9-dcd.byteimg.com/motor-mis-img/cbbdc66fb17c6d52491733d79311a8a4~tplv-f042mdwyw7-original:tplv-resize:640:0.image?psm=motor.pc_sh.api,1,0,,,0,0,0,dongchedi_usedcar_series,2026-07-08T21:14:45+08:00
f0b87d906c6865eaecf31fb4,3041,36,荣威,荣威i5,https://p9-dcd.byteimg.com/tos-cn-i-dcdx/4b96326cb76b40369887d7b011aae241~tplv-resize:640:0.png?psm=motor.rank.data,3,218,销量榜,19,5,49,54,dongchedi_ranking|dongchedi_usedcar_series,2026-07-08T21:14:45+08:00
fc40f30af2b11b9d49fdd8d0,3044,8,长城,风骏7,https://p3-dcd.byteimg.com/motor-mis-img/775818c54daef3cc49d2876510180c21~tplv-f042mdwyw7-original:tplv-resize:640:0.image?psm=motor.pc_sh.api,1,0,,,0,0,0,dongchedi_usedcar_series,2026-07-08T21:14:45+08:00
61dc823e5fc2e4c0779aa78f,3048,16,比亚迪,秦Pro DM,https://p9-dcd.byteimg.com/motor-mis-img/bc6aaa3eb0fdbcfa715b9e10d4118527~tplv-f042mdwyw7-original:tplv-resize:640:0.image?psm=motor.pc_sh.api,1,0,,,0,0,0,dongchedi_usedcar_series,2026-07-08T21:14:45+08:00
1ae90a95e2ff6ca9595be93b,3049,16,比亚迪,秦Pro EV,https://p9-dcd.byteimg.com/motor-mis-img/26e5b1872e03e71733c3dac33f3fb691~tplv-f042mdwyw7-original:tplv-resize:640:0.image?psm=motor.pc_sh.api,1,0,,,0,0,0,dongchedi_usedcar_series,2026-07-08T21:14:45+08:00
b579c1480480fa64ebb69085,3051,461,奇瑞新能源,奇瑞eQ2,https://p3-dcd.byteimg.com/motor-mis-img/2685437d80f42661b426f36ecb6fd07e~tplv-f042mdwyw7-original:tplv-resize:640:0.image?psm=motor.pc_sh.api,1,0,,,0,0,0,dongchedi_usedcar_series,2026-07-08T21:14:45+08:00
af4d5927c66ac8aa3180bf1c,3052,35,长安,长安CS35 PLUS,https://p9-dcd.byteimg.com/tos-cn-i-dcdx/7291934f8c98484884e1d62e9b354c05~tplv-resize:640:0.png?psm=motor.rank.data,3,49,销量榜,68,3,46,49,dongchedi_ranking|dongchedi_usedcar_series,2026-07-08T21:14:45+08:00
7a2bbcc876bd562093fefa3d,3053,366,宝骏,宝骏RS-5,https://p9-dcd.byteimg.com/motor-mis-img/654a7220f2e3a5a62d5308855bcc199c~tplv-f042mdwyw7-original:tplv-resize:640:0.image?psm=motor.pc_sh.api,1,0,,,0,0,0,dongchedi_usedcar_series,2026-07-08T21:14:45+08:00
2d27092e8db0ec35a571d635,3059,202,理想汽车,理想ONE,https://p3-dcd.byteimg.com/motor-mis-img/23f1cc67aa1ff84f6fd97bd52a0d1892~tplv-f042mdwyw7-original:tplv-resize:640:0.image?psm=motor.pc_sh.api,1,0,,,0,0,0,dongchedi_usedcar_series,2026-07-08T21:14:45+08:00
4c4e307e4a72c6abd8253d3e,3061,23,斯柯达,柯迪亚克GT,https://p9-dcd.byteimg.com/motor-mis-img/1c339020b6550e40d5eb2894efa902af~tplv-f042mdwyw7-original:tplv-resize:640:0.image?psm=motor.pc_sh.api,1,0,,,0,0,0,dongchedi_usedcar_series,2026-07-08T21:14:45+08:00
6281a7fe9641d6154f0b3bab,3065,68,北京汽车,北京U7,https://p3-dcd.byteimg.com/motor-mis-img/d4da85bed05700a7117be621666e1a9e~tplv-f042mdwyw7-original:tplv-resize:640:0.image?psm=motor.pc_sh.api,1,0,,,0,0,0,dongchedi_usedcar_series,2026-07-08T21:14:45+08:00
9f4373b1dfeaad6d2d2128fb,3066,1,大众,途铠,https://p3-dcd.byteimg.com/motor-mis-img/c21b08981b849be7a38cfb49f038d530~tplv-f042mdwyw7-original:tplv-resize:640:0.image?psm=motor.pc_sh.api,1,0,,,0,0,0,dongchedi_usedcar_series,2026-07-08T21:14:45+08:00
c681ea089580500380799ccd,3068,5,丰田,亚洲龙,https://p9-dcd.byteimg.com/tos-cn-i-dcdx/b47ec0be1ba940aa8e02b93784b6949e~tplv-resize:640:0.png?psm=motor.rank.data,3,218,销量榜,12,20,38,58,dongchedi_ranking|dongchedi_usedcar_series,2026-07-08T21:14:45+08:00
40e93ba0b7441866714cb011,3069,32,江汽集团,瑞风S4,https://p3-dcd.byteimg.com/motor-mis-img/776d4ebffc8bf5818be6feb79198c19c~tplv-f042mdwyw7-original:tplv-resize:640:0.image?psm=motor.pc_sh.api,1,0,,,0,0,0,dongchedi_usedcar_series,2026-07-08T21:14:45+08:00
297d58cd692c30441c809ef2,3070,17,哈弗,哈弗F7x,https://p9-dcd.byteimg.com/motor-mis-img/e5a2d459531c989ee3b5177edf682cda~tplv-f042mdwyw7-original:tplv-resize:640:0.image?psm=motor.pc_sh.api,1,0,,,0,0,0,dongchedi_usedcar_series,2026-07-08T21:14:45+08:00
0738f733d948f0dd9f4a32f0,3077,16,比亚迪,唐EV,https://p9-dcd.byteimg.com/tos-cn-i-dcdx/9abfa6f1b282478ea183bb335db62127~tplv-f042mdwyw7-original:tplv-resize:640:0.image?psm=motor.pc_sh.api,1,0,,,0,0,0,dongchedi_usedcar_series,2026-07-08T21:14:45+08:00
9c10622101a463b340beedc0,3080,34,名爵,名爵EZS纯电动,https://p3-dcd.byteimg.com/tos-cn-i-dcdx/4c032f93622342ad82241ae99bbb8c47~tplv-f042mdwyw7-original:tplv-resize:640:0.image?psm=motor.pc_sh.api,1,0,,,0,0,0,dongchedi_usedcar_series,2026-07-08T21:14:45+08:00
a196f8df1f9cdf9950dafcc0,3083,251,星途,星途追风,https://p9-dcd.byteimg.com/tos-cn-i-dcdx/efb2388333914343bba3b953eec67dba~tplv-resize:640:0.png?psm=motor.rank.data,3,218,销量榜,62,2,30,32,dongchedi_ranking|dongchedi_usedcar_series,2026-07-08T21:14:45+08:00
b1d5ca9a421c86e0822782dc,3093,32,江汽集团,江淮iEVS4,https://p3-dcd.byteimg.com/motor-mis-img/6bf610c5ad1a84dc5673d93799decea4~tplv-f042mdwyw7-original:tplv-resize:640:0.image?psm=motor.pc_sh.api,1,0,,,0,0,0,dongchedi_usedcar_series,2026-07-08T21:14:45+08:00
7b46c809bfc66e9f1af7dc25,3094,6,雪佛兰,科鲁泽,https://p3-dcd.byteimg.com/motor-mis-img/f63e0947469ae2d9cee05bbdc33f514f~tplv-f042mdwyw7-original:tplv-resize:640:0.image?psm=motor.pc_sh.api,1,0,,,0,0,0,dongchedi_usedcar_series,2026-07-08T21:14:45+08:00
10b84af14ed4afb57af9551f,3095,9,本田,享域,https://p3-dcd.byteimg.com/motor-mis-img/f2ed945c45d908125c08d0c9ae3c718c~tplv-f042mdwyw7-original:tplv-resize:640:0.image?psm=motor.pc_sh.api,1,0,,,0,0,0,dongchedi_usedcar_series,2026-07-08T21:14:45+08:00
740e509aff6037418b0c0b29,3096,111,理念,广汽本田VE-1,https://p3-dcd.byteimg.com/motor-mis-img/6b45b76df3eac473edc4da19a10ce8d7~tplv-f042mdwyw7-original:tplv-resize:640:0.image?psm=motor.pc_sh.api,1,0,,,0,0,0,dongchedi_usedcar_series,2026-07-08T21:14:45+08:00
01c1de3402fefefb7c459cda,3097,237,广汽集团,世锐PHEV,https://p3-dcd.byteimg.com/motor-mis-img/bf8342d8a189d124677a62dd7d1cc16f~tplv-f042mdwyw7-original:tplv-resize:640:0.image?psm=motor.pc_sh.api,1,0,,,0,0,0,dongchedi_usedcar_series,2026-07-08T21:14:45+08:00
6b5992defae23a0933ff939c,3101,242,埃安,AION S,https://p9-dcd.byteimg.com/tos-cn-i-dcdx/a6f28e3efc814138a611eee1a1b806f6~tplv-resize:640:0.png?psm=motor.rank.data,3,328,销量榜,1,16,51,67,dongchedi_ranking|dongchedi_usedcar_series,2026-07-08T21:14:45+08:00
455b6708b1ef42ba80b539ed,3103,118,博速,博速 GLE,https://p3-dcd.byteimg.com/motor-mis-img/764c2f062f0c6e1b99c39f206b7893eb~tplv-f042mdwyw7-original:tplv-resize:640:0.image?psm=motor.pc_sh.api,1,0,,,0,0,0,dongchedi_usedcar_series,2026-07-08T21:14:45+08:00
720efc422ff1e432ea02287b,3106,1,大众,蔚揽PHEV,https://p3-dcd.byteimg.com/motor-mis-img/92e9206d54255eb7fabf7da2aef3c6f0~tplv-f042mdwyw7-original:tplv-resize:640:0.image?psm=motor.pc_sh.api,1,0,,,0,0,0,dongchedi_usedcar_series,2026-07-08T21:14:45+08:00
9b876d4d52656860b845319d,3115,2,奥迪,奥迪e-tron GT,https://p3-dcd.byteimg.com/motor-mis-img/35d33d3b6c4e53e809697caf25e811b5~tplv-f042mdwyw7-original:tplv-resize:640:0.image?psm=motor.pc_sh.api,1,0,,,0,0,0,dongchedi_usedcar_series,2026-07-08T21:14:45+08:00
5a87c820ce5c1331cfd837dc,3116,14,Jeep,角斗士,https://p3-dcd.byteimg.com/motor-mis-img/43406f2e79c38f5a0cb1e835bd21e9fd~tplv-f042mdwyw7-original:tplv-resize:640:0.image?psm=motor.pc_sh.api,1,0,,,0,0,0,dongchedi_usedcar_series,2026-07-08T21:14:45+08:00
d6b3f9e6a0ebff9e003654ea,3117,209,捷途,捷途X70S,https://p9-dcd.byteimg.com/motor-mis-img/8b8d652a6ea799ea116d0936242e8361~tplv-f042mdwyw7-original:tplv-resize:640:0.image?psm=motor.pc_sh.api,1,0,,,0,0,0,dongchedi_usedcar_series,2026-07-08T21:14:45+08:00
dbfc33473b516c59179f464c,3121,73,吉利汽车,嘉际PHEV,https://p3-dcd.byteimg.com/motor-mis-img/ed2f8ad01d21e9717a6bc3b0d53fada6~tplv-f042mdwyw7-original:tplv-resize:640:0.image?psm=motor.pc_sh.api,1,0,,,0,0,0,dongchedi_usedcar_series,2026-07-08T21:14:45+08:00
473869804202afeececd39e0,3126,171,长安凯程,长安凯程F70,https://p9-dcd.byteimg.com/motor-mis-img/38ff3253ce342f5417ed97f864abb41e~tplv-f042mdwyw7-original:tplv-resize:640:0.image?psm=motor.pc_sh.api,1,0,,,0,0,0,dongchedi_usedcar_series,2026-07-08T21:14:45+08:00
680efde1e2b5fd68775c837a,3131,1,大众,探岳GTE,https://p3-dcd.byteimg.com/tos-cn-i-dcdx/65b991b891ab4737b32c9155d43871ad~tplv-f042mdwyw7-original:tplv-resize:640:0.image?psm=motor.pc_sh.api,1,0,,,0,0,0,dongchedi_usedcar_series,2026-07-08T21:14:45+08:00
18b9ca906abbcfb96d35766d,3142,1,大众,迈腾PHEV,https://p9-dcd.byteimg.com/tos-cn-i-dcdx/3322324756b1406f99cf0e65e341d4a2~tplv-resize:640:0.png?psm=motor.rank.data,3,30,销量榜,118,2,4,6,dongchedi_ranking|dongchedi_usedcar_series,2026-07-08T21:14:45+08:00
1bdfb3cb530f967c32e58143,3143,1,大众,途锐PHEV,https://p3-dcd.byteimg.com/motor-mis-img/60b3d0048355827b0da130cb24b94280~tplv-f042mdwyw7-original:tplv-resize:640:0.image?psm=motor.pc_sh.api,1,0,,,0,0,0,dongchedi_usedcar_series,2026-07-08T21:14:45+08:00
8c70b22089fcf4ca87d877cf,3144,174,领克,领克02 PHEV,https://p9-dcd.byteimg.com/motor-mis-img/a1c969b76a62b44be4bb15c02c7f6431~tplv-f042mdwyw7-original:tplv-resize:640:0.image?psm=motor.pc_sh.api,1,0,,,0,0,0,dongchedi_usedcar_series,2026-07-08T21:14:45+08:00
61639036f9c8796ea5348197,3147,1,大众,高尔夫·纯电,https://p3-dcd.byteimg.com/motor-mis-img/e13dc8d154e185a73f4bafbe2dc83dc2~tplv-f042mdwyw7-original:tplv-resize:640:0.image?psm=motor.pc_sh.api,1,0,,,0,0,0,dongchedi_usedcar_series,2026-07-08T21:14:45+08:00
45dd12de04a613886ef29ee3,3151,108,大通,大通EV30,https://p3-dcd.byteimg.com/motor-mis-img/e9b0db1b997ae80b84d981f309b8de8d~tplv-f042mdwyw7-original:tplv-resize:640:0.image?psm=motor.pc_sh.api,1,0,,,0,0,0,dongchedi_usedcar_series,2026-07-08T21:14:45+08:00
d9510e013f4cfba2064cb1d6,3152,73,吉利汽车,星越,https://p3-dcd.byteimg.com/motor-mis-img/bcf573d3f0a314e4b257fa65b3c69496~tplv-f042mdwyw7-original:tplv-resize:640:0.image?psm=motor.pc_sh.api,1,0,,,0,0,0,dongchedi_usedcar_series,2026-07-08T21:14:45+08:00
4489c3b421f9f9536e60ae4f,3153,108,大通,大通D60,https://p3-dcd.byteimg.com/motor-mis-img/8ad8e32b0d69a70470645d077a560c27~tplv-f042mdwyw7-original:tplv-resize:640:0.image?psm=motor.pc_sh.api,1,0,,,0,0,0,dongchedi_usedcar_series,2026-07-08T21:14:45+08:00
f844d41eeeb421e62220cfa3,3157,264,吉利几何,吉利几何A,https://p9-dcd.byteimg.com/motor-mis-img/ef638ed8ed491bd5bb2a12337d91faa9~tplv-resize:640:0.png?psm=motor.rank.data,3,192,销量榜,53,3,28,31,dongchedi_ranking|dongchedi_usedcar_series,2026-07-08T21:14:45+08:00
e4fba1280d4e081384803f37,3158,68,北京汽车,北京EX5,https://p3-dcd.byteimg.com/motor-mis-img/ea816a2efab35d3d9c242e876757c4ac~tplv-f042mdwyw7-original:tplv-resize:640:0.image?psm=motor.pc_sh.api,1,0,,,0,0,0,dongchedi_usedcar_series,2026-07-08T21:14:45+08:00
998c6f031a0c73a6c6496a2a,3159,59,红旗,红旗HS5,https://p9-dcd.byteimg.com/tos-cn-i-dcdx/ab8b7403cc8b4fb9a988e66dc53d5163~tplv-resize:640:0.png?psm=motor.rank.data,3,218,销量榜,25,14,23,37,dongchedi_ranking|dongchedi_usedcar_series,2026-07-08T21:14:45+08:00
f81eaca539b860759bff4a66,3162,258,钧天汽车,钧天勇猛者,https://p9-dcd.byteimg.com/tos-cn-i-dcdx/4ed73033495244babb21ce96e3dd132c~tplv-f042mdwyw7-original:tplv-resize:640:0.image?psm=motor.pc_sh.api,1,0,,,0,0,0,dongchedi_usedcar_series,2026-07-08T21:14:45+08:00
ea2510ddd16124fd01711866,3164,30,凯迪拉克,凯迪拉克XT6,https://p9-dcd.byteimg.com/tos-cn-i-dcdx/c716defb3c7c4cb198ae4144b8168ed6~tplv-resize:640:0.png?psm=motor.rank.data,3,218,销量榜,12,3,68,71,dongchedi_ranking|dongchedi_usedcar_series,2026-07-08T21:14:45+08:00
39d5aae64e3590cbf883379d,3165,108,大通,大通V80房车,https://p3-dcd.byteimg.com/tos-cn-i-dcdx/850f273ef9674bc98450c3a6dde3f42b~tplv-f042mdwyw7-original:tplv-resize:640:0.image?psm=motor.pc_sh.api,1,0,,,0,0,0,dongchedi_usedcar_series,2026-07-08T21:14:45+08:00
1fecd4bc79567e65cfdf050e,3166,196,Polestar极星,Polestar 2,https://p9-dcd.byteimg.com/tos-cn-i-dcdx/30377eee16ca4c25bacdb5e14ca94a5f~tplv-resize:640:0.png?psm=motor.rank.data,3,10,销量榜,161,3,6,9,dongchedi_ranking|dongchedi_usedcar_series,2026-07-08T21:14:45+08:00
4140987cfae995085bff6dfa,3169,2,奥迪,奥迪A8 PHEV,https://p3-dcd.byteimg.com/motor-mis-img/28eed806d0652bc209a64857e1c07ca3~tplv-f042mdwyw7-original:tplv-resize:640:0.image?psm=motor.pc_sh.api,1,0,,,0,0,0,dongchedi_usedcar_series,2026-07-08T21:14:45+08:00
b3fb7f34bcc55d61c83d460d,3171,260,捷达,捷达VS5,https://p9-dcd.byteimg.com/tos-cn-i-dcdx/c375f1508b1e4ec6902a072796b540a2~tplv-resize:640:0.png?psm=motor.rank.data,3,211,销量榜,13,18,32,50,dongchedi_ranking|dongchedi_usedcar_series,2026-07-08T21:14:45+08:00
fef16ed948472893b3832b9a,3172,260,捷达,捷达VA3,https://p9-dcd.byteimg.com/tos-cn-i-dcdx/841cd8c9a9664439847c319086da3523~tplv-resize:640:0.png?psm=motor.rank.data,3,155,销量榜,17,19,11,30,dongchedi_ranking|dongchedi_usedcar_series,2026-07-08T21:14:45+08:00
868eea449bf929f0ae2d88ae,3174,16,比亚迪,比亚迪e1,https://p9-dcd.byteimg.com/motor-mis-img/71bb241f24d3e20b2ee3adca8b6559fe~tplv-f042mdwyw7-original:tplv-resize:640:0.image?psm=motor.pc_sh.api,1,0,,,0,0,0,dongchedi_usedcar_series,2026-07-08T21:14:45+08:00
e0c0652b14a7f7756d941df9,3175,4,宝马,宝马X3 M,https://p3-dcd.byteimg.com/motor-mis-img/3d799eb88a39e9e03c15019d97610bb5~tplv-f042mdwyw7-original:tplv-resize:640:0.image?psm=motor.pc_sh.api,1,0,,,0,0,0,dongchedi_usedcar_series,2026-07-08T21:14:45+08:00
6c135cc747489fb21d15703e,3176,4,宝马,宝马X4 M,https://p3-dcd.byteimg.com/tos-cn-i-dcdx/f362be7c7b1e4b918ce6c2c2ca78ba17~tplv-f042mdwyw7-original:tplv-resize:640:0.image?psm=motor.pc_sh.api,1,0,,,0,0,0,dongchedi_usedcar_series,2026-07-08T21:14:45+08:00
895d2f1e62f8af46ec112ff9,3177,44,法拉利,法拉利F8,https://p3-dcd.byteimg.com/motor-mis-img/7317ac6a785b72073a9fbf24c1e26734~tplv-f042mdwyw7-original:tplv-resize:640:0.image?psm=motor.pc_sh.api,1,0,,,0,0,0,dongchedi_usedcar_series,2026-07-08T21:14:45+08:00
528f6244e1d3ae0258067e4e,3192,39,五菱汽车,五菱宏光V,https://p9-dcd.byteimg.com/motor-mis-img/7fd71a5d85ae9d488214be132d66f555~tplv-resize:640:0.png?psm=motor.rank.data,3,185,销量榜,1,12,23,35,dongchedi_ranking|dongchedi_usedcar_series,2026-07-08T21:14:45+08:00
d332d8b258ff159083c1aad0,3194,3,奔驰,奔驰CL级AMG,https://p3-dcd.byteimg.com/motor-mis-img/77c91a989bb98cef9c75ddb8a7b48890~tplv-f042mdwyw7-original:tplv-resize:640:0.image?psm=motor.pc_sh.api,1,0,,,0,0,0,dongchedi_usedcar_series,2026-07-08T21:14:45+08:00
c27fa89a2976feac5022625b,3195,16,比亚迪,宋Pro,https://p9-dcd.byteimg.com/motor-mis-img/f0060d3507bc0649b77a999aa133633d~tplv-f042mdwyw7-original:tplv-resize:640:0.image?psm=motor.pc_sh.api,1,0,,,0,0,0,dongchedi_usedcar_series,2026-07-08T21:14:45+08:00
b489966ba00899a8a88f3d17,3196,35,长安,长安CS75 PLUS,https://p9-dcd.byteimg.com/tos-cn-i-dcdx/9c588cfcdf8048d0a0cf1736baeccc39~tplv-resize:640:0.png?psm=motor.rank.data,3,161,销量榜,3,14,41,55,dongchedi_ranking|dongchedi_usedcar_series,2026-07-08T21:14:45+08:00
d6586bd1acee9cc58988c24e,3245,26,三菱,Delica,https://p3-dcd.byteimg.com/motor-mis-img/a84d8aadc4c859e5a8f616f89e70ef6d~tplv-f042mdwyw7-original:tplv-resize:640:0.image?psm=motor.pc_sh.api,1,0,,,0,0,0,dongchedi_usedcar_series,2026-07-08T21:14:45+08:00
44de36b3ee1da5e27942899d,3258,49,悍马,悍马H1,https://p3-dcd.byteimg.com/motor-mis-img/11323288e7997eb62e7ab86d37a62c95~tplv-f042mdwyw7-original:tplv-resize:640:0.image?psm=motor.pc_sh.api,1,0,,,0,0,0,dongchedi_usedcar_series,2026-07-08T21:14:45+08:00
f8ab516843dad8e0a199d468,3264,61,标致,标致508,https://p3-dcd.byteimg.com/motor-mis-img/8b5f052588ebafa6237ff015268b1f5a~tplv-f042mdwyw7-original:tplv-resize:640:0.image?psm=motor.pc_sh.api,1,0,,,0,0,0,dongchedi_usedcar_series,2026-07-08T21:14:45+08:00
91c439db813fce3db69ed8b4,3269,60,北汽昌河,北斗星X5,https://p9-dcd.byteimg.com/motor-mis-img/284863fa788b2183292c93861cde5263~tplv-f042mdwyw7-original:tplv-resize:640:0.image?psm=motor.pc_sh.api,1,0,,,0,0,0,dongchedi_usedcar_series,2026-07-08T21:14:45+08:00
1ee3968146598a2b3bde4cc1,3275,199,哪吒汽车,哪吒U,https://p9-dcd.byteimg.com/tos-cn-i-dcdx/a1d7a3c0d7394709bc0cd788e6c348a3~tplv-f042mdwyw7-original:tplv-resize:640:0.image?psm=motor.pc_sh.api,1,0,,,0,0,0,dongchedi_usedcar_series,2026-07-08T21:14:45+08:00
93e50017d031dbd8709a98c5,3276,260,捷达,捷达VS7,https://p9-dcd.byteimg.com/tos-cn-i-dcdx/5062988c65aa4711bdcc12425ffa0e05~tplv-resize:640:0.png?psm=motor.rank.data,3,211,销量榜,33,5,44,49,dongchedi_ranking|dongchedi_usedcar_series,2026-07-08T21:14:45+08:00
a0c251fa7ed18b95d605921a,3277,1,大众,朗逸纯电,https://p3-dcd.byteimg.com/motor-mis-img/929b29ee31fec0b53ed5d9fc185f83d2~tplv-f042mdwyw7-original:tplv-resize:640:0.image?psm=motor.pc_sh.api,1,0,,,0,0,0,dongchedi_usedcar_series,2026-07-08T21:14:45+08:00
73e00d45833ec353d6e59189,3278,1,大众,宝来·纯电,https://p3-dcd.byteimg.com/motor-mis-img/dcbb30a3957717b8ed4c2be87524bd5a~tplv-f042mdwyw7-original:tplv-resize:640:0.image?psm=motor.pc_sh.api,1,0,,,0,0,0,dongchedi_usedcar_series,2026-07-08T21:14:45+08:00
947767598ac86fd150c136d3,3279,108,大通,大通G20,https://p3-dcd.byteimg.com/motor-mis-img/fbaf1f27f26a49e3625ae674b6916cc8~tplv-f042mdwyw7-original:tplv-resize:640:0.image?psm=motor.pc_sh.api,1,0,,,0,0,0,dongchedi_usedcar_series,2026-07-08T21:14:45+08:00
222172f1a8c228d0883b14e5,3330,12,别克,昂科拉GX,https://p9-dcd.byteimg.com/motor-mis-img/3866263980c14633b88ae5f9d4823c56~tplv-f042mdwyw7-original:tplv-resize:640:0.image?psm=motor.pc_sh.api,1,0,,,0,0,0,dongchedi_usedcar_series,2026-07-08T21:14:45+08:00
2e033d28d2ccaec11ce7b8da,3332,8,长城,炮,https://p3-dcd.byteimg.com/tos-cn-i-dcdx/85991c100a5c4181a0082ccf9d4fd050~tplv-f042mdwyw7-original:tplv-resize:640:0.image?psm=motor.pc_sh.api,1,0,,,0,0,0,dongchedi_usedcar_series,2026-07-08T21:14:45+08:00
5558a7d1a920ae0d5977bf6c,3334,7,福特,锐际,https://p9-dcd.byteimg.com/tos-cn-i-dcdx/a4a6a272b85547fd91a14d5e4ccc0d37~tplv-resize:640:0.png?psm=motor.rank.data,3,218,销量榜,58,5,9,14,dongchedi_ranking|dongchedi_usedcar_series,2026-07-08T21:14:45+08:00
6a2b29bec04fcccee00a571d,3337,2,奥迪,奥迪Q2L e-tron,https://p3-dcd.byteimg.com/tos-cn-i-dcdx/d94add47067849a7bceb0dffdd19145a~tplv-f042mdwyw7-original:tplv-resize:640:0.image?psm=motor.pc_sh.api,1,0,,,0,0,0,dongchedi_usedcar_series,2026-07-08T21:14:45+08:00
ff7510623763377246880378,3339,5,丰田,奕泽E进擎,https://p3-dcd.byteimg.com/tos-cn-i-dcdx/51374ea74dd348da89ff211b4f4e7574~tplv-f042mdwyw7-original:tplv-resize:640:0.image?psm=motor.pc_sh.api,1,0,,,0,0,0,dongchedi_usedcar_series,2026-07-08T21:14:45+08:00
a82ca377c524d0bfadc881b6,3341,6,雪佛兰,创界,https://p3-dcd.byteimg.com/motor-mis-img/e8ba282468b4b966a707923b0e17456b~tplv-f042mdwyw7-original:tplv-resize:640:0.image?psm=motor.pc_sh.api,1,0,,,0,0,0,dongchedi_usedcar_series,2026-07-08T21:14:45+08:00
d93580b3cfaf598fd99455e4,3344,366,宝骏,宝骏RC-5,https://p9-dcd.byteimg.com/motor-mis-img/a9ba76c337bc015ddac90cb25ad2ee15~tplv-f042mdwyw7-original:tplv-resize:640:0.image?psm=motor.pc_sh.api,1,0,,,0,0,0,dongchedi_usedcar_series,2026-07-08T21:14:45+08:00
32cf34464339d6d3f286d081,3346,174,领克,领克03 PHEV,https://p9-dcd.byteimg.com/motor-mis-img/7b931011c106e2b125fd002b45591d33~tplv-f042mdwyw7-original:tplv-resize:640:0.image?psm=motor.pc_sh.api,1,0,,,0,0,0,dongchedi_usedcar_series,2026-07-08T21:14:45+08:00
d7e69cd582c897bc2a34599e,3347,68,北京汽车,北京EX3,https://p3-dcd.byteimg.com/motor-mis-img/8f7efd07d70431529dba2f035bfb6359~tplv-f042mdwyw7-original:tplv-resize:640:0.image?psm=motor.pc_sh.api,1,0,,,0,0,0,dongchedi_usedcar_series,2026-07-08T21:14:45+08:00
5a3f015cdd137c45118b8215,3348,93,北汽新能源,北汽新能源EC5,https://p3-dcd.byteimg.com/motor-mis-img/98616e7cb6f26f3b0b5820aa8a4fc7b7~tplv-f042mdwyw7-original:tplv-resize:640:0.image?psm=motor.pc_sh.api,1,0,,,0,0,0,dongchedi_usedcar_series,2026-07-08T21:14:45+08:00
d25f0f5c294b00efe596cf55,3349,68,北京汽车,北京EU7,https://p3-dcd.byteimg.com/motor-mis-img/a89ebb93dfc879c3e9a1ed65c37a7388~tplv-f042mdwyw7-original:tplv-resize:640:0.image?psm=motor.pc_sh.api,1,0,,,0,0,0,dongchedi_usedcar_series,2026-07-08T21:14:45+08:00
1c1bf3d4a1c6b53f3f7c3daa,3351,109,启辰,启辰D60 EV,https://p9-dcd.byteimg.com/motor-mis-img/9defc15eb235673157d66da8cbba5273~tplv-resize:640:0.png?psm=motor.rank.data,3,36,销量榜,177,17,9,26,dongchedi_ranking|dongchedi_usedcar_series,2026-07-08T21:14:45+08:00
8b279983f07dbe807a2f2f39,3352,195,小鹏汽车,小鹏P7,https://p9-dcd.byteimg.com/tos-cn-i-dcdx/7d0261ff50644213b56f6982fdacab0c~tplv-resize:640:0.png?psm=motor.rank.data,3,283,销量榜,9,4,40,44,dongchedi_ranking|dongchedi_usedcar_series,2026-07-08T21:14:45+08:00
e93136bc3c3aa0cb53c8f974,3354,22,雷克萨斯,雷克萨斯LM,https://p3-dcd.byteimg.com/tos-cn-i-dcdx/3bd9e9e8542642c49aabe60d7eda6f8f~tplv-f042mdwyw7-original:tplv-resize:640:0.image?psm=motor.pc_sh.api,1,0,,,0,0,0,dongchedi_usedcar_series,2026-07-08T21:14:45+08:00
394c9e3a268d69df3ee6a597,3355,24,沃尔沃,沃尔沃XC40,https://p9-dcd.byteimg.com/tos-cn-i-dcdx/165c411572eb454c894fa8363db5f915~tplv-resize:640:0.png?psm=motor.rank.data,3,218,销量榜,56,5,41,46,dongchedi_ranking|dongchedi_usedcar_series,2026-07-08T21:14:45+08:00
2ad0292beaa8c584708b3187,3357,171,长安凯程,睿行M60,https://p9-dcd.byteimg.com/tos-cn-i-dcdx/07d162af10a24a0f833485252021123e~tplv-f042mdwyw7-original:tplv-resize:640:0.image?psm=motor.pc_sh.api,1,0,,,0,0,0,dongchedi_usedcar_series,2026-07-08T21:14:45+08:00
973551cd7fdb5d450b90ef8e,3359,12,别克,微蓝6,https://p9-dcd.byteimg.com/tos-cn-i-dcdx/878a489c1fc54377b34bffe0ed76b4c7~tplv-resize:640:0.png?psm=motor.rank.data,3,283,销量榜,33,5,14,19,dongchedi_ranking|dongchedi_usedcar_series,2026-07-08T21:14:45+08:00
da9f222e491b5a26cae8cbcb,3360,3,奔驰,奔驰A级AMG,https://p3-dcd.byteimg.com/tos-cn-i-dcdx/e551f71c4f894eb08bf847fcd9fe86e1~tplv-f042mdwyw7-original:tplv-resize:640:0.image?psm=motor.pc_sh.api,1,0,,,0,0,0,dongchedi_usedcar_series,2026-07-08T21:14:45+08:00
f4310307b9c742309aaeca54,3364,246,大乘汽车,大乘G60S,https://p3-dcd.byteimg.com/motor-mis-img/cdd8aa521a426c9800c98af94019e5b4~tplv-f042mdwyw7-original:tplv-resize:640:0.image?psm=motor.pc_sh.api,1,0,,,0,0,0,dongchedi_usedcar_series,2026-07-08T21:14:45+08:00
3fe472bd60b25f4a65a364c0,3365,37,东风风神,奕炫,https://p9-dcd.byteimg.com/tos-cn-i-dcdx/7c4ee87c39a84ba39339b188b7ffe322~tplv-resize:640:0.png?psm=motor.rank.data,3,218,销量榜,40,10,45,55,dongchedi_ranking|dongchedi_usedcar_series,2026-07-08T21:14:45+08:00
6e9b660eb148498f54f63d4f,3366,95,东风风光,风光E3,https://p9-dcd.byteimg.com/motor-mis-img/5d8239f3c0e1b3c8e2f32dc007831163~tplv-f042mdwyw7-original:tplv-resize:640:0.image?psm=motor.pc_sh.api,1,0,,,0,0,0,dongchedi_usedcar_series,2026-07-08T21:14:45+08:00
e794eb0270de9f88f6ee5bde,3369,46,雷诺,雷诺 e诺,https://p3-dcd.byteimg.com/motor-mis-img/0deb0200793f3dfb80e73fbc7e787504~tplv-f042mdwyw7-original:tplv-resize:640:0.image?psm=motor.pc_sh.api,1,0,,,0,0,0,dongchedi_usedcar_series,2026-07-08T21:14:45+08:00
352d48b1031758d3af1e8e45,3378,11,现代,领动PHEV,https://p9-dcd.byteimg.com/motor-mis-img/55d9bbf5f543a0506355ecad4dd41018~tplv-f042mdwyw7-original:tplv-resize:640:0.image?psm=motor.pc_sh.api,1,0,,,0,0,0,dongchedi_usedcar_series,2026-07-08T21:14:45+08:00
f0965476128fc669830196c7,3381,36,荣威,荣威RX5 MAX,https://p3-dcd.byteimg.com/motor-mis-img/4ade8f729027c71151555327119249d1~tplv-f042mdwyw7-original:tplv-resize:640:0.image?psm=motor.pc_sh.api,1,0,,,0,0,0,dongchedi_usedcar_series,2026-07-08T21:14:45+08:00
1aa5ed210dc369c5467e49d2,3387,461,奇瑞新能源,瑞虎e,https://p3-dcd.byteimg.com/motor-mis-img/47395e6141c3888a30ff8334b3a430d1~tplv-f042mdwyw7-original:tplv-resize:640:0.image?psm=motor.pc_sh.api,1,0,,,0,0,0,dongchedi_usedcar_series,2026-07-08T21:14:45+08:00
e793d45c5668224946e87569,3389,119,长安欧尚,长安欧尚X7,https://p3-dcd.byteimg.com/motor-mis-img/29d58b0f1c780f37dbf2e38d1bfc211d~tplv-f042mdwyw7-original:tplv-resize:640:0.image?psm=motor.pc_sh.api,1,0,,,0,0,0,dongchedi_usedcar_series,2026-07-08T21:14:45+08:00
8f39bb157f6d6c16b6b81e9a,3390,68,北京汽车,北京X3,https://p3-dcd.byteimg.com/motor-mis-img/27ad63e66aeee5588426a0ff56451c29~tplv-f042mdwyw7-original:tplv-resize:640:0.image?psm=motor.pc_sh.api,1,0,,,0,0,0,dongchedi_usedcar_series,2026-07-08T21:14:45+08:00
780b83be5122c460d2c1aa70,3393,100,江铃,域虎9,https://p3-dcd.byteimg.com/motor-mis-img/a4995752f83e52cfc94447df88610af7~tplv-f042mdwyw7-original:tplv-resize:640:0.image?psm=motor.pc_sh.api,1,0,,,0,0,0,dongchedi_usedcar_series,2026-07-08T21:14:45+08:00
1b0198c4d0e0b2b6e433d209,3398,185,威马汽车,威马W6,https://p3-dcd.byteimg.com/motor-mis-img/e4399ede36e1a5443d96e2dd7188cab8~tplv-f042mdwyw7-original:tplv-resize:640:0.image?psm=motor.pc_sh.api,1,0,,,0,0,0,dongchedi_usedcar_series,2026-07-08T21:14:45+08:00
b203e0de359641c4cf1be14c,3408,266,国机智骏,国机智骏GX5,https://p3-dcd.byteimg.com/motor-mis-img/d82d94ee62b66a881f61ae95ad0544d3~tplv-f042mdwyw7-original:tplv-resize:640:0.image?psm=motor.pc_sh.api,1,0,,,0,0,0,dongchedi_usedcar_series,2026-07-08T21:14:45+08:00
43ee6eff10508af2be9bb218,3409,266,国机智骏,国机智骏GC1,https://p3-dcd.byteimg.com/motor-mis-img/1fc424ba1769179dc31bbfc7bd24c272~tplv-f042mdwyw7-original:tplv-resize:640:0.image?psm=motor.pc_sh.api,1,0,,,0,0,0,dongchedi_usedcar_series,2026-07-08T21:14:45+08:00
9b31918d0353b993ffa840ca,3437,1,大众,揽境,https://p9-dcd.byteimg.com/tos-cn-i-dcdx/eeac6dcca5d34e10aff8e0e2d7f973de~tplv-resize:640:0.png?psm=motor.rank.data,3,161,销量榜,50,4,68,72,dongchedi_ranking|dongchedi_usedcar_series,2026-07-08T21:14:45+08:00
d75cba5d0db3dfae062935e7,3441,108,大通,新途V90,https://p3-dcd.byteimg.com/motor-mis-img/0dbb2d53a6b0436c870a997e2f87b714~tplv-f042mdwyw7-original:tplv-resize:640:0.image?psm=motor.pc_sh.api,1,0,,,0,0,0,dongchedi_usedcar_series,2026-07-08T21:14:45+08:00
f4f8d73004d487b3d69aabd8,3452,109,启辰,启辰e30,https://p3-dcd.byteimg.com/motor-mis-img/30a646d6e4aba66fe6d6309c9e4f498a~tplv-f042mdwyw7-original:tplv-resize:640:0.image?psm=motor.pc_sh.api,1,0,,,0,0,0,dongchedi_usedcar_series,2026-07-08T21:14:45+08:00
f28792ca2b90f8ffa89798fa,3455,16,比亚迪,比亚迪e2,https://p9-dcd.byteimg.com/tos-cn-i-dcdx/b8781cd4b8d749f997db471d7ee5b563~tplv-resize:640:0.png?psm=motor.rank.data,3,263,销量榜,53,3,18,21,dongchedi_ranking|dongchedi_usedcar_series,2026-07-08T21:14:45+08:00
38c3e8dd35aa40ee53d522f6,3463,174,领克,领克05,https://p9-dcd.byteimg.com/tos-cn-i-dcdx/8e49b33114d54fc8b11392e2ffdf0c36~tplv-f042mdwyw7-original:tplv-resize:640:0.image?psm=motor.pc_sh.api,1,0,,,0,0,0,dongchedi_usedcar_series,2026-07-08T21:14:45+08:00
dc425262f79d1c23824164de,3464,108,大通,大通EUNIQ 6,https://p3-dcd.byteimg.com/motor-mis-img/eea0af8eaac3b4a0e837ec1c1833bd6d~tplv-f042mdwyw7-original:tplv-resize:640:0.image?psm=motor.pc_sh.api,1,0,,,0,0,0,dongchedi_usedcar_series,2026-07-08T21:14:45+08:00
588d909152c0dc8d245ce223,3468,108,大通,大通EUNIQ 5,https://p3-dcd.byteimg.com/motor-mis-img/8da0b858ee54096f009be265dc14a11f~tplv-f042mdwyw7-original:tplv-resize:640:0.image?psm=motor.pc_sh.api,1,0,,,0,0,0,dongchedi_usedcar_series,2026-07-08T21:14:45+08:00
9b9654f2fd81433a07d3e7da,3469,8,长城,炮EV,https://p3-dcd.byteimg.com/motor-mis-img/cd572fcae15d8f970e61c968f299aa11~tplv-f042mdwyw7-original:tplv-resize:640:0.image?psm=motor.pc_sh.api,1,0,,,0,0,0,dongchedi_usedcar_series,2026-07-08T21:14:45+08:00
240e7f30f271fc9e4d2467d4,3474,27,奔腾,奔腾T99,https://p9-dcd.byteimg.com/tos-cn-i-dcdx/c824422f6b304aa381f609de73f94fc3~tplv-f042mdwyw7-original:tplv-resize:640:0.image?psm=motor.pc_sh.api,1,0,,,0,0,0,dongchedi_usedcar_series,2026-07-08T21:14:45+08:00
c7bb155ce35f3ed97c14ee77,3475,108,大通,大通T70,https://p3-dcd.byteimg.com/motor-mis-img/06973384e5e3c82b667ebc46cd59a511~tplv-f042mdwyw7-original:tplv-resize:640:0.image?psm=motor.pc_sh.api,1,0,,,0,0,0,dongchedi_usedcar_series,2026-07-08T21:14:45+08:00
a05a37859804aad87a5b39c1,3476,73,吉利汽车,星瑞,https://p9-dcd.byteimg.com/tos-cn-i-dcdx/0bd351ca4fbb43e88ce265d8f0b869fb~tplv-resize:640:0.png?psm=motor.rank.data,3,218,销量榜,6,12,26,38,dongchedi_ranking|dongchedi_usedcar_series,2026-07-08T21:14:45+08:00
7dc4d1f44442b739dbc0f998,3478,112,蔚来,蔚来ET7,https://p9-dcd.byteimg.com/tos-cn-i-dcdx/044f2a2afda542c68162110525721908~tplv-resize:640:0.png?psm=motor.rank.data,3,210,销量榜,33,2,8,10,dongchedi_ranking|dongchedi_usedcar_series,2026-07-08T21:14:45+08:00
9d2278ebf946d2c3c9118e74,3480,105,思铭,东风本田X-NV,https://p9-dcd.byteimg.com/motor-mis-img/9ba4bdf407568878269fa3d35f3468be~tplv-f042mdwyw7-original:tplv-resize:640:0.image?psm=motor.pc_sh.api,1,0,,,0,0,0,dongchedi_usedcar_series,2026-07-08T21:14:45+08:00
f99bd18f5cbc7b7ddbc3d590,3503,242,埃安,AION LX,https://p9-dcd.byteimg.com/motor-mis-img/dbf23140365cfdd6d48480c3fd5bbe46~tplv-resize:640:0.png?psm=motor.rank.data,3,44,销量榜,7,4,11,15,dongchedi_ranking|dongchedi_usedcar_series,2026-07-08T21:14:45+08:00
3863148d827cda6b12be55e8,3504,16,比亚迪,宋Pro DM,https://p9-dcd.byteimg.com/tos-cn-i-dcdx/a1d1f6d0748e45188828a777eb62376f~tplv-resize:640:0.png?psm=motor.rank.data,3,210,销量榜,1,9,27,36,dongchedi_ranking|dongchedi_usedcar_series,2026-07-08T21:14:45+08:00
c13dbb2ac6ef5ec4615d29d2,3505,16,比亚迪,宋Pro EV,https://p9-dcd.byteimg.com/motor-mis-img/295996c6ec70d997d237cd7597edd1af~tplv-f042mdwyw7-original:tplv-resize:640:0.image?psm=motor.pc_sh.api,1,0,,,0,0,0,dongchedi_usedcar_series,2026-07-08T21:14:45+08:00
8794bf24a6cebfab687ef515,3522,6,雪佛兰,Express,https://p3-dcd.byteimg.com/tos-cn-i-dcdx/cee5e588def644419eafe887c5ba3e14~tplv-f042mdwyw7-original:tplv-resize:640:0.image?psm=motor.pc_sh.api,1,0,,,0,0,0,dongchedi_usedcar_series,2026-07-08T21:14:45+08:00
ff20e7df660688aeee066b7a,3527,11,现代,帕里斯帝,https://p9-dcd.byteimg.com/tos-cn-i-dcdx/ac488ec32e6e4a019f3c298bb0d05e22~tplv-f042mdwyw7-original:tplv-resize:640:0.image?psm=motor.pc_sh.api,1,0,,,0,0,0,dongchedi_usedcar_series,2026-07-08T21:14:45+08:00
a57fc7aa47219adf225d0e89,3528,14,Jeep,大指挥官PHEV,https://p3-dcd.byteimg.com/motor-mis-img/1d87572ad682ce3e594ecec904959dab~tplv-f042mdwyw7-original:tplv-resize:640:0.image?psm=motor.pc_sh.api,1,0,,,0,0,0,dongchedi_usedcar_series,2026-07-08T21:14:45+08:00
142d6712240e32c275c9eedf,3564,127,恒天,恒天L4600,https://p3-dcd.byteimg.com/motor-mis-img/adc43f794526260f337fc8dbd1551694~tplv-f042mdwyw7-original:tplv-resize:640:0.image?psm=motor.pc_sh.api,1,0,,,0,0,0,dongchedi_usedcar_series,2026-07-08T21:14:45+08:00
e0e9e5c00cdff6c354ce4e26,3595,73,吉利汽车,星越PHEV,https://p3-dcd.byteimg.com/motor-mis-img/af2fab6466bd9e4bd2d83cadcfa87984~tplv-f042mdwyw7-original:tplv-resize:640:0.image?psm=motor.pc_sh.api,1,0,,,0,0,0,dongchedi_usedcar_series,2026-07-08T21:14:45+08:00
0980b4c3ea5fa0c32408212d,3663,20,保时捷,Taycan,https://p9-dcd.byteimg.com/tos-cn-i-dcdx/4c80f5e1b47b4b399502b8b947ef3f31~tplv-f042mdwyw7-original:tplv-resize:640:0.image?psm=motor.pc_sh.api,1,0,,,0,0,0,dongchedi_usedcar_series,2026-07-08T21:14:45+08:00
4254c86b8f26d1bbbf4bd396,3672,73,吉利汽车,豪越,https://p3-dcd.byteimg.com/motor-mis-img/06bdb2d5a56fc66b44c98181ac66b458~tplv-f042mdwyw7-original:tplv-resize:640:0.image?psm=motor.pc_sh.api,1,0,,,0,0,0,dongchedi_usedcar_series,2026-07-08T21:14:45+08:00
d0bce8e621aeb8cc1b53a614,3690,36,荣威,荣威RX9,https://p3-dcd.byteimg.com/tos-cn-i-dcdx/7118e0bee36049a283022e08e4995b36~tplv-f042mdwyw7-original:tplv-resize:640:0.image?psm=motor.pc_sh.api,1,0,,,0,0,0,dongchedi_usedcar_series,2026-07-08T21:14:45+08:00
ff27d128cd51ca25d6d3f4f9,3692,57,福田,祥菱M,https://p9-dcd.byteimg.com/motor-mis-img/dd1a7d1289f9d8774e0a2281aba2b49e~tplv-f042mdwyw7-original:tplv-resize:640:0.image?psm=motor.pc_sh.api,1,0,,,0,0,0,dongchedi_usedcar_series,2026-07-08T21:14:45+08:00
19cd11e5b4e5c63f48d5161e,3706,73,吉利汽车,缤越PHEV,https://p3-dcd.byteimg.com/motor-mis-img/985525a3c5e4e0650af26a045971bc2f~tplv-f042mdwyw7-original:tplv-resize:640:0.image?psm=motor.pc_sh.api,1,0,,,0,0,0,dongchedi_usedcar_series,2026-07-08T21:14:45+08:00
f0975e8a1d4812790ec39291,3708,4,宝马,宝马X2,https://p3-dcd.byteimg.com/tos-cn-i-dcdx/cf2391d88d57400ea42dbe95063823a7~tplv-f042mdwyw7-original:tplv-resize:640:0.image?psm=motor.pc_sh.api,1,0,,,0,0,0,dongchedi_usedcar_series,2026-07-08T21:14:45+08:00
6ac45303b069d2cf075465a4,3710,36,荣威,CLEVER,https://p3-dcd.byteimg.com/motor-mis-img/0df783917aab490ada07cd607aa9dedf~tplv-f042mdwyw7-original:tplv-resize:640:0.image?psm=motor.pc_sh.api,1,0,,,0,0,0,dongchedi_usedcar_series,2026-07-08T21:14:45+08:00
2dc95df7c61732ee7f7eede9,3711,3,奔驰,迈巴赫GLS,https://p3-dcd.byteimg.com/tos-cn-i-dcdx/a92f05f04f30422782e238ee3a8dd6f1~tplv-f042mdwyw7-original:tplv-resize:640:0.image?psm=motor.pc_sh.api,1,0,,,0,0,0,dongchedi_usedcar_series,2026-07-08T21:14:45+08:00
3dc47b38df5aa8424fd7b8b8,3714,66,魏牌,魏牌 VV7 PHEV,https://p3-dcd.byteimg.com/motor-mis-img/978aaa814237265ed6c89ae6906e38a6~tplv-f042mdwyw7-original:tplv-resize:640:0.image?psm=motor.pc_sh.api,1,0,,,0,0,0,dongchedi_usedcar_series,2026-07-08T21:14:45+08:00
2258e82ce8cd63bbe2062638,3719,3,奔驰,奔驰EQC,https://p3-dcd.byteimg.com/motor-mis-img/af9519c896135b4d911ee16d8d22743f~tplv-f042mdwyw7-original:tplv-resize:640:0.image?psm=motor.pc_sh.api,1,0,,,0,0,0,dongchedi_usedcar_series,2026-07-08T21:14:45+08:00
b1d3030eb4e1307352e2492a,3720,251,星途,星途揽月,https://p9-dcd.byteimg.com/tos-cn-i-dcdx/434b88ca6aee44ad91a3b179105176dc~tplv-resize:640:0.png?psm=motor.rank.data,3,218,销量榜,66,5,35,40,dongchedi_ranking|dongchedi_usedcar_series,2026-07-08T21:14:45+08:00
36d47e5e67fe539499aebc6f,3721,157,SWM斯威汽车,斯威G05,https://p9-dcd.byteimg.com/tos-cn-i-dcdx/81bb497225c24e9c92d2e631df27b9ca~tplv-resize:640:0.png?psm=motor.rank.data,3,56,销量榜,118,8,29,37,dongchedi_ranking|dongchedi_usedcar_series,2026-07-08T21:14:45+08:00
9ceddd00599c2d98b421325b,3722,27,奔腾,奔腾T33,https://p9-dcd.byteimg.com/motor-mis-img/3621d8fc628707ebe0f22bfccf2993a1~tplv-f042mdwyw7-original:tplv-resize:640:0.image?psm=motor.pc_sh.api,1,0,,,0,0,0,dongchedi_usedcar_series,2026-07-08T21:14:45+08:00
6f70d21578997aefd4bf86e4,3724,55,DS,DS 9,https://p9-dcd.byteimg.com/motor-mis-img/fc67d704cb45ca837dc5130b5cc62498~tplv-f042mdwyw7-original:tplv-resize:640:0.image?psm=motor.pc_sh.api,1,0,,,0,0,0,dongchedi_usedcar_series,2026-07-08T21:14:45+08:00
735a7240c25be3018ea8af6d,3726,44,法拉利,法拉利SF90,https://p3-dcd.byteimg.com/motor-mis-img/a0d44e2e6419aef9ea1c5c72e62d8312~tplv-f042mdwyw7-original:tplv-resize:640:0.image?psm=motor.pc_sh.api,1,0,,,0,0,0,dongchedi_usedcar_series,2026-07-08T21:14:45+08:00
5bf2928fe193e7ea196f35d4,3734,366,宝骏,宝骏RM-5,https://p9-dcd.byteimg.com/motor-mis-img/03a70ca2d9fcc37f97a063d5cd76167d~tplv-f042mdwyw7-original:tplv-resize:640:0.image?psm=motor.pc_sh.api,1,0,,,0,0,0,dongchedi_usedcar_series,2026-07-08T21:14:45+08:00
876da43f11567f15600e164b,3735,32,江汽集团,嘉悦A5,https://p3-dcd.byteimg.com/motor-mis-img/6f4cc37bc9e7e0c82b325c60dcb77024~tplv-f042mdwyw7-original:tplv-resize:640:0.image?psm=motor.pc_sh.api,1,0,,,0,0,0,dongchedi_usedcar_series,2026-07-08T21:14:45+08:00
c537d89721c655b1b0eb3353,3736,30,凯迪拉克,凯迪拉克CT5,https://p9-dcd.byteimg.com/tos-cn-i-dcdx/b02f0aab2a354982a67d5e16c598eeed~tplv-resize:640:0.png?psm=motor.rank.data,3,218,销量榜,15,3,38,41,dongchedi_ranking|dongchedi_usedcar_series,2026-07-08T21:14:45+08:00
83944b798e0f1546fc83cb30,3739,366,宝骏,宝骏RC-6,https://p9-dcd.byteimg.com/motor-mis-img/ab2e845bbdae2917e2e59dfb100e30e7~tplv-f042mdwyw7-original:tplv-resize:640:0.image?psm=motor.pc_sh.api,1,0,,,0,0,0,dongchedi_usedcar_series,2026-07-08T21:14:45+08:00
d936ddb94deceff97ece8fac,3742,57,福田,风景G5,https://p9-dcd.byteimg.com/motor-mis-img/4b2ca1d36fdb2b2b8dc360db74ec5152~tplv-f042mdwyw7-original:tplv-resize:640:0.image?psm=motor.pc_sh.api,1,0,,,0,0,0,dongchedi_usedcar_series,2026-07-08T21:14:45+08:00
0a6885672cfd1432c114bcdb,3746,282,雷丁,雷丁i5,https://p3-dcd.byteimg.com/motor-mis-img/0edd2c647ceb974f14a52eae4f53ced1~tplv-f042mdwyw7-original:tplv-resize:640:0.image?psm=motor.pc_sh.api,1,0,,,0,0,0,dongchedi_usedcar_series,2026-07-08T21:14:45+08:00
bbecd42442a800c980a79071,3754,119,长安欧尚,长安欧尚科赛5,https://p3-dcd.byteimg.com/motor-mis-img/78d78417af5d12637921195bd1513548~tplv-f042mdwyw7-original:tplv-resize:640:0.image?psm=motor.pc_sh.api,1,0,,,0,0,0,dongchedi_usedcar_series,2026-07-08T21:14:45+08:00
9fe2fe0d848f6fc7af56e389,3757,306,谢尔比,谢尔比GTE,https://p3-dcd.byteimg.com/motor-mis-img/a72fbf41ffbf2b25d44592688ba60d75~tplv-f042mdwyw7-original:tplv-resize:640:0.image?psm=motor.pc_sh.api,1,0,,,0,0,0,dongchedi_usedcar_series,2026-07-08T21:14:45+08:00
5dbcdf28c96389d86a94cafe,3758,86,迈凯伦,迈凯伦GT,https://p3-dcd.byteimg.com/motor-mis-img/c5c54def79d8d79ba8142b544b203a48~tplv-f042mdwyw7-original:tplv-resize:640:0.image?psm=motor.pc_sh.api,1,0,,,0,0,0,dongchedi_usedcar_series,2026-07-08T21:14:45+08:00
7f42321835f5b666bd977cad,3759,11,现代,菲斯塔 纯电动,https://p9-dcd.byteimg.com/motor-mis-img/6def6668eda5c8d394c50bffbcb0c134~tplv-f042mdwyw7-original:tplv-resize:640:0.image?psm=motor.pc_sh.api,1,0,,,0,0,0,dongchedi_usedcar_series,2026-07-08T21:14:45+08:00
ecbbbeeb138cc8a66ce90dc0,3762,63,特斯拉,Model 3,https://p9-dcd.byteimg.com/tos-cn-i-dcdx/f1cb1d06a54f44e0a4b8c7eefd1791cd~tplv-resize:640:0.png?psm=motor.rank.data,3,275,销量榜,2,4,22,26,dongchedi_ranking|dongchedi_usedcar_series,2026-07-08T21:14:45+08:00
d688f575c4f3f26598826077,3766,308,远程汽车,远程E5,https://p9-dcd.byteimg.com/motor-mis-img/28ad6c0ccd1ad0b962285d49668eb55c~tplv-f042mdwyw7-original:tplv-resize:640:0.image?psm=motor.pc_sh.api,1,0,,,0,0,0,dongchedi_usedcar_series,2026-07-08T21:14:45+08:00
60adcdb20b78f2c376a0353b,3767,308,远程汽车,远程星享E6,https://p9-dcd.byteimg.com/tos-cn-i-dcdx/a77ee56e61ab4c98befda215ffcc867b~tplv-f042mdwyw7-original:tplv-resize:640:0.image?psm=motor.pc_sh.api,1,0,,,0,0,0,dongchedi_usedcar_series,2026-07-08T21:14:45+08:00
8275ed8dfe162fc1a8a00eae,3797,49,悍马,悍马HX,https://p3-dcd.byteimg.com/motor-mis-img/9d9a31005adfee53edde03ccf333d1b4~tplv-f042mdwyw7-original:tplv-resize:640:0.image?psm=motor.pc_sh.api,1,0,,,0,0,0,dongchedi_usedcar_series,2026-07-08T21:14:45+08:00
25dd999268cb849f8c09e883,3801,59,红旗,红旗H5 PHEV,https://p9-dcd.byteimg.com/tos-cn-i-dcdx/f24bd38b015840f588c5179d9dee6a0c~tplv-resize:640:0.png?psm=motor.rank.data,3,210,销量榜,22,2,1,3,dongchedi_ranking|dongchedi_usedcar_series,2026-07-08T21:14:45+08:00
a32036544d654743f0c324a4,3805,106,五十铃,庆铃五十铃T17,https://p3-dcd.byteimg.com/motor-mis-img/a6c9baec564bdfb517c193995a2924c6~tplv-f042mdwyw7-original:tplv-resize:640:0.image?psm=motor.pc_sh.api,1,0,,,0,0,0,dongchedi_usedcar_series,2026-07-08T21:14:45+08:00
b48bf3b39b70673212944f10,3807,51,阿尔法·罗密欧,Tonale托纳利,https://p9-dcd.byteimg.com/tos-cn-i-dcdx/66ee948b99ac45649b9e22a7b91cd9ec~tplv-f042mdwyw7-original:tplv-resize:640:0.image?psm=motor.pc_sh.api,1,0,,,0,0,0,dongchedi_usedcar_series,2026-07-08T21:14:45+08:00
548ffcb28a090af0e9a1c8d6,3832,15,马自达,马自达RX-7,https://p3-dcd.byteimg.com/tos-cn-i-dcdx/12d210b24dfb4d6682cb69cf5cbea566~tplv-f042mdwyw7-original:tplv-resize:640:0.image?psm=motor.pc_sh.api,1,0,,,0,0,0,dongchedi_usedcar_series,2026-07-08T21:14:45+08:00
e34c0b83239890351f71d770,3854,67,一汽,森雅R8,https://p9-dcd.byteimg.com/motor-mis-img/067f47a92f04e6277b65d89dde179938~tplv-f042mdwyw7-original:tplv-resize:640:0.image?psm=motor.pc_sh.api,1,0,,,0,0,0,dongchedi_usedcar_series,2026-07-08T21:14:45+08:00
71fd1570764ab956cf23ad24,3873,159,腾势,腾势X PHEV,https://p9-dcd.byteimg.com/motor-mis-img/3446772365f667bfeac113d3b0d641c5~tplv-f042mdwyw7-original:tplv-resize:640:0.image?psm=motor.pc_sh.api,1,0,,,0,0,0,dongchedi_usedcar_series,2026-07-08T21:14:45+08:00
76825812a427e3f6275bad08,3913,304,车驰汽车,车驰Daily,https://p9-dcd.byteimg.com/motor-mis-img/e384fdfb9c487c3354bb939d06edd8e3~tplv-f042mdwyw7-original:tplv-resize:640:0.image?psm=motor.pc_sh.api,1,0,,,0,0,0,dongchedi_usedcar_series,2026-07-08T21:14:45+08:00
1c1a0f70a7668e517ff713a6,3921,7,福特,福克斯Active,https://p3-dcd.byteimg.com/motor-mis-img/068c009dd695cffd99c19ae062b4e9f1~tplv-f042mdwyw7-original:tplv-resize:640:0.image?psm=motor.pc_sh.api,1,0,,,0,0,0,dongchedi_usedcar_series,2026-07-08T21:14:45+08:00
169d10421d4e956ed9f8402d,3928,3,奔驰,奔驰GLB,https://p9-dcd.byteimg.com/tos-cn-i-dcdx/05ab32d0a1b6462fa97ed1ecb0b2b183~tplv-resize:640:0.png?psm=motor.rank.data,3,218,销量榜,27,9,44,53,dongchedi_ranking|dongchedi_usedcar_series,2026-07-08T21:14:45+08:00
4ed7496c41acd66604fe6465,3932,3,奔驰,奔驰EQB,https://p9-dcd.byteimg.com/tos-cn-i-dcdx/6248b7820b1e454d882f85606981367e~tplv-resize:640:0.png?psm=motor.rank.data,3,54,销量榜,60,2,7,9,dongchedi_ranking|dongchedi_usedcar_series,2026-07-08T21:14:45+08:00
ebfe2bfb9ea9c092d743d810,3935,3,奔驰,奔驰GLB AMG,https://p3-dcd.byteimg.com/tos-cn-i-dcdx/cd5382106a424c16903d25940801be99~tplv-f042mdwyw7-original:tplv-resize:640:0.image?psm=motor.pc_sh.api,1,0,,,0,0,0,dongchedi_usedcar_series,2026-07-08T21:14:45+08:00
776d46076e39c2b8928f86c0,3939,52,北京越野,北京F40,https://p3-dcd.byteimg.com/motor-mis-img/9f77fda996572129b77f0a0094ebabea~tplv-f042mdwyw7-original:tplv-resize:640:0.image?psm=motor.pc_sh.api,1,0,,,0,0,0,dongchedi_usedcar_series,2026-07-08T21:14:45+08:00
5be8dd419a1fbff07faa8d39,3957,133,金旅,领特,https://p3-dcd.byteimg.com/motor-mis-img/3c40d87720f31a889eae08e48dfb5723~tplv-f042mdwyw7-original:tplv-resize:640:0.image?psm=motor.pc_sh.api,1,0,,,0,0,0,dongchedi_usedcar_series,2026-07-08T21:14:45+08:00
b364b0df42befc4907a102cf,3973,95,东风风光,风光580Pro,https://p9-dcd.byteimg.com/motor-mis-img/a519611d1e37153d3b910801c83a9f12~tplv-f042mdwyw7-original:tplv-resize:640:0.image?psm=motor.pc_sh.api,1,0,,,0,0,0,dongchedi_usedcar_series,2026-07-08T21:14:45+08:00
c4b62a720184e974180a90a6,3975,249,高合,高合HiPhi X,https://p3-dcd.byteimg.com/motor-mis-img/ffeed63a3d77e832e4010a065fbf156c~tplv-f042mdwyw7-original:tplv-resize:640:0.image?psm=motor.pc_sh.api,1,0,,,0,0,0,dongchedi_usedcar_series,2026-07-08T21:14:45+08:00
ac9e40b8ecbdb929e4917ca5,3981,62,林肯,冒险家,https://p9-dcd.byteimg.com/tos-cn-i-dcdx/b719476c8af84479aadcd73671546619~tplv-resize:640:0.png?psm=motor.rank.data,3,218,销量榜,44,11,35,46,dongchedi_ranking|dongchedi_usedcar_series,2026-07-08T21:14:45+08:00
cc2e3858d494684f2be71e34,3983,62,林肯,冒险家PHEV,https://p3-dcd.byteimg.com/motor-mis-img/d00c235ab7cd0b3c5c6b0f0f89c4b00f~tplv-f042mdwyw7-original:tplv-resize:640:0.image?psm=motor.pc_sh.api,1,0,,,0,0,0,dongchedi_usedcar_series,2026-07-08T21:14:45+08:00
21ba9dbeeb96642d7b1e93a1,3987,54,道奇,Rampage,https://p3-dcd.byteimg.com/motor-mis-img/95c4bb590b33cb030def999fa41fdbd9~tplv-f042mdwyw7-original:tplv-resize:640:0.image?psm=motor.pc_sh.api,1,0,,,0,0,0,dongchedi_usedcar_series,2026-07-08T21:14:45+08:00
be163ef6c02dd81e45420422,3989,5,丰田,Sprinter Trueno,https://p3-dcd.byteimg.com/tos-cn-i-dcdx/d7790ba67a7c4e02836410336fe9cbde~tplv-f042mdwyw7-original:tplv-resize:640:0.image?psm=motor.pc_sh.api,1,0,,,0,0,0,dongchedi_usedcar_series,2026-07-08T21:14:45+08:00
843441b50e58429c011901a7,3994,50,铃木,吉姆尼,https://p3-dcd.byteimg.com/motor-mis-img/85cefa24945edcfb9b577087443193bc~tplv-f042mdwyw7-original:tplv-resize:640:0.image?psm=motor.pc_sh.api,1,0,,,0,0,0,dongchedi_usedcar_series,2026-07-08T21:14:45+08:00
79f7ce4a4595147385a98bc6,4000,95,东风风光,风光ix7,https://p9-dcd.byteimg.com/motor-mis-img/5fc6e25bb275722b38c7a9d1f4d03f94~tplv-f042mdwyw7-original:tplv-resize:640:0.image?psm=motor.pc_sh.api,1,0,,,0,0,0,dongchedi_usedcar_series,2026-07-08T21:14:45+08:00
c9ab0fae662faab2b0e06128,4068,77,东南,东南DX5,https://p3-dcd.byteimg.com/motor-mis-img/04bf7bc6fbfc6e3e85856c2fc6732b71~tplv-f042mdwyw7-original:tplv-resize:640:0.image?psm=motor.pc_sh.api,1,0,,,0,0,0,dongchedi_usedcar_series,2026-07-08T21:14:45+08:00
7d0289a36124021610584fca,4074,68,北京汽车,北京EU5,https://p3-dcd.byteimg.com/motor-mis-img/fac9641308c9c3c9b23765bdcbdd6697~tplv-f042mdwyw7-original:tplv-resize:640:0.image?psm=motor.pc_sh.api,1,0,,,0,0,0,dongchedi_usedcar_series,2026-07-08T21:14:45+08:00
93202acda668487010b779c1,4075,36,荣威,荣威RX5 eMAX,https://p3-dcd.byteimg.com/motor-mis-img/4dd54b81e0b8d683dd76a79dedebafed~tplv-f042mdwyw7-original:tplv-resize:640:0.image?psm=motor.pc_sh.api,1,0,,,0,0,0,dongchedi_usedcar_series,2026-07-08T21:14:45+08:00
9c4a4859f81f2573cba513cc,4076,16,比亚迪,比亚迪e3,https://p9-dcd.byteimg.com/motor-mis-img/993f74dfdbd9feb7e14875c014b44163~tplv-resize:640:0.png?psm=motor.rank.data,3,210,销量榜,36,1,9,10,dongchedi_ranking|dongchedi_usedcar_series,2026-07-08T21:14:45+08:00
f3d95bb3473397f976aa62b0,4078,1,大众,探影,https://p3-dcd.byteimg.com/motor-mis-img/1f13ff8a44ab52143390f45ff0a7b8b5~tplv-f042mdwyw7-original:tplv-resize:640:0.image?psm=motor.pc_sh.api,1,0,,,0,0,0,dongchedi_usedcar_series,2026-07-08T21:14:45+08:00
0cc9281fdbc4a589b124b519,4079,9,本田,皓影,https://p9-dcd.byteimg.com/tos-cn-i-dcdx/2c6cf420ef9642c38762a8eb899baa0c~tplv-resize:640:0.png?psm=motor.rank.data,3,275,销量榜,10,16,38,54,dongchedi_ranking|dongchedi_usedcar_series,2026-07-08T21:14:45+08:00
a82556bd774ecece971f6dd3,4080,12,别克,昂科旗,https://p9-dcd.byteimg.com/tos-cn-i-dcdx/b1deb54bbc7f4d549b71ebd39999e7d5~tplv-f042mdwyw7-original:tplv-resize:640:0.image?psm=motor.pc_sh.api,1,0,,,0,0,0,dongchedi_usedcar_series,2026-07-08T21:14:45+08:00
a7220b629d2acf81a78b3804,4081,6,雪佛兰,雪佛兰畅巡,https://p9-dcd.byteimg.com/motor-mis-img/017ffe70e741c3fe352de81cc84795ce~tplv-resize:640:0.png?psm=motor.rank.data,3,36,销量榜,182,3,22,25,dongchedi_ranking|dongchedi_usedcar_series,2026-07-08T21:14:45+08:00
e505219cb6263a9921c9121f,4082,35,长安,CS55 E-Rock,https://p9-dcd.byteimg.com/motor-mis-img/d04bebe97fb649562e55b88d4c056162~tplv-f042mdwyw7-original:tplv-resize:640:0.image?psm=motor.pc_sh.api,1,0,,,0,0,0,dongchedi_usedcar_series,2026-07-08T21:14:45+08:00
e9c81e4d556c80e12f404c42,4086,461,奇瑞新能源,艾瑞泽e,https://p9-dcd.byteimg.com/motor-mis-img/801fac00fa4a0818fc25e1fc20372dda~tplv-resize:640:0.png?psm=motor.rank.data,3,9,销量榜,203,2,12,14,dongchedi_ranking|dongchedi_usedcar_series,2026-07-08T21:14:45+08:00
d43acd70db72c618005127d6,4087,237,广汽集团,广汽丰田iA5,https://p3-dcd.byteimg.com/motor-mis-img/d615385354694acde6298b463af5aba7~tplv-f042mdwyw7-original:tplv-resize:640:0.image?psm=motor.pc_sh.api,1,0,,,0,0,0,dongchedi_usedcar_series,2026-07-08T21:14:45+08:00
289be6c8a73d38b2087a1501,4091,335,广通客车,广通艾菲,https://p9-dcd.byteimg.com/motor-mis-img/17d2a2ec5ea274befd5ffed8872e2591~tplv-f042mdwyw7-original:tplv-resize:640:0.image?psm=motor.pc_sh.api,1,0,,,0,0,0,dongchedi_usedcar_series,2026-07-08T21:14:45+08:00
a5a8b009aefe46028e4f72b3,4092,336,AUXUN傲旋,傲旋,https://p3-dcd.byteimg.com/tos-cn-i-dcdx/94c6b107e26d42039256503858ed1ee9~tplv-f042mdwyw7-original:tplv-resize:640:0.image?psm=motor.pc_sh.api,1,0,,,0,0,0,dongchedi_usedcar_series,2026-07-08T21:14:45+08:00
78d035b4bac47b78a6a894b1,4118,16,比亚迪,秦,https://p9-dcd.byteimg.com/motor-mis-img/9bffde894f777383f54e8110b556933a~tplv-f042mdwyw7-original:tplv-resize:640:0.image?psm=motor.pc_sh.api,1,0,,,0,0,0,dongchedi_usedcar_series,2026-07-08T21:14:45+08:00
05946cfe9d19ff50a245a0df,4125,417,东风纳米,东风纳米EX1,https://p3-dcd.byteimg.com/tos-cn-i-dcdx/2883c126ecf049aab9a839baff65636b~tplv-f042mdwyw7-original:tplv-resize:640:0.image?psm=motor.pc_sh.api,1,0,,,0,0,0,dongchedi_usedcar_series,2026-07-08T21:14:45+08:00
7224e9f37a7e40b312b47efd,4128,344,星驰,铂驰V系列,https://p9-dcd.byteimg.com/motor-mis-img/a397de08663c46988c77bc49b91262d3~tplv-f042mdwyw7-original:tplv-resize:640:0.image?psm=motor.pc_sh.api,1,0,,,0,0,0,dongchedi_usedcar_series,2026-07-08T21:14:45+08:00
06a3bc2e0dfcee3741083519,4131,66,魏牌,魏牌 VV7 GT,https://p3-dcd.byteimg.com/motor-mis-img/df1dd3b57173562ef480141c7d92f24c~tplv-f042mdwyw7-original:tplv-resize:640:0.image?psm=motor.pc_sh.api,1,0,,,0,0,0,dongchedi_usedcar_series,2026-07-08T21:14:45+08:00
1e54ba134a777d27b8015660,4133,272,迈莎锐,迈莎锐G级,https://p3-dcd.byteimg.com/motor-mis-img/9099699a8b1f8d717c9b3bf7561be14e~tplv-f042mdwyw7-original:tplv-resize:640:0.image?psm=motor.pc_sh.api,1,0,,,0,0,0,dongchedi_usedcar_series,2026-07-08T21:14:45+08:00
171555b3aa8a910316134552,4137,108,大通,大通RG10,https://p3-dcd.byteimg.com/motor-mis-img/87f08280abc6e80ecb81146c52249679~tplv-f042mdwyw7-original:tplv-resize:640:0.image?psm=motor.pc_sh.api,1,0,,,0,0,0,dongchedi_usedcar_series,2026-07-08T21:14:45+08:00
b3060d4ba4cec102a79a02ce,4146,59,红旗,红旗E-HS9,https://p9-dcd.byteimg.com/motor-mis-img/fb5c6d20cd6044b28f6eec55dcd6c61c~tplv-resize:640:0.png?psm=motor.rank.data,3,27,销量榜,39,4,16,20,dongchedi_ranking|dongchedi_usedcar_series,2026-07-08T21:14:45+08:00
dd3d39b6a17349fcc93cccd7,4151,66,魏牌,魏牌 VV7 GT PHEV,https://p3-dcd.byteimg.com/motor-mis-img/5fee5af78cba4f8e40c9c224e264b106~tplv-f042mdwyw7-original:tplv-resize:640:0.image?psm=motor.pc_sh.api,1,0,,,0,0,0,dongchedi_usedcar_series,2026-07-08T21:14:45+08:00
39997680461d4efc417b441c,4154,139,开瑞,海豚EV,https://p9-dcd.byteimg.com/motor-mis-img/0c1239dd3c751242b71841094e65683f~tplv-f042mdwyw7-original:tplv-resize:640:0.image?psm=motor.pc_sh.api,1,0,,,0,0,0,dongchedi_usedcar_series,2026-07-08T21:14:45+08:00
067a5f04cca7b600ca2d46a1,4156,174,领克,领克05 EM-P,https://p9-dcd.byteimg.com/tos-cn-i-dcdx/35c1dde50d0640fa81dfde99bd168ca6~tplv-f042mdwyw7-original:tplv-resize:640:0.image?psm=motor.pc_sh.api,1,0,,,0,0,0,dongchedi_usedcar_series,2026-07-08T21:14:45+08:00
35e24d6b9c6b56f7513076b1,4157,55,DS,DS 9 PHEV,https://p9-dcd.byteimg.com/motor-mis-img/6505fe35f2a3a3ffa5a1ffbb7bd5a617~tplv-f042mdwyw7-original:tplv-resize:640:0.image?psm=motor.pc_sh.api,1,0,,,0,0,0,dongchedi_usedcar_series,2026-07-08T21:14:45+08:00
bbf30b4b1fab34d62f99d668,4159,39,五菱汽车,五菱宏光PLUS,https://p3-dcd.byteimg.com/motor-mis-img/1ec592b512a4261b4b40dfdf0ac5127f~tplv-f042mdwyw7-original:tplv-resize:640:0.image?psm=motor.pc_sh.api,1,0,,,0,0,0,dongchedi_usedcar_series,2026-07-08T21:14:45+08:00
97cfa34cecf60bf7981eeb69,4160,1,大众,威然,https://p9-dcd.byteimg.com/tos-cn-i-dcdx/4cd4facb17b54ead99f1da162272c269~tplv-resize:640:0.png?psm=motor.rank.data,3,218,销量榜,12,5,24,29,dongchedi_ranking|dongchedi_usedcar_series,2026-07-08T21:14:45+08:00
9a54509fadcbd2fe03e8645e,4162,366,宝骏,宝骏RS-3,https://p9-dcd.byteimg.com/motor-mis-img/622fc21b1047c88b0626332cb021f7b6~tplv-f042mdwyw7-original:tplv-resize:640:0.image?psm=motor.pc_sh.api,1,0,,,0,0,0,dongchedi_usedcar_series,2026-07-08T21:14:45+08:00
386044f6d8129aab497d6d0c,4163,39,五菱汽车,五菱730,https://p3-dcd.byteimg.com/motor-mis-img/58541abed91e76f8ab42f015f34a000f~tplv-f042mdwyw7-original:tplv-resize:640:0.image?psm=motor.pc_sh.api,1,0,,,0,0,0,dongchedi_usedcar_series,2026-07-08T21:14:45+08:00
4664860fccc129a5c93e4266,4172,5,丰田,威兰达,https://p9-dcd.byteimg.com/tos-cn-i-dcdx/9ac5e12a5eb646b0aafe086de5aa1bf2~tplv-resize:640:0.png?psm=motor.rank.data,3,218,销量榜,6,9,62,71,dongchedi_ranking|dongchedi_usedcar_series,2026-07-08T21:14:45+08:00
2dc92373b211c57e81bcefd5,4180,23,斯柯达,柯米克GT,https://p9-dcd.byteimg.com/motor-mis-img/b107ac26e249c23a271698a4c770fb62~tplv-resize:640:0.png?psm=motor.rank.data,3,35,销量榜,185,1,16,17,dongchedi_ranking|dongchedi_usedcar_series,2026-07-08T21:14:45+08:00
e5df893fcadcc3aa683d1c1d,4182,30,凯迪拉克,凯迪拉克CT4,https://p9-dcd.byteimg.com/tos-cn-i-dcdx/3a6d08067ef94772ace7c1319d5c7ccb~tplv-resize:640:0.png?psm=motor.rank.data,3,28,销量榜,208,4,13,17,dongchedi_ranking|dongchedi_usedcar_series,2026-07-08T21:14:45+08:00
fc31d542658a585d50dc8fc6,4183,5,丰田,Gran Ace,https://p3-dcd.byteimg.com/tos-cn-i-dcdx/6b0b0c2c36b34d5d8b8319a22bfa87d5~tplv-f042mdwyw7-original:tplv-resize:640:0.image?psm=motor.pc_sh.api,1,0,,,0,0,0,dongchedi_usedcar_series,2026-07-08T21:14:45+08:00
a133f3490e9359a47b9bb2d3,4188,35,长安,锐程CC,https://p9-dcd.byteimg.com/motor-mis-img/2aff6988b0a396a2fe0f26dcd73727b6~tplv-f042mdwyw7-original:tplv-resize:640:0.image?psm=motor.pc_sh.api,1,0,,,0,0,0,dongchedi_usedcar_series,2026-07-08T21:14:45+08:00
c2c7d5d453071bce25b7745a,4196,6,雪佛兰,开拓者,https://p9-dcd.byteimg.com/motor-mis-img/87022b02e646f4a4204f2cb8f323d5ca~tplv-resize:640:0.png?psm=motor.rank.data,3,24,销量榜,217,4,24,28,dongchedi_ranking|dongchedi_usedcar_series,2026-07-08T21:14:45+08:00
a39eee91d006aab0c6e819d6,4200,273,捷尼赛思,捷尼赛思GV70,https://p3-dcd.byteimg.com/tos-cn-i-dcdx/59eded0c17684d8b978d09f46b96986e~tplv-f042mdwyw7-original:tplv-resize:640:0.image?psm=motor.pc_sh.api,1,0,,,0,0,0,dongchedi_usedcar_series,2026-07-08T21:14:45+08:00
3e409b05ae86914006b6ea8d,4201,53,海马,海马7X,https://p9-dcd.byteimg.com/motor-mis-img/0ccdcce434e8438ddd85acf1f1502c03~tplv-resize:640:0.png?psm=motor.rank.data,3,32,销量榜,61,5,6,11,dongchedi_ranking|dongchedi_usedcar_series,2026-07-08T21:14:45+08:00
6fb700a91e6f1c03ec3b0da9,4204,209,捷途,捷途X70M,https://p9-dcd.byteimg.com/motor-mis-img/7697fedde4995f2fb5350c5d521b83bb~tplv-f042mdwyw7-original:tplv-resize:640:0.image?psm=motor.pc_sh.api,1,0,,,0,0,0,dongchedi_usedcar_series,2026-07-08T21:14:45+08:00
245602e59b668840a5f46123,4205,171,长安凯程,睿行EM60,https://p9-dcd.byteimg.com/tos-cn-i-dcdx/fd012d24bccf4d84b6c919d5856431ea~tplv-f042mdwyw7-original:tplv-resize:640:0.image?psm=motor.pc_sh.api,1,0,,,0,0,0,dongchedi_usedcar_series,2026-07-08T21:14:45+08:00
5ca387977e12c3486b26c3f2,4207,91,东风,御风房车,https://p3-dcd.byteimg.com/motor-mis-img/a4881f46f79c68676bd44df61d586503~tplv-f042mdwyw7-original:tplv-resize:640:0.image?psm=motor.pc_sh.api,1,0,,,0,0,0,dongchedi_usedcar_series,2026-07-08T21:14:45+08:00
c7a2cc2cfd6fc4b524b73663,4209,162,中国重汽VGV,VGV U70,https://p3-dcd.byteimg.com/motor-mis-img/8962f78d7a160bfa32466bf7fc4be7ee~tplv-f042mdwyw7-original:tplv-resize:640:0.image?psm=motor.pc_sh.api,1,0,,,0,0,0,dongchedi_usedcar_series,2026-07-08T21:14:45+08:00
5a4339efde08ebbda2b6919d,4211,4,宝马,宝马i4,https://p3-dcd.byteimg.com/tos-cn-i-dcdx/fea77ac04f274c48ae11ce112a6a74cd~tplv-f042mdwyw7-original:tplv-resize:640:0.image?psm=motor.pc_sh.api,1,0,,,0,0,0,dongchedi_usedcar_series,2026-07-08T21:14:45+08:00
33068610e557e60bcbc574d5,4223,35,长安,长安CS55 PLUS,https://p9-dcd.byteimg.com/tos-cn-i-dcdx/f7e8293a72f146f6beda509020985d4c~tplv-resize:640:0.png?psm=motor.rank.data,3,218,销量榜,15,9,17,26,dongchedi_ranking|dongchedi_usedcar_series,2026-07-08T21:14:45+08:00
aaed52faf2cf92f566765057,4228,16,比亚迪,汉DM,https://p9-dcd.byteimg.com/tos-cn-i-dcdx/982f175304b44f9a8b13330481049460~tplv-resize:640:0.png?psm=motor.rank.data,3,283,销量榜,17,10,25,35,dongchedi_ranking|dongchedi_usedcar_series,2026-07-08T21:14:45+08:00
4b4fb72401e1258f3b2300ff,4229,344,星驰,铂驰SP系列,https://p9-dcd.byteimg.com/motor-mis-img/1707b361cefc136b8bf25ccea4d920d2~tplv-f042mdwyw7-original:tplv-resize:640:0.image?psm=motor.pc_sh.api,1,0,,,0,0,0,dongchedi_usedcar_series,2026-07-08T21:14:45+08:00
9829ea39449d292ab95717ea,4231,7,福特,Bronco(海外),https://p3-dcd.byteimg.com/tos-cn-i-dcdx/c99fa6e81785456480a844c009d559b2~tplv-f042mdwyw7-original:tplv-resize:640:0.image?psm=motor.pc_sh.api,1,0,,,0,0,0,dongchedi_usedcar_series,2026-07-08T21:14:45+08:00
ab6fa83a0c391e1bd19bd2aa,4232,29,英菲尼迪,英菲尼迪QX55,https://p3-dcd.byteimg.com/motor-mis-img/61b1d7259079a2bb07a761008d68a9db~tplv-f042mdwyw7-original:tplv-resize:640:0.image?psm=motor.pc_sh.api,1,0,,,0,0,0,dongchedi_usedcar_series,2026-07-08T21:14:45+08:00
49086862560f993b0a6b26e2,4245,2,奥迪,奥迪RS Q8,https://p3-dcd.byteimg.com/motor-mis-img/86ea0d4c772679de2a07b773123893ac~tplv-f042mdwyw7-original:tplv-resize:640:0.image?psm=motor.pc_sh.api,1,0,,,0,0,0,dongchedi_usedcar_series,2026-07-08T21:14:45+08:00
2173c2b5df8c23a1271a5bc4,4254,352,罗孚,Rover 75,https://p3-dcd.byteimg.com/motor-mis-img/031d5afe4a87f031b5402a194757520a~tplv-f042mdwyw7-original:tplv-resize:640:0.image?psm=motor.pc_sh.api,1,0,,,0,0,0,dongchedi_usedcar_series,2026-07-08T21:14:45+08:00
0b82ea6c13f978e91e08ea70,4258,1,大众,ID.4 X,https://p9-dcd.byteimg.com/tos-cn-i-dcdx/d16a58d2e5694b7b84ba28604a6421e0~tplv-resize:640:0.png?psm=motor.rank.data,3,283,销量榜,37,4,30,34,dongchedi_ranking|dongchedi_usedcar_series,2026-07-08T21:14:45+08:00
531198b8f69dff055edff620,4272,207,零跑汽车,零跑T03,https://p9-dcd.byteimg.com/tos-cn-i-dcdx/464986d3ad5845e9aac85a6960479de0~tplv-resize:640:0.png?psm=motor.rank.data,3,210,销量榜,29,2,28,30,dongchedi_ranking|dongchedi_usedcar_series,2026-07-08T21:14:45+08:00
59f66b7d3c39da8f5f9e4d69,4274,44,法拉利,法拉利Roma,https://p3-dcd.byteimg.com/tos-cn-i-dcdx/a376b2a1785441d5a7f0fa7366f94f59~tplv-f042mdwyw7-original:tplv-resize:640:0.image?psm=motor.pc_sh.api,1,0,,,0,0,0,dongchedi_usedcar_series,2026-07-08T21:14:45+08:00
bbdbb45ccb045b226fdf28bc,4276,109,启辰,启辰星,https://p9-dcd.byteimg.com/tos-cn-i-dcdx/b0b6cc8b5a444a168d223471447a26dc~tplv-resize:640:0.png?psm=motor.rank.data,3,161,销量榜,92,3,12,15,dongchedi_ranking|dongchedi_usedcar_series,2026-07-08T21:14:45+08:00
2ad888eaf034f00dd2a66f03,4278,27,奔腾,奔腾E01,https://p9-dcd.byteimg.com/motor-mis-img/3775b0fd779b392934bda5da3e46864d~tplv-f042mdwyw7-original:tplv-resize:640:0.image?psm=motor.pc_sh.api,1,0,,,0,0,0,dongchedi_usedcar_series,2026-07-08T21:14:45+08:00
8f7cb55c1894d165ec2c69c7,4281,22,雷克萨斯,雷克萨斯UX EV,https://p3-dcd.byteimg.com/motor-mis-img/4765b61932b59e12064a9bf98154f0f6~tplv-f042mdwyw7-original:tplv-resize:640:0.image?psm=motor.pc_sh.api,1,0,,,0,0,0,dongchedi_usedcar_series,2026-07-08T21:14:45+08:00
51ead69e5e4f9926f4a26411,4283,40,广汽传祺,传祺GS4 Coupe,https://p3-dcd.byteimg.com/motor-mis-img/14e3877a823d3ee16b47f9ffa2c73de2~tplv-f042mdwyw7-original:tplv-resize:640:0.image?psm=motor.pc_sh.api,1,0,,,0,0,0,dongchedi_usedcar_series,2026-07-08T21:14:45+08:00
099653c0a9b325a491f562d5,4284,7,福特,探险者,https://p9-dcd.byteimg.com/tos-cn-i-dcdx/e176b8cf1d934c2c80c3db40747a214c~tplv-resize:640:0.png?psm=motor.rank.data,3,161,销量榜,32,21,23,44,dongchedi_ranking|dongchedi_usedcar_series,2026-07-08T21:14:45+08:00
e73dbc0f9c20c41f58741963,4288,366,宝骏,宝骏RS-7,https://p9-dcd.byteimg.com/motor-mis-img/c3fa84a59525ad774966b76bd30b6b31~tplv-f042mdwyw7-original:tplv-resize:640:0.image?psm=motor.pc_sh.api,1,0,,,0,0,0,dongchedi_usedcar_series,2026-07-08T21:14:45+08:00
fc54ceb11daab3f8d529403d,4289,108,大通,大通EUNIQ 6 PLUG IN,https://p3-dcd.byteimg.com/motor-mis-img/ec01ff5c69ea1471fede92ebb7e40e15~tplv-f042mdwyw7-original:tplv-resize:640:0.image?psm=motor.pc_sh.api,1,0,,,0,0,0,dongchedi_usedcar_series,2026-07-08T21:14:45+08:00
1f691d17feb4b172f3c626ae,4291,35,长安,长安CS15 E-Pro,https://p9-dcd.byteimg.com/motor-mis-img/dc11a56d5d4227da2f204f19b9d42c67~tplv-f042mdwyw7-original:tplv-resize:640:0.image?psm=motor.pc_sh.api,1,0,,,0,0,0,dongchedi_usedcar_series,2026-07-08T21:14:45+08:00
9c547276e763f7ee37bd5b0d,4293,193,鑫源汽车,小海狮 EV,https://p3-dcd.byteimg.com/motor-mis-img/7df239b6a9abc510dcb8cd2fdcc30692~tplv-f042mdwyw7-original:tplv-resize:640:0.image?psm=motor.pc_sh.api,1,0,,,0,0,0,dongchedi_usedcar_series,2026-07-08T21:14:45+08:00
f5020c76c5b7001cb17536f7,4295,10,日产,途乐Y61,https://p3-dcd.byteimg.com/motor-mis-img/10bf08372caa78fa9ca4f00066d3729e~tplv-f042mdwyw7-original:tplv-resize:640:0.image?psm=motor.pc_sh.api,1,0,,,0,0,0,dongchedi_usedcar_series,2026-07-08T21:14:45+08:00
53c0c1ec5899702872070a0c,4296,4,宝马,宝马i7,https://p3-dcd.byteimg.com/tos-cn-i-dcdx/6bbc26fae5ae4005ae1890eb1db274e4~tplv-f042mdwyw7-original:tplv-resize:640:0.image?psm=motor.pc_sh.api,1,0,,,0,0,0,dongchedi_usedcar_series,2026-07-08T21:14:45+08:00
b0ca003aa6f5eb464252abd3,4299,365,上喆,上喆V级,https://p9-dcd.byteimg.com/tos-cn-i-dcdx/0b90c18e2d544c2dae47c5a8d95958d7~tplv-f042mdwyw7-original:tplv-resize:640:0.image?psm=motor.pc_sh.api,1,0,,,0,0,0,dongchedi_usedcar_series,2026-07-08T21:14:45+08:00
ae082536ebb21b61638ab2bc,4300,16,比亚迪,汉EV,https://p9-dcd.byteimg.com/tos-cn-i-dcdx/fbd454e1b6ae4c86b1468468f3372b9d~tplv-resize:640:0.png?psm=motor.rank.data,3,283,销量榜,13,11,21,32,dongchedi_ranking|dongchedi_usedcar_series,2026-07-08T21:14:45+08:00
91ba4da8aff9933f33b870f5,4302,2,奥迪,奥迪A7L,https://p9-dcd.byteimg.com/tos-cn-i-dcdx/dfe5bc8192d64010adf766872e11f634~tplv-resize:640:0.png?psm=motor.rank.data,3,257,销量榜,3,7,38,45,dongchedi_ranking|dongchedi_usedcar_series,2026-07-08T21:14:45+08:00
80405a374dd40fcd6abaf59c,4304,401,飞凡汽车,飞凡ER6,https://p3-dcd.byteimg.com/motor-mis-img/05d3f61eeb3bfd0d18c21b7aeeb74a23~tplv-f042mdwyw7-original:tplv-resize:640:0.image?psm=motor.pc_sh.api,1,0,,,0,0,0,dongchedi_usedcar_series,2026-07-08T21:14:45+08:00
3a1526fca3678f1abde44160,4305,159,腾势,腾势X BEV,https://p9-dcd.byteimg.com/motor-mis-img/3075c6e3fdaa9d8bd05946edcbda04cf~tplv-f042mdwyw7-original:tplv-resize:640:0.image?psm=motor.pc_sh.api,1,0,,,0,0,0,dongchedi_usedcar_series,2026-07-08T21:14:45+08:00
1f6a15160006989dfdbe68c9,4306,63,特斯拉,赛博越野旅行车,https://p3-dcd.byteimg.com/tos-cn-i-dcdx/e88248591b0b47ad84c09360141918da~tplv-f042mdwyw7-original:tplv-resize:640:0.image?psm=motor.pc_sh.api,1,0,,,0,0,0,dongchedi_usedcar_series,2026-07-08T21:14:45+08:00
ffbd274586633591ffec6486,4307,108,大通,大通V90房车,https://p3-dcd.byteimg.com/tos-cn-i-dcdx/f80399c98cd64cacbbbdfc3ff92b312a~tplv-f042mdwyw7-original:tplv-resize:640:0.image?psm=motor.pc_sh.api,1,0,,,0,0,0,dongchedi_usedcar_series,2026-07-08T21:14:45+08:00
2301a202be27a8ea6b5cafd6,4311,142,凯翼,炫界,https://p9-dcd.byteimg.com/tos-cn-i-dcdx/707e10337c2c41e89187efb0c2931b31~tplv-resize:640:0.png?psm=motor.rank.data,3,161,销量榜,39,18,35,53,dongchedi_ranking|dongchedi_usedcar_series,2026-07-08T21:14:45+08:00
43a2daf808f846f730b1d673,4313,19,路虎,发现运动,https://p3-dcd.byteimg.com/tos-cn-i-dcdx/7be464ab1f3342cfb3ff69712ec5cc6b~tplv-f042mdwyw7-original:tplv-resize:640:0.image?psm=motor.pc_sh.api,1,0,,,0,0,0,dongchedi_usedcar_series,2026-07-08T21:14:45+08:00
64874738cf5aa288d39eb947,4316,78,北京汽车制造厂,北汽大猫,https://p3-dcd.byteimg.com/motor-mis-img/4d2e7a0fa312f4b8f4f51e65be2acdd1~tplv-f042mdwyw7-original:tplv-resize:640:0.image?psm=motor.pc_sh.api,1,0,,,0,0,0,dongchedi_usedcar_series,2026-07-08T21:14:45+08:00
f38675a0b792d5d1c40c9b0c,4319,39,五菱汽车,五菱宏光纯电版,https://p9-dcd.byteimg.com/tos-cn-i-dcdx/62f1deee1c1141f0a9cb3fa0caf70268~tplv-resize:640:0.png?psm=motor.rank.data,3,185,销量榜,20,2,0,2,dongchedi_ranking|dongchedi_usedcar_series,2026-07-08T21:14:45+08:00
90278d332e2a638280aac1a9,4320,39,五菱汽车,五菱荣光EV,https://p9-dcd.byteimg.com/tos-cn-i-dcdx/290d2da897f541a18477d79cafd3ac54~tplv-resize:640:0.png?psm=motor.rank.data,3,161,销量榜,27,1,14,15,dongchedi_ranking|dongchedi_usedcar_series,2026-07-08T21:14:45+08:00
b8570018580ecfa4e05fd069,4323,57,福田,拓陆者驭途,https://p9-dcd.byteimg.com/motor-mis-img/49de0f3e2f922760046add1df6071595~tplv-f042mdwyw7-original:tplv-resize:640:0.image?psm=motor.pc_sh.api,1,0,,,0,0,0,dongchedi_usedcar_series,2026-07-08T21:14:45+08:00
418228ced96975a5f4f4b8c3,4324,57,福田,拓陆者胜途,https://p9-dcd.byteimg.com/motor-mis-img/c402bad3ee054be3007c603209833c3c~tplv-f042mdwyw7-original:tplv-resize:640:0.image?psm=motor.pc_sh.api,1,0,,,0,0,0,dongchedi_usedcar_series,2026-07-08T21:14:45+08:00
f6bedddbb41e71a149191cb1,4329,5,丰田,RAV4荣放PHEV,https://p3-dcd.byteimg.com/motor-mis-img/4fcf011be1ed190903989d9a4c87225d~tplv-f042mdwyw7-original:tplv-resize:640:0.image?psm=motor.pc_sh.api,1,0,,,0,0,0,dongchedi_usedcar_series,2026-07-08T21:14:45+08:00
db71d2f70c7338ee5c2488ff,4334,2,奥迪,奥迪Q4 e-tron,https://p9-dcd.byteimg.com/tos-cn-i-dcdx/65b0e1962a4e46fca7cb64eb1a47c6fb~tplv-resize:640:0.png?psm=motor.rank.data,3,328,销量榜,2,4,13,17,dongchedi_ranking|dongchedi_usedcar_series,2026-07-08T21:14:45+08:00
08612b9bc2fdeae063e59e3f,4339,62,林肯,飞行家,https://p9-dcd.byteimg.com/tos-cn-i-dcdx/664df940ff5242238c0dcf49e106578e~tplv-resize:640:0.png?psm=motor.rank.data,3,161,销量榜,13,10,17,27,dongchedi_ranking|dongchedi_usedcar_series,2026-07-08T21:14:45+08:00
b6a7e109fabdd47235bbcb70,4340,174,领克,领克06 EM-P,https://p9-dcd.byteimg.com/tos-cn-i-dcdx/3576f04188924b51916a143c9eda9f77~tplv-resize:640:0.png?psm=motor.rank.data,3,273,销量榜,40,2,11,13,dongchedi_ranking|dongchedi_usedcar_series,2026-07-08T21:14:45+08:00
a077e939652551c5fe1feb34,4342,174,领克,领克06,https://p9-dcd.byteimg.com/tos-cn-i-dcdx/f854ea304aef4666947eb40a08608abb~tplv-resize:640:0.png?psm=motor.rank.data,3,161,销量榜,35,2,16,18,dongchedi_ranking|dongchedi_usedcar_series,2026-07-08T21:14:45+08:00
c1531e587b5f16d04023fd10,4344,1,大众,途岳EV,https://p3-dcd.byteimg.com/motor-mis-img/16f2f98683f7138299f081d9174cda10~tplv-f042mdwyw7-original:tplv-resize:640:0.image?psm=motor.pc_sh.api,1,0,,,0,0,0,dongchedi_usedcar_series,2026-07-08T21:14:45+08:00
1fc963750c011f80334b3aca,4347,171,长安凯程,长安之星5,https://p9-dcd.byteimg.com/tos-cn-i-dcdx/0b3e146ddb454d6dba723f184308d835~tplv-f042mdwyw7-original:tplv-resize:640:0.image?psm=motor.pc_sh.api,1,0,,,0,0,0,dongchedi_usedcar_series,2026-07-08T21:14:45+08:00
cd7598d632ee4fe9e8baf518,4349,366,宝骏,宝骏E300,https://p9-dcd.byteimg.com/motor-mis-img/d3b550678713e228ef530f2c8b5ab0ca~tplv-f042mdwyw7-original:tplv-resize:640:0.image?psm=motor.pc_sh.api,1,0,,,0,0,0,dongchedi_usedcar_series,2026-07-08T21:14:45+08:00
15374bc28efed3be25c709ea,4351,5,丰田,兰德酷路泽70系列,https://p3-dcd.byteimg.com/tos-cn-i-dcdx/77694847f1754f48a284eb717cc49a5a~tplv-f042mdwyw7-original:tplv-resize:640:0.image?psm=motor.pc_sh.api,1,0,,,0,0,0,dongchedi_usedcar_series,2026-07-08T21:14:45+08:00
1f02035a9a888648cb255660,4353,35,长安,长安UNI-T,https://p9-dcd.byteimg.com/tos-cn-i-dcdx/89c273a4e48e40c383a643465710a393~tplv-resize:640:0.png?psm=motor.rank.data,3,161,销量榜,98,5,18,23,dongchedi_ranking|dongchedi_usedcar_series,2026-07-08T21:14:45+08:00
d24d0da63c5aab5442826559,4355,59,红旗,红旗H9,https://p9-dcd.byteimg.com/tos-cn-i-dcdx/2fab95bdc40a42daa3519f17382af761~tplv-resize:640:0.png?psm=motor.rank.data,3,218,销量榜,7,7,32,39,dongchedi_ranking|dongchedi_usedcar_series,2026-07-08T21:14:45+08:00
dd37877654550145f69a7b13,4357,112,蔚来,蔚来EC6,https://p9-dcd.byteimg.com/tos-cn-i-dcdx/0508c831a5904904936f5f59bbece8c1~tplv-resize:640:0.png?psm=motor.rank.data,3,210,销量榜,20,5,21,26,dongchedi_ranking|dongchedi_usedcar_series,2026-07-08T21:14:45+08:00
844fcaa1fbfcf278e8484928,4363,63,特斯拉,Model Y,https://p9-dcd.byteimg.com/tos-cn-i-dcdx/31b02aeb33334fb28e2c34dd81ed4528~tplv-resize:640:0.png?psm=motor.rank.data,3,275,销量榜,1,3,23,26,dongchedi_ranking|dongchedi_usedcar_series,2026-07-08T21:14:45+08:00
f3719f7f386b55b15f7a84c8,4365,14,Jeep,牧马人4xe PHEV,https://p3-dcd.byteimg.com/tos-cn-i-dcdx/837278f627734243a3bae3079c0184d5~tplv-f042mdwyw7-original:tplv-resize:640:0.image?psm=motor.pc_sh.api,1,0,,,0,0,0,dongchedi_usedcar_series,2026-07-08T21:14:45+08:00
978d43abc9a057868c1f8d93,4368,5,丰田,MR2,https://p3-dcd.byteimg.com/motor-mis-img/4808b665856fc78938778d0a02cdef0a~tplv-f042mdwyw7-original:tplv-resize:640:0.image?psm=motor.pc_sh.api,1,0,,,0,0,0,dongchedi_usedcar_series,2026-07-08T21:14:45+08:00
d74cdeebdc6d35f24e59c9aa,4370,174,领克,领克07 EM-P,https://p9-dcd.byteimg.com/tos-cn-i-dcdx/838ec1e233614f3b9c64c6416770defa~tplv-resize:640:0.png?psm=motor.rank.data,3,210,销量榜,14,5,4,9,dongchedi_ranking|dongchedi_usedcar_series,2026-07-08T21:14:45+08:00
682a483853a3d4cbe081fe50,4371,10,日产,Fairlady Z,https://p3-dcd.byteimg.com/motor-mis-img/b763e4a1b34bee23e881760f77d3a2c2~tplv-f042mdwyw7-original:tplv-resize:640:0.image?psm=motor.pc_sh.api,1,0,,,0,0,0,dongchedi_usedcar_series,2026-07-08T21:14:45+08:00
749feca1ed0a111fafa19d57,4378,12,别克,微蓝7,https://p9-dcd.byteimg.com/motor-mis-img/e3c9e58761031482824d91d0d05d3590~tplv-f042mdwyw7-original:tplv-resize:640:0.image?psm=motor.pc_sh.api,1,0,,,0,0,0,dongchedi_usedcar_series,2026-07-08T21:14:45+08:00
57bb02e7e8a496f2e16cdbdd,4380,264,吉利几何,吉利几何C,https://p3-dcd.byteimg.com/motor-mis-img/14800010db265dbb4e54b322efe6b9fb~tplv-f042mdwyw7-original:tplv-resize:640:0.image?psm=motor.pc_sh.api,1,0,,,0,0,0,dongchedi_usedcar_series,2026-07-08T21:14:45+08:00
a74c47e41da505e6bdb34d01,4381,15,马自达,马自达CX-30,https://p9-dcd.byteimg.com/tos-cn-i-dcdx/d266c935398141da87d4cdcd0a25d7fe~tplv-resize:640:0.png?psm=motor.rank.data,3,218,销量榜,10,5,24,29,dongchedi_ranking|dongchedi_usedcar_series,2026-07-08T21:14:45+08:00
a5eef7d5e3ebb6300da02aa6,4384,461,奇瑞新能源,大蚂蚁,https://p3-dcd.byteimg.com/motor-mis-img/db1039beb5b509e00edf8d706623e04d~tplv-f042mdwyw7-original:tplv-resize:640:0.image?psm=motor.pc_sh.api,1,0,,,0,0,0,dongchedi_usedcar_series,2026-07-08T21:14:45+08:00
c3e419904b6bd1b73bf0cd57,4385,176,ARCFOX极狐,极狐 阿尔法T,https://p9-dcd.byteimg.com/tos-cn-i-dcdx/dd472c544e4543c2a73cff99e44f8bdc~tplv-f042mdwyw7-original:tplv-resize:640:0.image?psm=motor.pc_sh.api,1,0,,,0,0,0,dongchedi_usedcar_series,2026-07-08T21:14:45+08:00
4d4dc4bc7f3126c91b43af29,4386,73,吉利汽车,英伦TX4 PHEV,https://p3-dcd.byteimg.com/motor-mis-img/df2ac3e6d1d810b5912434275e106caa~tplv-f042mdwyw7-original:tplv-resize:640:0.image?psm=motor.pc_sh.api,1,0,,,0,0,0,dongchedi_usedcar_series,2026-07-08T21:14:45+08:00
1cfafadbed876ed3717ec229,4388,372,大运,悦虎,https://p3-dcd.byteimg.com/motor-mis-img/734908e2eb6373bc7e736fae703e25f6~tplv-f042mdwyw7-original:tplv-resize:640:0.image?psm=motor.pc_sh.api,1,0,,,0,0,0,dongchedi_usedcar_series,2026-07-08T21:14:45+08:00
17e6072330035840ac334a6f,4391,373,东风富康,e爱丽舍,https://p9-dcd.byteimg.com/motor-mis-img/9ceefa4a99be7a2c74240137c1d04568~tplv-resize:640:0.png?psm=motor.rank.data,2,275,销量榜,26,4,4,8,dongchedi_ranking,2026-07-08T21:14:45+08:00
4aad191121d7ff45b5c165c1,4393,209,捷途,捷途X70 Coupe,https://p9-dcd.byteimg.com/motor-mis-img/5f1a3151b4edc517996613230ad1a5ef~tplv-f042mdwyw7-original:tplv-resize:640:0.image?psm=motor.pc_sh.api,1,0,,,0,0,0,dongchedi_usedcar_series,2026-07-08T21:14:45+08:00
f20477db856147f3af927bcc,4403,53,海马,海马6P,https://p9-dcd.byteimg.com/motor-mis-img/7533dd95f002486640093f41833cf585~tplv-f042mdwyw7-original:tplv-resize:640:0.image?psm=motor.pc_sh.api,1,0,,,0,0,0,dongchedi_usedcar_series,2026-07-08T21:14:45+08:00
155947e60b07ad18c3f3c8ee,4410,3,奔驰,Metris,https://p3-dcd.byteimg.com/motor-mis-img/4bbe51553bf3d478953e4471a3e3239e~tplv-f042mdwyw7-original:tplv-resize:640:0.image?psm=motor.pc_sh.api,1,0,,,0,0,0,dongchedi_usedcar_series,2026-07-08T21:14:45+08:00
c6da505186d9f2b21873cf3d,4416,119,长安欧尚,奔奔E-Star,https://p3-dcd.byteimg.com/motor-mis-img/5a66c6bc0c1d71c7e6f68f53b902d1b9~tplv-f042mdwyw7-original:tplv-resize:640:0.image?psm=motor.pc_sh.api,1,0,,,0,0,0,dongchedi_usedcar_series,2026-07-08T21:14:45+08:00
2fafaaf72c32d53ea2a36b72,4422,68,北京汽车,北京X7,https://p9-dcd.byteimg.com/tos-cn-i-dcdx/67658ecc813347a7ac755fe72b5123ad~tplv-resize:640:0.png?psm=motor.rank.data,3,154,销量榜,71,5,13,18,dongchedi_ranking|dongchedi_usedcar_series,2026-07-08T21:14:45+08:00
f9e1f7d44f68649fa89c672c,4425,1,大众,探岳X,https://p9-dcd.byteimg.com/motor-mis-img/2354614b33fc510dcae00876a4a23d77~tplv-resize:640:0.png?psm=motor.rank.data,3,161,销量榜,77,3,6,9,dongchedi_ranking|dongchedi_usedcar_series,2026-07-08T21:14:45+08:00
13efd6e9d1b36c195a42c02b,4426,242,埃安,AION V,https://p9-dcd.byteimg.com/tos-cn-i-dcdx/b329963f143c4b57b1e7ad2c3f907db6~tplv-resize:640:0.png?psm=motor.rank.data,3,254,销量榜,3,5,58,63,dongchedi_ranking|dongchedi_usedcar_series,2026-07-08T21:14:45+08:00
6400fc2bd9784bbc7424ef41,4451,45,玛莎拉蒂,玛莎拉蒂MC20,https://p3-dcd.byteimg.com/motor-mis-img/6fceb26d54a902f5756364f85f0c21f7~tplv-f042mdwyw7-original:tplv-resize:640:0.image?psm=motor.pc_sh.api,1,0,,,0,0,0,dongchedi_usedcar_series,2026-07-08T21:14:45+08:00
57d10790088ee156de40713c,4485,57,福田,福田征服者3,https://p9-dcd.byteimg.com/motor-mis-img/f7fcc952fff9fdbb93e881a3545acdf0~tplv-f042mdwyw7-original:tplv-resize:640:0.image?psm=motor.pc_sh.api,1,0,,,0,0,0,dongchedi_usedcar_series,2026-07-08T21:14:45+08:00
9bf1ba18868baac131f388e3,4487,37,东风风神,奕炫GS,https://p3-dcd.byteimg.com/tos-cn-i-dcdx/d7789c5be13e4d8195c601ace736dd23~tplv-f042mdwyw7-original:tplv-resize:640:0.image?psm=motor.pc_sh.api,1,0,,,0,0,0,dongchedi_usedcar_series,2026-07-08T21:14:45+08:00
038dba1c521d2b43397d257b,4490,39,五菱汽车,五菱EV50,https://p3-dcd.byteimg.com/motor-mis-img/044382f4c36515d97cc11893f22e01f8~tplv-f042mdwyw7-original:tplv-resize:640:0.image?psm=motor.pc_sh.api,1,0,,,0,0,0,dongchedi_usedcar_series,2026-07-08T21:14:45+08:00
457e29716ddbbba86fa6e918,4491,12,别克,昂科威S,https://p9-dcd.byteimg.com/tos-cn-i-dcdx/c17b6ea069f84e40b1294bb9010b9186~tplv-f042mdwyw7-original:tplv-resize:640:0.image?psm=motor.pc_sh.api,1,0,,,0,0,0,dongchedi_usedcar_series,2026-07-08T21:14:45+08:00
9fa9beeffdb670772afb0b2a,4496,32,江汽集团,嘉悦X7,https://p3-dcd.byteimg.com/motor-mis-img/a1a6b267826f97396af819367281c5ed~tplv-f042mdwyw7-original:tplv-resize:640:0.image?psm=motor.pc_sh.api,1,0,,,0,0,0,dongchedi_usedcar_series,2026-07-08T21:14:45+08:00
c265e0e4e98d09a6dcb55067,4497,368,创维汽车,天美ET5,https://p3-dcd.byteimg.com/motor-mis-img/5fd1eeb8f2de9af4892e73dc2c20bb3f~tplv-f042mdwyw7-original:tplv-resize:640:0.image?psm=motor.pc_sh.api,1,0,,,0,0,0,dongchedi_usedcar_series,2026-07-08T21:14:45+08:00
a8056633dcc5b19cd4e0d56f,4498,32,江汽集团,嘉悦X4,https://p3-dcd.byteimg.com/motor-mis-img/19b06321648d0ba54892c9695a572f2d~tplv-f042mdwyw7-original:tplv-resize:640:0.image?psm=motor.pc_sh.api,1,0,,,0,0,0,dongchedi_usedcar_series,2026-07-08T21:14:45+08:00
758cfa27e9155a460d75876b,4499,39,五菱汽车,五菱宏光MINIEV,https://p9-dcd.byteimg.com/tos-cn-i-dcdx/a044522be4b94d78bee5dbc43f056782~tplv-resize:640:0.png?psm=motor.rank.data,3,283,销量榜,1,13,41,54,dongchedi_ranking|dongchedi_usedcar_series,2026-07-08T21:14:45+08:00
132c2bed2b9f6e38a85b4b52,4501,108,大通,大通D90 Pro,https://p3-dcd.byteimg.com/tos-cn-i-dcdx/d0cc3a116d2b451cae5f8292d20fa3f1~tplv-f042mdwyw7-original:tplv-resize:640:0.image?psm=motor.pc_sh.api,1,0,,,0,0,0,dongchedi_usedcar_series,2026-07-08T21:14:45+08:00
d09e629188f54f846cb22c28,4503,384,凌宝汽车,凌宝BOX,https://p9-dcd.byteimg.com/tos-cn-i-dcdx/12472221312f488aa26ee727194a8550~tplv-resize:640:0.png?psm=motor.rank.data,3,283,销量榜,9,3,32,35,dongchedi_ranking|dongchedi_usedcar_series,2026-07-08T21:14:45+08:00
8d2db168e4933d5d0857e96f,4506,383,金冠汽车,金冠V-Class,https://p3-dcd.byteimg.com/motor-mis-img/d6e375e326a0d0c500373e34a294ada7~tplv-f042mdwyw7-original:tplv-resize:640:0.image?psm=motor.pc_sh.api,1,0,,,0,0,0,dongchedi_usedcar_series,2026-07-08T21:14:45+08:00
3568cd2f33206a7eeca90db8,4507,58,观致,观致7,https://p9-dcd.byteimg.com/motor-mis-img/b49af0b1d995756a790d6512ccbb7c3c~tplv-f042mdwyw7-original:tplv-resize:640:0.image?psm=motor.pc_sh.api,1,0,,,0,0,0,dongchedi_usedcar_series,2026-07-08T21:14:45+08:00
9a8c19fef4399e4a0331c9cb,4515,108,大通,大通EUNIQ 5 PLUG IN,https://p3-dcd.byteimg.com/motor-mis-img/d768dc3db3b15afd3adb2a32eae0a90b~tplv-f042mdwyw7-original:tplv-resize:640:0.image?psm=motor.pc_sh.api,1,0,,,0,0,0,dongchedi_usedcar_series,2026-07-08T21:14:45+08:00
fc0b7413525181d243af3073,4520,119,长安欧尚,长安欧尚科尚EV,https://p3-dcd.byteimg.com/motor-mis-img/c313a97054f0a29deacd89983a5be981~tplv-f042mdwyw7-original:tplv-resize:640:0.image?psm=motor.pc_sh.api,1,0,,,0,0,0,dongchedi_usedcar_series,2026-07-08T21:14:45+08:00
25c3c17f4b47944426a404c2,4529,401,飞凡汽车,飞凡MARVEL R,https://p3-dcd.byteimg.com/motor-mis-img/f32e8ee251a87005a4d0b6242cc5b278~tplv-f042mdwyw7-original:tplv-resize:640:0.image?psm=motor.pc_sh.api,1,0,,,0,0,0,dongchedi_usedcar_series,2026-07-08T21:14:45+08:00
ae6bbd41d1b1147a8df9f607,4532,119,长安欧尚,长安欧尚X5,https://p3-dcd.byteimg.com/tos-cn-i-dcdx/8d74331e85304f05833a17db6400ead1~tplv-f042mdwyw7-original:tplv-resize:640:0.image?psm=motor.pc_sh.api,1,0,,,0,0,0,dongchedi_usedcar_series,2026-07-08T21:14:45+08:00
e5cc0e3ecc6dfd5a811e5b28,4535,36,荣威,荣威iMAX8,https://p9-dcd.byteimg.com/tos-cn-i-dcdx/6db94c2ed63e49d6a42eba931d90c2c0~tplv-resize:640:0.png?psm=motor.rank.data,3,218,销量榜,15,5,9,14,dongchedi_ranking|dongchedi_usedcar_series,2026-07-08T21:14:45+08:00
af3d8188c0acd2f493ff4d36,4537,62,林肯,航海家,https://p9-dcd.byteimg.com/tos-cn-i-dcdx/d1d4c4d05651471aabefb00b4c747831~tplv-resize:640:0.png?psm=motor.rank.data,3,161,销量榜,33,10,24,34,dongchedi_ranking|dongchedi_usedcar_series,2026-07-08T21:14:45+08:00
3c1b540250652e03ef995eca,4538,4,宝马,宝马iX3,https://p9-dcd.byteimg.com/tos-cn-i-dcdx/3836ba0f137448fe82cbabdfd2cc1786~tplv-resize:640:0.png?psm=motor.rank.data,3,137,销量榜,54,0,12,12,dongchedi_ranking|dongchedi_usedcar_series,2026-07-08T21:14:45+08:00
9b62b209a4a7fd87929e3ffa,4539,16,比亚迪,宋PLUS,https://p9-dcd.byteimg.com/motor-mis-img/c0dbd8e6bea7e13238d887c3fbf3e9f0~tplv-f042mdwyw7-original:tplv-resize:640:0.image?psm=motor.pc_sh.api,1,0,,,0,0,0,dongchedi_usedcar_series,2026-07-08T21:14:45+08:00
ea12a1ef6b248db902aba41e,4540,16,比亚迪,宋PLUS EV,https://p9-dcd.byteimg.com/tos-cn-i-dcdx/c0a2bdef6aa5493fb718ab5690d33e9f~tplv-f042mdwyw7-original:tplv-resize:640:0.image?psm=motor.pc_sh.api,1,0,,,0,0,0,dongchedi_usedcar_series,2026-07-08T21:14:45+08:00
de2be537aeb738fe270885c6,4543,2,奥迪,奥迪e-tron,https://p3-dcd.byteimg.com/motor-mis-img/e8587b667f120eb9f0f98d11371b8b74~tplv-f042mdwyw7-original:tplv-resize:640:0.image?psm=motor.pc_sh.api,1,0,,,0,0,0,dongchedi_usedcar_series,2026-07-08T21:14:45+08:00
b30501c4f5f3ce5dc1a1ac64,4549,7,福特,锐际PHEV,https://p3-dcd.byteimg.com/motor-mis-img/9fbf154e6c81aad3e71aee0f2cbfa64a~tplv-f042mdwyw7-original:tplv-resize:640:0.image?psm=motor.pc_sh.api,1,0,,,0,0,0,dongchedi_usedcar_series,2026-07-08T21:14:45+08:00
bd984ed76a8d4fef6218482a,4561,34,名爵,MG Cyberster,https://p9-dcd.byteimg.com/tos-cn-i-dcdx/19f55487883d47e7906cb38b04f822d2~tplv-resize:640:0.png?psm=motor.rank.data,3,185,销量榜,34,7,0,7,dongchedi_ranking|dongchedi_usedcar_series,2026-07-08T21:14:45+08:00
41d1f2ec36f71c3eeebbe964,4562,140,金龙,龙耀8,https://p3-dcd.byteimg.com/motor-mis-img/573090d5ab4d8bf95e95a39ddba94321~tplv-f042mdwyw7-original:tplv-resize:640:0.image?psm=motor.pc_sh.api,1,0,,,0,0,0,dongchedi_usedcar_series,2026-07-08T21:14:45+08:00
0b2765b2f4d50313e5cab6ef,4563,17,哈弗,哈弗大狗,https://p9-dcd.byteimg.com/tos-cn-i-dcdx/413defba9aa74f2892f7f7ced70ce53a~tplv-resize:640:0.png?psm=motor.rank.data,3,161,销量榜,8,6,20,26,dongchedi_ranking|dongchedi_usedcar_series,2026-07-08T21:14:45+08:00
c57aa3b689f7559018f28ada,4567,52,北京越野,北京越野BJ30,https://p9-dcd.byteimg.com/tos-cn-i-dcdx/9ffd822a36be4f968238a83ea4bac9c2~tplv-resize:640:0.png?psm=motor.rank.data,3,218,销量榜,9,8,8,16,dongchedi_ranking|dongchedi_usedcar_series,2026-07-08T21:14:45+08:00
cce307edc2f98920146d9689,4569,39,五菱汽车,凯捷Victory,https://p9-dcd.byteimg.com/tos-cn-i-dcdx/5564c09fd91040f0984815b9669d6763~tplv-resize:640:0.png?psm=motor.rank.data,3,32,销量榜,62,9,10,19,dongchedi_ranking|dongchedi_usedcar_series,2026-07-08T21:14:45+08:00
353746b4fc059a2686095c8d,4582,36,荣威,荣威i6 MAX EV,https://p9-dcd.byteimg.com/motor-mis-img/4a62b4c1ac07ae8e723dc417a5f06360~tplv-resize:640:0.png?psm=motor.rank.data,3,27,销量榜,135,5,2,7,dongchedi_ranking|dongchedi_usedcar_series,2026-07-08T21:14:45+08:00
0255939282604b2420261a50,4583,57,福田,大将军G9,https://p9-dcd.byteimg.com/motor-mis-img/55777ee2d6d9810b085e20d590a7d0a7~tplv-f042mdwyw7-original:tplv-resize:640:0.image?psm=motor.pc_sh.api,1,0,,,0,0,0,dongchedi_usedcar_series,2026-07-08T21:14:45+08:00
0f37d4305527c522190b7cb4,4585,105,思铭,东风本田M-NV,https://p9-dcd.byteimg.com/motor-mis-img/b20ad2749ca184a995d7d9b88d20b147~tplv-f042mdwyw7-original:tplv-resize:640:0.image?psm=motor.pc_sh.api,1,0,,,0,0,0,dongchedi_usedcar_series,2026-07-08T21:14:45+08:00
e045780b8667e2c90ef0835e,4586,1,大众,ID.4 CROZZ,https://p9-dcd.byteimg.com/tos-cn-i-dcdx/607efd041a344814981894ede3f25e83~tplv-resize:640:0.png?psm=motor.rank.data,3,356,销量榜,17,3,24,27,dongchedi_ranking|dongchedi_usedcar_series,2026-07-08T21:14:45+08:00
9f8c4d2491eacceac934f3b5,4587,308,远程汽车,吉利远程FX,https://p9-dcd.byteimg.com/motor-mis-img/3da442c1192be7a470317b36f9cf22b7~tplv-f042mdwyw7-original:tplv-resize:640:0.image?psm=motor.pc_sh.api,1,0,,,0,0,0,dongchedi_usedcar_series,2026-07-08T21:14:45+08:00
4297d5638b2de94effa39eb2,4597,36,荣威,荣威i6 MAX,https://p3-dcd.byteimg.com/motor-mis-img/b4ec243ea183268eaff3e092f2b6b680~tplv-f042mdwyw7-original:tplv-resize:640:0.image?psm=motor.pc_sh.api,1,0,,,0,0,0,dongchedi_usedcar_series,2026-07-08T21:14:45+08:00
c87c92117225ccc66999adb4,4600,68,北京汽车,北京U5,https://p3-dcd.byteimg.com/motor-mis-img/83bf099ed67ea0fd242bcf938b8303b7~tplv-f042mdwyw7-original:tplv-resize:640:0.image?psm=motor.pc_sh.api,1,0,,,0,0,0,dongchedi_usedcar_series,2026-07-08T21:14:45+08:00
ef1b3c080c5e35ee874d9d36,4601,36,荣威,荣威ei6 MAX,https://p3-dcd.byteimg.com/motor-mis-img/266e7ca38ec0c789653c38387dbaa4d6~tplv-f042mdwyw7-original:tplv-resize:640:0.image?psm=motor.pc_sh.api,1,0,,,0,0,0,dongchedi_usedcar_series,2026-07-08T21:14:45+08:00
da743634eccad7bda3d4476a,4603,393,英力士,英力士掷弹兵,https://p9-dcd.byteimg.com/tos-cn-i-dcdx/9595db9be1624091ab8dff1e684b082f~tplv-f042mdwyw7-original:tplv-resize:640:0.image?psm=motor.pc_sh.api,1,0,,,0,0,0,dongchedi_usedcar_series,2026-07-08T21:14:45+08:00
f3bf89dbf3ff6c796c3b0f7a,4615,425,坦克,坦克300,https://p9-dcd.byteimg.com/tos-cn-i-dcdx/c165012de7a54454aec3825533f6e1c3~tplv-resize:640:0.png?psm=motor.rank.data,3,218,销量榜,20,3,27,30,dongchedi_ranking|dongchedi_usedcar_series,2026-07-08T21:14:45+08:00
d7a6a3db114f8391535c1865,4629,199,哪吒汽车,哪吒V,https://p9-dcd.byteimg.com/tos-cn-i-dcdx/bfe2556d2d534bdbbc683b14c5391eae~tplv-f042mdwyw7-original:tplv-resize:640:0.image?psm=motor.pc_sh.api,1,0,,,0,0,0,dongchedi_usedcar_series,2026-07-08T21:14:45+08:00
2762532f2e5c6afc811b3a35,4635,238,欧拉,欧拉好猫,https://p9-dcd.byteimg.com/tos-cn-i-dcdx/538ddbd6b2164b8ea6ef186f0b9d41a1~tplv-resize:640:0.png?psm=motor.rank.data,3,283,销量榜,31,3,44,47,dongchedi_ranking|dongchedi_usedcar_series,2026-07-08T21:14:45+08:00
0460c595deea65470cf320df,4637,176,ARCFOX极狐,极狐 阿尔法S,https://p9-dcd.byteimg.com/tos-cn-i-dcdx/f1583e99b55f453f9bf9da2348eddead~tplv-f042mdwyw7-original:tplv-resize:640:0.image?psm=motor.pc_sh.api,1,0,,,0,0,0,dongchedi_usedcar_series,2026-07-08T21:14:45+08:00
41ac916048f9ca45c6170c69,4638,16,比亚迪,比亚迪D1,https://p9-dcd.byteimg.com/motor-mis-img/16a73f90c37db0a802139dd3bcb55a8b~tplv-resize:640:0.png?psm=motor.rank.data,3,45,销量榜,64,2,2,4,dongchedi_ranking|dongchedi_usedcar_series,2026-07-08T21:14:45+08:00
5dbacdb5d5dceb6def825df3,4640,19,路虎,发现运动PHEV,https://p3-dcd.byteimg.com/tos-cn-i-dcdx/be4baa8456f641808b9ef8933a9d8333~tplv-f042mdwyw7-original:tplv-resize:640:0.image?psm=motor.pc_sh.api,1,0,,,0,0,0,dongchedi_usedcar_series,2026-07-08T21:14:45+08:00
bb9fdc5971ee84a26c3b1a47,4642,1,大众,途观X,https://p3-dcd.byteimg.com/motor-mis-img/f2aaf96f07f25a6030c212e1cd2ab329~tplv-f042mdwyw7-original:tplv-resize:640:0.image?psm=motor.pc_sh.api,1,0,,,0,0,0,dongchedi_usedcar_series,2026-07-08T21:14:45+08:00
06cd9d12927e6f47f4bc1536,4643,32,江汽集团,悍途,https://p3-dcd.byteimg.com/motor-mis-img/74154be4f82b0a31d6021ef76d145d1b~tplv-f042mdwyw7-original:tplv-resize:640:0.image?psm=motor.pc_sh.api,1,0,,,0,0,0,dongchedi_usedcar_series,2026-07-08T21:14:45+08:00
503422386a63af5feabc5060,4648,108,大通,大通T90,https://p3-dcd.byteimg.com/motor-mis-img/3a9917573d6071cc33394dca5da63142~tplv-f042mdwyw7-original:tplv-resize:640:0.image?psm=motor.pc_sh.api,1,0,,,0,0,0,dongchedi_usedcar_series,2026-07-08T21:14:45+08:00
874a1ab6c10aa17a0e73e2ad,4649,235,思皓,思皓E50A,https://p3-dcd.byteimg.com/motor-mis-img/f5084aff3a76644c68e8bbabdd27976e~tplv-f042mdwyw7-original:tplv-resize:640:0.image?psm=motor.pc_sh.api,1,0,,,0,0,0,dongchedi_usedcar_series,2026-07-08T21:14:45+08:00
aebe7b268d339b8c275d46da,4650,235,思皓,思皓E40X,https://p3-dcd.byteimg.com/motor-mis-img/f2d48c789b8f43889b689066027fc781~tplv-f042mdwyw7-original:tplv-resize:640:0.image?psm=motor.pc_sh.api,1,0,,,0,0,0,dongchedi_usedcar_series,2026-07-08T21:14:45+08:00
0cb56609dfb0284c3307a3cf,4654,70,东风风行,风行T5 EVO,https://p9-dcd.byteimg.com/tos-cn-i-dcdx/3bf531df6ea944619da286295d32c5c6~tplv-resize:640:0.png?psm=motor.rank.data,3,40,销量榜,135,12,9,21,dongchedi_ranking|dongchedi_usedcar_series,2026-07-08T21:14:45+08:00
cd30e8e997a190dcc9e9b27a,4655,145,Lorinser,Lorinser LS系列,https://p9-dcd.byteimg.com/tos-cn-i-dcdx/3ba3b8c3058e4acaa88ae0bb888f1ea8~tplv-f042mdwyw7-original:tplv-resize:640:0.image?psm=motor.pc_sh.api,1,0,,,0,0,0,dongchedi_usedcar_series,2026-07-08T21:14:45+08:00
c7d75db178b0710e1dc6af2f,4663,9,本田,本田LIFE,https://p9-dcd.byteimg.com/tos-cn-i-dcdx/be382f51ae294caca8a0db835819303a~tplv-resize:640:0.png?psm=motor.rank.data,3,202,销量榜,13,4,4,8,dongchedi_ranking|dongchedi_usedcar_series,2026-07-08T21:14:45+08:00
922107eceb7c195f7f66145d,4666,174,领克,领克Z10,https://p9-dcd.byteimg.com/tos-cn-i-dcdx/a4f37175a6984ab694dd1c61719667b3~tplv-f042mdwyw7-original:tplv-resize:640:0.image?psm=motor.pc_sh.api,1,0,,,0,0,0,dongchedi_usedcar_series,2026-07-08T21:14:45+08:00
5a04739ddd8ed882adecbeb9,4668,3,奔驰,奔驰EQS,https://p3-dcd.byteimg.com/tos-cn-i-dcdx/2f2b2b060c3d4be08781c5e04ec5594d~tplv-f042mdwyw7-original:tplv-resize:640:0.image?psm=motor.pc_sh.api,1,0,,,0,0,0,dongchedi_usedcar_series,2026-07-08T21:14:45+08:00
b5663a8c057c0f1fe7fbb034,4678,399,恒驰,恒驰5,https://p9-dcd.byteimg.com/motor-mis-img/f6a394d645f3d8c62b651f935b3d7000~tplv-f042mdwyw7-original:tplv-resize:640:0.image?psm=motor.pc_sh.api,1,0,,,0,0,0,dongchedi_usedcar_series,2026-07-08T21:14:45+08:00
e0f734d03106fdbb1b2155ec,4688,381,睿蓝汽车,枫叶80v,https://p9-dcd.byteimg.com/tos-cn-i-dcdx/ba39c93926014a6c91d2debeb1d61f3c~tplv-resize:640:0.png?psm=motor.rank.data,3,33,销量榜,21,12,0,12,dongchedi_ranking|dongchedi_usedcar_series,2026-07-08T21:14:45+08:00
d24bd91c535ab3f367a92ef6,4689,282,雷丁,芒果,https://p3-dcd.byteimg.com/motor-mis-img/ea5b03608f6c22fe5e879145907c5cb7~tplv-f042mdwyw7-original:tplv-resize:640:0.image?psm=motor.pc_sh.api,1,0,,,0,0,0,dongchedi_usedcar_series,2026-07-08T21:14:45+08:00
f4c2a1d7307b67b18722de18,4703,95,东风风光,风光500,https://p9-dcd.byteimg.com/motor-mis-img/e70c2c39ab8b0a1e6e4d38c67e96c92f~tplv-resize:640:0.png?psm=motor.rank.data,3,21,销量榜,139,6,5,11,dongchedi_ranking|dongchedi_usedcar_series,2026-07-08T21:14:45+08:00
8ae3805ad6cd8aff3f7d7b17,4707,91,东风,帕拉索,https://p3-dcd.byteimg.com/tos-cn-i-dcdx/fda74e1c6b1a42979009e8b03f86addd~tplv-f042mdwyw7-original:tplv-resize:640:0.image?psm=motor.pc_sh.api,1,0,,,0,0,0,dongchedi_usedcar_series,2026-07-08T21:14:45+08:00
92e5656eafb19bdfbf3da964,4711,18,奇瑞,瑞虎8 PLUS,https://p3-dcd.byteimg.com/tos-cn-i-dcdx/d52b60d7b945445e9ab165c869b610ce~tplv-f042mdwyw7-original:tplv-resize:640:0.image?psm=motor.pc_sh.api,1,0,,,0,0,0,dongchedi_usedcar_series,2026-07-08T21:14:45+08:00
a488e7437bdbcac7d965c126,4713,10,日产,日产Z,https://p3-dcd.byteimg.com/tos-cn-i-dcdx/60a0192abe2a46b08a8749d0cc53085e~tplv-f042mdwyw7-original:tplv-resize:640:0.image?psm=motor.pc_sh.api,1,0,,,0,0,0,dongchedi_usedcar_series,2026-07-08T21:14:45+08:00
fbabbfe682b22e9ea39e174e,4715,74,金杯,金杯海狮王,https://p9-dcd.byteimg.com/tos-cn-i-dcdx/e9217664ab8d4a898a8a30da5ad96971~tplv-f042mdwyw7-original:tplv-resize:640:0.image?psm=motor.pc_sh.api,1,0,,,0,0,0,dongchedi_usedcar_series,2026-07-08T21:14:45+08:00
64f771c2ab07d7c9f31c149d,4717,39,五菱汽车,五菱征途,https://p3-dcd.byteimg.com/motor-mis-img/bdfad4d89821718cf4f683972f467fbb~tplv-f042mdwyw7-original:tplv-resize:640:0.image?psm=motor.pc_sh.api,1,0,,,0,0,0,dongchedi_usedcar_series,2026-07-08T21:14:45+08:00
e97581966434695cef20354e,4718,119,长安欧尚,长安欧尚科赛Pro,https://p3-dcd.byteimg.com/motor-mis-img/bc43503f3b385b4c78cf49d2e5e5299d~tplv-f042mdwyw7-original:tplv-resize:640:0.image?psm=motor.pc_sh.api,1,0,,,0,0,0,dongchedi_usedcar_series,2026-07-08T21:14:45+08:00
0522e2bb0ba178368f01206e,4722,45,玛莎拉蒂,Grecale,https://p3-dcd.byteimg.com/tos-cn-i-dcdx/49376143493d44dca46aa8fad1da41a0~tplv-f042mdwyw7-original:tplv-resize:640:0.image?psm=motor.pc_sh.api,1,0,,,0,0,0,dongchedi_usedcar_series,2026-07-08T21:14:45+08:00
0d3cf6286301136a65646c5b,4723,78,北京汽车制造厂,北汽小河马,https://p3-dcd.byteimg.com/motor-mis-img/4c379786112490c7a01a77d92e234f85~tplv-f042mdwyw7-original:tplv-resize:640:0.image?psm=motor.pc_sh.api,1,0,,,0,0,0,dongchedi_usedcar_series,2026-07-08T21:14:45+08:00
e132a1347dde9e251508ca65,4724,47,宾利,飞驰PHEV,https://p3-dcd.byteimg.com/tos-cn-i-dcdx/95906c8f0b5540bf8c63e0165bbe01df~tplv-f042mdwyw7-original:tplv-resize:640:0.image?psm=motor.pc_sh.api,1,0,,,0,0,0,dongchedi_usedcar_series,2026-07-08T21:14:45+08:00
9b95fa6532e928fdaf64c59c,4730,9,本田,本田CR-V PHEV,https://p3-dcd.byteimg.com/tos-cn-i-dcdx/0047a45a573a45fcbfe7e58c31d36acd~tplv-f042mdwyw7-original:tplv-resize:640:0.image?psm=motor.pc_sh.api,1,0,,,0,0,0,dongchedi_usedcar_series,2026-07-08T21:14:45+08:00
d24b3bb759f2be16eab3e35b,4731,207,零跑汽车,零跑C11,https://p9-dcd.byteimg.com/tos-cn-i-dcdx/d92b854d956b4604b3d2ac8fc7e27ee4~tplv-resize:640:0.png?psm=motor.rank.data,3,251,销量榜,8,10,25,35,dongchedi_ranking|dongchedi_usedcar_series,2026-07-08T21:14:45+08:00
17501681046e83abc05aa742,4736,34,名爵,MG领航,https://p3-dcd.byteimg.com/motor-mis-img/f1ecb6e0589c46d4e77733880afd3d8f~tplv-f042mdwyw7-original:tplv-resize:640:0.image?psm=motor.pc_sh.api,1,0,,,0,0,0,dongchedi_usedcar_series,2026-07-08T21:14:45+08:00
e599ba576496a0e350c7c500,4738,24,沃尔沃,沃尔沃XC40 EV,https://p3-dcd.byteimg.com/motor-mis-img/31d2b6da640b935204b7bfc42e4206a2~tplv-f042mdwyw7-original:tplv-resize:640:0.image?psm=motor.pc_sh.api,1,0,,,0,0,0,dongchedi_usedcar_series,2026-07-08T21:14:45+08:00
47ae5d7ddedc3650ccd5dd1d,4739,108,大通,大通G20房车,https://p3-dcd.byteimg.com/motor-mis-img/039be6e06a7633bb74ffb8a960934865~tplv-f042mdwyw7-original:tplv-resize:640:0.image?psm=motor.pc_sh.api,1,0,,,0,0,0,dongchedi_usedcar_series,2026-07-08T21:14:45+08:00
48dd02da0cd77e7d8231aa23,4743,235,思皓,思皓X8,https://p3-dcd.byteimg.com/motor-mis-img/a725c09d2d0c94f793cdcb18eb6027bd~tplv-f042mdwyw7-original:tplv-resize:640:0.image?psm=motor.pc_sh.api,1,0,,,0,0,0,dongchedi_usedcar_series,2026-07-08T21:14:45+08:00
c83a1956e03114673cfe744e,4745,405,克蒂汽车,克蒂圣姆峰,https://p9-dcd.byteimg.com/motor-mis-img/830122729901b5a02caab7417cc6ca38~tplv-f042mdwyw7-original:tplv-resize:640:0.image?psm=motor.pc_sh.api,1,0,,,0,0,0,dongchedi_usedcar_series,2026-07-08T21:14:45+08:00
fb3b41db1883d558f91a7c8e,4746,405,克蒂汽车,克蒂巴赫,https://p9-dcd.byteimg.com/motor-mis-img/6b7d518024a7d982a7a6d0095bbb3e26~tplv-f042mdwyw7-original:tplv-resize:640:0.image?psm=motor.pc_sh.api,1,0,,,0,0,0,dongchedi_usedcar_series,2026-07-08T21:14:45+08:00
dbeaaa5f2236ad5a15fcd970,4753,408,松散机车,SS DOLPHIN,https://p3-dcd.byteimg.com/motor-mis-img/4bf176e0de27e9f7ffe8a089622d328f~tplv-f042mdwyw7-original:tplv-resize:640:0.image?psm=motor.pc_sh.api,1,0,,,0,0,0,dongchedi_usedcar_series,2026-07-08T21:14:45+08:00
1a4466e0828c5b619718987c,4755,235,思皓,思皓A5,https://p3-dcd.byteimg.com/motor-mis-img/3c999eea8af07ac6c8c15c88371c666f~tplv-f042mdwyw7-original:tplv-resize:640:0.image?psm=motor.pc_sh.api,1,0,,,0,0,0,dongchedi_usedcar_series,2026-07-08T21:14:45+08:00
2ea1e3d84c7bb65ecea4425e,4756,324,LEVC翼真汽车,LEVC LX,https://p3-dcd.byteimg.com/motor-mis-img/ab6c89e53c96649d8801e39aba4fe665~tplv-f042mdwyw7-original:tplv-resize:640:0.image?psm=motor.pc_sh.api,1,0,,,0,0,0,dongchedi_usedcar_series,2026-07-08T21:14:45+08:00
8d5275188676923aaea1680a,4759,7,福特,领裕,https://p9-dcd.byteimg.com/tos-cn-i-dcdx/af5d7d24a04348fa954883a25310b018~tplv-resize:640:0.png?psm=motor.rank.data,3,218,销量榜,77,11,11,22,dongchedi_ranking|dongchedi_usedcar_series,2026-07-08T21:14:45+08:00
e12204b6e216d56b64dfbea1,4760,395,岚图,岚图FREE,https://p9-dcd.byteimg.com/tos-cn-i-dcdx/131c546b47344d22a7cbc915b7186838~tplv-resize:640:0.png?psm=motor.rank.data,3,186,销量榜,44,5,14,19,dongchedi_ranking|dongchedi_usedcar_series,2026-07-08T21:14:45+08:00
eacd0af7e18d4993e67cafe6,4772,4,宝马,宝马XM,https://p3-dcd.byteimg.com/tos-cn-i-dcdx/f97e33b83aa24327ac2db61541a16012~tplv-f042mdwyw7-original:tplv-resize:640:0.image?psm=motor.pc_sh.api,1,0,,,0,0,0,dongchedi_usedcar_series,2026-07-08T21:14:45+08:00
bfbdc231dbe58d9629783a75,4776,4,宝马,宝马Z3,https://p3-dcd.byteimg.com/motor-mis-img/830fcde2da9a9914e855a8995e49e078~tplv-f042mdwyw7-original:tplv-resize:640:0.image?psm=motor.pc_sh.api,1,0,,,0,0,0,dongchedi_usedcar_series,2026-07-08T21:14:45+08:00
297e850ff8588919c2d7b5cd,4779,858,吉利银河,LEVC TX,https://p3-dcd.byteimg.com/motor-mis-img/0ab4fbed99a45047ef11569679f95caf~tplv-f042mdwyw7-original:tplv-resize:640:0.image?psm=motor.pc_sh.api,1,0,,,0,0,0,dongchedi_usedcar_series,2026-07-08T21:14:45+08:00
3832d9ca212f2f3cc987d62c,4780,209,捷途,捷途X70 PLUS,https://p9-dcd.byteimg.com/tos-cn-i-dcdx/2386ff96b11245ad802995493fbdda39~tplv-f042mdwyw7-original:tplv-resize:640:0.image?psm=motor.pc_sh.api,1,0,,,0,0,0,dongchedi_usedcar_series,2026-07-08T21:14:45+08:00
2baa09c8d5b88229b88710bc,4782,2,奥迪,奥迪RS e-tron GT,https://p3-dcd.byteimg.com/tos-cn-i-dcdx/e3b565aaa7c04468a22d31f0f7ada2a8~tplv-f042mdwyw7-original:tplv-resize:640:0.image?psm=motor.pc_sh.api,1,0,,,0,0,0,dongchedi_usedcar_series,2026-07-08T21:14:45+08:00
aad00059f69501ec9a991520,4783,35,长安,长安UNI-K,https://p9-dcd.byteimg.com/tos-cn-i-dcdx/458c4ef6b652476e8519de66e0912a74~tplv-resize:640:0.png?psm=motor.rank.data,3,154,销量榜,85,6,10,16,dongchedi_ranking|dongchedi_usedcar_series,2026-07-08T21:14:45+08:00
28c0c8678f86a69756c977c2,4787,40,广汽传祺,影豹,https://p9-dcd.byteimg.com/tos-cn-i-dcdx/f7497d63f43a4cd18405d73636001342~tplv-resize:640:0.png?psm=motor.rank.data,3,218,销量榜,45,4,16,20,dongchedi_ranking|dongchedi_usedcar_series,2026-07-08T21:14:45+08:00
ef34b7bd4354bbfa4b318802,4791,70,东风风行,菱智PLUS,https://p3-dcd.byteimg.com/tos-cn-i-dcdx/61ae5644631a439fa046ad665371b95b~tplv-f042mdwyw7-original:tplv-resize:640:0.image?psm=motor.pc_sh.api,1,0,,,0,0,0,dongchedi_usedcar_series,2026-07-08T21:14:45+08:00
326cd7de35cb1d78ef655751,4792,251,星途,星途凌云,https://p9-dcd.byteimg.com/tos-cn-i-dcdx/da475d4225a740e682707b93dc959304~tplv-resize:640:0.png?psm=motor.rank.data,3,218,销量榜,73,3,41,44,dongchedi_ranking|dongchedi_usedcar_series,2026-07-08T21:14:45+08:00
a2a6820d32e3408f84a0d1e8,4794,27,奔腾,奔腾T55,https://p9-dcd.byteimg.com/motor-mis-img/5eb9a1106aaeba38383586d41c10fd06~tplv-f042mdwyw7-original:tplv-resize:640:0.image?psm=motor.pc_sh.api,1,0,,,0,0,0,dongchedi_usedcar_series,2026-07-08T21:14:45+08:00
0a94f6bbdec4aa2b2d051533,4795,237,广汽集团,绎乐,https://p3-dcd.byteimg.com/motor-mis-img/7c81468c2481b939613261d525bd1e8b~tplv-f042mdwyw7-original:tplv-resize:640:0.image?psm=motor.pc_sh.api,1,0,,,0,0,0,dongchedi_usedcar_series,2026-07-08T21:14:45+08:00
2c28864c5a31671f058eafdf,4796,5,丰田,凌尚,https://p3-dcd.byteimg.com/tos-cn-i-dcdx/f032c5b0a28f4af7b383408f6a10b203~tplv-f042mdwyw7-original:tplv-resize:640:0.image?psm=motor.pc_sh.api,1,0,,,0,0,0,dongchedi_usedcar_series,2026-07-08T21:14:45+08:00
f1015e0a189ce972441fcc6a,4797,16,比亚迪,比亚迪e9,https://p9-dcd.byteimg.com/tos-cn-i-dcdx/03cc0e38cab643fe834fda7ca2b548aa~tplv-resize:640:0.png?psm=motor.rank.data,3,192,销量榜,67,1,2,3,dongchedi_ranking|dongchedi_usedcar_series,2026-07-08T21:14:45+08:00
347b76afe9d59060dfaf4f58,4798,512,江淮瑞风,瑞风L6 MAX,https://p3-dcd.byteimg.com/motor-mis-img/f14374560913e11a0f0e22ee6d6d63a2~tplv-f042mdwyw7-original:tplv-resize:640:0.image?psm=motor.pc_sh.api,1,0,,,0,0,0,dongchedi_usedcar_series,2026-07-08T21:14:45+08:00
dc3b2d4f8543e65cdac0eccf,4799,410,晓澳汽车,晓澳V-Class,https://p3-dcd.byteimg.com/tos-cn-i-dcdx/5179f66429e54e5aababd34398ec43e3~tplv-f042mdwyw7-original:tplv-resize:640:0.image?psm=motor.pc_sh.api,1,0,,,0,0,0,dongchedi_usedcar_series,2026-07-08T21:14:45+08:00
501bede2c46410143da899ac,4801,5,丰田,亚洲狮,https://p3-dcd.byteimg.com/motor-mis-img/425ce00970c41af596f5fb6d21b7fed9~tplv-f042mdwyw7-original:tplv-resize:640:0.image?psm=motor.pc_sh.api,1,0,,,0,0,0,dongchedi_usedcar_series,2026-07-08T21:14:45+08:00
779c652d96775379c6df92a4,4802,16,比亚迪,秦PLUS DM,https://p9-dcd.byteimg.com/tos-cn-i-dcdx/07aa7548dcd2431799fcc58785c6d74b~tplv-resize:640:0.png?psm=motor.rank.data,3,283,销量榜,1,7,15,22,dongchedi_ranking|dongchedi_usedcar_series,2026-07-08T21:14:45+08:00
2faf845449827f2a4fe66595,4803,18,奇瑞,艾瑞泽5 PLUS,https://p3-dcd.byteimg.com/tos-cn-i-dcdx/c101af05fcc8448193ce461cbabe47f6~tplv-f042mdwyw7-original:tplv-resize:640:0.image?psm=motor.pc_sh.api,1,0,,,0,0,0,dongchedi_usedcar_series,2026-07-08T21:14:45+08:00
b9018f7863d9bcfad2d16a16,4804,17,哈弗,哈弗初恋,https://p9-dcd.byteimg.com/motor-mis-img/3f98d54b76c91d58308d588a10f1a56c~tplv-f042mdwyw7-original:tplv-resize:640:0.image?psm=motor.pc_sh.api,1,0,,,0,0,0,dongchedi_usedcar_series,2026-07-08T21:14:45+08:00
60b608ecd2e85ec39e87c713,4808,34,名爵,MG领航PHEV,https://p3-dcd.byteimg.com/motor-mis-img/5f6ff0d40b5bf3af63b8ee08289e1cb4~tplv-f042mdwyw7-original:tplv-resize:640:0.image?psm=motor.pc_sh.api,1,0,,,0,0,0,dongchedi_usedcar_series,2026-07-08T21:14:45+08:00
c029ab33c79b7abe070ce4da,4813,5,丰田,威兰达PHEV,https://p9-dcd.byteimg.com/tos-cn-i-dcdx/fe0a534abd314543a5f1f803bab7597d~tplv-resize:640:0.png?psm=motor.rank.data,3,10,销量榜,135,3,6,9,dongchedi_ranking|dongchedi_usedcar_series,2026-07-08T21:14:45+08:00
74fe47b426bb1ca7f1b81d66,4814,242,埃安,AION Y,https://p9-dcd.byteimg.com/tos-cn-i-dcdx/d382087dc4bd467f8951919c0b5f8334~tplv-resize:640:0.png?psm=motor.rank.data,3,328,销量榜,1,8,42,50,dongchedi_ranking|dongchedi_usedcar_series,2026-07-08T21:14:45+08:00
3be65b8b1f76d6a4f990d530,4819,235,思皓,思皓花仙子,https://p3-dcd.byteimg.com/tos-cn-i-dcdx/7a7c73fd87fe459f9f75a1ebdcf7c74a~tplv-f042mdwyw7-original:tplv-resize:640:0.image?psm=motor.pc_sh.api,1,0,,,0,0,0,dongchedi_usedcar_series,2026-07-08T21:14:45+08:00
7d390216d2eab72d9fc8cf6c,4828,235,思皓,思皓X4,https://p3-dcd.byteimg.com/motor-mis-img/75dc2f6f8a5a50b92c4e579c97223039~tplv-f042mdwyw7-original:tplv-resize:640:0.image?psm=motor.pc_sh.api,1,0,,,0,0,0,dongchedi_usedcar_series,2026-07-08T21:14:45+08:00
af4e58b40c45a3d606f48478,4831,86,迈凯伦,迈凯伦Artura,https://p3-dcd.byteimg.com/tos-cn-i-dcdx/b29a8e3edd744892af0724a311b1aa65~tplv-f042mdwyw7-original:tplv-resize:640:0.image?psm=motor.pc_sh.api,1,0,,,0,0,0,dongchedi_usedcar_series,2026-07-08T21:14:45+08:00
1b8763d0968cd34ea79d1037,4834,413,华晨新日,华晨新日i03,https://p3-dcd.byteimg.com/motor-mis-img/6f94191738bca583a363b6a29c8a5c85~tplv-f042mdwyw7-original:tplv-resize:640:0.image?psm=motor.pc_sh.api,1,0,,,0,0,0,dongchedi_usedcar_series,2026-07-08T21:14:45+08:00
50a74616a8675b495e4a2b6a,4837,414,摩登汽车,Modern in,https://p3-dcd.byteimg.com/motor-mis-img/de69d1f7fbcb1bd1e2d203600286a72b~tplv-f042mdwyw7-original:tplv-resize:640:0.image?psm=motor.pc_sh.api,1,0,,,0,0,0,dongchedi_usedcar_series,2026-07-08T21:14:45+08:00
8246ee3201e6d3302c45378d,4838,4,宝马,宝马i3,https://p9-dcd.byteimg.com/tos-cn-i-dcdx/7179c9f91abe42b1bfca1c56f5cc2763~tplv-resize:640:0.png?psm=motor.rank.data,3,283,销量榜,14,6,10,16,dongchedi_ranking|dongchedi_usedcar_series,2026-07-08T21:14:45+08:00
ba99633e0fc1a6eb9ce9396a,4839,9,本田,皓影 PHEV,https://p9-dcd.byteimg.com/tos-cn-i-dcdx/fede19012b59405dbaf2cb12c3700cc0~tplv-resize:640:0.png?psm=motor.rank.data,3,210,销量榜,40,3,6,9,dongchedi_ranking|dongchedi_usedcar_series,2026-07-08T21:14:45+08:00
812b2e6f54e3ea0c87df1ad9,4840,5,丰田,皇冠陆放,https://p9-dcd.byteimg.com/tos-cn-i-dcdx/0bcfc8eba77b4c61895a20e86c196bd7~tplv-resize:640:0.png?psm=motor.rank.data,3,218,销量榜,18,6,28,34,dongchedi_ranking|dongchedi_usedcar_series,2026-07-08T21:14:45+08:00
2782fb43fc3b360a1df6700d,4857,73,吉利汽车,星越L,https://p9-dcd.byteimg.com/tos-cn-i-dcdx/588bea89ef084984b66a2ee353b261ff~tplv-resize:640:0.png?psm=motor.rank.data,3,218,销量榜,3,13,18,31,dongchedi_ranking|dongchedi_usedcar_series,2026-07-08T21:14:45+08:00
b2596070b287157856244b95,4858,136,江铃集团新能源,羿,https://p9-dcd.byteimg.com/tos-cn-i-dcdx/0ac527702eb54802bd818a25aa6a403b~tplv-resize:640:0.png?psm=motor.rank.data,2,60,销量榜,77,10,36,46,dongchedi_ranking,2026-07-08T21:14:45+08:00
67f0bfde65efc8eebff33205,4859,235,思皓,思皓QX,https://p3-dcd.byteimg.com/motor-mis-img/6d7d40e80e8ae4b5ca752a6e23288130~tplv-f042mdwyw7-original:tplv-resize:640:0.image?psm=motor.pc_sh.api,1,0,,,0,0,0,dongchedi_usedcar_series,2026-07-08T21:14:45+08:00
f12cba036db47fa3df290183,4861,27,奔腾,奔腾NAT,https://p9-dcd.byteimg.com/motor-mis-img/86e59b68321279091b353bb89ec0d411~tplv-f042mdwyw7-original:tplv-resize:640:0.image?psm=motor.pc_sh.api,1,0,,,0,0,0,dongchedi_usedcar_series,2026-07-08T21:14:45+08:00
63c4ffe74ecd0d092ccb7d0b,4865,16,比亚迪,宋PLUS DM,https://p9-dcd.byteimg.com/tos-cn-i-dcdx/7090077c0c97451eb60cc58effa35c74~tplv-f042mdwyw7-original:tplv-resize:640:0.image?psm=motor.pc_sh.api,1,0,,,0,0,0,dongchedi_usedcar_series,2026-07-08T21:14:45+08:00
6202478c72bb491a313a85a0,4866,66,魏牌,摩卡,https://p3-dcd.byteimg.com/tos-cn-i-dcdx/7ef007e25b00421aa138e6ebf311aad8~tplv-f042mdwyw7-original:tplv-resize:640:0.image?psm=motor.pc_sh.api,1,0,,,0,0,0,dongchedi_usedcar_series,2026-07-08T21:14:45+08:00
425dd272bb470c28f2ce0495,4867,66,魏牌,摩卡PHEV,https://p9-dcd.byteimg.com/tos-cn-i-dcdx/9d32431637e74d9ba2c02f721b313e39~tplv-resize:640:0.png?psm=motor.rank.data,3,210,销量榜,36,2,4,6,dongchedi_ranking|dongchedi_usedcar_series,2026-07-08T21:14:45+08:00
d26f9a7f7b244d0975422c0f,4868,66,魏牌,拿铁DHT,https://p3-dcd.byteimg.com/motor-mis-img/2c9035c878d7d07b8a38532cb260b931~tplv-f042mdwyw7-original:tplv-resize:640:0.image?psm=motor.pc_sh.api,1,0,,,0,0,0,dongchedi_usedcar_series,2026-07-08T21:14:45+08:00
52785682efa314a522ca537c,4869,419,智己汽车,智己LS7,https://p9-dcd.byteimg.com/tos-cn-i-dcdx/aff8de32f2fa496ab3e0b6b38f29b24a~tplv-resize:640:0.png?psm=motor.rank.data,3,210,销量榜,29,1,9,10,dongchedi_ranking|dongchedi_usedcar_series,2026-07-08T21:14:45+08:00
ee643ac7414c58e89ddfb71d,4870,419,智己汽车,智己L7,https://p9-dcd.byteimg.com/tos-cn-i-dcdx/8edb77cb2b3049aab144e1e1b94869ed~tplv-resize:640:0.png?psm=motor.rank.data,3,210,销量榜,62,1,9,10,dongchedi_ranking|dongchedi_usedcar_series,2026-07-08T21:14:45+08:00
3b893fee06518ea2916bc6a8,4871,420,朋克汽车,朋克美美,https://p9-dcd.byteimg.com/motor-mis-img/60a10e5922963f11d17424a6c51dff36~tplv-f042mdwyw7-original:tplv-resize:640:0.image?psm=motor.pc_sh.api,1,0,,,0,0,0,dongchedi_usedcar_series,2026-07-08T21:14:45+08:00
63120171714f85125d94a26e,4881,7,福特,Maverick,https://p3-dcd.byteimg.com/motor-mis-img/0dfc874e162598ed61c68c413e279640~tplv-f042mdwyw7-original:tplv-resize:640:0.image?psm=motor.pc_sh.api,1,0,,,0,0,0,dongchedi_usedcar_series,2026-07-08T21:14:45+08:00
d187c9015221dba95a1fb379,4883,106,五十铃,TAGA达咖H,https://p3-dcd.byteimg.com/motor-mis-img/6ec0c62c1249ff0176d603e1a685b65e~tplv-f042mdwyw7-original:tplv-resize:640:0.image?psm=motor.pc_sh.api,1,0,,,0,0,0,dongchedi_usedcar_series,2026-07-08T21:14:45+08:00
c0a11d026ebcb39b20478073,4890,7,福特,福特电马,https://p3-dcd.byteimg.com/tos-cn-i-dcdx/7b88c973a0d548a38057e70ecc07c08e~tplv-f042mdwyw7-original:tplv-resize:640:0.image?psm=motor.pc_sh.api,1,0,,,0,0,0,dongchedi_usedcar_series,2026-07-08T21:14:45+08:00
778dbe06b5bd54ac5fa65fef,4894,1,大众,ID.6 X,https://p9-dcd.byteimg.com/motor-mis-img/bc5400d7759589d05ac39a0f52362327~tplv-resize:640:0.png?psm=motor.rank.data,3,9,销量榜,239,3,20,23,dongchedi_ranking|dongchedi_usedcar_series,2026-07-08T21:14:45+08:00
ac327c6b05eb9b5d6e065f44,4896,66,魏牌,玛奇朵DHT,https://p3-dcd.byteimg.com/motor-mis-img/8b509e30c859d0b64669f2d839b052e8~tplv-f042mdwyw7-original:tplv-resize:640:0.image?psm=motor.pc_sh.api,1,0,,,0,0,0,dongchedi_usedcar_series,2026-07-08T21:14:45+08:00
da035c642d378d4b04cc8a38,4899,16,比亚迪,秦PLUS EV,https://p9-dcd.byteimg.com/tos-cn-i-dcdx/bea43ec45387461aa6579a7566a40a51~tplv-resize:640:0.png?psm=motor.rank.data,3,356,销量榜,12,7,20,27,dongchedi_ranking|dongchedi_usedcar_series,2026-07-08T21:14:45+08:00
87cba65ad6fd86b5930c1341,4901,39,五菱汽车,五菱征程,https://p9-dcd.byteimg.com/motor-mis-img/14a5f4d31b2390bbe29d1e2ed5c86725~tplv-resize:640:0.png?psm=motor.rank.data,3,161,销量榜,9,4,2,6,dongchedi_ranking|dongchedi_usedcar_series,2026-07-08T21:14:45+08:00
bf587585d320015de7caf4a2,4902,85,莲花跑车,Emira,https://p3-dcd.byteimg.com/tos-cn-i-dcdx/1bd8ea4c625941ef9843ec480dc30994~tplv-f042mdwyw7-original:tplv-resize:640:0.image?psm=motor.pc_sh.api,1,0,,,0,0,0,dongchedi_usedcar_series,2026-07-08T21:14:45+08:00
3149cd69ab6f8601aa05c959,4912,5,丰田,Granvia(海外),https://p3-dcd.byteimg.com/tos-cn-i-dcdx/ccb7ef9e74bc43ddbf60332b000e863f~tplv-f042mdwyw7-original:tplv-resize:640:0.image?psm=motor.pc_sh.api,1,0,,,0,0,0,dongchedi_usedcar_series,2026-07-08T21:14:45+08:00
b180416aa74597fad98f69d0,4921,17,哈弗,哈弗赤兔,https://p9-dcd.byteimg.com/motor-mis-img/e7839b650abba0c7b787aa48aa248b4f~tplv-f042mdwyw7-original:tplv-resize:640:0.image?psm=motor.pc_sh.api,1,0,,,0,0,0,dongchedi_usedcar_series,2026-07-08T21:14:45+08:00
d71d177eac37086227e54553,4924,24,沃尔沃,沃尔沃C40 EV,https://p3-dcd.byteimg.com/motor-mis-img/a33abe2401429de388c10fa422965b66~tplv-f042mdwyw7-original:tplv-resize:640:0.image?psm=motor.pc_sh.api,1,0,,,0,0,0,dongchedi_usedcar_series,2026-07-08T21:14:45+08:00
5339cdfac8a2a537324bf12e,4944,420,朋克汽车,朋克多多,https://p9-dcd.byteimg.com/motor-mis-img/be6a91bbd5caff44e4aaca634a6d3b03~tplv-f042mdwyw7-original:tplv-resize:640:0.image?psm=motor.pc_sh.api,1,0,,,0,0,0,dongchedi_usedcar_series,2026-07-08T21:14:45+08:00
0f8b7321b1534872276ca74b,4949,366,宝骏,宝骏Valli,https://p9-dcd.byteimg.com/motor-mis-img/df6405525d525b2ecffcef31cca3592e~tplv-f042mdwyw7-original:tplv-resize:640:0.image?psm=motor.pc_sh.api,1,0,,,0,0,0,dongchedi_usedcar_series,2026-07-08T21:14:45+08:00
faa4f649fcf6590856c697a3,4960,250,天际汽车,天际ME5,https://p3-dcd.byteimg.com/motor-mis-img/04589c1637429c11279347ed0ebb914b~tplv-f042mdwyw7-original:tplv-resize:640:0.image?psm=motor.pc_sh.api,1,0,,,0,0,0,dongchedi_usedcar_series,2026-07-08T21:14:45+08:00
2ca9969dd6f2e28b0e219950,4961,1,大众,ID.6 CROZZ,https://p3-dcd.byteimg.com/tos-cn-i-dcdx/bfe72d8d82e24fab93410c6b07179b38~tplv-f042mdwyw7-original:tplv-resize:640:0.image?psm=motor.pc_sh.api,1,0,,,0,0,0,dongchedi_usedcar_series,2026-07-08T21:14:45+08:00
52babbe422cc48e116344243,4970,174,领克,领克02 Hatchback,https://p9-dcd.byteimg.com/motor-mis-img/d74bf9dd4b8264bde85a39c588b4e54e~tplv-f042mdwyw7-original:tplv-resize:640:0.image?psm=motor.pc_sh.api,1,0,,,0,0,0,dongchedi_usedcar_series,2026-07-08T21:14:45+08:00
2c2b601f4f8b14c4944c04c1,4980,401,飞凡汽车,飞凡R7,https://p9-dcd.byteimg.com/tos-cn-i-dcdx/f23944d550054a60a7f29e528d8eea4e~tplv-resize:640:0.png?psm=motor.rank.data,3,273,销量榜,68,3,14,17,dongchedi_ranking|dongchedi_usedcar_series,2026-07-08T21:14:45+08:00
f1d4bf07a50588d380987153,4981,16,比亚迪,元Pro,https://p9-dcd.byteimg.com/tos-cn-i-dcdx/be7448edc47149b8b78bd8548d30aefb~tplv-f042mdwyw7-original:tplv-resize:640:0.image?psm=motor.pc_sh.api,1,0,,,0,0,0,dongchedi_usedcar_series,2026-07-08T21:14:45+08:00
c652c2786fdcbb5b0b6adac0,4985,424,Novitec,Novitec Huracán,https://p3-dcd.byteimg.com/motor-mis-img/a2113c54506a0af38073a268485780b4~tplv-f042mdwyw7-original:tplv-resize:640:0.image?psm=motor.pc_sh.api,1,0,,,0,0,0,dongchedi_usedcar_series,2026-07-08T21:14:45+08:00
9d8994ac8156bedc7a8f06c6,4986,5,丰田,凌放HARRIER,https://p3-dcd.byteimg.com/tos-cn-i-dcdx/6d957f2954a94d748460c8f623e7a85a~tplv-f042mdwyw7-original:tplv-resize:640:0.image?psm=motor.pc_sh.api,1,0,,,0,0,0,dongchedi_usedcar_series,2026-07-08T21:14:45+08:00
07748f47a0c59b513f5c68aa,4989,2,奥迪,奥迪Q5L Sportback,https://p9-dcd.byteimg.com/tos-cn-i-dcdx/29cfd14dd63a42e4b47a5b682b5dda75~tplv-resize:640:0.png?psm=motor.rank.data,3,199,销量榜,3,3,25,28,dongchedi_ranking|dongchedi_usedcar_series,2026-07-08T21:14:45+08:00
10b60040a99f0dae0ee25c10,4990,2,奥迪,奥迪Q3 Sportback,https://p9-dcd.byteimg.com/tos-cn-i-dcdx/12cb65997d2349f88511b2547ddd8204~tplv-resize:640:0.png?psm=motor.rank.data,3,257,销量榜,8,7,26,33,dongchedi_ranking|dongchedi_usedcar_series,2026-07-08T21:14:45+08:00
38e37a20b106b1f8cc72c0da,5000,73,吉利汽车,帝豪S,https://p3-dcd.byteimg.com/motor-mis-img/2143a3937603ae9759702c9b8f91f9e4~tplv-f042mdwyw7-original:tplv-resize:640:0.image?psm=motor.pc_sh.api,1,0,,,0,0,0,dongchedi_usedcar_series,2026-07-08T21:14:45+08:00
3f0fc0b4455df1cc0b98c4b4,5001,18,奇瑞,瑞虎8 PLUS鲲鹏e+,https://p3-dcd.byteimg.com/motor-mis-img/c7794f2136b4b93918827706d3f99e24~tplv-f042mdwyw7-original:tplv-resize:640:0.image?psm=motor.pc_sh.api,1,0,,,0,0,0,dongchedi_usedcar_series,2026-07-08T21:14:45+08:00
9fb9ea60304ea950db238c07,5002,2,奥迪,奥迪Q5 e-tron,https://p9-dcd.byteimg.com/motor-mis-img/6a288e43d3e85af91ecebda0776126cb~tplv-resize:640:0.png?psm=motor.rank.data,3,33,销量榜,15,14,9,23,dongchedi_ranking|dongchedi_usedcar_series,2026-07-08T21:14:45+08:00
e7b54514b435a884a838c42b,5004,195,小鹏汽车,小鹏P5,https://p3-dcd.byteimg.com/tos-cn-i-dcdx/a638941d454742058547308ebfab52d2~tplv-f042mdwyw7-original:tplv-resize:640:0.image?psm=motor.pc_sh.api,1,0,,,0,0,0,dongchedi_usedcar_series,2026-07-08T21:14:45+08:00
29d5fd1a6f4c1c29b9dc5006,5008,16,比亚迪,海豚,https://p9-dcd.byteimg.com/tos-cn-i-dcdx/dc616c2ab21c47d9beddc2c940f8828d~tplv-resize:640:0.png?psm=motor.rank.data,3,283,销量榜,3,3,17,20,dongchedi_ranking|dongchedi_usedcar_series,2026-07-08T21:14:45+08:00
800112516f6221db7fbe7e30,5009,3,奔驰,AMG GT PHEV,https://p3-dcd.byteimg.com/tos-cn-i-dcdx/2431033a5d064e68825a1cc3f5cca5d9~tplv-f042mdwyw7-original:tplv-resize:640:0.image?psm=motor.pc_sh.api,1,0,,,0,0,0,dongchedi_usedcar_series,2026-07-08T21:14:45+08:00
3a72f7ea1a3dad559517a510,5013,17,哈弗,哈弗酷狗,https://p9-dcd.byteimg.com/motor-mis-img/542c787061ef1dc3acaa30b2d30ce797~tplv-f042mdwyw7-original:tplv-resize:640:0.image?psm=motor.pc_sh.api,1,0,,,0,0,0,dongchedi_usedcar_series,2026-07-08T21:14:45+08:00
c1b429e8f09f17a157bcb3a4,5014,429,小虎,小虎FEV,https://p3-dcd.byteimg.com/motor-mis-img/9265da77f9e501614776f2afe7afa78f~tplv-f042mdwyw7-original:tplv-resize:640:0.image?psm=motor.pc_sh.api,1,0,,,0,0,0,dongchedi_usedcar_series,2026-07-08T21:14:45+08:00
40a915b9985b2cd95f2aaad7,5015,426,极氪,ZEEKR 001,https://p9-dcd.byteimg.com/tos-cn-i-dcdx/750b7836d2fa4303bb1831c88b379ddd~tplv-resize:640:0.png?psm=motor.rank.data,3,283,销量榜,10,5,22,27,dongchedi_ranking|dongchedi_usedcar_series,2026-07-08T21:14:45+08:00
d76dce51df19958955e27399,5020,96,GMC,悍马EV SUV,https://p3-dcd.byteimg.com/motor-mis-img/1f1842fe6a2ff092f261f10f317f4717~tplv-f042mdwyw7-original:tplv-resize:640:0.image?psm=motor.pc_sh.api,1,0,,,0,0,0,dongchedi_usedcar_series,2026-07-08T21:14:45+08:00
c10241736dd252c299fe04f8,5023,169,中兴,中兴1949,https://p3-dcd.byteimg.com/tos-cn-i-dcdx/306367b143b94fc9a05a8654f4b108ff~tplv-f042mdwyw7-original:tplv-resize:640:0.image?psm=motor.pc_sh.api,1,0,,,0,0,0,dongchedi_usedcar_series,2026-07-08T21:14:45+08:00
b5b7683ba23ebe73664227fe,5031,37,东风风神,奕炫MAX,https://p3-dcd.byteimg.com/tos-cn-i-dcdx/a2af97add715456ea9ed78f90392e4e5~tplv-f042mdwyw7-original:tplv-resize:640:0.image?psm=motor.pc_sh.api,1,0,,,0,0,0,dongchedi_usedcar_series,2026-07-08T21:14:45+08:00
824fe7cb7d0bb9a68dd1b010,5032,384,凌宝汽车,凌宝COCO,https://p9-dcd.byteimg.com/motor-mis-img/111284e8347160f59512ad08dab736a3~tplv-f042mdwyw7-original:tplv-resize:640:0.image?psm=motor.pc_sh.api,1,0,,,0,0,0,dongchedi_usedcar_series,2026-07-08T21:14:45+08:00
18ba259e2585bfd289d9a438,5033,142,凯翼,轩度,https://p3-dcd.byteimg.com/tos-cn-i-dcdx/e38a5871363e4c4892396c6049d4e0c7~tplv-resize:640:0.png?psm=motor.rank.data,2,7,销量榜,163,3,6,9,dongchedi_ranking|dongchedi_usedcar_series,2026-07-08T21:14:45+08:00
4207186089ea78f8f7cf8b6e,5034,11,现代,库斯途,https://p9-dcd.byteimg.com/tos-cn-i-dcdx/1021e1ea21ad48cc8a366e29eee380b3~tplv-resize:640:0.png?psm=motor.rank.data,3,218,销量榜,3,5,6,11,dongchedi_ranking|dongchedi_usedcar_series,2026-07-08T21:14:45+08:00
8794391568afb7f84f340535,5037,39,五菱汽车,五菱星辰,https://p9-dcd.byteimg.com/tos-cn-i-dcdx/e365b62932e14542987c0ec29e807693~tplv-resize:640:0.png?psm=motor.rank.data,3,210,销量榜,49,9,0,9,dongchedi_ranking|dongchedi_usedcar_series,2026-07-08T21:14:45+08:00
58302d4c90a0c6824cc49843,5047,39,五菱汽车,五菱Nano EV,https://p3-dcd.byteimg.com/motor-mis-img/91d0af2faeadb3a1ce07bee26159a802~tplv-f042mdwyw7-original:tplv-resize:640:0.image?psm=motor.pc_sh.api,1,0,,,0,0,0,dongchedi_usedcar_series,2026-07-08T21:14:45+08:00
89c21dd6c5b858c56b8149e6,5048,21,雪铁龙,凡尔赛C5 X,https://p9-dcd.byteimg.com/tos-cn-i-dcdx/fb7abd70b8b248fc90d8fd1009400de6~tplv-resize:640:0.png?psm=motor.rank.data,3,218,销量榜,32,8,13,21,dongchedi_ranking|dongchedi_usedcar_series,2026-07-08T21:14:45+08:00
8214c519e03bfd96a73bfa08,5050,119,长安欧尚,长安欧尚X7 PLUS,https://p3-dcd.byteimg.com/tos-cn-i-dcdx/792f6cb783e54f76b76081f54eb719ad~tplv-f042mdwyw7-original:tplv-resize:640:0.image?psm=motor.pc_sh.api,1,0,,,0,0,0,dongchedi_usedcar_series,2026-07-08T21:14:45+08:00
bdfa1f878b801c9b5df1d748,5052,157,SWM斯威汽车,钢铁侠,https://p3-dcd.byteimg.com/motor-mis-img/5284a8ded61af5b3d29fa6f9b0a5abae~tplv-f042mdwyw7-original:tplv-resize:640:0.image?psm=motor.pc_sh.api,1,0,,,0,0,0,dongchedi_usedcar_series,2026-07-08T21:14:45+08:00
41e1f186531e82d0bbfd637d,5053,238,欧拉,欧拉闪电猫,https://p9-dcd.byteimg.com/motor-mis-img/9a42521e00f5301bbf77aaec4f602946~tplv-resize:640:0.png?psm=motor.rank.data,3,30,销量榜,185,4,0,4,dongchedi_ranking|dongchedi_usedcar_series,2026-07-08T21:14:45+08:00
c0ccddb08058a4a54a7898cb,5059,193,鑫源汽车,金海狮,https://p9-dcd.byteimg.com/motor-mis-img/420edba187de7d68b797455324ccd5af~tplv-resize:640:0.png?psm=motor.rank.data,3,185,销量榜,35,46,25,71,dongchedi_ranking|dongchedi_usedcar_series,2026-07-08T21:14:45+08:00
c0193173a99ff0282c1bc570,5063,108,大通,大家9 EV,https://p9-dcd.byteimg.com/motor-mis-img/149f3cd713fb650b0414ba133fad555a~tplv-resize:640:0.png?psm=motor.rank.data,3,283,销量榜,19,4,29,33,dongchedi_ranking|dongchedi_usedcar_series,2026-07-08T21:14:45+08:00
238c64c41670fbe39c0ee5eb,5067,7,福特,EVOS,https://p3-dcd.byteimg.com/motor-mis-img/62f1f5c9892cfbf4cf1c75e071638aa7~tplv-f042mdwyw7-original:tplv-resize:640:0.image?psm=motor.pc_sh.api,1,0,,,0,0,0,dongchedi_usedcar_series,2026-07-08T21:14:45+08:00
69b1d59a16917362c89a7835,5069,15,马自达,马自达CX-30 EV,https://p3-dcd.byteimg.com/motor-mis-img/79d417ac74b4f57a2935af5f3cdf409e~tplv-f042mdwyw7-original:tplv-resize:640:0.image?psm=motor.pc_sh.api,1,0,,,0,0,0,dongchedi_usedcar_series,2026-07-08T21:14:45+08:00
218fa34a5204d91a633577b4,5081,174,领克,领克09,https://p9-dcd.byteimg.com/tos-cn-i-dcdx/58462a5635d74f1dae098f5ba61388c9~tplv-resize:640:0.png?psm=motor.rank.data,3,161,销量榜,46,3,6,9,dongchedi_ranking|dongchedi_usedcar_series,2026-07-08T21:14:45+08:00
10f128c80bdf1f191253aa8e,5082,209,捷途,捷途X90 PLUS,https://p9-dcd.byteimg.com/tos-cn-i-dcdx/317644572e174778868a97d76e8a4f71~tplv-f042mdwyw7-original:tplv-resize:640:0.image?psm=motor.pc_sh.api,1,0,,,0,0,0,dongchedi_usedcar_series,2026-07-08T21:14:45+08:00
88a431fd4c31ca6f1eed4e70,5089,303,合创汽车,合创Z03,https://p3-dcd.byteimg.com/tos-cn-i-dcdx/966f8986005d4b1e9b62bd3bc3231f39~tplv-f042mdwyw7-original:tplv-resize:640:0.image?psm=motor.pc_sh.api,1,0,,,0,0,0,dongchedi_usedcar_series,2026-07-08T21:14:45+08:00
88def940cb826c14334f02f7,5090,199,哪吒汽车,哪吒S,https://p9-dcd.byteimg.com/tos-cn-i-dcdx/b399c2973f3e4b4da7eda0359ba505a9~tplv-f042mdwyw7-original:tplv-resize:640:0.image?psm=motor.pc_sh.api,1,0,,,0,0,0,dongchedi_usedcar_series,2026-07-08T21:14:45+08:00
477db6646ae66b41eafa141a,5092,59,红旗,红旗E-QM5,https://p9-dcd.byteimg.com/tos-cn-i-dcdx/b037b30e070943928eff5eb972564e56~tplv-resize:640:0.png?psm=motor.rank.data,3,356,销量榜,6,5,30,35,dongchedi_ranking|dongchedi_usedcar_series,2026-07-08T21:14:45+08:00
dfc1557f2a56e34171b168d5,5093,366,宝骏,宝骏KiWi EV,https://p9-dcd.byteimg.com/motor-mis-img/efdc6c8ac11f8f256a1a69c114935b01~tplv-f042mdwyw7-original:tplv-resize:640:0.image?psm=motor.pc_sh.api,1,0,,,0,0,0,dongchedi_usedcar_series,2026-07-08T21:14:45+08:00
582523a6c642f6571f0130c0,5097,412,LUMMA,LUMMA 挑战者,https://p3-dcd.byteimg.com/tos-cn-i-dcdx/351a3d609c844ef1831a504c907e8b46~tplv-f042mdwyw7-original:tplv-resize:640:0.image?psm=motor.pc_sh.api,1,0,,,0,0,0,dongchedi_usedcar_series,2026-07-08T21:14:45+08:00
b1fac82904c452260e2016f1,5101,68,北京汽车,北京U5 PLUS,https://p3-dcd.byteimg.com/motor-mis-img/3203baaf1308b5d75751190205189f8d~tplv-f042mdwyw7-original:tplv-resize:640:0.image?psm=motor.pc_sh.api,1,0,,,0,0,0,dongchedi_usedcar_series,2026-07-08T21:14:45+08:00
52b7eb464710ceeb91b113d3,5102,68,北京汽车,北京EU5 PLUS,https://p3-dcd.byteimg.com/tos-cn-i-dcdx/b8815e531e654009b0419b5278ed044a~tplv-f042mdwyw7-original:tplv-resize:640:0.image?psm=motor.pc_sh.api,1,0,,,0,0,0,dongchedi_usedcar_series,2026-07-08T21:14:45+08:00
ae77a27ac7455d4757def13c,5106,207,零跑汽车,零跑C01,https://p3-dcd.byteimg.com/tos-cn-i-dcdx/0629455ab0404f8d8321d8de26257973~tplv-f042mdwyw7-original:tplv-resize:640:0.image?psm=motor.pc_sh.api,1,0,,,0,0,0,dongchedi_usedcar_series,2026-07-08T21:14:45+08:00
1883f98c2361078ccd88ca23,5121,26,三菱,阿图柯AIRTREK,https://p3-dcd.byteimg.com/motor-mis-img/2958af94a6ade6609dc6fe35d80327fb~tplv-f042mdwyw7-original:tplv-resize:640:0.image?psm=motor.pc_sh.api,1,0,,,0,0,0,dongchedi_usedcar_series,2026-07-08T21:14:45+08:00
0eba603994f9aa3e49f3ce5e,5122,368,创维汽车,创维EV6,https://p9-dcd.byteimg.com/tos-cn-i-dcdx/ad946cfb7300451192fd711f0af4ded0~tplv-resize:640:0.png?psm=motor.rank.data,3,429,销量榜,49,12,80,92,dongchedi_ranking|dongchedi_usedcar_series,2026-07-08T21:14:45+08:00
91b0c063244ae33f26a81f72,5126,273,捷尼赛思,捷尼赛思GV60,https://p3-dcd.byteimg.com/tos-cn-i-dcdx/a887630336014e87a8447cb1f60af26f~tplv-f042mdwyw7-original:tplv-resize:640:0.image?psm=motor.pc_sh.api,1,0,,,0,0,0,dongchedi_usedcar_series,2026-07-08T21:14:45+08:00
eeb13b40f66d6d32e855ef66,5148,66,魏牌,玛奇朵DHT-PHEV,https://p3-dcd.byteimg.com/motor-mis-img/15baa8e4c215a5b1e4317e74101087b2~tplv-f042mdwyw7-original:tplv-resize:640:0.image?psm=motor.pc_sh.api,1,0,,,0,0,0,dongchedi_usedcar_series,2026-07-08T21:14:45+08:00
5ae615ce06c0553be1e201ec,5149,27,奔腾,奔腾B70S,https://p9-dcd.byteimg.com/motor-mis-img/6c5efbe832eebd5cac8292af76a42d83~tplv-f042mdwyw7-original:tplv-resize:640:0.image?psm=motor.pc_sh.api,1,0,,,0,0,0,dongchedi_usedcar_series,2026-07-08T21:14:45+08:00
a5933e2043b68a97ff7ce7c9,5151,381,睿蓝汽车,枫叶60s,https://p9-dcd.byteimg.com/motor-mis-img/22ab00035ad9fd4ac71b8baf75aa7293~tplv-resize:640:0.png?psm=motor.rank.data,3,273,销量榜,30,4,10,14,dongchedi_ranking|dongchedi_usedcar_series,2026-07-08T21:14:45+08:00
733e5a30bd1c3d5e8d83e10f,5152,185,威马汽车,威马E.5,https://p3-dcd.byteimg.com/motor-mis-img/561fc274c90a455fb0c9c2d914345c47~tplv-f042mdwyw7-original:tplv-resize:640:0.image?psm=motor.pc_sh.api,1,0,,,0,0,0,dongchedi_usedcar_series,2026-07-08T21:14:45+08:00
31d48f07588d2d5376ba80cd,5153,109,启辰,启辰大V,https://p9-dcd.byteimg.com/tos-cn-i-dcdx/70ada3c249cf4fd69983d811b1e04a39~tplv-resize:640:0.png?psm=motor.rank.data,3,218,销量榜,41,10,8,18,dongchedi_ranking|dongchedi_usedcar_series,2026-07-08T21:14:45+08:00
26be996d95620c16aa570ef3,5162,18,奇瑞,欧萌达,https://p3-dcd.byteimg.com/tos-cn-i-dcdx/e808c50f5aa946ceb93ff4ec14c8ad63~tplv-f042mdwyw7-original:tplv-resize:640:0.image?psm=motor.pc_sh.api,1,0,,,0,0,0,dongchedi_usedcar_series,2026-07-08T21:14:45+08:00
9ae01e7a4f1aced924c92ebb,5164,3,奔驰,奔驰GLE轿跑,https://p3-dcd.byteimg.com/tos-cn-i-dcdx/e2313c7ea316417da6e4408039aa365f~tplv-f042mdwyw7-original:tplv-resize:640:0.image?psm=motor.pc_sh.api,1,0,,,0,0,0,dongchedi_usedcar_series,2026-07-08T21:14:45+08:00
0c30434b18ae7105797320bd,5165,3,奔驰,奔驰GLE轿跑 AMG,https://p3-dcd.byteimg.com/tos-cn-i-dcdx/93e9c7befcaa460f87a19fd40550787e~tplv-f042mdwyw7-original:tplv-resize:640:0.image?psm=motor.pc_sh.api,1,0,,,0,0,0,dongchedi_usedcar_series,2026-07-08T21:14:45+08:00
a45193808f70a070e2cee5f2,5166,3,奔驰,奔驰GLE轿跑 PHEV,https://p3-dcd.byteimg.com/tos-cn-i-dcdx/ad642b0442c74b74b9039bdc9c372824~tplv-f042mdwyw7-original:tplv-resize:640:0.image?psm=motor.pc_sh.api,1,0,,,0,0,0,dongchedi_usedcar_series,2026-07-08T21:14:45+08:00
10b3e910705f69711a41f7ff,5167,3,奔驰,奔驰GLC轿跑 AMG,https://p3-dcd.byteimg.com/tos-cn-i-dcdx/f9afc03457c5416681a1a0d452b0f00b~tplv-f042mdwyw7-original:tplv-resize:640:0.image?psm=motor.pc_sh.api,1,0,,,0,0,0,dongchedi_usedcar_series,2026-07-08T21:14:45+08:00
8ca9a702bea84de5209787a8,5171,3,奔驰,奔驰EQS AMG,https://p3-dcd.byteimg.com/tos-cn-i-dcdx/0f8a0eff84c04706bec4212a1a964fb6~tplv-f042mdwyw7-original:tplv-resize:640:0.image?psm=motor.pc_sh.api,1,0,,,0,0,0,dongchedi_usedcar_series,2026-07-08T21:14:45+08:00
d800919eebcf7efbabcba0f3,5172,20,保时捷,Cayenne Coupé,https://p9-dcd.byteimg.com/tos-cn-i-dcdx/11175b52e1594954842f0dddd938749f~tplv-f042mdwyw7-original:tplv-resize:640:0.image?psm=motor.pc_sh.api,1,0,,,0,0,0,dongchedi_usedcar_series,2026-07-08T21:14:45+08:00
3917f627c43b509b7792b8e5,5173,20,保时捷,Cayenne Coupé E-Hybrid,https://p9-dcd.byteimg.com/tos-cn-i-dcdx/b3a9e706786c4276ad95be2b48d68046~tplv-f042mdwyw7-original:tplv-resize:640:0.image?psm=motor.pc_sh.api,1,0,,,0,0,0,dongchedi_usedcar_series,2026-07-08T21:14:45+08:00
3bf0318217bc9a22e266117e,5196,405,克蒂汽车,克蒂雪堆白,https://p9-dcd.byteimg.com/motor-mis-img/974a1ad769dcdc879265d644eaccced1~tplv-f042mdwyw7-original:tplv-resize:640:0.image?psm=motor.pc_sh.api,1,0,,,0,0,0,dongchedi_usedcar_series,2026-07-08T21:14:45+08:00
ac69db20d877db8ee3700aca,5210,40,广汽传祺,传祺GS4 PLUS,https://p3-dcd.byteimg.com/tos-cn-i-dcdx/831c747eb70d4792aa75bc5d7355225f~tplv-f042mdwyw7-original:tplv-resize:640:0.image?psm=motor.pc_sh.api,1,0,,,0,0,0,dongchedi_usedcar_series,2026-07-08T21:14:45+08:00
af87535112a35cf489d077e5,5214,44,法拉利,Purosangue,https://p3-dcd.byteimg.com/tos-cn-i-dcdx/5ce56406aed24ae791e206193b7c91fc~tplv-f042mdwyw7-original:tplv-resize:640:0.image?psm=motor.pc_sh.api,1,0,,,0,0,0,dongchedi_usedcar_series,2026-07-08T21:14:45+08:00
0307d10526084170a37fa641,5215,22,雷克萨斯,雷克萨斯NX PHEV,https://p3-dcd.byteimg.com/tos-cn-i-dcdx/4dd57b800bb54efa95b4412a8680d534~tplv-f042mdwyw7-original:tplv-resize:640:0.image?psm=motor.pc_sh.api,1,0,,,0,0,0,dongchedi_usedcar_series,2026-07-08T21:14:45+08:00
6eed5979e38c857be57d4e2f,5216,35,长安,长安UNI-K 智电iDD,https://p9-dcd.byteimg.com/tos-cn-i-dcdx/f7960d1c00c644449d528cf7b5d922ec~tplv-resize:640:0.png?psm=motor.rank.data,3,60,销量榜,114,4,6,10,dongchedi_ranking|dongchedi_usedcar_series,2026-07-08T21:14:45+08:00
3f5db071e6949817e682b583,5217,1,大众,大众ID.3,https://p9-dcd.byteimg.com/tos-cn-i-dcdx/3855b142af024d1b8867256c2ac5ae13~tplv-resize:640:0.png?psm=motor.rank.data,3,283,销量榜,20,5,21,26,dongchedi_ranking|dongchedi_usedcar_series,2026-07-08T21:14:45+08:00
26d48c3f6e04ab4a362a7149,5223,5,丰田,赛那,https://p9-dcd.byteimg.com/tos-cn-i-dcdx/0c4126f4e19f4486ab824f4c0abb7a95~tplv-resize:640:0.png?psm=motor.rank.data,3,218,销量榜,1,20,24,44,dongchedi_ranking|dongchedi_usedcar_series,2026-07-08T21:14:45+08:00
eb6b4eac6a8dbb95f4dda403,5225,73,吉利汽车,星越S,https://p3-dcd.byteimg.com/motor-mis-img/5e3ca6204272d09460db80f9e9773db5~tplv-f042mdwyw7-original:tplv-resize:640:0.image?psm=motor.pc_sh.api,1,0,,,0,0,0,dongchedi_usedcar_series,2026-07-08T21:14:45+08:00
32ccf4a1e09b8c495c6d8212,5227,202,理想汽车,理想L9,https://p9-dcd.byteimg.com/tos-cn-i-dcdx/61f3326ce80a4d7a82d5f1e0a37be281~tplv-resize:640:0.png?psm=motor.rank.data,3,283,销量榜,1,2,6,8,dongchedi_ranking|dongchedi_usedcar_series,2026-07-08T21:14:45+08:00
94d9d1413c5e8d530254f212,5228,44,法拉利,法拉利296,https://p3-dcd.byteimg.com/tos-cn-i-dcdx/2ddc568b97224d80a32807e7d6a3e3a9~tplv-f042mdwyw7-original:tplv-resize:640:0.image?psm=motor.pc_sh.api,1,0,,,0,0,0,dongchedi_usedcar_series,2026-07-08T21:14:45+08:00
81c4f93d892ea10c1f1b12fa,5234,193,鑫源汽车,小海狮X30,https://p3-dcd.byteimg.com/tos-cn-i-dcdx/fdf816632e7f428894eae15e98784523~tplv-f042mdwyw7-original:tplv-resize:640:0.image?psm=motor.pc_sh.api,1,0,,,0,0,0,dongchedi_usedcar_series,2026-07-08T21:14:45+08:00
0d11dd88fb88f39407fcea0a,5238,425,坦克,坦克500,https://p9-dcd.byteimg.com/tos-cn-i-dcdx/03cbc63ee9224060b21769b76b320385~tplv-resize:640:0.png?psm=motor.rank.data,3,161,销量榜,49,2,20,22,dongchedi_ranking|dongchedi_usedcar_series,2026-07-08T21:14:45+08:00
5e289af80ab2908087ec9912,5242,18,奇瑞,瑞虎7 PLUS,https://p3-dcd.byteimg.com/tos-cn-i-dcdx/b3d5140685014687a3ea4089e83f4ffa~tplv-f042mdwyw7-original:tplv-resize:640:0.image?psm=motor.pc_sh.api,1,0,,,0,0,0,dongchedi_usedcar_series,2026-07-08T21:14:45+08:00
787b26faad8baae897d06b08,5244,209,捷途,捷途大圣,https://p9-dcd.byteimg.com/tos-cn-i-dcdx/79685800b8cb405da143027e68155f26~tplv-resize:640:0.png?psm=motor.rank.data,3,218,销量榜,24,12,29,41,dongchedi_ranking|dongchedi_usedcar_series,2026-07-08T21:14:45+08:00
9ebcf21b08cb8ee1845f1cd1,5245,14,Jeep,大切诺基4xe(进口),https://p3-dcd.byteimg.com/tos-cn-i-dcdx/a9d9f5656dad4d70a88e29138faf713b~tplv-f042mdwyw7-original:tplv-resize:640:0.image?psm=motor.pc_sh.api,1,0,,,0,0,0,dongchedi_usedcar_series,2026-07-08T21:14:45+08:00
fb43ea33b652619fc6a5b50c,5248,16,比亚迪,元PLUS,https://p9-dcd.byteimg.com/tos-cn-i-dcdx/b067d3010ee243f48c136a3de9455741~tplv-resize:640:0.png?psm=motor.rank.data,3,210,销量榜,19,9,15,24,dongchedi_ranking|dongchedi_usedcar_series,2026-07-08T21:14:45+08:00
83c1088bdfd7d0a304d1aa79,5250,34,名爵,MG ONE,https://p3-dcd.byteimg.com/tos-cn-i-dcdx/6aca48597c4c478195acd0dbcee6aa10~tplv-f042mdwyw7-original:tplv-resize:640:0.image?psm=motor.pc_sh.api,1,0,,,0,0,0,dongchedi_usedcar_series,2026-07-08T21:14:45+08:00
afe3e4b635f0dbc1a4a1d247,5251,17,哈弗,哈弗神兽,https://p9-dcd.byteimg.com/tos-cn-i-dcdx/2b24862d74c248ca999345985785ab0c~tplv-f042mdwyw7-original:tplv-resize:640:0.image?psm=motor.pc_sh.api,1,0,,,0,0,0,dongchedi_usedcar_series,2026-07-08T21:14:45+08:00
88d3234512ab7366d170a93b,5257,10444,奇瑞QQ,冰淇淋,https://p9-dcd.byteimg.com/tos-cn-i-dcdx/03041128cf6f4d17a2e0a7bd6977895b~tplv-resize:640:0.png?psm=motor.rank.data,3,210,销量榜,6,8,21,29,dongchedi_ranking|dongchedi_usedcar_series,2026-07-08T21:14:45+08:00
eaf91f8d1b4fec914caf7df8,5264,235,思皓,思皓曜,https://p3-dcd.byteimg.com/motor-mis-img/b0e7c4d75f7ffc9bc348ce64fcd62692~tplv-f042mdwyw7-original:tplv-resize:640:0.image?psm=motor.pc_sh.api,1,0,,,0,0,0,dongchedi_usedcar_series,2026-07-08T21:14:45+08:00
af858e41deaec78fee889909,5269,238,欧拉,欧拉好猫GT,https://p9-dcd.byteimg.com/tos-cn-i-dcdx/59618ad55b554882a0328eea030b87c3~tplv-f042mdwyw7-original:tplv-resize:640:0.image?psm=motor.pc_sh.api,1,0,,,0,0,0,dongchedi_usedcar_series,2026-07-08T21:14:45+08:00
53185b700a52448a3423a73c,5273,4,宝马,宝马X5,https://p9-dcd.byteimg.com/tos-cn-i-dcdx/bf84f7f297c74b4ab69467bef101e7e1~tplv-resize:640:0.png?psm=motor.rank.data,3,161,销量榜,3,7,19,26,dongchedi_ranking|dongchedi_usedcar_series,2026-07-08T21:14:45+08:00
02091ca3e6546e0ba79a40c0,5283,174,领克,领克09 EM-P,https://p9-dcd.byteimg.com/tos-cn-i-dcdx/f29a0b794aff4900a5d45b49a9a667e3~tplv-resize:640:0.png?psm=motor.rank.data,3,210,销量榜,36,1,14,15,dongchedi_ranking|dongchedi_usedcar_series,2026-07-08T21:14:45+08:00
a61b9e5d6049a628d238feb2,5284,73,吉利汽车,帝豪L,https://p3-dcd.byteimg.com/motor-mis-img/9d4c08491662991b468d78bfe7991925~tplv-f042mdwyw7-original:tplv-resize:640:0.image?psm=motor.pc_sh.api,1,0,,,0,0,0,dongchedi_usedcar_series,2026-07-08T21:14:45+08:00
3a0fa2aa31216f8b8ed2a927,5288,35,长安,长安UNI-V,https://p9-dcd.byteimg.com/tos-cn-i-dcdx/e3a74f3cd8964a92b00b027e06d4e8ba~tplv-resize:640:0.png?psm=motor.rank.data,3,161,销量榜,40,10,21,29,dongchedi_ranking|dongchedi_usedcar_series,2026-07-08T21:14:45+08:00
25bc436ef36beebac43dd1aa,5290,16,比亚迪,驱逐舰05,https://p9-dcd.byteimg.com/tos-cn-i-dcdx/a3a4ec96429e4371b4ade1e7ee846f09~tplv-resize:640:0.png?psm=motor.rank.data,3,210,销量榜,6,2,17,19,dongchedi_ranking|dongchedi_usedcar_series,2026-07-08T21:14:45+08:00
5da695430292d22e0ac22359,5293,451,电动屋,YOUNG光小新,https://p9-dcd.byteimg.com/tos-cn-i-dcdx/3521e3d04aa24f698224fa2dbc7e335f~tplv-f042mdwyw7-original:tplv-resize:640:0.image?psm=motor.pc_sh.api,1,0,,,0,0,0,dongchedi_usedcar_series,2026-07-08T21:14:45+08:00
93ebadbbb1f91f55e1a562ce,5294,29,英菲尼迪,英菲尼迪QX60,https://p9-dcd.byteimg.com/motor-mis-img/7a627875ede9d3e13c79a4c4218a2d4a~tplv-resize:640:0.png?psm=motor.rank.data,3,218,销量榜,14,6,6,12,dongchedi_ranking|dongchedi_usedcar_series,2026-07-08T21:14:45+08:00
e07ed0f351e794a141a720b6,5295,17,哈弗,哈弗H6S,https://p9-dcd.byteimg.com/motor-mis-img/14ce6311c00e6a48eae19dfedffa60ff~tplv-f042mdwyw7-original:tplv-resize:640:0.image?psm=motor.pc_sh.api,1,0,,,0,0,0,dongchedi_usedcar_series,2026-07-08T21:14:45+08:00
2f15ef6091746db1cb53e205,5296,210,长安跨越,跨越王F3,https://p3-dcd.byteimg.com/tos-cn-i-dcdx/1624e208cc4348ec8487d9e5a818650b~tplv-f042mdwyw7-original:tplv-resize:640:0.image?psm=motor.pc_sh.api,1,0,,,0,0,0,dongchedi_usedcar_series,2026-07-08T21:14:45+08:00
5ba1f0ab31fd690ab41d9b51,5297,238,欧拉,欧拉芭蕾猫,https://p9-dcd.byteimg.com/motor-mis-img/0bedfedf47aa941755f9ae70f4b0233b~tplv-resize:640:0.png?psm=motor.rank.data,3,40,销量榜,170,3,4,7,dongchedi_ranking|dongchedi_usedcar_series,2026-07-08T21:14:45+08:00
b8eb44ac484708eb7ec5ed11,5299,210,长安跨越,跨越星V5 EV,https://p3-dcd.byteimg.com/tos-cn-i-dcdx/36beddfb39ff40b4a75ecb14f92088d6~tplv-f042mdwyw7-original:tplv-resize:640:0.image?psm=motor.pc_sh.api,1,0,,,0,0,0,dongchedi_usedcar_series,2026-07-08T21:14:45+08:00
54c0c23b2a3a74174bfd5b4d,5302,3,奔驰,奔驰GLC(海外),https://p3-dcd.byteimg.com/motor-mis-img/c46864c80863433ee64bc1673cf6e9b3~tplv-f042mdwyw7-original:tplv-resize:640:0.image?psm=motor.pc_sh.api,1,0,,,0,0,0,dongchedi_usedcar_series,2026-07-08T21:14:45+08:00
e63c215e1ec75ace1d64ed8d,5306,515,深蓝汽车,深蓝SL03,https://p9-dcd.byteimg.com/tos-cn-i-dcdx/941ff7aacb454240beedcaab5617960c~tplv-resize:640:0.png?psm=motor.rank.data,3,186,销量榜,87,4,21,25,dongchedi_ranking|dongchedi_usedcar_series,2026-07-08T21:14:45+08:00
b2b018799d7aadc41f7c3d5b,5308,475,阿维塔,阿维塔 11,https://p9-dcd.byteimg.com/tos-cn-i-dcdx/417b54c9b14c4aa1af1ece114bf1f95b~tplv-resize:640:0.png?psm=motor.rank.data,3,290,销量榜,2,6,30,36,dongchedi_ranking|dongchedi_usedcar_series,2026-07-08T21:14:45+08:00
f72107a8ce676b69cf84783a,5312,425,坦克,坦克400,https://p9-dcd.byteimg.com/tos-cn-i-dcdx/a6b49e77976f4587bbb3cfe0ad083a89~tplv-resize:640:0.png?psm=motor.rank.data,3,161,销量榜,56,2,2,4,dongchedi_ranking|dongchedi_usedcar_series,2026-07-08T21:14:45+08:00
d0bdc5078ffa4c6442b86888,5314,19,路虎,揽胜极光PHEV,https://p3-dcd.byteimg.com/tos-cn-i-dcdx/8fdb570f7426485098f3b4d81a457c01~tplv-f042mdwyw7-original:tplv-resize:640:0.image?psm=motor.pc_sh.api,1,0,,,0,0,0,dongchedi_usedcar_series,2026-07-08T21:14:45+08:00
b1179a6f386037cee2037607,5315,344,星驰,铂驰维努斯,https://p9-dcd.byteimg.com/tos-cn-i-dcdx/f6c04c918060439f856be5139daaa178~tplv-f042mdwyw7-original:tplv-resize:640:0.image?psm=motor.pc_sh.api,1,0,,,0,0,0,dongchedi_usedcar_series,2026-07-08T21:14:45+08:00
03fb326394ecdcb51dd593de,5316,512,江淮瑞风,瑞风L5,https://p3-dcd.byteimg.com/motor-mis-img/69b38bc08147acf486f3fcbc98038b50~tplv-f042mdwyw7-original:tplv-resize:640:0.image?psm=motor.pc_sh.api,1,0,,,0,0,0,dongchedi_usedcar_series,2026-07-08T21:14:45+08:00
6cdddc02e06df00c9b0580e6,5320,454,申龙客车,申龙DST神州5号,https://p3-dcd.byteimg.com/motor-mis-img/3624ffe2227c02b2e5990d6192d00e82~tplv-f042mdwyw7-original:tplv-resize:640:0.image?psm=motor.pc_sh.api,1,0,,,0,0,0,dongchedi_usedcar_series,2026-07-08T21:14:45+08:00
95a068b7ea4ae9c4c96a043e,5322,48,smart,smart精灵#1,https://p9-dcd.byteimg.com/tos-cn-i-dcdx/e59930a8849c48fe89708057c51c0762~tplv-resize:640:0.png?psm=motor.rank.data,3,283,销量榜,14,4,16,20,dongchedi_ranking|dongchedi_usedcar_series,2026-07-08T21:14:45+08:00
dd7f282a3253abba56c93ab8,5324,3,奔驰,迈巴赫EQS SUV,https://p3-dcd.byteimg.com/tos-cn-i-dcdx/f8f637995d224834bc0021a46e72db6e~tplv-f042mdwyw7-original:tplv-resize:640:0.image?psm=motor.pc_sh.api,1,0,,,0,0,0,dongchedi_usedcar_series,2026-07-08T21:14:45+08:00
0f0fb50f8d4d41ce3a3187b8,5326,3,奔驰,奔驰纯电G级,https://p3-dcd.byteimg.com/tos-cn-i-dcdx/a31a97e4f78a4795af946118c79eb6bc~tplv-f042mdwyw7-original:tplv-resize:640:0.image?psm=motor.pc_sh.api,1,0,,,0,0,0,dongchedi_usedcar_series,2026-07-08T21:14:45+08:00
4ed7f268b2050f88ab475882,5334,459,百智新能源,百智大熊,https://p9-dcd.byteimg.com/motor-mis-img/05eb24249b823a800141bae742dc6ff2~tplv-f042mdwyw7-original:tplv-resize:640:0.image?psm=motor.pc_sh.api,1,0,,,0,0,0,dongchedi_usedcar_series,2026-07-08T21:14:45+08:00
8e48189e72febef5f0235bea,5335,66,魏牌,拿铁PHEV,https://p3-dcd.byteimg.com/motor-mis-img/725b1dc66ecb6ae5c9b4e9d4d0d7aed6~tplv-f042mdwyw7-original:tplv-resize:640:0.image?psm=motor.pc_sh.api,1,0,,,0,0,0,dongchedi_usedcar_series,2026-07-08T21:14:45+08:00
0226a4d5781f2e6f853c25dd,5339,5,丰田,威飒,https://p9-dcd.byteimg.com/tos-cn-i-dcdx/76d86d7327be4142963e2e6c9382294f~tplv-resize:640:0.png?psm=motor.rank.data,3,218,销量榜,59,10,14,24,dongchedi_ranking|dongchedi_usedcar_series,2026-07-08T21:14:45+08:00
279c1ef526f6878cb72c80ef,5340,9,本田,型格,https://p9-dcd.byteimg.com/tos-cn-i-dcdx/311d3b944f0944f7afca54d615f5ddf1~tplv-resize:640:0.png?psm=motor.rank.data,3,218,销量榜,41,4,27,31,dongchedi_ranking|dongchedi_usedcar_series,2026-07-08T21:14:45+08:00
4c077e3c758dbcba3a8554ed,5343,483,AITO,问界M5,https://p9-dcd.byteimg.com/tos-cn-i-dcdx/284dc9ac306147368522b76dda294d23~tplv-resize:640:0.png?psm=motor.rank.data,3,224,销量榜,3,3,16,19,dongchedi_ranking|dongchedi_usedcar_series,2026-07-08T21:14:45+08:00
ee989a8d0b1f94f91a79091c,5353,264,吉利几何,EX3 功夫牛,https://p3-dcd.byteimg.com/motor-mis-img/dfabb7f730a03aedabc2db4f512a8c41~tplv-f042mdwyw7-original:tplv-resize:640:0.image?psm=motor.pc_sh.api,1,0,,,0,0,0,dongchedi_usedcar_series,2026-07-08T21:14:45+08:00
a0471c1700c0bad3f8366797,5358,30,凯迪拉克,IQ锐歌,https://p9-dcd.byteimg.com/tos-cn-i-dcdx/637b0c3f501249848ac0680886962a15~tplv-resize:640:0.png?psm=motor.rank.data,3,210,销量榜,32,1,4,5,dongchedi_ranking|dongchedi_usedcar_series,2026-07-08T21:14:45+08:00
cb1c0a88213bd1b01e3ba890,5364,2,奥迪,奥迪Q6,https://p9-dcd.byteimg.com/tos-cn-i-dcdx/c3f766c832b04063aa7fe6898656c1e1~tplv-resize:640:0.png?psm=motor.rank.data,3,257,销量榜,2,5,36,41,dongchedi_ranking|dongchedi_usedcar_series,2026-07-08T21:14:45+08:00
b99df0ac80c45320f00679d3,5367,142,凯翼,炫界Pro EV,https://p9-dcd.byteimg.com/motor-mis-img/297b50a8f659602e2fd62223e67c0c2a~tplv-resize:640:0.png?psm=motor.rank.data,3,283,销量榜,68,4,3,7,dongchedi_ranking|dongchedi_usedcar_series,2026-07-08T21:14:45+08:00
ac3679fa1e6dd123caf5e735,5369,5,丰田,锋兰达,https://p9-dcd.byteimg.com/tos-cn-i-dcdx/334cd231b5094a5f914ba7d0d591db05~tplv-resize:640:0.png?psm=motor.rank.data,3,218,销量榜,3,9,25,34,dongchedi_ranking|dongchedi_usedcar_series,2026-07-08T21:14:45+08:00
f0925769ad7fee8452871b78,5374,41,劳斯莱斯,闪灵,https://p9-dcd.byteimg.com/tos-cn-i-dcdx/adc48b8c9828486f9e66be824ce8ed4d~tplv-f042mdwyw7-original:tplv-resize:640:0.image?psm=motor.pc_sh.api,1,0,,,0,0,0,dongchedi_usedcar_series,2026-07-08T21:14:45+08:00
78697870bf5c11fef9bc536e,5378,108,大通,大通V100,https://p3-dcd.byteimg.com/tos-cn-i-dcdx/0263026b7dcb4f23a7bbdbc4b2784014~tplv-f042mdwyw7-original:tplv-resize:640:0.image?psm=motor.pc_sh.api,1,0,,,0,0,0,dongchedi_usedcar_series,2026-07-08T21:14:45+08:00
35bb8b4f6cf831aaaef2eab1,5380,16,比亚迪,比亚迪V3,https://p9-dcd.byteimg.com/motor-mis-img/0d19d440b47acb3dace9b7a6fe180fbf~tplv-f042mdwyw7-original:tplv-resize:640:0.image?psm=motor.pc_sh.api,1,0,,,0,0,0,dongchedi_usedcar_series,2026-07-08T21:14:45+08:00
5e8285c86bb2f6d2ceabc83b,5382,5,丰田,卡罗拉锐放,https://p9-dcd.byteimg.com/tos-cn-i-dcdx/ed29d140eaba4685b466b69482e34e3b~tplv-resize:640:0.png?psm=motor.rank.data,3,218,销量榜,2,6,26,32,dongchedi_ranking|dongchedi_usedcar_series,2026-07-08T21:14:45+08:00
5b0c8cc4c5b131bff0a7c770,5385,384,凌宝汽车,凌宝Uni,https://p9-dcd.byteimg.com/motor-mis-img/f0549e706e22b4bef069b9e470c55ff3~tplv-resize:640:0.png?psm=motor.rank.data,3,210,销量榜,10,3,2,5,dongchedi_ranking|dongchedi_usedcar_series,2026-07-08T21:14:45+08:00
2b992152a3650fbf24fbf9ff,5386,70,东风风行,风行游艇,https://p3-dcd.byteimg.com/motor-mis-img/85a0e84f644c302002af793cd2b3584a~tplv-f042mdwyw7-original:tplv-resize:640:0.image?psm=motor.pc_sh.api,1,0,,,0,0,0,dongchedi_usedcar_series,2026-07-08T21:14:45+08:00
e9b42c294334db4d9a162ed3,5387,9,本田,本田e:NS1,https://p3-dcd.byteimg.com/tos-cn-i-dcdx/0a57ed27aacd44b481e78ac2404d68e1~tplv-f042mdwyw7-original:tplv-resize:640:0.image?psm=motor.pc_sh.api,1,0,,,0,0,0,dongchedi_usedcar_series,2026-07-08T21:14:45+08:00
be454fd170cc298adbcbb474,5388,7,福特,领睿,https://p9-dcd.byteimg.com/tos-cn-i-dcdx/a4bb9d35af694fbd9ba21ba61bdce752~tplv-resize:640:0.png?psm=motor.rank.data,3,275,销量榜,9,14,8,22,dongchedi_ranking|dongchedi_usedcar_series,2026-07-08T21:14:45+08:00
596299dcb4637d4a2e094cd2,5389,95,东风风光,风光MINIEV,https://p9-dcd.byteimg.com/motor-mis-img/d7c240b7c803e1ce776dddab51d26248~tplv-resize:640:0.png?psm=motor.rank.data,3,253,销量榜,11,10,0,10,dongchedi_ranking|dongchedi_usedcar_series,2026-07-08T21:14:45+08:00
7be03cea4a230ed7d31acc5f,5390,95,东风风光,风光380,https://p9-dcd.byteimg.com/motor-mis-img/e87c65ae4c1e522f6a6e6c7eb2ed110d~tplv-resize:640:0.png?psm=motor.rank.data,3,136,销量榜,60,13,0,13,dongchedi_ranking|dongchedi_usedcar_series,2026-07-08T21:14:45+08:00
342b5b9e1cb5e08649eeb3a3,5392,9,本田,e:NP1 极湃1,https://p3-dcd.byteimg.com/tos-cn-i-dcdx/8f1fca2269d94ce289be76e6a2da2dd8~tplv-f042mdwyw7-original:tplv-resize:640:0.image?psm=motor.pc_sh.api,1,0,,,0,0,0,dongchedi_usedcar_series,2026-07-08T21:14:45+08:00
ecdf3bc54fc2116dc0cece85,5407,413,华晨新日,华晨新日i03A,https://p3-dcd.byteimg.com/motor-mis-img/76b290a10547a7aa87424d1f5e02ef78~tplv-f042mdwyw7-original:tplv-resize:640:0.image?psm=motor.pc_sh.api,1,0,,,0,0,0,dongchedi_usedcar_series,2026-07-08T21:14:45+08:00
a2c71e930fab4d46a0e91b60,5408,467,莱茵汽车,莱茵旅行者,https://p3-dcd.byteimg.com/tos-cn-i-dcdx/1fc977aa36b845baa47e391bc9c667c6~tplv-f042mdwyw7-original:tplv-resize:640:0.image?psm=motor.pc_sh.api,1,0,,,0,0,0,dongchedi_usedcar_series,2026-07-08T21:14:45+08:00
699616aaa9cff5eab28fcc98,5409,112,蔚来,蔚来ET5,https://p9-dcd.byteimg.com/tos-cn-i-dcdx/021a6d4c02a74d718f7806e6c7239461~tplv-resize:640:0.png?psm=motor.rank.data,3,283,销量榜,19,6,6,12,dongchedi_ranking|dongchedi_usedcar_series,2026-07-08T21:14:45+08:00
307caa9f8826a99aeeeda174,5416,395,岚图,岚图梦想家 EV,https://p9-dcd.byteimg.com/tos-cn-i-dcdx/02f9cd3ba93a4317821568e954b80d1b~tplv-resize:640:0.png?psm=motor.rank.data,3,210,销量榜,15,10,12,22,dongchedi_ranking|dongchedi_usedcar_series,2026-07-08T21:14:45+08:00
c3f890e0ebb81e22de4b8741,5417,59,红旗,红旗H6,https://p9-dcd.byteimg.com/tos-cn-i-dcdx/9e73ae112bfb43a595a78e593002ac8f~tplv-resize:640:0.png?psm=motor.rank.data,3,218,销量榜,41,14,9,23,dongchedi_ranking|dongchedi_usedcar_series,2026-07-08T21:14:45+08:00
4e510c56e6f43eedeba0b2db,5418,59,红旗,红旗金葵花国耀,https://p9-dcd.byteimg.com/tos-cn-i-dcdx/dec5fbab19784d80b3c932a938582fbe~tplv-resize:640:0.png?psm=motor.rank.data,3,161,销量榜,17,2,2,4,dongchedi_ranking|dongchedi_usedcar_series,2026-07-08T21:14:45+08:00
4d0b5b59b125d354ce2f74a6,5420,3,奔驰,奔驰EQE AMG,https://p3-dcd.byteimg.com/tos-cn-i-dcdx/16330bb2183a4553953ad0bc9051b2b9~tplv-f042mdwyw7-original:tplv-resize:640:0.image?psm=motor.pc_sh.api,1,0,,,0,0,0,dongchedi_usedcar_series,2026-07-08T21:14:45+08:00
56cd1f3864cfb91ebe58b49e,5431,249,高合,高合HiPhi Z,https://p3-dcd.byteimg.com/motor-mis-img/192162a7af84b3b059801c4d261ddeb7~tplv-f042mdwyw7-original:tplv-resize:640:0.image?psm=motor.pc_sh.api,1,0,,,0,0,0,dongchedi_usedcar_series,2026-07-08T21:14:45+08:00
2be49c22138f467c06b69f8f,5438,108,大通,大通G90,https://p9-dcd.byteimg.com/tos-cn-i-dcdx/c16acf5fbaad4abea88c7d738d1091e4~tplv-resize:640:0.png?psm=motor.rank.data,3,218,销量榜,16,3,28,31,dongchedi_ranking|dongchedi_usedcar_series,2026-07-08T21:14:45+08:00
e02f38dcec4192db93bc8094,5439,119,长安欧尚,长安欧尚Z6,https://p9-dcd.byteimg.com/motor-mis-img/252d100a630cf9298e8d357fe7ee8ffc~tplv-resize:640:0.png?psm=motor.rank.data,3,48,销量榜,134,8,5,13,dongchedi_ranking|dongchedi_usedcar_series,2026-07-08T21:14:45+08:00
84036685f45344a27baa9bea,5440,62,林肯,林肯Z,https://p9-dcd.byteimg.com/tos-cn-i-dcdx/f2674c8001064a70bf31f29b0e705276~tplv-resize:640:0.png?psm=motor.rank.data,3,218,销量榜,25,7,26,33,dongchedi_ranking|dongchedi_usedcar_series,2026-07-08T21:14:45+08:00
69661e4c3a351544715bde20,5443,68,北京汽车,魔方,https://p3-dcd.byteimg.com/motor-mis-img/6484b5e44861629ef049ac3c1ce3635b~tplv-f042mdwyw7-original:tplv-resize:640:0.image?psm=motor.pc_sh.api,1,0,,,0,0,0,dongchedi_usedcar_series,2026-07-08T21:14:45+08:00
eb1b64f78c61c5a0b45720d8,5451,4,宝马,宝马i5(进口),https://p3-dcd.byteimg.com/tos-cn-i-dcdx/4ba5b30f23054c0bab2fc3d8cd0775dc~tplv-f042mdwyw7-original:tplv-resize:640:0.image?psm=motor.pc_sh.api,1,0,,,0,0,0,dongchedi_usedcar_series,2026-07-08T21:14:45+08:00
e32f8ce9c9529049f03b9756,5453,70,东风风行,风行S60 EV,https://p3-dcd.byteimg.com/motor-mis-img/c79d1d8bcc01f4d506753193b336fade~tplv-f042mdwyw7-original:tplv-resize:640:0.image?psm=motor.pc_sh.api,1,0,,,0,0,0,dongchedi_usedcar_series,2026-07-08T21:14:45+08:00
4478508b7c65dab502bc95c3,5456,210,长安跨越,跨越星V3,https://p3-dcd.byteimg.com/motor-mis-img/62d049856eaf5ae9f5882b19d853ea5b~tplv-f042mdwyw7-original:tplv-resize:640:0.image?psm=motor.pc_sh.api,1,0,,,0,0,0,dongchedi_usedcar_series,2026-07-08T21:14:45+08:00
48163e05d434e61e4f556dc9,5461,195,小鹏汽车,小鹏G9,https://p9-dcd.byteimg.com/tos-cn-i-dcdx/bb5d5491c1bd40e0968d419316960c25~tplv-resize:640:0.png?psm=motor.rank.data,3,210,销量榜,38,6,14,20,dongchedi_ranking|dongchedi_usedcar_series,2026-07-08T21:14:45+08:00
6df6bdc1eb6fd20af406486a,5468,40,广汽传祺,影酷,https://p9-dcd.byteimg.com/motor-mis-img/fb916563d977a0dcf0ca3a200e4eda73~tplv-resize:640:0.png?psm=motor.rank.data,3,194,销量榜,89,4,4,8,dongchedi_ranking|dongchedi_usedcar_series,2026-07-08T21:14:45+08:00
0ee66ace30d8e23c7eb4fa8e,5472,303,合创汽车,合创V09,https://p3-dcd.byteimg.com/tos-cn-i-dcdx/7326212aa38e48f4983959b242a74c05~tplv-f042mdwyw7-original:tplv-resize:640:0.image?psm=motor.pc_sh.api,1,0,,,0,0,0,dongchedi_usedcar_series,2026-07-08T21:14:45+08:00
84181a2080b2e9dab05f104c,5474,512,江淮瑞风,瑞风E3,https://p9-dcd.byteimg.com/tos-cn-i-dcdx/f4813157829d4a54a960cc3f1dc43476~tplv-resize:640:0.png?psm=motor.rank.data,3,356,销量榜,6,15,0,15,dongchedi_ranking|dongchedi_usedcar_series,2026-07-08T21:14:45+08:00
827990659393dfcadacb99c6,5479,480,伟昊汽车,塞里雅兰V级,https://p3-dcd.byteimg.com/tos-cn-i-dcdx/3e9a2199dcdb442d84e30add01e0a642~tplv-f042mdwyw7-original:tplv-resize:640:0.image?psm=motor.pc_sh.api,1,0,,,0,0,0,dongchedi_usedcar_series,2026-07-08T21:14:45+08:00
e6a5e54429673fb9fc870e0d,5497,22,雷克萨斯,雷克萨斯RZ,https://p3-dcd.byteimg.com/tos-cn-i-dcdx/312e8538e4184ac69a1c3ce1251bbebe~tplv-f042mdwyw7-original:tplv-resize:640:0.image?psm=motor.pc_sh.api,1,0,,,0,0,0,dongchedi_usedcar_series,2026-07-08T21:14:45+08:00
e928248554b561215dd99b81,5503,17,哈弗,哈弗H6 PHEV,https://p9-dcd.byteimg.com/motor-mis-img/f6c414b7d3d6068a4cf97e19b1f7b11f~tplv-f042mdwyw7-original:tplv-resize:640:0.image?psm=motor.pc_sh.api,1,0,,,0,0,0,dongchedi_usedcar_series,2026-07-08T21:14:45+08:00
0e1ba8c7f310af73dfc7bcf0,5520,18,奇瑞,瑞虎8 PRO,https://p3-dcd.byteimg.com/tos-cn-i-dcdx/e0361ae8afc44ce596ab10e90db8a2ce~tplv-f042mdwyw7-original:tplv-resize:640:0.image?psm=motor.pc_sh.api,1,0,,,0,0,0,dongchedi_usedcar_series,2026-07-08T21:14:45+08:00
b36b193eb1a5c16e4c1d0e25,5523,39,五菱汽车,五菱微旅车,https://p3-dcd.byteimg.com/motor-mis-img/4147b0fe82eb7b759194f9bf5fc30798~tplv-f042mdwyw7-original:tplv-resize:640:0.image?psm=motor.pc_sh.api,1,0,,,0,0,0,dongchedi_usedcar_series,2026-07-08T21:14:45+08:00
24beb2810c1335df1346c621,5524,444,北汽瑞翔,北汽瑞翔X3,https://p9-dcd.byteimg.com/motor-mis-img/386ef0d73608e33c81c594b29bc626c6~tplv-f042mdwyw7-original:tplv-resize:640:0.image?psm=motor.pc_sh.api,1,0,,,0,0,0,dongchedi_usedcar_series,2026-07-08T21:14:45+08:00
c55f306876b9dcb4f71a203c,5549,57,福田,福田征服者5,https://p9-dcd.byteimg.com/motor-mis-img/fdf3e2d72ced29b79b055d73e77e76d1~tplv-f042mdwyw7-original:tplv-resize:640:0.image?psm=motor.pc_sh.api,1,0,,,0,0,0,dongchedi_usedcar_series,2026-07-08T21:14:45+08:00
6ba0649eb6c9b0c2f4eae2a3,5553,162,中国重汽VGV,VGV VX7,https://p3-dcd.byteimg.com/tos-cn-i-dcdx/e76638707cd54611bc2ec6d0f0a98791~tplv-f042mdwyw7-original:tplv-resize:640:0.image?psm=motor.pc_sh.api,1,0,,,0,0,0,dongchedi_usedcar_series,2026-07-08T21:14:45+08:00
3ad4337f688f24b950556109,5557,37,东风风神,皓极,https://p9-dcd.byteimg.com/tos-cn-i-dcdx/ee29584a0d5a40938e8dbbefc9f3c73f~tplv-resize:640:0.png?psm=motor.rank.data,3,161,销量榜,83,4,7,11,dongchedi_ranking|dongchedi_usedcar_series,2026-07-08T21:14:45+08:00
6e87360e13dd5fff4e15430b,5561,52,北京越野,北京越野BJ60,https://p9-dcd.byteimg.com/tos-cn-i-dcdx/0087942025b04295b04efa7c84472d8b~tplv-resize:640:0.png?psm=motor.rank.data,3,161,销量榜,80,5,2,7,dongchedi_ranking|dongchedi_usedcar_series,2026-07-08T21:14:45+08:00
f299541d89cac0e99afb684f,5563,209,捷途,捷途旅行者,https://p9-dcd.byteimg.com/tos-cn-i-dcdx/092556c4041e4aa5b62e6990c98f0ffa~tplv-resize:640:0.png?psm=motor.rank.data,3,275,销量榜,28,29,8,37,dongchedi_ranking|dongchedi_usedcar_series,2026-07-08T21:14:45+08:00
9b0e25538594de34321b8d88,5565,157,SWM斯威汽车,斯威大虎,https://p9-dcd.byteimg.com/tos-cn-i-dcdx/990041f28bdc42a5984041d8bcaf1782~tplv-resize:640:0.png?psm=motor.rank.data,2,161,销量榜,55,2,10,12,dongchedi_ranking,2026-07-08T21:14:45+08:00
1a67c9981f23344869fc4ed5,5567,251,星途,星途追风C-DM,https://p9-dcd.byteimg.com/tos-cn-i-dcdx/706fe3524bd448329cfccb226e168c57~tplv-resize:640:0.png?psm=motor.rank.data,3,40,销量榜,113,3,5,8,dongchedi_ranking|dongchedi_usedcar_series,2026-07-08T21:14:45+08:00
3c158d35ce8cfc8a0fc560cc,5570,5,丰田,广汽丰田bZ4X,https://p3-dcd.byteimg.com/tos-cn-i-dcdx/c15e3e55b5a441e39a4f86689371703c~tplv-f042mdwyw7-original:tplv-resize:640:0.image?psm=motor.pc_sh.api,1,0,,,0,0,0,dongchedi_usedcar_series,2026-07-08T21:14:45+08:00
6a4ab62c4f3fcdb33bc22fd0,5573,210,长安跨越,跨越星V7,https://p3-dcd.byteimg.com/motor-mis-img/a365b47bc29209a233b7061d68ac5fc7~tplv-f042mdwyw7-original:tplv-resize:640:0.image?psm=motor.pc_sh.api,1,0,,,0,0,0,dongchedi_usedcar_series,2026-07-08T21:14:45+08:00
6aa8175ad6524f3586710171,5579,16,比亚迪,海豹,https://p9-dcd.byteimg.com/tos-cn-i-dcdx/d84891563f414575a52c8ee687f7a3ba~tplv-resize:640:0.png?psm=motor.rank.data,3,283,销量榜,56,4,18,22,dongchedi_ranking|dongchedi_usedcar_series,2026-07-08T21:14:45+08:00
6183194a733156c6ca812397,5580,373,东风富康,富康ES600,https://p3-dcd.byteimg.com/motor-mis-img/9d0422fde61435579a20862d9847eecf~tplv-f042mdwyw7-original:tplv-resize:640:0.image?psm=motor.pc_sh.api,1,0,,,0,0,0,dongchedi_usedcar_series,2026-07-08T21:14:45+08:00
1b3207060a99ffc1dff962d6,5589,57,福田,大将军F9,https://p9-dcd.byteimg.com/motor-mis-img/1f7b85a00a5392aa13a2a35726804be3~tplv-f042mdwyw7-original:tplv-resize:640:0.image?psm=motor.pc_sh.api,1,0,,,0,0,0,dongchedi_usedcar_series,2026-07-08T21:14:45+08:00
a5e5441960c348f770c75503,5768,502,庞蒂亚克,火鸟,https://p3-dcd.byteimg.com/tos-cn-i-dcdx/acfc2ee52b124557a7ae11bd14a575cb~tplv-f042mdwyw7-original:tplv-resize:640:0.image?psm=motor.pc_sh.api,1,0,,,0,0,0,dongchedi_usedcar_series,2026-07-08T21:14:45+08:00
32bed0a588b44541120c39fa,5788,78,北京汽车制造厂,元宝,https://p3-dcd.byteimg.com/motor-mis-img/99bb51329fafa5120ad763c8e97a3c22~tplv-f042mdwyw7-original:tplv-resize:640:0.image?psm=motor.pc_sh.api,1,0,,,0,0,0,dongchedi_usedcar_series,2026-07-08T21:14:45+08:00
0a4d92d4d47a7aead59ebb15,5790,140,金龙,龙耀6,https://p3-dcd.byteimg.com/motor-mis-img/14ee3d78d3ba94e6432d9be829eceb14~tplv-f042mdwyw7-original:tplv-resize:640:0.image?psm=motor.pc_sh.api,1,0,,,0,0,0,dongchedi_usedcar_series,2026-07-08T21:14:45+08:00
8e86c17f3ebf78eb0537ac1c,5794,308,远程汽车,远程星享V,https://p9-dcd.byteimg.com/tos-cn-i-dcdx/47b977f43b284a8b9b8174a6b38350d6~tplv-f042mdwyw7-original:tplv-resize:640:0.image?psm=motor.pc_sh.api,1,0,,,0,0,0,dongchedi_usedcar_series,2026-07-08T21:14:45+08:00
26a7bceadd5262ffa02986c5,5802,70,东风风行,风行雷霆,https://p9-dcd.byteimg.com/tos-cn-i-dcdx/164c73cdd306417c9de49b976bd75712~tplv-resize:640:0.png?psm=motor.rank.data,3,66,销量榜,123,11,3,14,dongchedi_ranking|dongchedi_usedcar_series,2026-07-08T21:14:45+08:00
5259ad4102886581786df0ca,5805,3,奔驰,奔驰EQS SUV,https://p3-dcd.byteimg.com/tos-cn-i-dcdx/5d68ad78648a442c8ce9897316603198~tplv-f042mdwyw7-original:tplv-resize:640:0.image?psm=motor.pc_sh.api,1,0,,,0,0,0,dongchedi_usedcar_series,2026-07-08T21:14:45+08:00
1875bd8eddc7c9821e1a46b2,5807,508,LIMGENE凌际,凌际星云,https://p3-dcd.byteimg.com/tos-cn-i-dcdx/18e9fe99dc66427c82eae821bb090c1c~tplv-f042mdwyw7-original:tplv-resize:640:0.image?psm=motor.pc_sh.api,1,0,,,0,0,0,dongchedi_usedcar_series,2026-07-08T21:14:45+08:00
af2eb5c386ec7d966da5e237,5813,3,奔驰,奔驰EQE,https://p9-dcd.byteimg.com/tos-cn-i-dcdx/0a6964c2e7704d4993696d00b34f6d43~tplv-resize:640:0.png?psm=motor.rank.data,3,60,销量榜,25,6,3,9,dongchedi_ranking|dongchedi_usedcar_series,2026-07-08T21:14:45+08:00
8cb624da46c6d24c83797241,5817,264,吉利几何,吉利几何E萤火虫,https://p9-dcd.byteimg.com/tos-cn-i-dcdx/ab171bed6a464941a57445172e7bf752~tplv-resize:640:0.png?psm=motor.rank.data,3,192,销量榜,48,5,7,12,dongchedi_ranking|dongchedi_usedcar_series,2026-07-08T21:14:45+08:00
a8a8d480649efe0ef9786eee,5818,36,荣威,荣威iMAX8 EV,https://p9-dcd.byteimg.com/motor-mis-img/9939c7a9f9fe0f62a15eb3c074b52123~tplv-resize:640:0.png?psm=motor.rank.data,3,30,销量榜,56,5,0,5,dongchedi_ranking|dongchedi_usedcar_series,2026-07-08T21:14:45+08:00
a4af5910390c43c59833618b,5819,112,蔚来,蔚来ES7,https://p9-dcd.byteimg.com/tos-cn-i-dcdx/48a676fa984646078293ec9d53c6968b~tplv-f042mdwyw7-original:tplv-resize:640:0.image?psm=motor.pc_sh.api,1,0,,,0,0,0,dongchedi_usedcar_series,2026-07-08T21:14:45+08:00
805e55a160d5eada3ffe5e8c,5820,483,AITO,问界M7,https://p9-dcd.byteimg.com/tos-cn-i-dcdx/f0139587d2084e03a6a9ab6e8db0fcf7~tplv-resize:640:0.png?psm=motor.rank.data,3,290,销量榜,1,26,18,44,dongchedi_ranking|dongchedi_usedcar_series,2026-07-08T21:14:45+08:00
11d09308e93696e4d232ca9a,5825,85,莲花跑车,Eletre,https://p3-dcd.byteimg.com/tos-cn-i-dcdx/e3c7c0ac9b76497ea86f2809f21e8c32~tplv-f042mdwyw7-original:tplv-resize:640:0.image?psm=motor.pc_sh.api,1,0,,,0,0,0,dongchedi_usedcar_series,2026-07-08T21:14:45+08:00
8de12b9ace13e033cb9ef663,5827,39,五菱汽车,五菱佳辰,https://p9-dcd.byteimg.com/motor-mis-img/1d111f4c68dbfde0d1fd3c455a3a2db7~tplv-resize:640:0.png?psm=motor.rank.data,3,218,销量榜,8,8,0,8,dongchedi_ranking|dongchedi_usedcar_series,2026-07-08T21:14:45+08:00
402dce509c390760d19cbb1e,5828,34,名爵,MG4,https://p9-dcd.byteimg.com/tos-cn-i-dcdx/e6605595e9bf4be5a6234f27ecfaadd9~tplv-resize:640:0.png?psm=motor.rank.data,3,283,销量榜,1,11,9,20,dongchedi_ranking|dongchedi_usedcar_series,2026-07-08T21:14:45+08:00
11eaf21dee8f040f7fbf2aaf,5830,425,坦克,坦克500 Hi4-T,https://p9-dcd.byteimg.com/tos-cn-i-dcdx/9c530ffa51da4ee49ac7ee6fa60771b4~tplv-resize:640:0.png?psm=motor.rank.data,3,210,销量榜,11,3,3,6,dongchedi_ranking|dongchedi_usedcar_series,2026-07-08T21:14:45+08:00
15f9fab428c878cd440eac80,5832,196,Polestar极星,Polestar 4,https://p9-dcd.byteimg.com/tos-cn-i-dcdx/f988314f0c76400d90413050f101de37~tplv-resize:640:0.png?psm=motor.rank.data,3,27,销量榜,125,2,10,12,dongchedi_ranking|dongchedi_usedcar_series,2026-07-08T21:14:45+08:00
4645ff0a3ae73005f65e3db8,5833,108,大通,大通T90房车,https://p3-dcd.byteimg.com/motor-mis-img/f6b5072f21ad7cc2e7689442b38f6edb~tplv-f042mdwyw7-original:tplv-resize:640:0.image?psm=motor.pc_sh.api,1,0,,,0,0,0,dongchedi_usedcar_series,2026-07-08T21:14:45+08:00
22fcf6f2301ffc86ee207455,5834,453,RAM,RAM 1500 Rev,https://p3-dcd.byteimg.com/tos-cn-i-dcdx/4be2fc2d3fcb40819f97ba1969dd9533~tplv-f042mdwyw7-original:tplv-resize:640:0.image?psm=motor.pc_sh.api,1,0,,,0,0,0,dongchedi_usedcar_series,2026-07-08T21:14:45+08:00
19fe44b7cf011f5bbe5b9c6d,5840,91,东风,御风EM26,https://p3-dcd.byteimg.com/tos-cn-i-dcdx/4b815935e91840b7bcf49b62875e6827~tplv-f042mdwyw7-original:tplv-resize:640:0.image?psm=motor.pc_sh.api,1,0,,,0,0,0,dongchedi_usedcar_series,2026-07-08T21:14:45+08:00
437a9be351950f9b1735f592,5842,159,腾势,腾势D9 EV,https://p9-dcd.byteimg.com/tos-cn-i-dcdx/630c66f7b21a46f0bdae2a34d1e55bab~tplv-resize:640:0.png?psm=motor.rank.data,3,210,销量榜,11,7,6,13,dongchedi_ranking|dongchedi_usedcar_series,2026-07-08T21:14:45+08:00
e09ec25ae84234c1e5c02974,5843,159,腾势,腾势D9 DM,https://p9-dcd.byteimg.com/tos-cn-i-dcdx/a8bc20def6f04e0194fa0adc34df430b~tplv-resize:640:0.png?psm=motor.rank.data,3,210,销量榜,3,6,17,23,dongchedi_ranking|dongchedi_usedcar_series,2026-07-08T21:14:45+08:00
078d61b9e7c63555f4f3db33,5845,202,理想汽车,理想L6,https://p9-dcd.byteimg.com/tos-cn-i-dcdx/0cd0f362cc6440b4aff4feed0532f12f~tplv-resize:640:0.png?psm=motor.rank.data,3,210,销量榜,1,2,2,4,dongchedi_ranking|dongchedi_usedcar_series,2026-07-08T21:14:45+08:00
55e0d5f334b379ab7031b676,5847,16,比亚迪,护卫舰07,https://p9-dcd.byteimg.com/tos-cn-i-dcdx/2913aee83b70474581c53128d4140b91~tplv-f042mdwyw7-original:tplv-resize:640:0.image?psm=motor.pc_sh.api,1,0,,,0,0,0,dongchedi_usedcar_series,2026-07-08T21:14:45+08:00
ecb9584dccb996518031db4d,5848,34,名爵,MG5天蝎座,https://p3-dcd.byteimg.com/motor-mis-img/69a9bcc0d2d479ebb17ad4c7ce4b9728~tplv-f042mdwyw7-original:tplv-resize:640:0.image?psm=motor.pc_sh.api,1,0,,,0,0,0,dongchedi_usedcar_series,2026-07-08T21:14:45+08:00
92efecbf730c63315eb88100,5850,191,国金汽车,骏行,https://p3-dcd.byteimg.com/motor-mis-img/7572d244ec05df6da9e5cd6279557e93~tplv-f042mdwyw7-original:tplv-resize:640:0.image?psm=motor.pc_sh.api,1,0,,,0,0,0,dongchedi_usedcar_series,2026-07-08T21:14:45+08:00
0d09cec08952f025387916c5,5852,18,奇瑞,艾瑞泽8,https://p9-dcd.byteimg.com/tos-cn-i-dcdx/c98a0ac532b542958b9970362fa2c378~tplv-resize:640:0.png?psm=motor.rank.data,3,218,销量榜,7,11,15,26,dongchedi_ranking|dongchedi_usedcar_series,2026-07-08T21:14:45+08:00
548c5e41ffbeed13c8063776,5854,91,东风,锐骐7,https://p3-dcd.byteimg.com/tos-cn-i-dcdx/5375ee9b1a8048fe8a2410aef7a58bc4~tplv-f042mdwyw7-original:tplv-resize:640:0.image?psm=motor.pc_sh.api,1,0,,,0,0,0,dongchedi_usedcar_series,2026-07-08T21:14:45+08:00
64c0904300a3cbe73d5ce83d,5855,139,开瑞,江豚,https://p9-dcd.byteimg.com/motor-mis-img/67d72edf302280a0e19b953021cac3cc~tplv-resize:640:0.png?psm=motor.rank.data,3,185,销量榜,11,7,4,11,dongchedi_ranking|dongchedi_usedcar_series,2026-07-08T21:14:45+08:00
d410395e641dc1d4eb50dc53,5857,119,长安欧尚,长安欧尚Z6 iDD新能源,https://p3-dcd.byteimg.com/tos-cn-i-dcdx/9d2a56308a184ed89115a0b35d840d2e~tplv-f042mdwyw7-original:tplv-resize:640:0.image?psm=motor.pc_sh.api,1,0,,,0,0,0,dongchedi_usedcar_series,2026-07-08T21:14:45+08:00
63ee68f6b46c320bdbc8fe1e,5858,5,丰田,格瑞维亚,https://p9-dcd.byteimg.com/tos-cn-i-dcdx/49e1392bcbbb4657a97e08b658891ced~tplv-resize:640:0.png?psm=motor.rank.data,3,218,销量榜,2,15,17,32,dongchedi_ranking|dongchedi_usedcar_series,2026-07-08T21:14:45+08:00
a09801fbd4da046da439d509,5859,870,长安启源,长安Lumin,https://p9-dcd.byteimg.com/tos-cn-i-dcdx/5f42a6e07fd54fd8b6a02eb1e44bc218~tplv-resize:640:0.png?psm=motor.rank.data,3,283,销量榜,2,9,10,19,dongchedi_ranking|dongchedi_usedcar_series,2026-07-08T21:14:45+08:00
a1416f9d808f774582c213f8,5860,5,丰田,一汽丰田bZ4X,https://p3-dcd.byteimg.com/motor-mis-img/189c3b232b99c56e0bfb8f4a5acc800b~tplv-f042mdwyw7-original:tplv-resize:640:0.image?psm=motor.pc_sh.api,1,0,,,0,0,0,dongchedi_usedcar_series,2026-07-08T21:14:45+08:00
706f31eb7a48cf72cedad784,5871,368,创维汽车,创维HT-i,https://p9-dcd.byteimg.com/tos-cn-i-dcdx/d8e8ac418d1a43228421f53898ed09af~tplv-resize:640:0.png?psm=motor.rank.data,3,356,销量榜,42,11,49,60,dongchedi_ranking|dongchedi_usedcar_series,2026-07-08T21:14:45+08:00
5a9f5630579d4c5447806213,5872,73,吉利汽车,帝豪L HiP,https://p3-dcd.byteimg.com/tos-cn-i-dcdx/5444faecb0bf45299f276c539cd2dbb6~tplv-f042mdwyw7-original:tplv-resize:640:0.image?psm=motor.pc_sh.api,1,0,,,0,0,0,dongchedi_usedcar_series,2026-07-08T21:14:45+08:00
00a0596b50cec710ac745233,5873,8,长城,金刚炮,https://p3-dcd.byteimg.com/tos-cn-i-dcdx/970f13d93e064993abbe696513479baa~tplv-f042mdwyw7-original:tplv-resize:640:0.image?psm=motor.pc_sh.api,1,0,,,0,0,0,dongchedi_usedcar_series,2026-07-08T21:14:45+08:00
49e85456b0c65feab2e95cd3,5878,426,极氪,ZEEKR 009,https://p9-dcd.byteimg.com/tos-cn-i-dcdx/ff38fe497faf47a5bfeec1a95272f0ed~tplv-resize:640:0.png?psm=motor.rank.data,3,283,销量榜,2,11,4,15,dongchedi_ranking|dongchedi_usedcar_series,2026-07-08T21:14:45+08:00
7ed1cb7dce27423280a9dea3,5886,78,北京汽车制造厂,锐胜王牌M7,https://p9-dcd.byteimg.com/tos-cn-i-dcdx/9ab40d5c662d43be9e3e28282ab17ad7~tplv-resize:640:0.png?psm=motor.rank.data,3,275,销量榜,4,49,114,163,dongchedi_ranking|dongchedi_usedcar_series,2026-07-08T21:14:45+08:00
b7bf669fdada0686f17956e9,5887,78,北京汽车制造厂,锐胜王牌EM7,https://p9-dcd.byteimg.com/tos-cn-i-dcdx/37620bc5aa0549279ee9d3e0ee8e3ff6~tplv-resize:640:0.png?psm=motor.rank.data,3,429,销量榜,6,46,26,72,dongchedi_ranking|dongchedi_usedcar_series,2026-07-08T21:14:45+08:00
ef42b38cc40b6f94dc1ed19d,5888,461,奇瑞新能源,无界Pro,https://p3-dcd.byteimg.com/tos-cn-i-dcdx/43d183c57f8343339359a58dd2d7c8d8~tplv-f042mdwyw7-original:tplv-resize:640:0.image?psm=motor.pc_sh.api,1,0,,,0,0,0,dongchedi_usedcar_series,2026-07-08T21:14:45+08:00
084bb8ad89ce7037543efa4b,5889,18,奇瑞,瑞虎8 PRO PHEV,https://p3-dcd.byteimg.com/tos-cn-i-dcdx/fa67b1cacd744ffabbf46bf40545962a~tplv-f042mdwyw7-original:tplv-resize:640:0.image?psm=motor.pc_sh.api,1,0,,,0,0,0,dongchedi_usedcar_series,2026-07-08T21:14:45+08:00
8df35cefaee21cb21dc655db,5895,10,日产,ARIYA 艾睿雅,https://p9-dcd.byteimg.com/motor-mis-img/c16b1a2dfa6203ff91b2a3d20e20bceb~tplv-resize:640:0.png?psm=motor.rank.data,3,30,销量榜,193,5,4,9,dongchedi_ranking|dongchedi_usedcar_series,2026-07-08T21:14:45+08:00
dcb40576871bb85899444ebe,5896,39,五菱汽车,五菱Air ev晴空,https://p9-dcd.byteimg.com/tos-cn-i-dcdx/8c27ef5a5a234a1d8d74da44fb388893~tplv-resize:640:0.png?psm=motor.rank.data,3,9,销量榜,161,4,0,4,dongchedi_ranking|dongchedi_usedcar_series,2026-07-08T21:14:45+08:00
26f5977592c37d3720331c45,5897,6,雪佛兰,星迈罗,https://p9-dcd.byteimg.com/tos-cn-i-dcdx/22c5222e523c4453bfe543e8304e54b3~tplv-resize:640:0.png?psm=motor.rank.data,3,8,销量榜,273,7,0,7,dongchedi_ranking|dongchedi_usedcar_series,2026-07-08T21:14:45+08:00
e44b1360ee09a087b4bea95d,5898,136,江铃集团新能源,易至EV2,https://p9-dcd.byteimg.com/tos-cn-i-dcdx/1b555b0a37b24a7a9a96665ce130381c~tplv-resize:640:0.png?psm=motor.rank.data,3,273,销量榜,7,5,4,9,dongchedi_ranking|dongchedi_usedcar_series,2026-07-08T21:14:45+08:00
8cc25fb288f33735cb359357,5905,59,红旗,红旗HQ9,https://p9-dcd.byteimg.com/motor-mis-img/b690e5fd5c48d8da3726a893a2d296cf~tplv-resize:640:0.png?psm=motor.rank.data,3,218,销量榜,9,6,5,11,dongchedi_ranking|dongchedi_usedcar_series,2026-07-08T21:14:45+08:00
032a5d34003fb3900796414d,5907,209,捷途,捷途大圣i-DM,https://p9-dcd.byteimg.com/motor-mis-img/5a5c0c454597739f799050109820d01c~tplv-f042mdwyw7-original:tplv-resize:640:0.image?psm=motor.pc_sh.api,1,0,,,0,0,0,dongchedi_usedcar_series,2026-07-08T21:14:45+08:00
480c4fca3e35c5728307336f,5910,477,新吉奥汽车,吉奥帅凌,https://p9-dcd.byteimg.com/motor-mis-img/51ad5683f45b74ba5525546561f652d2~tplv-f042mdwyw7-original:tplv-resize:640:0.image?psm=motor.pc_sh.api,1,0,,,0,0,0,dongchedi_usedcar_series,2026-07-08T21:14:45+08:00
2cef7c0f3836f63c3a3c9cc0,5911,381,睿蓝汽车,睿蓝X3 PRO,https://p9-dcd.byteimg.com/tos-cn-i-dcdx/d326a4f1d98f42e69d2d69e4fec18c6c~tplv-resize:640:0.png?psm=motor.rank.data,3,48,销量榜,7,2,4,6,dongchedi_ranking|dongchedi_usedcar_series,2026-07-08T21:14:45+08:00
114da3b1de0c7aeaae05bf9d,5912,9,本田,ZR-V 致在,https://p3-dcd.byteimg.com/tos-cn-i-dcdx/d59738a62f53451bbcf05a4bc6bd907c~tplv-f042mdwyw7-original:tplv-resize:640:0.image?psm=motor.pc_sh.api,1,0,,,0,0,0,dongchedi_usedcar_series,2026-07-08T21:14:45+08:00
e756b9816ec944704fa8922e,5919,47,宾利,欧陆PHEV,https://p3-dcd.byteimg.com/tos-cn-i-dcdx/fc7784f619b546aca34895a90d9ce0ca~tplv-f042mdwyw7-original:tplv-resize:640:0.image?psm=motor.pc_sh.api,1,0,,,0,0,0,dongchedi_usedcar_series,2026-07-08T21:14:45+08:00
5fef8d23f861188c776236fb,5921,20,保时捷,Macan EV,https://p9-dcd.byteimg.com/tos-cn-i-dcdx/4fe6b3a1c54c44fe8de1b872ab1ed153~tplv-f042mdwyw7-original:tplv-resize:640:0.image?psm=motor.pc_sh.api,1,0,,,0,0,0,dongchedi_usedcar_series,2026-07-08T21:14:45+08:00
238a8fafafaafde37fa4bb04,5923,35,长安,长安UNI-V 智电iDD,https://p9-dcd.byteimg.com/tos-cn-i-dcdx/2795607979c740fa8e2e985fb2dc1a88~tplv-resize:640:0.png?psm=motor.rank.data,3,45,销量榜,94,3,3,6,dongchedi_ranking|dongchedi_usedcar_series,2026-07-08T21:14:45+08:00
a5e4f73736c68c75105a4790,5924,395,岚图,岚图梦想家 PHEV,https://p9-dcd.byteimg.com/tos-cn-i-dcdx/61732b2c7a5548e7bee29f8cd4f2a617~tplv-resize:640:0.png?psm=motor.rank.data,3,283,销量榜,1,14,9,23,dongchedi_ranking|dongchedi_usedcar_series,2026-07-08T21:14:45+08:00
be584eac1a89f8562a3095f8,5929,1,大众,揽巡,https://p9-dcd.byteimg.com/tos-cn-i-dcdx/c6f5423785fd4fe7a919c455ef317ad5~tplv-resize:640:0.png?psm=motor.rank.data,3,161,销量榜,40,10,17,27,dongchedi_ranking|dongchedi_usedcar_series,2026-07-08T21:14:45+08:00
2b40b9ee1eaca47b20d0c993,5931,193,鑫源汽车,金海狮M,https://p3-dcd.byteimg.com/motor-mis-img/8ed33c7db8309b7f662944970513fe30~tplv-f042mdwyw7-original:tplv-resize:640:0.image?psm=motor.pc_sh.api,1,0,,,0,0,0,dongchedi_usedcar_series,2026-07-08T21:14:45+08:00
6fd9fbe91bd6bdc9c6830386,5934,53,海马,海马7X-E,https://p9-dcd.byteimg.com/motor-mis-img/83764d01c17f4ed726bfa1c8da24270c~tplv-resize:640:0.png?psm=motor.rank.data,2,27,销量榜,63,3,0,3,dongchedi_ranking,2026-07-08T21:14:45+08:00
42432a9ca0761d5499facd1c,5935,12,别克,世纪,https://p9-dcd.byteimg.com/tos-cn-i-dcdx/4864f2d050a34132b0c932f37dd63821~tplv-resize:640:0.png?psm=motor.rank.data,3,218,销量榜,4,7,5,12,dongchedi_ranking|dongchedi_usedcar_series,2026-07-08T21:14:45+08:00
90682a929390723a69e79e1f,5952,16,比亚迪,海鸥,https://p9-dcd.byteimg.com/tos-cn-i-dcdx/06d44bd3f3354beda202de7b482b0694~tplv-resize:640:0.png?psm=motor.rank.data,3,210,销量榜,5,8,9,17,dongchedi_ranking|dongchedi_usedcar_series,2026-07-08T21:14:45+08:00
fbdbd4154f0a8c0e454b964e,5953,251,星途,星途瑶光,https://p9-dcd.byteimg.com/tos-cn-i-dcdx/8e73e907c6f6485dacc9f8532a541841~tplv-resize:640:0.png?psm=motor.rank.data,3,218,销量榜,82,3,13,16,dongchedi_ranking|dongchedi_usedcar_series,2026-07-08T21:14:45+08:00
6a56b6111658bc7fb933a5ee,5957,516,金杯新能源,新海狮 EV,https://p3-dcd.byteimg.com/tos-cn-i-dcdx/dda7d554c89446eda5c2d467b149ee03~tplv-f042mdwyw7-original:tplv-resize:640:0.image?psm=motor.pc_sh.api,1,0,,,0,0,0,dongchedi_usedcar_series,2026-07-08T21:14:45+08:00
bd1de09695e0968653be049c,5964,57,福田,精灵智蓝,https://p9-dcd.byteimg.com/tos-cn-i-dcdx/0b2e0c6d57e74ce187f0e6f62785c5db~tplv-f042mdwyw7-original:tplv-resize:640:0.image?psm=motor.pc_sh.api,1,0,,,0,0,0,dongchedi_usedcar_series,2026-07-08T21:14:45+08:00
e0152b43941f8a82823d0516,5965,22,雷克萨斯,雷克萨斯RX PHEV,https://p3-dcd.byteimg.com/tos-cn-i-dcdx/fd64ffbcd92b4ad28a993aec1ba7285d~tplv-f042mdwyw7-original:tplv-resize:640:0.image?psm=motor.pc_sh.api,1,0,,,0,0,0,dongchedi_usedcar_series,2026-07-08T21:14:45+08:00
e760460b280569d1e35b7645,5967,489,极越,极越01,https://p9-dcd.byteimg.com/tos-cn-i-dcdx/f73c60325bef4f98b00f280bfc238a4f~tplv-f042mdwyw7-original:tplv-resize:640:0.image?psm=motor.pc_sh.api,1,0,,,0,0,0,dongchedi_usedcar_series,2026-07-08T21:14:45+08:00
eb478b2f888849fdadfec0f6,5968,417,东风纳米,纳米BOX,https://p3-dcd.byteimg.com/tos-cn-i-dcdx/49485a6aaae1402388ea2f897d97f5a7~tplv-f042mdwyw7-original:tplv-resize:640:0.image?psm=motor.pc_sh.api,1,0,,,0,0,0,dongchedi_usedcar_series,2026-07-08T21:14:45+08:00
e2dcb9e65dafc72e1984cfc0,5969,3,奔驰,奔驰C级AMG PHEV,https://p3-dcd.byteimg.com/motor-mis-img/0be031dfb4d94dc3f97d0a8ac5131d27~tplv-f042mdwyw7-original:tplv-resize:640:0.image?psm=motor.pc_sh.api,1,0,,,0,0,0,dongchedi_usedcar_series,2026-07-08T21:14:45+08:00
1fb8913016f2ab18dc1bdbb9,5972,405,克蒂汽车,克蒂帝亚,https://p9-dcd.byteimg.com/tos-cn-i-dcdx/c1ef30322f5b4995aec269042ad5e74d~tplv-f042mdwyw7-original:tplv-resize:640:0.image?psm=motor.pc_sh.api,1,0,,,0,0,0,dongchedi_usedcar_series,2026-07-08T21:14:45+08:00
52f53197a6b0095d33b21582,5978,30,凯迪拉克,凯迪拉克GT4,https://p9-dcd.byteimg.com/tos-cn-i-dcdx/6db297a9abf54fcb86895a89462201a4~tplv-resize:640:0.png?psm=motor.rank.data,3,218,销量榜,57,4,0,4,dongchedi_ranking|dongchedi_usedcar_series,2026-07-08T21:14:45+08:00
cb487adddbc93f533d4d5231,5980,12,别克,昂扬,https://p9-dcd.byteimg.com/tos-cn-i-dcdx/83dfea1c6d9a4ca6a1d324a8c13ae3e6~tplv-f042mdwyw7-original:tplv-resize:640:0.image?psm=motor.pc_sh.api,1,0,,,0,0,0,dongchedi_usedcar_series,2026-07-08T21:14:45+08:00
9a8b78cea83c276ddd50e29f,5982,39,五菱汽车,五菱星驰,https://p9-dcd.byteimg.com/tos-cn-i-dcdx/5eb191fe36b642aa89fcab3ee557b0b9~tplv-resize:640:0.png?psm=motor.rank.data,3,161,销量榜,46,2,7,9,dongchedi_ranking|dongchedi_usedcar_series,2026-07-08T21:14:45+08:00
41fb26bba09429fd471d3049,5992,61,标致,标致408X,https://p9-dcd.byteimg.com/tos-cn-i-dcdx/4211faff193940beab4af0d54f89ec2d~tplv-resize:640:0.png?psm=motor.rank.data,3,161,销量榜,64,3,8,11,dongchedi_ranking|dongchedi_usedcar_series,2026-07-08T21:14:45+08:00
cea4a6e2c154561d5a87813e,5997,381,睿蓝汽车,睿蓝7,https://p9-dcd.byteimg.com/tos-cn-i-dcdx/34076f95094b48af8c6835540dd8227d~tplv-resize:640:0.png?psm=motor.rank.data,3,283,销量榜,70,9,6,15,dongchedi_ranking|dongchedi_usedcar_series,2026-07-08T21:14:45+08:00
965c27e0eb3316d488bcb3e7,6000,108,大通,大家5 PLUG IN,https://p3-dcd.byteimg.com/motor-mis-img/4f42d5ff30f94ef4c7da101045312782~tplv-f042mdwyw7-original:tplv-resize:640:0.image?psm=motor.pc_sh.api,1,0,,,0,0,0,dongchedi_usedcar_series,2026-07-08T21:14:45+08:00
885b8f078813cb21f78df791,6003,381,睿蓝汽车,睿蓝9,https://p3-dcd.byteimg.com/tos-cn-i-dcdx/7575b7c9d59f478391ec644c2ae07201~tplv-f042mdwyw7-original:tplv-resize:640:0.image?psm=motor.pc_sh.api,1,0,,,0,0,0,dongchedi_usedcar_series,2026-07-08T21:14:45+08:00
2328c41669935ef782330f49,6013,78,北京汽车制造厂,卡路里F7,https://p3-dcd.byteimg.com/tos-cn-i-dcdx/17a3232625684161b08b6bbed980b120~tplv-f042mdwyw7-original:tplv-resize:640:0.image?psm=motor.pc_sh.api,1,0,,,0,0,0,dongchedi_usedcar_series,2026-07-08T21:14:45+08:00
2f583cb151cbc7de236fa61d,6020,514,吉利雷达,雷达地平线EV,https://p3-dcd.byteimg.com/motor-mis-img/93dea7d11fb03b3cd22c93d08d691d3b~tplv-f042mdwyw7-original:tplv-resize:640:0.image?psm=motor.pc_sh.api,1,0,,,0,0,0,dongchedi_usedcar_series,2026-07-08T21:14:45+08:00
6b3fbe85d84b039f40102533,6025,73,吉利汽车,博越L,https://p9-dcd.byteimg.com/tos-cn-i-dcdx/185e56933ef94d3a8ff2e319c3c52829~tplv-resize:640:0.png?psm=motor.rank.data,3,218,销量榜,1,6,11,17,dongchedi_ranking|dongchedi_usedcar_series,2026-07-08T21:14:45+08:00
3d15f87f56ad47472c9580e3,6027,515,深蓝汽车,深蓝S07,https://p9-dcd.byteimg.com/tos-cn-i-dcdx/cf7c0306cbcc4bf59fb91444b20bf80a~tplv-resize:640:0.png?psm=motor.rank.data,3,186,销量榜,16,12,32,44,dongchedi_ranking|dongchedi_usedcar_series,2026-07-08T21:14:45+08:00
0b337db18fa54ca970edf04e,6032,477,新吉奥汽车,吉奥奥腾,https://p9-dcd.byteimg.com/tos-cn-i-dcdx/ece80e5f541f4205aa187a73a0625cf3~tplv-f042mdwyw7-original:tplv-resize:640:0.image?psm=motor.pc_sh.api,1,0,,,0,0,0,dongchedi_usedcar_series,2026-07-08T21:14:45+08:00
b1c567725ed204d56e1b6481,6033,18,奇瑞,艾瑞泽5 GT,https://p3-dcd.byteimg.com/motor-mis-img/1ad5e99ddbdd53a1af8d298a24556edd~tplv-f042mdwyw7-original:tplv-resize:640:0.image?psm=motor.pc_sh.api,1,0,,,0,0,0,dongchedi_usedcar_series,2026-07-08T21:14:45+08:00
7b2830d3326fd5547b8954b4,6035,119,长安欧尚,长安欧尚X5 PLUS,https://p3-dcd.byteimg.com/tos-cn-i-dcdx/a4616746e0c748508ba07e1c3909e58f~tplv-f042mdwyw7-original:tplv-resize:640:0.image?psm=motor.pc_sh.api,1,0,,,0,0,0,dongchedi_usedcar_series,2026-07-08T21:14:45+08:00
f641a5d3086ebe0dbdbf0ee2,6036,9,本田,本田HR-V,https://p9-dcd.byteimg.com/tos-cn-i-dcdx/454c032806604745b624ac6e0cd228f1~tplv-resize:640:0.png?psm=motor.rank.data,3,161,销量榜,22,6,9,15,dongchedi_ranking|dongchedi_usedcar_series,2026-07-08T21:14:45+08:00
d1335bbc9751ef74a91a963f,6044,108,大通,领地,https://p9-dcd.byteimg.com/motor-mis-img/fd99ba99b35ccc8d6e1562f1142f1856~tplv-resize:640:0.png?psm=motor.rank.data,3,218,销量榜,73,13,0,13,dongchedi_ranking|dongchedi_usedcar_series,2026-07-08T21:14:45+08:00
c4d2dd405216e6cff8c23962,6050,3,奔驰,奔驰CLE级,https://p3-dcd.byteimg.com/tos-cn-i-dcdx/e026487cc61546f6b32f619396151187~tplv-f042mdwyw7-original:tplv-resize:640:0.image?psm=motor.pc_sh.api,1,0,,,0,0,0,dongchedi_usedcar_series,2026-07-08T21:14:45+08:00
0e95f98eb2e48ddbd07197d5,6051,3,奔驰,奔驰CLE级AMG,https://p3-dcd.byteimg.com/tos-cn-i-dcdx/410a901cb28d45ffb232a5e1e832f49c~tplv-f042mdwyw7-original:tplv-resize:640:0.image?psm=motor.pc_sh.api,1,0,,,0,0,0,dongchedi_usedcar_series,2026-07-08T21:14:45+08:00
7ceec130e056e979f459161a,6052,100,江铃,福顺,https://p3-dcd.byteimg.com/tos-cn-i-dcdx/5316b24edc9c481b908108c6044f6c15~tplv-f042mdwyw7-original:tplv-resize:640:0.image?psm=motor.pc_sh.api,1,0,,,0,0,0,dongchedi_usedcar_series,2026-07-08T21:14:45+08:00
aeabb442bc178d7297d418a0,6056,142,凯翼,昆仑,https://p9-dcd.byteimg.com/tos-cn-i-dcdx/2e9b4807525e49c98142a0af0b91b878~tplv-resize:640:0.png?psm=motor.rank.data,3,275,销量榜,32,24,17,41,dongchedi_ranking|dongchedi_usedcar_series,2026-07-08T21:14:45+08:00
e8d3e878d9f95c151ab110ef,6060,142,凯翼,拾月,https://p9-dcd.byteimg.com/tos-cn-i-dcdx/2dd89dc8c3d84bca9e205d857171e95f~tplv-resize:640:0.png?psm=motor.rank.data,3,283,销量榜,5,5,15,20,dongchedi_ranking|dongchedi_usedcar_series,2026-07-08T21:14:45+08:00
49c27d672c1c8077781422a4,6063,41,劳斯莱斯,Silver Seraph,https://p9-dcd.byteimg.com/motor-mis-img/dd70ad13e5a9a3c5b3c37fbc998fea47~tplv-f042mdwyw7-original:tplv-resize:640:0.image?psm=motor.pc_sh.api,1,0,,,0,0,0,dongchedi_usedcar_series,2026-07-08T21:14:45+08:00
837d3ebf993ac4d698fa2abb,6067,202,理想汽车,理想MEGA,https://p9-dcd.byteimg.com/tos-cn-i-dcdx/62971a68ca054c609add93ada6ad41cd~tplv-resize:640:0.png?psm=motor.rank.data,3,210,销量榜,3,2,1,3,dongchedi_ranking|dongchedi_usedcar_series,2026-07-08T21:14:45+08:00
c9c811d756d2cd58f11345fc,6068,16,比亚迪,海狮07EV,https://p9-dcd.byteimg.com/tos-cn-i-dcdx/2739a1ee35284e549c67d883f993d2ae~tplv-resize:640:0.png?psm=motor.rank.data,3,283,销量榜,43,4,4,8,dongchedi_ranking|dongchedi_usedcar_series,2026-07-08T21:14:45+08:00
7f63a241ff52f964c4ff89b4,6069,303,合创汽车,合创A06,https://p3-dcd.byteimg.com/tos-cn-i-dcdx/6ed97fb37fb446c2bfc1ed3f142f8015~tplv-f042mdwyw7-original:tplv-resize:640:0.image?psm=motor.pc_sh.api,1,0,,,0,0,0,dongchedi_usedcar_series,2026-07-08T21:14:45+08:00
e56ae1e7b38d74d994958764,6070,13,起亚,狮铂拓界,https://p9-dcd.byteimg.com/tos-cn-i-dcdx/187b3d71fd0d43a1a8d0f12e95934de7~tplv-resize:640:0.png?psm=motor.rank.data,3,218,销量榜,46,24,11,35,dongchedi_ranking|dongchedi_usedcar_series,2026-07-08T21:14:45+08:00
d48fc0ce1337304c14b1a97b,6076,18,奇瑞,瑞虎7 PLUS PHEV,https://p9-dcd.byteimg.com/tos-cn-i-dcdx/70299e32370848008bda667b5e498029~tplv-resize:640:0.png?psm=motor.rank.data,3,10,销量榜,112,6,0,6,dongchedi_ranking|dongchedi_usedcar_series,2026-07-08T21:14:45+08:00
a952d631bf5e4328b5d8c96a,6078,405,克蒂汽车,克蒂翔翼,https://p9-dcd.byteimg.com/motor-mis-img/4495d315dde884e0a221039f19720029~tplv-f042mdwyw7-original:tplv-resize:640:0.image?psm=motor.pc_sh.api,1,0,,,0,0,0,dongchedi_usedcar_series,2026-07-08T21:14:45+08:00
8e4f9d380bf7b07352b0435f,6079,405,克蒂汽车,克蒂WALD,https://p9-dcd.byteimg.com/motor-mis-img/a2a19bf268efa8acfd60262690b978c3~tplv-f042mdwyw7-original:tplv-resize:640:0.image?psm=motor.pc_sh.api,1,0,,,0,0,0,dongchedi_usedcar_series,2026-07-08T21:14:45+08:00
f3d4e5d0fc8c355ee3e5d6c8,6080,264,吉利几何,吉利几何G6,https://p3-dcd.byteimg.com/tos-cn-i-dcdx/2aa2a7143c4c4d849d972ea8ee260ca2~tplv-resize:640:0.png?psm=motor.rank.data,2,10,销量榜,238,6,4,10,dongchedi_ranking|dongchedi_usedcar_series,2026-07-08T21:14:45+08:00
153bd7dcff8b619fffc24c9d,6081,264,吉利几何,吉利几何M6,https://p3-dcd.byteimg.com/motor-mis-img/83c8ee7c79a3f33e111a6de8c54e21bc~tplv-f042mdwyw7-original:tplv-resize:640:0.image?psm=motor.pc_sh.api,1,0,,,0,0,0,dongchedi_usedcar_series,2026-07-08T21:14:45+08:00
7640f7cef8868775ccd915c3,6085,27,奔腾,奔腾M9,https://p9-dcd.byteimg.com/tos-cn-i-dcdx/87923bd1a148439abd86c047bdd7dc6d~tplv-f042mdwyw7-original:tplv-resize:640:0.image?psm=motor.pc_sh.api,1,0,,,0,0,0,dongchedi_usedcar_series,2026-07-08T21:14:45+08:00
42b0be0ed58d327a685f4ab1,6086,73,吉利汽车,星越L 增程电动版,https://p3-dcd.byteimg.com/motor-mis-img/1de5778e4fb08daa009c7fb564c2de0f~tplv-f042mdwyw7-original:tplv-resize:640:0.image?psm=motor.pc_sh.api,1,0,,,0,0,0,dongchedi_usedcar_series,2026-07-08T21:14:45+08:00
33ff6b8a25db4df6b312606e,6087,40,广汽传祺,传祺E9 PHEV,https://p9-dcd.byteimg.com/tos-cn-i-dcdx/c5d2d86a507f4721af7f582a6c661243~tplv-resize:640:0.png?psm=motor.rank.data,3,210,销量榜,24,3,10,13,dongchedi_ranking|dongchedi_usedcar_series,2026-07-08T21:14:45+08:00
8f08808e7d60c23517c0eb9b,6090,210,长安跨越,跨越星V7 EV,https://p3-dcd.byteimg.com/tos-cn-i-dcdx/2acf1e62a7354937a5340372bfed77d0~tplv-f042mdwyw7-original:tplv-resize:640:0.image?psm=motor.pc_sh.api,1,0,,,0,0,0,dongchedi_usedcar_series,2026-07-08T21:14:45+08:00
e2b383455c419fd5776ef6f6,6095,202,理想汽车,理想L8,https://p9-dcd.byteimg.com/tos-cn-i-dcdx/452b8309a011413fa531f6ca50ea1d49~tplv-resize:640:0.png?psm=motor.rank.data,3,210,销量榜,4,2,9,11,dongchedi_ranking|dongchedi_usedcar_series,2026-07-08T21:14:45+08:00
01906a82fa8f98ec08cc55bc,6098,8,长城,山海炮,https://p3-dcd.byteimg.com/tos-cn-i-dcdx/ac1088cebfc349e496ea02d59996f737~tplv-f042mdwyw7-original:tplv-resize:640:0.image?psm=motor.pc_sh.api,1,0,,,0,0,0,dongchedi_usedcar_series,2026-07-08T21:14:45+08:00
cc15a604490b4ae10dc74895,6102,42,兰博基尼,Urus SE,https://p3-dcd.byteimg.com/tos-cn-i-dcdx/19436b017f1e41ba89256564279b65fd~tplv-f042mdwyw7-original:tplv-resize:640:0.image?psm=motor.pc_sh.api,1,0,,,0,0,0,dongchedi_usedcar_series,2026-07-08T21:14:45+08:00
58bcd4ead0d01d7079331188,6120,235,思皓,思皓X8 PLUS,https://p3-dcd.byteimg.com/motor-mis-img/db8e7f2ecfe07c9dc3ee5b0fb36acc30~tplv-f042mdwyw7-original:tplv-resize:640:0.image?psm=motor.pc_sh.api,1,0,,,0,0,0,dongchedi_usedcar_series,2026-07-08T21:14:45+08:00
79cf84ee08e293da3bbeb027,6124,17,哈弗,哈弗大狗PLUS PHEV,https://p9-dcd.byteimg.com/tos-cn-i-dcdx/9164caa0c930463dac91cd8e5458ffff~tplv-resize:640:0.png?psm=motor.rank.data,3,210,销量榜,32,7,0,7,dongchedi_ranking|dongchedi_usedcar_series,2026-07-08T21:14:45+08:00
5114b6971f5658270b864c81,6126,5,丰田,丰田bZ3,https://p9-dcd.byteimg.com/tos-cn-i-dcdx/1a7c1ba06f614302a02a3a5f94e4db6b~tplv-resize:640:0.png?psm=motor.rank.data,3,283,销量榜,10,7,3,10,dongchedi_ranking|dongchedi_usedcar_series,2026-07-08T21:14:45+08:00
f48f6fea03384061a88bb69d,6132,59,红旗,红旗H5,https://p9-dcd.byteimg.com/tos-cn-i-dcdx/3f580fa48ce24637857ccce85ef3f44e~tplv-resize:640:0.png?psm=motor.rank.data,3,218,销量榜,6,12,21,33,dongchedi_ranking|dongchedi_usedcar_series,2026-07-08T21:14:45+08:00
3b48d566ca760c0fcd5e5429,6137,401,飞凡汽车,飞凡F7,https://p9-dcd.byteimg.com/tos-cn-i-dcdx/d3c1128436c342588263a40466dbaad0~tplv-resize:640:0.png?psm=motor.rank.data,3,273,销量榜,41,2,10,12,dongchedi_ranking|dongchedi_usedcar_series,2026-07-08T21:14:45+08:00
b9b078ad40b41a1919b0679e,6147,35,长安,锐程PLUS,https://p9-dcd.byteimg.com/tos-cn-i-dcdx/6de734d6685c494daee1c10272206263~tplv-resize:640:0.png?psm=motor.rank.data,3,218,销量榜,60,6,0,6,dongchedi_ranking|dongchedi_usedcar_series,2026-07-08T21:14:45+08:00
27034176a78282c6e66b9014,6148,858,吉利银河,熊猫,https://p9-dcd.byteimg.com/tos-cn-i-dcdx/7d3e4fe480754dd9849fb7ebdd07e8a6~tplv-resize:640:0.png?psm=motor.rank.data,3,283,销量榜,3,5,13,18,dongchedi_ranking|dongchedi_usedcar_series,2026-07-08T21:14:45+08:00
5dc87bfe667b42cd179df39f,6149,17,哈弗,哈弗大狗PLUS,https://p9-dcd.byteimg.com/tos-cn-i-dcdx/3cfcb74af49040b9beb722372f7368f5~tplv-f042mdwyw7-original:tplv-resize:640:0.image?psm=motor.pc_sh.api,1,0,,,0,0,0,dongchedi_usedcar_series,2026-07-08T21:14:45+08:00
7c762146324e45e7675ef286,6154,880,广汽昊铂,昊铂SSR,https://p9-dcd.byteimg.com/motor-mis-img/160346a9df24317813694178a946ffc1~tplv-resize:640:0.png?psm=motor.rank.data,3,24,销量榜,45,3,0,3,dongchedi_ranking|dongchedi_usedcar_series,2026-07-08T21:14:45+08:00
e2cc55d0a4b16f4eeadb83eb,6155,33,斯巴鲁,CROSSTREK旭豹,https://p3-dcd.byteimg.com/tos-cn-i-dcdx/df93c246919d492d90933e0da829f1d2~tplv-f042mdwyw7-original:tplv-resize:640:0.image?psm=motor.pc_sh.api,1,0,,,0,0,0,dongchedi_usedcar_series,2026-07-08T21:14:45+08:00
414132d64ce5c5edbf6f46ed,6157,7,福特,游骑侠Ranger,https://p3-dcd.byteimg.com/tos-cn-i-dcdx/4b2396d1c97e4e1197960afd99cc3e69~tplv-f042mdwyw7-original:tplv-resize:640:0.image?psm=motor.pc_sh.api,1,0,,,0,0,0,dongchedi_usedcar_series,2026-07-08T21:14:45+08:00
9719f46b2dd56f41fa871402,6160,366,宝骏,悦也,https://p9-dcd.byteimg.com/tos-cn-i-dcdx/89571c98d16249bfa17a9e614ecedea0~tplv-resize:640:0.png?psm=motor.rank.data,3,210,销量榜,47,3,2,5,dongchedi_ranking|dongchedi_usedcar_series,2026-07-08T21:14:45+08:00
7510a138e2b6de5e8af31434,6164,10439,沃森威尔,福特黑武士,https://p3-dcd.byteimg.com/motor-mis-img/c5db2ce01014a0cb230f1213a4ae1b3f~tplv-f042mdwyw7-original:tplv-resize:640:0.image?psm=motor.pc_sh.api,1,0,,,0,0,0,dongchedi_usedcar_series,2026-07-08T21:14:45+08:00
56fb101e3af6d1abf6bcba1c,6172,24,沃尔沃,沃尔沃EX90,https://p9-dcd.byteimg.com/tos-cn-i-dcdx/9366e841adbf4410b3680164aa1b426f~tplv-resize:640:0.png?psm=motor.rank.data,2,165,销量榜,9,2,0,2,dongchedi_ranking,2026-07-08T21:14:45+08:00
dc41a3e2678e3d3f8c94e6ab,6173,202,理想汽车,理想L7,https://p3-dcd.byteimg.com/tos-cn-i-dcdx/a783a546a20d4a7c89202df18dc1fee4~tplv-f042mdwyw7-original:tplv-resize:640:0.image?psm=motor.pc_sh.api,1,0,,,0,0,0,dongchedi_usedcar_series,2026-07-08T21:14:45+08:00
6a192c1ca15d0ca819faaa3b,6179,77,东南,东南DX8S,https://p3-dcd.byteimg.com/tos-cn-i-dcdx/d4d4da03d3f2428fbdc7586d759ff58a~tplv-f042mdwyw7-original:tplv-resize:640:0.image?psm=motor.pc_sh.api,1,0,,,0,0,0,dongchedi_usedcar_series,2026-07-08T21:14:45+08:00
688f1a027be41ac0afbf65cb,6180,100,江铃,E路顺,https://p3-dcd.byteimg.com/tos-cn-i-dcdx/8f18d1dd38144a5683c1784afd0804b9~tplv-f042mdwyw7-original:tplv-resize:640:0.image?psm=motor.pc_sh.api,1,0,,,0,0,0,dongchedi_usedcar_series,2026-07-08T21:14:45+08:00
e52e1594ca06305e96150033,6187,535,小米汽车,小米SU7,https://p9-dcd.byteimg.com/tos-cn-i-dcdx/cbdad660b73c48808f6c6317e38738e2~tplv-resize:640:0.png?psm=motor.rank.data,3,283,销量榜,1,3,5,8,dongchedi_ranking|dongchedi_usedcar_series,2026-07-08T21:14:45+08:00
acbfa2b6e933dd5f7facd365,6199,538,Abarth,Abarth 595,https://p3-dcd.byteimg.com/motor-mis-img/58f4f2f59d49747a4d67b123c62c5136~tplv-f042mdwyw7-original:tplv-resize:640:0.image?psm=motor.pc_sh.api,1,0,,,0,0,0,dongchedi_usedcar_series,2026-07-08T21:14:45+08:00
1e7462621d23c6bc3d4f31cf,6200,538,Abarth,Abarth 695,https://p3-dcd.byteimg.com/motor-mis-img/b819daf726971d09571358a9cbee7e51~tplv-f042mdwyw7-original:tplv-resize:640:0.image?psm=motor.pc_sh.api,1,0,,,0,0,0,dongchedi_usedcar_series,2026-07-08T21:14:45+08:00
e0283991d54edafe31579c8b,6204,868,蓝电,蓝电E5,https://p9-dcd.byteimg.com/tos-cn-i-dcdx/a85640b7405f4d3889bc55d63edbd0c8~tplv-resize:640:0.png?psm=motor.rank.data,3,356,销量榜,10,6,0,6,dongchedi_ranking|dongchedi_usedcar_series,2026-07-08T21:14:45+08:00
7d59f0796b027252e718735a,6205,395,岚图,岚图追光 EV,https://p3-dcd.byteimg.com/tos-cn-i-dcdx/45e0ac325fd04a4e8b1ce482ce1be56e~tplv-f042mdwyw7-original:tplv-resize:640:0.image?psm=motor.pc_sh.api,1,0,,,0,0,0,dongchedi_usedcar_series,2026-07-08T21:14:45+08:00
53343d3e46d1e53754435ec7,6206,66,魏牌,蓝山,https://p9-dcd.byteimg.com/tos-cn-i-dcdx/55aff52d61964e7b840d5ff46c2cc9c1~tplv-resize:640:0.png?psm=motor.rank.data,3,283,销量榜,19,3,5,8,dongchedi_ranking|dongchedi_usedcar_series,2026-07-08T21:14:45+08:00
56a5ba5f3a56a27756298518,6208,3,奔驰,奔驰EQE SUV,https://p9-dcd.byteimg.com/tos-cn-i-dcdx/84c82af0b310448daf17b88281649cf4~tplv-resize:640:0.png?psm=motor.rank.data,3,70,销量榜,15,6,7,13,dongchedi_ranking|dongchedi_usedcar_series,2026-07-08T21:14:45+08:00
036f3e9084e488e20eda6e4a,6209,35,长安,逸达,https://p9-dcd.byteimg.com/tos-cn-i-dcdx/eac9a5b665864f3b8c6b0b1d72e3f2bc~tplv-resize:640:0.png?psm=motor.rank.data,3,48,销量榜,129,5,0,5,dongchedi_ranking|dongchedi_usedcar_series,2026-07-08T21:14:45+08:00
c96478a27a34f7d46886a5f9,6211,73,吉利汽车,豪越L,https://p9-dcd.byteimg.com/tos-cn-i-dcdx/5827eb09d0594155a0ce1c4fb1085459~tplv-resize:640:0.png?psm=motor.rank.data,3,275,销量榜,28,9,6,15,dongchedi_ranking|dongchedi_usedcar_series,2026-07-08T21:14:45+08:00
02a1257acacac9eba3d44e92,6224,112,蔚来,蔚来EC7,https://p9-dcd.byteimg.com/tos-cn-i-dcdx/ad26c4ebfbf4468b95d6c324af506154~tplv-resize:640:0.png?psm=motor.rank.data,3,210,销量榜,35,2,4,6,dongchedi_ranking|dongchedi_usedcar_series,2026-07-08T21:14:45+08:00
058df09718161d3485062600,6227,18,奇瑞,瑞虎9,https://p9-dcd.byteimg.com/tos-cn-i-dcdx/eb7bbae35ac64d6ba170576b2a87b7eb~tplv-resize:640:0.png?psm=motor.rank.data,3,275,销量榜,20,18,20,38,dongchedi_ranking|dongchedi_usedcar_series,2026-07-08T21:14:45+08:00
50e60e464288ac8f7e899b18,6233,18,奇瑞,探索06,https://p3-dcd.byteimg.com/tos-cn-i-dcdx/ff09c9723a5e4832ab9bb1e81e52fdae~tplv-f042mdwyw7-original:tplv-resize:640:0.image?psm=motor.pc_sh.api,1,0,,,0,0,0,dongchedi_usedcar_series,2026-07-08T21:14:45+08:00
681cd568fc0e1c07c5e71a56,6235,546,仰望,仰望U8,https://p9-dcd.byteimg.com/tos-cn-i-dcdx/cea5c78ae0a2427f860ca06250d8c8ef~tplv-resize:640:0.png?psm=motor.rank.data,3,210,销量榜,3,1,2,3,dongchedi_ranking|dongchedi_usedcar_series,2026-07-08T21:14:45+08:00
0fc9908446655b8f2351b3d0,6237,5,丰田,皇冠SportCross,https://p3-dcd.byteimg.com/tos-cn-i-dcdx/6ddb2094a89a4512a6772f1a92b78d68~tplv-f042mdwyw7-original:tplv-resize:640:0.image?psm=motor.pc_sh.api,1,0,,,0,0,0,dongchedi_usedcar_series,2026-07-08T21:14:45+08:00
7df6ff64d0da700140ccdfdc,6252,308,远程汽车,超级VAN,https://p9-dcd.byteimg.com/tos-cn-i-dcdx/5b15fa1c58b7456d98bcd665053dbc31~tplv-f042mdwyw7-original:tplv-resize:640:0.image?psm=motor.pc_sh.api,1,0,,,0,0,0,dongchedi_usedcar_series,2026-07-08T21:14:45+08:00
2c330ddcef0f3a931dcf0cfa,6253,426,极氪,ZEEKR X,https://p9-dcd.byteimg.com/tos-cn-i-dcdx/87bf9e60731445798436e52d5c9c042d~tplv-resize:640:0.png?psm=motor.rank.data,3,210,销量榜,34,3,12,15,dongchedi_ranking|dongchedi_usedcar_series,2026-07-08T21:14:45+08:00
4423e16923cfa6741c741fd7,6261,16,比亚迪,海豹DM,https://p9-dcd.byteimg.com/tos-cn-i-dcdx/74e489c57f1945faa0ac4ede26c433d1~tplv-f042mdwyw7-original:tplv-resize:640:0.image?psm=motor.pc_sh.api,1,0,,,0,0,0,dongchedi_usedcar_series,2026-07-08T21:14:45+08:00
3e434fb2c8229e2205348db8,6266,39,五菱汽车,五菱缤果,https://p9-dcd.byteimg.com/tos-cn-i-dcdx/8a82589d0fbf4119a29b97b77dc96d62~tplv-resize:640:0.png?psm=motor.rank.data,3,63,销量榜,18,5,12,17,dongchedi_ranking|dongchedi_usedcar_series,2026-07-08T21:14:45+08:00
4923154bbfad4fe74f2b7cba,6268,108,大通,新途V70,https://p3-dcd.byteimg.com/tos-cn-i-dcdx/2a0db5559699497bb75feac163ea6b04~tplv-f042mdwyw7-original:tplv-resize:640:0.image?psm=motor.pc_sh.api,1,0,,,0,0,0,dongchedi_usedcar_series,2026-07-08T21:14:45+08:00
3e0d728fc00c4276a099771a,6269,12,别克,昂科拉Plus,https://p9-dcd.byteimg.com/tos-cn-i-dcdx/152835b0b006402c82816c944ca3990b~tplv-f042mdwyw7-original:tplv-resize:640:0.image?psm=motor.pc_sh.api,1,0,,,0,0,0,dongchedi_usedcar_series,2026-07-08T21:14:45+08:00
c5ca10a562b0770fc4e34262,6271,12,别克,别克E5,https://p9-dcd.byteimg.com/tos-cn-i-dcdx/e019aca29b5b47a28b0719e0aea03062~tplv-resize:640:0.png?psm=motor.rank.data,3,210,销量榜,28,3,9,12,dongchedi_ranking|dongchedi_usedcar_series,2026-07-08T21:14:45+08:00
8e9860aeaac8709dba46df42,6272,48,smart,smart精灵#3,https://p9-dcd.byteimg.com/tos-cn-i-dcdx/ede2fc731fb445729d41cb97f4e7f92c~tplv-resize:640:0.png?psm=motor.rank.data,3,283,销量榜,29,5,9,14,dongchedi_ranking|dongchedi_usedcar_series,2026-07-08T21:14:45+08:00
e196b0ede8b446dc6c0fac0f,6273,35,长安,长安CS75 PLUS 智电iDD,https://p9-dcd.byteimg.com/tos-cn-i-dcdx/15f26583cf9d4e39a8b2585dd8921ff7~tplv-f042mdwyw7-original:tplv-resize:640:0.image?psm=motor.pc_sh.api,1,0,,,0,0,0,dongchedi_usedcar_series,2026-07-08T21:14:45+08:00
0417ef5d517df83ad0fe8029,6278,90,依维柯,依维柯聚星,https://p3-dcd.byteimg.com/tos-cn-i-dcdx/8a9b7733f9ec4dd48a28df1edb78e968~tplv-f042mdwyw7-original:tplv-resize:640:0.image?psm=motor.pc_sh.api,1,0,,,0,0,0,dongchedi_usedcar_series,2026-07-08T21:14:45+08:00
0320d8c6b59d607d16a8b414,6288,553,金琥新能源,金琥EV48,https://p9-dcd.byteimg.com/tos-cn-i-dcdx/d2aef69b24b94c0d8648f3d845acf5e0~tplv-f042mdwyw7-original:tplv-resize:640:0.image?psm=motor.pc_sh.api,1,0,,,0,0,0,dongchedi_usedcar_series,2026-07-08T21:14:45+08:00
61a81b329d02e9d80fcf8bf1,6293,3,奔驰,奔驰S级AMG PHEV,https://p3-dcd.byteimg.com/tos-cn-i-dcdx/3d55bb29ef9e458d9883011cba6beeb0~tplv-f042mdwyw7-original:tplv-resize:640:0.image?psm=motor.pc_sh.api,1,0,,,0,0,0,dongchedi_usedcar_series,2026-07-08T21:14:45+08:00
f79e75fa1b94afcd2320a363,6294,195,小鹏汽车,小鹏X9,https://p9-dcd.byteimg.com/tos-cn-i-dcdx/7236bcb43a8e4434ab243e8d98ca165f~tplv-resize:640:0.png?psm=motor.rank.data,3,186,销量榜,6,8,9,17,dongchedi_ranking|dongchedi_usedcar_series,2026-07-08T21:14:45+08:00
43ba37e9fc38c45c94e5c635,6298,909,iCAR,iCAR 03,https://p3-dcd.byteimg.com/tos-cn-i-dcdx/82dbd5e3acb94713afb3cb4da2dfaa68~tplv-f042mdwyw7-original:tplv-resize:640:0.image?psm=motor.pc_sh.api,1,0,,,0,0,0,dongchedi_usedcar_series,2026-07-08T21:14:45+08:00
6e2ad00d5cb38eb22d5730cc,6303,66,魏牌,高山,https://p9-dcd.byteimg.com/tos-cn-i-dcdx/d0b5dcdb6a9d40c88c3fb35b7499079c~tplv-resize:640:0.png?psm=motor.rank.data,3,283,销量榜,1,5,3,8,dongchedi_ranking|dongchedi_usedcar_series,2026-07-08T21:14:45+08:00
6048e86c820ddeba79a3cff8,6305,142,凯翼,昆仑iHD,https://p9-dcd.byteimg.com/tos-cn-i-dcdx/b6d39496b70a4122a91bba45677ed798~tplv-resize:640:0.png?psm=motor.rank.data,2,356,销量榜,23,16,10,26,dongchedi_ranking,2026-07-08T21:14:45+08:00
4e9b2f36e338af257c6f2ddd,6311,880,广汽昊铂,昊铂GT,https://p9-dcd.byteimg.com/tos-cn-i-dcdx/444ef2292fd640339364576f4d57aa17~tplv-resize:640:0.png?psm=motor.rank.data,3,210,销量榜,65,4,18,22,dongchedi_ranking|dongchedi_usedcar_series,2026-07-08T21:14:45+08:00
d53341c9cbba96ee8bbc4351,6312,199,哪吒汽车,哪吒GT,https://p9-dcd.byteimg.com/tos-cn-i-dcdx/7f4a9f907b14465e9fdf87ff93430bea~tplv-f042mdwyw7-original:tplv-resize:640:0.image?psm=motor.pc_sh.api,1,0,,,0,0,0,dongchedi_usedcar_series,2026-07-08T21:14:45+08:00
c1b93a690e68581b37ed0381,6313,15,马自达,马自达CX-50行也,https://p9-dcd.byteimg.com/tos-cn-i-dcdx/c72505bf55764e22bd2930275a9c56f9~tplv-resize:640:0.png?psm=motor.rank.data,3,218,销量榜,33,3,11,14,dongchedi_ranking|dongchedi_usedcar_series,2026-07-08T21:14:45+08:00
364d695081e2c2a3fcd62d09,6314,157,SWM斯威汽车,斯威大虎EDi,https://p3-dcd.byteimg.com/tos-cn-i-dcdx/c523ad88ed344bc7b475d581f6a628ea~tplv-f042mdwyw7-original:tplv-resize:640:0.image?psm=motor.pc_sh.api,1,0,,,0,0,0,dongchedi_usedcar_series,2026-07-08T21:14:45+08:00
56c58a0ead82ec1b607591b0,6317,461,奇瑞新能源,奇瑞舒享家,https://p3-dcd.byteimg.com/tos-cn-i-dcdx/9e94af226f174a42a3a828b039df0bc8~tplv-f042mdwyw7-original:tplv-resize:640:0.image?psm=motor.pc_sh.api,1,0,,,0,0,0,dongchedi_usedcar_series,2026-07-08T21:14:45+08:00
51f6eb3348735c08bf820ed8,6321,17,哈弗,哈弗H5,https://p9-dcd.byteimg.com/tos-cn-i-dcdx/4611e0de6c144447bec6e8afe4603a64~tplv-resize:640:0.png?psm=motor.rank.data,3,218,销量榜,56,5,7,12,dongchedi_ranking|dongchedi_usedcar_series,2026-07-08T21:14:45+08:00
82f804a83de196460fdaf977,6325,483,AITO,问界M9,https://p9-dcd.byteimg.com/tos-cn-i-dcdx/c30c2d9314944a7b917abd20d87f1704~tplv-resize:640:0.png?psm=motor.rank.data,3,290,销量榜,1,12,25,37,dongchedi_ranking|dongchedi_usedcar_series,2026-07-08T21:14:45+08:00
354d1d163137a0f6522c42be,6328,109,启辰,启辰VX6,https://p9-dcd.byteimg.com/tos-cn-i-dcdx/a00b2c2ef316486dbec5384a722cc5d6~tplv-resize:640:0.png?psm=motor.rank.data,3,283,销量榜,21,8,5,13,dongchedi_ranking|dongchedi_usedcar_series,2026-07-08T21:14:45+08:00
edc86714801b44bef12cb83d,6331,489,极越,极越07,https://p9-dcd.byteimg.com/tos-cn-i-dcdx/5fb18bee9b7143e28ae2e82f13d12e75~tplv-f042mdwyw7-original:tplv-resize:640:0.image?psm=motor.pc_sh.api,1,0,,,0,0,0,dongchedi_usedcar_series,2026-07-08T21:14:45+08:00
01b21c5a818f29378b377331,6336,109,启辰,启辰大V DD-i,https://p9-dcd.byteimg.com/tos-cn-i-dcdx/10e7aba3c41d41688bf48782df72e528~tplv-resize:640:0.png?psm=motor.rank.data,3,210,销量榜,39,10,0,10,dongchedi_ranking|dongchedi_usedcar_series,2026-07-08T21:14:45+08:00
c8d0aa6072e7dc9f7fdc2942,6343,193,鑫源汽车,好运,https://p3-dcd.byteimg.com/tos-cn-i-dcdx/cef871570fc14887b18aeb3e399851d1~tplv-f042mdwyw7-original:tplv-resize:640:0.image?psm=motor.pc_sh.api,1,0,,,0,0,0,dongchedi_usedcar_series,2026-07-08T21:14:45+08:00
bee4d8b4d1fe6a4314d6e9dc,6346,546,仰望,仰望U9,https://p9-dcd.byteimg.com/tos-cn-i-dcdx/0f2f2c9f2ad8435ca02d4f67ad112fff~tplv-resize:640:0.png?psm=motor.rank.data,3,185,销量榜,11,1,0,1,dongchedi_ranking|dongchedi_usedcar_series,2026-07-08T21:14:45+08:00
4ac7a30d369e47c7b1b3b643,6356,176,ARCFOX极狐,极狐 考拉,https://p9-dcd.byteimg.com/tos-cn-i-dcdx/6a1f9bf3228f4c4a8e386f2e8f1a10ef~tplv-f042mdwyw7-original:tplv-resize:640:0.image?psm=motor.pc_sh.api,1,0,,,0,0,0,dongchedi_usedcar_series,2026-07-08T21:14:45+08:00
82f8451a5a8f1bc4eebf2ee2,6359,59,红旗,红旗HS3,https://p9-dcd.byteimg.com/tos-cn-i-dcdx/911d71f82dc04e3eb2708969989e687a~tplv-resize:640:0.png?psm=motor.rank.data,3,218,销量榜,52,2,9,11,dongchedi_ranking|dongchedi_usedcar_series,2026-07-08T21:14:45+08:00
286a5a7b8904cff893bb4fea,6360,159,腾势,腾势N7,https://p9-dcd.byteimg.com/tos-cn-i-dcdx/64c39c89935142829cfe0ca295dc9538~tplv-resize:640:0.png?psm=motor.rank.data,3,210,销量榜,62,3,11,14,dongchedi_ranking|dongchedi_usedcar_series,2026-07-08T21:14:45+08:00
46cc5f078b4c8536ca80a6c0,6362,12,别克,别克E4,https://p9-dcd.byteimg.com/tos-cn-i-dcdx/7b0b904c4c184c7d876f387161273de3~tplv-f042mdwyw7-original:tplv-resize:640:0.image?psm=motor.pc_sh.api,1,0,,,0,0,0,dongchedi_usedcar_series,2026-07-08T21:14:45+08:00
12cdc114f6d23eee4d6ffb82,6363,176,ARCFOX极狐,极狐 阿尔法T5,https://p9-dcd.byteimg.com/tos-cn-i-dcdx/edf42ae3ba794dd7af1f220f80edfc80~tplv-resize:640:0.png?psm=motor.rank.data,3,251,销量榜,54,8,9,17,dongchedi_ranking|dongchedi_usedcar_series,2026-07-08T21:14:45+08:00
185b4f48f5e49e5daa540202,6365,9,本田,雅阁 PHEV,https://p3-dcd.byteimg.com/tos-cn-i-dcdx/1ae0edb3075545af8d0be53319607dcd~tplv-f042mdwyw7-original:tplv-resize:640:0.image?psm=motor.pc_sh.api,1,0,,,0,0,0,dongchedi_usedcar_series,2026-07-08T21:14:45+08:00
e3c862a436aade837029a721,6366,100,江铃,大道,https://p3-dcd.byteimg.com/tos-cn-i-dcdx/da3a77fff2cb4aa0bdce9f478718a496~tplv-f042mdwyw7-original:tplv-resize:640:0.image?psm=motor.pc_sh.api,1,0,,,0,0,0,dongchedi_usedcar_series,2026-07-08T21:14:45+08:00
e38b66774b31f8b2022f7d68,6391,195,小鹏汽车,小鹏G7,https://p9-dcd.byteimg.com/tos-cn-i-dcdx/40ed5c2834e54b0d8b30c3245c1a4bbd~tplv-resize:640:0.png?psm=motor.rank.data,3,251,销量榜,45,7,0,7,dongchedi_ranking|dongchedi_usedcar_series,2026-07-08T21:14:45+08:00
6b2a9c079d3ad9b09a493ae5,6392,91,东风,猛士MS600,https://p3-dcd.byteimg.com/tos-cn-i-dcdx/d6bf1d8d01a64790ba906a89992be4b9~tplv-f042mdwyw7-original:tplv-resize:640:0.image?psm=motor.pc_sh.api,1,0,,,0,0,0,dongchedi_usedcar_series,2026-07-08T21:14:45+08:00
4dd324114f6055bee937623c,8788,37,东风风神,皓瀚,https://p9-dcd.byteimg.com/tos-cn-i-dcdx/45dc04ea2b1642899af6f746c9b1a781~tplv-resize:640:0.png?psm=motor.rank.data,3,218,销量榜,29,5,12,17,dongchedi_ranking|dongchedi_usedcar_series,2026-07-08T21:14:45+08:00
dce296926fd6fe1b8a6b985d,8789,32,江汽集团,蓝猫,https://p3-dcd.byteimg.com/tos-cn-i-dcdx/74f7ef8b4fe94c3db7a4bb02f382333a~tplv-f042mdwyw7-original:tplv-resize:640:0.image?psm=motor.pc_sh.api,1,0,,,0,0,0,dongchedi_usedcar_series,2026-07-08T21:14:45+08:00
7b6e09118228f83468fa8a1c,8790,100,江铃,大道EV,https://p3-dcd.byteimg.com/tos-cn-i-dcdx/31eb7644a0154928b715d4325342fb94~tplv-f042mdwyw7-original:tplv-resize:640:0.image?psm=motor.pc_sh.api,1,0,,,0,0,0,dongchedi_usedcar_series,2026-07-08T21:14:45+08:00
79444fd724f5766d3e6390e7,8794,17,哈弗,哈弗枭龙,https://p9-dcd.byteimg.com/tos-cn-i-dcdx/f4028523ce4a448696a81f0a97f6c403~tplv-f042mdwyw7-original:tplv-resize:640:0.image?psm=motor.pc_sh.api,1,0,,,0,0,0,dongchedi_usedcar_series,2026-07-08T21:14:45+08:00
5efcb91e0d801761c9e21277,8795,17,哈弗,哈弗枭龙MAX,https://p9-dcd.byteimg.com/tos-cn-i-dcdx/f8ab4d2210c1481f965043dd1d113a35~tplv-resize:640:0.png?psm=motor.rank.data,3,283,销量榜,23,5,3,8,dongchedi_ranking|dongchedi_usedcar_series,2026-07-08T21:14:45+08:00
da386ab1a285ccf1653a455d,8796,174,领克,领克08 EM-P,https://p9-dcd.byteimg.com/tos-cn-i-dcdx/03554e383d9e415eb339bb2c931c529a~tplv-resize:640:0.png?psm=motor.rank.data,3,283,销量榜,8,5,13,18,dongchedi_ranking|dongchedi_usedcar_series,2026-07-08T21:14:45+08:00
27dce0f787bdc7d06498c387,8798,527,猛士,猛士917,https://p9-dcd.byteimg.com/tos-cn-i-dcdx/eda8bbf3fe2544fb97528240af6dd31c~tplv-resize:640:0.png?psm=motor.rank.data,3,24,销量榜,43,5,6,11,dongchedi_ranking|dongchedi_usedcar_series,2026-07-08T21:14:45+08:00
7fa2da4584c90ce432daea4e,8802,249,高合,高合HiPhi Y,https://p3-dcd.byteimg.com/tos-cn-i-dcdx/02a6f8405b524d1a93e0369ea420f578~tplv-f042mdwyw7-original:tplv-resize:640:0.image?psm=motor.pc_sh.api,1,0,,,0,0,0,dongchedi_usedcar_series,2026-07-08T21:14:45+08:00
f854eabae6624668ed9432fd,8803,27,奔腾,奔腾T90,https://p9-dcd.byteimg.com/tos-cn-i-dcdx/63bde24a00f647d19c0e384b88443aa7~tplv-resize:640:0.png?psm=motor.rank.data,3,42,销量榜,194,9,8,17,dongchedi_ranking|dongchedi_usedcar_series,2026-07-08T21:14:45+08:00
bf3abecdfdd84c9925abe318,8804,59,红旗,红旗金葵花国悦,https://p3-dcd.byteimg.com/tos-cn-i-dcdx/69e5605fa7dd4f20933077601eb518dc~tplv-f042mdwyw7-original:tplv-resize:640:0.image?psm=motor.pc_sh.api,1,0,,,0,0,0,dongchedi_usedcar_series,2026-07-08T21:14:45+08:00
244716db74ecb3f1eca1a48c,8808,10409,奇瑞风云,风云A8,https://p9-dcd.byteimg.com/tos-cn-i-dcdx/e3779d73cdd0475ab7233abe59c2833d~tplv-resize:640:0.png?psm=motor.rank.data,3,70,销量榜,70,5,8,13,dongchedi_ranking|dongchedi_usedcar_series,2026-07-08T21:14:45+08:00
29238be24047a2e5adae8c20,8811,57,福田,火星7,https://p9-dcd.byteimg.com/tos-cn-i-dcdx/24dcb1a226e54617a39f341175fd116b~tplv-f042mdwyw7-original:tplv-resize:640:0.image?psm=motor.pc_sh.api,1,0,,,0,0,0,dongchedi_usedcar_series,2026-07-08T21:14:45+08:00
f73cb4f5faae0e7ecb6e6348,8812,57,福田,火星9,https://p9-dcd.byteimg.com/tos-cn-i-dcdx/64208470da17435cbb281c30be48c785~tplv-f042mdwyw7-original:tplv-resize:640:0.image?psm=motor.pc_sh.api,1,0,,,0,0,0,dongchedi_usedcar_series,2026-07-08T21:14:45+08:00
2a14ff2e6eee474060ef17a1,8830,858,吉利银河,银河L7,https://p3-dcd.byteimg.com/tos-cn-i-dcdx/00de72e8346a464fa99ff1cf935bce9e~tplv-f042mdwyw7-original:tplv-resize:640:0.image?psm=motor.pc_sh.api,1,0,,,0,0,0,dongchedi_usedcar_series,2026-07-08T21:14:45+08:00
71dd03acf0e9b97104bc52e3,8834,475,阿维塔,阿维塔 12,https://p9-dcd.byteimg.com/tos-cn-i-dcdx/cd4c072ba9d14156abfa90b91b1df07a~tplv-resize:640:0.png?psm=motor.rank.data,3,356,销量榜,1,14,21,35,dongchedi_ranking|dongchedi_usedcar_series,2026-07-08T21:14:45+08:00
033f313abf8916b5d72baad1,8835,59,红旗,红旗天工08,https://p9-dcd.byteimg.com/tos-cn-i-dcdx/d7d760722af94d14abba02b9e4478c52~tplv-resize:640:0.png?psm=motor.rank.data,3,137,销量榜,126,0,11,11,dongchedi_ranking|dongchedi_usedcar_series,2026-07-08T21:14:45+08:00
dac28874c3b25c714a477024,8858,858,吉利银河,银河E8,https://p9-dcd.byteimg.com/tos-cn-i-dcdx/23f867eb96df470db106b433fa3d8c04~tplv-resize:640:0.png?psm=motor.rank.data,3,283,销量榜,38,6,7,13,dongchedi_ranking|dongchedi_usedcar_series,2026-07-08T21:14:45+08:00
bebb404319d14ec7a1c2cb32,8859,858,吉利银河,银河L6,https://p9-dcd.byteimg.com/tos-cn-i-dcdx/0db9740a08984497abb3c19cf5d22e44~tplv-resize:640:0.png?psm=motor.rank.data,3,50,销量榜,32,5,8,13,dongchedi_ranking|dongchedi_usedcar_series,2026-07-08T21:14:45+08:00
3d0872a913f67f6627f5817d,8884,861,方程豹,豹5,https://p9-dcd.byteimg.com/tos-cn-i-dcdx/2ca35da505864d0b91ca397d04e96dd9~tplv-resize:640:0.png?psm=motor.rank.data,3,283,销量榜,9,8,6,14,dongchedi_ranking|dongchedi_usedcar_series,2026-07-08T21:14:45+08:00
877c25cea34529ec02c4c98a,8888,42,兰博基尼,Revuelto,https://p3-dcd.byteimg.com/tos-cn-i-dcdx/fec6ea3d89934a178797ad600529964f~tplv-f042mdwyw7-original:tplv-resize:640:0.image?psm=motor.pc_sh.api,1,0,,,0,0,0,dongchedi_usedcar_series,2026-07-08T21:14:45+08:00
cf9d22fd451562ee76c1189a,8895,195,小鹏汽车,小鹏G6,https://p9-dcd.byteimg.com/tos-cn-i-dcdx/2bf01fc3dadb42deb7d1d761542df1fa~tplv-resize:640:0.png?psm=motor.rank.data,3,186,销量榜,38,6,6,12,dongchedi_ranking|dongchedi_usedcar_series,2026-07-08T21:14:45+08:00
4c6ed69b5e95772ca513927e,8896,9,本田,英仕派 PHEV,https://p9-dcd.byteimg.com/tos-cn-i-dcdx/2bf120cedd91403a856299dadaaa5cb8~tplv-resize:640:0.png?psm=motor.rank.data,3,192,销量榜,47,2,1,3,dongchedi_ranking|dongchedi_usedcar_series,2026-07-08T21:14:45+08:00
adfd5da9f2bbe4d2eb13eda7,8897,871,江淮钇为,钇为3,https://p9-dcd.byteimg.com/tos-cn-i-dcdx/b57f28ba99f947bdb78b7b243b7f602d~tplv-resize:640:0.png?psm=motor.rank.data,3,273,销量榜,52,7,14,21,dongchedi_ranking|dongchedi_usedcar_series,2026-07-08T21:14:45+08:00
a3484c4ae052209fc3825577,8898,159,腾势,腾势N8 DM,https://p9-dcd.byteimg.com/tos-cn-i-dcdx/4b45259188034c798f2ba5a35a901e35~tplv-f042mdwyw7-original:tplv-resize:640:0.image?psm=motor.pc_sh.api,1,0,,,0,0,0,dongchedi_usedcar_series,2026-07-08T21:14:45+08:00
2c3d80f3e410b1909c417e9d,8904,470,凯马汽车,骏航ES,https://p9-dcd.byteimg.com/tos-cn-i-dcdx/8192fff87b364cbdb3134dfb8f5cc9cd~tplv-f042mdwyw7-original:tplv-resize:640:0.image?psm=motor.pc_sh.api,1,0,,,0,0,0,dongchedi_usedcar_series,2026-07-08T21:14:45+08:00
0b05ef4687d27f4d58cb1018,8930,867,曹操汽车,曹操60,https://p9-dcd.byteimg.com/tos-cn-i-dcdx/fef8894a0d9b4d42a1d0a42d7f6e8416~tplv-resize:640:0.png?psm=motor.rank.data,2,263,销量榜,49,3,5,8,dongchedi_ranking,2026-07-08T21:14:45+08:00
93fa53774954f73b150858ee,8934,13,起亚,赛图斯,https://p9-dcd.byteimg.com/tos-cn-i-dcdx/b6f7b09bd9c14d3c9e5cfa22f1193d93~tplv-resize:640:0.png?psm=motor.rank.data,3,218,销量榜,20,8,7,15,dongchedi_ranking|dongchedi_usedcar_series,2026-07-08T21:14:45+08:00
5e3ffdb83c07fd929b6080a6,8942,4,宝马,宝马iX1,https://p9-dcd.byteimg.com/tos-cn-i-dcdx/4d809604d4254210965fba85250ede75~tplv-resize:640:0.png?psm=motor.rank.data,3,210,销量榜,19,8,8,16,dongchedi_ranking|dongchedi_usedcar_series,2026-07-08T21:14:45+08:00
3e0f0ea75d0294dcbd7b341e,8943,10425,捷途山海,捷途旅行者C-DM,https://p9-dcd.byteimg.com/tos-cn-i-dcdx/a9c000b1bb6346c68b89ee2ca7f07c8c~tplv-resize:640:0.png?psm=motor.rank.data,3,283,销量榜,19,14,7,21,dongchedi_ranking|dongchedi_usedcar_series,2026-07-08T21:14:45+08:00
0cb1eebf9a363df2464bb293,8946,1,大众,ID.7 VIZZION,https://p9-dcd.byteimg.com/tos-cn-i-dcdx/859be7d4194f4371b503e6c3f64c068e~tplv-resize:640:0.png?psm=motor.rank.data,3,210,销量榜,57,2,2,4,dongchedi_ranking|dongchedi_usedcar_series,2026-07-08T21:14:45+08:00
794970ab78fa726310f267b4,8947,59,红旗,红旗EH7,https://p9-dcd.byteimg.com/tos-cn-i-dcdx/f8c654abc2ba49948ec26d1ea30defef~tplv-resize:640:0.png?psm=motor.rank.data,3,283,销量榜,25,10,5,15,dongchedi_ranking|dongchedi_usedcar_series,2026-07-08T21:14:45+08:00
0f359bf4e924942236d43d7e,8948,59,红旗,红旗HQ9 PHEV,https://p9-dcd.byteimg.com/tos-cn-i-dcdx/3f135dfc6ffe4be289938d6598067f3c~tplv-resize:640:0.png?psm=motor.rank.data,3,283,销量榜,6,7,0,7,dongchedi_ranking|dongchedi_usedcar_series,2026-07-08T21:14:45+08:00
b045f22b270b496bae03dcbe,8950,512,江淮瑞风,瑞风RF8,https://p9-dcd.byteimg.com/tos-cn-i-dcdx/39afc55e13524aa282721edb3f7fef84~tplv-resize:640:0.png?psm=motor.rank.data,2,218,销量榜,20,4,0,4,dongchedi_ranking,2026-07-08T21:14:45+08:00
3faa6e2ea05d0624423eec5a,8956,27,奔腾,奔腾小马,https://p9-dcd.byteimg.com/tos-cn-i-dcdx/d9b1ba6a4c814c4db94dcd4eb54fe36e~tplv-resize:640:0.png?psm=motor.rank.data,3,210,销量榜,2,7,10,17,dongchedi_ranking|dongchedi_usedcar_series,2026-07-08T21:14:45+08:00
f2e361081216105fdf5717f2,8958,870,长安启源,长安启源A07,https://p9-dcd.byteimg.com/tos-cn-i-dcdx/4dfa9373364640268f0cb1d54bd87c3b~tplv-resize:640:0.png?psm=motor.rank.data,3,251,销量榜,30,5,30,35,dongchedi_ranking|dongchedi_usedcar_series,2026-07-08T21:14:45+08:00
90eba960b3ec9a597f46773d,8959,425,坦克,坦克300 Hi4-T,https://p9-dcd.byteimg.com/tos-cn-i-dcdx/8341da5c5e6340f5a53b6a5929bb6808~tplv-resize:640:0.png?psm=motor.rank.data,3,210,销量榜,22,2,1,3,dongchedi_ranking|dongchedi_usedcar_series,2026-07-08T21:14:45+08:00
d05bdcf68472bd6248ec3dd4,8960,108,大通,大家7 EV,https://p9-dcd.byteimg.com/tos-cn-i-dcdx/91bdc8d73c5d469a821b6f6b5cefead5~tplv-resize:640:0.png?psm=motor.rank.data,3,210,销量榜,18,3,8,11,dongchedi_ranking|dongchedi_usedcar_series,2026-07-08T21:14:45+08:00
cd6bc33da3f3f1f764e43836,8962,882,江淮汽车,江淮A5 PLUS,https://p9-dcd.byteimg.com/tos-cn-i-dcdx/e5430a14461b4eb6abff5a4265b9dd3a~tplv-f042mdwyw7-original:tplv-resize:640:0.image?psm=motor.pc_sh.api,1,0,,,0,0,0,dongchedi_usedcar_series,2026-07-08T21:14:45+08:00
37d67353ac394e417647097a,8965,251,星途,星途ES,https://p9-dcd.byteimg.com/tos-cn-i-dcdx/f1348f86586a47cb9bca81358f233a52~tplv-resize:640:0.png?psm=motor.rank.data,3,251,销量榜,52,7,12,19,dongchedi_ranking|dongchedi_usedcar_series,2026-07-08T21:14:45+08:00
9ecd488d0f510422614304ed,8966,251,星途,星纪元ET,https://p9-dcd.byteimg.com/tos-cn-i-dcdx/2011d312a165468ba933195a69bf6ab0~tplv-resize:640:0.png?psm=motor.rank.data,3,316,销量榜,69,8,15,23,dongchedi_ranking|dongchedi_usedcar_series,2026-07-08T21:14:45+08:00
7d6c5a4331dbee6205b6b9e9,8967,251,星途,星途瑶光C-DM,https://p9-dcd.byteimg.com/tos-cn-i-dcdx/0acf97c1779c48eca49c196b98125d89~tplv-resize:640:0.png?psm=motor.rank.data,3,356,销量榜,35,5,13,18,dongchedi_ranking|dongchedi_usedcar_series,2026-07-08T21:14:45+08:00
da9a50f93913cc3af9244d6f,8973,18,奇瑞,瑞虎9 C-DM,https://p9-dcd.byteimg.com/tos-cn-i-dcdx/9c3d4ec9684542258d9aef945ed39cae~tplv-resize:640:0.png?psm=motor.rank.data,3,36,销量榜,84,7,0,7,dongchedi_ranking|dongchedi_usedcar_series,2026-07-08T21:14:45+08:00
38b8527be7e7f278c62924c3,8974,18,奇瑞,探索06 C-DM,https://p3-dcd.byteimg.com/tos-cn-i-dcdx/5b5de2d942db4250b96fe9dac480498b~tplv-f042mdwyw7-original:tplv-resize:640:0.image?psm=motor.pc_sh.api,1,0,,,0,0,0,dongchedi_usedcar_series,2026-07-08T21:14:45+08:00
eb6c862b69d33b5edb105304,8975,882,江淮汽车,江淮QX PHEV,https://p9-dcd.byteimg.com/tos-cn-i-dcdx/5901534bebac4251a0136474f5411173~tplv-resize:640:0.png?psm=motor.rank.data,3,77,销量榜,108,5,5,10,dongchedi_ranking|dongchedi_usedcar_series,2026-07-08T21:14:45+08:00
b7d051c568b885cb0935204f,8976,10425,捷途山海,捷途山海L6,https://p9-dcd.byteimg.com/tos-cn-i-dcdx/efd6705a1f264d9b882cdf3da41985e1~tplv-resize:640:0.png?psm=motor.rank.data,3,9,销量榜,133,3,0,3,dongchedi_ranking|dongchedi_usedcar_series,2026-07-08T21:14:45+08:00
c10154f83e6fbd3210aca62c,8979,16,比亚迪,宋L EV,https://p9-dcd.byteimg.com/tos-cn-i-dcdx/3ea9b04b17494c5d9845b6ddd5632d38~tplv-resize:640:0.png?psm=motor.rank.data,3,283,销量榜,47,4,9,13,dongchedi_ranking|dongchedi_usedcar_series,2026-07-08T21:14:45+08:00
876f2acdf5d85dc524cb5a72,8985,10409,奇瑞风云,风云A9L,https://p9-dcd.byteimg.com/tos-cn-i-dcdx/e958401ee7684f5bbf5d5a1de1c905d1~tplv-resize:640:0.png?psm=motor.rank.data,3,356,销量榜,9,8,1,9,dongchedi_ranking|dongchedi_usedcar_series,2026-07-08T21:14:45+08:00
61256b64c171fc2b3bcc6764,8987,5,丰田,铂智3X,https://p9-dcd.byteimg.com/tos-cn-i-dcdx/dfc3ef12f3694e8abc05d4938302bb3e~tplv-resize:640:0.png?psm=motor.rank.data,3,283,销量榜,2,16,0,16,dongchedi_ranking|dongchedi_usedcar_series,2026-07-08T21:14:45+08:00
23e8ff44cce60c76663fcd24,8989,37,东风风神,风神L7 PHEV,https://p9-dcd.byteimg.com/tos-cn-i-dcdx/810ea03ad55e4827938121276962fb85~tplv-resize:640:0.png?psm=motor.rank.data,3,283,销量榜,14,4,5,9,dongchedi_ranking|dongchedi_usedcar_series,2026-07-08T21:14:45+08:00
5e447e1ba0887047bbd8c418,8993,9,本田,猎光e:NS2,https://p9-dcd.byteimg.com/tos-cn-i-dcdx/8ff010b33b2149b6bb8ba23802679638~tplv-resize:640:0.png?psm=motor.rank.data,3,283,销量榜,43,4,0,4,dongchedi_ranking|dongchedi_usedcar_series,2026-07-08T21:14:45+08:00
50045fa3c79ba6783b5d196a,8994,9,本田,e:NP2 极湃2,https://p3-dcd.byteimg.com/tos-cn-i-dcdx/7c31eab01e474b0d872798851929a33c~tplv-f042mdwyw7-original:tplv-resize:640:0.image?psm=motor.pc_sh.api,1,0,,,0,0,0,dongchedi_usedcar_series,2026-07-08T21:14:45+08:00
b966fa791e6dca83601128ba,9014,86,迈凯伦,迈凯伦750S,https://p3-dcd.byteimg.com/tos-cn-i-dcdx/5cf6c033e4e24029a4c98e83a5442c07~tplv-f042mdwyw7-original:tplv-resize:640:0.image?psm=motor.pc_sh.api,1,0,,,0,0,0,dongchedi_usedcar_series,2026-07-08T21:14:45+08:00
fc6b97bf93a68287b5cecc21,9028,24,沃尔沃,沃尔沃EX30,https://p9-dcd.byteimg.com/tos-cn-i-dcdx/b38da36d69f74ddda97b455c0e8a7e98~tplv-resize:640:0.png?psm=motor.rank.data,3,210,销量榜,40,9,0,9,dongchedi_ranking|dongchedi_usedcar_series,2026-07-08T21:14:45+08:00
1116f9f82805c857239b28ec,9029,366,宝骏,云朵,https://p9-dcd.byteimg.com/tos-cn-i-dcdx/f7956c20545c4c87ba29f4b30e6caaf9~tplv-f042mdwyw7-original:tplv-resize:640:0.image?psm=motor.pc_sh.api,1,0,,,0,0,0,dongchedi_usedcar_series,2026-07-08T21:14:45+08:00
cdcb87b6d947f6bb8a968d12,9032,39,五菱汽车,五菱星云,https://p3-dcd.byteimg.com/tos-cn-i-dcdx/8e1e7ccb63a5461ca752b715b97dcba2~tplv-f042mdwyw7-original:tplv-resize:640:0.image?psm=motor.pc_sh.api,1,0,,,0,0,0,dongchedi_usedcar_series,2026-07-08T21:14:45+08:00
9de308be31306748716ed51b,9035,241,红星汽车,红星BOX1,https://p3-dcd.byteimg.com/tos-cn-i-dcdx/96bb933c445340be9519d570203cc4d6~tplv-f042mdwyw7-original:tplv-resize:640:0.image?psm=motor.pc_sh.api,1,0,,,0,0,0,dongchedi_usedcar_series,2026-07-08T21:14:45+08:00
a1973fe85b18a353d3be66ad,9036,11,现代,伊兰特Elantra N,https://p9-dcd.byteimg.com/tos-cn-i-dcdx/95542f7dfca94027993580edb518f5e4~tplv-f042mdwyw7-original:tplv-resize:640:0.image?psm=motor.pc_sh.api,1,0,,,0,0,0,dongchedi_usedcar_series,2026-07-08T21:14:45+08:00
7042523f0fdecafdaeeaab04,9073,922,世极,世极,https://p3-dcd.byteimg.com/tos-cn-i-dcdx/4804b3e2f21e439287948de59446a90d~tplv-f042mdwyw7-original:tplv-resize:640:0.image?psm=motor.pc_sh.api,1,0,,,0,0,0,dongchedi_usedcar_series,2026-07-08T21:14:45+08:00
015f4dc3b19b04075344766e,9100,80,阿斯顿·马丁,阿斯顿·马丁DB12,https://p3-dcd.byteimg.com/tos-cn-i-dcdx/70c24177516344c6a47258ace70ed4ae~tplv-f042mdwyw7-original:tplv-resize:640:0.image?psm=motor.pc_sh.api,1,0,,,0,0,0,dongchedi_usedcar_series,2026-07-08T21:14:45+08:00
6a2ebee850f520887ac5e94d,9113,17,哈弗,哈弗猛龙PHEV,https://p9-dcd.byteimg.com/tos-cn-i-dcdx/213983851d424486ae8ad8908171174d~tplv-resize:640:0.png?psm=motor.rank.data,3,283,销量榜,2,12,3,15,dongchedi_ranking|dongchedi_usedcar_series,2026-07-08T21:14:45+08:00
5af64aaf177f32f5da799369,9118,419,智己汽车,智己LS6,https://p9-dcd.byteimg.com/tos-cn-i-dcdx/4dda84ada8c540bc86aa3324ecc3aa88~tplv-resize:640:0.png?psm=motor.rank.data,3,186,销量榜,23,10,16,26,dongchedi_ranking|dongchedi_usedcar_series,2026-07-08T21:14:45+08:00
dec9c27350c24768ec6edc96,9125,36,荣威,荣威D7 EV,https://p9-dcd.byteimg.com/tos-cn-i-dcdx/279198c170654088bb304d89cfc3d72f~tplv-resize:640:0.png?psm=motor.rank.data,3,345,销量榜,44,7,0,7,dongchedi_ranking|dongchedi_usedcar_series,2026-07-08T21:14:45+08:00
c13cb5921e4364580d8c67eb,9126,112,蔚来,蔚来ET5T,https://p9-dcd.byteimg.com/tos-cn-i-dcdx/2cc80e69fbc0418188933b0cdadf045a~tplv-resize:640:0.png?psm=motor.rank.data,3,283,销量榜,8,6,7,13,dongchedi_ranking|dongchedi_usedcar_series,2026-07-08T21:14:45+08:00
f8fae429400700b66a93850a,9128,426,极氪,ZEEKR 007,https://p9-dcd.byteimg.com/tos-cn-i-dcdx/35ab5892741442708acdd97c41d971b4~tplv-resize:640:0.png?psm=motor.rank.data,3,210,销量榜,7,9,11,20,dongchedi_ranking|dongchedi_usedcar_series,2026-07-08T21:14:45+08:00
fd09ab02798c7ebd14a9bf92,9129,870,长安启源,长安启源A05经典,https://p3-dcd.byteimg.com/tos-cn-i-dcdx/90024992da744ec1a944c8bca7fb6a3d~tplv-f042mdwyw7-original:tplv-resize:640:0.image?psm=motor.pc_sh.api,1,0,,,0,0,0,dongchedi_usedcar_series,2026-07-08T21:14:45+08:00
b0b7fa772692ef32dc84c780,9131,878,ROX极石,极石01,https://p9-dcd.byteimg.com/tos-cn-i-dcdx/e67441b6c5234d90aba5de4e0f2565cc~tplv-resize:640:0.png?psm=motor.rank.data,3,283,销量榜,4,4,2,6,dongchedi_ranking|dongchedi_usedcar_series,2026-07-08T21:14:45+08:00
ec18e54af31050398f23d645,9132,870,长安启源,长安启源A06经典,https://p3-dcd.byteimg.com/tos-cn-i-dcdx/1cc1c5767ddb4643adab81400ce0a4ef~tplv-f042mdwyw7-original:tplv-resize:640:0.image?psm=motor.pc_sh.api,1,0,,,0,0,0,dongchedi_usedcar_series,2026-07-08T21:14:45+08:00
5cd90c44e460f2eb6d1c6c85,9149,108,大通,星际,https://p3-dcd.byteimg.com/tos-cn-i-dcdx/624bdb4dad8642a1afc9e4ed1b64f6e5~tplv-f042mdwyw7-original:tplv-resize:640:0.image?psm=motor.pc_sh.api,1,0,,,0,0,0,dongchedi_usedcar_series,2026-07-08T21:14:45+08:00
7961275e2e1bb9450ca51ef3,9156,79,东风小康,东风小康EC36Ⅱ,https://p3-dcd.byteimg.com/tos-cn-i-dcdx/665d4bfc6ec8414d802887fc1fc8bb9a~tplv-f042mdwyw7-original:tplv-resize:640:0.image?psm=motor.pc_sh.api,1,0,,,0,0,0,dongchedi_usedcar_series,2026-07-08T21:14:45+08:00
f12cc6f09cada5daa3278fe4,9158,209,捷途,捷途X70 PRO,https://p9-dcd.byteimg.com/tos-cn-i-dcdx/53ebc289ee634445bf392f8c9c3c2074~tplv-f042mdwyw7-original:tplv-resize:640:0.image?psm=motor.pc_sh.api,1,0,,,0,0,0,dongchedi_usedcar_series,2026-07-08T21:14:45+08:00
3d17cc14402f19bd40649e88,9167,395,岚图,岚图追光 PHEV,https://p9-dcd.byteimg.com/tos-cn-i-dcdx/f403f07775ae4a8f8f23694d07236baa~tplv-resize:640:0.png?psm=motor.rank.data,3,45,销量榜,61,2,0,2,dongchedi_ranking|dongchedi_usedcar_series,2026-07-08T21:14:45+08:00
633ed8dd3e16c19cf2faee87,9173,36,荣威,荣威D7 DMH,https://p9-dcd.byteimg.com/tos-cn-i-dcdx/8f5ff099d811440e9765d3840d675d6c~tplv-resize:640:0.png?psm=motor.rank.data,3,210,销量榜,29,3,3,6,dongchedi_ranking|dongchedi_usedcar_series,2026-07-08T21:14:45+08:00
32770f2fccfbf93b1a76bbf5,9179,176,ARCFOX极狐,极狐 阿尔法S5,https://p9-dcd.byteimg.com/tos-cn-i-dcdx/5dbe7533a7384d43aff84fc56d4fde0d~tplv-resize:640:0.png?psm=motor.rank.data,3,251,销量榜,10,16,4,20,dongchedi_ranking|dongchedi_usedcar_series,2026-07-08T21:14:45+08:00
04de69c93b87b53b9303d83a,9181,92,东风风度,帕拉丁,https://p9-dcd.byteimg.com/tos-cn-i-dcdx/ab5da0d50cde4b7d9281b0217f8d938b~tplv-resize:640:0.png?psm=motor.rank.data,3,218,销量榜,70,19,2,21,dongchedi_ranking|dongchedi_usedcar_series,2026-07-08T21:14:45+08:00
b1fbda1c87e34ed47f7f5f71,9184,40,广汽传祺,传祺E8 PHEV,https://p9-dcd.byteimg.com/tos-cn-i-dcdx/fefe8358154f45349d6dd4827928a8d6~tplv-resize:640:0.png?psm=motor.rank.data,3,283,销量榜,2,6,8,14,dongchedi_ranking|dongchedi_usedcar_series,2026-07-08T21:14:45+08:00
19cf329728be4557731099e1,9186,30,凯迪拉克,IQ傲歌,https://p9-dcd.byteimg.com/tos-cn-i-dcdx/7b2da229d20644de9d3ed0dbc861418a~tplv-resize:640:0.png?psm=motor.rank.data,3,210,销量榜,55,2,0,2,dongchedi_ranking|dongchedi_usedcar_series,2026-07-08T21:14:45+08:00
7c399b971037fe42811e1a25,9187,40,广汽传祺,传祺ES9 PHEV,https://p9-dcd.byteimg.com/tos-cn-i-dcdx/da5b16db509a49dbb1531f0bb7f3708b~tplv-resize:640:0.png?psm=motor.rank.data,3,210,销量榜,43,4,3,7,dongchedi_ranking|dongchedi_usedcar_series,2026-07-08T21:14:45+08:00
94a937e82993a5cfc636f7d7,9188,108,大通,大通G70,https://p9-dcd.byteimg.com/tos-cn-i-dcdx/e5773a7982d5488488c634703c9736d1~tplv-resize:640:0.png?psm=motor.rank.data,3,218,销量榜,15,2,11,13,dongchedi_ranking|dongchedi_usedcar_series,2026-07-08T21:14:45+08:00
b5b74c79b66df03415164e2b,9208,199,哪吒汽车,哪吒AYA,https://p9-dcd.byteimg.com/tos-cn-i-dcdx/181eb1cb372d46b292dc0c4da1a252a3~tplv-f042mdwyw7-original:tplv-resize:640:0.image?psm=motor.pc_sh.api,1,0,,,0,0,0,dongchedi_usedcar_series,2026-07-08T21:14:45+08:00
727712208a84d6121a338dca,9210,6,雪佛兰,巡领者,https://p3-dcd.byteimg.com/tos-cn-i-dcdx/b417a6bb267e4335bff173db81000451~tplv-f042mdwyw7-original:tplv-resize:640:0.image?psm=motor.pc_sh.api,1,0,,,0,0,0,dongchedi_usedcar_series,2026-07-08T21:14:45+08:00
ae90448225cf80fbdadf0f35,9211,515,深蓝汽车,深蓝G318,https://p9-dcd.byteimg.com/tos-cn-i-dcdx/e07d2a6bbe1243e1979bc2d6893964d3~tplv-resize:640:0.png?psm=motor.rank.data,3,283,销量榜,4,3,6,9,dongchedi_ranking|dongchedi_usedcar_series,2026-07-08T21:14:45+08:00
87d2d660b9919f2c60bd9396,9216,425,坦克,赛博坦克300,https://p3-dcd.byteimg.com/tos-cn-i-dcdx/585c9f89a4c843be90d8e0577387148e~tplv-f042mdwyw7-original:tplv-resize:640:0.image?psm=motor.pc_sh.api,1,0,,,0,0,0,dongchedi_usedcar_series,2026-07-08T21:14:45+08:00
d164b6f731a714b89c50ce10,9224,4,宝马,宝马i5,https://p9-dcd.byteimg.com/tos-cn-i-dcdx/11076f99f1a44da590f50844645138d7~tplv-resize:640:0.png?psm=motor.rank.data,3,283,销量榜,4,6,10,16,dongchedi_ranking|dongchedi_usedcar_series,2026-07-08T21:14:45+08:00
e6ce26d0d3a8dac0f99ff752,9225,883,智界,智界S7,https://p9-dcd.byteimg.com/tos-cn-i-dcdx/18497615456c401d95e7d5e79c184e55~tplv-resize:640:0.png?psm=motor.rank.data,3,210,销量榜,35,8,14,22,dongchedi_ranking|dongchedi_usedcar_series,2026-07-08T21:14:45+08:00
34ed1f1acb6f8d23c3a0d32c,9234,39,五菱汽车,五菱星光EV,https://p9-dcd.byteimg.com/tos-cn-i-dcdx/f6a280c8e57e47b9b0be62d706190714~tplv-resize:640:0.png?psm=motor.rank.data,3,210,销量榜,49,3,2,5,dongchedi_ranking|dongchedi_usedcar_series,2026-07-08T21:14:45+08:00
f6885badec0374c208c28d06,9235,39,五菱汽车,五菱星光PHEV,https://p9-dcd.byteimg.com/tos-cn-i-dcdx/8924355e448749aa9288b46515577d4d~tplv-resize:640:0.png?psm=motor.rank.data,3,210,销量榜,13,3,6,9,dongchedi_ranking|dongchedi_usedcar_series,2026-07-08T21:14:45+08:00
c5c00bc19ffba5be4231a79e,9237,13,起亚,起亚EV5,https://p9-dcd.byteimg.com/tos-cn-i-dcdx/8c0e92457a3c418d96d170d35af6afd6~tplv-resize:640:0.png?psm=motor.rank.data,2,356,销量榜,45,12,6,18,dongchedi_ranking,2026-07-08T21:14:45+08:00
3cc72198c0573f74895d0c6b,9241,108,大通,大拿V1,https://p3-dcd.byteimg.com/tos-cn-i-dcdx/fa76e249b369452aac4f8ba916c8ec99~tplv-f042mdwyw7-original:tplv-resize:640:0.image?psm=motor.pc_sh.api,1,0,,,0,0,0,dongchedi_usedcar_series,2026-07-08T21:14:45+08:00
f1b5db937671097b753bd38b,9242,870,长安启源,长安启源Q05经典,https://p3-dcd.byteimg.com/tos-cn-i-dcdx/6d8aba34e5be4ed88438323037606eda~tplv-f042mdwyw7-original:tplv-resize:640:0.image?psm=motor.pc_sh.api,1,0,,,0,0,0,dongchedi_usedcar_series,2026-07-08T21:14:45+08:00
5247ef4ad336bde7dddd1841,9243,512,江淮瑞风,瑞风RF8 PHEV,https://p9-dcd.byteimg.com/tos-cn-i-dcdx/809daf18f7fc4be1b137dd84e32a34ab~tplv-resize:640:0.png?psm=motor.rank.data,3,356,销量榜,11,9,0,9,dongchedi_ranking|dongchedi_usedcar_series,2026-07-08T21:14:45+08:00
715a2a83cd5ba95402af5506,9246,861,方程豹,豹8,https://p9-dcd.byteimg.com/tos-cn-i-dcdx/3d02ebd0c5fe4c4bb8b3ed5d9078a8f1~tplv-resize:640:0.png?psm=motor.rank.data,3,210,销量榜,20,3,10,13,dongchedi_ranking|dongchedi_usedcar_series,2026-07-08T21:14:45+08:00
15d43b0ba656201310992e53,9249,861,方程豹,钛3,https://p9-dcd.byteimg.com/tos-cn-i-dcdx/b346019c287c4d91993940c214b5e212~tplv-resize:640:0.png?psm=motor.rank.data,3,283,销量榜,5,8,1,9,dongchedi_ranking|dongchedi_usedcar_series,2026-07-08T21:14:45+08:00
e10f1c6f1378c148346e985d,9255,198,瑞驰,瑞驰EC75,https://p9-dcd.byteimg.com/tos-cn-i-dcdx/ef7b5597a77c48f4948d0ec2d36733df~tplv-resize:640:0.png?psm=motor.rank.data,3,250,销量榜,30,35,5,40,dongchedi_ranking|dongchedi_usedcar_series,2026-07-08T21:14:45+08:00
1cccd2225c817e1674f4f76d,9257,247,领途汽车,缤纷,https://p9-dcd.byteimg.com/tos-cn-i-dcdx/77caa95b99dc4b8f9660ced5b216cfbe~tplv-f042mdwyw7-original:tplv-resize:640:0.image?psm=motor.pc_sh.api,1,0,,,0,0,0,dongchedi_usedcar_series,2026-07-08T21:14:45+08:00
290130d748318d55602f1822,9261,891,东风奕派,纳米01,https://p9-dcd.byteimg.com/tos-cn-i-dcdx/fa491ccc0e4747f18a782b441836de1d~tplv-resize:640:0.png?psm=motor.rank.data,3,210,销量榜,26,10,17,27,dongchedi_ranking|dongchedi_usedcar_series,2026-07-08T21:14:45+08:00
870691bf82c1471cc6134d0c,9262,24,沃尔沃,沃尔沃EM90,https://p9-dcd.byteimg.com/tos-cn-i-dcdx/a8576dde5a0b482ca4fbd49702adc93f~tplv-resize:640:0.png?psm=motor.rank.data,3,210,销量榜,8,2,0,2,dongchedi_ranking|dongchedi_usedcar_series,2026-07-08T21:14:45+08:00
f46a2180b6e1d73b98569456,9264,260,捷达,捷达VS8,https://p9-dcd.byteimg.com/tos-cn-i-dcdx/d14175e3a62b4beaaac07067e46a9907~tplv-resize:640:0.png?psm=motor.rank.data,3,155,销量榜,42,4,0,4,dongchedi_ranking|dongchedi_usedcar_series,2026-07-08T21:14:45+08:00
72f8f0f920d64f17c7c319e5,9266,207,零跑汽车,零跑B01,https://p9-dcd.byteimg.com/tos-cn-i-dcdx/5be73db764e24be994db9929909433f4~tplv-resize:640:0.png?psm=motor.rank.data,3,283,销量榜,16,6,0,6,dongchedi_ranking|dongchedi_usedcar_series,2026-07-08T21:14:45+08:00
1591d93ba08c20b394dd910a,9267,207,零跑汽车,零跑A10,https://p9-dcd.byteimg.com/tos-cn-i-dcdx/f7fcad59141d4157bdeff5f7ee2e5d9e~tplv-resize:640:0.png?psm=motor.rank.data,3,183,销量榜,1,4,0,4,dongchedi_ranking|dongchedi_usedcar_series,2026-07-08T21:14:45+08:00
1bc878edaf81993e6ed86b17,9268,207,零跑汽车,零跑B10,https://p9-dcd.byteimg.com/tos-cn-i-dcdx/37728f4ddf574234b6b4cba25ab3e26a~tplv-resize:640:0.png?psm=motor.rank.data,3,283,销量榜,11,5,0,5,dongchedi_ranking|dongchedi_usedcar_series,2026-07-08T21:14:45+08:00
d0de333c2db48e1359cc2f48,9275,85,莲花跑车,Emeya,https://p3-dcd.byteimg.com/tos-cn-i-dcdx/966b69cb8db04cf194abcdbaf198be9f~tplv-f042mdwyw7-original:tplv-resize:640:0.image?psm=motor.pc_sh.api,1,0,,,0,0,0,dongchedi_usedcar_series,2026-07-08T21:14:45+08:00
628739011561041cea81c7a1,9307,207,零跑汽车,零跑C10,https://p9-dcd.byteimg.com/tos-cn-i-dcdx/0e4fde91715f4f0ab847dc04191c6c5a~tplv-resize:640:0.png?psm=motor.rank.data,3,186,销量榜,12,9,7,16,dongchedi_ranking|dongchedi_usedcar_series,2026-07-08T21:14:45+08:00
59f76f5fa4b3bba48e8b5480,9312,199,哪吒汽车,哪吒X,https://p9-dcd.byteimg.com/tos-cn-i-dcdx/3059efaeb1a34d239cfd8773daf6affa~tplv-f042mdwyw7-original:tplv-resize:640:0.image?psm=motor.pc_sh.api,1,0,,,0,0,0,dongchedi_usedcar_series,2026-07-08T21:14:45+08:00
ff6e46ba4b4bdcb77b6f560a,9324,546,仰望,仰望U7 EV,https://p9-dcd.byteimg.com/tos-cn-i-dcdx/fcbf4c2c6b6d4c8781f90e2b8249e32c~tplv-resize:640:0.png?psm=motor.rank.data,2,210,销量榜,10,3,2,5,dongchedi_ranking,2026-07-08T21:14:45+08:00
6c5d3a87b7df246339427b4f,9343,10,日产,探陆,https://p9-dcd.byteimg.com/tos-cn-i-dcdx/1e9d215e79504327b7fcee191d8caaf4~tplv-resize:640:0.png?psm=motor.rank.data,3,218,销量榜,45,8,0,8,dongchedi_ranking|dongchedi_usedcar_series,2026-07-08T21:14:45+08:00
44dcba4c1c50fee5f9932f24,9345,880,广汽昊铂,昊铂HT,https://p9-dcd.byteimg.com/tos-cn-i-dcdx/b63ab8d60d9144f89285ccb2acb2bcc3~tplv-resize:640:0.png?psm=motor.rank.data,3,283,销量榜,35,4,14,18,dongchedi_ranking|dongchedi_usedcar_series,2026-07-08T21:14:45+08:00
bdbfeff2805130bad87ab9fd,9346,10425,捷途山海,捷途山海L9,https://p9-dcd.byteimg.com/tos-cn-i-dcdx/89517be1299f435a8be6fdadb179abcb~tplv-resize:640:0.png?psm=motor.rank.data,3,27,销量榜,102,8,5,13,dongchedi_ranking|dongchedi_usedcar_series,2026-07-08T21:14:45+08:00
c21cec1300b3a2e3cd05e587,9347,36,荣威,荣威D5X DMH,https://p9-dcd.byteimg.com/tos-cn-i-dcdx/5f76e3a9f0684a529d8a128efb9bb365~tplv-resize:640:0.png?psm=motor.rank.data,3,210,销量榜,43,3,1,4,dongchedi_ranking|dongchedi_usedcar_series,2026-07-08T21:14:45+08:00
8e17bcd7940a1ab78cdb45c5,9349,891,东风奕派,奕派007,https://p9-dcd.byteimg.com/tos-cn-i-dcdx/5c8bba8dfcbf42aa8bc0803416b2af28~tplv-resize:640:0.png?psm=motor.rank.data,3,251,销量榜,38,8,24,32,dongchedi_ranking|dongchedi_usedcar_series,2026-07-08T21:14:45+08:00
84e3d14f82f750378aef6b71,9350,7,福特,福特烈马,https://p9-dcd.byteimg.com/tos-cn-i-dcdx/932c9224fa6c4c1a990ca6a3cbcb70ee~tplv-resize:640:0.png?psm=motor.rank.data,3,218,销量榜,39,17,0,17,dongchedi_ranking|dongchedi_usedcar_series,2026-07-08T21:14:45+08:00
d055f90eb5fd406eb5cb26d4,9374,70,东风风行,星海V9,https://p9-dcd.byteimg.com/tos-cn-i-dcdx/d061bae540394dbd820b2c7b2c49da26~tplv-resize:640:0.png?psm=motor.rank.data,3,283,销量榜,5,9,8,17,dongchedi_ranking|dongchedi_usedcar_series,2026-07-08T21:14:45+08:00
c43be3523ad4288578ba3abb,9428,901,灵悉,灵悉L,https://p9-dcd.byteimg.com/tos-cn-i-dcdx/11a62ecc117449038c3ed3271aa6752a~tplv-resize:640:0.png?psm=motor.rank.data,3,283,销量榜,49,2,1,3,dongchedi_ranking|dongchedi_usedcar_series,2026-07-08T21:14:45+08:00
b41070bb42099d3a16c6fa62,9436,10409,奇瑞风云,风云T11,https://p9-dcd.byteimg.com/tos-cn-i-dcdx/02ef0c5c98c34e6680acc0b9c0bd9f83~tplv-resize:640:0.png?psm=motor.rank.data,3,283,销量榜,3,4,0,4,dongchedi_ranking|dongchedi_usedcar_series,2026-07-08T21:14:45+08:00
ea9d144eb0505c5d2550936e,9440,2,奥迪,奥迪Q6L e-tron,https://p9-dcd.byteimg.com/tos-cn-i-dcdx/1f311892889a4fcbb1744f908e4590b0~tplv-resize:640:0.png?psm=motor.rank.data,3,328,销量榜,1,5,0,5,dongchedi_ranking|dongchedi_usedcar_series,2026-07-08T21:14:45+08:00
07f7319db650145cb8cd6b31,9469,536,越界,越界R6,https://p3-dcd.byteimg.com/tos-cn-i-dcdx/482478f0043d49f8b08aa585032083e2~tplv-f042mdwyw7-original:tplv-resize:640:0.image?psm=motor.pc_sh.api,1,0,,,0,0,0,dongchedi_usedcar_series,2026-07-08T21:14:45+08:00
529df6df007b9138a928f423,9486,882,江淮汽车,江淮X8 PLUS,https://p9-dcd.byteimg.com/tos-cn-i-dcdx/cf84c6dcdafb46cbbde7cd49e3cd70df~tplv-resize:640:0.png?psm=motor.rank.data,3,7,销量榜,266,12,19,31,dongchedi_ranking|dongchedi_usedcar_series,2026-07-08T21:14:45+08:00
cc481410bd73e42edf010185,9492,73,吉利汽车,豪越PRO,https://p3-dcd.byteimg.com/tos-cn-i-dcdx/2f083c15848c475fa3f2f0abc95d3389~tplv-f042mdwyw7-original:tplv-resize:640:0.image?psm=motor.pc_sh.api,1,0,,,0,0,0,dongchedi_usedcar_series,2026-07-08T21:14:45+08:00
82a461432e16f76ef098df24,9494,13,起亚,索奈,https://p9-dcd.byteimg.com/tos-cn-i-dcdx/f51d6641c9c34d02b7833d4b2f9fd602~tplv-resize:640:0.png?psm=motor.rank.data,3,210,销量榜,12,2,0,2,dongchedi_ranking|dongchedi_usedcar_series,2026-07-08T21:14:45+08:00
ec2022fa99744e91301a8b47,9500,10409,奇瑞风云,风云T9,https://p9-dcd.byteimg.com/tos-cn-i-dcdx/34abc20736c5446cbe7f2fa1fb15d796~tplv-resize:640:0.png?psm=motor.rank.data,3,70,销量榜,27,7,14,21,dongchedi_ranking|dongchedi_usedcar_series,2026-07-08T21:14:45+08:00
1b9569c152b91340695bd5a1,9505,39,五菱汽车,五菱扬光,https://p3-dcd.byteimg.com/tos-cn-i-dcdx/96e44d287a74430393fcdb60bfc16fd0~tplv-f042mdwyw7-original:tplv-resize:640:0.image?psm=motor.pc_sh.api,1,0,,,0,0,0,dongchedi_usedcar_series,2026-07-08T21:14:45+08:00
5afbb4d3925b2d67d3f83aca,9535,906,巴菲特,巴菲特S,https://p3-dcd.byteimg.com/tos-cn-i-dcdx/d8fad63e999f4c8cbaa3ff8b326883dd~tplv-f042mdwyw7-original:tplv-resize:640:0.image?psm=motor.pc_sh.api,1,0,,,0,0,0,dongchedi_usedcar_series,2026-07-08T21:14:45+08:00
a3f4d45e09031f0f5e0f96e7,9563,5,丰田,TGS Land Cruiser 70,https://p3-dcd.byteimg.com/tos-cn-i-dcdx/c9834f1b777b494e8fc503b042f73c4f~tplv-f042mdwyw7-original:tplv-resize:640:0.image?psm=motor.pc_sh.api,1,0,,,0,0,0,dongchedi_usedcar_series,2026-07-08T21:14:45+08:00
533960b617d60094facdf113,9581,145,Lorinser,艾奈斯威霆,https://p9-dcd.byteimg.com/tos-cn-i-dcdx/2fef4d50e876481b8f082e10f2b51320~tplv-f042mdwyw7-original:tplv-resize:640:0.image?psm=motor.pc_sh.api,1,0,,,0,0,0,dongchedi_usedcar_series,2026-07-08T21:14:45+08:00
ae50143dc1f47821cdc33b68,9583,76,猎豹汽车,猎豹CS01,https://p3-dcd.byteimg.com/tos-cn-i-dcdx/05df1f10102a4a29bc0e40e84fa3b1e0~tplv-f042mdwyw7-original:tplv-resize:640:0.image?psm=motor.pc_sh.api,1,0,,,0,0,0,dongchedi_usedcar_series,2026-07-08T21:14:45+08:00
614e670d99486af47256bc6a,9603,877,菱势汽车,菱势黄金仓,https://p9-dcd.byteimg.com/tos-cn-i-dcdx/b0ae892feb51492b8d2ee7775575f61b~tplv-f042mdwyw7-original:tplv-resize:640:0.image?psm=motor.pc_sh.api,1,0,,,0,0,0,dongchedi_usedcar_series,2026-07-08T21:14:45+08:00
1980613ba132f9a0d1d59487,9635,35,长安,猎手,https://p9-dcd.byteimg.com/tos-cn-i-dcdx/5c5f6ad9ad1b4099bdfbcb771507008e~tplv-f042mdwyw7-original:tplv-resize:640:0.image?psm=motor.pc_sh.api,1,0,,,0,0,0,dongchedi_usedcar_series,2026-07-08T21:14:45+08:00
306308c8999a371da5413b40,9636,425,坦克,坦克700 Hi4-T,https://p9-dcd.byteimg.com/tos-cn-i-dcdx/525b2e850f294a4c8290558edc953322~tplv-resize:640:0.png?psm=motor.rank.data,3,273,销量榜,4,4,0,4,dongchedi_ranking|dongchedi_usedcar_series,2026-07-08T21:14:45+08:00
bc1775b70e39ce610cf338a2,9641,10425,捷途山海,捷途山海T1,https://p9-dcd.byteimg.com/tos-cn-i-dcdx/a811387c09e444e2bbd19e2f37d750f2~tplv-resize:640:0.png?psm=motor.rank.data,3,283,销量榜,30,11,3,14,dongchedi_ranking|dongchedi_usedcar_series,2026-07-08T21:14:45+08:00
71ab31aaa1c21524c7b75195,9642,870,长安启源,长安启源E07,https://p9-dcd.byteimg.com/tos-cn-i-dcdx/a0212634414e45f59deaa96ce4ee4977~tplv-resize:640:0.png?psm=motor.rank.data,3,251,销量榜,68,6,11,17,dongchedi_ranking|dongchedi_usedcar_series,2026-07-08T21:14:45+08:00
ee1f8e3ee5bd1555960f9ad7,9647,52,北京越野,北京越野BJ60增程,https://p9-dcd.byteimg.com/tos-cn-i-dcdx/831fa1fd08fb4dcab8282ad77de92e85~tplv-resize:640:0.png?psm=motor.rank.data,3,283,销量榜,9,6,0,6,dongchedi_ranking|dongchedi_usedcar_series,2026-07-08T21:14:45+08:00
a5490e91da1c3f2fe6982290,9649,209,捷途,捷途X70 C-DM,https://p9-dcd.byteimg.com/tos-cn-i-dcdx/72cb17f75c794414b1fd58feb5e7956a~tplv-f042mdwyw7-original:tplv-resize:640:0.image?psm=motor.pc_sh.api,1,0,,,0,0,0,dongchedi_usedcar_series,2026-07-08T21:14:45+08:00
7230ccc47d86223b115d9707,9650,10409,奇瑞风云,风云T6,https://p9-dcd.byteimg.com/tos-cn-i-dcdx/331d43aa02e749b1a50e25511231b28b~tplv-f042mdwyw7-original:tplv-resize:640:0.image?psm=motor.pc_sh.api,1,0,,,0,0,0,dongchedi_usedcar_series,2026-07-08T21:14:45+08:00
fdd3680f59c2626e3378a27d,9651,35,长安,长安UNI-Z PHEV,https://p9-dcd.byteimg.com/tos-cn-i-dcdx/75826447e3d64b02a31b4e6777bfb54f~tplv-resize:640:0.png?psm=motor.rank.data,3,210,销量榜,5,8,1,9,dongchedi_ranking|dongchedi_usedcar_series,2026-07-08T21:14:45+08:00
54c73ef624a88ad50c8b0a7d,9657,5,丰田,铂智7,https://p9-dcd.byteimg.com/tos-cn-i-dcdx/c439a3dbcd4646909a7361f90521bda6~tplv-resize:640:0.png?psm=motor.rank.data,3,253,销量榜,5,5,0,5,dongchedi_ranking|dongchedi_usedcar_series,2026-07-08T21:14:45+08:00
df72e8b3951c986f90debcf6,9660,419,智己汽车,智己L6,https://p9-dcd.byteimg.com/tos-cn-i-dcdx/8c0f45ab237c427e8f381094eeafb02b~tplv-resize:640:0.png?psm=motor.rank.data,3,210,销量榜,19,4,6,10,dongchedi_ranking|dongchedi_usedcar_series,2026-07-08T21:14:45+08:00
0b2e0f6d2f3b0a20b7c40f44,9663,856,中国重汽,搏胜,https://p9-dcd.byteimg.com/tos-cn-i-dcdx/943ea03cad90490981097e797e2e218a~tplv-f042mdwyw7-original:tplv-resize:640:0.image?psm=motor.pc_sh.api,1,0,,,0,0,0,dongchedi_usedcar_series,2026-07-08T21:14:45+08:00
410dc29c8cb746203d04c555,9668,5,丰田,铂智4X,https://p9-dcd.byteimg.com/tos-cn-i-dcdx/f25ce1a1536a400d801b652ca91366ba~tplv-resize:640:0.png?psm=motor.rank.data,3,273,销量榜,39,4,4,8,dongchedi_ranking|dongchedi_usedcar_series,2026-07-08T21:14:45+08:00
f75b9c2193ca0facbc679286,9682,199,哪吒汽车,哪吒L,https://p9-dcd.byteimg.com/tos-cn-i-dcdx/7c9a57b8f81641d99193dd643992e48f~tplv-f042mdwyw7-original:tplv-resize:640:0.image?psm=motor.pc_sh.api,1,0,,,0,0,0,dongchedi_usedcar_series,2026-07-08T21:14:45+08:00
06832704f3a94dcc2f1c5920,9683,35,长安,长安X5 PLUS,https://p9-dcd.byteimg.com/tos-cn-i-dcdx/cd244d8b1ce74e41adac4d863c8e6350~tplv-resize:640:0.png?psm=motor.rank.data,3,218,销量榜,6,5,12,17,dongchedi_ranking|dongchedi_usedcar_series,2026-07-08T21:14:45+08:00
3b83d799c8ad224d4ecf0b47,9684,35,长安,长安X7 PLUS,https://p9-dcd.byteimg.com/tos-cn-i-dcdx/399becc2e25a4244bf8823ca3fe64f57~tplv-resize:640:0.png?psm=motor.rank.data,3,48,销量榜,73,7,0,7,dongchedi_ranking|dongchedi_usedcar_series,2026-07-08T21:14:45+08:00
9d0e74384257d7cd8ba8ad20,9688,91,东风,御风EM27,https://p3-dcd.byteimg.com/tos-cn-i-dcdx/fd9e0f53f2f1452a81f5405589fae94d~tplv-f042mdwyw7-original:tplv-resize:640:0.image?psm=motor.pc_sh.api,1,0,,,0,0,0,dongchedi_usedcar_series,2026-07-08T21:14:45+08:00
823e5f094a2576fc9a5d4238,9689,16,比亚迪,元UP,https://p9-dcd.byteimg.com/tos-cn-i-dcdx/f3bd2e9744044187b726b05ecccdce42~tplv-resize:640:0.png?psm=motor.rank.data,3,283,销量榜,1,4,4,8,dongchedi_ranking|dongchedi_usedcar_series,2026-07-08T21:14:45+08:00
b49a84b8f432c784c189586e,9690,858,吉利银河,翼真L380,https://p9-dcd.byteimg.com/tos-cn-i-dcdx/cbea6811399a49e0b6ef635af46ea66e~tplv-resize:640:0.png?psm=motor.rank.data,3,55,销量榜,38,5,4,9,dongchedi_ranking|dongchedi_usedcar_series,2026-07-08T21:14:45+08:00
548f3ece126f083862b0caa9,9693,6,雪佛兰,探界者Plus,https://p9-dcd.byteimg.com/tos-cn-i-dcdx/c72150584c9144fb94b1eaa81df2b464~tplv-resize:640:0.png?psm=motor.rank.data,3,60,销量榜,107,4,0,4,dongchedi_ranking|dongchedi_usedcar_series,2026-07-08T21:14:45+08:00
0f2a2b1b9bc090d16e46cb33,9701,527,猛士,猛士M800,https://p3-dcd.byteimg.com/tos-cn-i-dcdx/5af5e3d69f5d4a32b3d41707f29031cf~tplv-f042mdwyw7-original:tplv-resize:640:0.image?psm=motor.pc_sh.api,1,0,,,0,0,0,dongchedi_usedcar_series,2026-07-08T21:14:45+08:00
5268c485446467bc5037655b,9707,112,蔚来,蔚来ET9,https://p9-dcd.byteimg.com/tos-cn-i-dcdx/85aac8869974493389b233359e0cdec0~tplv-resize:640:0.png?psm=motor.rank.data,3,210,销量榜,6,3,2,5,dongchedi_ranking|dongchedi_usedcar_series,2026-07-08T21:14:45+08:00
0f4796c2589c5db33ab3c75a,9723,52,北京越野,北京越野BJ40增程,https://p9-dcd.byteimg.com/tos-cn-i-dcdx/2756377bef83471397913c7e726b217a~tplv-resize:640:0.png?psm=motor.rank.data,3,283,销量榜,2,8,0,8,dongchedi_ranking|dongchedi_usedcar_series,2026-07-08T21:14:45+08:00
35349c2d6a7cac1b6c4484f1,9753,383,金冠汽车,宾歌T10,https://p3-dcd.byteimg.com/tos-cn-i-dcdx/b77f458f22a1460188f76c802705dc20~tplv-f042mdwyw7-original:tplv-resize:640:0.image?psm=motor.pc_sh.api,1,0,,,0,0,0,dongchedi_usedcar_series,2026-07-08T21:14:45+08:00
75e3ea930cf927b7a1b679a0,9761,195,小鹏汽车,小鹏P7+,https://p9-dcd.byteimg.com/tos-cn-i-dcdx/bdbf5c40371e43bebf44a85a60292a41~tplv-resize:640:0.png?psm=motor.rank.data,3,251,销量榜,14,7,1,8,dongchedi_ranking|dongchedi_usedcar_series,2026-07-08T21:14:45+08:00
95c305fa0d1f6c863bbac64a,9778,426,极氪,ZEEKR 7X,https://p9-dcd.byteimg.com/tos-cn-i-dcdx/5c1bfaaf6b9d448294c69698ce7cde5a~tplv-resize:640:0.png?psm=motor.rank.data,3,210,销量榜,9,3,3,6,dongchedi_ranking|dongchedi_usedcar_series,2026-07-08T21:14:45+08:00
1f9af4a8d501fd3a1115cca3,9782,57,福田,图雅诺X6,https://p9-dcd.byteimg.com/tos-cn-i-dcdx/f2bd497f9a0041989c00ed247c5a7e7d~tplv-f042mdwyw7-original:tplv-resize:640:0.image?psm=motor.pc_sh.api,1,0,,,0,0,0,dongchedi_usedcar_series,2026-07-08T21:14:45+08:00
9e23c69c057853c235f719c5,9792,871,江淮钇为,爱跑,https://p9-dcd.byteimg.com/tos-cn-i-dcdx/99c0e84612604e6bb00ed8b4c57a1ab5~tplv-resize:640:0.png?psm=motor.rank.data,2,210,销量榜,70,4,5,9,dongchedi_ranking,2026-07-08T21:14:45+08:00
7e455fc6ffe200f8be56b007,9793,65,MINI,电动MINI COOPER,https://p9-dcd.byteimg.com/tos-cn-i-dcdx/974b0ae60e0a4caabce19d22bcb2d5bf~tplv-resize:640:0.png?psm=motor.rank.data,3,9,销量榜,115,7,6,13,dongchedi_ranking|dongchedi_usedcar_series,2026-07-08T21:14:45+08:00
fecc60537f6592fd0fe0fa63,9794,168,知豆,知豆彩虹,https://p9-dcd.byteimg.com/tos-cn-i-dcdx/2423341df9e64b588bf3aa9fa66604d3~tplv-resize:640:0.png?psm=motor.rank.data,3,36,销量榜,97,3,5,8,dongchedi_ranking|dongchedi_usedcar_series,2026-07-08T21:14:45+08:00
694f6368453054136495369b,9796,16,比亚迪,秦L DM,https://p9-dcd.byteimg.com/tos-cn-i-dcdx/bd39ba753b9c4393b21bd28ad5603bed~tplv-resize:640:0.png?psm=motor.rank.data,3,283,销量榜,4,4,11,15,dongchedi_ranking|dongchedi_usedcar_series,2026-07-08T21:14:45+08:00
f06502cc28afb08cfeac2643,9804,193,鑫源汽车,鑫源E3L,https://p3-dcd.byteimg.com/tos-cn-i-dcdx/03c3bb2e0b2d43f7862f4bd8fea0ea27~tplv-f042mdwyw7-original:tplv-resize:640:0.image?psm=motor.pc_sh.api,1,0,,,0,0,0,dongchedi_usedcar_series,2026-07-08T21:14:45+08:00
dd307b5d27c7a4ec935ee4a8,9810,57,福田,钱多多,https://p9-dcd.byteimg.com/tos-cn-i-dcdx/3edae8cc563e4ec1b9e3859ac760822e~tplv-f042mdwyw7-original:tplv-resize:640:0.image?psm=motor.pc_sh.api,1,0,,,0,0,0,dongchedi_usedcar_series,2026-07-08T21:14:45+08:00
b718e9c72fc4a34e19f51ba2,9824,16,比亚迪,海豹06DM,https://p9-dcd.byteimg.com/tos-cn-i-dcdx/95f3af7983e74c418ed01255d3238efa~tplv-resize:640:0.png?psm=motor.rank.data,3,283,销量榜,5,9,5,14,dongchedi_ranking|dongchedi_usedcar_series,2026-07-08T21:14:45+08:00
09254b0b16d55075ed912cfa,9825,59,红旗,红旗HS7 PHEV,https://p9-dcd.byteimg.com/tos-cn-i-dcdx/17d4a93987364e6d86b916aba5d8ab99~tplv-resize:640:0.png?psm=motor.rank.data,3,283,销量榜,27,6,12,18,dongchedi_ranking|dongchedi_usedcar_series,2026-07-08T21:14:45+08:00
e9e8fa1db86204f1bcc9931c,9828,891,东风奕派,奕派008,https://p9-dcd.byteimg.com/tos-cn-i-dcdx/169f01392f75456d8d4a238f16bbb50c~tplv-resize:640:0.png?psm=motor.rank.data,3,251,销量榜,31,8,24,32,dongchedi_ranking|dongchedi_usedcar_series,2026-07-08T21:14:45+08:00
0c3331b984096c96184ec145,9829,108,大通,大家7超混,https://p9-dcd.byteimg.com/tos-cn-i-dcdx/c20bcc04c2e143a4a51c2d2ddda8831a~tplv-resize:640:0.png?psm=motor.rank.data,3,283,销量榜,19,10,10,20,dongchedi_ranking|dongchedi_usedcar_series,2026-07-08T21:14:45+08:00
dc003f1950b597d1aebd2dc0,9830,108,大通,大家9超混,https://p9-dcd.byteimg.com/tos-cn-i-dcdx/10e94b7311594ed68ff2b6152bf4b0c9~tplv-resize:640:0.png?psm=motor.rank.data,3,283,销量榜,28,3,22,25,dongchedi_ranking|dongchedi_usedcar_series,2026-07-08T21:14:45+08:00
eeca77df9c661b1fab8e2cba,9831,882,江淮汽车,江淮X8 E家,https://p9-dcd.byteimg.com/tos-cn-i-dcdx/44bd109db40447ae830d6c9e31546bfd~tplv-resize:640:0.png?psm=motor.rank.data,2,44,销量榜,105,16,0,16,dongchedi_ranking,2026-07-08T21:14:45+08:00
a1e0c5fd5e06a393148dc08c,9833,918,乐道,乐道L60,https://p9-dcd.byteimg.com/tos-cn-i-dcdx/133c0d2ef298402d8a7219822ab41cc7~tplv-resize:640:0.png?psm=motor.rank.data,3,283,销量榜,14,8,6,14,dongchedi_ranking|dongchedi_usedcar_series,2026-07-08T21:14:45+08:00
e0412b1104d777944cef88a1,9876,39,五菱汽车,五菱E5,https://p3-dcd.byteimg.com/tos-cn-i-dcdx/017a41fb9bde41f18f40048b761e3b0e~tplv-f042mdwyw7-original:tplv-resize:640:0.image?psm=motor.pc_sh.api,1,0,,,0,0,0,dongchedi_usedcar_series,2026-07-08T21:14:45+08:00
ead94e76ad6c5af3ab1f9f63,9877,209,捷途,捷途X90 PRO,https://p9-dcd.byteimg.com/tos-cn-i-dcdx/eba09f04c0784044869141b17c0aa979~tplv-f042mdwyw7-original:tplv-resize:640:0.image?psm=motor.pc_sh.api,1,0,,,0,0,0,dongchedi_usedcar_series,2026-07-08T21:14:45+08:00
3a3681da931d03355f7329e2,9882,199,哪吒汽车,哪吒S猎装,https://p9-dcd.byteimg.com/tos-cn-i-dcdx/6f203abd629940079685b89f9a9547b7~tplv-f042mdwyw7-original:tplv-resize:640:0.image?psm=motor.pc_sh.api,1,0,,,0,0,0,dongchedi_usedcar_series,2026-07-08T21:14:45+08:00
4b458be75b5a13cfa6ac40bc,9912,12,别克,别克GL8 PHEV,https://p9-dcd.byteimg.com/tos-cn-i-dcdx/bd3282d79812431f969493d86f94c9b5~tplv-resize:640:0.png?psm=motor.rank.data,3,283,销量榜,3,6,4,10,dongchedi_ranking|dongchedi_usedcar_series,2026-07-08T21:14:45+08:00
d3c901ed53b618ff72227992,9921,74,金杯,新海狮,https://p9-dcd.byteimg.com/tos-cn-i-dcdx/44093ee532b0417996f48fb3b64d15e5~tplv-f042mdwyw7-original:tplv-resize:640:0.image?psm=motor.pc_sh.api,1,0,,,0,0,0,dongchedi_usedcar_series,2026-07-08T21:14:45+08:00
1a0ab2204bb30b7248dd36e2,9924,39,五菱汽车,五菱缤果PLUS,https://p9-dcd.byteimg.com/tos-cn-i-dcdx/59f2a4184e454c1084b569571118d1a3~tplv-resize:640:0.png?psm=motor.rank.data,3,210,销量榜,50,5,0,5,dongchedi_ranking|dongchedi_usedcar_series,2026-07-08T21:14:45+08:00
59d4000b16b69d4377d7002a,9944,426,极氪,ZEEKR MIX,https://p9-dcd.byteimg.com/tos-cn-i-dcdx/c10237011403464c8c5a14efd8a6a72b~tplv-resize:640:0.png?psm=motor.rank.data,3,210,销量榜,28,2,0,2,dongchedi_ranking|dongchedi_usedcar_series,2026-07-08T21:14:45+08:00
34359a09893ffd949be9ca84,9945,65,MINI,电动MINI ACEMAN,https://p9-dcd.byteimg.com/tos-cn-i-dcdx/c1093102339940549ef3af5dc2fafee6~tplv-resize:640:0.png?psm=motor.rank.data,3,9,销量榜,202,5,1,6,dongchedi_ranking|dongchedi_usedcar_series,2026-07-08T21:14:45+08:00
4d77864c035dd45c5bc3c560,9947,931,享界,享界S9,https://p9-dcd.byteimg.com/tos-cn-i-dcdx/457e6642ebb84412ad1477e3deac32b1~tplv-resize:640:0.png?psm=motor.rank.data,3,186,销量榜,24,12,6,18,dongchedi_ranking|dongchedi_usedcar_series,2026-07-08T21:14:45+08:00
ffd2dc6a5c6ce964ccfaa55f,9950,10409,奇瑞风云,风云T10,https://p9-dcd.byteimg.com/tos-cn-i-dcdx/049b4d86e5a041cdaa0c5e190988db9a~tplv-resize:640:0.png?psm=motor.rank.data,3,10,销量榜,107,6,0,6,dongchedi_ranking|dongchedi_usedcar_series,2026-07-08T21:14:45+08:00
49a3e87340646ec0e8c4b0d9,9952,1,大众,与众06,https://p3-dcd.byteimg.com/tos-cn-i-dcdx/1c09d401e3ba4ba8b32cb9917e57145d~tplv-f042mdwyw7-original:tplv-resize:640:0.image?psm=motor.pc_sh.api,1,0,,,0,0,0,dongchedi_usedcar_series,2026-07-08T21:14:45+08:00
ddea77b650b8cda181f65760,9958,70,东风风行,星海S7,https://p9-dcd.byteimg.com/tos-cn-i-dcdx/74e72960fc1e4096822011d7bf0ff0fc~tplv-resize:640:0.png?psm=motor.rank.data,3,316,销量榜,35,18,5,23,dongchedi_ranking|dongchedi_usedcar_series,2026-07-08T21:14:45+08:00
46d5c376b150905ed78b0827,10022,366,宝骏,悦也Plus,https://p9-dcd.byteimg.com/tos-cn-i-dcdx/a328bf67b5d04e408c86069c85668e73~tplv-resize:640:0.png?psm=motor.rank.data,3,283,销量榜,38,7,2,9,dongchedi_ranking|dongchedi_usedcar_series,2026-07-08T21:14:45+08:00
0352668750222e96d863122b,10026,858,吉利银河,银河E5,https://p9-dcd.byteimg.com/tos-cn-i-dcdx/cc78c9cb168045de9b364f51140dafd5~tplv-resize:640:0.png?psm=motor.rank.data,3,283,销量榜,7,11,0,11,dongchedi_ranking|dongchedi_usedcar_series,2026-07-08T21:14:45+08:00
be301d3b90345c91d4063c83,10033,475,阿维塔,阿维塔 07,https://p9-dcd.byteimg.com/tos-cn-i-dcdx/8b7d620a07494ec4a54bbd467b1aa2da~tplv-resize:640:0.png?psm=motor.rank.data,3,224,销量榜,1,21,2,23,dongchedi_ranking|dongchedi_usedcar_series,2026-07-08T21:14:45+08:00
d6f5be8738d3c11f4511bf44,10040,909,iCAR,iCAR超级V23,https://p9-dcd.byteimg.com/tos-cn-i-dcdx/7120af1900bd4068a7fc25d34d3cc53c~tplv-resize:640:0.png?psm=motor.rank.data,3,283,销量榜,10,8,4,12,dongchedi_ranking|dongchedi_usedcar_series,2026-07-08T21:14:45+08:00
0864d95bf6345c3afb460e8b,10042,871,江淮钇为,花仙子,https://p9-dcd.byteimg.com/tos-cn-i-dcdx/3b220717367b44d984488841a7b9e1f8~tplv-f042mdwyw7-original:tplv-resize:640:0.image?psm=motor.pc_sh.api,1,0,,,0,0,0,dongchedi_usedcar_series,2026-07-08T21:14:45+08:00
465904f0a2f918c25408dfca,10070,159,腾势,腾势Z9GT EV,https://p9-dcd.byteimg.com/tos-cn-i-dcdx/1fbd29e0eb5e446fb6a278ed7f2fb73e~tplv-resize:640:0.png?psm=motor.rank.data,3,283,销量榜,6,5,0,5,dongchedi_ranking|dongchedi_usedcar_series,2026-07-08T21:14:45+08:00
5e8ae60b2bd4fedf22c677a8,10120,59,红旗,红旗HS3 PHEV,https://p9-dcd.byteimg.com/tos-cn-i-dcdx/a819a1fda2d148b6a6e49c7110c38be4~tplv-resize:640:0.png?psm=motor.rank.data,3,210,销量榜,18,4,2,6,dongchedi_ranking|dongchedi_usedcar_series,2026-07-08T21:14:45+08:00
15128b7a791d181f76bb686c,10122,59,红旗,红旗金葵花国雅,https://p9-dcd.byteimg.com/tos-cn-i-dcdx/82a7048d558c42349828a5d5f4b70a89~tplv-resize:640:0.png?psm=motor.rank.data,3,161,销量榜,15,4,0,4,dongchedi_ranking|dongchedi_usedcar_series,2026-07-08T21:14:45+08:00
3048bcdc76c47fa2bb5287ea,10123,39,五菱汽车,五菱星光S EV,https://p9-dcd.byteimg.com/tos-cn-i-dcdx/5c59f7ebd26342f496f7ac241f350ca4~tplv-resize:640:0.png?psm=motor.rank.data,3,210,销量榜,62,2,2,4,dongchedi_ranking|dongchedi_usedcar_series,2026-07-08T21:14:45+08:00
adf4cc3d612b05aca132f13e,10124,39,五菱汽车,五菱星光S PHEV,https://p9-dcd.byteimg.com/tos-cn-i-dcdx/c1eb01371bb44e78937ae786b9361a23~tplv-resize:640:0.png?psm=motor.rank.data,3,283,销量榜,15,4,3,7,dongchedi_ranking|dongchedi_usedcar_series,2026-07-08T21:14:45+08:00
5c7e404f1730741d58cf4d50,10125,207,零跑汽车,零跑C16,https://p9-dcd.byteimg.com/tos-cn-i-dcdx/c0370ebae92a46a6bd8f19564c090f03~tplv-resize:640:0.png?psm=motor.rank.data,3,251,销量榜,18,16,8,24,dongchedi_ranking|dongchedi_usedcar_series,2026-07-08T21:14:45+08:00
60e30105c2e64749e57fc1c5,10127,9,本田,广汽本田P7,https://p9-dcd.byteimg.com/tos-cn-i-dcdx/037c3ff2631b4cb080f58c35d774be43~tplv-resize:640:0.png?psm=motor.rank.data,3,283,销量榜,30,3,0,3,dongchedi_ranking|dongchedi_usedcar_series,2026-07-08T21:14:45+08:00
961f9f44a3e5c6ee46d0a152,10128,9,本田,东风本田S7,https://p9-dcd.byteimg.com/tos-cn-i-dcdx/76cd3f53227348deaf2d3efb618a17df~tplv-resize:640:0.png?psm=motor.rank.data,3,283,销量榜,24,2,0,2,dongchedi_ranking|dongchedi_usedcar_series,2026-07-08T21:14:45+08:00
ede088f0d49f43616756c038,10132,36,荣威,荣威iMAX8 DMH,https://p9-dcd.byteimg.com/tos-cn-i-dcdx/dde3f225c08f44219117e37397eb8421~tplv-resize:640:0.png?psm=motor.rank.data,3,283,销量榜,14,6,0,6,dongchedi_ranking|dongchedi_usedcar_series,2026-07-08T21:14:45+08:00
482f84edda8244e71942ba57,10136,48,smart,smart精灵#5,https://p9-dcd.byteimg.com/tos-cn-i-dcdx/0875ee5d57e24e488a7c4588b95e2c43~tplv-resize:640:0.png?psm=motor.rank.data,3,283,销量榜,28,6,0,6,dongchedi_ranking|dongchedi_usedcar_series,2026-07-08T21:14:45+08:00
cfb9d82dafc931bb2b397794,10137,15,马自达,马自达EZ-6,https://p9-dcd.byteimg.com/tos-cn-i-dcdx/622280cc5ad443e9befe78f79299951d~tplv-resize:640:0.png?psm=motor.rank.data,3,251,销量榜,11,11,11,22,dongchedi_ranking|dongchedi_usedcar_series,2026-07-08T21:14:45+08:00
3097161746cedc3bf740a104,10147,10425,捷途山海,捷途山海L7,https://p9-dcd.byteimg.com/tos-cn-i-dcdx/4c3be5c0d34042c58ff44121eef74520~tplv-resize:640:0.png?psm=motor.rank.data,3,33,销量榜,28,10,0,10,dongchedi_ranking|dongchedi_usedcar_series,2026-07-08T21:14:45+08:00
428a579cf6989d30f1466487,10154,59,红旗,红旗天工05,https://p9-dcd.byteimg.com/tos-cn-i-dcdx/b13d78fbe4f9477795996e2021c38aa8~tplv-resize:640:0.png?psm=motor.rank.data,3,283,销量榜,37,4,6,10,dongchedi_ranking|dongchedi_usedcar_series,2026-07-08T21:14:45+08:00
4ef4cafe09c8a601c6bc9df0,10162,59,红旗,红旗天工06,https://p9-dcd.byteimg.com/tos-cn-i-dcdx/b5bd7a7f1e484d4095f4020c70e90c89~tplv-resize:640:0.png?psm=motor.rank.data,3,283,销量榜,55,6,10,16,dongchedi_ranking|dongchedi_usedcar_series,2026-07-08T21:14:45+08:00
562a41bc04e38b28a3dc421c,10166,145,Lorinser,Lorinser LW系列,https://p9-dcd.byteimg.com/tos-cn-i-dcdx/a993bc9fc2f3431a9403c3520304d4ec~tplv-f042mdwyw7-original:tplv-resize:640:0.image?psm=motor.pc_sh.api,1,0,,,0,0,0,dongchedi_usedcar_series,2026-07-08T21:14:45+08:00
fa2a2409d347fe3e3e6de0ed,10167,145,Lorinser,Lorinser GS系列,https://p9-dcd.byteimg.com/tos-cn-i-dcdx/5dc117c3ab7e483e86db816441c23a91~tplv-f042mdwyw7-original:tplv-resize:640:0.image?psm=motor.pc_sh.api,1,0,,,0,0,0,dongchedi_usedcar_series,2026-07-08T21:14:45+08:00
e6424bc4fd92beebb99b0998,10170,195,小鹏汽车,小鹏MONA M03,https://p9-dcd.byteimg.com/tos-cn-i-dcdx/be32e669a009490ba81e8c7cf0145a42~tplv-resize:640:0.png?psm=motor.rank.data,3,283,销量榜,1,10,3,13,dongchedi_ranking|dongchedi_usedcar_series,2026-07-08T21:14:45+08:00
cbb41f69d73000c50b66096e,10171,159,腾势,腾势Z9GT DM,https://p9-dcd.byteimg.com/tos-cn-i-dcdx/42212ec7b5c44a9dad7963319065c204~tplv-resize:640:0.png?psm=motor.rank.data,3,210,销量榜,14,5,2,7,dongchedi_ranking|dongchedi_usedcar_series,2026-07-08T21:14:45+08:00
ad5541be20a7dc1e3e84f367,10177,395,岚图,岚图知音,https://p9-dcd.byteimg.com/tos-cn-i-dcdx/7b6d69201bba4b599a67688aef8b4e87~tplv-resize:640:0.png?psm=motor.rank.data,3,210,销量榜,11,3,4,7,dongchedi_ranking|dongchedi_usedcar_series,2026-07-08T21:14:45+08:00
9d21f79c6bc32a1925f500e0,10178,202,理想汽车,理想i8,https://p9-dcd.byteimg.com/tos-cn-i-dcdx/bd586b34b6c34a4e9b8db8fa1f061fe5~tplv-resize:640:0.png?psm=motor.rank.data,3,210,销量榜,12,1,0,1,dongchedi_ranking|dongchedi_usedcar_series,2026-07-08T21:14:45+08:00
e895c391691e9598b3d692eb,10179,44,法拉利,法拉利12Cilindri,https://p3-dcd.byteimg.com/tos-cn-i-dcdx/d76e1f539c38421fb659626da584335f~tplv-f042mdwyw7-original:tplv-resize:640:0.image?psm=motor.pc_sh.api,1,0,,,0,0,0,dongchedi_usedcar_series,2026-07-08T21:14:45+08:00
422762e82e956721a2ee8f4d,10180,883,智界,智界R7,https://p9-dcd.byteimg.com/tos-cn-i-dcdx/f04e325847834d80a949408719aeb52b~tplv-resize:640:0.png?psm=motor.rank.data,3,251,销量榜,16,12,8,20,dongchedi_ranking|dongchedi_usedcar_series,2026-07-08T21:14:45+08:00
ee3528572666afb9aedf7f41,10191,426,极氪,ZEEKR 001 FR,https://p3-dcd.byteimg.com/tos-cn-i-dcdx/b292124b198d47d08439e9108fecaa4c~tplv-f042mdwyw7-original:tplv-resize:640:0.image?psm=motor.pc_sh.api,1,0,,,0,0,0,dongchedi_usedcar_series,2026-07-08T21:14:45+08:00
a3b58cfa6110ebc31e293b6d,10199,5,丰田,GR YARIS,https://p3-dcd.byteimg.com/tos-cn-i-dcdx/06786e5510d440be9f58d205f48f1630~tplv-f042mdwyw7-original:tplv-resize:640:0.image?psm=motor.pc_sh.api,1,0,,,0,0,0,dongchedi_usedcar_series,2026-07-08T21:14:45+08:00
0d6fd0392110e1b6c3674844,10205,16,比亚迪,海豹06GT,https://p9-dcd.byteimg.com/tos-cn-i-dcdx/672c5e9c36d24ac09e4ad2aaced79d78~tplv-resize:640:0.png?psm=motor.rank.data,3,283,销量榜,8,8,4,12,dongchedi_ranking|dongchedi_usedcar_series,2026-07-08T21:14:45+08:00
c0f395b8873f04bd92ebaf4a,10206,3,奔驰,奔驰GLC PHEV,https://p3-dcd.byteimg.com/tos-cn-i-dcdx/2b471bc6f8554a24a6f9bb51af3e6cdb~tplv-f042mdwyw7-original:tplv-resize:640:0.image?psm=motor.pc_sh.api,1,0,,,0,0,0,dongchedi_usedcar_series,2026-07-08T21:14:45+08:00
a35530be1a77c88d3e8dc1f7,10207,366,宝骏,宝骏云海EV,https://p9-dcd.byteimg.com/tos-cn-i-dcdx/5105508937d0401eb836916a4e4fb275~tplv-resize:640:0.png?psm=motor.rank.data,3,283,销量榜,31,7,3,10,dongchedi_ranking|dongchedi_usedcar_series,2026-07-08T21:14:45+08:00
5937d4ce41f44943faf06948,10208,366,宝骏,宝骏云海PHEV,https://p9-dcd.byteimg.com/tos-cn-i-dcdx/0f91b9088030441a91d5d248735804b0~tplv-resize:640:0.png?psm=motor.rank.data,3,210,销量榜,41,2,1,3,dongchedi_ranking|dongchedi_usedcar_series,2026-07-08T21:14:45+08:00
0304faca48fae4137f431a64,10212,7,福特,领睿 PHEV,https://p3-dcd.byteimg.com/tos-cn-i-dcdx/ccf521d8e99e4339bfdc8c00dd76a7a6~tplv-f042mdwyw7-original:tplv-resize:640:0.image?psm=motor.pc_sh.api,1,0,,,0,0,0,dongchedi_usedcar_series,2026-07-08T21:14:45+08:00
1b9c42e8b7fd2741710fd64a,10213,515,深蓝汽车,深蓝S05,https://p9-dcd.byteimg.com/tos-cn-i-dcdx/7a0815248ed74d30931d95eb907b6b6a~tplv-resize:640:0.png?psm=motor.rank.data,3,186,销量榜,5,7,7,14,dongchedi_ranking|dongchedi_usedcar_series,2026-07-08T21:14:45+08:00
c7b4070fc014af9441c7dcda,10214,515,深蓝汽车,深蓝L07,https://p9-dcd.byteimg.com/tos-cn-i-dcdx/149288d6e51d457482c6cfd53fc63118~tplv-resize:640:0.png?psm=motor.rank.data,3,251,销量榜,46,6,15,21,dongchedi_ranking|dongchedi_usedcar_series,2026-07-08T21:14:45+08:00
58363ba14c868206a8e4341b,10217,7,福特,领裕 PHEV,https://p3-dcd.byteimg.com/tos-cn-i-dcdx/b92400c2b26a493dbdbf29419f34886e~tplv-f042mdwyw7-original:tplv-resize:640:0.image?psm=motor.pc_sh.api,1,0,,,0,0,0,dongchedi_usedcar_series,2026-07-08T21:14:45+08:00
f5ebf0e031d1255ce67d8e24,10230,475,阿维塔,阿维塔 06,https://p9-dcd.byteimg.com/tos-cn-i-dcdx/d2bf5d836cc0438292089aed8cdf5e7d~tplv-resize:640:0.png?psm=motor.rank.data,3,224,销量榜,1,8,0,8,dongchedi_ranking|dongchedi_usedcar_series,2026-07-08T21:14:45+08:00
d71c635a648e8b5ec4099f84,10270,425,坦克,坦克400 Hi4-T,https://p9-dcd.byteimg.com/tos-cn-i-dcdx/4b3bca0e7a1841399b33a401c956b54f~tplv-resize:640:0.png?psm=motor.rank.data,3,210,销量榜,12,2,4,6,dongchedi_ranking|dongchedi_usedcar_series,2026-07-08T21:14:45+08:00
b4cabef56f34f4a8deb17201,10271,78,北京汽车制造厂,勇士皮卡,https://p3-dcd.byteimg.com/tos-cn-i-dcdx/d45ccb89358044daa066dfb9bbd0810a~tplv-f042mdwyw7-original:tplv-resize:640:0.image?psm=motor.pc_sh.api,1,0,,,0,0,0,dongchedi_usedcar_series,2026-07-08T21:14:45+08:00
8cc8e4d3659bf670580a0cbe,20012,16,比亚迪,宋L DM,https://p9-dcd.byteimg.com/tos-cn-i-dcdx/27daf9eeac3041149bfdb84c778475f9~tplv-resize:640:0.png?psm=motor.rank.data,3,283,销量榜,4,3,10,13,dongchedi_ranking|dongchedi_usedcar_series,2026-07-08T21:14:45+08:00
93b9b90c7b152cfdaf230aec,20021,16,比亚迪,海豹07DM,https://p9-dcd.byteimg.com/tos-cn-i-dcdx/01a9f2d58209478facf22eb94e45bd8f~tplv-resize:640:0.png?psm=motor.rank.data,3,283,销量榜,25,4,10,14,dongchedi_ranking|dongchedi_usedcar_series,2026-07-08T21:14:45+08:00
331933b357f8e132fe6a869b,20025,39,五菱汽车,五菱宏光增程版,https://p9-dcd.byteimg.com/tos-cn-i-dcdx/7ae4f82d13d84b688a6cd6c7ea8d9e84~tplv-resize:640:0.png?psm=motor.rank.data,3,185,销量榜,1,5,0,5,dongchedi_ranking|dongchedi_usedcar_series,2026-07-08T21:14:45+08:00
2898f35771ea83baa9baccc5,20032,18,奇瑞,瑞虎8L,https://p3-dcd.byteimg.com/tos-cn-i-dcdx/2d834b105a0b46e8a815442a462d280c~tplv-f042mdwyw7-original:tplv-resize:640:0.image?psm=motor.pc_sh.api,1,0,,,0,0,0,dongchedi_usedcar_series,2026-07-08T21:14:45+08:00
f288b97b6d692eb3cc533392,20041,535,小米汽车,小米YU7,https://p9-dcd.byteimg.com/tos-cn-i-dcdx/9596e323a5104326bbbd0e96c1174391~tplv-resize:640:0.png?psm=motor.rank.data,3,283,销量榜,1,5,0,5,dongchedi_ranking|dongchedi_usedcar_series,2026-07-08T21:14:45+08:00
00fce7e0e0e41fdf07a34d4d,20047,4,宝马,宝马M5 PHEV,https://p3-dcd.byteimg.com/tos-cn-i-dcdx/a91820bb4f5942fb8c904d9bac501d8e~tplv-f042mdwyw7-original:tplv-resize:640:0.image?psm=motor.pc_sh.api,1,0,,,0,0,0,dongchedi_usedcar_series,2026-07-08T21:14:45+08:00
f690c39b6c23a447b70da413,20060,176,ARCFOX极狐,极狐 考拉S,https://p9-dcd.byteimg.com/tos-cn-i-dcdx/3924b75b758648e0bc358fddfdb60df8~tplv-f042mdwyw7-original:tplv-resize:640:0.image?psm=motor.pc_sh.api,1,0,,,0,0,0,dongchedi_usedcar_series,2026-07-08T21:14:45+08:00
1e5899da71e1b602d42420ee,20070,482,克慕勒,克慕勒阿尔法,https://p9-dcd.byteimg.com/tos-cn-i-dcdx/dcd77115003247aab449d41cff939377~tplv-f042mdwyw7-original:tplv-resize:640:0.image?psm=motor.pc_sh.api,1,0,,,0,0,0,dongchedi_usedcar_series,2026-07-08T21:14:45+08:00
d88308ab8cae029a535eabb4,20078,40,广汽传祺,传祺E8,https://p3-dcd.byteimg.com/tos-cn-i-dcdx/c9d6dc8c81cc4f739f01e0576fca8c54~tplv-f042mdwyw7-original:tplv-resize:640:0.image?psm=motor.pc_sh.api,1,0,,,0,0,0,dongchedi_usedcar_series,2026-07-08T21:14:45+08:00
712b2290477e9ae63ea3c089,20089,10012,212,212 T01,https://p9-dcd.byteimg.com/tos-cn-i-dcdx/6939d354a9824963bfbd868953d5fe06~tplv-resize:640:0.png?psm=motor.rank.data,3,275,销量榜,45,14,0,14,dongchedi_ranking|dongchedi_usedcar_series,2026-07-08T21:14:45+08:00
5adc9359fb6c6e69aa94ccd2,20090,10012,212,狙击手,https://p3-dcd.byteimg.com/tos-cn-i-dcdx/81cfc1aa34c342b3b74ed61c2c822eb9~tplv-f042mdwyw7-original:tplv-resize:640:0.image?psm=motor.pc_sh.api,1,0,,,0,0,0,dongchedi_usedcar_series,2026-07-08T21:14:45+08:00
13d164e34231d4a66200d0c5,20135,34,名爵,MG ES5,https://p9-dcd.byteimg.com/tos-cn-i-dcdx/55fa728d5fb94bd395db6a5bbf6241d6~tplv-resize:640:0.png?psm=motor.rank.data,3,283,销量榜,58,2,4,6,dongchedi_ranking|dongchedi_usedcar_series,2026-07-08T21:14:45+08:00
e8170805b9182cfd97f65e6b,20136,37,东风风神,风神L7 EV,https://p9-dcd.byteimg.com/tos-cn-i-dcdx/0b484ef5f4a340deb617fa9d1cc9a640~tplv-resize:640:0.png?psm=motor.rank.data,3,301,销量榜,18,14,2,16,dongchedi_ranking|dongchedi_usedcar_series,2026-07-08T21:14:45+08:00
97da64be6949225b61354284,20138,16,比亚迪,海狮05DM,https://p9-dcd.byteimg.com/tos-cn-i-dcdx/8c441b8e85ae45e3bf171dfc8133d806~tplv-resize:640:0.png?psm=motor.rank.data,3,283,销量榜,2,9,4,13,dongchedi_ranking|dongchedi_usedcar_series,2026-07-08T21:14:45+08:00
64babf041bac66fa080abb68,20154,858,吉利银河,星愿,https://p9-dcd.byteimg.com/tos-cn-i-dcdx/ac8a5ee1d8774df59ccd8aaa375fac7e~tplv-resize:640:0.png?psm=motor.rank.data,3,210,销量榜,1,12,5,17,dongchedi_ranking|dongchedi_usedcar_series,2026-07-08T21:14:45+08:00
edf02111388fcae45a2a3d69,24521,2,奥迪,奥迪A5L,https://p9-dcd.byteimg.com/tos-cn-i-dcdx/aee9d99cbdc84431af52691092176642~tplv-resize:640:0.png?psm=motor.rank.data,3,257,销量榜,2,5,1,6,dongchedi_ranking|dongchedi_usedcar_series,2026-07-08T21:14:45+08:00
f7eda3eff545def06cdfb116,24535,174,领克,领克Z20,https://p9-dcd.byteimg.com/tos-cn-i-dcdx/6db59fb3f9cf47eba41f74232a214fe7~tplv-resize:640:0.png?psm=motor.rank.data,3,283,销量榜,23,6,0,6,dongchedi_ranking|dongchedi_usedcar_series,2026-07-08T21:14:45+08:00
4e4e7d2fbd85a3334e53cf9f,24540,35,长安,长安UNI-Z,https://p9-dcd.byteimg.com/tos-cn-i-dcdx/198c084d691544a78a83359b77ab78b1~tplv-f042mdwyw7-original:tplv-resize:640:0.image?psm=motor.pc_sh.api,1,0,,,0,0,0,dongchedi_usedcar_series,2026-07-08T21:14:45+08:00
4d0d42f033dffbe8ca1c863a,24548,32,江汽集团,江淮Van宝路,https://p3-dcd.byteimg.com/tos-cn-i-dcdx/90d0eaac6ec24c0d9d55776dbcc38dff~tplv-f042mdwyw7-original:tplv-resize:640:0.image?psm=motor.pc_sh.api,1,0,,,0,0,0,dongchedi_usedcar_series,2026-07-08T21:14:45+08:00
88fa2ae40a70299738335ccc,24588,16,比亚迪,海豹07EV,https://p9-dcd.byteimg.com/tos-cn-i-dcdx/7955e493807b41af99d089ac89acce64~tplv-resize:640:0.png?psm=motor.rank.data,2,174,销量榜,28,2,0,2,dongchedi_ranking,2026-07-08T21:14:45+08:00
49e3d3cffb164c4cd58c1d7e,24597,16,比亚迪,夏,https://p9-dcd.byteimg.com/tos-cn-i-dcdx/0c2f148741094b5fb3ebe3abed763d91~tplv-resize:640:0.png?psm=motor.rank.data,3,210,销量榜,10,4,5,9,dongchedi_ranking|dongchedi_usedcar_series,2026-07-08T21:14:45+08:00
530e1426d45475f550eb80b2,24599,10293,尊界,尊界S800,https://p9-dcd.byteimg.com/tos-cn-i-dcdx/602ce128e6024bef912bb7053d22f31e~tplv-resize:640:0.png?psm=motor.rank.data,3,186,销量榜,5,14,0,14,dongchedi_ranking|dongchedi_usedcar_series,2026-07-08T21:14:45+08:00
6ad59ed4b65dadacd9870e6a,24609,4,宝马,宝马2系,https://p3-dcd.byteimg.com/tos-cn-i-dcdx/1b1a492d476f4e1e9a71c7821c99f846~tplv-f042mdwyw7-original:tplv-resize:640:0.image?psm=motor.pc_sh.api,1,0,,,0,0,0,dongchedi_usedcar_series,2026-07-08T21:14:45+08:00
66322773dff1171ef576dd8e,24610,366,宝骏,宝骏享境PHEV,https://p9-dcd.byteimg.com/tos-cn-i-dcdx/1fd6e3c31af540a2ba3f942d9e75f8f2~tplv-resize:640:0.png?psm=motor.rank.data,3,283,销量榜,36,4,0,4,dongchedi_ranking|dongchedi_usedcar_series,2026-07-08T21:14:45+08:00
88ef38c5ab5b37f585708047,24611,366,宝骏,宝骏享境EV,https://p9-dcd.byteimg.com/tos-cn-i-dcdx/df777bbaf23f41409435fe3555fb07df~tplv-resize:640:0.png?psm=motor.rank.data,3,283,销量榜,56,4,0,4,dongchedi_ranking|dongchedi_usedcar_series,2026-07-08T21:14:45+08:00
144f7e7634e6ea0b519a916a,24612,209,捷途,捷途自由者,https://p9-dcd.byteimg.com/tos-cn-i-dcdx/9bfd56c01ec44dd2bae8007f8f8f5683~tplv-resize:640:0.png?psm=motor.rank.data,3,218,销量榜,27,10,1,11,dongchedi_ranking|dongchedi_usedcar_series,2026-07-08T21:14:45+08:00
8ca813c49cc33157e5160b68,24622,10297,瑞弗,启界,https://p9-dcd.byteimg.com/tos-cn-i-dcdx/5af26cc7586b461594d04d270708690f~tplv-f042mdwyw7-original:tplv-resize:640:0.image?psm=motor.pc_sh.api,1,0,,,0,0,0,dongchedi_usedcar_series,2026-07-08T21:14:45+08:00
aeed81e08fdce841f61fb004,24659,868,蓝电,蓝电E5 PLUS,https://p3-dcd.byteimg.com/tos-cn-i-dcdx/570a569e605b4cab869b973480749acc~tplv-f042mdwyw7-original:tplv-resize:640:0.image?psm=motor.pc_sh.api,1,0,,,0,0,0,dongchedi_usedcar_series,2026-07-08T21:14:45+08:00
f78b0e880e2f4a29c93890f6,24660,10297,瑞弗,瑞弗T系列,https://p9-dcd.byteimg.com/tos-cn-i-dcdx/c41f32bfa2a542bea2cb0281551f1d1f~tplv-f042mdwyw7-original:tplv-resize:640:0.image?psm=motor.pc_sh.api,1,0,,,0,0,0,dongchedi_usedcar_series,2026-07-08T21:14:45+08:00
ca57d8995a102278d2b6fa56,24670,426,极氪,ZEEKR 9X,https://p9-dcd.byteimg.com/tos-cn-i-dcdx/aa455b63a7a54255ad80d02ec31a7c1c~tplv-resize:640:0.png?psm=motor.rank.data,3,283,销量榜,1,5,0,5,dongchedi_ranking|dongchedi_usedcar_series,2026-07-08T21:14:45+08:00
20521f52b2b87c096a2fd65a,24692,159,腾势,腾势Z9 EV,https://p9-dcd.byteimg.com/tos-cn-i-dcdx/45dba5e7182047c6b7d76a29a875b0bb~tplv-resize:640:0.png?psm=motor.rank.data,2,36,销量榜,140,2,0,2,dongchedi_ranking,2026-07-08T21:14:45+08:00
9415b02ae26323f19dbff888,24693,159,腾势,腾势Z9 DM,https://p9-dcd.byteimg.com/tos-cn-i-dcdx/d8c67469f3be45288aba0defe4dfdb0a~tplv-resize:640:0.png?psm=motor.rank.data,3,210,销量榜,31,3,0,3,dongchedi_ranking|dongchedi_usedcar_series,2026-07-08T21:14:45+08:00
25b3c2a0d79b50272d1aea26,24699,10301,隆翠房车,隆翠系列,https://p9-dcd.byteimg.com/tos-cn-i-dcdx/cbc8fe6951a441d4ba84d27498f1b270~tplv-f042mdwyw7-original:tplv-resize:640:0.image?psm=motor.pc_sh.api,1,0,,,0,0,0,dongchedi_usedcar_series,2026-07-08T21:14:45+08:00
14f4354418c149f5436df764,24703,10302,江铃旅居房车,福犀牛,https://p3-dcd.byteimg.com/tos-cn-i-dcdx/1846a63d94984d82803f35e1c28540b5~tplv-f042mdwyw7-original:tplv-resize:640:0.image?psm=motor.pc_sh.api,1,0,,,0,0,0,dongchedi_usedcar_series,2026-07-08T21:14:45+08:00
6a2682e4d9b0be0e41a63e5b,24705,247,领途汽车,领途E-M8,https://p9-dcd.byteimg.com/tos-cn-i-dcdx/edc0fb64baf8434ebf811d0899dbdd12~tplv-resize:640:0.png?psm=motor.rank.data,3,10,销量榜,65,4,0,4,dongchedi_ranking|dongchedi_usedcar_series,2026-07-08T21:14:45+08:00
4b8c0fd9fd8ac8ea3fc7c2a9,24707,10303,齐星房车,星领,https://p9-dcd.byteimg.com/tos-cn-i-dcdx/d6d0c149adfa4a04b6eb2e88803dc04e~tplv-f042mdwyw7-original:tplv-resize:640:0.image?psm=motor.pc_sh.api,1,0,,,0,0,0,dongchedi_usedcar_series,2026-07-08T21:14:45+08:00
a3d52b7a6b61441d80b37843,24710,272,迈莎锐,迈莎锐烈马,https://p3-dcd.byteimg.com/tos-cn-i-dcdx/fb949bf22d0143ee9d50b5321396573f~tplv-f042mdwyw7-original:tplv-resize:640:0.image?psm=motor.pc_sh.api,1,0,,,0,0,0,dongchedi_usedcar_series,2026-07-08T21:14:45+08:00
92b828ccc99f2114a9fbe692,24718,10308,赛德房车,白鲸,https://p9-dcd.byteimg.com/tos-cn-i-dcdx/4dc5a6abc2bf42568d224f91d1f4b0a7~tplv-f042mdwyw7-original:tplv-resize:640:0.image?psm=motor.pc_sh.api,1,0,,,0,0,0,dongchedi_usedcar_series,2026-07-08T21:14:45+08:00
fe3eb854b51400fabf86f37b,24720,10305,中房房车,凯旋系列,https://p3-dcd.byteimg.com/tos-cn-i-dcdx/038b4e2e8f6a4668a83d3b75abfb4a94~tplv-f042mdwyw7-original:tplv-resize:640:0.image?psm=motor.pc_sh.api,1,0,,,0,0,0,dongchedi_usedcar_series,2026-07-08T21:14:45+08:00
4fb0439219319f9dfd36c8d7,24721,10305,中房房车,中房之星系列,https://p3-dcd.byteimg.com/tos-cn-i-dcdx/e59b49bc30ba4edcbcdc88b9ea040353~tplv-f042mdwyw7-original:tplv-resize:640:0.image?psm=motor.pc_sh.api,1,0,,,0,0,0,dongchedi_usedcar_series,2026-07-08T21:14:45+08:00
d3649475d731655149641918,24726,159,腾势,腾势N9 DM,https://p9-dcd.byteimg.com/tos-cn-i-dcdx/7b237ade2a044811869b28423c2d0f67~tplv-resize:640:0.png?psm=motor.rank.data,3,210,销量榜,13,6,2,8,dongchedi_ranking|dongchedi_usedcar_series,2026-07-08T21:14:45+08:00
e99ca644388b2cedc99d31f2,24727,1,大众,高尔夫GTI,https://p3-dcd.byteimg.com/tos-cn-i-dcdx/a9dc8ba308a849ae9c1cbf0ae40de97c~tplv-f042mdwyw7-original:tplv-resize:640:0.image?psm=motor.pc_sh.api,1,0,,,0,0,0,dongchedi_usedcar_series,2026-07-08T21:14:45+08:00
35cda2b616c517c6459b8ab6,24742,10315,骐蔚汽车,长江7号,https://p9-dcd.byteimg.com/tos-cn-i-dcdx/f50a0cc8563b4864a78c7f3aca67a0c9~tplv-f042mdwyw7-original:tplv-resize:640:0.image?psm=motor.pc_sh.api,1,0,,,0,0,0,dongchedi_usedcar_series,2026-07-08T21:14:45+08:00
8dc8c34caebc1ff7be77034e,24749,10402,予风汽车,予风EV50客运版,https://p3-dcd.byteimg.com/tos-cn-i-dcdx/daa99914682944a999c236ca67b19fcd~tplv-f042mdwyw7-original:tplv-resize:640:0.image?psm=motor.pc_sh.api,1,0,,,0,0,0,dongchedi_usedcar_series,2026-07-08T21:14:45+08:00
64d1a58195624da81a3ae8b7,24756,18,奇瑞,瑞虎8 PLUS C-DM,https://p3-dcd.byteimg.com/tos-cn-i-dcdx/4da8a6fb51c64fb7a7c8ac6999e1ba0c~tplv-f042mdwyw7-original:tplv-resize:640:0.image?psm=motor.pc_sh.api,1,0,,,0,0,0,dongchedi_usedcar_series,2026-07-08T21:14:45+08:00
9f32470e1413995ac9991500,24786,18,奇瑞,瑞虎7 C-DM,https://p3-dcd.byteimg.com/tos-cn-i-dcdx/2b626b52a6804a46acbae4aa59fde6d4~tplv-f042mdwyw7-original:tplv-resize:640:0.image?psm=motor.pc_sh.api,1,0,,,0,0,0,dongchedi_usedcar_series,2026-07-08T21:14:45+08:00
f9be96573c9da95f474880f7,24787,40,广汽传祺,传祺向往M8,https://p3-dcd.byteimg.com/tos-cn-i-dcdx/714486ba47484b529ce61d1017026007~tplv-f042mdwyw7-original:tplv-resize:640:0.image?psm=motor.pc_sh.api,1,0,,,0,0,0,dongchedi_usedcar_series,2026-07-08T21:14:45+08:00
e9d0f732ec8d3db99346154c,24788,858,吉利银河,银河星舰7 EM-i,https://p9-dcd.byteimg.com/tos-cn-i-dcdx/3acf1f33d6f640bab58aee8bb4bf4f3c~tplv-resize:640:0.png?psm=motor.rank.data,3,283,销量榜,8,9,0,9,dongchedi_ranking|dongchedi_usedcar_series,2026-07-08T21:14:45+08:00
6c799c7126b7a92d30b49c94,24799,91,东风,郑州日产Z9,https://p3-dcd.byteimg.com/tos-cn-i-dcdx/8042bb17c9414a5e812762834d9abb33~tplv-f042mdwyw7-original:tplv-resize:640:0.image?psm=motor.pc_sh.api,1,0,,,0,0,0,dongchedi_usedcar_series,2026-07-08T21:14:45+08:00
fa239efba7ecb8d72b79a5a1,24800,242,埃安,AION RT,https://p9-dcd.byteimg.com/tos-cn-i-dcdx/e4498fa3f2bc49edb665eb140215e62c~tplv-resize:640:0.png?psm=motor.rank.data,3,328,销量榜,1,5,6,11,dongchedi_ranking|dongchedi_usedcar_series,2026-07-08T21:14:45+08:00
03c44e9136cf546fd303c0e4,24811,909,iCAR,iCAR 03T,https://p3-dcd.byteimg.com/tos-cn-i-dcdx/36df816af28443ba9b6b54775067d57c~tplv-f042mdwyw7-original:tplv-resize:640:0.image?psm=motor.pc_sh.api,1,0,,,0,0,0,dongchedi_usedcar_series,2026-07-08T21:14:45+08:00
a3d4c3a93afb82ca44205124,24827,41,劳斯莱斯,Silver Ghost,https://p9-dcd.byteimg.com/tos-cn-i-dcdx/94b59aa2e9814ec294d357ff0d9391fc~tplv-f042mdwyw7-original:tplv-resize:640:0.image?psm=motor.pc_sh.api,1,0,,,0,0,0,dongchedi_usedcar_series,2026-07-08T21:14:45+08:00
7c5add1ec5be69007f7c135b,24831,62,林肯,林肯大陆经典,https://p3-dcd.byteimg.com/tos-cn-i-dcdx/bf8a3ec193d54a019c5e3d32f4c7f544~tplv-f042mdwyw7-original:tplv-resize:640:0.image?psm=motor.pc_sh.api,1,0,,,0,0,0,dongchedi_usedcar_series,2026-07-08T21:14:45+08:00
89056772a118903e876c653e,24850,483,AITO,问界M8,https://p9-dcd.byteimg.com/tos-cn-i-dcdx/5dd7baa13f2349d6adbab30c5f58e168~tplv-resize:640:0.png?psm=motor.rank.data,3,224,销量榜,1,24,0,24,dongchedi_ranking|dongchedi_usedcar_series,2026-07-08T21:14:45+08:00
f9129d16a67de2ed3a5bb4db,24858,247,领途汽车,领途M8,https://p9-dcd.byteimg.com/tos-cn-i-dcdx/24597883322840078ffa62d4bdee55b9~tplv-resize:640:0.png?psm=motor.rank.data,2,7,销量榜,67,2,0,2,dongchedi_ranking,2026-07-08T21:14:45+08:00
54a1354d64438f09f490036e,24869,405,克蒂汽车,克蒂山河,https://p9-dcd.byteimg.com/tos-cn-i-dcdx/2dc4f52cfd0142dca8644c6bb56ba2c2~tplv-f042mdwyw7-original:tplv-resize:640:0.image?psm=motor.pc_sh.api,1,0,,,0,0,0,dongchedi_usedcar_series,2026-07-08T21:14:45+08:00
d16ddbce0376c0e674bc51f9,24872,405,克蒂汽车,克蒂山川,https://p9-dcd.byteimg.com/tos-cn-i-dcdx/373725621002454b89281677bff13394~tplv-f042mdwyw7-original:tplv-resize:640:0.image?psm=motor.pc_sh.api,1,0,,,0,0,0,dongchedi_usedcar_series,2026-07-08T21:14:45+08:00
b46c7798b679ed857f25a73f,24880,10334,阿娜亚,重卡系列,https://p9-dcd.byteimg.com/motor-mis-img/lpa-542577efe8e244ee7e9cc02788930923~tplv-f042mdwyw7-original:tplv-resize:640:0.image?psm=motor.pc_sh.api,1,0,,,0,0,0,dongchedi_usedcar_series,2026-07-08T21:14:45+08:00
8dd46c5f33bb831d056fc6c0,24893,260,捷达,捷达VA7,https://p9-dcd.byteimg.com/tos-cn-i-dcdx/af461b8b26ae48a1bad974b6d3fdea55~tplv-resize:640:0.png?psm=motor.rank.data,3,211,销量榜,52,5,1,6,dongchedi_ranking|dongchedi_usedcar_series,2026-07-08T21:14:45+08:00
ba92335795976a7cff05239a,24919,27,奔腾,悦意03,https://p9-dcd.byteimg.com/tos-cn-i-dcdx/59466e6dac714415ae435fc225c34c16~tplv-resize:640:0.png?psm=motor.rank.data,3,283,销量榜,14,13,0,13,dongchedi_ranking|dongchedi_usedcar_series,2026-07-08T21:14:45+08:00
0ab7ecce226907f967695033,24925,251,星途,星途揽月C-DM,https://p9-dcd.byteimg.com/tos-cn-i-dcdx/5c3cb36f0c944a518645e30dd128e071~tplv-resize:640:0.png?psm=motor.rank.data,3,210,销量榜,41,5,0,5,dongchedi_ranking|dongchedi_usedcar_series,2026-07-08T21:14:45+08:00
a59fc40d2e96434002f5f708,24927,39,五菱汽车,五菱之光EV,https://p9-dcd.byteimg.com/tos-cn-i-dcdx/e14c189f278f4b76ba185a839f46fce1~tplv-resize:640:0.png?psm=motor.rank.data,3,250,销量榜,4,3,0,3,dongchedi_ranking|dongchedi_usedcar_series,2026-07-08T21:14:45+08:00
877800ae38572f16f0d15bc7,24932,119,长安欧尚,长安欧尚520,https://p9-dcd.byteimg.com/tos-cn-i-dcdx/cd35f4ff09d84bc7bca2b49475cc1de6~tplv-resize:640:0.png?psm=motor.rank.data,2,210,销量榜,29,1,0,1,dongchedi_ranking,2026-07-08T21:14:45+08:00
fe2869cfc07ce53879a02389,24934,10409,奇瑞风云,风云T8,https://p9-dcd.byteimg.com/tos-cn-i-dcdx/3f0f027673a34e259b2cacbeb23eef03~tplv-resize:640:0.png?psm=motor.rank.data,3,60,销量榜,65,6,0,6,dongchedi_ranking|dongchedi_usedcar_series,2026-07-08T21:14:45+08:00
5f71c14a2b9985b208e9e048,24937,73,吉利汽车,牛仔,https://p3-dcd.byteimg.com/tos-cn-i-dcdx/e77b2f2c9ddc40ca9082ca86823e9499~tplv-f042mdwyw7-original:tplv-resize:640:0.image?psm=motor.pc_sh.api,1,0,,,0,0,0,dongchedi_usedcar_series,2026-07-08T21:14:45+08:00
afe7d80632a07bd37a39f4d5,24939,381,睿蓝汽车,睿蓝8,https://p9-dcd.byteimg.com/tos-cn-i-dcdx/7e1a3e576f2446df8149b00fd7033b44~tplv-resize:640:0.png?psm=motor.rank.data,3,356,销量榜,12,7,0,7,dongchedi_ranking|dongchedi_usedcar_series,2026-07-08T21:14:45+08:00
804042bd02065815f41db4a6,24942,139,开瑞,江豚E7,https://p9-dcd.byteimg.com/tos-cn-i-dcdx/91c8e2b3c38a40a2b8eec327d549b86d~tplv-f042mdwyw7-original:tplv-resize:640:0.image?psm=motor.pc_sh.api,1,0,,,0,0,0,dongchedi_usedcar_series,2026-07-08T21:14:45+08:00
f76375a7071d1e9a5822f281,24944,2,奥迪,奥迪A5L Sportback,https://p9-dcd.byteimg.com/tos-cn-i-dcdx/298009e2bba84aab9c2ee007364e03ef~tplv-resize:640:0.png?psm=motor.rank.data,3,257,销量榜,5,13,1,14,dongchedi_ranking|dongchedi_usedcar_series,2026-07-08T21:14:45+08:00
7b7010508b4ed15105772298,24953,10344,爱旅房车,C型系列,https://p3-dcd.byteimg.com/motor-mis-img/lpa-68860287d56502f58c9faf7e65c7226c~tplv-f042mdwyw7-original:tplv-resize:640:0.image?psm=motor.pc_sh.api,1,0,,,0,0,0,dongchedi_usedcar_series,2026-07-08T21:14:45+08:00
770ab69040b27e49d0df6346,24986,535,小米汽车,小米SU7 Ultra,https://p3-dcd.byteimg.com/tos-cn-i-dcdx/cccbc561a89142f6aa24191513b31aca~tplv-f042mdwyw7-original:tplv-resize:640:0.image?psm=motor.pc_sh.api,1,0,,,0,0,0,dongchedi_usedcar_series,2026-07-08T21:14:45+08:00
0506fd0ff9ad8868750ea861,25014,242,埃安,AION UT,https://p9-dcd.byteimg.com/tos-cn-i-dcdx/25a58812bffd4e59bca87e881851ef25~tplv-resize:640:0.png?psm=motor.rank.data,3,328,销量榜,2,7,1,8,dongchedi_ranking|dongchedi_usedcar_series,2026-07-08T21:14:45+08:00
6620a3ced0de0f876acab31e,25023,10354,宽大房车,V系列,https://p9-dcd.byteimg.com/motor-mis-img/lpa-4b74f75c63aa87be6b2ed1ca8bffb265~tplv-f042mdwyw7-original:tplv-resize:640:0.image?psm=motor.pc_sh.api,1,0,,,0,0,0,dongchedi_usedcar_series,2026-07-08T21:14:45+08:00
d26f1be71026c137ebcc88db,25058,10362,奥迪AUDI,奥迪E5 Sportback,https://p9-dcd.byteimg.com/tos-cn-i-dcdx/37b81ebeefd5406c9f7a3e8870c044b1~tplv-resize:640:0.png?psm=motor.rank.data,3,283,销量榜,21,5,0,5,dongchedi_ranking|dongchedi_usedcar_series,2026-07-08T21:14:45+08:00
ed096548437fd29039a22a09,25068,35,长安,长安CS55 PLUS PHEV,https://p9-dcd.byteimg.com/tos-cn-i-dcdx/a8e3fe6b35ba4c8699ad4370960f3f7c~tplv-f042mdwyw7-original:tplv-resize:640:0.image?psm=motor.pc_sh.api,1,0,,,0,0,0,dongchedi_usedcar_series,2026-07-08T21:14:45+08:00
914b362a2a9cc1350cb7974a,25071,40,广汽传祺,传祺向往S7,https://p9-dcd.byteimg.com/tos-cn-i-dcdx/45b50904cf2c4d7e96e1317471f7ff01~tplv-resize:640:0.png?psm=motor.rank.data,3,283,销量榜,16,7,1,8,dongchedi_ranking|dongchedi_usedcar_series,2026-07-08T21:14:45+08:00
27ae0909d9f13a2594d0a92e,25072,880,广汽昊铂,昊铂HL,https://p9-dcd.byteimg.com/tos-cn-i-dcdx/eb509904268d485cb759d1e61c3a5cae~tplv-resize:640:0.png?psm=motor.rank.data,3,251,销量榜,58,7,5,12,dongchedi_ranking|dongchedi_usedcar_series,2026-07-08T21:14:45+08:00
8fdbab0e947300bdd76edf4e,25073,108,大通,大通G50 PHEV,https://p9-dcd.byteimg.com/tos-cn-i-dcdx/228d88d937d3429ebed8f1b9b4e1397f~tplv-resize:640:0.png?psm=motor.rank.data,3,210,销量榜,9,2,2,4,dongchedi_ranking|dongchedi_usedcar_series,2026-07-08T21:14:45+08:00
5aa26976dae3ff09e7d97035,25076,16,比亚迪,秦L EV,https://p9-dcd.byteimg.com/tos-cn-i-dcdx/85588b26d46b44a9b56e5291a42dfcd0~tplv-resize:640:0.png?psm=motor.rank.data,3,210,销量榜,19,3,1,4,dongchedi_ranking|dongchedi_usedcar_series,2026-07-08T21:14:45+08:00
b5e100569fa4738616191364,25078,16,比亚迪,唐L DM,https://p9-dcd.byteimg.com/tos-cn-i-dcdx/945b04cd564f400c84b98e10829125a5~tplv-resize:640:0.png?psm=motor.rank.data,3,210,销量榜,26,3,0,3,dongchedi_ranking|dongchedi_usedcar_series,2026-07-08T21:14:45+08:00
8a64695d32f6e6aefac0d1b6,25079,2,奥迪,奥迪Q6L Sportback e-tron,https://p9-dcd.byteimg.com/tos-cn-i-dcdx/fbd37222dbb94fafb9ee341b9f78521d~tplv-resize:640:0.png?psm=motor.rank.data,3,328,销量榜,3,5,0,5,dongchedi_ranking|dongchedi_usedcar_series,2026-07-08T21:14:45+08:00
b83961dfc1a1c3864af44412,25093,100,江铃,E福顺,https://p3-dcd.byteimg.com/tos-cn-i-dcdx/38b07b1b61124c47a334dad50522146b~tplv-f042mdwyw7-original:tplv-resize:640:0.image?psm=motor.pc_sh.api,1,0,,,0,0,0,dongchedi_usedcar_series,2026-07-08T21:14:45+08:00
01a5728190a35348c18c1d43,25094,10,日产,日产N7,https://p9-dcd.byteimg.com/tos-cn-i-dcdx/3c036397a27749aea9869595d11a1cfd~tplv-resize:640:0.png?psm=motor.rank.data,3,283,销量榜,13,9,0,9,dongchedi_ranking|dongchedi_usedcar_series,2026-07-08T21:14:45+08:00
60e2e9b1b41da7cd039c6cee,25095,546,仰望,仰望U7 PHEV,https://p9-dcd.byteimg.com/tos-cn-i-dcdx/f023f71da94e410592a1275069eed92b~tplv-resize:640:0.png?psm=motor.rank.data,3,210,销量榜,8,2,2,4,dongchedi_ranking|dongchedi_usedcar_series,2026-07-08T21:14:45+08:00
279b3144237fd30a422b00cc,25113,74,金杯,吉运E6,https://p9-dcd.byteimg.com/tos-cn-i-dcdx/c11f3977bebf4f78ad967e807a321a52~tplv-f042mdwyw7-original:tplv-resize:640:0.image?psm=motor.pc_sh.api,1,0,,,0,0,0,dongchedi_usedcar_series,2026-07-08T21:14:45+08:00
9df22befc9b3cccd113d8658,25116,10363,firefly萤火虫,firefly萤火虫,https://p9-dcd.byteimg.com/tos-cn-i-dcdx/3552ee01219b490aad189f48f9ad7b2e~tplv-resize:640:0.png?psm=motor.rank.data,3,210,销量榜,11,5,4,9,dongchedi_ranking|dongchedi_usedcar_series,2026-07-08T21:14:45+08:00
8b7dc5f5333065c90a902091,25121,514,吉利雷达,雷达金刚EV,https://p3-dcd.byteimg.com/tos-cn-i-dcdx/f95bb8303790434daeceeac58054951a~tplv-f042mdwyw7-original:tplv-resize:640:0.image?psm=motor.pc_sh.api,1,0,,,0,0,0,dongchedi_usedcar_series,2026-07-08T21:14:45+08:00
d2de97b764d9ae263c8b9aa8,25124,10409,奇瑞风云,风云A8L,https://p9-dcd.byteimg.com/tos-cn-i-dcdx/8ce601afedab4783843404bcf16c1fec~tplv-f042mdwyw7-original:tplv-resize:640:0.image?psm=motor.pc_sh.api,1,0,,,0,0,0,dongchedi_usedcar_series,2026-07-08T21:14:45+08:00
3e885742f389d617f95d318a,25132,870,长安启源,长安启源Q07,https://p9-dcd.byteimg.com/tos-cn-i-dcdx/4faa862b8d9f453e9d69ac02b418f912~tplv-resize:640:0.png?psm=motor.rank.data,3,283,销量榜,6,9,0,9,dongchedi_ranking|dongchedi_usedcar_series,2026-07-08T21:14:45+08:00
778bf1cb6c55c522c784b1bd,25135,16,比亚迪,海狮07DM,https://p9-dcd.byteimg.com/tos-cn-i-dcdx/971b1abd5cf24e86a58b28a3d9f5d93b~tplv-resize:640:0.png?psm=motor.rank.data,3,283,销量榜,34,3,0,3,dongchedi_ranking|dongchedi_usedcar_series,2026-07-08T21:14:45+08:00
db04ecc2c287f63a8529446c,25136,515,深蓝汽车,深蓝S09,https://p9-dcd.byteimg.com/tos-cn-i-dcdx/3ce8f40eea7644cdb35eb3fb3f1d6780~tplv-resize:640:0.png?psm=motor.rank.data,3,283,销量榜,6,7,2,9,dongchedi_ranking|dongchedi_usedcar_series,2026-07-08T21:14:45+08:00
212a281e2c2d8a5fc5db09bc,25137,16,比亚迪,海豹05DM,https://p9-dcd.byteimg.com/tos-cn-i-dcdx/6df1594168fd4c91a5a246a6371ab175~tplv-resize:640:0.png?psm=motor.rank.data,3,283,销量榜,3,4,2,6,dongchedi_ranking|dongchedi_usedcar_series,2026-07-08T21:14:45+08:00
11c9aabd4f491527a57cd4aa,25138,27,奔腾,悦意07,https://p9-dcd.byteimg.com/tos-cn-i-dcdx/a095bde172a543dfb23dafed34daaa14~tplv-resize:640:0.png?psm=motor.rank.data,3,283,销量榜,12,5,0,5,dongchedi_ranking|dongchedi_usedcar_series,2026-07-08T21:14:45+08:00
02772f80a4063b6f1fb9f54b,25139,16,比亚迪,海狮05EV,https://p9-dcd.byteimg.com/tos-cn-i-dcdx/a35d0522b26543658e61cbadf589eeb4~tplv-resize:640:0.png?psm=motor.rank.data,3,210,销量榜,9,6,0,6,dongchedi_ranking|dongchedi_usedcar_series,2026-07-08T21:14:45+08:00
b7ca5856b2a21d8444c2a9f0,25140,36,荣威,荣威D6,https://p9-dcd.byteimg.com/tos-cn-i-dcdx/e34c796a4f9840eba2aaa732a41ec6d6~tplv-resize:640:0.png?psm=motor.rank.data,3,283,销量榜,25,10,0,10,dongchedi_ranking|dongchedi_usedcar_series,2026-07-08T21:14:45+08:00
4907a56b844994008176341f,25147,16,比亚迪,汉L DM,https://p9-dcd.byteimg.com/tos-cn-i-dcdx/7e60b72580ff4963b7c7788dce573e72~tplv-resize:640:0.png?psm=motor.rank.data,3,210,销量榜,28,3,0,3,dongchedi_ranking|dongchedi_usedcar_series,2026-07-08T21:14:45+08:00
b3055d6a11149eb67cf94ba3,25148,10403,福田卡文汽车,乐福,https://p9-dcd.byteimg.com/tos-cn-i-dcdx/16bcf983f6834f2383b7959b4081c000~tplv-f042mdwyw7-original:tplv-resize:640:0.image?psm=motor.pc_sh.api,1,0,,,0,0,0,dongchedi_usedcar_series,2026-07-08T21:14:45+08:00
4db848cc2130553b02a5b346,25150,425,坦克,坦克500 Hi4-Z,https://p3-dcd.byteimg.com/tos-cn-i-dcdx/9527085b7b9d41f08cd3dafb3cccbed5~tplv-f042mdwyw7-original:tplv-resize:640:0.image?psm=motor.pc_sh.api,1,0,,,0,0,0,dongchedi_usedcar_series,2026-07-08T21:14:45+08:00
4d7ec29e0f70c54e2210b20d,25152,108,大通,星际X,https://p3-dcd.byteimg.com/tos-cn-i-dcdx/e1ffefa3d4824b32a14714620eb95ecc~tplv-f042mdwyw7-original:tplv-resize:640:0.image?psm=motor.pc_sh.api,1,0,,,0,0,0,dongchedi_usedcar_series,2026-07-08T21:14:45+08:00
5d855600780e09971c31cdaf,25161,174,领克,领克900,https://p9-dcd.byteimg.com/tos-cn-i-dcdx/2aca42e69f824d708b86d79f36e71e83~tplv-resize:640:0.png?psm=motor.rank.data,3,283,销量榜,15,7,0,7,dongchedi_ranking|dongchedi_usedcar_series,2026-07-08T21:14:45+08:00
b0abf742362a424cd91eeb38,25172,426,极氪,ZEEKR 007GT,https://p3-dcd.byteimg.com/tos-cn-i-dcdx/1baee688a6964ab5a8b003148e463e24~tplv-f042mdwyw7-original:tplv-resize:640:0.image?psm=motor.pc_sh.api,1,0,,,0,0,0,dongchedi_usedcar_series,2026-07-08T21:14:45+08:00
36dba286c565c0e5eb567d20,25185,16,比亚迪,唐L EV,https://p9-dcd.byteimg.com/tos-cn-i-dcdx/b97bce95dee04616b55f545b85723aa1~tplv-resize:640:0.png?psm=motor.rank.data,3,210,销量榜,41,3,0,3,dongchedi_ranking|dongchedi_usedcar_series,2026-07-08T21:14:45+08:00
1e85696ce8d0c1f0822d2a6f,25186,136,江铃集团新能源,羿驰01,https://p9-dcd.byteimg.com/tos-cn-i-dcdx/c9367a10253846b9a0c965f73d94248d~tplv-resize:640:0.png?psm=motor.rank.data,2,145,销量榜,66,1,0,1,dongchedi_ranking,2026-07-08T21:14:45+08:00
7dad37fa83c61a4d907f5844,25187,16,比亚迪,汉L EV,https://p9-dcd.byteimg.com/tos-cn-i-dcdx/842923d4bc454c43a072d3183677c5fe~tplv-resize:640:0.png?psm=motor.rank.data,3,210,销量榜,34,3,0,3,dongchedi_ranking|dongchedi_usedcar_series,2026-07-08T21:14:45+08:00
2591956da6b559ae13138348,25188,16,比亚迪,比亚迪e7,https://p9-dcd.byteimg.com/tos-cn-i-dcdx/defa557f1c7b405babc9abc2d0152b7e~tplv-resize:640:0.png?psm=motor.rank.data,3,210,销量榜,23,6,0,6,dongchedi_ranking|dongchedi_usedcar_series,2026-07-08T21:14:45+08:00
aace93aee3cc5507f7d27374,25194,136,江铃集团新能源,羿驰05,https://p9-dcd.byteimg.com/tos-cn-i-dcdx/2e4d996c3f13409297085244c65da231~tplv-resize:640:0.png?psm=motor.rank.data,2,301,销量榜,42,10,0,10,dongchedi_ranking,2026-07-08T21:14:45+08:00
a810cdc8b453df1725249872,25211,10429,纵横,纵横G700,https://p9-dcd.byteimg.com/tos-cn-i-dcdx/3a797ab4562b4c988a694f3dd8f8c28f~tplv-resize:640:0.png?psm=motor.rank.data,3,210,销量榜,18,10,0,10,dongchedi_ranking|dongchedi_usedcar_series,2026-07-08T21:14:45+08:00
c159ee74bad266463944e2d5,25226,24,沃尔沃,沃尔沃ES90,https://p9-dcd.byteimg.com/tos-cn-i-dcdx/b7e1c4f1a19d40ec9b7280bdf3a06ef8~tplv-resize:640:0.png?psm=motor.rank.data,2,165,销量榜,7,2,0,2,dongchedi_ranking,2026-07-08T21:14:45+08:00
db920704a836783088c44719,25227,18,奇瑞,艾瑞泽8 PRO,https://p3-dcd.byteimg.com/tos-cn-i-dcdx/5f6e4950efe749f3a4202950ee4430e2~tplv-f042mdwyw7-original:tplv-resize:640:0.image?psm=motor.pc_sh.api,1,0,,,0,0,0,dongchedi_usedcar_series,2026-07-08T21:14:45+08:00
6083d3bb3d361d312a1a2789,25232,891,东风奕派,纳米06,https://p9-dcd.byteimg.com/tos-cn-i-dcdx/a300dd64d6084f128da6cbab290b698e~tplv-resize:640:0.png?psm=motor.rank.data,3,283,销量榜,31,7,0,7,dongchedi_ranking|dongchedi_usedcar_series,2026-07-08T21:14:45+08:00
b7fe9c418d712d32e3ad6461,25234,918,乐道,乐道L90,https://p9-dcd.byteimg.com/tos-cn-i-dcdx/0d1ea03130eb4bad9bceec46eab2dff2~tplv-resize:640:0.png?psm=motor.rank.data,3,210,销量榜,10,11,4,15,dongchedi_ranking|dongchedi_usedcar_series,2026-07-08T21:14:45+08:00
f72fa6abfc6217f9b643c5ce,25236,858,吉利银河,银河星耀8 PHEV,https://p9-dcd.byteimg.com/tos-cn-i-dcdx/9725a30895f04bf1927b06f59f8a4324~tplv-resize:640:0.png?psm=motor.rank.data,3,283,销量榜,9,11,0,11,dongchedi_ranking|dongchedi_usedcar_series,2026-07-08T21:14:45+08:00
1421bd4ad290d8758875d649,25237,425,坦克,坦克400 Hi4-Z,https://p3-dcd.byteimg.com/tos-cn-i-dcdx/99c32d7cb85049ac9167dbd721b54561~tplv-f042mdwyw7-original:tplv-resize:640:0.image?psm=motor.pc_sh.api,1,0,,,0,0,0,dongchedi_usedcar_series,2026-07-08T21:14:45+08:00
0f02e545e96ba8e0e1905b71,25238,16,比亚迪,海豹06EV,https://p9-dcd.byteimg.com/tos-cn-i-dcdx/0f8f68edffef4a25801febb0c59ed9ec~tplv-resize:640:0.png?psm=motor.rank.data,3,210,销量榜,20,3,0,3,dongchedi_ranking|dongchedi_usedcar_series,2026-07-08T21:14:45+08:00
dd55a8fa6d393140fbd1d8a1,25239,10410,示界,示界06,https://p9-dcd.byteimg.com/tos-cn-i-dcdx/9cf15463fa5e4120a1f2f34627ec5f5c~tplv-resize:640:0.png?psm=motor.rank.data,2,210,销量榜,68,1,0,1,dongchedi_ranking,2026-07-08T21:14:45+08:00
28a3aca7e130129d2e4f7b7d,25281,65,MINI,电动MINI JCW,https://p3-dcd.byteimg.com/tos-cn-i-dcdx/7f6c7ea9a675451a84be753ed8c3c1a2~tplv-f042mdwyw7-original:tplv-resize:640:0.image?psm=motor.pc_sh.api,1,0,,,0,0,0,dongchedi_usedcar_series,2026-07-08T21:14:45+08:00
e3ad403c13cae1939d441735,25288,40,广汽传祺,传祺向往S9,https://p9-dcd.byteimg.com/tos-cn-i-dcdx/319c05782337493682f7edb872c7a673~tplv-resize:640:0.png?psm=motor.rank.data,3,283,销量榜,25,5,0,5,dongchedi_ranking|dongchedi_usedcar_series,2026-07-08T21:14:45+08:00
165e6f8f7cdebe02b0a974f4,25314,5,丰田,丰田bZ5,https://p9-dcd.byteimg.com/tos-cn-i-dcdx/e94c8df2a58441898c6f6939ed2dc30c~tplv-resize:640:0.png?psm=motor.rank.data,3,283,销量榜,12,6,0,6,dongchedi_ranking|dongchedi_usedcar_series,2026-07-08T21:14:45+08:00
901d69f801dc51c37abf4421,25315,17,哈弗,哈弗猛龙燃油版,https://p9-dcd.byteimg.com/tos-cn-i-dcdx/a474d8adaa8e4739962644ed543745d5~tplv-resize:640:0.png?psm=motor.rank.data,3,161,销量榜,46,2,0,2,dongchedi_ranking|dongchedi_usedcar_series,2026-07-08T21:14:45+08:00
9e4a9168393ec7e17cd84f9e,25316,10444,奇瑞QQ,多米,https://p9-dcd.byteimg.com/tos-cn-i-dcdx/beadcc6ab8364858bda6a7a61e518108~tplv-resize:640:0.png?psm=motor.rank.data,3,45,销量榜,102,2,0,2,dongchedi_ranking|dongchedi_usedcar_series,2026-07-08T21:14:45+08:00
f1d04d114d8ba355d66996c6,25340,176,ARCFOX极狐,极狐 阿尔法S6,https://p9-dcd.byteimg.com/tos-cn-i-dcdx/06ff994a697a423bb9ac0e494a6641e7~tplv-f042mdwyw7-original:tplv-resize:640:0.image?psm=motor.pc_sh.api,1,0,,,0,0,0,dongchedi_usedcar_series,2026-07-08T21:14:45+08:00
b17bba671af184529d34ef33,25345,15,马自达,马自达EZ-60,https://p9-dcd.byteimg.com/tos-cn-i-dcdx/f54c52621cfa4ef5b80f2226a0642cf3~tplv-resize:640:0.png?psm=motor.rank.data,2,251,销量榜,8,14,0,14,dongchedi_ranking,2026-07-08T21:14:45+08:00
257d58d5423bf45bb70ef433,25349,209,捷途,捷途X90 C-DM,https://p9-dcd.byteimg.com/tos-cn-i-dcdx/467f96e7b09b4db8a03699b2bb63b68a~tplv-resize:640:0.png?psm=motor.rank.data,3,10,销量榜,131,4,0,4,dongchedi_ranking|dongchedi_usedcar_series,2026-07-08T21:14:45+08:00
2b2192947a77e3ea9434e4b1,25387,10419,尚界,尚界H5,https://p9-dcd.byteimg.com/tos-cn-i-dcdx/b3ee4d9645d944ee820c5947d919444a~tplv-resize:640:0.png?psm=motor.rank.data,3,186,销量榜,29,12,0,12,dongchedi_ranking|dongchedi_usedcar_series,2026-07-08T21:14:45+08:00
be6e900215fe448c4d800d6e,25389,3,奔驰,奔驰CLA EV,https://p9-dcd.byteimg.com/tos-cn-i-dcdx/cee78baa4d86432387a5a0bcee6926ef~tplv-resize:640:0.png?psm=motor.rank.data,3,192,销量榜,31,4,0,4,dongchedi_ranking|dongchedi_usedcar_series,2026-07-08T21:14:45+08:00
d5fec2ef7c31a78359a759ad,25395,1,大众,ID. ERA 9X,https://p9-dcd.byteimg.com/tos-cn-i-dcdx/a5c1211bddc544ff8e4437ee2cd94b48~tplv-resize:640:0.png?psm=motor.rank.data,2,174,销量榜,1,3,0,3,dongchedi_ranking,2026-07-08T21:14:45+08:00
59ee4948cec0ebc86e924da3,25398,10409,奇瑞风云,风云X3 PLUS,https://p9-dcd.byteimg.com/tos-cn-i-dcdx/acc5ab681bad43578ec8f6cc76d0aece~tplv-f042mdwyw7-original:tplv-resize:640:0.image?psm=motor.pc_sh.api,1,0,,,0,0,0,dongchedi_usedcar_series,2026-07-08T21:14:45+08:00
9e5c35d89d9ac2ba345f26bb,25399,16,比亚迪,海狮06DM,https://p9-dcd.byteimg.com/tos-cn-i-dcdx/33ad68f9617b43448e36f7f8e4d763ce~tplv-resize:640:0.png?psm=motor.rank.data,3,283,销量榜,7,7,0,7,dongchedi_ranking|dongchedi_usedcar_series,2026-07-08T21:14:45+08:00
98a14a0855e275bb626896f0,25400,16,比亚迪,海狮06EV,https://p9-dcd.byteimg.com/tos-cn-i-dcdx/2f4d4de44df0441383cd118517635fda~tplv-resize:640:0.png?psm=motor.rank.data,3,283,销量榜,1,7,0,7,dongchedi_ranking|dongchedi_usedcar_series,2026-07-08T21:14:45+08:00
afcce202bf6bdc65c3e79f1e,25401,176,ARCFOX极狐,极狐 贝塔T1,https://p9-dcd.byteimg.com/tos-cn-i-dcdx/0a24fb98b1864a4691ba7e6c968065b3~tplv-resize:640:0.png?psm=motor.rank.data,3,210,销量榜,9,8,0,8,dongchedi_ranking|dongchedi_usedcar_series,2026-07-08T21:14:45+08:00
6a8eadf5872fcc3db84b3994,25412,527,猛士,猛士M817,https://p9-dcd.byteimg.com/tos-cn-i-dcdx/c3f7dafd9e92422bae5bf7978459d42d~tplv-resize:640:0.png?psm=motor.rank.data,3,283,销量榜,22,9,0,9,dongchedi_ranking|dongchedi_usedcar_series,2026-07-08T21:14:45+08:00
0e14df9af8c19ab4957211b0,25413,2,奥迪,奥迪A6L e-tron,https://p3-dcd.byteimg.com/tos-cn-i-dcdx/54ad3dfcb4154fc8a34cb089ace62ef4~tplv-f042mdwyw7-original:tplv-resize:640:0.image?psm=motor.pc_sh.api,1,0,,,0,0,0,dongchedi_usedcar_series,2026-07-08T21:14:45+08:00
5737ff725d6aa16b9bdd6839,25421,12,别克,别克至境世家,https://p9-dcd.byteimg.com/tos-cn-i-dcdx/ccaf06a10739429195d3b87123b8ae61~tplv-resize:640:0.png?psm=motor.rank.data,3,210,销量榜,6,3,0,3,dongchedi_ranking|dongchedi_usedcar_series,2026-07-08T21:14:45+08:00
19a2fa2441452a962b07221c,25427,11,现代,EO 羿欧,https://p9-dcd.byteimg.com/tos-cn-i-dcdx/6b5a8770c1df48a385e673ad748ba3d9~tplv-resize:640:0.png?psm=motor.rank.data,2,283,销量榜,36,6,0,6,dongchedi_ranking,2026-07-08T21:14:45+08:00
445b1c93f02439a04884a9d9,25436,10425,捷途山海,捷途山海L7 PLUS,https://p9-dcd.byteimg.com/tos-cn-i-dcdx/826721d8597840aebaee8dd053b8c655~tplv-resize:640:0.png?psm=motor.rank.data,3,273,销量榜,15,10,0,10,dongchedi_ranking|dongchedi_usedcar_series,2026-07-08T21:14:45+08:00
a3e1b905a118a74665198a5a,25469,514,吉利雷达,雷达金刚PHEV,https://p3-dcd.byteimg.com/tos-cn-i-dcdx/b9970700367a44efb66c52ef837c7f36~tplv-f042mdwyw7-original:tplv-resize:640:0.image?psm=motor.pc_sh.api,1,0,,,0,0,0,dongchedi_usedcar_series,2026-07-08T21:14:45+08:00
f8aba80f7d319f5504b9760c,25479,198,瑞驰,瑞驰R5,https://p3-dcd.byteimg.com/tos-cn-i-dcdx/97c0029997884c98a73e56baf4c7d4a1~tplv-f042mdwyw7-original:tplv-resize:640:0.image?psm=motor.pc_sh.api,1,0,,,0,0,0,dongchedi_usedcar_series,2026-07-08T21:14:45+08:00
1d910018870d968c18643b4e,25485,24,沃尔沃,沃尔沃XC70,https://p9-dcd.byteimg.com/tos-cn-i-dcdx/1b9bfebdc17a4047b765d59fad62c8fe~tplv-resize:640:0.png?psm=motor.rank.data,3,210,销量榜,6,6,0,6,dongchedi_ranking|dongchedi_usedcar_series,2026-07-08T21:14:45+08:00
e0c33d6fa45b7ce407c6d3ce,25486,870,长安启源,长安启源A06,https://p9-dcd.byteimg.com/tos-cn-i-dcdx/c105cba3fb9141b48adcdc62554539bd~tplv-resize:640:0.png?psm=motor.rank.data,3,186,销量榜,13,10,1,11,dongchedi_ranking|dongchedi_usedcar_series,2026-07-08T21:14:45+08:00
e00d42469218d48777cfc1c8,25488,174,领克,领克10 EM-P,https://p9-dcd.byteimg.com/tos-cn-i-dcdx/c67bb456d8f8427d8f2525a82b3bd63e~tplv-resize:640:0.png?psm=motor.rank.data,3,283,销量榜,7,4,3,7,dongchedi_ranking|dongchedi_usedcar_series,2026-07-08T21:14:45+08:00
cb077d86f20510b3b433f828,25490,142,凯翼,江豚E7,https://p3-dcd.byteimg.com/tos-cn-i-dcdx/d42961dff3b24977a47d56bbf06895f9~tplv-f042mdwyw7-original:tplv-resize:640:0.image?psm=motor.pc_sh.api,1,0,,,0,0,0,dongchedi_usedcar_series,2026-07-08T21:14:45+08:00
8e00242495942ac42f0f08d4,25521,858,吉利银河,银河M9,https://p9-dcd.byteimg.com/tos-cn-i-dcdx/4ce0a4be183540a58d72ad06dabed315~tplv-resize:640:0.png?psm=motor.rank.data,3,283,销量榜,4,7,0,7,dongchedi_ranking|dongchedi_usedcar_series,2026-07-08T21:14:45+08:00
f573bf510c200e29796f7537,25527,510,智锐汽车,欧尔法,https://p3-dcd.byteimg.com/tos-cn-i-dcdx/509cd593b87a4b01be0a7cbbf353d1f3~tplv-f042mdwyw7-original:tplv-resize:640:0.image?psm=motor.pc_sh.api,1,0,,,0,0,0,dongchedi_usedcar_series,2026-07-08T21:14:45+08:00
8a42ee1d84ac8e8574f8fdde,25535,37,东风风神,东风风神L8 PHEV,https://p9-dcd.byteimg.com/tos-cn-i-dcdx/67fe3f4785894978b8c1efed3a3a6f3b~tplv-resize:640:0.png?psm=motor.rank.data,3,210,销量榜,22,4,0,4,dongchedi_ranking|dongchedi_usedcar_series,2026-07-08T21:14:45+08:00
1ed2991107247ec5d764e299,25544,10409,奇瑞风云,风云X3,https://p9-dcd.byteimg.com/tos-cn-i-dcdx/b8cc7679e7c44359bec5795f580622ab~tplv-resize:640:0.png?psm=motor.rank.data,3,70,销量榜,73,5,0,5,dongchedi_ranking|dongchedi_usedcar_series,2026-07-08T21:14:45+08:00
40484e658a9081d8e08adaff,25545,10409,奇瑞风云,风云X3L,https://p9-dcd.byteimg.com/tos-cn-i-dcdx/0c52e19fc4124f1c81d5a83f12cae963~tplv-f042mdwyw7-original:tplv-resize:640:0.image?psm=motor.pc_sh.api,1,0,,,0,0,0,dongchedi_usedcar_series,2026-07-08T21:14:45+08:00
72a7de7452b469173f0e56ae,25546,36,荣威,荣威M7 DMH,https://p9-dcd.byteimg.com/tos-cn-i-dcdx/f021e0128ac1444b8438b79102d396c0~tplv-resize:640:0.png?psm=motor.rank.data,3,283,销量榜,9,5,0,5,dongchedi_ranking|dongchedi_usedcar_series,2026-07-08T21:14:45+08:00
6b15b0d44a0c294fa6fa5238,25547,858,吉利银河,银河A7 EM,https://p9-dcd.byteimg.com/tos-cn-i-dcdx/b221b18c07534b408f168e58b3e160f0~tplv-resize:640:0.png?psm=motor.rank.data,3,283,销量榜,3,12,0,12,dongchedi_ranking|dongchedi_usedcar_series,2026-07-08T21:14:45+08:00
afc6ba8f8de6611ce06d2875,25549,159,腾势,腾势N8L DM,https://p9-dcd.byteimg.com/tos-cn-i-dcdx/14e45f2711a7473a83e602c577d255f9~tplv-resize:640:0.png?psm=motor.rank.data,3,283,销量榜,10,4,0,4,dongchedi_ranking|dongchedi_usedcar_series,2026-07-08T21:14:45+08:00
8ef7b195e3198164438a8ba8,25555,426,极氪,ZEEKR 8X,https://p9-dcd.byteimg.com/tos-cn-i-dcdx/0c80ca14584f41119a8904a0045fc2af~tplv-resize:640:0.png?psm=motor.rank.data,3,253,销量榜,2,7,0,7,dongchedi_ranking|dongchedi_usedcar_series,2026-07-08T21:14:45+08:00
03b857eb3bd0498c9fb08dac,25556,160,威麟,威麟R08,https://p9-dcd.byteimg.com/tos-cn-i-dcdx/29a650968b4e465d92871700994c41ef~tplv-f042mdwyw7-original:tplv-resize:640:0.image?psm=motor.pc_sh.api,1,0,,,0,0,0,dongchedi_usedcar_series,2026-07-08T21:14:45+08:00
82d498153012b6bbf51648e9,25557,202,理想汽车,理想i6,https://p9-dcd.byteimg.com/tos-cn-i-dcdx/23bca80155b2406abca7b473c8e85691~tplv-resize:640:0.png?psm=motor.rank.data,3,210,销量榜,2,2,0,2,dongchedi_ranking|dongchedi_usedcar_series,2026-07-08T21:14:45+08:00
e560ffe989a16ba59b90b9ce,25559,861,方程豹,钛7 PHEV,https://p9-dcd.byteimg.com/tos-cn-i-dcdx/3bb475c050b541e494e0fc3c10da4d40~tplv-resize:640:0.png?psm=motor.rank.data,3,283,销量榜,1,4,0,4,dongchedi_ranking|dongchedi_usedcar_series,2026-07-08T21:14:45+08:00
e4b6db5f5cb463e83b798837,25561,10424,礼骊汽车,礼骊汽车 V级,https://p3-dcd.byteimg.com/tos-cn-i-dcdx/8e7fc32f61f84e6b95f5922f5217355a~tplv-f042mdwyw7-original:tplv-resize:640:0.image?psm=motor.pc_sh.api,1,0,,,0,0,0,dongchedi_usedcar_series,2026-07-08T21:14:45+08:00
2437f1c0c9c87335d50e221f,25562,10424,礼骊汽车,礼骊汽车 威霆,https://p3-dcd.byteimg.com/tos-cn-i-dcdx/931efaa7602d49418a3578bafcbc99d9~tplv-f042mdwyw7-original:tplv-resize:640:0.image?psm=motor.pc_sh.api,1,0,,,0,0,0,dongchedi_usedcar_series,2026-07-08T21:14:45+08:00
193c82cef6c3dda9c33c6ed2,25565,918,乐道,乐道L80,https://p9-dcd.byteimg.com/tos-cn-i-dcdx/d68e714aabaf4801b5136aef69105c3b~tplv-resize:640:0.png?psm=motor.rank.data,3,165,销量榜,6,3,0,3,dongchedi_ranking|dongchedi_usedcar_series,2026-07-08T21:14:45+08:00
d78e3175fe876242844c2adc,25567,91,东风,睿立达V5,https://p3-dcd.byteimg.com/tos-cn-i-dcdx/95a573a227fd4d6699fb56234b6d7393~tplv-f042mdwyw7-original:tplv-resize:640:0.image?psm=motor.pc_sh.api,1,0,,,0,0,0,dongchedi_usedcar_series,2026-07-08T21:14:45+08:00
671e49ee95f1c2e830ec8241,25571,39,五菱汽车,缤果S,https://p9-dcd.byteimg.com/tos-cn-i-dcdx/fe583d70163f47ab97f855da90ff055a~tplv-resize:640:0.png?psm=motor.rank.data,3,210,销量榜,9,5,0,5,dongchedi_ranking|dongchedi_usedcar_series,2026-07-08T21:14:45+08:00
e932d9400a95904f615c79ae,25572,381,睿蓝汽车,蓝气球,https://p9-dcd.byteimg.com/tos-cn-i-dcdx/415148bb0154452399f5e0b0f6a72ae3~tplv-resize:640:0.png?psm=motor.rank.data,3,283,销量榜,12,2,0,2,dongchedi_ranking|dongchedi_usedcar_series,2026-07-08T21:14:45+08:00
b5b02b256cc0661331d028d9,25573,176,ARCFOX极狐,极狐 贝塔S3,https://p9-dcd.byteimg.com/tos-cn-i-dcdx/da9ca28b0fca44a68259310e8ea9e9a3~tplv-resize:640:0.png?psm=motor.rank.data,2,233,销量榜,7,8,0,8,dongchedi_ranking,2026-07-08T21:14:45+08:00
d1f94f6f590bf115bb6a776c,25574,39,五菱汽车,星光730 PHEV,https://p9-dcd.byteimg.com/tos-cn-i-dcdx/ce5f5ab6377b4b2f8f9c41a876ecbf5f~tplv-resize:640:0.png?psm=motor.rank.data,3,210,销量榜,3,2,0,2,dongchedi_ranking|dongchedi_usedcar_series,2026-07-08T21:14:45+08:00
6aa90d99a303630f845ec2bd,25575,39,五菱汽车,星光730,https://p9-dcd.byteimg.com/tos-cn-i-dcdx/06743772b8e7446299bee1d080d3273a~tplv-resize:640:0.png?psm=motor.rank.data,3,161,销量榜,1,3,0,3,dongchedi_ranking|dongchedi_usedcar_series,2026-07-08T21:14:45+08:00
7b412cbc6d24b4c3cea70548,25576,39,五菱汽车,星光730 EV,https://p9-dcd.byteimg.com/tos-cn-i-dcdx/1d331ff95a23429cb9eeee832389b76d~tplv-resize:640:0.png?psm=motor.rank.data,3,210,销量榜,1,2,0,2,dongchedi_ranking|dongchedi_usedcar_series,2026-07-08T21:14:45+08:00
633bc2c573ad06107eb7bbbd,25577,73,吉利汽车,博越REV,https://p9-dcd.byteimg.com/tos-cn-i-dcdx/de34668abb97499182b82bd617b149e4~tplv-resize:640:0.png?psm=motor.rank.data,2,183,销量榜,1,3,0,3,dongchedi_ranking,2026-07-08T21:14:45+08:00
cf388b52ccf8c4fb82fd0b06,25578,209,捷途,捷途X70L,https://p9-dcd.byteimg.com/tos-cn-i-dcdx/a03c63534f85409da8219cd30fdf3544~tplv-f042mdwyw7-original:tplv-resize:640:0.image?psm=motor.pc_sh.api,1,0,,,0,0,0,dongchedi_usedcar_series,2026-07-08T21:14:45+08:00
4ee003e485d01c2cf6cc84a3,25579,16,比亚迪,比亚迪M9,https://p9-dcd.byteimg.com/tos-cn-i-dcdx/681ca997c8bb4fa397732f9024fe01d6~tplv-resize:640:0.png?psm=motor.rank.data,3,210,销量榜,27,2,0,2,dongchedi_ranking|dongchedi_usedcar_series,2026-07-08T21:14:45+08:00
334972f9dedd937d89234385,25587,16,比亚迪,海豹06DM旅行版,https://p9-dcd.byteimg.com/tos-cn-i-dcdx/e8bb66b8053b4739ba5419afdb147938~tplv-resize:640:0.png?psm=motor.rank.data,3,210,销量榜,21,7,0,7,dongchedi_ranking|dongchedi_usedcar_series,2026-07-08T21:14:45+08:00
72da0c3b593485304da02241,25595,931,享界,享界S9T,https://p9-dcd.byteimg.com/tos-cn-i-dcdx/613c0834a43548f8bd82888ada27be70~tplv-resize:640:0.png?psm=motor.rank.data,3,186,销量榜,12,12,0,12,dongchedi_ranking|dongchedi_usedcar_series,2026-07-08T21:14:45+08:00
0877776c704b369efe449e84,25598,59,红旗,红旗HS6 PHEV,https://p9-dcd.byteimg.com/tos-cn-i-dcdx/47e95923cec94166b410a8f9be7e3b57~tplv-resize:640:0.png?psm=motor.rank.data,3,283,销量榜,11,3,0,3,dongchedi_ranking|dongchedi_usedcar_series,2026-07-08T21:14:45+08:00
ebabe0c10fa76d780db47398,25600,12,别克,别克至境L7,https://p9-dcd.byteimg.com/tos-cn-i-dcdx/84199f296dfd4e8eb71235d852f093c5~tplv-resize:640:0.png?psm=motor.rank.data,3,251,销量榜,23,5,0,5,dongchedi_ranking|dongchedi_usedcar_series,2026-07-08T21:14:45+08:00
3c5110fc8e22af7b0e4af625,25601,251,星途,星途ET5,https://p9-dcd.byteimg.com/tos-cn-i-dcdx/ff1b13dff06c4a1ca1cde6107a4c2ab1~tplv-resize:640:0.png?psm=motor.rank.data,3,283,销量榜,2,2,0,2,dongchedi_ranking|dongchedi_usedcar_series,2026-07-08T21:14:45+08:00
12b138882c3d00f9fb8d4a6c,25603,7,福特,福特智趣烈马,https://p9-dcd.byteimg.com/tos-cn-i-dcdx/f046665638944ea586ca6b9b135a4a8d~tplv-resize:640:0.png?psm=motor.rank.data,3,154,销量榜,41,5,0,5,dongchedi_ranking|dongchedi_usedcar_series,2026-07-08T21:14:45+08:00
10db707c6ac2e58b67fce253,25604,48,smart,smart精灵#5 EHD超级电混,https://p9-dcd.byteimg.com/tos-cn-i-dcdx/95f85a1a04d44f8cb59288d29b531861~tplv-resize:640:0.png?psm=motor.rank.data,3,283,销量榜,25,4,0,4,dongchedi_ranking|dongchedi_usedcar_series,2026-07-08T21:14:45+08:00
dec13de7089a33edc84ff7b4,25607,419,智己汽车,智己LS9,https://p9-dcd.byteimg.com/tos-cn-i-dcdx/732e60071ef44797aa48e3f521a3ece3~tplv-resize:640:0.png?psm=motor.rank.data,3,210,销量榜,3,2,0,2,dongchedi_ranking|dongchedi_usedcar_series,2026-07-08T21:14:45+08:00
9963c7ee39c84a878cdff885,25608,39,五菱汽车,星光560 EV,https://p9-dcd.byteimg.com/tos-cn-i-dcdx/2852096486ae465b8a3f901f9b75f9ee~tplv-resize:640:0.png?psm=motor.rank.data,2,210,销量榜,34,1,0,1,dongchedi_ranking,2026-07-08T21:14:45+08:00
26d70c28081e7953eabfd317,25609,39,五菱汽车,星光560 PHEV,https://p9-dcd.byteimg.com/tos-cn-i-dcdx/4aa13f55a33a44bd9d990feeb2cf7133~tplv-resize:640:0.png?psm=motor.rank.data,3,210,销量榜,11,1,0,1,dongchedi_ranking|dongchedi_usedcar_series,2026-07-08T21:14:45+08:00
a82b1e23421a6fa79e877806,25610,39,五菱汽车,星光560,https://p9-dcd.byteimg.com/tos-cn-i-dcdx/e9744622061547979e4d4ddd7f9f7734~tplv-resize:640:0.png?psm=motor.rank.data,3,161,销量榜,19,2,0,2,dongchedi_ranking|dongchedi_usedcar_series,2026-07-08T21:14:45+08:00
dd8a83a0152ad2a1e8fdcf86,25611,858,吉利银河,银河星耀6,https://p9-dcd.byteimg.com/tos-cn-i-dcdx/6f6a872539c44fa581f72589e311f1dd~tplv-resize:640:0.png?psm=motor.rank.data,3,283,销量榜,7,7,0,7,dongchedi_ranking|dongchedi_usedcar_series,2026-07-08T21:14:45+08:00
0d765028acb74939330f5ad7,25612,136,江铃集团新能源,羿驰05S,https://p9-dcd.byteimg.com/tos-cn-i-dcdx/59e82290675a4b1e95ea0c56bc505fed~tplv-resize:640:0.png?psm=motor.rank.data,2,301,销量榜,45,7,0,7,dongchedi_ranking,2026-07-08T21:14:45+08:00
43f8648e558d488b7cbcbdb9,25613,78,北京汽车制造厂,锐胜M8新能源,https://p9-dcd.byteimg.com/tos-cn-i-dcdx/569b23b0937e44fd81be011857dd59f5~tplv-resize:640:0.png?psm=motor.rank.data,2,251,销量榜,9,25,0,25,dongchedi_ranking,2026-07-08T21:14:45+08:00
8513107b031dad8b9689cb93,25619,395,岚图,岚图泰山 PHEV,https://p9-dcd.byteimg.com/tos-cn-i-dcdx/5f56f8901e384ee0912c7e927cc0e4b7~tplv-resize:640:0.png?psm=motor.rank.data,3,283,销量榜,5,4,0,4,dongchedi_ranking|dongchedi_usedcar_series,2026-07-08T21:14:45+08:00
c06297a35dc6d3caf699c06d,25620,909,iCAR,iCAR V27,https://p9-dcd.byteimg.com/tos-cn-i-dcdx/c08399c05527410ebfb85a391d275c65~tplv-resize:640:0.png?psm=motor.rank.data,3,183,销量榜,1,3,0,3,dongchedi_ranking|dongchedi_usedcar_series,2026-07-08T21:14:45+08:00
87a9f818dbac518ba9e1a564,25621,195,小鹏汽车,小鹏GX,https://p9-dcd.byteimg.com/tos-cn-i-dcdx/4907a881b657425e806c83f23b805a33~tplv-resize:640:0.png?psm=motor.rank.data,3,206,销量榜,52,8,0,8,dongchedi_ranking|dongchedi_usedcar_series,2026-07-08T21:14:45+08:00
066ed8ea523cffc933d3bbf0,25628,515,深蓝汽车,深蓝L06,https://p9-dcd.byteimg.com/tos-cn-i-dcdx/942afa8141b747b6a28181ea92a83fbc~tplv-resize:640:0.png?psm=motor.rank.data,3,251,销量榜,7,8,0,8,dongchedi_ranking|dongchedi_usedcar_series,2026-07-08T21:14:45+08:00
d17f032c4d1478ddde9a6410,25634,870,长安启源,长安启源Q05,https://p9-dcd.byteimg.com/tos-cn-i-dcdx/d165339b96b94c7bb9f77369d17afdc1~tplv-resize:640:0.png?psm=motor.rank.data,3,283,销量榜,1,7,3,10,dongchedi_ranking|dongchedi_usedcar_series,2026-07-08T21:14:45+08:00
b6f774b79b9661b445da819b,25636,10,日产,日产N6,https://p9-dcd.byteimg.com/tos-cn-i-dcdx/806998923a104bdd8ca07df13ed0b80a~tplv-resize:640:0.png?psm=motor.rank.data,3,210,销量榜,9,8,1,9,dongchedi_ranking|dongchedi_usedcar_series,2026-07-08T21:14:45+08:00
bab3ead8dec443581beddbfd,25639,17,哈弗,哈弗H6L,https://p9-dcd.byteimg.com/tos-cn-i-dcdx/e69eda2a9bae48bda425b3e6c9d2bbd5~tplv-f042mdwyw7-original:tplv-resize:640:0.image?psm=motor.pc_sh.api,1,0,,,0,0,0,dongchedi_usedcar_series,2026-07-08T21:14:45+08:00
182ee723c4a788cdd82c5375,25642,880,广汽昊铂,昊铂A800,https://p9-dcd.byteimg.com/tos-cn-i-dcdx/a9b7e26e3a5549e5998be6bfe85a4856~tplv-resize:640:0.png?psm=motor.rank.data,3,283,销量榜,6,4,0,4,dongchedi_ranking|dongchedi_usedcar_series,2026-07-08T21:14:45+08:00
46a762a218ed52c8c8cb23dc,25643,242,埃安,AION i60,https://p9-dcd.byteimg.com/tos-cn-i-dcdx/371db0cffb5143d9a38f62f951730f40~tplv-resize:640:0.png?psm=motor.rank.data,3,229,销量榜,1,9,0,9,dongchedi_ranking|dongchedi_usedcar_series,2026-07-08T21:14:45+08:00
13a9676133f19f81d1f50024,25644,12,别克,别克至境世家纯电,https://p9-dcd.byteimg.com/tos-cn-i-dcdx/8d632c31b55941a48a0b95aeb3575450~tplv-resize:640:0.png?psm=motor.rank.data,2,183,销量榜,15,1,0,1,dongchedi_ranking,2026-07-08T21:14:45+08:00
dde24269b58e6817e21a003e,25647,395,岚图,岚图追光L,https://p9-dcd.byteimg.com/tos-cn-i-dcdx/957d7a75963342ea840d3b352aadd79f~tplv-resize:640:0.png?psm=motor.rank.data,3,263,销量榜,24,2,0,2,dongchedi_ranking|dongchedi_usedcar_series,2026-07-08T21:14:45+08:00
dedb1945a875e88051204c89,25651,63,特斯拉,Model Y L,https://p3-dcd.byteimg.com/tos-cn-i-dcdx/dea2fae378bf4e19aaff0632f93b1143~tplv-f042mdwyw7-original:tplv-resize:640:0.image?psm=motor.pc_sh.api,1,0,,,0,0,0,dongchedi_usedcar_series,2026-07-08T21:14:45+08:00
7952115a8ef03ce4f60b816c,25678,10444,奇瑞QQ,QQ3 EV,https://p9-dcd.byteimg.com/tos-cn-i-dcdx/199a86d1354a4dafb213b61b3443d712~tplv-resize:640:0.png?psm=motor.rank.data,3,174,销量榜,10,4,0,4,dongchedi_ranking|dongchedi_usedcar_series,2026-07-08T21:14:45+08:00
0e78dadeee90ad41f7c3ce5b,25682,207,零跑汽车,零跑Lafa5,https://p9-dcd.byteimg.com/tos-cn-i-dcdx/eb3ed5d8c99f4ed390b03980847b91d8~tplv-resize:640:0.png?psm=motor.rank.data,3,283,销量榜,14,7,0,7,dongchedi_ranking|dongchedi_usedcar_series,2026-07-08T21:14:45+08:00
b3f06144f99b8ab0c2806caa,25683,78,北京汽车制造厂,锐胜M8,https://p9-dcd.byteimg.com/tos-cn-i-dcdx/44d47f32c2c3417ba5abc0fc042ece04~tplv-resize:640:0.png?psm=motor.rank.data,2,218,销量榜,14,6,0,6,dongchedi_ranking,2026-07-08T21:14:45+08:00
aa94773ce3662d8ce49bd902,25685,10430,普曼·巅峰,普曼VLS,https://p3-dcd.byteimg.com/tos-cn-i-dcdx/1c92f2b3de5a495d9b3c1feec98d54a9~tplv-f042mdwyw7-original:tplv-resize:640:0.image?psm=motor.pc_sh.api,1,0,,,0,0,0,dongchedi_usedcar_series,2026-07-08T21:14:45+08:00
b391f5190595e2ead8c8af75,25694,366,宝骏,宝骏E6,https://p9-dcd.byteimg.com/tos-cn-i-dcdx/bbd26c81887a488a8932672b89360191~tplv-f042mdwyw7-original:tplv-resize:640:0.image?psm=motor.pc_sh.api,1,0,,,0,0,0,dongchedi_usedcar_series,2026-07-08T21:14:45+08:00
80f94e39ce9798dae451e135,25695,10445,华境,华境S,https://p9-dcd.byteimg.com/tos-cn-i-dcdx/7f78edd30fe14b1eb199e85aa264f170~tplv-resize:640:0.png?psm=motor.rank.data,2,233,销量榜,4,4,0,4,dongchedi_ranking,2026-07-08T21:14:45+08:00
de7ff2d5b2cd77df58e24e04,25711,858,吉利银河,银河V900,https://p9-dcd.byteimg.com/tos-cn-i-dcdx/c81987d51573492fbde3c3d00565c04b~tplv-resize:640:0.png?psm=motor.rank.data,3,210,销量榜,6,3,0,3,dongchedi_ranking|dongchedi_usedcar_series,2026-07-08T21:14:45+08:00
3265dc68c0b0fa35ab3bc24d,25715,238,欧拉,欧拉5纯电版,https://p9-dcd.byteimg.com/tos-cn-i-dcdx/2058a4b505c24fef8a770984fe846d61~tplv-resize:640:0.png?psm=motor.rank.data,3,283,销量榜,21,5,1,6,dongchedi_ranking|dongchedi_usedcar_series,2026-07-08T21:14:45+08:00
9c47e0d46182174bddb57751,25716,858,吉利银河,银河星舰7 EV,https://p9-dcd.byteimg.com/tos-cn-i-dcdx/7691e0febe9742c381a3967c3e06a14d~tplv-resize:640:0.png?psm=motor.rank.data,2,165,销量榜,51,4,0,4,dongchedi_ranking,2026-07-08T21:14:45+08:00
baa4cb326a5ad1d8ca0d43ee,25717,546,仰望,仰望U8L,https://p9-dcd.byteimg.com/tos-cn-i-dcdx/02d413ba4bc34a28afe9350a7a6995a1~tplv-resize:640:0.png?psm=motor.rank.data,3,210,销量榜,4,1,1,2,dongchedi_ranking|dongchedi_usedcar_series,2026-07-08T21:14:45+08:00
3936e9dddb754081a09f4cbc,25718,207,零跑汽车,零跑D19,https://p9-dcd.byteimg.com/tos-cn-i-dcdx/b7d3f3cd70ff46e4844a888bdd8220fa~tplv-resize:640:0.png?psm=motor.rank.data,3,154,销量榜,8,7,0,7,dongchedi_ranking|dongchedi_usedcar_series,2026-07-08T21:14:45+08:00
21e7231ca4f76f4d9fe3e577,25720,10433,埃尚,埃尚,https://p9-dcd.byteimg.com/tos-cn-i-dcdx/a22aae1505f54dd283aa6d99bd22e5a3~tplv-resize:640:0.png?psm=motor.rank.data,3,253,销量榜,8,4,0,4,dongchedi_ranking|dongchedi_usedcar_series,2026-07-08T21:14:45+08:00
a0719dbfc8ef53df9c92a06e,25738,1,大众,与众07,https://p3-dcd.byteimg.com/tos-cn-i-dcdx/171f9ec6ade24da2b142f450d87724bb~tplv-f042mdwyw7-original:tplv-resize:640:0.image?psm=motor.pc_sh.api,1,0,,,0,0,0,dongchedi_usedcar_series,2026-07-08T21:14:45+08:00
8ff20f8917888522ed568a66,25739,858,吉利银河,银河星耀7,https://p9-dcd.byteimg.com/tos-cn-i-dcdx/32b49a2a573c45d1b83c39a18e1ec3f5~tplv-resize:640:0.png?psm=motor.rank.data,2,174,销量榜,23,5,0,5,dongchedi_ranking,2026-07-08T21:14:45+08:00
55a45b882f71f877b382724c,25740,91,东风,睿立达V8E,https://p3-dcd.byteimg.com/tos-cn-i-dcdx/c513d2fc425e470997dc385e550a444d~tplv-f042mdwyw7-original:tplv-resize:640:0.image?psm=motor.pc_sh.api,1,0,,,0,0,0,dongchedi_usedcar_series,2026-07-08T21:14:45+08:00
6a522b07f8ec3cedac9ec19f,25741,78,北京汽车制造厂,北汽L6H,https://p9-dcd.byteimg.com/tos-cn-i-dcdx/da9d3bfceaff489f92d91946640b68d1~tplv-resize:640:0.png?psm=motor.rank.data,2,48,销量榜,169,0,0,0,dongchedi_ranking,2026-07-08T21:14:45+08:00
691aff2fcc69a98335ceb76a,25759,57,福田,图雅诺X7,https://p9-dcd.byteimg.com/tos-cn-i-dcdx/c3bdf873fc38425bb2ffa870635d55b3~tplv-f042mdwyw7-original:tplv-resize:640:0.image?psm=motor.pc_sh.api,1,0,,,0,0,0,dongchedi_usedcar_series,2026-07-08T21:14:45+08:00
f139f4a5cb87cf572b4af7a2,25812,242,埃安,AION UT super,https://p9-dcd.byteimg.com/tos-cn-i-dcdx/5533d09b829442a9a8d59dbdf86915b3~tplv-f042mdwyw7-original:tplv-resize:640:0.image?psm=motor.pc_sh.api,1,0,,,0,0,0,dongchedi_usedcar_series,2026-07-08T21:14:45+08:00
e54a5e6e96e7eafae4f5998b,25816,251,星途,星途EX7,https://p9-dcd.byteimg.com/tos-cn-i-dcdx/c653ebf9a33045778b52bbf24de820a2~tplv-resize:640:0.png?psm=motor.rank.data,2,215,销量榜,74,6,0,6,dongchedi_ranking,2026-07-08T21:14:45+08:00
a4f08fd0eced71f6a1bab257,25819,1,大众,与众08,https://p3-dcd.byteimg.com/tos-cn-i-dcdx/ec860f00cf0249c49403d1c636c1f53a~tplv-f042mdwyw7-original:tplv-resize:640:0.image?psm=motor.pc_sh.api,1,0,,,0,0,0,dongchedi_usedcar_series,2026-07-08T21:14:45+08:00
c6cfee9fa7dd723ce744f221,25828,10409,奇瑞风云,风云T9L,https://p9-dcd.byteimg.com/tos-cn-i-dcdx/1bfd8d1868f1406487d5e30b8d3ae4ad~tplv-resize:640:0.png?psm=motor.rank.data,3,243,销量榜,5,5,0,5,dongchedi_ranking|dongchedi_usedcar_series,2026-07-08T21:14:45+08:00
8c75c82ca031848c1d659326,25830,176,ARCFOX极狐,极狐 问道V9,https://p9-dcd.byteimg.com/tos-cn-i-dcdx/de027ce76a6942aebab8ef8c0b120ede~tplv-resize:640:0.png?psm=motor.rank.data,2,154,销量榜,11,4,0,4,dongchedi_ranking,2026-07-08T21:14:45+08:00
9acb99e749db836589106519,25831,70,东风风行,星海T5,https://p9-dcd.byteimg.com/tos-cn-i-dcdx/f59d70a26680431bb416e5d388b16894~tplv-resize:640:0.png?psm=motor.rank.data,3,210,销量榜,22,4,0,4,dongchedi_ranking|dongchedi_usedcar_series,2026-07-08T21:14:45+08:00
07d0625b8be2bf6f0d5dc0b6,25846,10362,奥迪AUDI,奥迪E7X,https://p9-dcd.byteimg.com/tos-cn-i-dcdx/974dab1585d44d168842a860ec101721~tplv-resize:640:0.png?psm=motor.rank.data,2,233,销量榜,22,5,0,5,dongchedi_ranking,2026-07-08T21:14:45+08:00
8f3ba983630b4f0aaa51c5a0,25869,85,莲花跑车,ForMe,https://p3-dcd.byteimg.com/tos-cn-i-dcdx/e775ab55dd314c37bdbcceeb91a5af7e~tplv-f042mdwyw7-original:tplv-resize:640:0.image?psm=motor.pc_sh.api,1,0,,,0,0,0,dongchedi_usedcar_series,2026-07-08T21:14:45+08:00
19914933cd93b96efcfdaec2,25870,48,smart,smart精灵#6 EHD超级电混,https://p9-dcd.byteimg.com/tos-cn-i-dcdx/ea650fcc49004a038c75fae68d19b6c5~tplv-resize:640:0.png?psm=motor.rank.data,2,233,销量榜,31,3,0,3,dongchedi_ranking,2026-07-08T21:14:45+08:00
35106a72d4fb5f3b73ea2951,25871,858,吉利银河,银河M7,https://p9-dcd.byteimg.com/tos-cn-i-dcdx/fff1757f3c09454cbcb3339aa615db77~tplv-resize:640:0.png?psm=motor.rank.data,3,183,销量榜,4,4,0,4,dongchedi_ranking|dongchedi_usedcar_series,2026-07-08T21:14:45+08:00
84218209273edc9d5ad46b83,25874,10,日产,日产NX8,https://p9-dcd.byteimg.com/tos-cn-i-dcdx/4d1af2abe6264765a3bbbbecbbf0b10d~tplv-resize:640:0.png?psm=motor.rank.data,3,224,销量榜,4,7,0,7,dongchedi_ranking|dongchedi_usedcar_series,2026-07-08T21:14:45+08:00
c9d5e55d39d9b1b7da02c6d4,25876,880,广汽昊铂,昊铂S600,https://p9-dcd.byteimg.com/tos-cn-i-dcdx/c9d6981d9e814bab80931f76091e2c59~tplv-resize:640:0.png?psm=motor.rank.data,2,215,销量榜,103,4,0,4,dongchedi_ranking,2026-07-08T21:14:45+08:00
137a03d88b013f5e2c28cbb9,25877,419,智己汽车,智己LS8,https://p9-dcd.byteimg.com/tos-cn-i-dcdx/5c0a1299823b4ab181ff7b118967328a~tplv-resize:640:0.png?psm=motor.rank.data,3,253,销量榜,2,4,0,4,dongchedi_ranking|dongchedi_usedcar_series,2026-07-08T21:14:45+08:00
9b1dd552772862bae9f45929,25878,242,埃安,AION N60,https://p9-dcd.byteimg.com/tos-cn-i-dcdx/55a97dec2d964271b7c26799ae213896~tplv-resize:640:0.png?psm=motor.rank.data,2,214,销量榜,1,3,0,3,dongchedi_ranking,2026-07-08T21:14:45+08:00
ce6cbb324e754ee0c25fa35b,25882,30,凯迪拉克,凯威德,https://p9-dcd.byteimg.com/tos-cn-i-dcdx/54e8e18e95404acd80e0a1bc33dc8caa~tplv-resize:640:0.png?psm=motor.rank.data,2,243,销量榜,5,2,0,2,dongchedi_ranking,2026-07-08T21:14:45+08:00
a6537e2cb2d328ade10be541,25883,395,岚图,岚图泰山X8 PHEV,https://p9-dcd.byteimg.com/tos-cn-i-dcdx/5079e3c2f91344c28285177b214ea033~tplv-resize:640:0.png?psm=motor.rank.data,3,243,销量榜,12,3,0,3,dongchedi_ranking|dongchedi_usedcar_series,2026-07-08T21:14:45+08:00
f3dacda5fe75b0d9743cbf0c,25886,883,智界,智界V9,https://p9-dcd.byteimg.com/tos-cn-i-dcdx/2ab3cb17ad71422bb8cb9a58fd77490c~tplv-resize:640:0.png?psm=motor.rank.data,2,233,销量榜,2,4,0,4,dongchedi_ranking,2026-07-08T21:14:45+08:00
7c2289b29534830263ca66cc,25904,112,蔚来,蔚来ES9,https://p9-dcd.byteimg.com/tos-cn-i-dcdx/2160db5d5c2644c9af3d6363103c8d8e~tplv-resize:640:0.png?psm=motor.rank.data,3,233,销量榜,1,6,0,6,dongchedi_ranking|dongchedi_usedcar_series,2026-07-08T21:14:45+08:00
952396261f4a8c680da984ed,25910,12,别克,别克至境E7,https://p9-dcd.byteimg.com/tos-cn-i-dcdx/17d0ecd22bfb42abb0d589713861f349~tplv-resize:640:0.png?psm=motor.rank.data,2,174,销量榜,1,3,0,3,dongchedi_ranking,2026-07-08T21:14:45+08:00
93597cf5f56d316251ca1ffa,25920,10419,尚界,尚界Z7,https://p9-dcd.byteimg.com/tos-cn-i-dcdx/9a36765e734241edbc3cf433d9633152~tplv-resize:640:0.png?psm=motor.rank.data,3,174,销量榜,23,3,0,3,dongchedi_ranking|dongchedi_usedcar_series,2026-07-08T21:14:45+08:00
0088c6a85b529caf71904e70,25922,16,比亚迪,宋Ultra EV,https://p9-dcd.byteimg.com/tos-cn-i-dcdx/65acb4b1c509483ba0df1d58ef560da6~tplv-resize:640:0.png?psm=motor.rank.data,3,183,销量榜,3,4,0,4,dongchedi_ranking|dongchedi_usedcar_series,2026-07-08T21:14:45+08:00
e71155ca25479e8863a9d3f4,25925,36,荣威,荣威i6,https://p9-dcd.byteimg.com/tos-cn-i-dcdx/0428fd3e08c141a8a86a220931fe0858~tplv-resize:640:0.png?psm=motor.rank.data,3,126,销量榜,27,3,0,3,dongchedi_ranking|dongchedi_usedcar_series,2026-07-08T21:14:45+08:00
7a9e326779e55ebcd40d6551,25953,483,AITO,问界M6,https://p9-dcd.byteimg.com/tos-cn-i-dcdx/d6ca25b41e944bbfbff775cb6b7bd6a7~tplv-resize:640:0.png?psm=motor.rank.data,3,197,销量榜,1,6,0,6,dongchedi_ranking|dongchedi_usedcar_series,2026-07-08T21:14:45+08:00
01b2ed45d7d9a98c21ad1e5a,25956,66,魏牌,魏牌V9X PHEV,https://p9-dcd.byteimg.com/tos-cn-i-dcdx/85f9e1f9072f4f96a56e9983fc65c869~tplv-resize:640:0.png?psm=motor.rank.data,2,165,销量榜,17,3,0,3,dongchedi_ranking,2026-07-08T21:14:45+08:00
0981e4baf7ea8e25dd51a4f3,25981,73,吉利汽车,帝豪甲醇,https://p3-dcd.byteimg.com/tos-cn-i-dcdx/e72f7b92f151447e926f0c9f96ad462a~tplv-f042mdwyw7-original:tplv-resize:640:0.image?psm=motor.pc_sh.api,1,0,,,0,0,0,dongchedi_usedcar_series,2026-07-08T21:14:45+08:00
4a8da4fab2007e98d60b0ffc,25982,475,阿维塔,阿维塔 06T,https://p3-dcd.byteimg.com/tos-cn-i-dcdx/8146fc6921cc40f58c894f1525b0f8e3~tplv-f042mdwyw7-original:tplv-resize:640:0.image?psm=motor.pc_sh.api,1,0,,,0,0,0,dongchedi_usedcar_series,2026-07-08T21:14:45+08:00
be11d4429eda6bb9ecb895f9,25987,238,欧拉,欧拉5燃油版,https://p9-dcd.byteimg.com/tos-cn-i-dcdx/241976ce48934f06aafa8702aa429ff3~tplv-resize:640:0.png?psm=motor.rank.data,2,133,销量榜,26,4,2,6,dongchedi_ranking,2026-07-08T21:14:45+08:00
d3132419d8b77c43620949b1,25989,858,吉利银河,银河A7 EV,https://p9-dcd.byteimg.com/tos-cn-i-dcdx/06a481c1d67c4486af4516e4aaac2814~tplv-resize:640:0.png?psm=motor.rank.data,2,174,销量榜,37,2,0,2,dongchedi_ranking,2026-07-08T21:14:45+08:00
4ee1ec51580ca821ad4f35ff,25991,3,奔驰,奔驰GLE,https://p3-dcd.byteimg.com/tos-cn-i-dcdx/530b3784b97948a9b2afa56b80862710~tplv-f042mdwyw7-original:tplv-resize:640:0.image?psm=motor.pc_sh.api,1,0,,,0,0,0,dongchedi_usedcar_series,2026-07-08T21:14:45+08:00
dbbe6e6e435ffc20a79f1439,25994,861,方程豹,钛7 EV,https://p9-dcd.byteimg.com/tos-cn-i-dcdx/23d71782bceb420abb9e385b829ae904~tplv-resize:640:0.png?psm=motor.rank.data,2,233,销量榜,20,3,0,3,dongchedi_ranking,2026-07-08T21:14:45+08:00
4a44fb531227c42400239d31,26000,513,焜驰,焜驰麒麟,https://p3-dcd.byteimg.com/tos-cn-i-dcdx/3cb9a931ba7f49af83b897e8071311f2~tplv-f042mdwyw7-original:tplv-resize:640:0.image?psm=motor.pc_sh.api,1,0,,,0,0,0,dongchedi_usedcar_series,2026-07-08T21:14:45+08:00
ec05e6b4c172fd84506e8b60,26005,10419,尚界,尚界Z7T,https://p9-dcd.byteimg.com/tos-cn-i-dcdx/723774861e284c77abee89a2a22e76ab~tplv-resize:640:0.png?psm=motor.rank.data,3,243,销量榜,15,3,0,3,dongchedi_ranking|dongchedi_usedcar_series,2026-07-08T21:14:45+08:00
2e695ea8c79d037be9a41d66,26013,34,名爵,MG 4X,https://p9-dcd.byteimg.com/tos-cn-i-dcdx/f3c039e2a9414e8e879dec8882c7b725~tplv-resize:640:0.png?psm=motor.rank.data,2,233,销量榜,51,4,0,4,dongchedi_ranking,2026-07-08T21:14:45+08:00
813074943315d6178dcc1287,26027,16,比亚迪,宋Ultra DM,https://p9-dcd.byteimg.com/tos-cn-i-dcdx/46843efe95b54ba89d901fdb9061e57c~tplv-resize:640:0.png?psm=motor.rank.data,2,233,销量榜,34,5,0,5,dongchedi_ranking,2026-07-08T21:14:45+08:00
4abbc249227c1e5839e5b3b9,26030,174,领克,领克10,https://p9-dcd.byteimg.com/tos-cn-i-dcdx/664a94848f074a19b943023dbd3dc2fb~tplv-resize:640:0.png?psm=motor.rank.data,2,233,销量榜,31,5,0,5,dongchedi_ranking,2026-07-08T21:14:45+08:00
5af4a6cee986ea16075e07cc,26039,39,五菱汽车,缤果Pro,https://p9-dcd.byteimg.com/tos-cn-i-dcdx/ddc4096681174714a43cc46864430480~tplv-resize:640:0.png?psm=motor.rank.data,2,165,销量榜,4,4,0,4,dongchedi_ranking,2026-07-08T21:14:45+08:00
b57da0dcaeafad75c2693be2,26058,41,劳斯莱斯,Nightingale,https://p9-dcd.byteimg.com/tos-cn-i-dcdx/141cb5c7005e4f1cb8a4ce5a35dee30d~tplv-f042mdwyw7-original:tplv-resize:640:0.image?psm=motor.pc_sh.api,1,0,,,0,0,0,dongchedi_usedcar_series,2026-07-08T21:14:45+08:00
7046a8714b711571c05b5500,26139,91,东风,福瑞通V8E,https://p3-dcd.byteimg.com/tos-cn-i-dcdx/c6e0246c47264da6a8d5dd5da4df6dc8~tplv-f042mdwyw7-original:tplv-resize:640:0.image?psm=motor.pc_sh.api,1,0,,,0,0,0,dongchedi_usedcar_series,2026-07-08T21:14:45+08:00
2e7a9f98b43a2a315a0e2a4b,26144,80,阿斯顿·马丁,Vanquish,https://p3-dcd.byteimg.com/tos-cn-i-dcdx/169738722a84426aa5eaa213d7d27d3e~tplv-f042mdwyw7-original:tplv-resize:640:0.image?psm=motor.pc_sh.api,1,0,,,0,0,0,dongchedi_usedcar_series,2026-07-08T21:14:45+08:00
