{
  "type": "FeatureCollection",
  "name": "osm_named_places_catia_la_mar",
  "generatedAt": "2026-07-07T07:26:03.603Z",
  "source": {
    "name": "OpenStreetMap via Overpass API",
    "url": "https://overpass-api.de/api/interpreter",
    "license": "ODbL",
    "query": "[out:json][timeout:60];(\n  node[\"name\"][\"building\"](10.524025,-67.043108,10.642557,-66.967422);\n  way[\"name\"][\"building\"](10.524025,-67.043108,10.642557,-66.967422);\n  node[\"name\"][\"amenity\"](10.524025,-67.043108,10.642557,-66.967422);\n  way[\"name\"][\"amenity\"](10.524025,-67.043108,10.642557,-66.967422);\n  node[\"name\"][\"healthcare\"](10.524025,-67.043108,10.642557,-66.967422);\n  way[\"name\"][\"healthcare\"](10.524025,-67.043108,10.642557,-66.967422);\n  node[\"name\"][\"emergency\"](10.524025,-67.043108,10.642557,-66.967422);\n  way[\"name\"][\"emergency\"](10.524025,-67.043108,10.642557,-66.967422);\n  node[\"name\"][\"tourism\"](10.524025,-67.043108,10.642557,-66.967422);\n  way[\"name\"][\"tourism\"](10.524025,-67.043108,10.642557,-66.967422);\n  node[\"name\"][\"historic\"](10.524025,-67.043108,10.642557,-66.967422);\n  way[\"name\"][\"historic\"](10.524025,-67.043108,10.642557,-66.967422);\n  node[\"name\"][\"shop\"](10.524025,-67.043108,10.642557,-66.967422);\n  way[\"name\"][\"shop\"](10.524025,-67.043108,10.642557,-66.967422);\n  node[\"name\"][\"office\"](10.524025,-67.043108,10.642557,-66.967422);\n  way[\"name\"][\"office\"](10.524025,-67.043108,10.642557,-66.967422);\n  node[\"name\"][\"leisure\"](10.524025,-67.043108,10.642557,-66.967422);\n  way[\"name\"][\"leisure\"](10.524025,-67.043108,10.642557,-66.967422);\n  node[\"name\"][\"public_transport\"](10.524025,-67.043108,10.642557,-66.967422);\n  way[\"name\"][\"public_transport\"](10.524025,-67.043108,10.642557,-66.967422);\n  node[\"name\"][\"railway\"](10.524025,-67.043108,10.642557,-66.967422);\n  way[\"name\"][\"railway\"](10.524025,-67.043108,10.642557,-66.967422);\n  node[\"name\"][\"aeroway\"](10.524025,-67.043108,10.642557,-66.967422);\n  way[\"name\"][\"aeroway\"](10.524025,-67.043108,10.642557,-66.967422);\n);out center tags;",
    "bbox": {
      "south": 10.524025,
      "west": -67.043108,
      "north": 10.642557,
      "east": -66.967422
    }
  },
  "accuracyNote": "Labels are exact names from OpenStreetMap tags at generatedAt. Unnamed buildings are intentionally not labeled.",
  "features": [
    {
      "type": "Feature",
      "geometry": {
        "type": "Point",
        "coordinates": [
          -66.9881069,
          10.5936978
        ]
      },
      "properties": {
        "id": "node/10951514426",
        "osmType": "node",
        "osmId": 10951514426,
        "name": "Báscula para Camiones de Carga",
        "category": "safety",
        "kind": "amenity:police",
        "source": "OpenStreetMap",
        "sourceUrl": "https://www.openstreetmap.org/node/10951514426",
        "tags": {
          "amenity": "police",
          "name": "Báscula para Camiones de Carga"
        }
      }
    },
    {
      "type": "Feature",
      "geometry": {
        "type": "Point",
        "coordinates": [
          -67.0335258,
          10.6073204
        ]
      },
      "properties": {
        "id": "node/2745876719",
        "osmType": "node",
        "osmId": 2745876719,
        "name": "Bomberos del Estado Vargas",
        "category": "safety",
        "kind": "amenity:fire_station",
        "source": "OpenStreetMap",
        "sourceUrl": "https://www.openstreetmap.org/node/2745876719",
        "tags": {
          "addr:city": "Catia La Mar",
          "addr:postcode": "1162",
          "addr:street": "Av. La Atlántida",
          "amenity": "fire_station",
          "name": "Bomberos del Estado Vargas"
        }
      }
    },
    {
      "type": "Feature",
      "geometry": {
        "type": "Point",
        "coordinates": [
          -66.9978002,
          10.6007203
        ]
      },
      "properties": {
        "id": "way/248389871",
        "osmType": "way",
        "osmId": 248389871,
        "name": "Cuerpo de Bomberos Aeronáuticos",
        "category": "safety",
        "kind": "building:yes",
        "source": "OpenStreetMap",
        "sourceUrl": "https://www.openstreetmap.org/way/248389871",
        "tags": {
          "amenity": "fire_station",
          "building": "yes",
          "name": "Cuerpo de Bomberos Aeronáuticos",
          "operator": "IAIM",
          "phone": "+58-212-3031404"
        }
      }
    },
    {
      "type": "Feature",
      "geometry": {
        "type": "Point",
        "coordinates": [
          -67.0051686,
          10.5570424
        ]
      },
      "properties": {
        "id": "node/8890445076",
        "osmType": "node",
        "osmId": 8890445076,
        "name": "Guardia Nacional",
        "category": "safety",
        "kind": "amenity:police",
        "source": "OpenStreetMap",
        "sourceUrl": "https://www.openstreetmap.org/node/8890445076",
        "tags": {
          "amenity": "police",
          "name": "Guardia Nacional",
          "operator": "Guardia Nacional"
        }
      }
    },
    {
      "type": "Feature",
      "geometry": {
        "type": "Point",
        "coordinates": [
          -66.9831611,
          10.5742524
        ]
      },
      "properties": {
        "id": "node/8890445079",
        "osmType": "node",
        "osmId": 8890445079,
        "name": "Guardia Nacional",
        "category": "safety",
        "kind": "amenity:police",
        "source": "OpenStreetMap",
        "sourceUrl": "https://www.openstreetmap.org/node/8890445079",
        "tags": {
          "amenity": "police",
          "name": "Guardia Nacional",
          "operator": "Guardia Nacional"
        }
      }
    },
    {
      "type": "Feature",
      "geometry": {
        "type": "Point",
        "coordinates": [
          -67.0086048,
          10.5740924
        ]
      },
      "properties": {
        "id": "way/957711580",
        "osmType": "way",
        "osmId": 957711580,
        "name": "Guardia Nacional",
        "category": "safety",
        "kind": "building:yes",
        "source": "OpenStreetMap",
        "sourceUrl": "https://www.openstreetmap.org/way/957711580",
        "tags": {
          "amenity": "police",
          "building": "yes",
          "name": "Guardia Nacional",
          "operator": "Guardia Nacional",
          "source:geometry": "Maxar (2021)"
        }
      }
    },
    {
      "type": "Feature",
      "geometry": {
        "type": "Point",
        "coordinates": [
          -66.9683116,
          10.599931
        ]
      },
      "properties": {
        "id": "node/10951503475",
        "osmType": "node",
        "osmId": 10951503475,
        "name": "Jefatura Civil Parroquia Carlos Soublette",
        "category": "safety",
        "kind": "amenity:police",
        "source": "OpenStreetMap",
        "sourceUrl": "https://www.openstreetmap.org/node/10951503475",
        "tags": {
          "amenity": "police",
          "name": "Jefatura Civil Parroquia Carlos Soublette"
        }
      }
    },
    {
      "type": "Feature",
      "geometry": {
        "type": "Point",
        "coordinates": [
          -67.0177266,
          10.6082799
        ]
      },
      "properties": {
        "id": "node/3124789572",
        "osmType": "node",
        "osmId": 3124789572,
        "name": "Policía de Urimare",
        "category": "safety",
        "kind": "amenity:police",
        "source": "OpenStreetMap",
        "sourceUrl": "https://www.openstreetmap.org/node/3124789572",
        "tags": {
          "amenity": "police",
          "name": "Policía de Urimare"
        }
      }
    },
    {
      "type": "Feature",
      "geometry": {
        "type": "Point",
        "coordinates": [
          -66.9892704,
          10.5383247
        ]
      },
      "properties": {
        "id": "node/2384448556",
        "osmType": "node",
        "osmId": 2384448556,
        "name": "Policia Nacional",
        "category": "safety",
        "kind": "amenity:police",
        "source": "OpenStreetMap",
        "sourceUrl": "https://www.openstreetmap.org/node/2384448556",
        "tags": {
          "addr:city": "Caracas",
          "addr:street": "Autopista: Caracas - La Guaira",
          "amenity": "police",
          "name": "Policia Nacional"
        }
      }
    },
    {
      "type": "Feature",
      "geometry": {
        "type": "Point",
        "coordinates": [
          -67.0081987,
          10.5429607
        ]
      },
      "properties": {
        "id": "way/307522853",
        "osmType": "way",
        "osmId": 307522853,
        "name": "Policia Nacional",
        "category": "safety",
        "kind": "building:yes",
        "source": "OpenStreetMap",
        "sourceUrl": "https://www.openstreetmap.org/way/307522853",
        "tags": {
          "addr:city": "Ciudad Caribia",
          "addr:place": "Ciudad Caribia",
          "addr:postcode": "1030",
          "addr:street": "Ciudad Caribia",
          "amenity": "police",
          "building": "yes",
          "name": "Policia Nacional",
          "opening_hours": "00:01-24:00",
          "operator": "Ministerio del Interior y Justicia",
          "phone": "0800-7654622",
          "smoking": "no",
          "website": "http://cpnb.gob.ve/",
          "wheelchair": "yes",
          "wikipedia": "es:Cuerpo de Policía Nacional Bolivariana"
        }
      }
    },
    {
      "type": "Feature",
      "geometry": {
        "type": "Point",
        "coordinates": [
          -66.9806764,
          10.5284543
        ]
      },
      "properties": {
        "id": "way/960902370",
        "osmType": "way",
        "osmId": 960902370,
        "name": "Policia Nacional",
        "category": "safety",
        "kind": "building:yes",
        "source": "OpenStreetMap",
        "sourceUrl": "https://www.openstreetmap.org/way/960902370",
        "tags": {
          "addr:city": "Caracas",
          "addr:postcode": "1030",
          "addr:street": "Carretera vieja Caracas-La Guaira",
          "amenity": "police",
          "building": "yes",
          "name": "Policia Nacional",
          "opening_hours": "00:01-24:00",
          "operator": "Ministerio del Interior y Justicia",
          "phone": "0800-7654622",
          "smoking": "no",
          "source:geometry": "Maxar (2021)",
          "website": "http://cpnb.gob.ve/",
          "wheelchair": "yes",
          "wikipedia": "es:Cuerpo de Policía Nacional Bolivariana",
          "wikipedia:en": "Policía Nacional Bolivariana"
        }
      }
    },
    {
      "type": "Feature",
      "geometry": {
        "type": "Point",
        "coordinates": [
          -66.9889544,
          10.5921727
        ]
      },
      "properties": {
        "id": "way/232820118",
        "osmType": "way",
        "osmId": 232820118,
        "name": "Rampa de Frenado",
        "category": "safety",
        "kind": "emergency:designated",
        "source": "OpenStreetMap",
        "sourceUrl": "https://www.openstreetmap.org/way/232820118",
        "tags": {
          "access": "yes",
          "emergency": "designated",
          "escape:type": "arrester_bed",
          "highway": "escape",
          "incline": "10°",
          "lanes": "1",
          "lit": "yes",
          "maxspeed": "90",
          "motor_vehicle": "yes",
          "name": "Rampa de Frenado",
          "oneway": "yes",
          "sidewalk": "no"
        }
      }
    },
    {
      "type": "Feature",
      "geometry": {
        "type": "Point",
        "coordinates": [
          -66.9851173,
          10.5992998
        ]
      },
      "properties": {
        "id": "way/248444320",
        "osmType": "way",
        "osmId": 248444320,
        "name": "SAR Servicio Aéreo de Rescate",
        "category": "safety",
        "kind": "building:yes",
        "source": "OpenStreetMap",
        "sourceUrl": "https://www.openstreetmap.org/way/248444320",
        "tags": {
          "addr:city": "Catia La Mar",
          "addr:postcode": "1162",
          "aeroway": "hangar",
          "amenity": "fire_station",
          "building": "yes",
          "building:levels": "1",
          "name": "SAR Servicio Aéreo de Rescate",
          "roof:shape": "gabled"
        }
      }
    },
    {
      "type": "Feature",
      "geometry": {
        "type": "Point",
        "coordinates": [
          -66.9803931,
          10.5988335
        ]
      },
      "properties": {
        "id": "way/248452707",
        "osmType": "way",
        "osmId": 248452707,
        "name": "SEBIN",
        "category": "safety",
        "kind": "building:yes",
        "source": "OpenStreetMap",
        "sourceUrl": "https://www.openstreetmap.org/way/248452707",
        "tags": {
          "addr:city": "Catia La Mar",
          "addr:postcode": "1162",
          "addr:street": "Av. Aeropuerto Auxiliar",
          "amenity": "police",
          "building": "yes",
          "name": "SEBIN"
        }
      }
    },
    {
      "type": "Feature",
      "geometry": {
        "type": "Point",
        "coordinates": [
          -66.9805499,
          10.5285208
        ]
      },
      "properties": {
        "id": "way/960902371",
        "osmType": "way",
        "osmId": 960902371,
        "name": "Ambulatorio Alfonzo López Porras",
        "category": "health",
        "kind": "building:hospital",
        "source": "OpenStreetMap",
        "sourceUrl": "https://www.openstreetmap.org/way/960902371",
        "tags": {
          "alt_name": "Ambulatorio de El Limón",
          "amenity": "hospital",
          "building": "hospital",
          "name": "Ambulatorio Alfonzo López Porras",
          "source:geometry": "Maxar (2021)"
        }
      }
    },
    {
      "type": "Feature",
      "geometry": {
        "type": "Point",
        "coordinates": [
          -67.0350099,
          10.5341684
        ]
      },
      "properties": {
        "id": "way/759703326",
        "osmType": "way",
        "osmId": 759703326,
        "name": "CDI",
        "category": "health",
        "kind": "building:hospital",
        "source": "OpenStreetMap",
        "sourceUrl": "https://www.openstreetmap.org/way/759703326",
        "tags": {
          "amenity": "hospital",
          "building": "hospital",
          "name": "CDI"
        }
      }
    },
    {
      "type": "Feature",
      "geometry": {
        "type": "Point",
        "coordinates": [
          -67.0367251,
          10.6069111
        ]
      },
      "properties": {
        "id": "way/291269166",
        "osmType": "way",
        "osmId": 291269166,
        "name": "CDI La Atlántida",
        "category": "health",
        "kind": "building:hospital",
        "source": "OpenStreetMap",
        "sourceUrl": "https://www.openstreetmap.org/way/291269166",
        "tags": {
          "amenity": "hospital",
          "building": "hospital",
          "healthcare": "hospital",
          "name": "CDI La Atlántida"
        }
      }
    },
    {
      "type": "Feature",
      "geometry": {
        "type": "Point",
        "coordinates": [
          -67.0296161,
          10.6025527
        ]
      },
      "properties": {
        "id": "node/3148362628",
        "osmType": "node",
        "osmId": 3148362628,
        "name": "Centro Clínico Caribe",
        "category": "health",
        "kind": "amenity:doctors",
        "source": "OpenStreetMap",
        "sourceUrl": "https://www.openstreetmap.org/node/3148362628",
        "tags": {
          "addr:city": "Catia La Mar",
          "addr:country": "VE",
          "addr:floor": "1",
          "addr:housename": "Quinta Juanny",
          "addr:suburb": "La Atlántida",
          "amenity": "doctors",
          "contact:phone": "+58 212 3510680",
          "healthcare": "doctor",
          "name": "Centro Clínico Caribe"
        }
      }
    },
    {
      "type": "Feature",
      "geometry": {
        "type": "Point",
        "coordinates": [
          -66.9716662,
          10.5981081
        ]
      },
      "properties": {
        "id": "node/10951503492",
        "osmType": "node",
        "osmId": 10951503492,
        "name": "Centro de Diagnóstico Integral",
        "category": "health",
        "kind": "amenity:hospital",
        "source": "OpenStreetMap",
        "sourceUrl": "https://www.openstreetmap.org/node/10951503492",
        "tags": {
          "amenity": "hospital",
          "healthcare": "hospital",
          "name": "Centro de Diagnóstico Integral"
        }
      }
    },
    {
      "type": "Feature",
      "geometry": {
        "type": "Point",
        "coordinates": [
          -66.9838585,
          10.5990693
        ]
      },
      "properties": {
        "id": "node/10951503503",
        "osmType": "node",
        "osmId": 10951503503,
        "name": "Centro Oftalmológico de Vargas",
        "category": "health",
        "kind": "amenity:hospital",
        "source": "OpenStreetMap",
        "sourceUrl": "https://www.openstreetmap.org/node/10951503503",
        "tags": {
          "amenity": "hospital",
          "healthcare": "hospital",
          "name": "Centro Oftalmológico de Vargas"
        }
      }
    },
    {
      "type": "Feature",
      "geometry": {
        "type": "Point",
        "coordinates": [
          -67.0305525,
          10.601898
        ]
      },
      "properties": {
        "id": "node/3554616190",
        "osmType": "node",
        "osmId": 3554616190,
        "name": "Clínica Salud y Familia",
        "category": "health",
        "kind": "amenity:clinic",
        "source": "OpenStreetMap",
        "sourceUrl": "https://www.openstreetmap.org/node/3554616190",
        "tags": {
          "addr:city": "Catia La Mar",
          "addr:housename": "CC Galerías Mina",
          "addr:postcode": "1162",
          "addr:street": "Av. El Ejercito",
          "amenity": "clinic",
          "healthcare": "clinic",
          "name": "Clínica Salud y Familia"
        }
      }
    },
    {
      "type": "Feature",
      "geometry": {
        "type": "Point",
        "coordinates": [
          -67.0209893,
          10.5883812
        ]
      },
      "properties": {
        "id": "way/1533556838",
        "osmType": "way",
        "osmId": 1533556838,
        "name": "CONSULTORIO MEDICO POPULAR LA JUNGLA",
        "category": "health",
        "kind": "building:yes",
        "source": "OpenStreetMap",
        "sourceUrl": "https://www.openstreetmap.org/way/1533556838",
        "tags": {
          "amenity": "doctors",
          "building": "yes",
          "healthcare": "doctor",
          "healthcare:speciality": "gynaecology;general;paediatrics;blood_check",
          "name": "CONSULTORIO MEDICO POPULAR LA JUNGLA"
        }
      }
    },
    {
      "type": "Feature",
      "geometry": {
        "type": "Point",
        "coordinates": [
          -67.0377738,
          10.5943811
        ]
      },
      "properties": {
        "id": "way/1534259031",
        "osmType": "way",
        "osmId": 1534259031,
        "name": "consultorio popular Rómulo Gallegos",
        "category": "health",
        "kind": "amenity:hospital",
        "source": "OpenStreetMap",
        "sourceUrl": "https://www.openstreetmap.org/way/1534259031",
        "tags": {
          "amenity": "hospital",
          "healthcare": "clinic",
          "name": "consultorio popular Rómulo Gallegos"
        }
      }
    },
    {
      "type": "Feature",
      "geometry": {
        "type": "Point",
        "coordinates": [
          -67.0418677,
          10.5995012
        ]
      },
      "properties": {
        "id": "node/3664796496",
        "osmType": "node",
        "osmId": 3664796496,
        "name": "Enviamed;Las Arepas de Margaret II",
        "category": "health",
        "kind": "amenity:pharmacy;fast_food",
        "source": "OpenStreetMap",
        "sourceUrl": "https://www.openstreetmap.org/node/3664796496",
        "tags": {
          "addr:city": "Catia La Mar",
          "addr:country": "VE",
          "addr:housename": "Terminal Público de Catia La Mar",
          "addr:postcode": "1162",
          "addr:state": "VA",
          "addr:street": "Av. La Marina;Avenida La Marina",
          "addr:suburb": "La Zorra",
          "air_conditioning": "no",
          "amenity": "pharmacy;fast_food",
          "breakfast": "yes",
          "capacity": "15",
          "contact:instagram": "https://www.instagram.com/lasarepasdemargaret/?hl=es",
          "cuisine": "arepa;venezuelan;juice",
          "currency:BsF": "yes",
          "currency:USD": "yes",
          "delivery": "yes",
          "description": "Arepas",
          "drive_through": "no",
          "email": "farmaciarbg@enviamed.com",
          "healthcare": "pharmacy",
          "image": "https://lh5.googleusercontent.com/p/AF1QipNBBlgMCQoPPTfBJ0axcI3V0emPenrqDdbNQywG=w408-h510-k-no",
          "internet_access": "no",
          "level": "1",
          "name": "Enviamed;Las Arepas de Margaret II",
          "opening_hours": "Mo 06:30-14:30; We-Su 06:30-14:30",
          "outdoor_seating": "yes",
          "payment:maestro": "yes",
          "payment:notes": "yes",
          "phone": "+58-212-3523041",
          "reservation": "no",
          "smoking": "no",
          "stars": "5",
          "takeaway": "yes",
          "wheelchair": "limited"
        }
      }
    },
    {
      "type": "Feature",
      "geometry": {
        "type": "Point",
        "coordinates": [
          -67.0288934,
          10.6023569
        ]
      },
      "properties": {
        "id": "node/3362736673",
        "osmType": "node",
        "osmId": 3362736673,
        "name": "Farmacia Conquistador",
        "category": "health",
        "kind": "amenity:pharmacy",
        "source": "OpenStreetMap",
        "sourceUrl": "https://www.openstreetmap.org/node/3362736673",
        "tags": {
          "addr:city": "Catia La Mar",
          "addr:housename": "CC El Conquistador",
          "addr:postcode": "1162",
          "addr:street": "Av. El Ejercito",
          "amenity": "pharmacy",
          "healthcare": "pharmacy",
          "name": "Farmacia Conquistador"
        }
      }
    },
    {
      "type": "Feature",
      "geometry": {
        "type": "Point",
        "coordinates": [
          -67.0250559,
          10.6029601
        ]
      },
      "properties": {
        "id": "node/3464320719",
        "osmType": "node",
        "osmId": 3464320719,
        "name": "Farmacia El Gran Paso",
        "category": "health",
        "kind": "amenity:pharmacy",
        "source": "OpenStreetMap",
        "sourceUrl": "https://www.openstreetmap.org/node/3464320719",
        "tags": {
          "addr:city": "Catia La Mar",
          "addr:street": "Avenida Tacagua",
          "amenity": "pharmacy",
          "healthcare": "pharmacy",
          "name": "Farmacia El Gran Paso",
          "phone": "+58 212-3524663"
        }
      }
    },
    {
      "type": "Feature",
      "geometry": {
        "type": "Point",
        "coordinates": [
          -67.032901,
          10.6064188
        ]
      },
      "properties": {
        "id": "node/2740853164",
        "osmType": "node",
        "osmId": 2740853164,
        "name": "Farmacia Joseabel",
        "category": "health",
        "kind": "amenity:pharmacy",
        "source": "OpenStreetMap",
        "sourceUrl": "https://www.openstreetmap.org/node/2740853164",
        "tags": {
          "addr:city": "Catia La Mar",
          "addr:postcode": "1162",
          "addr:street": "Av. La Atlántida",
          "amenity": "pharmacy",
          "healthcare": "pharmacy",
          "name": "Farmacia Joseabel",
          "opening_hours": "Mo-Sa 07:00-18:00",
          "phone": "+58 212-3518467"
        }
      }
    },
    {
      "type": "Feature",
      "geometry": {
        "type": "Point",
        "coordinates": [
          -67.0126106,
          10.6098898
        ]
      },
      "properties": {
        "id": "node/3219490706",
        "osmType": "node",
        "osmId": 3219490706,
        "name": "Farmacia Playa Grande",
        "category": "health",
        "kind": "amenity:pharmacy",
        "source": "OpenStreetMap",
        "sourceUrl": "https://www.openstreetmap.org/node/3219490706",
        "tags": {
          "addr:city": "Catia La Mar",
          "addr:housename": "Sol Marino Center",
          "addr:street": "Av. Central de Playa Grande",
          "amenity": "pharmacy",
          "healthcare": "pharmacy",
          "name": "Farmacia Playa Grande",
          "opening_hours": "24/7",
          "phone": "+58 212-3522518"
        }
      }
    },
    {
      "type": "Feature",
      "geometry": {
        "type": "Point",
        "coordinates": [
          -67.0312409,
          10.6017403
        ]
      },
      "properties": {
        "id": "node/3577174091",
        "osmType": "node",
        "osmId": 3577174091,
        "name": "Farmacia SAAS",
        "category": "health",
        "kind": "amenity:pharmacy",
        "source": "OpenStreetMap",
        "sourceUrl": "https://www.openstreetmap.org/node/3577174091",
        "tags": {
          "addr:city": "Catia La Mar",
          "addr:postcode": "1162",
          "addr:street": "Av. El Ejercito",
          "amenity": "pharmacy",
          "brand": "Farmacia SAAS",
          "brand:wikidata": "Q5856074",
          "healthcare": "pharmacy",
          "name": "Farmacia SAAS",
          "phone": "+58 212 3513585"
        }
      }
    },
    {
      "type": "Feature",
      "geometry": {
        "type": "Point",
        "coordinates": [
          -67.0062647,
          10.5970777
        ]
      },
      "properties": {
        "id": "node/3808249135",
        "osmType": "node",
        "osmId": 3808249135,
        "name": "Farmacia SAAS",
        "category": "health",
        "kind": "amenity:pharmacy",
        "source": "OpenStreetMap",
        "sourceUrl": "https://www.openstreetmap.org/node/3808249135",
        "tags": {
          "addr:city": "Catia La Mar",
          "addr:full": "Terminal Internacional nivel 3",
          "addr:housename": "Terminal Internacional",
          "addr:postcode": "1162",
          "addr:street": "Vìa Terminal Internacional",
          "amenity": "pharmacy",
          "brand": "Farmacia SAAS",
          "brand:wikidata": "Q5856074",
          "healthcare": "pharmacy",
          "name": "Farmacia SAAS",
          "opening_hours": "Mo-Fr 08:00-21:00",
          "payment:cash": "yes",
          "payment:maestro": "yes",
          "payment:mastercard": "yes",
          "payment:visa": "yes",
          "smoking": "no",
          "source": "albertoq2004@hotmail.com",
          "wheelchair": "yes"
        }
      }
    },
    {
      "type": "Feature",
      "geometry": {
        "type": "Point",
        "coordinates": [
          -67.0303518,
          10.6019446
        ]
      },
      "properties": {
        "id": "node/1834724766",
        "osmType": "node",
        "osmId": 1834724766,
        "name": "Farmatodo",
        "category": "health",
        "kind": "amenity:pharmacy",
        "source": "OpenStreetMap",
        "sourceUrl": "https://www.openstreetmap.org/node/1834724766",
        "tags": {
          "addr:city": "Catia La Mar",
          "addr:postcode": "1162",
          "addr:street": "Av. El Ejercito",
          "amenity": "pharmacy",
          "brand": "Farmatodo",
          "brand:wikidata": "Q5856092",
          "dispensing": "no",
          "healthcare": "pharmacy",
          "name": "Farmatodo",
          "opening_hours": "24/7"
        }
      }
    },
    {
      "type": "Feature",
      "geometry": {
        "type": "Point",
        "coordinates": [
          -67.0196203,
          10.6015794
        ]
      },
      "properties": {
        "id": "way/1006820322",
        "osmType": "way",
        "osmId": 1006820322,
        "name": "Farmatodo",
        "category": "health",
        "kind": "building:yes",
        "source": "OpenStreetMap",
        "sourceUrl": "https://www.openstreetmap.org/way/1006820322",
        "tags": {
          "addr:city": "Catia La Mar",
          "addr:country": "VE",
          "addr:postcode": "1020",
          "addr:state": "VA",
          "addr:street": "Av. La Armada",
          "air_conditioning": "yes",
          "amenity": "pharmacy",
          "branch": "La Lucha",
          "brand": "Farmatodo",
          "brand:wikidata": "Q5856092",
          "brand:wikipedia": "es:Farmatodo",
          "building": "yes",
          "capacity": "50",
          "contact:facebook": "https://www.facebook.com/wendysvenezuela/",
          "contact:instagram": "https://www.instagram.com/farmatodovzla/",
          "contact:linkedin": "https://www.linkedin.com/company/farmatodo",
          "contact:twitter": "https://twitter.com/Farmatodo",
          "contact:youtube": "https://www.youtube.com/user/FarmatodoVenezuela",
          "currency:BsF": "yes",
          "currency:EUR": "yes",
          "currency:USD": "yes",
          "delivery": "yes",
          "dispensing": "yes",
          "drive_through": "yes",
          "email": "webmaster@farmatodo.com.ve",
          "healthcare": "pharmacy",
          "image": "https://photos.app.goo.gl/CfQVuCtdnB8wD2z99",
          "internet_access": "wlan",
          "internet_access:fee": "no",
          "name": "Farmatodo",
          "opening_hours": "Mo-Fr 07:00-22:00; Sa-Su 08:00-22:00",
          "operator": "Farmatodo C.A",
          "operator:phone": "0800-3276286",
          "operator:wikidata": "Q5856092",
          "operator:wikipedia": "es:Farmatodo",
          "outdoor_seating": "no",
          "payment:american_express": "yes",
          "payment:cash": "yes",
          "payment:diners_club": "yes",
          "payment:maestro": "yes",
          "payment:mastercard": "yes",
          "payment:visa": "yes",
          "smoking": "no",
          "source": "albertoq2004@hotmail.com",
          "start_date": "01-12-2020",
          "takeaway": "yes",
          "website": "https://www.farmatodo.com.ve/",
          "wheelchair": "yes"
        }
      }
    },
    {
      "type": "Feature",
      "geometry": {
        "type": "Point",
        "coordinates": [
          -67.0201746,
          10.6077882
        ]
      },
      "properties": {
        "id": "way/1270991125",
        "osmType": "way",
        "osmId": 1270991125,
        "name": "Farmatodo",
        "category": "health",
        "kind": "amenity:pharmacy",
        "source": "OpenStreetMap",
        "sourceUrl": "https://www.openstreetmap.org/way/1270991125",
        "tags": {
          "addr:city": "Catia La Mar",
          "addr:country": "VE",
          "addr:postcode": "1162",
          "addr:state": "VA",
          "addr:street": "Avenida Central de Playa Grande",
          "addr:suburb": "Playa Grande",
          "air_conditioning": "yes",
          "amenity": "pharmacy",
          "branch": "Playa Grande",
          "brand": "Farmatodo",
          "brand:wikidata": "Q5856092",
          "brand:wikipedia": "es:Farmatodo",
          "capacity": "50",
          "contact:facebook": "https://www.facebook.com/wendysvenezuela/",
          "contact:instagram": "https://www.instagram.com/farmatodovzla/",
          "contact:linkedin": "https://www.linkedin.com/company/farmatodo",
          "contact:twitter": "https://twitter.com/Farmatodo",
          "contact:youtube": "https://www.youtube.com/user/FarmatodoVenezuela",
          "currency:BsF": "yes",
          "currency:EUR": "yes",
          "currency:USD": "yes",
          "delivery": "yes",
          "dispensing": "yes",
          "drive_through": "yes",
          "email": "webmaster@farmatodo.com.ve",
          "healthcare": "pharmacy",
          "image": "https://photos.app.goo.gl/CfQVuCtdnB8wD2z99",
          "internet_access": "wlan",
          "internet_access:fee": "no",
          "name": "Farmatodo",
          "opening_hours": "24/7",
          "operator": "Farmatodo C.A",
          "operator:phone": "0800-3276286",
          "operator:wikidata": "Q5856092",
          "operator:wikipedia": "es:Farmatodo",
          "outdoor_seating": "no",
          "payment:american_express": "yes",
          "payment:cash": "yes",
          "payment:diners_club": "yes",
          "payment:maestro": "yes",
          "payment:mastercard": "yes",
          "payment:visa": "yes",
          "smoking": "no",
          "source": "albertoq2004@hotmail.com",
          "start_date": "01-12-2020",
          "takeaway": "yes",
          "website": "https://www.farmatodo.com.ve/",
          "wheelchair": "yes"
        }
      }
    },
    {
      "type": "Feature",
      "geometry": {
        "type": "Point",
        "coordinates": [
          -67.0194491,
          10.6004716
        ]
      },
      "properties": {
        "id": "node/3232275086",
        "osmType": "node",
        "osmId": 3232275086,
        "name": "Fundafarmacia",
        "category": "health",
        "kind": "amenity:pharmacy",
        "source": "OpenStreetMap",
        "sourceUrl": "https://www.openstreetmap.org/node/3232275086",
        "tags": {
          "addr:city": "Catia La Mar",
          "addr:housename": "Edificio Piar",
          "addr:street": "Av. La Armada",
          "amenity": "pharmacy",
          "contact:website": "http://www.fundafarmacia.com/index.php/farmacias-gran-caracas/",
          "dispensing": "yes",
          "drive_through": "no",
          "healthcare": "pharmacy",
          "name": "Fundafarmacia",
          "opening_hours": "Mo-Fr 7:30-18:00; Sa 8:00-17:00",
          "phone": "+58 212-3528672"
        }
      }
    },
    {
      "type": "Feature",
      "geometry": {
        "type": "Point",
        "coordinates": [
          -67.0295286,
          10.6029095
        ]
      },
      "properties": {
        "id": "node/3996128204",
        "osmType": "node",
        "osmId": 3996128204,
        "name": "Grupo Médico Catia La Mar",
        "category": "health",
        "kind": "healthcare:doctor",
        "source": "OpenStreetMap",
        "sourceUrl": "https://www.openstreetmap.org/node/3996128204",
        "tags": {
          "addr:city": "Catia La Mar",
          "addr:country": "VE",
          "addr:housename": "Residencias Marú",
          "addr:suburb": "La Atlántida",
          "healthcare": "doctor",
          "name": "Grupo Médico Catia La Mar"
        }
      }
    },
    {
      "type": "Feature",
      "geometry": {
        "type": "Point",
        "coordinates": [
          -67.0352985,
          10.6065554
        ]
      },
      "properties": {
        "id": "way/280534489",
        "osmType": "way",
        "osmId": 280534489,
        "name": "Hospital de Niños Excepcionales El Niño y El Mar",
        "category": "health",
        "kind": "amenity:hospital",
        "source": "OpenStreetMap",
        "sourceUrl": "https://www.openstreetmap.org/way/280534489",
        "tags": {
          "addr:city": "Catia La Mar",
          "addr:suburb": "Las Colinas",
          "amenity": "hospital",
          "healthcare": "hospital",
          "name": "Hospital de Niños Excepcionales El Niño y El Mar"
        }
      }
    },
    {
      "type": "Feature",
      "geometry": {
        "type": "Point",
        "coordinates": [
          -67.0164857,
          10.5880905
        ]
      },
      "properties": {
        "id": "way/432826467",
        "osmType": "way",
        "osmId": 432826467,
        "name": "Hospital Dermatológico Martín Vegas",
        "category": "health",
        "kind": "amenity:hospital",
        "source": "OpenStreetMap",
        "sourceUrl": "https://www.openstreetmap.org/way/432826467",
        "tags": {
          "amenity": "hospital",
          "emergency": "no",
          "healthcare": "hospital",
          "name": "Hospital Dermatológico Martín Vegas",
          "short_name": "Hospital Martín Vegas"
        }
      }
    },
    {
      "type": "Feature",
      "geometry": {
        "type": "Point",
        "coordinates": [
          -67.0387244,
          10.6001961
        ]
      },
      "properties": {
        "id": "node/2747265957",
        "osmType": "node",
        "osmId": 2747265957,
        "name": "Hospital Dr. Alfredo Machado",
        "category": "health",
        "kind": "amenity:hospital",
        "source": "OpenStreetMap",
        "sourceUrl": "https://www.openstreetmap.org/node/2747265957",
        "tags": {
          "addr:city": "Catia La Mar",
          "addr:postcode": "1162",
          "addr:street": "Avenida El Ejército",
          "amenity": "hospital",
          "emergency": "yes",
          "healthcare": "hospital",
          "name": "Hospital Dr. Alfredo Machado"
        }
      }
    },
    {
      "type": "Feature",
      "geometry": {
        "type": "Point",
        "coordinates": [
          -67.0297495,
          10.6011736
        ]
      },
      "properties": {
        "id": "way/306847205",
        "osmType": "way",
        "osmId": 306847205,
        "name": "Hospital Naval Dr. Raúl Perdomo Hurtado",
        "category": "health",
        "kind": "building:hospital",
        "source": "OpenStreetMap",
        "sourceUrl": "https://www.openstreetmap.org/way/306847205",
        "tags": {
          "alt_name": "CANES",
          "amenity": "hospital",
          "building": "hospital",
          "emergency": "yes",
          "healthcare": "hospital",
          "name": "Hospital Naval Dr. Raúl Perdomo Hurtado"
        }
      }
    },
    {
      "type": "Feature",
      "geometry": {
        "type": "Point",
        "coordinates": [
          -67.0295068,
          10.6028811
        ]
      },
      "properties": {
        "id": "node/3406567294",
        "osmType": "node",
        "osmId": 3406567294,
        "name": "Laboratorio Clínico Ruiz",
        "category": "health",
        "kind": "healthcare:laboratory",
        "source": "OpenStreetMap",
        "sourceUrl": "https://www.openstreetmap.org/node/3406567294",
        "tags": {
          "addr:city": "Catia La Mar",
          "addr:country": "VE",
          "addr:housename": "Residencias Marú",
          "addr:suburb": "La Atlántida",
          "healthcare": "laboratory",
          "name": "Laboratorio Clínico Ruiz",
          "phone": "+58 212-3511727"
        }
      }
    },
    {
      "type": "Feature",
      "geometry": {
        "type": "Point",
        "coordinates": [
          -67.0274398,
          10.601241
        ]
      },
      "properties": {
        "id": "node/3130900801",
        "osmType": "node",
        "osmId": 3130900801,
        "name": "Laboratorio Rumbo-Lab",
        "category": "health",
        "kind": "healthcare:laboratory",
        "source": "OpenStreetMap",
        "sourceUrl": "https://www.openstreetmap.org/node/3130900801",
        "tags": {
          "addr:city": "Catia La Mar",
          "addr:country": "VE",
          "addr:housenumber": "11",
          "addr:state": "Vargas",
          "healthcare": "laboratory",
          "name": "Laboratorio Rumbo-Lab",
          "phone": "+58 212-3528755"
        }
      }
    },
    {
      "type": "Feature",
      "geometry": {
        "type": "Point",
        "coordinates": [
          -67.0137374,
          10.5968026
        ]
      },
      "properties": {
        "id": "node/3121547137",
        "osmType": "node",
        "osmId": 3121547137,
        "name": "Módulo de Guaracarumbo",
        "category": "health",
        "kind": "amenity:hospital",
        "source": "OpenStreetMap",
        "sourceUrl": "https://www.openstreetmap.org/node/3121547137",
        "tags": {
          "amenity": "hospital",
          "emergency": "yes",
          "healthcare": "hospital",
          "name": "Módulo de Guaracarumbo"
        }
      }
    },
    {
      "type": "Feature",
      "geometry": {
        "type": "Point",
        "coordinates": [
          -66.9854095,
          10.5978009
        ]
      },
      "properties": {
        "id": "way/248448809",
        "osmType": "way",
        "osmId": 248448809,
        "name": "Módulo de la Aduana Aérea",
        "category": "health",
        "kind": "building:yes",
        "source": "OpenStreetMap",
        "sourceUrl": "https://www.openstreetmap.org/way/248448809",
        "tags": {
          "amenity": "hospital",
          "building": "yes",
          "healthcare": "hospital",
          "name": "Módulo de la Aduana Aérea"
        }
      }
    },
    {
      "type": "Feature",
      "geometry": {
        "type": "Point",
        "coordinates": [
          -67.0264916,
          10.6037916
        ]
      },
      "properties": {
        "id": "node/5501449001",
        "osmType": "node",
        "osmId": 5501449001,
        "name": "Premier",
        "category": "health",
        "kind": "amenity:dentist",
        "source": "OpenStreetMap",
        "sourceUrl": "https://www.openstreetmap.org/node/5501449001",
        "tags": {
          "addr:city": "Catia La Mar",
          "addr:housename": "C.C Ciudad Jardín",
          "addr:postcode": "1162",
          "addr:street": "Av. Tacagua",
          "amenity": "dentist",
          "email": "odontologicopremier@gmail.com",
          "healthcare": "dentist",
          "level": "2",
          "name": "Premier",
          "phone": "+58 212 3522645; +58 212 3524963",
          "website": "https://odontologicopremier.com.ve/"
        }
      }
    },
    {
      "type": "Feature",
      "geometry": {
        "type": "Point",
        "coordinates": [
          -67.028001,
          10.6021096
        ]
      },
      "properties": {
        "id": "way/307094355",
        "osmType": "way",
        "osmId": 307094355,
        "name": "Provesalud",
        "category": "health",
        "kind": "building:yes",
        "source": "OpenStreetMap",
        "sourceUrl": "https://www.openstreetmap.org/way/307094355",
        "tags": {
          "addr:city": "Catia La Mar",
          "addr:country": "VE",
          "addr:state": "VA",
          "amenity": "clinic",
          "building": "yes",
          "building:levels": "10",
          "healthcare": "clinic",
          "name": "Provesalud"
        }
      }
    },
    {
      "type": "Feature",
      "geometry": {
        "type": "Point",
        "coordinates": [
          -67.0303257,
          10.6041969
        ]
      },
      "properties": {
        "id": "node/1834724781",
        "osmType": "node",
        "osmId": 1834724781,
        "name": "SAAS",
        "category": "health",
        "kind": "amenity:pharmacy",
        "source": "OpenStreetMap",
        "sourceUrl": "https://www.openstreetmap.org/node/1834724781",
        "tags": {
          "addr:city": "Catia La Mar",
          "addr:postcode": "1162",
          "addr:street": "Av. La Atlántida",
          "amenity": "pharmacy",
          "dispensing": "no",
          "healthcare": "pharmacy",
          "name": "SAAS"
        }
      }
    },
    {
      "type": "Feature",
      "geometry": {
        "type": "Point",
        "coordinates": [
          -67.0304818,
          10.6019159
        ]
      },
      "properties": {
        "id": "node/3554616189",
        "osmType": "node",
        "osmId": 3554616189,
        "name": "Sersusalud",
        "category": "health",
        "kind": "amenity:clinic",
        "source": "OpenStreetMap",
        "sourceUrl": "https://www.openstreetmap.org/node/3554616189",
        "tags": {
          "addr:city": "Catia La Mar",
          "addr:postcode": "1162",
          "addr:street": "Av. El Ejercito",
          "amenity": "clinic",
          "healthcare": "clinic",
          "name": "Sersusalud",
          "phone": "+58 212-3513231"
        }
      }
    },
    {
      "type": "Feature",
      "geometry": {
        "type": "Point",
        "coordinates": [
          -67.0179261,
          10.6086551
        ]
      },
      "properties": {
        "id": "node/3124817952",
        "osmType": "node",
        "osmId": 3124817952,
        "name": "Super Farma",
        "category": "health",
        "kind": "amenity:pharmacy",
        "source": "OpenStreetMap",
        "sourceUrl": "https://www.openstreetmap.org/node/3124817952",
        "tags": {
          "addr:city": "Catia La Mar",
          "addr:postcode": "1162",
          "addr:street": "Calle 5",
          "amenity": "pharmacy",
          "healthcare": "pharmacy",
          "name": "Super Farma"
        }
      }
    },
    {
      "type": "Feature",
      "geometry": {
        "type": "Point",
        "coordinates": [
          -67.0314933,
          10.6035525
        ]
      },
      "properties": {
        "id": "node/8109936117",
        "osmType": "node",
        "osmId": 8109936117,
        "name": "TodoFarma",
        "category": "health",
        "kind": "amenity:pharmacy",
        "source": "OpenStreetMap",
        "sourceUrl": "https://www.openstreetmap.org/node/8109936117",
        "tags": {
          "amenity": "pharmacy",
          "healthcare": "pharmacy",
          "name": "TodoFarma"
        }
      }
    },
    {
      "type": "Feature",
      "geometry": {
        "type": "Point",
        "coordinates": [
          -67.0141809,
          10.5965446
        ]
      },
      "properties": {
        "id": "node/3133046390",
        "osmType": "node",
        "osmId": 3133046390,
        "name": "Unidad Quirúrgica San Antonio",
        "category": "health",
        "kind": "amenity:clinic",
        "source": "OpenStreetMap",
        "sourceUrl": "https://www.openstreetmap.org/node/3133046390",
        "tags": {
          "alt_name_1": "Clínica San Antonio",
          "amenity": "clinic",
          "healthcare": "clinic",
          "name": "Unidad Quirúrgica San Antonio",
          "phone": "+58 212-3523179"
        }
      }
    },
    {
      "type": "Feature",
      "geometry": {
        "type": "Point",
        "coordinates": [
          -67.0300402,
          10.6026576
        ]
      },
      "properties": {
        "id": "node/3219669209",
        "osmType": "node",
        "osmId": 3219669209,
        "name": "Unirad",
        "category": "health",
        "kind": "amenity:doctors",
        "source": "OpenStreetMap",
        "sourceUrl": "https://www.openstreetmap.org/node/3219669209",
        "tags": {
          "addr:city": "La Atlántida",
          "addr:housename": "Quinta Margot",
          "addr:street": "Calle 10",
          "amenity": "doctors",
          "description": "Centro de imágenes y tomografías médicas",
          "email": "unirad.c.a.2007@gmail.com",
          "fax": "+58 212 3527912",
          "healthcare": "doctor",
          "name": "Unirad",
          "phone": "+58 212 3526743"
        }
      }
    },
    {
      "type": "Feature",
      "geometry": {
        "type": "Point",
        "coordinates": [
          -67.0368114,
          10.5936608
        ]
      },
      "properties": {
        "id": "node/4681661803",
        "osmType": "node",
        "osmId": 4681661803,
        "name": "Vitalsalud",
        "category": "health",
        "kind": "amenity:pharmacy",
        "source": "OpenStreetMap",
        "sourceUrl": "https://www.openstreetmap.org/node/4681661803",
        "tags": {
          "amenity": "pharmacy",
          "healthcare": "pharmacy",
          "name": "Vitalsalud",
          "name:es": "Vitalsalud",
          "opening_hours": "Mo-Su 08:00-18:00"
        }
      }
    },
    {
      "type": "Feature",
      "geometry": {
        "type": "Point",
        "coordinates": [
          -67.0382219,
          10.5994345
        ]
      },
      "properties": {
        "id": "node/3664796546",
        "osmType": "node",
        "osmId": 3664796546,
        "name": "CEI Divina Pastora",
        "category": "education",
        "kind": "amenity:kindergarten",
        "source": "OpenStreetMap",
        "sourceUrl": "https://www.openstreetmap.org/node/3664796546",
        "tags": {
          "amenity": "kindergarten",
          "name": "CEI Divina Pastora"
        }
      }
    },
    {
      "type": "Feature",
      "geometry": {
        "type": "Point",
        "coordinates": [
          -67.0134984,
          10.6085833
        ]
      },
      "properties": {
        "id": "node/3124781200",
        "osmType": "node",
        "osmId": 3124781200,
        "name": "Ciencias del Mar",
        "category": "education",
        "kind": "amenity:school",
        "source": "OpenStreetMap",
        "sourceUrl": "https://www.openstreetmap.org/node/3124781200",
        "tags": {
          "amenity": "school",
          "name": "Ciencias del Mar"
        }
      }
    },
    {
      "type": "Feature",
      "geometry": {
        "type": "Point",
        "coordinates": [
          -67.0320557,
          10.6040547
        ]
      },
      "properties": {
        "id": "node/2846642296",
        "osmType": "node",
        "osmId": 2846642296,
        "name": "Colegio Gabriela Mistral",
        "category": "education",
        "kind": "amenity:school",
        "source": "OpenStreetMap",
        "sourceUrl": "https://www.openstreetmap.org/node/2846642296",
        "tags": {
          "amenity": "school",
          "name": "Colegio Gabriela Mistral"
        }
      }
    },
    {
      "type": "Feature",
      "geometry": {
        "type": "Point",
        "coordinates": [
          -67.0304935,
          10.6061793
        ]
      },
      "properties": {
        "id": "node/2746198649",
        "osmType": "node",
        "osmId": 2746198649,
        "name": "Colegio Gual y España",
        "category": "education",
        "kind": "amenity:school",
        "source": "OpenStreetMap",
        "sourceUrl": "https://www.openstreetmap.org/node/2746198649",
        "tags": {
          "amenity": "school",
          "name": "Colegio Gual y España"
        }
      }
    },
    {
      "type": "Feature",
      "geometry": {
        "type": "Point",
        "coordinates": [
          -67.0310063,
          10.60692
        ]
      },
      "properties": {
        "id": "node/2746198660",
        "osmType": "node",
        "osmId": 2746198660,
        "name": "Colegio Juan XXIII",
        "category": "education",
        "kind": "amenity:school",
        "source": "OpenStreetMap",
        "sourceUrl": "https://www.openstreetmap.org/node/2746198660",
        "tags": {
          "addr:city": "Catia La Mar",
          "addr:country": "VE",
          "addr:street": "Calle 5",
          "addr:suburb": "La Atlántida",
          "amenity": "school",
          "name": "Colegio Juan XXIII"
        }
      }
    },
    {
      "type": "Feature",
      "geometry": {
        "type": "Point",
        "coordinates": [
          -67.0334183,
          10.6055295
        ]
      },
      "properties": {
        "id": "way/579395889",
        "osmType": "way",
        "osmId": 579395889,
        "name": "Colegio San José",
        "category": "education",
        "kind": "amenity:school",
        "source": "OpenStreetMap",
        "sourceUrl": "https://www.openstreetmap.org/way/579395889",
        "tags": {
          "addr:city": "Catia La Mar",
          "addr:postcode": "1162",
          "addr:street": "Calle 4",
          "amenity": "school",
          "name": "Colegio San José"
        }
      }
    },
    {
      "type": "Feature",
      "geometry": {
        "type": "Point",
        "coordinates": [
          -66.9748879,
          10.5288655
        ]
      },
      "properties": {
        "id": "node/8870861513",
        "osmType": "node",
        "osmId": 8870861513,
        "name": "E.B. Manuel Antonio Gómez",
        "category": "education",
        "kind": "amenity:school",
        "source": "OpenStreetMap",
        "sourceUrl": "https://www.openstreetmap.org/node/8870861513",
        "tags": {
          "amenity": "school",
          "name": "E.B. Manuel Antonio Gómez",
          "source:name": "local knowledge"
        }
      }
    },
    {
      "type": "Feature",
      "geometry": {
        "type": "Point",
        "coordinates": [
          -66.9846166,
          10.5953819
        ]
      },
      "properties": {
        "id": "way/1533180830",
        "osmType": "way",
        "osmId": 1533180830,
        "name": "E.N.B Juan de Urpin",
        "category": "education",
        "kind": "amenity:school",
        "source": "OpenStreetMap",
        "sourceUrl": "https://www.openstreetmap.org/way/1533180830",
        "tags": {
          "addr:city": "Maiquetia",
          "amenity": "school",
          "layer": "1",
          "name": "E.N.B Juan de Urpin"
        }
      }
    },
    {
      "type": "Feature",
      "geometry": {
        "type": "Point",
        "coordinates": [
          -66.9817276,
          10.6073008
        ]
      },
      "properties": {
        "id": "node/3668841146",
        "osmType": "node",
        "osmId": 3668841146,
        "name": "Escuela Básica Mare",
        "category": "education",
        "kind": "amenity:school",
        "source": "OpenStreetMap",
        "sourceUrl": "https://www.openstreetmap.org/node/3668841146",
        "tags": {
          "amenity": "school",
          "name": "Escuela Básica Mare"
        }
      }
    },
    {
      "type": "Feature",
      "geometry": {
        "type": "Point",
        "coordinates": [
          -67.0219009,
          10.6070059
        ]
      },
      "properties": {
        "id": "way/503410622",
        "osmType": "way",
        "osmId": 503410622,
        "name": "Escuela Básica Willian Lara",
        "category": "education",
        "kind": "building:school",
        "source": "OpenStreetMap",
        "sourceUrl": "https://www.openstreetmap.org/way/503410622",
        "tags": {
          "addr:city": "Catia La Mar",
          "addr:country": "VE",
          "addr:place": "Ciudad Chávez",
          "addr:state": "VA",
          "amenity": "school",
          "building": "school",
          "building:levels": "3",
          "name": "Escuela Básica Willian Lara"
        }
      }
    },
    {
      "type": "Feature",
      "geometry": {
        "type": "Point",
        "coordinates": [
          -67.0427311,
          10.5965762
        ]
      },
      "properties": {
        "id": "node/11009464605",
        "osmType": "node",
        "osmId": 11009464605,
        "name": "Escuela Bolivariana Belén San Juan",
        "category": "education",
        "kind": "amenity:college",
        "source": "OpenStreetMap",
        "sourceUrl": "https://www.openstreetmap.org/node/11009464605",
        "tags": {
          "amenity": "college",
          "name": "Escuela Bolivariana Belén San Juan"
        }
      }
    },
    {
      "type": "Feature",
      "geometry": {
        "type": "Point",
        "coordinates": [
          -67.0380203,
          10.5955862
        ]
      },
      "properties": {
        "id": "node/8108197617",
        "osmType": "node",
        "osmId": 8108197617,
        "name": "Escuela de Educación Inicial CENIFA",
        "category": "education",
        "kind": "amenity:school",
        "source": "OpenStreetMap",
        "sourceUrl": "https://www.openstreetmap.org/node/8108197617",
        "tags": {
          "amenity": "school",
          "name": "Escuela de Educación Inicial CENIFA"
        }
      }
    },
    {
      "type": "Feature",
      "geometry": {
        "type": "Point",
        "coordinates": [
          -67.0289315,
          10.6044718
        ]
      },
      "properties": {
        "id": "node/3164028671",
        "osmType": "node",
        "osmId": 3164028671,
        "name": "Escuela Rómulo Gallegos",
        "category": "education",
        "kind": "amenity:school",
        "source": "OpenStreetMap",
        "sourceUrl": "https://www.openstreetmap.org/node/3164028671",
        "tags": {
          "amenity": "school",
          "name": "Escuela Rómulo Gallegos"
        }
      }
    },
    {
      "type": "Feature",
      "geometry": {
        "type": "Point",
        "coordinates": [
          -67.0424558,
          10.5960478
        ]
      },
      "properties": {
        "id": "way/525277496",
        "osmType": "way",
        "osmId": 525277496,
        "name": "Escuela Técnica Prof. Carlos Fiol",
        "category": "education",
        "kind": "amenity:school",
        "source": "OpenStreetMap",
        "sourceUrl": "https://www.openstreetmap.org/way/525277496",
        "tags": {
          "amenity": "school",
          "name": "Escuela Técnica Prof. Carlos Fiol"
        }
      }
    },
    {
      "type": "Feature",
      "geometry": {
        "type": "Point",
        "coordinates": [
          -66.9748932,
          10.5328132
        ]
      },
      "properties": {
        "id": "node/8870861511",
        "osmType": "node",
        "osmId": 8870861511,
        "name": "Fe y Alegría Juan Pablo II",
        "category": "education",
        "kind": "amenity:school",
        "source": "OpenStreetMap",
        "sourceUrl": "https://www.openstreetmap.org/node/8870861511",
        "tags": {
          "amenity": "school",
          "name": "Fe y Alegría Juan Pablo II",
          "source:name": "local knowledge"
        }
      }
    },
    {
      "type": "Feature",
      "geometry": {
        "type": "Point",
        "coordinates": [
          -67.0218809,
          10.606429
        ]
      },
      "properties": {
        "id": "way/503410620",
        "osmType": "way",
        "osmId": 503410620,
        "name": "IEE Urimare",
        "category": "education",
        "kind": "building:yes",
        "source": "OpenStreetMap",
        "sourceUrl": "https://www.openstreetmap.org/way/503410620",
        "tags": {
          "addr:city": "Catia La Mar",
          "addr:country": "VE",
          "addr:place": "Ciudad Chávez",
          "addr:state": "Vargas",
          "amenity": "school",
          "building": "yes",
          "building:levels": "2",
          "name": "IEE Urimare"
        }
      }
    },
    {
      "type": "Feature",
      "geometry": {
        "type": "Point",
        "coordinates": [
          -67.0149012,
          10.593785
        ]
      },
      "properties": {
        "id": "way/438166530",
        "osmType": "way",
        "osmId": 438166530,
        "name": "Liceo Armando Reverón",
        "category": "education",
        "kind": "amenity:school",
        "source": "OpenStreetMap",
        "sourceUrl": "https://www.openstreetmap.org/way/438166530",
        "tags": {
          "addr:city": "Guaracarumbo",
          "amenity": "school",
          "name": "Liceo Armando Reverón"
        }
      }
    },
    {
      "type": "Feature",
      "geometry": {
        "type": "Point",
        "coordinates": [
          -67.0380399,
          10.5952577
        ]
      },
      "properties": {
        "id": "node/8108163018",
        "osmType": "node",
        "osmId": 8108163018,
        "name": "Liceo Narciso Gonell",
        "category": "education",
        "kind": "amenity:school",
        "source": "OpenStreetMap",
        "sourceUrl": "https://www.openstreetmap.org/node/8108163018",
        "tags": {
          "amenity": "school",
          "name": "Liceo Narciso Gonell"
        }
      }
    },
    {
      "type": "Feature",
      "geometry": {
        "type": "Point",
        "coordinates": [
          -67.0245017,
          10.6029016
        ]
      },
      "properties": {
        "id": "node/11540305069",
        "osmType": "node",
        "osmId": 11540305069,
        "name": "U.E.P. Antonia Esteller",
        "category": "education",
        "kind": "amenity:college",
        "source": "OpenStreetMap",
        "sourceUrl": "https://www.openstreetmap.org/node/11540305069",
        "tags": {
          "amenity": "college",
          "name": "U.E.P. Antonia Esteller",
          "opening_hours": "Su-Th 07:00-16:00"
        }
      }
    },
    {
      "type": "Feature",
      "geometry": {
        "type": "Point",
        "coordinates": [
          -66.9842108,
          10.5981024
        ]
      },
      "properties": {
        "id": "way/1192798331",
        "osmType": "way",
        "osmId": 1192798331,
        "name": "Unidad Educativa Inicial Aeropuerto Simon Bolivar",
        "category": "education",
        "kind": "amenity:school",
        "source": "OpenStreetMap",
        "sourceUrl": "https://www.openstreetmap.org/way/1192798331",
        "tags": {
          "amenity": "school",
          "grades": "0-6",
          "name": "Unidad Educativa Inicial Aeropuerto Simon Bolivar"
        }
      }
    },
    {
      "type": "Feature",
      "geometry": {
        "type": "Point",
        "coordinates": [
          -67.0315562,
          10.5988597
        ]
      },
      "properties": {
        "id": "way/306847206",
        "osmType": "way",
        "osmId": 306847206,
        "name": "Universidad Nacional Experimental Marítima del Caribe",
        "category": "education",
        "kind": "amenity:university",
        "source": "OpenStreetMap",
        "sourceUrl": "https://www.openstreetmap.org/way/306847206",
        "tags": {
          "addr:city": "Parroquia Catia la Mar",
          "addr:street": "Avenida El Ejército",
          "amenity": "university",
          "name": "Universidad Nacional Experimental Marítima del Caribe",
          "wikidata": "Q16644499",
          "wikipedia": "es:Universidad Nacional Experimental Marítima del Caribe"
        }
      }
    },
    {
      "type": "Feature",
      "geometry": {
        "type": "Point",
        "coordinates": [
          -67.0223002,
          10.6090471
        ]
      },
      "properties": {
        "id": "way/432826367",
        "osmType": "way",
        "osmId": 432826367,
        "name": "A1",
        "category": "building",
        "kind": "building:apartments",
        "source": "OpenStreetMap",
        "sourceUrl": "https://www.openstreetmap.org/way/432826367",
        "tags": {
          "building": "apartments",
          "building:colour": "lightgrey",
          "building:levels": "4",
          "name": "A1",
          "roof:colour": "grey"
        }
      }
    },
    {
      "type": "Feature",
      "geometry": {
        "type": "Point",
        "coordinates": [
          -67.0225512,
          10.6090673
        ]
      },
      "properties": {
        "id": "way/416833873",
        "osmType": "way",
        "osmId": 416833873,
        "name": "A2",
        "category": "building",
        "kind": "building:apartments",
        "source": "OpenStreetMap",
        "sourceUrl": "https://www.openstreetmap.org/way/416833873",
        "tags": {
          "building": "apartments",
          "building:colour": "lightgrey",
          "building:levels": "4",
          "name": "A2",
          "roof:colour": "grey"
        }
      }
    },
    {
      "type": "Feature",
      "geometry": {
        "type": "Point",
        "coordinates": [
          -67.0228118,
          10.6090673
        ]
      },
      "properties": {
        "id": "way/416833874",
        "osmType": "way",
        "osmId": 416833874,
        "name": "A3",
        "category": "building",
        "kind": "building:apartments",
        "source": "OpenStreetMap",
        "sourceUrl": "https://www.openstreetmap.org/way/416833874",
        "tags": {
          "building": "apartments",
          "building:colour": "lightgrey",
          "building:levels": "4",
          "name": "A3",
          "roof:colour": "grey"
        }
      }
    },
    {
      "type": "Feature",
      "geometry": {
        "type": "Point",
        "coordinates": [
          -66.9775631,
          10.5993824
        ]
      },
      "properties": {
        "id": "way/248377802",
        "osmType": "way",
        "osmId": 248377802,
        "name": "Aduana aérea",
        "category": "building",
        "kind": "building:yes",
        "source": "OpenStreetMap",
        "sourceUrl": "https://www.openstreetmap.org/way/248377802",
        "tags": {
          "building": "yes",
          "name": "Aduana aérea"
        }
      }
    },
    {
      "type": "Feature",
      "geometry": {
        "type": "Point",
        "coordinates": [
          -66.9775737,
          10.600051
        ]
      },
      "properties": {
        "id": "way/248377800",
        "osmType": "way",
        "osmId": 248377800,
        "name": "Aduana Aérea",
        "category": "building",
        "kind": "building:yes",
        "source": "OpenStreetMap",
        "sourceUrl": "https://www.openstreetmap.org/way/248377800",
        "tags": {
          "building": "yes",
          "name": "Aduana Aérea"
        }
      }
    },
    {
      "type": "Feature",
      "geometry": {
        "type": "Point",
        "coordinates": [
          -67.0324428,
          10.6006565
        ]
      },
      "properties": {
        "id": "way/473880081",
        "osmType": "way",
        "osmId": 473880081,
        "name": "Aula Magna",
        "category": "building",
        "kind": "building:yes",
        "source": "OpenStreetMap",
        "sourceUrl": "https://www.openstreetmap.org/way/473880081",
        "tags": {
          "addr:city": "Catia La Mar",
          "building": "yes",
          "name": "Aula Magna"
        }
      }
    },
    {
      "type": "Feature",
      "geometry": {
        "type": "Point",
        "coordinates": [
          -67.0223062,
          10.6088024
        ]
      },
      "properties": {
        "id": "way/432826368",
        "osmType": "way",
        "osmId": 432826368,
        "name": "B1",
        "category": "building",
        "kind": "building:apartments",
        "source": "OpenStreetMap",
        "sourceUrl": "https://www.openstreetmap.org/way/432826368",
        "tags": {
          "building": "apartments",
          "building:colour": "lightgrey",
          "building:levels": "4",
          "name": "B1",
          "roof:colour": "grey"
        }
      }
    },
    {
      "type": "Feature",
      "geometry": {
        "type": "Point",
        "coordinates": [
          -67.0225533,
          10.6087857
        ]
      },
      "properties": {
        "id": "way/416833872",
        "osmType": "way",
        "osmId": 416833872,
        "name": "B2",
        "category": "building",
        "kind": "building:apartments",
        "source": "OpenStreetMap",
        "sourceUrl": "https://www.openstreetmap.org/way/416833872",
        "tags": {
          "building": "apartments",
          "building:colour": "lightgrey",
          "building:levels": "4",
          "name": "B2",
          "roof:colour": "grey"
        }
      }
    },
    {
      "type": "Feature",
      "geometry": {
        "type": "Point",
        "coordinates": [
          -67.0228088,
          10.6087838
        ]
      },
      "properties": {
        "id": "way/416833871",
        "osmType": "way",
        "osmId": 416833871,
        "name": "B3",
        "category": "building",
        "kind": "building:apartments",
        "source": "OpenStreetMap",
        "sourceUrl": "https://www.openstreetmap.org/way/416833871",
        "tags": {
          "building": "apartments",
          "building:colour": "lightgrey",
          "building:levels": "4",
          "name": "B3",
          "roof:colour": "grey"
        }
      }
    },
    {
      "type": "Feature",
      "geometry": {
        "type": "Point",
        "coordinates": [
          -67.0230582,
          10.6088035
        ]
      },
      "properties": {
        "id": "way/432825856",
        "osmType": "way",
        "osmId": 432825856,
        "name": "B4",
        "category": "building",
        "kind": "building:apartments",
        "source": "OpenStreetMap",
        "sourceUrl": "https://www.openstreetmap.org/way/432825856",
        "tags": {
          "building": "apartments",
          "building:colour": "lightgrey",
          "building:levels": "4",
          "name": "B4",
          "roof:colour": "grey"
        }
      }
    },
    {
      "type": "Feature",
      "geometry": {
        "type": "Point",
        "coordinates": [
          -67.0233422,
          10.6087878
        ]
      },
      "properties": {
        "id": "way/416830894",
        "osmType": "way",
        "osmId": 416830894,
        "name": "B5",
        "category": "building",
        "kind": "building:apartments",
        "source": "OpenStreetMap",
        "sourceUrl": "https://www.openstreetmap.org/way/416830894",
        "tags": {
          "building": "apartments",
          "building:colour": "lightgrey",
          "building:levels": "4",
          "name": "B5",
          "roof:colour": "grey"
        }
      }
    },
    {
      "type": "Feature",
      "geometry": {
        "type": "Point",
        "coordinates": [
          -67.0236044,
          10.6087823
        ]
      },
      "properties": {
        "id": "way/416830893",
        "osmType": "way",
        "osmId": 416830893,
        "name": "B6",
        "category": "building",
        "kind": "building:apartments",
        "source": "OpenStreetMap",
        "sourceUrl": "https://www.openstreetmap.org/way/416830893",
        "tags": {
          "building": "apartments",
          "building:colour": "lightgrey",
          "building:levels": "4",
          "name": "B6",
          "roof:colour": "grey"
        }
      }
    },
    {
      "type": "Feature",
      "geometry": {
        "type": "Point",
        "coordinates": [
          -67.0238628,
          10.6087883
        ]
      },
      "properties": {
        "id": "way/432826376",
        "osmType": "way",
        "osmId": 432826376,
        "name": "B7",
        "category": "building",
        "kind": "building:apartments",
        "source": "OpenStreetMap",
        "sourceUrl": "https://www.openstreetmap.org/way/432826376",
        "tags": {
          "building": "apartments",
          "building:colour": "lightgrey",
          "building:levels": "4",
          "name": "B7",
          "roof:colour": "grey"
        }
      }
    },
    {
      "type": "Feature",
      "geometry": {
        "type": "Point",
        "coordinates": [
          -67.0247443,
          10.610895
        ]
      },
      "properties": {
        "id": "way/291269086",
        "osmType": "way",
        "osmId": 291269086,
        "name": "Blue Marine Suites",
        "category": "building",
        "kind": "building:apartments",
        "source": "OpenStreetMap",
        "sourceUrl": "https://www.openstreetmap.org/way/291269086",
        "tags": {
          "addr:postcode": "1162",
          "addr:street": "Av. Principal de Playa Grande",
          "building": "apartments",
          "name": "Blue Marine Suites"
        }
      }
    },
    {
      "type": "Feature",
      "geometry": {
        "type": "Point",
        "coordinates": [
          -67.0223048,
          10.6084294
        ]
      },
      "properties": {
        "id": "way/432826366",
        "osmType": "way",
        "osmId": 432826366,
        "name": "C1",
        "category": "building",
        "kind": "building:apartments",
        "source": "OpenStreetMap",
        "sourceUrl": "https://www.openstreetmap.org/way/432826366",
        "tags": {
          "building": "apartments",
          "building:colour": "lightgrey",
          "building:levels": "4",
          "name": "C1",
          "roof:colour": "grey"
        }
      }
    },
    {
      "type": "Feature",
      "geometry": {
        "type": "Point",
        "coordinates": [
          -67.0225603,
          10.6084544
        ]
      },
      "properties": {
        "id": "way/416833870",
        "osmType": "way",
        "osmId": 416833870,
        "name": "C2",
        "category": "building",
        "kind": "building:apartments",
        "source": "OpenStreetMap",
        "sourceUrl": "https://www.openstreetmap.org/way/416833870",
        "tags": {
          "building": "apartments",
          "building:colour": "lightgrey",
          "building:levels": "4",
          "name": "C2",
          "roof:colour": "grey"
        }
      }
    },
    {
      "type": "Feature",
      "geometry": {
        "type": "Point",
        "coordinates": [
          -67.0228154,
          10.6084554
        ]
      },
      "properties": {
        "id": "way/416833869",
        "osmType": "way",
        "osmId": 416833869,
        "name": "C3",
        "category": "building",
        "kind": "building:apartments",
        "source": "OpenStreetMap",
        "sourceUrl": "https://www.openstreetmap.org/way/416833869",
        "tags": {
          "building": "apartments",
          "building:colour": "lightgrey",
          "building:levels": "4",
          "name": "C3",
          "roof:colour": "grey"
        }
      }
    },
    {
      "type": "Feature",
      "geometry": {
        "type": "Point",
        "coordinates": [
          -67.023342,
          10.6084616
        ]
      },
      "properties": {
        "id": "way/416830897",
        "osmType": "way",
        "osmId": 416830897,
        "name": "C5",
        "category": "building",
        "kind": "building:apartments",
        "source": "OpenStreetMap",
        "sourceUrl": "https://www.openstreetmap.org/way/416830897",
        "tags": {
          "building": "apartments",
          "building:colour": "lightgrey",
          "building:levels": "4",
          "name": "C5",
          "roof:colour": "grey"
        }
      }
    },
    {
      "type": "Feature",
      "geometry": {
        "type": "Point",
        "coordinates": [
          -67.0236,
          10.6084644
        ]
      },
      "properties": {
        "id": "way/416830896",
        "osmType": "way",
        "osmId": 416830896,
        "name": "C6",
        "category": "building",
        "kind": "building:apartments",
        "source": "OpenStreetMap",
        "sourceUrl": "https://www.openstreetmap.org/way/416830896",
        "tags": {
          "building": "apartments",
          "building:colour": "lightgrey",
          "building:levels": "4",
          "name": "C6",
          "roof:colour": "grey"
        }
      }
    },
    {
      "type": "Feature",
      "geometry": {
        "type": "Point",
        "coordinates": [
          -67.0238577,
          10.6084436
        ]
      },
      "properties": {
        "id": "way/416830895",
        "osmType": "way",
        "osmId": 416830895,
        "name": "C7",
        "category": "building",
        "kind": "building:apartments",
        "source": "OpenStreetMap",
        "sourceUrl": "https://www.openstreetmap.org/way/416830895",
        "tags": {
          "building": "apartments",
          "building:colour": "lightgrey",
          "building:levels": "4",
          "name": "C7",
          "roof:colour": "grey"
        }
      }
    },
    {
      "type": "Feature",
      "geometry": {
        "type": "Point",
        "coordinates": [
          -67.0212746,
          10.5811711
        ]
      },
      "properties": {
        "id": "way/1533283365",
        "osmType": "way",
        "osmId": 1533283365,
        "name": "Capilla Ntra. Sra. de Fátima",
        "category": "building",
        "kind": "building:church",
        "source": "OpenStreetMap",
        "sourceUrl": "https://www.openstreetmap.org/way/1533283365",
        "tags": {
          "building": "church",
          "name": "Capilla Ntra. Sra. de Fátima"
        }
      }
    },
    {
      "type": "Feature",
      "geometry": {
        "type": "Point",
        "coordinates": [
          -66.9815991,
          10.5989455
        ]
      },
      "properties": {
        "id": "way/248377783",
        "osmType": "way",
        "osmId": 248377783,
        "name": "Centro de Adiestramiento IAIM",
        "category": "building",
        "kind": "building:yes",
        "source": "OpenStreetMap",
        "sourceUrl": "https://www.openstreetmap.org/way/248377783",
        "tags": {
          "addr:city": "Catia La Mar",
          "addr:postcode": "1162",
          "addr:street": "Av. Aeropuerto Auxiliar",
          "building": "yes",
          "building:levels": "1",
          "name": "Centro de Adiestramiento IAIM"
        }
      }
    },
    {
      "type": "Feature",
      "geometry": {
        "type": "Point",
        "coordinates": [
          -67.0347848,
          10.5945552
        ]
      },
      "properties": {
        "id": "way/1533568565",
        "osmType": "way",
        "osmId": 1533568565,
        "name": "CENTRO EDUCATIVO",
        "category": "building",
        "kind": "building:school",
        "source": "OpenStreetMap",
        "sourceUrl": "https://www.openstreetmap.org/way/1533568565",
        "tags": {
          "building": "school",
          "name": "CENTRO EDUCATIVO"
        }
      }
    },
    {
      "type": "Feature",
      "geometry": {
        "type": "Point",
        "coordinates": [
          -67.0312811,
          10.6054302
        ]
      },
      "properties": {
        "id": "way/796714206",
        "osmType": "way",
        "osmId": 796714206,
        "name": "Centro Profesional Sol Marino Atlantic",
        "category": "building",
        "kind": "building:commercial",
        "source": "OpenStreetMap",
        "sourceUrl": "https://www.openstreetmap.org/way/796714206",
        "tags": {
          "addr:city": "Catia La Mar",
          "addr:postcode": "1162",
          "addr:street": "Av. La Atlántida",
          "building": "commercial",
          "name": "Centro Profesional Sol Marino Atlantic"
        }
      }
    },
    {
      "type": "Feature",
      "geometry": {
        "type": "Point",
        "coordinates": [
          -67.0288682,
          10.6094413
        ]
      },
      "properties": {
        "id": "way/1533899033",
        "osmType": "way",
        "osmId": 1533899033,
        "name": "Cimaventura",
        "category": "building",
        "kind": "building:yes",
        "source": "OpenStreetMap",
        "sourceUrl": "https://www.openstreetmap.org/way/1533899033",
        "tags": {
          "building": "yes",
          "name": "Cimaventura"
        }
      }
    },
    {
      "type": "Feature",
      "geometry": {
        "type": "Point",
        "coordinates": [
          -66.978312,
          10.5995643
        ]
      },
      "properties": {
        "id": "way/248377788",
        "osmType": "way",
        "osmId": 248377788,
        "name": "Cirmil Zodi Vargas",
        "category": "building",
        "kind": "building:industrial",
        "source": "OpenStreetMap",
        "sourceUrl": "https://www.openstreetmap.org/way/248377788",
        "tags": {
          "addr:city": "Catia La Mar",
          "addr:postcode": "1162",
          "addr:street": "Av. La Armada",
          "building": "industrial",
          "name": "Cirmil Zodi Vargas"
        }
      }
    },
    {
      "type": "Feature",
      "geometry": {
        "type": "Point",
        "coordinates": [
          -67.0160669,
          10.5973812
        ]
      },
      "properties": {
        "id": "way/438165209",
        "osmType": "way",
        "osmId": 438165209,
        "name": "Colegio Divina Providencia",
        "category": "building",
        "kind": "building:school",
        "source": "OpenStreetMap",
        "sourceUrl": "https://www.openstreetmap.org/way/438165209",
        "tags": {
          "addr:city": "Catia La Mar",
          "addr:country": "VE",
          "addr:state": "VA",
          "building": "school",
          "denomination": "roman_catholic",
          "name": "Colegio Divina Providencia",
          "religion": "christian"
        }
      }
    },
    {
      "type": "Feature",
      "geometry": {
        "type": "Point",
        "coordinates": [
          -67.0239002,
          10.5988316
        ]
      },
      "properties": {
        "id": "way/503365932",
        "osmType": "way",
        "osmId": 503365932,
        "name": "Comedor de Escuela de Grumetes",
        "category": "building",
        "kind": "building:yes",
        "source": "OpenStreetMap",
        "sourceUrl": "https://www.openstreetmap.org/way/503365932",
        "tags": {
          "addr:city": "Catia La Mar",
          "addr:country": "VE",
          "addr:state": "VA",
          "building": "yes",
          "name": "Comedor de Escuela de Grumetes"
        }
      }
    },
    {
      "type": "Feature",
      "geometry": {
        "type": "Point",
        "coordinates": [
          -66.9897013,
          10.5965229
        ]
      },
      "properties": {
        "id": "way/1192798315",
        "osmType": "way",
        "osmId": 1192798315,
        "name": "Comedor y Cocina de Conviasa",
        "category": "building",
        "kind": "building:yes",
        "source": "OpenStreetMap",
        "sourceUrl": "https://www.openstreetmap.org/way/1192798315",
        "tags": {
          "building": "yes",
          "description": "Comedor y Cocina de Conviasa",
          "name": "Comedor y Cocina de Conviasa"
        }
      }
    },
    {
      "type": "Feature",
      "geometry": {
        "type": "Point",
        "coordinates": [
          -66.9829144,
          10.5975127
        ]
      },
      "properties": {
        "id": "way/248448810",
        "osmType": "way",
        "osmId": 248448810,
        "name": "Control de tráfico aéreo ATC",
        "category": "building",
        "kind": "building:yes",
        "source": "OpenStreetMap",
        "sourceUrl": "https://www.openstreetmap.org/way/248448810",
        "tags": {
          "addr:city": "Catia La Mar",
          "addr:postcode": "1162",
          "addr:street": "Av. Aeropuerto Auxiliar",
          "building": "yes",
          "name": "Control de tráfico aéreo ATC"
        }
      }
    },
    {
      "type": "Feature",
      "geometry": {
        "type": "Point",
        "coordinates": [
          -67.0202211,
          10.6116878
        ]
      },
      "properties": {
        "id": "way/291269118",
        "osmType": "way",
        "osmId": 291269118,
        "name": "Costa Dorada",
        "category": "building",
        "kind": "building:apartments",
        "source": "OpenStreetMap",
        "sourceUrl": "https://www.openstreetmap.org/way/291269118",
        "tags": {
          "addr:city": "Catia La Mar",
          "addr:postcode": "1162",
          "addr:street": "Av. Principal de Playa Grande",
          "addr:suburb": "Playa Grande",
          "building": "apartments",
          "name": "Costa Dorada"
        }
      }
    },
    {
      "type": "Feature",
      "geometry": {
        "type": "Point",
        "coordinates": [
          -67.0223065,
          10.608164
        ]
      },
      "properties": {
        "id": "way/432826365",
        "osmType": "way",
        "osmId": 432826365,
        "name": "D1",
        "category": "building",
        "kind": "building:apartments",
        "source": "OpenStreetMap",
        "sourceUrl": "https://www.openstreetmap.org/way/432826365",
        "tags": {
          "building": "apartments",
          "building:colour": "lightgrey",
          "building:levels": "4",
          "name": "D1",
          "roof:colour": "grey"
        }
      }
    },
    {
      "type": "Feature",
      "geometry": {
        "type": "Point",
        "coordinates": [
          -67.0225642,
          10.6081439
        ]
      },
      "properties": {
        "id": "way/416833868",
        "osmType": "way",
        "osmId": 416833868,
        "name": "D2",
        "category": "building",
        "kind": "building:apartments",
        "source": "OpenStreetMap",
        "sourceUrl": "https://www.openstreetmap.org/way/416833868",
        "tags": {
          "building": "apartments",
          "building:colour": "lightgrey",
          "building:levels": "4",
          "name": "D2",
          "roof:colour": "grey"
        }
      }
    },
    {
      "type": "Feature",
      "geometry": {
        "type": "Point",
        "coordinates": [
          -67.0228163,
          10.6081451
        ]
      },
      "properties": {
        "id": "way/416833867",
        "osmType": "way",
        "osmId": 416833867,
        "name": "D3",
        "category": "building",
        "kind": "building:apartments",
        "source": "OpenStreetMap",
        "sourceUrl": "https://www.openstreetmap.org/way/416833867",
        "tags": {
          "building": "apartments",
          "building:colour": "lightgrey",
          "building:levels": "4",
          "name": "D3",
          "roof:colour": "grey"
        }
      }
    },
    {
      "type": "Feature",
      "geometry": {
        "type": "Point",
        "coordinates": [
          -67.0230696,
          10.6081773
        ]
      },
      "properties": {
        "id": "way/432825855",
        "osmType": "way",
        "osmId": 432825855,
        "name": "D4",
        "category": "building",
        "kind": "building:apartments",
        "source": "OpenStreetMap",
        "sourceUrl": "https://www.openstreetmap.org/way/432825855",
        "tags": {
          "building": "apartments",
          "building:colour": "lightgrey",
          "building:levels": "4",
          "name": "D4",
          "roof:colour": "grey"
        }
      }
    },
    {
      "type": "Feature",
      "geometry": {
        "type": "Point",
        "coordinates": [
          -67.0198867,
          10.6085619
        ]
      },
      "properties": {
        "id": "way/560217064",
        "osmType": "way",
        "osmId": 560217064,
        "name": "Doña Hilda",
        "category": "building",
        "kind": "building:residential",
        "source": "OpenStreetMap",
        "sourceUrl": "https://www.openstreetmap.org/way/560217064",
        "tags": {
          "addr:city": "Catia La Mar",
          "addr:country": "VE",
          "addr:street": "Avenida Central de Playa Grande",
          "addr:suburb": "Playa Grande",
          "building": "residential",
          "building:levels": "6",
          "name": "Doña Hilda"
        }
      }
    },
    {
      "type": "Feature",
      "geometry": {
        "type": "Point",
        "coordinates": [
          -67.022322,
          10.6077959
        ]
      },
      "properties": {
        "id": "way/432826363",
        "osmType": "way",
        "osmId": 432826363,
        "name": "E1",
        "category": "building",
        "kind": "building:apartments",
        "source": "OpenStreetMap",
        "sourceUrl": "https://www.openstreetmap.org/way/432826363",
        "tags": {
          "building": "apartments",
          "building:colour": "lightgrey",
          "building:levels": "4",
          "name": "E1",
          "roof:colour": "grey"
        }
      }
    },
    {
      "type": "Feature",
      "geometry": {
        "type": "Point",
        "coordinates": [
          -67.0225664,
          10.6078164
        ]
      },
      "properties": {
        "id": "way/416833866",
        "osmType": "way",
        "osmId": 416833866,
        "name": "E2",
        "category": "building",
        "kind": "building:apartments",
        "source": "OpenStreetMap",
        "sourceUrl": "https://www.openstreetmap.org/way/416833866",
        "tags": {
          "building": "apartments",
          "building:colour": "lightgrey",
          "building:levels": "4",
          "name": "E2",
          "roof:colour": "grey"
        }
      }
    },
    {
      "type": "Feature",
      "geometry": {
        "type": "Point",
        "coordinates": [
          -67.0228198,
          10.6078194
        ]
      },
      "properties": {
        "id": "way/416833865",
        "osmType": "way",
        "osmId": 416833865,
        "name": "E3",
        "category": "building",
        "kind": "building:apartments",
        "source": "OpenStreetMap",
        "sourceUrl": "https://www.openstreetmap.org/way/416833865",
        "tags": {
          "building": "apartments",
          "building:colour": "lightgrey",
          "building:levels": "4",
          "name": "E3",
          "roof:colour": "grey"
        }
      }
    },
    {
      "type": "Feature",
      "geometry": {
        "type": "Point",
        "coordinates": [
          -67.023346,
          10.6078217
        ]
      },
      "properties": {
        "id": "way/416833863",
        "osmType": "way",
        "osmId": 416833863,
        "name": "E5",
        "category": "building",
        "kind": "building:apartments",
        "source": "OpenStreetMap",
        "sourceUrl": "https://www.openstreetmap.org/way/416833863",
        "tags": {
          "building": "apartments",
          "building:colour": "lightgrey",
          "building:levels": "4",
          "name": "E5",
          "roof:colour": "grey"
        }
      }
    },
    {
      "type": "Feature",
      "geometry": {
        "type": "Point",
        "coordinates": [
          -67.0236041,
          10.6078245
        ]
      },
      "properties": {
        "id": "way/416833864",
        "osmType": "way",
        "osmId": 416833864,
        "name": "E6",
        "category": "building",
        "kind": "building:apartments",
        "source": "OpenStreetMap",
        "sourceUrl": "https://www.openstreetmap.org/way/416833864",
        "tags": {
          "building": "apartments",
          "building:colour": "lightgrey",
          "building:levels": "4",
          "name": "E6",
          "roof:colour": "grey"
        }
      }
    },
    {
      "type": "Feature",
      "geometry": {
        "type": "Point",
        "coordinates": [
          -67.0238581,
          10.6078024
        ]
      },
      "properties": {
        "id": "way/432825851",
        "osmType": "way",
        "osmId": 432825851,
        "name": "E7",
        "category": "building",
        "kind": "building:apartments",
        "source": "OpenStreetMap",
        "sourceUrl": "https://www.openstreetmap.org/way/432825851",
        "tags": {
          "building": "apartments",
          "building:colour": "lightgrey",
          "building:levels": "4",
          "name": "E7",
          "roof:colour": "grey"
        }
      }
    },
    {
      "type": "Feature",
      "geometry": {
        "type": "Point",
        "coordinates": [
          -67.0244682,
          10.6078329
        ]
      },
      "properties": {
        "id": "way/416830903",
        "osmType": "way",
        "osmId": 416830903,
        "name": "E9",
        "category": "building",
        "kind": "building:apartments",
        "source": "OpenStreetMap",
        "sourceUrl": "https://www.openstreetmap.org/way/416830903",
        "tags": {
          "building": "apartments",
          "building:colour": "lightgrey",
          "building:levels": "4",
          "name": "E9",
          "roof:colour": "grey"
        }
      }
    },
    {
      "type": "Feature",
      "geometry": {
        "type": "Point",
        "coordinates": [
          -67.0319094,
          10.5997921
        ]
      },
      "properties": {
        "id": "way/467326067",
        "osmType": "way",
        "osmId": 467326067,
        "name": "Edificio Administrativo",
        "category": "building",
        "kind": "building:yes",
        "source": "OpenStreetMap",
        "sourceUrl": "https://www.openstreetmap.org/way/467326067",
        "tags": {
          "addr:city": "Catia La Mar",
          "building": "yes",
          "name": "Edificio Administrativo"
        }
      }
    },
    {
      "type": "Feature",
      "geometry": {
        "type": "Point",
        "coordinates": [
          -67.031458,
          10.601836
        ]
      },
      "properties": {
        "id": "way/797159857",
        "osmType": "way",
        "osmId": 797159857,
        "name": "Edificio Angela",
        "category": "building",
        "kind": "building:apartments",
        "source": "OpenStreetMap",
        "sourceUrl": "https://www.openstreetmap.org/way/797159857",
        "tags": {
          "addr:city": "Catia La Mar",
          "addr:postcode": "1162",
          "addr:street": "Av. El Ejercito",
          "building": "apartments",
          "name": "Edificio Angela"
        }
      }
    },
    {
      "type": "Feature",
      "geometry": {
        "type": "Point",
        "coordinates": [
          -67.0121885,
          10.6099645
        ]
      },
      "properties": {
        "id": "way/291269169",
        "osmType": "way",
        "osmId": 291269169,
        "name": "Edificio Arnedillo",
        "category": "building",
        "kind": "building:residential",
        "source": "OpenStreetMap",
        "sourceUrl": "https://www.openstreetmap.org/way/291269169",
        "tags": {
          "addr:city": "Playa Grande",
          "addr:street": "Calle 2",
          "building": "residential",
          "building:levels": "8",
          "damage:date": "2026-06-24",
          "damage:event": "2026 Venezuelan earthquake",
          "damage:event:wikidata": "Q140352499",
          "damage:type": "earthquake",
          "height": "24",
          "name": "Edificio Arnedillo",
          "ruins:building": "yes"
        }
      }
    },
    {
      "type": "Feature",
      "geometry": {
        "type": "Point",
        "coordinates": [
          -67.0284788,
          10.6034224
        ]
      },
      "properties": {
        "id": "way/572685267",
        "osmType": "way",
        "osmId": 572685267,
        "name": "Edificio Banco de Venezuela",
        "category": "building",
        "kind": "building:office",
        "source": "OpenStreetMap",
        "sourceUrl": "https://www.openstreetmap.org/way/572685267",
        "tags": {
          "addr:city": "Catia La Mar",
          "addr:postcode": "1162",
          "addr:street": "Av. La Atlántida",
          "building": "office",
          "building:levels": "1",
          "name": "Edificio Banco de Venezuela"
        }
      }
    },
    {
      "type": "Feature",
      "geometry": {
        "type": "Point",
        "coordinates": [
          -67.0290772,
          10.6024047
        ]
      },
      "properties": {
        "id": "way/272906260",
        "osmType": "way",
        "osmId": 272906260,
        "name": "Edificio Banco Plaza",
        "category": "building",
        "kind": "building:yes",
        "source": "OpenStreetMap",
        "sourceUrl": "https://www.openstreetmap.org/way/272906260",
        "tags": {
          "addr:city": "Catia La Mar",
          "addr:postcode": "1162",
          "addr:street": "Av. El Ejercito",
          "building": "yes",
          "name": "Edificio Banco Plaza"
        }
      }
    },
    {
      "type": "Feature",
      "geometry": {
        "type": "Point",
        "coordinates": [
          -67.0288965,
          10.603043
        ]
      },
      "properties": {
        "id": "way/273119837",
        "osmType": "way",
        "osmId": 273119837,
        "name": "Edificio Banco Provincial",
        "category": "building",
        "kind": "building:office",
        "source": "OpenStreetMap",
        "sourceUrl": "https://www.openstreetmap.org/way/273119837",
        "tags": {
          "addr:city": "Catia La Mar",
          "addr:postcode": "1162",
          "addr:street": "Av. La Atlántida",
          "building": "office",
          "building:levels": "2",
          "name": "Edificio Banco Provincial"
        }
      }
    },
    {
      "type": "Feature",
      "geometry": {
        "type": "Point",
        "coordinates": [
          -67.0181661,
          10.612047
        ]
      },
      "properties": {
        "id": "way/291269075",
        "osmType": "way",
        "osmId": 291269075,
        "name": "Edificio Carite",
        "category": "building",
        "kind": "building:apartments",
        "source": "OpenStreetMap",
        "sourceUrl": "https://www.openstreetmap.org/way/291269075",
        "tags": {
          "addr:city": "Catia La Mar",
          "addr:country": "VE",
          "addr:state": "VA",
          "building": "apartments",
          "height": "42",
          "name": "Edificio Carite"
        }
      }
    },
    {
      "type": "Feature",
      "geometry": {
        "type": "Point",
        "coordinates": [
          -67.0324155,
          10.6057349
        ]
      },
      "properties": {
        "id": "way/797209563",
        "osmType": "way",
        "osmId": 797209563,
        "name": "Edificio Contraloría",
        "category": "building",
        "kind": "building:office",
        "source": "OpenStreetMap",
        "sourceUrl": "https://www.openstreetmap.org/way/797209563",
        "tags": {
          "addr:city": "Catia La Mar",
          "addr:postcode": "1162",
          "addr:street": "Av. La Atlántida",
          "building": "office",
          "name": "Edificio Contraloría"
        }
      }
    },
    {
      "type": "Feature",
      "geometry": {
        "type": "Point",
        "coordinates": [
          -67.0304511,
          10.6040874
        ]
      },
      "properties": {
        "id": "way/797156376",
        "osmType": "way",
        "osmId": 797156376,
        "name": "Edificio Elena",
        "category": "building",
        "kind": "building:office",
        "source": "OpenStreetMap",
        "sourceUrl": "https://www.openstreetmap.org/way/797156376",
        "tags": {
          "addr:city": "Catia La Mar",
          "addr:postcode": "1162",
          "addr:street": "Av. La Atlántida",
          "building": "office",
          "building:levels": "2",
          "name": "Edificio Elena"
        }
      }
    },
    {
      "type": "Feature",
      "geometry": {
        "type": "Point",
        "coordinates": [
          -67.0242669,
          10.6034991
        ]
      },
      "properties": {
        "id": "way/375554828",
        "osmType": "way",
        "osmId": 375554828,
        "name": "Edificio Martinez Salas",
        "category": "building",
        "kind": "building:office",
        "source": "OpenStreetMap",
        "sourceUrl": "https://www.openstreetmap.org/way/375554828",
        "tags": {
          "addr:city": "Catia La Mar",
          "addr:country": "VE",
          "addr:postcode": "1162",
          "addr:state": "VA",
          "addr:street": "Las Angustias",
          "building": "office",
          "name": "Edificio Martinez Salas"
        }
      }
    },
    {
      "type": "Feature",
      "geometry": {
        "type": "Point",
        "coordinates": [
          -67.0193922,
          10.6004035
        ]
      },
      "properties": {
        "id": "way/438158413",
        "osmType": "way",
        "osmId": 438158413,
        "name": "Edificio Piar",
        "category": "building",
        "kind": "building:yes",
        "source": "OpenStreetMap",
        "sourceUrl": "https://www.openstreetmap.org/way/438158413",
        "tags": {
          "addr:city": "Catia La Mar",
          "addr:country": "VE",
          "addr:state": "VA",
          "addr:street": "Av. La Armada",
          "building": "yes",
          "building:levels": "7",
          "name": "Edificio Piar"
        }
      }
    },
    {
      "type": "Feature",
      "geometry": {
        "type": "Point",
        "coordinates": [
          -67.0281737,
          10.6038991
        ]
      },
      "properties": {
        "id": "way/375096537",
        "osmType": "way",
        "osmId": 375096537,
        "name": "Edificio Registro Público",
        "category": "building",
        "kind": "building:yes",
        "source": "OpenStreetMap",
        "sourceUrl": "https://www.openstreetmap.org/way/375096537",
        "tags": {
          "addr:city": "Catia La Mar",
          "addr:country": "VE",
          "addr:postcode": "1162",
          "addr:state": "VA",
          "addr:street": "Calle 12 de Catia La Mar",
          "building": "yes",
          "name": "Edificio Registro Público"
        }
      }
    },
    {
      "type": "Feature",
      "geometry": {
        "type": "Point",
        "coordinates": [
          -67.0195837,
          10.6115017
        ]
      },
      "properties": {
        "id": "way/364538400",
        "osmType": "way",
        "osmId": 364538400,
        "name": "Edificio Samanta",
        "category": "building",
        "kind": "building:apartments",
        "source": "OpenStreetMap",
        "sourceUrl": "https://www.openstreetmap.org/way/364538400",
        "tags": {
          "addr:city": "Catia La Mar",
          "addr:postcode": "1162",
          "addr:street": "Av. Principal de Playa Grande",
          "addr:suburb": "Playa Grande",
          "building": "apartments",
          "name": "Edificio Samanta"
        }
      }
    },
    {
      "type": "Feature",
      "geometry": {
        "type": "Point",
        "coordinates": [
          -67.0323142,
          10.6016396
        ]
      },
      "properties": {
        "id": "way/373908791",
        "osmType": "way",
        "osmId": 373908791,
        "name": "Edificio Santa María",
        "category": "building",
        "kind": "building:yes",
        "source": "OpenStreetMap",
        "sourceUrl": "https://www.openstreetmap.org/way/373908791",
        "tags": {
          "addr:city": "Catia La Mar",
          "addr:postcode": "1162",
          "addr:street": "Av. El Ejercito",
          "building": "yes",
          "name": "Edificio Santa María"
        }
      }
    },
    {
      "type": "Feature",
      "geometry": {
        "type": "Point",
        "coordinates": [
          -66.9766209,
          10.5983548
        ]
      },
      "properties": {
        "id": "way/1533109734",
        "osmType": "way",
        "osmId": 1533109734,
        "name": "El Trebol Distribuidora",
        "category": "building",
        "kind": "building:industrial",
        "source": "OpenStreetMap",
        "sourceUrl": "https://www.openstreetmap.org/way/1533109734",
        "tags": {
          "addr:city": "Catia La Mar",
          "addr:postcode": "1162",
          "addr:street": "Av. Soublette",
          "building": "industrial",
          "contact:facebook": "https://www.facebook.com/distribuidoraeltrebol/",
          "damage:assessment": "2026-06-26",
          "damage:event": "2026 Venezuelan earthquake",
          "email": "ventas@eltrebolcentral.com",
          "industrial": "distributor",
          "name": "El Trebol Distribuidora",
          "source:damage": "Vantor"
        }
      }
    },
    {
      "type": "Feature",
      "geometry": {
        "type": "Point",
        "coordinates": [
          -66.9768131,
          10.5983459
        ]
      },
      "properties": {
        "id": "way/1533109735",
        "osmType": "way",
        "osmId": 1533109735,
        "name": "El Trebol Distribuidora",
        "category": "building",
        "kind": "building:industrial",
        "source": "OpenStreetMap",
        "sourceUrl": "https://www.openstreetmap.org/way/1533109735",
        "tags": {
          "addr:city": "Catia La Mar",
          "addr:postcode": "1162",
          "addr:street": "Av. Soublette",
          "building": "industrial",
          "contact:facebook": "https://www.facebook.com/distribuidoraeltrebol/",
          "email": "ventas@eltrebolcentral.com",
          "industrial": "distributor",
          "name": "El Trebol Distribuidora"
        }
      }
    },
    {
      "type": "Feature",
      "geometry": {
        "type": "Point",
        "coordinates": [
          -67.0133808,
          10.5926106
        ]
      },
      "properties": {
        "id": "way/307093384",
        "osmType": "way",
        "osmId": 307093384,
        "name": "Escolanía",
        "category": "building",
        "kind": "building:school",
        "source": "OpenStreetMap",
        "sourceUrl": "https://www.openstreetmap.org/way/307093384",
        "tags": {
          "building": "school",
          "name": "Escolanía"
        }
      }
    },
    {
      "type": "Feature",
      "geometry": {
        "type": "Point",
        "coordinates": [
          -67.0198064,
          10.5941206
        ]
      },
      "properties": {
        "id": "way/1533424478",
        "osmType": "way",
        "osmId": 1533424478,
        "name": "Escuela Fe y Alegría",
        "category": "building",
        "kind": "building:school",
        "source": "OpenStreetMap",
        "sourceUrl": "https://www.openstreetmap.org/way/1533424478",
        "tags": {
          "addr:street": "Calle Real",
          "building": "school",
          "name": "Escuela Fe y Alegría"
        }
      }
    },
    {
      "type": "Feature",
      "geometry": {
        "type": "Point",
        "coordinates": [
          -67.0223204,
          10.6075493
        ]
      },
      "properties": {
        "id": "way/432826361",
        "osmType": "way",
        "osmId": 432826361,
        "name": "F1",
        "category": "building",
        "kind": "building:apartments",
        "source": "OpenStreetMap",
        "sourceUrl": "https://www.openstreetmap.org/way/432826361",
        "tags": {
          "building": "apartments",
          "building:colour": "lightgrey",
          "building:levels": "4",
          "name": "F1",
          "roof:colour": "grey"
        }
      }
    },
    {
      "type": "Feature",
      "geometry": {
        "type": "Point",
        "coordinates": [
          -67.0225649,
          10.6075261
        ]
      },
      "properties": {
        "id": "way/416833859",
        "osmType": "way",
        "osmId": 416833859,
        "name": "F2",
        "category": "building",
        "kind": "building:apartments",
        "source": "OpenStreetMap",
        "sourceUrl": "https://www.openstreetmap.org/way/416833859",
        "tags": {
          "building": "apartments",
          "building:colour": "lightgrey",
          "building:levels": "4",
          "name": "F2",
          "roof:colour": "grey"
        }
      }
    },
    {
      "type": "Feature",
      "geometry": {
        "type": "Point",
        "coordinates": [
          -67.0228201,
          10.6075276
        ]
      },
      "properties": {
        "id": "way/416833860",
        "osmType": "way",
        "osmId": 416833860,
        "name": "F3",
        "category": "building",
        "kind": "building:apartments",
        "source": "OpenStreetMap",
        "sourceUrl": "https://www.openstreetmap.org/way/416833860",
        "tags": {
          "building": "apartments",
          "building:colour": "lightgrey",
          "building:levels": "4",
          "name": "F3",
          "roof:colour": "grey"
        }
      }
    },
    {
      "type": "Feature",
      "geometry": {
        "type": "Point",
        "coordinates": [
          -67.0230683,
          10.6075465
        ]
      },
      "properties": {
        "id": "way/432825854",
        "osmType": "way",
        "osmId": 432825854,
        "name": "F4",
        "category": "building",
        "kind": "building:apartments",
        "source": "OpenStreetMap",
        "sourceUrl": "https://www.openstreetmap.org/way/432825854",
        "tags": {
          "building": "apartments",
          "building:colour": "lightgrey",
          "building:levels": "4",
          "name": "F4",
          "roof:colour": "grey"
        }
      }
    },
    {
      "type": "Feature",
      "geometry": {
        "type": "Point",
        "coordinates": [
          -67.0233416,
          10.60753
        ]
      },
      "properties": {
        "id": "way/416833861",
        "osmType": "way",
        "osmId": 416833861,
        "name": "F5",
        "category": "building",
        "kind": "building:apartments",
        "source": "OpenStreetMap",
        "sourceUrl": "https://www.openstreetmap.org/way/416833861",
        "tags": {
          "building": "apartments",
          "building:colour": "lightgrey",
          "building:levels": "4",
          "name": "F5",
          "roof:colour": "grey"
        }
      }
    },
    {
      "type": "Feature",
      "geometry": {
        "type": "Point",
        "coordinates": [
          -67.0236065,
          10.607534
        ]
      },
      "properties": {
        "id": "way/416833862",
        "osmType": "way",
        "osmId": 416833862,
        "name": "F6",
        "category": "building",
        "kind": "building:apartments",
        "source": "OpenStreetMap",
        "sourceUrl": "https://www.openstreetmap.org/way/416833862",
        "tags": {
          "building": "apartments",
          "building:colour": "lightgrey",
          "building:levels": "4",
          "name": "F6",
          "roof:colour": "grey"
        }
      }
    },
    {
      "type": "Feature",
      "geometry": {
        "type": "Point",
        "coordinates": [
          -67.0238651,
          10.6075308
        ]
      },
      "properties": {
        "id": "way/432825852",
        "osmType": "way",
        "osmId": 432825852,
        "name": "F7",
        "category": "building",
        "kind": "building:apartments",
        "source": "OpenStreetMap",
        "sourceUrl": "https://www.openstreetmap.org/way/432825852",
        "tags": {
          "building": "apartments",
          "building:colour": "lightgrey",
          "building:levels": "4",
          "name": "F7",
          "roof:colour": "grey"
        }
      }
    },
    {
      "type": "Feature",
      "geometry": {
        "type": "Point",
        "coordinates": [
          -67.024468,
          10.607542
        ]
      },
      "properties": {
        "id": "way/416830904",
        "osmType": "way",
        "osmId": 416830904,
        "name": "F9",
        "category": "building",
        "kind": "building:apartments",
        "source": "OpenStreetMap",
        "sourceUrl": "https://www.openstreetmap.org/way/416830904",
        "tags": {
          "building": "apartments",
          "building:colour": "lightgrey",
          "building:levels": "4",
          "name": "F9",
          "roof:colour": "grey"
        }
      }
    },
    {
      "type": "Feature",
      "geometry": {
        "type": "Point",
        "coordinates": [
          -67.0349143,
          10.6080694
        ]
      },
      "properties": {
        "id": "way/1533518370",
        "osmType": "way",
        "osmId": 1533518370,
        "name": "Feria de Hortalizas San Miguel Arcángel",
        "category": "building",
        "kind": "building:yes",
        "source": "OpenStreetMap",
        "sourceUrl": "https://www.openstreetmap.org/way/1533518370",
        "tags": {
          "building": "yes",
          "name": "Feria de Hortalizas San Miguel Arcángel"
        }
      }
    },
    {
      "type": "Feature",
      "geometry": {
        "type": "Point",
        "coordinates": [
          -67.0223132,
          10.6071733
        ]
      },
      "properties": {
        "id": "way/432826360",
        "osmType": "way",
        "osmId": 432826360,
        "name": "G1",
        "category": "building",
        "kind": "building:apartments",
        "source": "OpenStreetMap",
        "sourceUrl": "https://www.openstreetmap.org/way/432826360",
        "tags": {
          "building": "apartments",
          "building:colour": "lightgrey",
          "building:levels": "4",
          "name": "G1",
          "roof:colour": "grey"
        }
      }
    },
    {
      "type": "Feature",
      "geometry": {
        "type": "Point",
        "coordinates": [
          -67.0225713,
          10.6071977
        ]
      },
      "properties": {
        "id": "way/416833858",
        "osmType": "way",
        "osmId": 416833858,
        "name": "G2",
        "category": "building",
        "kind": "building:apartments",
        "source": "OpenStreetMap",
        "sourceUrl": "https://www.openstreetmap.org/way/416833858",
        "tags": {
          "building": "apartments",
          "building:colour": "lightgrey",
          "building:levels": "4",
          "name": "G2",
          "roof:colour": "grey"
        }
      }
    },
    {
      "type": "Feature",
      "geometry": {
        "type": "Point",
        "coordinates": [
          -67.0228246,
          10.6072004
        ]
      },
      "properties": {
        "id": "way/416833857",
        "osmType": "way",
        "osmId": 416833857,
        "name": "G3",
        "category": "building",
        "kind": "building:apartments",
        "source": "OpenStreetMap",
        "sourceUrl": "https://www.openstreetmap.org/way/416833857",
        "tags": {
          "building": "apartments",
          "building:colour": "lightgrey",
          "building:levels": "4",
          "name": "G3",
          "roof:colour": "grey"
        }
      }
    },
    {
      "type": "Feature",
      "geometry": {
        "type": "Point",
        "coordinates": [
          -67.0223181,
          10.6069328
        ]
      },
      "properties": {
        "id": "way/432826359",
        "osmType": "way",
        "osmId": 432826359,
        "name": "H1",
        "category": "building",
        "kind": "building:apartments",
        "source": "OpenStreetMap",
        "sourceUrl": "https://www.openstreetmap.org/way/432826359",
        "tags": {
          "building": "apartments",
          "building:colour": "lightgrey",
          "building:levels": "4",
          "name": "H1",
          "roof:colour": "grey"
        }
      }
    },
    {
      "type": "Feature",
      "geometry": {
        "type": "Point",
        "coordinates": [
          -67.0225716,
          10.6069107
        ]
      },
      "properties": {
        "id": "way/416833855",
        "osmType": "way",
        "osmId": 416833855,
        "name": "H2",
        "category": "building",
        "kind": "building:apartments",
        "source": "OpenStreetMap",
        "sourceUrl": "https://www.openstreetmap.org/way/416833855",
        "tags": {
          "building": "apartments",
          "building:colour": "lightgrey",
          "building:levels": "4",
          "name": "H2",
          "roof:colour": "grey"
        }
      }
    },
    {
      "type": "Feature",
      "geometry": {
        "type": "Point",
        "coordinates": [
          -67.0228278,
          10.6069193
        ]
      },
      "properties": {
        "id": "way/416833856",
        "osmType": "way",
        "osmId": 416833856,
        "name": "H3",
        "category": "building",
        "kind": "building:apartments",
        "source": "OpenStreetMap",
        "sourceUrl": "https://www.openstreetmap.org/way/416833856",
        "tags": {
          "building": "apartments",
          "building:colour": "lightgrey",
          "building:levels": "4",
          "name": "H3",
          "roof:colour": "grey"
        }
      }
    },
    {
      "type": "Feature",
      "geometry": {
        "type": "Point",
        "coordinates": [
          -67.0097835,
          10.6103099
        ]
      },
      "properties": {
        "id": "way/411884978",
        "osmType": "way",
        "osmId": 411884978,
        "name": "Hotel Miramar Suites",
        "category": "building",
        "kind": "building:hotel",
        "source": "OpenStreetMap",
        "sourceUrl": "https://www.openstreetmap.org/way/411884978",
        "tags": {
          "addr:city": "Catia La Mar",
          "addr:country": "VE",
          "addr:postcode": "1162",
          "addr:street": "Avenida Central de Playa Grande",
          "building": "hotel",
          "internet_access": "wlan",
          "level": "10",
          "name": "Hotel Miramar Suites",
          "phone": "+58 212-3522414",
          "smoking": "no",
          "website": "https://www.hotelmiramarsuites.com/"
        }
      }
    },
    {
      "type": "Feature",
      "geometry": {
        "type": "Point",
        "coordinates": [
          -66.9826856,
          10.5964271
        ]
      },
      "properties": {
        "id": "way/438172182",
        "osmType": "way",
        "osmId": 438172182,
        "name": "Iglesia Santísima Trinidad",
        "category": "building",
        "kind": "building:church",
        "source": "OpenStreetMap",
        "sourceUrl": "https://www.openstreetmap.org/way/438172182",
        "tags": {
          "addr:city": "Catia La Mar",
          "addr:neighbourhood": "Urb. La Aviación",
          "addr:postcode": "1162",
          "addr:street": "Av. La Armada",
          "alt_name": "Iglesia de la Aviación",
          "building": "church",
          "building:levels": "2",
          "denomination": "roman_catholic",
          "diocese": "La Guaira",
          "name": "Iglesia Santísima Trinidad",
          "religion": "christian"
        }
      }
    },
    {
      "type": "Feature",
      "geometry": {
        "type": "Point",
        "coordinates": [
          -67.0230721,
          10.6062362
        ]
      },
      "properties": {
        "id": "way/432825841",
        "osmType": "way",
        "osmId": 432825841,
        "name": "J4",
        "category": "building",
        "kind": "building:apartments",
        "source": "OpenStreetMap",
        "sourceUrl": "https://www.openstreetmap.org/way/432825841",
        "tags": {
          "building": "apartments",
          "building:colour": "lightgrey",
          "building:levels": "4",
          "name": "J4",
          "roof:colour": "grey"
        }
      }
    },
    {
      "type": "Feature",
      "geometry": {
        "type": "Point",
        "coordinates": [
          -67.0348589,
          10.6078406
        ]
      },
      "properties": {
        "id": "way/1533518371",
        "osmType": "way",
        "osmId": 1533518371,
        "name": "Jac Market",
        "category": "building",
        "kind": "building:yes",
        "source": "OpenStreetMap",
        "sourceUrl": "https://www.openstreetmap.org/way/1533518371",
        "tags": {
          "building": "yes",
          "name": "Jac Market"
        }
      }
    },
    {
      "type": "Feature",
      "geometry": {
        "type": "Point",
        "coordinates": [
          -67.0246987,
          10.6058953
        ]
      },
      "properties": {
        "id": "way/416830917",
        "osmType": "way",
        "osmId": 416830917,
        "name": "K10",
        "category": "building",
        "kind": "building:apartments",
        "source": "OpenStreetMap",
        "sourceUrl": "https://www.openstreetmap.org/way/416830917",
        "tags": {
          "building": "apartments",
          "building:colour": "lightgrey",
          "building:levels": "4",
          "name": "K10",
          "roof:colour": "grey"
        }
      }
    },
    {
      "type": "Feature",
      "geometry": {
        "type": "Point",
        "coordinates": [
          -67.0249569,
          10.6058762
        ]
      },
      "properties": {
        "id": "way/432825849",
        "osmType": "way",
        "osmId": 432825849,
        "name": "K11",
        "category": "building",
        "kind": "building:apartments",
        "source": "OpenStreetMap",
        "sourceUrl": "https://www.openstreetmap.org/way/432825849",
        "tags": {
          "building": "apartments",
          "building:colour": "lightgrey",
          "building:levels": "4",
          "name": "K11",
          "roof:colour": "grey"
        }
      }
    },
    {
      "type": "Feature",
      "geometry": {
        "type": "Point",
        "coordinates": [
          -67.0244431,
          10.6058945
        ]
      },
      "properties": {
        "id": "way/416830916",
        "osmType": "way",
        "osmId": 416830916,
        "name": "K9",
        "category": "building",
        "kind": "building:apartments",
        "source": "OpenStreetMap",
        "sourceUrl": "https://www.openstreetmap.org/way/416830916",
        "tags": {
          "building": "apartments",
          "building:colour": "lightgrey",
          "building:levels": "4",
          "name": "K9",
          "roof:colour": "grey"
        }
      }
    },
    {
      "type": "Feature",
      "geometry": {
        "type": "Point",
        "coordinates": [
          -67.0253514,
          10.6056513
        ]
      },
      "properties": {
        "id": "way/432825837",
        "osmType": "way",
        "osmId": 432825837,
        "name": "L-12",
        "category": "building",
        "kind": "building:apartments",
        "source": "OpenStreetMap",
        "sourceUrl": "https://www.openstreetmap.org/way/432825837",
        "tags": {
          "building": "apartments",
          "building:colour": "lightgrey",
          "building:levels": "4",
          "name": "L-12",
          "roof:colour": "grey"
        }
      }
    },
    {
      "type": "Feature",
      "geometry": {
        "type": "Point",
        "coordinates": [
          -67.025597,
          10.605631
        ]
      },
      "properties": {
        "id": "way/416833825",
        "osmType": "way",
        "osmId": 416833825,
        "name": "L-13",
        "category": "building",
        "kind": "building:apartments",
        "source": "OpenStreetMap",
        "sourceUrl": "https://www.openstreetmap.org/way/416833825",
        "tags": {
          "building": "apartments",
          "building:colour": "lightgrey",
          "building:levels": "4",
          "name": "L-13",
          "roof:colour": "grey"
        }
      }
    },
    {
      "type": "Feature",
      "geometry": {
        "type": "Point",
        "coordinates": [
          -67.0258352,
          10.60563
        ]
      },
      "properties": {
        "id": "way/416833823",
        "osmType": "way",
        "osmId": 416833823,
        "name": "L-14",
        "category": "building",
        "kind": "building:apartments",
        "source": "OpenStreetMap",
        "sourceUrl": "https://www.openstreetmap.org/way/416833823",
        "tags": {
          "building": "apartments",
          "building:colour": "lightgrey",
          "building:levels": "4",
          "name": "L-14",
          "roof:colour": "grey"
        }
      }
    },
    {
      "type": "Feature",
      "geometry": {
        "type": "Point",
        "coordinates": [
          -67.0260785,
          10.605652
        ]
      },
      "properties": {
        "id": "way/432825835",
        "osmType": "way",
        "osmId": 432825835,
        "name": "L-15",
        "category": "building",
        "kind": "building:apartments",
        "source": "OpenStreetMap",
        "sourceUrl": "https://www.openstreetmap.org/way/432825835",
        "tags": {
          "building": "apartments",
          "building:colour": "lightgrey",
          "building:levels": "4",
          "name": "L-15",
          "roof:colour": "grey"
        }
      }
    },
    {
      "type": "Feature",
      "geometry": {
        "type": "Point",
        "coordinates": [
          -67.0247079,
          10.6056125
        ]
      },
      "properties": {
        "id": "way/416830918",
        "osmType": "way",
        "osmId": 416830918,
        "name": "L10",
        "category": "building",
        "kind": "building:apartments",
        "source": "OpenStreetMap",
        "sourceUrl": "https://www.openstreetmap.org/way/416830918",
        "tags": {
          "building": "apartments",
          "building:colour": "lightgrey",
          "building:levels": "4",
          "name": "L10",
          "roof:colour": "grey"
        }
      }
    },
    {
      "type": "Feature",
      "geometry": {
        "type": "Point",
        "coordinates": [
          -67.0249686,
          10.6056276
        ]
      },
      "properties": {
        "id": "way/432825850",
        "osmType": "way",
        "osmId": 432825850,
        "name": "L11",
        "category": "building",
        "kind": "building:apartments",
        "source": "OpenStreetMap",
        "sourceUrl": "https://www.openstreetmap.org/way/432825850",
        "tags": {
          "building": "apartments",
          "building:colour": "lightgrey",
          "building:levels": "4",
          "name": "L11",
          "roof:colour": "grey"
        }
      }
    },
    {
      "type": "Feature",
      "geometry": {
        "type": "Point",
        "coordinates": [
          -67.0244494,
          10.6056125
        ]
      },
      "properties": {
        "id": "way/416830919",
        "osmType": "way",
        "osmId": 416830919,
        "name": "L9",
        "category": "building",
        "kind": "building:apartments",
        "source": "OpenStreetMap",
        "sourceUrl": "https://www.openstreetmap.org/way/416830919",
        "tags": {
          "building": "apartments",
          "building:colour": "lightgrey",
          "building:levels": "4",
          "name": "L9",
          "roof:colour": "grey"
        }
      }
    },
    {
      "type": "Feature",
      "geometry": {
        "type": "Point",
        "coordinates": [
          -67.0263297,
          10.6101436
        ]
      },
      "properties": {
        "id": "way/364538401",
        "osmType": "way",
        "osmId": 364538401,
        "name": "La Riviera",
        "category": "building",
        "kind": "building:apartments",
        "source": "OpenStreetMap",
        "sourceUrl": "https://www.openstreetmap.org/way/364538401",
        "tags": {
          "addr:city": "Catia La Mar",
          "addr:postcode": "1162",
          "addr:street": "Av. Principal de Playa Grande",
          "building": "apartments",
          "building:levels": "18",
          "height": "54",
          "name": "La Riviera"
        }
      }
    },
    {
      "type": "Feature",
      "geometry": {
        "type": "Point",
        "coordinates": [
          -67.0183642,
          10.5941644
        ]
      },
      "properties": {
        "id": "way/309982859",
        "osmType": "way",
        "osmId": 309982859,
        "name": "Lavanderia Feval",
        "category": "building",
        "kind": "building:industrial",
        "source": "OpenStreetMap",
        "sourceUrl": "https://www.openstreetmap.org/way/309982859",
        "tags": {
          "addr:city": "Parroquia Catia la Mar",
          "addr:street": "Calle Real",
          "building": "industrial",
          "name": "Lavanderia Feval"
        }
      }
    },
    {
      "type": "Feature",
      "geometry": {
        "type": "Point",
        "coordinates": [
          -67.0149243,
          10.6086574
        ]
      },
      "properties": {
        "id": "way/435563499",
        "osmType": "way",
        "osmId": 435563499,
        "name": "Los Monjes",
        "category": "building",
        "kind": "building:apartments",
        "source": "OpenStreetMap",
        "sourceUrl": "https://www.openstreetmap.org/way/435563499",
        "tags": {
          "addr:city": "Playa Grande",
          "addr:street": "Calle 3",
          "building": "apartments",
          "building:levels": "9",
          "name": "Los Monjes"
        }
      }
    },
    {
      "type": "Feature",
      "geometry": {
        "type": "Point",
        "coordinates": [
          -67.034827,
          10.5937914
        ]
      },
      "properties": {
        "id": "way/1533628218",
        "osmType": "way",
        "osmId": 1533628218,
        "name": "MAPEO DE CONSTRUCCION",
        "category": "building",
        "kind": "building:yes",
        "source": "OpenStreetMap",
        "sourceUrl": "https://www.openstreetmap.org/way/1533628218",
        "tags": {
          "building": "yes",
          "name": "MAPEO DE CONSTRUCCION"
        }
      }
    },
    {
      "type": "Feature",
      "geometry": {
        "type": "Point",
        "coordinates": [
          -67.0347635,
          10.5934397
        ]
      },
      "properties": {
        "id": "way/1533628911",
        "osmType": "way",
        "osmId": 1533628911,
        "name": "MAPEO DE CONSTRUCCION",
        "category": "building",
        "kind": "building:yes",
        "source": "OpenStreetMap",
        "sourceUrl": "https://www.openstreetmap.org/way/1533628911",
        "tags": {
          "building": "yes",
          "name": "MAPEO DE CONSTRUCCION"
        }
      }
    },
    {
      "type": "Feature",
      "geometry": {
        "type": "Point",
        "coordinates": [
          -67.0348906,
          10.593241
        ]
      },
      "properties": {
        "id": "way/1533627129",
        "osmType": "way",
        "osmId": 1533627129,
        "name": "mapeo de construcciones",
        "category": "building",
        "kind": "building:yes",
        "source": "OpenStreetMap",
        "sourceUrl": "https://www.openstreetmap.org/way/1533627129",
        "tags": {
          "building": "yes",
          "name": "mapeo de construcciones"
        }
      }
    },
    {
      "type": "Feature",
      "geometry": {
        "type": "Point",
        "coordinates": [
          -67.0351235,
          10.5932939
        ]
      },
      "properties": {
        "id": "way/1533629462",
        "osmType": "way",
        "osmId": 1533629462,
        "name": "MAPEO DE CONSTRUCCIONES",
        "category": "building",
        "kind": "building:yes",
        "source": "OpenStreetMap",
        "sourceUrl": "https://www.openstreetmap.org/way/1533629462",
        "tags": {
          "building": "yes",
          "name": "MAPEO DE CONSTRUCCIONES"
        }
      }
    },
    {
      "type": "Feature",
      "geometry": {
        "type": "Point",
        "coordinates": [
          -67.0114843,
          10.6116562
        ]
      },
      "properties": {
        "id": "way/291269091",
        "osmType": "way",
        "osmId": 291269091,
        "name": "Marina Mar I",
        "category": "building",
        "kind": "building:residential",
        "source": "OpenStreetMap",
        "sourceUrl": "https://www.openstreetmap.org/way/291269091",
        "tags": {
          "addr:city": "Catia La Mar",
          "addr:street": "Avenida La Playa",
          "building": "residential",
          "name": "Marina Mar I"
        }
      }
    },
    {
      "type": "Feature",
      "geometry": {
        "type": "Point",
        "coordinates": [
          -66.9809487,
          10.5980801
        ]
      },
      "properties": {
        "id": "way/248452711",
        "osmType": "way",
        "osmId": 248452711,
        "name": "MTC",
        "category": "building",
        "kind": "building:yes",
        "source": "OpenStreetMap",
        "sourceUrl": "https://www.openstreetmap.org/way/248452711",
        "tags": {
          "building": "yes",
          "name": "MTC"
        }
      }
    },
    {
      "type": "Feature",
      "geometry": {
        "type": "Point",
        "coordinates": [
          -67.036142,
          10.5852717
        ]
      },
      "properties": {
        "id": "way/503357998",
        "osmType": "way",
        "osmId": 503357998,
        "name": "Oblatos de la Inmaculada",
        "category": "building",
        "kind": "building:yes",
        "source": "OpenStreetMap",
        "sourceUrl": "https://www.openstreetmap.org/way/503357998",
        "tags": {
          "addr:city": "Catia La Mar",
          "addr:place": "La Roraima",
          "addr:state": "Vargas",
          "building": "yes",
          "building:levels": "2",
          "denomination": "roman_catholic",
          "name": "Oblatos de la Inmaculada",
          "religion": "christian"
        }
      }
    },
    {
      "type": "Feature",
      "geometry": {
        "type": "Point",
        "coordinates": [
          -66.9892923,
          10.5969515
        ]
      },
      "properties": {
        "id": "way/248412748",
        "osmType": "way",
        "osmId": 248412748,
        "name": "Oficina Administrativa de Conviasa",
        "category": "building",
        "kind": "building:yes",
        "source": "OpenStreetMap",
        "sourceUrl": "https://www.openstreetmap.org/way/248412748",
        "tags": {
          "building": "yes",
          "name": "Oficina Administrativa de Conviasa"
        }
      }
    },
    {
      "type": "Feature",
      "geometry": {
        "type": "Point",
        "coordinates": [
          -67.0137197,
          10.6093773
        ]
      },
      "properties": {
        "id": "way/1532802691",
        "osmType": "way",
        "osmId": 1532802691,
        "name": "Panadería La Almendrina Deli",
        "category": "building",
        "kind": "building:yes",
        "source": "OpenStreetMap",
        "sourceUrl": "https://www.openstreetmap.org/way/1532802691",
        "tags": {
          "building": "yes",
          "damage:date": "2026-06-24",
          "damage:event": "2026 Venezuelan earthquake",
          "damage:event:wikidata": "Q140352499",
          "damage:type": "earthquake",
          "destroyed:building": "yes",
          "name": "Panadería La Almendrina Deli"
        }
      }
    },
    {
      "type": "Feature",
      "geometry": {
        "type": "Point",
        "coordinates": [
          -67.0221991,
          10.6131318
        ]
      },
      "properties": {
        "id": "way/291269158",
        "osmType": "way",
        "osmId": 291269158,
        "name": "Playa Mar",
        "category": "building",
        "kind": "building:residential",
        "source": "OpenStreetMap",
        "sourceUrl": "https://www.openstreetmap.org/way/291269158",
        "tags": {
          "addr:city": "Catia La Mar",
          "addr:country": "VE",
          "addr:postcode": "1162",
          "addr:state": "VA",
          "addr:street": "Calle Real de Playa Verde",
          "addr:suburb": "Playa Verde",
          "building": "residential",
          "name": "Playa Mar"
        }
      }
    },
    {
      "type": "Feature",
      "geometry": {
        "type": "Point",
        "coordinates": [
          -67.0218194,
          10.613094
        ]
      },
      "properties": {
        "id": "way/1533933268",
        "osmType": "way",
        "osmId": 1533933268,
        "name": "Playa Mar",
        "category": "building",
        "kind": "building:residential",
        "source": "OpenStreetMap",
        "sourceUrl": "https://www.openstreetmap.org/way/1533933268",
        "tags": {
          "addr:city": "Catia La Mar",
          "addr:country": "VE",
          "addr:postcode": "1162",
          "addr:state": "VA",
          "addr:street": "Calle Real de Playa Verde",
          "addr:suburb": "Playa Verde",
          "building": "residential",
          "name": "Playa Mar"
        }
      }
    },
    {
      "type": "Feature",
      "geometry": {
        "type": "Point",
        "coordinates": [
          -67.0317174,
          10.6072629
        ]
      },
      "properties": {
        "id": "way/291269059",
        "osmType": "way",
        "osmId": 291269059,
        "name": "Pulecar Express",
        "category": "building",
        "kind": "building:industrial",
        "source": "OpenStreetMap",
        "sourceUrl": "https://www.openstreetmap.org/way/291269059",
        "tags": {
          "addr:city": "Catia La Mar",
          "addr:country": "VE",
          "addr:state": "VA",
          "addr:street": "Calle Tacagua",
          "building": "industrial",
          "email": "pulecarexpress@hotmail.com",
          "name": "Pulecar Express",
          "phone": "+58 212-3522587",
          "phone:1": "+58 212-3512051",
          "phone:2": "+58 212-3513476"
        }
      }
    },
    {
      "type": "Feature",
      "geometry": {
        "type": "Point",
        "coordinates": [
          -67.033437,
          10.6008614
        ]
      },
      "properties": {
        "id": "way/1533920289",
        "osmType": "way",
        "osmId": 1533920289,
        "name": "PVDAL",
        "category": "building",
        "kind": "building:yes",
        "source": "OpenStreetMap",
        "sourceUrl": "https://www.openstreetmap.org/way/1533920289",
        "tags": {
          "building": "yes",
          "name": "PVDAL"
        }
      }
    },
    {
      "type": "Feature",
      "geometry": {
        "type": "Point",
        "coordinates": [
          -67.033707,
          10.6008943
        ]
      },
      "properties": {
        "id": "way/1534904478",
        "osmType": "way",
        "osmId": 1534904478,
        "name": "PVDAL",
        "category": "building",
        "kind": "building:yes",
        "source": "OpenStreetMap",
        "sourceUrl": "https://www.openstreetmap.org/way/1534904478",
        "tags": {
          "building": "yes",
          "name": "PVDAL"
        }
      }
    },
    {
      "type": "Feature",
      "geometry": {
        "type": "Point",
        "coordinates": [
          -67.0316847,
          10.6057902
        ]
      },
      "properties": {
        "id": "way/781671704",
        "osmType": "way",
        "osmId": 781671704,
        "name": "Quinta Hucarimar",
        "category": "building",
        "kind": "building:house",
        "source": "OpenStreetMap",
        "sourceUrl": "https://www.openstreetmap.org/way/781671704",
        "tags": {
          "addr:city": "Catia La Mar",
          "addr:postcode": "1162",
          "addr:street": "Av. La Atlántida",
          "building": "house",
          "name": "Quinta Hucarimar"
        }
      }
    },
    {
      "type": "Feature",
      "geometry": {
        "type": "Point",
        "coordinates": [
          -67.0178279,
          10.6111765
        ]
      },
      "properties": {
        "id": "way/291269139",
        "osmType": "way",
        "osmId": 291269139,
        "name": "Residencia Aguja Azul",
        "category": "building",
        "kind": "building:yes",
        "source": "OpenStreetMap",
        "sourceUrl": "https://www.openstreetmap.org/way/291269139",
        "tags": {
          "addr:city": "Catia La Mar",
          "addr:country": "VE",
          "addr:state": "VA",
          "building": "yes",
          "building:levels": "9",
          "damage:date": "2026-06-24",
          "damage:event": "2026 Venezuelan earthquake",
          "damage:event:wikidata": "Q140352499",
          "damage:type": "earthquake",
          "destroyed:building": "yes",
          "height": "27",
          "name": "Residencia Aguja Azul"
        }
      }
    },
    {
      "type": "Feature",
      "geometry": {
        "type": "Point",
        "coordinates": [
          -67.0082681,
          10.6104166
        ]
      },
      "properties": {
        "id": "way/1006820315",
        "osmType": "way",
        "osmId": 1006820315,
        "name": "Residencial El Jurel",
        "category": "building",
        "kind": "building:apartments",
        "source": "OpenStreetMap",
        "sourceUrl": "https://www.openstreetmap.org/way/1006820315",
        "tags": {
          "addr:city": "Catia La Mar",
          "addr:country": "VE",
          "addr:state": "VA",
          "building": "apartments",
          "building:levels": "13",
          "destroyed:building": "yes",
          "height": "39",
          "image": "https://photos.app.goo.gl/rACNJZPLxr3ZWv6e7",
          "min_height": "0",
          "name": "Residencial El Jurel"
        }
      }
    },
    {
      "type": "Feature",
      "geometry": {
        "type": "Point",
        "coordinates": [
          -67.0162861,
          10.6097267
        ]
      },
      "properties": {
        "id": "way/291269189",
        "osmType": "way",
        "osmId": 291269189,
        "name": "Residencias Alamar",
        "category": "building",
        "kind": "building:apartments",
        "source": "OpenStreetMap",
        "sourceUrl": "https://www.openstreetmap.org/way/291269189",
        "tags": {
          "addr:city": "Catia La Mar",
          "addr:country": "VE",
          "addr:state": "VA",
          "building": "apartments",
          "building:levels": "11",
          "damage:date": "2026-06-24",
          "damage:event": "2026 Venezuelan earthquake",
          "damage:event:wikidata": "Q140352499",
          "damage:type": "earthquake",
          "destroyed:building": "yes",
          "height": "4",
          "min_height": "0",
          "name": "Residencias Alamar"
        }
      }
    },
    {
      "type": "Feature",
      "geometry": {
        "type": "Point",
        "coordinates": [
          -67.0140861,
          10.6088983
        ]
      },
      "properties": {
        "id": "way/1532471717",
        "osmType": "way",
        "osmId": 1532471717,
        "name": "Residencias Albacora",
        "category": "building",
        "kind": "building:apartments",
        "source": "OpenStreetMap",
        "sourceUrl": "https://www.openstreetmap.org/way/1532471717",
        "tags": {
          "addr:city": "Playa Grande",
          "addr:country": "VE",
          "building": "apartments",
          "building:levels": "7",
          "height": "21",
          "min_height": "0",
          "name": "Residencias Albacora"
        }
      }
    },
    {
      "type": "Feature",
      "geometry": {
        "type": "Point",
        "coordinates": [
          -67.0110662,
          10.6095332
        ]
      },
      "properties": {
        "id": "way/291269141",
        "osmType": "way",
        "osmId": 291269141,
        "name": "Residencias Alto Mar",
        "category": "building",
        "kind": "building:apartments",
        "source": "OpenStreetMap",
        "sourceUrl": "https://www.openstreetmap.org/way/291269141",
        "tags": {
          "addr:city": "Playa Grande",
          "addr:street": "Calle 2",
          "building": "apartments",
          "building:levels": "8",
          "height": "24",
          "min_height": "0",
          "name": "Residencias Alto Mar"
        }
      }
    },
    {
      "type": "Feature",
      "geometry": {
        "type": "Point",
        "coordinates": [
          -67.0176582,
          10.610287
        ]
      },
      "properties": {
        "id": "way/291269128",
        "osmType": "way",
        "osmId": 291269128,
        "name": "Residencias Anna Mar",
        "category": "building",
        "kind": "building:yes",
        "source": "OpenStreetMap",
        "sourceUrl": "https://www.openstreetmap.org/way/291269128",
        "tags": {
          "addr:city": "Catia La Mar",
          "addr:country": "VE",
          "addr:state": "VA",
          "addr:street": "Calle El Hotel",
          "building": "yes",
          "building:levels": "10",
          "damage:date": "2026-06-24",
          "damage:event": "2026 Venezuelan earthquake",
          "damage:event:wikidata": "Q140352499",
          "damage:type": "earthquake",
          "destroyed:building": "yes",
          "height": "30",
          "name": "Residencias Anna Mar"
        }
      }
    },
    {
      "type": "Feature",
      "geometry": {
        "type": "Point",
        "coordinates": [
          -67.0316845,
          10.6085844
        ]
      },
      "properties": {
        "id": "way/1533556709",
        "osmType": "way",
        "osmId": 1533556709,
        "name": "Residencias Atlántida",
        "category": "building",
        "kind": "building:yes",
        "source": "OpenStreetMap",
        "sourceUrl": "https://www.openstreetmap.org/way/1533556709",
        "tags": {
          "building": "yes",
          "name": "Residencias Atlántida"
        }
      }
    },
    {
      "type": "Feature",
      "geometry": {
        "type": "Point",
        "coordinates": [
          -67.0102834,
          10.6110608
        ]
      },
      "properties": {
        "id": "way/291269164",
        "osmType": "way",
        "osmId": 291269164,
        "name": "Residencias Cumanagoto",
        "category": "building",
        "kind": "building:residential",
        "source": "OpenStreetMap",
        "sourceUrl": "https://www.openstreetmap.org/way/291269164",
        "tags": {
          "addr:city": "Playa Grabde",
          "building": "residential",
          "image": "https://photos.app.goo.gl/Lidk2ohL9ea9vtdG7",
          "name": "Residencias Cumanagoto"
        }
      }
    },
    {
      "type": "Feature",
      "geometry": {
        "type": "Point",
        "coordinates": [
          -67.019995,
          10.6097291
        ]
      },
      "properties": {
        "id": "way/291269154",
        "osmType": "way",
        "osmId": 291269154,
        "name": "Residencias Dictis",
        "category": "building",
        "kind": "building:residential",
        "source": "OpenStreetMap",
        "sourceUrl": "https://www.openstreetmap.org/way/291269154",
        "tags": {
          "addr:city": "Playa Grande",
          "building": "residential",
          "name": "Residencias Dictis"
        }
      }
    },
    {
      "type": "Feature",
      "geometry": {
        "type": "Point",
        "coordinates": [
          -67.0161777,
          10.6087065
        ]
      },
      "properties": {
        "id": "way/291269145",
        "osmType": "way",
        "osmId": 291269145,
        "name": "Residencias Dorado",
        "category": "building",
        "kind": "building:apartments",
        "source": "OpenStreetMap",
        "sourceUrl": "https://www.openstreetmap.org/way/291269145",
        "tags": {
          "addr:city": "Catia La Mar",
          "addr:country": "VE",
          "addr:state": "VA",
          "addr:street": "Calle 4",
          "building": "apartments",
          "building:levels": "8",
          "damage:date": "2026-06-24",
          "damage:event": "2026 Venezuelan earthquake",
          "damage:event:wikidata": "Q140352499",
          "damage:type": "earthquake",
          "destroyed:building": "yes",
          "fixme": "Buscar el nombre de este edificio",
          "height": "24",
          "name": "Residencias Dorado"
        }
      }
    },
    {
      "type": "Feature",
      "geometry": {
        "type": "Point",
        "coordinates": [
          -67.0187246,
          10.6111811
        ]
      },
      "properties": {
        "id": "way/291269124",
        "osmType": "way",
        "osmId": 291269124,
        "name": "Residencias El Mástil",
        "category": "building",
        "kind": "building:apartments",
        "source": "OpenStreetMap",
        "sourceUrl": "https://www.openstreetmap.org/way/291269124",
        "tags": {
          "addr:city": "Catia La Mar",
          "addr:postcode": "1162",
          "addr:street": "Av. Principal de Playa Grande",
          "building": "apartments",
          "building:levels": "5",
          "damage:date": "2026-06-24",
          "damage:event": "2026 Venezuelan earthquake",
          "damage:event:wikidata": "Q140352499",
          "height": "15",
          "min_height": "0",
          "name": "Residencias El Mástil",
          "ruins:building": "yes"
        }
      }
    },
    {
      "type": "Feature",
      "geometry": {
        "type": "Point",
        "coordinates": [
          -67.0147972,
          10.6090566
        ]
      },
      "properties": {
        "id": "way/291269125",
        "osmType": "way",
        "osmId": 291269125,
        "name": "Residencias Kamatay",
        "category": "building",
        "kind": "building:residential",
        "source": "OpenStreetMap",
        "sourceUrl": "https://www.openstreetmap.org/way/291269125",
        "tags": {
          "addr:city": "Playa Grande",
          "addr:street": "Calle 3",
          "building": "residential",
          "name": "Residencias Kamatay"
        }
      }
    },
    {
      "type": "Feature",
      "geometry": {
        "type": "Point",
        "coordinates": [
          -67.0187584,
          10.6104977
        ]
      },
      "properties": {
        "id": "way/291269119",
        "osmType": "way",
        "osmId": 291269119,
        "name": "Residencias La Trinidad",
        "category": "building",
        "kind": "building:apartments",
        "source": "OpenStreetMap",
        "sourceUrl": "https://www.openstreetmap.org/way/291269119",
        "tags": {
          "addr:city": "Playa Grande",
          "addr:postcode": "1162",
          "addr:street": "Calle 6",
          "building": "apartments",
          "building:levels": "12",
          "damage:date": "2026-06-24",
          "damage:event": "2026 Venezuelan earthquake",
          "damage:event:wikidata": "Q140352499",
          "damage:type": "earthquake",
          "destroyed:building": "yes",
          "height": "6",
          "min_height": "0",
          "name": "Residencias La Trinidad"
        }
      }
    },
    {
      "type": "Feature",
      "geometry": {
        "type": "Point",
        "coordinates": [
          -67.010589,
          10.6087609
        ]
      },
      "properties": {
        "id": "way/1533360378",
        "osmType": "way",
        "osmId": 1533360378,
        "name": "Residencias Las Aves",
        "category": "building",
        "kind": "building:apartments",
        "source": "OpenStreetMap",
        "sourceUrl": "https://www.openstreetmap.org/way/1533360378",
        "tags": {
          "addr:country": "VE",
          "building": "apartments",
          "building:levels": "6",
          "damage:date": "2026-06-24",
          "damage:event": "2026 Venezuelan earthquake",
          "damage:event:wikidata": "Q140352499",
          "damage:type": "earthquake",
          "height": "18",
          "min_height": "0",
          "name": "Residencias Las Aves",
          "ruins:building": "yes"
        }
      }
    },
    {
      "type": "Feature",
      "geometry": {
        "type": "Point",
        "coordinates": [
          -67.0129103,
          10.6109182
        ]
      },
      "properties": {
        "id": "way/291269060",
        "osmType": "way",
        "osmId": 291269060,
        "name": "Residencias Los Bucares",
        "category": "building",
        "kind": "building:apartments",
        "source": "OpenStreetMap",
        "sourceUrl": "https://www.openstreetmap.org/way/291269060",
        "tags": {
          "addr:city": "Catia La Mar",
          "addr:country": "VE",
          "addr:postcode": "1162",
          "addr:state": "VA",
          "building": "apartments",
          "building:levels": "10",
          "damage:date": "2026-06-24",
          "damage:event": "2026 Venezuelan earthquake",
          "damage:event:wikidata": "Q140352499",
          "damage:type": "earthquake",
          "destroyed:building": "yes",
          "height": "30",
          "name": "Residencias Los Bucares"
        }
      }
    },
    {
      "type": "Feature",
      "geometry": {
        "type": "Point",
        "coordinates": [
          -67.0131826,
          10.6107224
        ]
      },
      "properties": {
        "id": "way/291269170",
        "osmType": "way",
        "osmId": 291269170,
        "name": "Residencias Los Vikingos",
        "category": "building",
        "kind": "building:residential",
        "source": "OpenStreetMap",
        "sourceUrl": "https://www.openstreetmap.org/way/291269170",
        "tags": {
          "building": "residential",
          "name": "Residencias Los Vikingos"
        }
      }
    },
    {
      "type": "Feature",
      "geometry": {
        "type": "Point",
        "coordinates": [
          -67.0113879,
          10.6099136
        ]
      },
      "properties": {
        "id": "way/291269104",
        "osmType": "way",
        "osmId": 291269104,
        "name": "Residencias Mar Azul",
        "category": "building",
        "kind": "building:apartments",
        "source": "OpenStreetMap",
        "sourceUrl": "https://www.openstreetmap.org/way/291269104",
        "tags": {
          "addr:city": "Playa Grande",
          "addr:country": "VE",
          "building": "apartments",
          "building:levels": "13",
          "height": "39",
          "min_height": "0",
          "name": "Residencias Mar Azul"
        }
      }
    },
    {
      "type": "Feature",
      "geometry": {
        "type": "Point",
        "coordinates": [
          -67.0126157,
          10.6107477
        ]
      },
      "properties": {
        "id": "way/291269081",
        "osmType": "way",
        "osmId": 291269081,
        "name": "Residencias Marena",
        "category": "building",
        "kind": "building:apartments",
        "source": "OpenStreetMap",
        "sourceUrl": "https://www.openstreetmap.org/way/291269081",
        "tags": {
          "addr:city": "Catia La Mar",
          "addr:country": "VE",
          "addr:postcode": "1162",
          "addr:state": "VA",
          "addr:street": "Calle 2",
          "addr:suburb": "Playa Grande",
          "building": "apartments",
          "building:levels": "10",
          "damage:date": "2026-06-24",
          "damage:event": "2026 Venezuelan earthquake",
          "damage:event:wikidata": "Q140352499",
          "damage:type": "earthquake",
          "destroyed:building": "yes",
          "height": "30",
          "name": "Residencias Marena"
        }
      }
    },
    {
      "type": "Feature",
      "geometry": {
        "type": "Point",
        "coordinates": [
          -67.0114664,
          10.6105041
        ]
      },
      "properties": {
        "id": "way/291269108",
        "osmType": "way",
        "osmId": 291269108,
        "name": "Residencias Oasis Beach",
        "category": "building",
        "kind": "building:yes",
        "source": "OpenStreetMap",
        "sourceUrl": "https://www.openstreetmap.org/way/291269108",
        "tags": {
          "addr:city": "Catia La Mar",
          "addr:country": "VE",
          "addr:state": "VA",
          "building": "yes",
          "damage:date": "2026-06-24",
          "damage:event": "2026 Venezuelan earthquake",
          "damage:event:wikidata": "Q140352499",
          "damage:type": "earthquake",
          "destroyed:building": "yes",
          "name": "Residencias Oasis Beach"
        }
      }
    },
    {
      "type": "Feature",
      "geometry": {
        "type": "Point",
        "coordinates": [
          -67.0145383,
          10.6103114
        ]
      },
      "properties": {
        "id": "way/291269143",
        "osmType": "way",
        "osmId": 291269143,
        "name": "Residencias Palmilla",
        "category": "building",
        "kind": "building:apartments",
        "source": "OpenStreetMap",
        "sourceUrl": "https://www.openstreetmap.org/way/291269143",
        "tags": {
          "addr:city": "Playa Grande",
          "addr:country": "VE",
          "building": "apartments",
          "building:levels": "12",
          "height": "36",
          "min_height": "0",
          "name": "Residencias Palmilla"
        }
      }
    },
    {
      "type": "Feature",
      "geometry": {
        "type": "Point",
        "coordinates": [
          -67.0147773,
          10.6104337
        ]
      },
      "properties": {
        "id": "way/1533372646",
        "osmType": "way",
        "osmId": 1533372646,
        "name": "Residencias Palmilla",
        "category": "building",
        "kind": "building:apartments",
        "source": "OpenStreetMap",
        "sourceUrl": "https://www.openstreetmap.org/way/1533372646",
        "tags": {
          "addr:city": "Playa Grande",
          "addr:country": "VE",
          "building": "apartments",
          "building:levels": "12",
          "height": "36",
          "min_height": "0",
          "name": "Residencias Palmilla"
        }
      }
    },
    {
      "type": "Feature",
      "geometry": {
        "type": "Point",
        "coordinates": [
          -67.0174619,
          10.6117131
        ]
      },
      "properties": {
        "id": "way/291269078",
        "osmType": "way",
        "osmId": 291269078,
        "name": "Residencias Pez Vela",
        "category": "building",
        "kind": "building:apartments",
        "source": "OpenStreetMap",
        "sourceUrl": "https://www.openstreetmap.org/way/291269078",
        "tags": {
          "addr:city": "Catia La Mar",
          "addr:country": "VE",
          "addr:state": "VA",
          "building": "apartments",
          "building:levels": "14",
          "damage:date": "2026-06-24",
          "damage:event": "2026 Venezuelan earthquake",
          "damage:event:wikidata": "Q140352499",
          "damage:type": "earthquake",
          "destroyed:building": "yes",
          "height": "42",
          "name": "Residencias Pez Vela"
        }
      }
    },
    {
      "type": "Feature",
      "geometry": {
        "type": "Point",
        "coordinates": [
          -67.0294965,
          10.6097936
        ]
      },
      "properties": {
        "id": "way/244265065",
        "osmType": "way",
        "osmId": 244265065,
        "name": "Residencias Puerto Escondido",
        "category": "building",
        "kind": "building:yes",
        "source": "OpenStreetMap",
        "sourceUrl": "https://www.openstreetmap.org/way/244265065",
        "tags": {
          "addr:city": "Catia La Mar",
          "addr:country": "VE",
          "addr:postcode": "1162",
          "addr:state": "VA",
          "addr:street": "Avenida El Balneario",
          "addr:suburb": "Puerto Viejo",
          "building": "yes",
          "name": "Residencias Puerto Escondido"
        }
      }
    },
    {
      "type": "Feature",
      "geometry": {
        "type": "Point",
        "coordinates": [
          -67.0143077,
          10.6091281
        ]
      },
      "properties": {
        "id": "way/291269185",
        "osmType": "way",
        "osmId": 291269185,
        "name": "Residencias Sol Marina Garden 2",
        "category": "building",
        "kind": "building:yes",
        "source": "OpenStreetMap",
        "sourceUrl": "https://www.openstreetmap.org/way/291269185",
        "tags": {
          "addr:city": "Catia La Mar",
          "addr:country": "VE",
          "addr:state": "VA",
          "building": "yes",
          "damage:date": "2026-06-24",
          "damage:event": "2026 Venezuelan earthquake",
          "damage:event:wikidata": "Q140352499",
          "damage:type": "earthquake",
          "destroyed:building": "yes",
          "name": "Residencias Sol Marina Garden 2"
        }
      }
    },
    {
      "type": "Feature",
      "geometry": {
        "type": "Point",
        "coordinates": [
          -67.0144205,
          10.6090437
        ]
      },
      "properties": {
        "id": "way/1532468339",
        "osmType": "way",
        "osmId": 1532468339,
        "name": "Residencias Sol Marina Garden 2",
        "category": "building",
        "kind": "building:yes",
        "source": "OpenStreetMap",
        "sourceUrl": "https://www.openstreetmap.org/way/1532468339",
        "tags": {
          "building": "yes",
          "damage:date": "2026-06-24",
          "damage:event": "2026 Venezuelan earthquake",
          "damage:event:wikidata": "Q140352499",
          "damage:type": "earthquake",
          "destroyed:building": "yes",
          "fixme": "Buscar el nombre de este edificio",
          "name": "Residencias Sol Marina Garden 2"
        }
      }
    },
    {
      "type": "Feature",
      "geometry": {
        "type": "Point",
        "coordinates": [
          -67.0172214,
          10.6106547
        ]
      },
      "properties": {
        "id": "way/291269074",
        "osmType": "way",
        "osmId": 291269074,
        "name": "Residencias Villamar",
        "category": "building",
        "kind": "building:yes",
        "source": "OpenStreetMap",
        "sourceUrl": "https://www.openstreetmap.org/way/291269074",
        "tags": {
          "addr:city": "Catia La Mar",
          "addr:country": "VE",
          "addr:state": "VA",
          "addr:street": "Calle El Hotel",
          "building": "yes",
          "building:levels": "10",
          "damage:date": "2026-06-24",
          "damage:event": "2026 Venezuelan earthquake",
          "damage:event:wikidata": "Q140352499",
          "damage:type": "earthquake",
          "destroyed:building": "yes",
          "height": "30",
          "name": "Residencias Villamar"
        }
      }
    },
    {
      "type": "Feature",
      "geometry": {
        "type": "Point",
        "coordinates": [
          -67.010233,
          10.6102615
        ]
      },
      "properties": {
        "id": "way/1314843981",
        "osmType": "way",
        "osmId": 1314843981,
        "name": "Residencias Vistamar",
        "category": "building",
        "kind": "building:apartments",
        "source": "OpenStreetMap",
        "sourceUrl": "https://www.openstreetmap.org/way/1314843981",
        "tags": {
          "addr:country": "VE",
          "building": "apartments",
          "building:levels": "11",
          "damage:date": "2026-06-24",
          "damage:event": "2026 Venezuelan earthquake",
          "damage:event:wikidata": "Q140352499",
          "damage:type": "earthquake",
          "destroyed:building": "yes",
          "fixme": "Buscar el nombre de esta edificación",
          "height": "33",
          "min_height": "0",
          "name": "Residencias Vistamar"
        }
      }
    },
    {
      "type": "Feature",
      "geometry": {
        "type": "Point",
        "coordinates": [
          -66.9904645,
          10.5946357
        ]
      },
      "properties": {
        "id": "way/438169894",
        "osmType": "way",
        "osmId": 438169894,
        "name": "Sotavento",
        "category": "building",
        "kind": "building:apartments",
        "source": "OpenStreetMap",
        "sourceUrl": "https://www.openstreetmap.org/way/438169894",
        "tags": {
          "addr:city": "Catia La Mar",
          "addr:neighbourhood": "Sotavento",
          "addr:postcode": "1162",
          "addr:street": "Av. La Armada",
          "building": "apartments",
          "building:levels": "7",
          "name": "Sotavento"
        }
      }
    },
    {
      "type": "Feature",
      "geometry": {
        "type": "Point",
        "coordinates": [
          -66.9901703,
          10.5947263
        ]
      },
      "properties": {
        "id": "way/438169895",
        "osmType": "way",
        "osmId": 438169895,
        "name": "Sotavento",
        "category": "building",
        "kind": "building:apartments",
        "source": "OpenStreetMap",
        "sourceUrl": "https://www.openstreetmap.org/way/438169895",
        "tags": {
          "addr:city": "Catia La Mar",
          "addr:neighbourhood": "Sotavento",
          "addr:postcode": "1162",
          "addr:street": "Av. La Armada",
          "building": "apartments",
          "building:levels": "7",
          "name": "Sotavento"
        }
      }
    },
    {
      "type": "Feature",
      "geometry": {
        "type": "Point",
        "coordinates": [
          -66.9898204,
          10.5947847
        ]
      },
      "properties": {
        "id": "way/438169896",
        "osmType": "way",
        "osmId": 438169896,
        "name": "Sotavento",
        "category": "building",
        "kind": "building:apartments",
        "source": "OpenStreetMap",
        "sourceUrl": "https://www.openstreetmap.org/way/438169896",
        "tags": {
          "addr:city": "Catia La Mar",
          "addr:neighbourhood": "Sotavento",
          "addr:postcode": "1162",
          "addr:street": "Av. La Armada",
          "building": "apartments",
          "building:levels": "7",
          "name": "Sotavento"
        }
      }
    },
    {
      "type": "Feature",
      "geometry": {
        "type": "Point",
        "coordinates": [
          -66.9895426,
          10.5948763
        ]
      },
      "properties": {
        "id": "way/438169897",
        "osmType": "way",
        "osmId": 438169897,
        "name": "Sotavento",
        "category": "building",
        "kind": "building:apartments",
        "source": "OpenStreetMap",
        "sourceUrl": "https://www.openstreetmap.org/way/438169897",
        "tags": {
          "addr:city": "Catia La Mar",
          "addr:neighbourhood": "Sotavento",
          "addr:postcode": "1162",
          "addr:street": "Av. La Armada",
          "building": "apartments",
          "building:levels": "7",
          "name": "Sotavento"
        }
      }
    },
    {
      "type": "Feature",
      "geometry": {
        "type": "Point",
        "coordinates": [
          -66.9892021,
          10.5949467
        ]
      },
      "properties": {
        "id": "way/438169898",
        "osmType": "way",
        "osmId": 438169898,
        "name": "Sotavento",
        "category": "building",
        "kind": "building:apartments",
        "source": "OpenStreetMap",
        "sourceUrl": "https://www.openstreetmap.org/way/438169898",
        "tags": {
          "addr:city": "Catia La Mar",
          "addr:neighbourhood": "Sotavento",
          "addr:postcode": "1162",
          "addr:street": "Av. La Armada",
          "building": "apartments",
          "building:levels": "7",
          "name": "Sotavento"
        }
      }
    },
    {
      "type": "Feature",
      "geometry": {
        "type": "Point",
        "coordinates": [
          -66.9888912,
          10.5950271
        ]
      },
      "properties": {
        "id": "way/438169899",
        "osmType": "way",
        "osmId": 438169899,
        "name": "Sotavento",
        "category": "building",
        "kind": "building:apartments",
        "source": "OpenStreetMap",
        "sourceUrl": "https://www.openstreetmap.org/way/438169899",
        "tags": {
          "addr:city": "Catia La Mar",
          "addr:neighbourhood": "Sotavento",
          "addr:postcode": "1162",
          "addr:street": "Av. La Armada",
          "building": "apartments",
          "building:levels": "7",
          "name": "Sotavento"
        }
      }
    },
    {
      "type": "Feature",
      "geometry": {
        "type": "Point",
        "coordinates": [
          -66.9906024,
          10.5935096
        ]
      },
      "properties": {
        "id": "way/503433752",
        "osmType": "way",
        "osmId": 503433752,
        "name": "Sotavento II",
        "category": "building",
        "kind": "building:apartments",
        "source": "OpenStreetMap",
        "sourceUrl": "https://www.openstreetmap.org/way/503433752",
        "tags": {
          "addr:city": "Catia La Mar",
          "addr:neighbourhood": "Sotavento II",
          "addr:postcode": "1162",
          "addr:street": "Av. La Armada",
          "building": "apartments",
          "building:levels": "7",
          "name": "Sotavento II"
        }
      }
    },
    {
      "type": "Feature",
      "geometry": {
        "type": "Point",
        "coordinates": [
          -66.9909992,
          10.5931656
        ]
      },
      "properties": {
        "id": "way/503433754",
        "osmType": "way",
        "osmId": 503433754,
        "name": "Sotavento II",
        "category": "building",
        "kind": "building:apartments",
        "source": "OpenStreetMap",
        "sourceUrl": "https://www.openstreetmap.org/way/503433754",
        "tags": {
          "addr:city": "Catia La Mar",
          "addr:neighbourhood": "Sotavento II",
          "addr:postcode": "1162",
          "addr:street": "Av. La Armada",
          "building": "apartments",
          "building:levels": "7",
          "name": "Sotavento II"
        }
      }
    },
    {
      "type": "Feature",
      "geometry": {
        "type": "Point",
        "coordinates": [
          -66.9913245,
          10.5929366
        ]
      },
      "properties": {
        "id": "way/503433755",
        "osmType": "way",
        "osmId": 503433755,
        "name": "Sotavento II",
        "category": "building",
        "kind": "building:apartments",
        "source": "OpenStreetMap",
        "sourceUrl": "https://www.openstreetmap.org/way/503433755",
        "tags": {
          "addr:city": "Catia La Mar",
          "addr:neighbourhood": "Sotavento II",
          "addr:postcode": "1162",
          "addr:street": "Av. La Armada",
          "building": "apartments",
          "building:levels": "7",
          "name": "Sotavento II"
        }
      }
    },
    {
      "type": "Feature",
      "geometry": {
        "type": "Point",
        "coordinates": [
          -66.9908913,
          10.5938766
        ]
      },
      "properties": {
        "id": "way/639641817",
        "osmType": "way",
        "osmId": 639641817,
        "name": "Sotavento II",
        "category": "building",
        "kind": "building:apartments",
        "source": "OpenStreetMap",
        "sourceUrl": "https://www.openstreetmap.org/way/639641817",
        "tags": {
          "addr:city": "Catia La Mar",
          "addr:neighbourhood": "Sotavento II",
          "addr:postcode": "1162",
          "addr:street": "Av. La Armada",
          "building": "apartments",
          "building:levels": "7",
          "name": "Sotavento II"
        }
      }
    },
    {
      "type": "Feature",
      "geometry": {
        "type": "Point",
        "coordinates": [
          -67.0297951,
          10.6022255
        ]
      },
      "properties": {
        "id": "way/1533622348",
        "osmType": "way",
        "osmId": 1533622348,
        "name": "Supermercado 3 estrellas",
        "category": "building",
        "kind": "building:commercial",
        "source": "OpenStreetMap",
        "sourceUrl": "https://www.openstreetmap.org/way/1533622348",
        "tags": {
          "building": "commercial",
          "name": "Supermercado 3 estrellas"
        }
      }
    },
    {
      "type": "Feature",
      "geometry": {
        "type": "Point",
        "coordinates": [
          -66.9787508,
          10.5998439
        ]
      },
      "properties": {
        "id": "way/248377786",
        "osmType": "way",
        "osmId": 248377786,
        "name": "Swissport Cargo Services",
        "category": "building",
        "kind": "building:industrial",
        "source": "OpenStreetMap",
        "sourceUrl": "https://www.openstreetmap.org/way/248377786",
        "tags": {
          "addr:city": "Catia La Mar",
          "addr:postcode": "1162",
          "addr:street": "Av. La Armada",
          "building": "industrial",
          "name": "Swissport Cargo Services"
        }
      }
    },
    {
      "type": "Feature",
      "geometry": {
        "type": "Point",
        "coordinates": [
          -67.0315575,
          10.5979249
        ]
      },
      "properties": {
        "id": "way/291269098",
        "osmType": "way",
        "osmId": 291269098,
        "name": "Talleres",
        "category": "building",
        "kind": "building:yes",
        "source": "OpenStreetMap",
        "sourceUrl": "https://www.openstreetmap.org/way/291269098",
        "tags": {
          "addr:city": "Catia La Mar",
          "addr:country": "VE",
          "addr:state": "VA",
          "building": "yes",
          "name": "Talleres"
        }
      }
    },
    {
      "type": "Feature",
      "geometry": {
        "type": "Point",
        "coordinates": [
          -67.0338151,
          10.5976454
        ]
      },
      "properties": {
        "id": "way/306825589",
        "osmType": "way",
        "osmId": 306825589,
        "name": "Tanque",
        "category": "building",
        "kind": "building:storage_tank",
        "source": "OpenStreetMap",
        "sourceUrl": "https://www.openstreetmap.org/way/306825589",
        "tags": {
          "building": "storage_tank",
          "content": "fuel",
          "man_made": "oil_tank",
          "name": "Tanque"
        }
      }
    },
    {
      "type": "Feature",
      "geometry": {
        "type": "Point",
        "coordinates": [
          -66.9786635,
          10.5992378
        ]
      },
      "properties": {
        "id": "way/248377803",
        "osmType": "way",
        "osmId": 248377803,
        "name": "Tera Trading Group International Freight Forwarders, C.A",
        "category": "building",
        "kind": "building:industrial",
        "source": "OpenStreetMap",
        "sourceUrl": "https://www.openstreetmap.org/way/248377803",
        "tags": {
          "addr:city": "Catia La Mar",
          "addr:postcode": "1162",
          "addr:street": "Av. La Armada",
          "building": "industrial",
          "name": "Tera Trading Group International Freight Forwarders, C.A"
        }
      }
    },
    {
      "type": "Feature",
      "geometry": {
        "type": "Point",
        "coordinates": [
          -67.0402823,
          10.6006104
        ]
      },
      "properties": {
        "id": "way/306845191",
        "osmType": "way",
        "osmId": 306845191,
        "name": "Terminal de Catia la Mar",
        "category": "building",
        "kind": "building:yes",
        "source": "OpenStreetMap",
        "sourceUrl": "https://www.openstreetmap.org/way/306845191",
        "tags": {
          "addr:city": "Catia La Mar",
          "addr:housename": "Terminal Público de Catia La Mar",
          "addr:postcode": "1162",
          "addr:street": "Av. La Marina",
          "building": "yes",
          "name": "Terminal de Catia la Mar"
        }
      }
    },
    {
      "type": "Feature",
      "geometry": {
        "type": "Point",
        "coordinates": [
          -67.0404018,
          10.6006697
        ]
      },
      "properties": {
        "id": "way/1534561455",
        "osmType": "way",
        "osmId": 1534561455,
        "name": "Terminal de Catia la Mar",
        "category": "building",
        "kind": "building:roof",
        "source": "OpenStreetMap",
        "sourceUrl": "https://www.openstreetmap.org/way/1534561455",
        "tags": {
          "addr:city": "Catia La Mar",
          "addr:housename": "Terminal Público de Catia La Mar",
          "addr:postcode": "1162",
          "addr:street": "Av. La Marina",
          "building": "roof",
          "layer": "1",
          "name": "Terminal de Catia la Mar"
        }
      }
    },
    {
      "type": "Feature",
      "geometry": {
        "type": "Point",
        "coordinates": [
          -67.041291,
          10.5970657
        ]
      },
      "properties": {
        "id": "way/416827086",
        "osmType": "way",
        "osmId": 416827086,
        "name": "Torre A",
        "category": "building",
        "kind": "building:apartments",
        "source": "OpenStreetMap",
        "sourceUrl": "https://www.openstreetmap.org/way/416827086",
        "tags": {
          "addr:city": "Catia La Mar",
          "addr:country": "VE",
          "addr:suburb": "Marapa Marina",
          "building": "apartments",
          "building:levels": "14",
          "name": "Torre A"
        }
      }
    },
    {
      "type": "Feature",
      "geometry": {
        "type": "Point",
        "coordinates": [
          -67.0414678,
          10.5964337
        ]
      },
      "properties": {
        "id": "way/1533486605",
        "osmType": "way",
        "osmId": 1533486605,
        "name": "Torre A",
        "category": "building",
        "kind": "building:apartments",
        "source": "OpenStreetMap",
        "sourceUrl": "https://www.openstreetmap.org/way/1533486605",
        "tags": {
          "addr:city": "Catia La Mar",
          "addr:country": "VE",
          "addr:suburb": "Marapa Marina",
          "building": "apartments",
          "building:levels": "14",
          "name": "Torre A"
        }
      }
    },
    {
      "type": "Feature",
      "geometry": {
        "type": "Point",
        "coordinates": [
          -67.0268713,
          10.6093885
        ]
      },
      "properties": {
        "id": "way/472435094",
        "osmType": "way",
        "osmId": 472435094,
        "name": "Torre A, Belo Horizonte",
        "category": "building",
        "kind": "building:apartments",
        "source": "OpenStreetMap",
        "sourceUrl": "https://www.openstreetmap.org/way/472435094",
        "tags": {
          "addr:city": "Catia La Mar",
          "addr:postcode": "1162",
          "addr:street": "Av. Principal de Playa Grande",
          "building": "apartments",
          "building:levels": "17",
          "height": "54",
          "name": "Torre A, Belo Horizonte"
        }
      }
    },
    {
      "type": "Feature",
      "geometry": {
        "type": "Point",
        "coordinates": [
          -67.040521,
          10.5970472
        ]
      },
      "properties": {
        "id": "way/416827087",
        "osmType": "way",
        "osmId": 416827087,
        "name": "Torre C",
        "category": "building",
        "kind": "building:apartments",
        "source": "OpenStreetMap",
        "sourceUrl": "https://www.openstreetmap.org/way/416827087",
        "tags": {
          "addr:city": "Catia La Mar",
          "addr:country": "VE",
          "addr:suburb": "Marapa Marina",
          "building": "apartments",
          "building:levels": "14",
          "name": "Torre C"
        }
      }
    },
    {
      "type": "Feature",
      "geometry": {
        "type": "Point",
        "coordinates": [
          -66.9967019,
          10.5956573
        ]
      },
      "properties": {
        "id": "way/248524129",
        "osmType": "way",
        "osmId": 248524129,
        "name": "Torre de Control Maiquetia",
        "category": "building",
        "kind": "building:yes",
        "source": "OpenStreetMap",
        "sourceUrl": "https://www.openstreetmap.org/way/248524129",
        "tags": {
          "addr:city": "Catia La Mar",
          "addr:postcode": "1162",
          "addr:street": "Av. Aeropuerto",
          "building": "yes",
          "name": "Torre de Control Maiquetia",
          "operator": "TWR SVMI",
          "tower:type": "observation"
        }
      }
    },
    {
      "type": "Feature",
      "geometry": {
        "type": "Point",
        "coordinates": [
          -67.0190888,
          10.6116938
        ]
      },
      "properties": {
        "id": "way/291269122",
        "osmType": "way",
        "osmId": 291269122,
        "name": "Torre Marina",
        "category": "building",
        "kind": "building:apartments",
        "source": "OpenStreetMap",
        "sourceUrl": "https://www.openstreetmap.org/way/291269122",
        "tags": {
          "addr:city": "Playa Grande",
          "addr:postcode": "1162",
          "addr:street": "Av. Principal de Playa Grande",
          "building": "apartments",
          "building:levels": "12",
          "damage:date": "2026-06-24",
          "damage:event": "2026 Venezuelan earthquake",
          "damage:event:wikidata": "Q140352499",
          "height": "36",
          "name": "Torre Marina",
          "ruins:building": "yes"
        }
      }
    },
    {
      "type": "Feature",
      "geometry": {
        "type": "Point",
        "coordinates": [
          -66.9823532,
          10.5963519
        ]
      },
      "properties": {
        "id": "way/438172183",
        "osmType": "way",
        "osmId": 438172183,
        "name": "U.E. Dioscesana Juan Pablo II",
        "category": "building",
        "kind": "building:school",
        "source": "OpenStreetMap",
        "sourceUrl": "https://www.openstreetmap.org/way/438172183",
        "tags": {
          "addr:city": "Catia La Mar",
          "addr:neighbourhood": "Urb. La Aviación",
          "addr:postcode": "1162",
          "addr:street": "Av. La Armada",
          "building": "school",
          "denomination": "roman_catholic",
          "name": "U.E. Dioscesana Juan Pablo II",
          "religion": "christian"
        }
      }
    },
    {
      "type": "Feature",
      "geometry": {
        "type": "Point",
        "coordinates": [
          -66.9843588,
          10.5980702
        ]
      },
      "properties": {
        "id": "way/248377784",
        "osmType": "way",
        "osmId": 248377784,
        "name": "Unidad Educativa Inicial Aeropuerto Simon Bolivar",
        "category": "building",
        "kind": "building:school",
        "source": "OpenStreetMap",
        "sourceUrl": "https://www.openstreetmap.org/way/248377784",
        "tags": {
          "addr:city": "Catia La Mar",
          "addr:postcode": "1162",
          "addr:street": "Av. Aeropuerto Auxiliar",
          "building": "school",
          "name": "Unidad Educativa Inicial Aeropuerto Simon Bolivar"
        }
      }
    },
    {
      "type": "Feature",
      "geometry": {
        "type": "Point",
        "coordinates": [
          -66.973901,
          10.5979205
        ]
      },
      "properties": {
        "id": "way/503442243",
        "osmType": "way",
        "osmId": 503442243,
        "name": "Urbanizacion 10 de marzo - bloque 1",
        "category": "building",
        "kind": "building:apartments",
        "source": "OpenStreetMap",
        "sourceUrl": "https://www.openstreetmap.org/way/503442243",
        "tags": {
          "building": "apartments",
          "building:levels": "15",
          "name": "Urbanizacion 10 de marzo - bloque 1"
        }
      }
    },
    {
      "type": "Feature",
      "geometry": {
        "type": "Point",
        "coordinates": [
          -66.9727298,
          10.5982329
        ]
      },
      "properties": {
        "id": "way/503442245",
        "osmType": "way",
        "osmId": 503442245,
        "name": "Urbanizacion 10 de marzo - bloque 2",
        "category": "building",
        "kind": "building:apartments",
        "source": "OpenStreetMap",
        "sourceUrl": "https://www.openstreetmap.org/way/503442245",
        "tags": {
          "building": "apartments",
          "building:levels": "15",
          "name": "Urbanizacion 10 de marzo - bloque 2"
        }
      }
    },
    {
      "type": "Feature",
      "geometry": {
        "type": "Point",
        "coordinates": [
          -66.9718084,
          10.5984888
        ]
      },
      "properties": {
        "id": "way/503442246",
        "osmType": "way",
        "osmId": 503442246,
        "name": "Urbanizacion 10 de marzo - bloque 3",
        "category": "building",
        "kind": "building:apartments",
        "source": "OpenStreetMap",
        "sourceUrl": "https://www.openstreetmap.org/way/503442246",
        "tags": {
          "building": "apartments",
          "building:levels": "15",
          "name": "Urbanizacion 10 de marzo - bloque 3"
        }
      }
    },
    {
      "type": "Feature",
      "geometry": {
        "type": "Point",
        "coordinates": [
          -66.9708084,
          10.5988083
        ]
      },
      "properties": {
        "id": "way/503442247",
        "osmType": "way",
        "osmId": 503442247,
        "name": "Urbanizacion 10 de marzo - bloque 4",
        "category": "building",
        "kind": "building:apartments",
        "source": "OpenStreetMap",
        "sourceUrl": "https://www.openstreetmap.org/way/503442247",
        "tags": {
          "building": "apartments",
          "building:levels": "15",
          "name": "Urbanizacion 10 de marzo - bloque 4"
        }
      }
    },
    {
      "type": "Feature",
      "geometry": {
        "type": "Point",
        "coordinates": [
          -66.9696786,
          10.5984004
        ]
      },
      "properties": {
        "id": "way/503442248",
        "osmType": "way",
        "osmId": 503442248,
        "name": "Urbanizacion 10 de marzo - Bloque 5",
        "category": "building",
        "kind": "building:apartments",
        "source": "OpenStreetMap",
        "sourceUrl": "https://www.openstreetmap.org/way/503442248",
        "tags": {
          "building": "apartments",
          "building:levels": "15",
          "name": "Urbanizacion 10 de marzo - Bloque 5"
        }
      }
    },
    {
      "type": "Feature",
      "geometry": {
        "type": "Point",
        "coordinates": [
          -66.9685066,
          10.5993413
        ]
      },
      "properties": {
        "id": "way/503442241",
        "osmType": "way",
        "osmId": 503442241,
        "name": "Urbanizacion 10 de marzo - Bloque 6",
        "category": "building",
        "kind": "building:apartments",
        "source": "OpenStreetMap",
        "sourceUrl": "https://www.openstreetmap.org/way/503442241",
        "tags": {
          "building": "apartments",
          "building:levels": "14",
          "name": "Urbanizacion 10 de marzo - Bloque 6"
        }
      }
    },
    {
      "type": "Feature",
      "geometry": {
        "type": "Point",
        "coordinates": [
          -66.9871906,
          10.5952911
        ]
      },
      "properties": {
        "id": "way/438169902",
        "osmType": "way",
        "osmId": 438169902,
        "name": "Urbanización Vista Caribe",
        "category": "building",
        "kind": "building:apartments",
        "source": "OpenStreetMap",
        "sourceUrl": "https://www.openstreetmap.org/way/438169902",
        "tags": {
          "addr:city": "Catia La Mar",
          "addr:postcode": "1162",
          "addr:street": "Av. La Armada",
          "building": "apartments",
          "building:levels": "5",
          "name": "Urbanización Vista Caribe"
        }
      }
    },
    {
      "type": "Feature",
      "geometry": {
        "type": "Point",
        "coordinates": [
          -66.9863604,
          10.5954143
        ]
      },
      "properties": {
        "id": "way/438169903",
        "osmType": "way",
        "osmId": 438169903,
        "name": "Urbanización Vista Caribe",
        "category": "building",
        "kind": "building:apartments",
        "source": "OpenStreetMap",
        "sourceUrl": "https://www.openstreetmap.org/way/438169903",
        "tags": {
          "addr:city": "Catia La Mar",
          "addr:postcode": "1162",
          "addr:street": "Av. La Armada",
          "building": "apartments",
          "building:levels": "5",
          "name": "Urbanización Vista Caribe"
        }
      }
    },
    {
      "type": "Feature",
      "geometry": {
        "type": "Point",
        "coordinates": [
          -66.9854219,
          10.5952776
        ]
      },
      "properties": {
        "id": "way/438169904",
        "osmType": "way",
        "osmId": 438169904,
        "name": "Urbanización Vista Caribe",
        "category": "building",
        "kind": "building:apartments",
        "source": "OpenStreetMap",
        "sourceUrl": "https://www.openstreetmap.org/way/438169904",
        "tags": {
          "addr:city": "Catia La Mar",
          "addr:postcode": "1162",
          "addr:street": "Av. La Armada",
          "building": "apartments",
          "building:levels": "5",
          "name": "Urbanización Vista Caribe"
        }
      }
    },
    {
      "type": "Feature",
      "geometry": {
        "type": "Point",
        "coordinates": [
          -67.0253051,
          10.6093665
        ]
      },
      "properties": {
        "id": "way/432826372",
        "osmType": "way",
        "osmId": 432826372,
        "name": "V1",
        "category": "building",
        "kind": "building:apartments",
        "source": "OpenStreetMap",
        "sourceUrl": "https://www.openstreetmap.org/way/432826372",
        "tags": {
          "building": "apartments",
          "building:colour": "lightgrey",
          "building:levels": "4",
          "name": "V1",
          "roof:colour": "grey"
        }
      }
    },
    {
      "type": "Feature",
      "geometry": {
        "type": "Point",
        "coordinates": [
          -67.0253051,
          10.6091083
        ]
      },
      "properties": {
        "id": "way/432826371",
        "osmType": "way",
        "osmId": 432826371,
        "name": "V2",
        "category": "building",
        "kind": "building:apartments",
        "source": "OpenStreetMap",
        "sourceUrl": "https://www.openstreetmap.org/way/432826371",
        "tags": {
          "building": "apartments",
          "building:colour": "lightgrey",
          "building:levels": "4",
          "name": "V2",
          "roof:colour": "grey"
        }
      }
    },
    {
      "type": "Feature",
      "geometry": {
        "type": "Point",
        "coordinates": [
          -66.9883965,
          10.5936195
        ]
      },
      "properties": {
        "id": "way/517586232",
        "osmType": "way",
        "osmId": 517586232,
        "name": "Váscula para gandolas",
        "category": "building",
        "kind": "building:roof",
        "source": "OpenStreetMap",
        "sourceUrl": "https://www.openstreetmap.org/way/517586232",
        "tags": {
          "building": "roof",
          "layer": "1",
          "name": "Váscula para gandolas"
        }
      }
    },
    {
      "type": "Feature",
      "geometry": {
        "type": "Point",
        "coordinates": [
          -66.9805892,
          10.5978899
        ]
      },
      "properties": {
        "id": "way/248452708",
        "osmType": "way",
        "osmId": 248452708,
        "name": "Vialidad",
        "category": "building",
        "kind": "building:yes",
        "source": "OpenStreetMap",
        "sourceUrl": "https://www.openstreetmap.org/way/248452708",
        "tags": {
          "building": "yes",
          "name": "Vialidad"
        }
      }
    },
    {
      "type": "Feature",
      "geometry": {
        "type": "Point",
        "coordinates": [
          -66.9922546,
          10.5966664
        ]
      },
      "properties": {
        "id": "node/11072373431",
        "osmType": "node",
        "osmId": 11072373431,
        "name": "(Antiguo) Edificio Terminal Internacional de Llegada",
        "category": "amenity",
        "kind": "aeroway:terminal",
        "source": "OpenStreetMap",
        "sourceUrl": "https://www.openstreetmap.org/node/11072373431",
        "tags": {
          "aeroway": "terminal",
          "name": "(Antiguo) Edificio Terminal Internacional de Llegada"
        }
      }
    },
    {
      "type": "Feature",
      "geometry": {
        "type": "Point",
        "coordinates": [
          -66.9776201,
          10.6021707
        ]
      },
      "properties": {
        "id": "way/783798510",
        "osmType": "way",
        "osmId": 783798510,
        "name": "01",
        "category": "amenity",
        "kind": "aeroway:parking_position",
        "source": "OpenStreetMap",
        "sourceUrl": "https://www.openstreetmap.org/way/783798510",
        "tags": {
          "aeroway": "parking_position",
          "name": "01",
          "ref": "01",
          "source": "Yahoo"
        }
      }
    },
    {
      "type": "Feature",
      "geometry": {
        "type": "Point",
        "coordinates": [
          -66.978639,
          10.6017752
        ]
      },
      "properties": {
        "id": "way/783798507",
        "osmType": "way",
        "osmId": 783798507,
        "name": "02",
        "category": "amenity",
        "kind": "aeroway:parking_position",
        "source": "OpenStreetMap",
        "sourceUrl": "https://www.openstreetmap.org/way/783798507",
        "tags": {
          "aeroway": "parking_position",
          "name": "02",
          "ref": "02",
          "source": "Yahoo"
        }
      }
    },
    {
      "type": "Feature",
      "geometry": {
        "type": "Point",
        "coordinates": [
          -67.0077481,
          10.5994968
        ]
      },
      "properties": {
        "id": "way/248407686",
        "osmType": "way",
        "osmId": 248407686,
        "name": "A",
        "category": "amenity",
        "kind": "aeroway:taxiway",
        "source": "OpenStreetMap",
        "sourceUrl": "https://www.openstreetmap.org/way/248407686",
        "tags": {
          "aeroway": "taxiway",
          "name": "A",
          "ref": "Línea Sur"
        }
      }
    },
    {
      "type": "Feature",
      "geometry": {
        "type": "Point",
        "coordinates": [
          -67.0125498,
          10.6016783
        ]
      },
      "properties": {
        "id": "way/639650944",
        "osmType": "way",
        "osmId": 639650944,
        "name": "A",
        "category": "amenity",
        "kind": "aeroway:taxiway",
        "source": "OpenStreetMap",
        "sourceUrl": "https://www.openstreetmap.org/way/639650944",
        "tags": {
          "aeroway": "taxiway",
          "name": "A",
          "ref": "A"
        }
      }
    },
    {
      "type": "Feature",
      "geometry": {
        "type": "Point",
        "coordinates": [
          -67.0059081,
          10.5970714
        ]
      },
      "properties": {
        "id": "node/3808248678",
        "osmType": "node",
        "osmId": 3808248678,
        "name": "Aero conectado cyber",
        "category": "amenity",
        "kind": "amenity:internet_cafe",
        "source": "OpenStreetMap",
        "sourceUrl": "https://www.openstreetmap.org/node/3808248678",
        "tags": {
          "addr:city": "Maiquetía",
          "addr:full": "Terminal Internacional nivel 3",
          "addr:postcode": "1162",
          "addr:street": "Vìa Terminal Internacional",
          "amenity": "internet_cafe",
          "name": "Aero conectado cyber",
          "office": "telecommunication",
          "opening_hours": "Mo-Fr 08:00-21:00",
          "payment:cash": "yes",
          "payment:maestro": "yes",
          "payment:mastercard": "yes",
          "payment:visa": "yes",
          "smoking": "no",
          "source": "albertoq2004@hotmail.com",
          "wheelchair": "yes"
        }
      }
    },
    {
      "type": "Feature",
      "geometry": {
        "type": "Point",
        "coordinates": [
          -66.9878146,
          10.5978775
        ]
      },
      "properties": {
        "id": "way/248558058",
        "osmType": "way",
        "osmId": 248558058,
        "name": "Aeropostal",
        "category": "amenity",
        "kind": "building:hangar",
        "source": "OpenStreetMap",
        "sourceUrl": "https://www.openstreetmap.org/way/248558058",
        "tags": {
          "access": "private",
          "aeroway": "hangar",
          "building": "hangar",
          "name": "Aeropostal"
        }
      }
    },
    {
      "type": "Feature",
      "geometry": {
        "type": "Point",
        "coordinates": [
          -66.9942639,
          10.6031425
        ]
      },
      "properties": {
        "id": "way/784104021",
        "osmType": "way",
        "osmId": 784104021,
        "name": "Aeropuerto Internacional de Maiquetía Simón Bolívar",
        "category": "amenity",
        "kind": "aeroway:aerodrome",
        "source": "OpenStreetMap",
        "sourceUrl": "https://www.openstreetmap.org/way/784104021",
        "tags": {
          "GNS:id": "-952159",
          "aerodrome": "international",
          "aeroway": "aerodrome",
          "closest_town": "Caracas",
          "ele": "72",
          "iata": "CCS",
          "icao": "SVMI",
          "image": "https://photos.app.goo.gl/Db5na3A4bZ2abfzG8",
          "int_name": "Simón Bolívar International Airport",
          "internet_access": "yes",
          "internet_access:fee": "no",
          "loc_name": "Maiquetia",
          "name": "Aeropuerto Internacional de Maiquetía Simón Bolívar",
          "name:en": "Simón Bolívar International Airport",
          "name:es": "Aeropuerto Internacional de Maiquetía Simón Bolívar",
          "name:fr": "Aéroport international Maiquetía - Simón Bolívar",
          "name:it": "Aeroporto Internazionale Simón Bolívar",
          "name:ja": "シモン・ボリバル国際空港",
          "name:pl": "Międzynarodowy port lotniczy im. Simóna Bolívara w Maiquetíi (Caracas)",
          "name:pt": "Aeroporto Internacional Simón Bolívar",
          "operator": "Instituto Aeropuerto Internacional de Maiquetía",
          "type": "public",
          "website": "https://www.aeropuerto-maiquetia.com.ve/web/index.php",
          "wikidata": "Q1058344",
          "wikimedia_commons": "Category:Simón Bolívar International Airport (Venezuela)",
          "wikipedia": "es:Aeropuerto Internacional de Maiquetía Simón Bolívar"
        }
      }
    },
    {
      "type": "Feature",
      "geometry": {
        "type": "Point",
        "coordinates": [
          -66.9933915,
          10.5968292
        ]
      },
      "properties": {
        "id": "node/11072373429",
        "osmType": "node",
        "osmId": 11072373429,
        "name": "Aeropuerto Internacional Simón Bolivar, Rampa 4",
        "category": "amenity",
        "kind": "aeroway:terminal",
        "source": "OpenStreetMap",
        "sourceUrl": "https://www.openstreetmap.org/node/11072373429",
        "tags": {
          "aeroway": "terminal",
          "name": "Aeropuerto Internacional Simón Bolivar, Rampa 4"
        }
      }
    },
    {
      "type": "Feature",
      "geometry": {
        "type": "Point",
        "coordinates": [
          -66.9774845,
          10.6014386
        ]
      },
      "properties": {
        "id": "way/583473720",
        "osmType": "way",
        "osmId": 583473720,
        "name": "Agequip",
        "category": "amenity",
        "kind": "building:hangar",
        "source": "OpenStreetMap",
        "sourceUrl": "https://www.openstreetmap.org/way/583473720",
        "tags": {
          "addr:city": "Catia La Mar",
          "addr:postcode": "1162",
          "aeroway": "hangar",
          "building": "hangar",
          "building:levels": "1",
          "height": "15",
          "name": "Agequip",
          "roof:shape": "gabled"
        }
      }
    },
    {
      "type": "Feature",
      "geometry": {
        "type": "Point",
        "coordinates": [
          -66.991122,
          10.5480251
        ]
      },
      "properties": {
        "id": "way/961047857",
        "osmType": "way",
        "osmId": 961047857,
        "name": "Antiguo ferrocarril a La Guaira",
        "category": "amenity",
        "kind": "railway:abandoned",
        "source": "OpenStreetMap",
        "sourceUrl": "https://www.openstreetmap.org/way/961047857",
        "tags": {
          "electrified": "contact_line",
          "end_date": "1951",
          "name": "Antiguo ferrocarril a La Guaira",
          "railway": "abandoned",
          "source:geometry": "Maxar (2021)",
          "start_date": "1883",
          "tracks": "1",
          "usage": "transportation"
        }
      }
    },
    {
      "type": "Feature",
      "geometry": {
        "type": "Point",
        "coordinates": [
          -67.0022098,
          10.570453
        ]
      },
      "properties": {
        "id": "way/961047858",
        "osmType": "way",
        "osmId": 961047858,
        "name": "Antiguo ferrocarril a La Guaira",
        "category": "amenity",
        "kind": "railway:abandoned",
        "source": "OpenStreetMap",
        "sourceUrl": "https://www.openstreetmap.org/way/961047858",
        "tags": {
          "electrified": "contact_line",
          "end_date": "1951",
          "name": "Antiguo ferrocarril a La Guaira",
          "railway": "abandoned",
          "source:geometry": "Maxar (2021)",
          "start_date": "1883",
          "tracks": "1",
          "usage": "transportation"
        }
      }
    },
    {
      "type": "Feature",
      "geometry": {
        "type": "Point",
        "coordinates": [
          -66.9837445,
          10.5426531
        ]
      },
      "properties": {
        "id": "way/961047862",
        "osmType": "way",
        "osmId": 961047862,
        "name": "Antiguo ferrocarril a La Guaira",
        "category": "amenity",
        "kind": "railway:abandoned",
        "source": "OpenStreetMap",
        "sourceUrl": "https://www.openstreetmap.org/way/961047862",
        "tags": {
          "electrified": "contact_line",
          "end_date": "1951",
          "name": "Antiguo ferrocarril a La Guaira",
          "railway": "abandoned",
          "source:geometry": "Maxar (2021)",
          "start_date": "1883",
          "tracks": "1",
          "usage": "transportation"
        }
      }
    },
    {
      "type": "Feature",
      "geometry": {
        "type": "Point",
        "coordinates": [
          -66.998842,
          10.5595683
        ]
      },
      "properties": {
        "id": "way/961047863",
        "osmType": "way",
        "osmId": 961047863,
        "name": "Antiguo ferrocarril a La Guaira",
        "category": "amenity",
        "kind": "railway:abandoned",
        "source": "OpenStreetMap",
        "sourceUrl": "https://www.openstreetmap.org/way/961047863",
        "tags": {
          "electrified": "contact_line",
          "end_date": "1951",
          "name": "Antiguo ferrocarril a La Guaira",
          "railway": "abandoned",
          "source:geometry": "Maxar (2021)",
          "start_date": "1883",
          "tracks": "1",
          "usage": "transportation"
        }
      }
    },
    {
      "type": "Feature",
      "geometry": {
        "type": "Point",
        "coordinates": [
          -66.9833895,
          10.5983021
        ]
      },
      "properties": {
        "id": "way/248377804",
        "osmType": "way",
        "osmId": 248377804,
        "name": "Aviacion",
        "category": "amenity",
        "kind": "building:yes",
        "source": "OpenStreetMap",
        "sourceUrl": "https://www.openstreetmap.org/way/248377804",
        "tags": {
          "addr:city": "Catia La Mar",
          "addr:postcode": "1162",
          "addr:street": "Av. Aeropuerto Auxiliar",
          "amenity": "fuel",
          "brand": "PDV",
          "building": "yes",
          "fuel:diesel": "yes",
          "layer": "1",
          "name": "Aviacion",
          "operator": "PDV",
          "self_service": "no"
        }
      }
    },
    {
      "type": "Feature",
      "geometry": {
        "type": "Point",
        "coordinates": [
          -67.0116327,
          10.6029453
        ]
      },
      "properties": {
        "id": "way/248367987",
        "osmType": "way",
        "osmId": 248367987,
        "name": "B",
        "category": "amenity",
        "kind": "aeroway:taxiway",
        "source": "OpenStreetMap",
        "sourceUrl": "https://www.openstreetmap.org/way/248367987",
        "tags": {
          "aeroway": "taxiway",
          "name": "B",
          "ref": "B"
        }
      }
    },
    {
      "type": "Feature",
      "geometry": {
        "type": "Point",
        "coordinates": [
          -66.9802758,
          10.52878
        ]
      },
      "properties": {
        "id": "way/960902374",
        "osmType": "way",
        "osmId": 960902374,
        "name": "Base de Misiones Guaicamacuto Bicentenario",
        "category": "amenity",
        "kind": "building:yes",
        "source": "OpenStreetMap",
        "sourceUrl": "https://www.openstreetmap.org/way/960902374",
        "tags": {
          "amenity": "community_centre",
          "building": "yes",
          "name": "Base de Misiones Guaicamacuto Bicentenario",
          "source:geometry": "Maxar (2021)"
        }
      }
    },
    {
      "type": "Feature",
      "geometry": {
        "type": "Point",
        "coordinates": [
          -66.9743675,
          10.5983255
        ]
      },
      "properties": {
        "id": "node/9209654627",
        "osmType": "node",
        "osmId": 9209654627,
        "name": "Bloque 1",
        "category": "amenity",
        "kind": "public_transport:platform",
        "source": "OpenStreetMap",
        "sourceUrl": "https://www.openstreetmap.org/node/9209654627",
        "tags": {
          "bench": "no",
          "bus": "yes",
          "highway": "bus_stop",
          "name": "Bloque 1",
          "network": "Metrobus Caracas",
          "network:wikidata": "Q5037565",
          "network:wikipedia": "es:Metrobús (Caracas)",
          "operator": "C.A. Metro de Caracas",
          "operator:wikidata": "Q21001826",
          "public_transport": "platform",
          "ref": "2",
          "shelter": "no",
          "source": "Maxar (2021); C.A. Metro de Caracas (2004); local knowledge",
          "wheelchair": "limited"
        }
      }
    },
    {
      "type": "Feature",
      "geometry": {
        "type": "Point",
        "coordinates": [
          -66.9743866,
          10.5983871
        ]
      },
      "properties": {
        "id": "node/9209689262",
        "osmType": "node",
        "osmId": 9209689262,
        "name": "Bloque 1",
        "category": "amenity",
        "kind": "public_transport:stop_position",
        "source": "OpenStreetMap",
        "sourceUrl": "https://www.openstreetmap.org/node/9209689262",
        "tags": {
          "bus": "yes",
          "name": "Bloque 1",
          "network": "Metrobus Caracas",
          "network:wikidata": "Q5037565",
          "network:wikipedia": "es:Metrobús (Caracas)",
          "operator": "C.A. Metro de Caracas",
          "operator:wikidata": "Q21001826",
          "public_transport": "stop_position",
          "ref": "2",
          "source": "Maxar (2021); C.A. Metro de Caracas (2004); local knowledge"
        }
      }
    },
    {
      "type": "Feature",
      "geometry": {
        "type": "Point",
        "coordinates": [
          -66.9737445,
          10.5987594
        ]
      },
      "properties": {
        "id": "node/10951503412",
        "osmType": "node",
        "osmId": 10951503412,
        "name": "Bloque 1",
        "category": "amenity",
        "kind": "public_transport:platform",
        "source": "OpenStreetMap",
        "sourceUrl": "https://www.openstreetmap.org/node/10951503412",
        "tags": {
          "bench": "no",
          "bus": "yes",
          "highway": "bus_stop",
          "name": "Bloque 1",
          "network": "Metrobus Caracas",
          "network:wikidata": "Q5037565",
          "network:wikipedia": "es:Metrobús (Caracas)",
          "operator": "C.A. Metro de Caracas",
          "operator:wikidata": "Q21001826",
          "public_transport": "platform",
          "ref": "2",
          "shelter": "no",
          "source": "Maxar (2021); C.A. Metro de Caracas (2004); local knowledge",
          "wheelchair": "limited"
        }
      }
    },
    {
      "type": "Feature",
      "geometry": {
        "type": "Point",
        "coordinates": [
          -66.9709544,
          10.5993366
        ]
      },
      "properties": {
        "id": "node/3230868671",
        "osmType": "node",
        "osmId": 3230868671,
        "name": "Bloque 4",
        "category": "amenity",
        "kind": "public_transport:platform",
        "source": "OpenStreetMap",
        "sourceUrl": "https://www.openstreetmap.org/node/3230868671",
        "tags": {
          "bench": "no",
          "bus": "yes",
          "highway": "bus_stop",
          "name": "Bloque 4",
          "network": "Metrobus Caracas",
          "network:wikidata": "Q5037565",
          "network:wikipedia": "es:Metrobús (Caracas)",
          "operator": "C.A. Metro de Caracas",
          "operator:wikidata": "Q21001826",
          "public_transport": "platform",
          "ref": "3",
          "shelter": "no",
          "source": "Maxar (2021); C.A. Metro de Caracas (2004); local knowledge",
          "wheelchair": "limited"
        }
      }
    },
    {
      "type": "Feature",
      "geometry": {
        "type": "Point",
        "coordinates": [
          -66.9709591,
          10.5993855
        ]
      },
      "properties": {
        "id": "node/9209689261",
        "osmType": "node",
        "osmId": 9209689261,
        "name": "Bloque 4",
        "category": "amenity",
        "kind": "public_transport:stop_position",
        "source": "OpenStreetMap",
        "sourceUrl": "https://www.openstreetmap.org/node/9209689261",
        "tags": {
          "bus": "yes",
          "name": "Bloque 4",
          "network": "Metrobus Caracas",
          "network:wikidata": "Q5037565",
          "network:wikipedia": "es:Metrobús (Caracas)",
          "operator": "C.A. Metro de Caracas",
          "operator:wikidata": "Q21001826",
          "public_transport": "stop_position",
          "ref": "3",
          "source": "Maxar (2021); C.A. Metro de Caracas (2004); local knowledge"
        }
      }
    },
    {
      "type": "Feature",
      "geometry": {
        "type": "Point",
        "coordinates": [
          -66.9697648,
          10.5999063
        ]
      },
      "properties": {
        "id": "node/10951503434",
        "osmType": "node",
        "osmId": 10951503434,
        "name": "Bloque 4",
        "category": "amenity",
        "kind": "public_transport:platform",
        "source": "OpenStreetMap",
        "sourceUrl": "https://www.openstreetmap.org/node/10951503434",
        "tags": {
          "bench": "no",
          "bus": "yes",
          "highway": "bus_stop",
          "name": "Bloque 4",
          "network": "Metrobus Caracas",
          "network:wikidata": "Q5037565",
          "network:wikipedia": "es:Metrobús (Caracas)",
          "operator": "C.A. Metro de Caracas",
          "operator:wikidata": "Q21001826",
          "public_transport": "platform",
          "ref": "3",
          "shelter": "no",
          "source": "Maxar (2021); C.A. Metro de Caracas (2004); local knowledge",
          "wheelchair": "limited"
        }
      }
    },
    {
      "type": "Feature",
      "geometry": {
        "type": "Point",
        "coordinates": [
          -67.0030901,
          10.602547
        ]
      },
      "properties": {
        "id": "way/248372500",
        "osmType": "way",
        "osmId": 248372500,
        "name": "C",
        "category": "amenity",
        "kind": "aeroway:taxiway",
        "source": "OpenStreetMap",
        "sourceUrl": "https://www.openstreetmap.org/way/248372500",
        "tags": {
          "aeroway": "taxiway",
          "name": "C",
          "ref": "C"
        }
      }
    },
    {
      "type": "Feature",
      "geometry": {
        "type": "Point",
        "coordinates": [
          -67.0030248,
          10.6005696
        ]
      },
      "properties": {
        "id": "way/639650941",
        "osmType": "way",
        "osmId": 639650941,
        "name": "C",
        "category": "amenity",
        "kind": "aeroway:taxiway",
        "source": "OpenStreetMap",
        "sourceUrl": "https://www.openstreetmap.org/way/639650941",
        "tags": {
          "aeroway": "taxiway",
          "name": "C",
          "ref": "C"
        }
      }
    },
    {
      "type": "Feature",
      "geometry": {
        "type": "Point",
        "coordinates": [
          -67.0153128,
          10.5960821
        ]
      },
      "properties": {
        "id": "node/3121554461",
        "osmType": "node",
        "osmId": 3121554461,
        "name": "Capela Nossa Senhora de Fátima",
        "category": "amenity",
        "kind": "amenity:place_of_worship",
        "source": "OpenStreetMap",
        "sourceUrl": "https://www.openstreetmap.org/node/3121554461",
        "tags": {
          "amenity": "place_of_worship",
          "denomination": "roman_catholic",
          "name": "Capela Nossa Senhora de Fátima",
          "religion": "christian",
          "service_times": "Sa 20:00"
        }
      }
    },
    {
      "type": "Feature",
      "geometry": {
        "type": "Point",
        "coordinates": [
          -67.0327421,
          10.6035353
        ]
      },
      "properties": {
        "id": "way/572672599",
        "osmType": "way",
        "osmId": 572672599,
        "name": "Capilla Nuestra Señora de Coromoto",
        "category": "amenity",
        "kind": "building:chapel",
        "source": "OpenStreetMap",
        "sourceUrl": "https://www.openstreetmap.org/way/572672599",
        "tags": {
          "addr:city": "Catia La Mar",
          "addr:country": "VE",
          "addr:suburb": "Las Colinas",
          "amenity": "place_of_worship",
          "building": "chapel",
          "building:levels": "1",
          "denomination": "roman_catholic",
          "name": "Capilla Nuestra Señora de Coromoto",
          "religion": "christian"
        }
      }
    },
    {
      "type": "Feature",
      "geometry": {
        "type": "Point",
        "coordinates": [
          -67.0340309,
          10.6080402
        ]
      },
      "properties": {
        "id": "node/10958011289",
        "osmType": "node",
        "osmId": 10958011289,
        "name": "Casa de Destino Global",
        "category": "amenity",
        "kind": "amenity:place_of_worship",
        "source": "OpenStreetMap",
        "sourceUrl": "https://www.openstreetmap.org/node/10958011289",
        "tags": {
          "amenity": "place_of_worship",
          "name": "Casa de Destino Global",
          "religion": "christian"
        }
      }
    },
    {
      "type": "Feature",
      "geometry": {
        "type": "Point",
        "coordinates": [
          -67.0208849,
          10.594542
        ]
      },
      "properties": {
        "id": "way/438154723",
        "osmType": "way",
        "osmId": 438154723,
        "name": "Casa Hogar Misioneras de la Caridad",
        "category": "amenity",
        "kind": "building:yes",
        "source": "OpenStreetMap",
        "sourceUrl": "https://www.openstreetmap.org/way/438154723",
        "tags": {
          "alt_name": "Casa Teresa de Calcuta",
          "amenity": "social_facility",
          "building": "yes",
          "name": "Casa Hogar Misioneras de la Caridad",
          "phone": "+58 212-3512313",
          "social_facility": "orphanage",
          "social_facility:for": "orphan",
          "wheelchair": "no"
        }
      }
    },
    {
      "type": "Feature",
      "geometry": {
        "type": "Point",
        "coordinates": [
          -67.035015,
          10.534414
        ]
      },
      "properties": {
        "id": "node/9213947566",
        "osmType": "node",
        "osmId": 9213947566,
        "name": "Ciudad Caribia",
        "category": "amenity",
        "kind": "public_transport:stop_position",
        "source": "OpenStreetMap",
        "sourceUrl": "https://www.openstreetmap.org/node/9213947566",
        "tags": {
          "bus": "yes",
          "name": "Ciudad Caribia",
          "public_transport": "stop_position",
          "source": "local knowledge"
        }
      }
    },
    {
      "type": "Feature",
      "geometry": {
        "type": "Point",
        "coordinates": [
          -67.0350639,
          10.5344824
        ]
      },
      "properties": {
        "id": "node/9213947567",
        "osmType": "node",
        "osmId": 9213947567,
        "name": "Ciudad Caribia",
        "category": "amenity",
        "kind": "public_transport:platform",
        "source": "OpenStreetMap",
        "sourceUrl": "https://www.openstreetmap.org/node/9213947567",
        "tags": {
          "bench": "no",
          "highway": "bus_stop",
          "name": "Ciudad Caribia",
          "public_transport": "platform",
          "shelter": "no",
          "source": "local knowledge",
          "wheelchair": "no"
        }
      }
    },
    {
      "type": "Feature",
      "geometry": {
        "type": "Point",
        "coordinates": [
          -67.0349814,
          10.5343572
        ]
      },
      "properties": {
        "id": "node/9213947568",
        "osmType": "node",
        "osmId": 9213947568,
        "name": "Ciudad Caribia",
        "category": "amenity",
        "kind": "public_transport:platform",
        "source": "OpenStreetMap",
        "sourceUrl": "https://www.openstreetmap.org/node/9213947568",
        "tags": {
          "bench": "no",
          "highway": "bus_stop",
          "name": "Ciudad Caribia",
          "public_transport": "platform",
          "shelter": "no",
          "source": "local knowledge",
          "wheelchair": "no"
        }
      }
    },
    {
      "type": "Feature",
      "geometry": {
        "type": "Point",
        "coordinates": [
          -67.014002,
          10.6099834
        ]
      },
      "properties": {
        "id": "node/5065221421",
        "osmType": "node",
        "osmId": 5065221421,
        "name": "Comunidad Cristiana Enmanuel Vargas",
        "category": "amenity",
        "kind": "amenity:place_of_worship",
        "source": "OpenStreetMap",
        "sourceUrl": "https://www.openstreetmap.org/node/5065221421",
        "tags": {
          "addr:street": "Av. Central de Playa Grande",
          "amenity": "place_of_worship",
          "name": "Comunidad Cristiana Enmanuel Vargas",
          "name:en": "CCE Vargas",
          "opening_hours": "Su 09:00-13:00",
          "website": "http://cce24.org"
        }
      }
    },
    {
      "type": "Feature",
      "geometry": {
        "type": "Point",
        "coordinates": [
          -66.9785562,
          10.6012209
        ]
      },
      "properties": {
        "id": "way/248444321",
        "osmType": "way",
        "osmId": 248444321,
        "name": "Corporación PG",
        "category": "amenity",
        "kind": "building:hangar",
        "source": "OpenStreetMap",
        "sourceUrl": "https://www.openstreetmap.org/way/248444321",
        "tags": {
          "addr:city": "Catia La Mar",
          "addr:postcode": "1162",
          "aeroway": "hangar",
          "building": "hangar",
          "building:levels": "1",
          "height": "15",
          "name": "Corporación PG",
          "roof:shape": "gabled",
          "website": "https://www.agequip.com.ve/"
        }
      }
    },
    {
      "type": "Feature",
      "geometry": {
        "type": "Point",
        "coordinates": [
          -66.9967198,
          10.6015286
        ]
      },
      "properties": {
        "id": "way/248384811",
        "osmType": "way",
        "osmId": 248384811,
        "name": "D",
        "category": "amenity",
        "kind": "aeroway:taxiway",
        "source": "OpenStreetMap",
        "sourceUrl": "https://www.openstreetmap.org/way/248384811",
        "tags": {
          "aeroway": "taxiway",
          "name": "D",
          "ref": "D",
          "surface": "asphalt"
        }
      }
    },
    {
      "type": "Feature",
      "geometry": {
        "type": "Point",
        "coordinates": [
          -66.9814777,
          10.5999807
        ]
      },
      "properties": {
        "id": "node/4439297790",
        "osmType": "node",
        "osmId": 4439297790,
        "name": "DHL Express Maiquetia Aduana",
        "category": "amenity",
        "kind": "amenity:post_office",
        "source": "OpenStreetMap",
        "sourceUrl": "https://www.openstreetmap.org/node/4439297790",
        "tags": {
          "addr:city": "Catia La Mar",
          "addr:postcode": "1162",
          "addr:street": "Av. Aeropuerto",
          "amenity": "post_office",
          "brand": "DHL",
          "brand:wikidata": "Q489815",
          "name": "DHL Express Maiquetia Aduana"
        }
      }
    },
    {
      "type": "Feature",
      "geometry": {
        "type": "Point",
        "coordinates": [
          -67.026468,
          10.6033962
        ]
      },
      "properties": {
        "id": "node/4921433342",
        "osmType": "node",
        "osmId": 4921433342,
        "name": "Domesa",
        "category": "amenity",
        "kind": "amenity:post_office",
        "source": "OpenStreetMap",
        "sourceUrl": "https://www.openstreetmap.org/node/4921433342",
        "tags": {
          "addr:city": "Catia La Mar",
          "addr:postcode": "1162",
          "addr:street": "Av. Tacagua",
          "amenity": "post_office",
          "name": "Domesa",
          "operator": "Domesa",
          "operator:wikidata": "Q109606566"
        }
      }
    },
    {
      "type": "Feature",
      "geometry": {
        "type": "Point",
        "coordinates": [
          -66.9910446,
          10.6024124
        ]
      },
      "properties": {
        "id": "way/248377781",
        "osmType": "way",
        "osmId": 248377781,
        "name": "E",
        "category": "amenity",
        "kind": "aeroway:taxiway",
        "source": "OpenStreetMap",
        "sourceUrl": "https://www.openstreetmap.org/way/248377781",
        "tags": {
          "aeroway": "taxiway",
          "name": "E",
          "ref": "E"
        }
      }
    },
    {
      "type": "Feature",
      "geometry": {
        "type": "Point",
        "coordinates": [
          -66.9944655,
          10.5955912
        ]
      },
      "properties": {
        "id": "way/104284908",
        "osmType": "way",
        "osmId": 104284908,
        "name": "E/S Aviación",
        "category": "amenity",
        "kind": "amenity:fuel",
        "source": "OpenStreetMap",
        "sourceUrl": "https://www.openstreetmap.org/way/104284908",
        "tags": {
          "addr:city": "Catia La Mar",
          "addr:country": "VE",
          "addr:district": "Municipio Vargas",
          "addr:postcode": "1162",
          "addr:state": "VA",
          "addr:street": "Avenida Principal del Aeropuerto",
          "amenity": "fuel",
          "brand": "PDV",
          "charge": "0.50 USD",
          "compressed_air": "yes",
          "currency:BsF": "yes",
          "currency:EUR": "yes",
          "currency:USD": "yes",
          "currency:others": "no",
          "fee": "Internacional",
          "fuel:cng": "no",
          "fuel:diesel": "no",
          "fuel:octane_91": "yes",
          "fuel:octane_95": "yes",
          "highway": "services",
          "name": "E/S Aviación",
          "note": "Tarifa: INTERNACIONAL a USD 0.50 por litro",
          "note:en": "international rate at usd 0.50 per liter",
          "opening_hours": "24/7",
          "operator": "PDVSA",
          "payment:american_express": "yes",
          "payment:cryptocurrencies": "no",
          "payment:diners_club": "yes",
          "payment:electronic_purses": "no",
          "payment:maestro": "yes",
          "payment:mastercard": "yes",
          "payment:notes": "yes",
          "payment:visa": "yes",
          "self_service": "no",
          "smoking": "no",
          "source": "albertoq2004@hotmail.com",
          "toilets": "no",
          "wheelchair": "limited",
          "wikidata": "Q5802027",
          "wikipedia": "es:Deltaven"
        }
      }
    },
    {
      "type": "Feature",
      "geometry": {
        "type": "Point",
        "coordinates": [
          -67.0024747,
          10.597727
        ]
      },
      "properties": {
        "id": "way/248366702",
        "osmType": "way",
        "osmId": 248366702,
        "name": "Edificio sede IAIM",
        "category": "amenity",
        "kind": "building:public",
        "source": "OpenStreetMap",
        "sourceUrl": "https://www.openstreetmap.org/way/248366702",
        "tags": {
          "addr:city": "Catia La Mar",
          "addr:postcode": "1162",
          "addr:street": "Vía: Terminal Nacional",
          "aeroway": "terminal",
          "building": "public",
          "building:levels": "6",
          "name": "Edificio sede IAIM"
        }
      }
    },
    {
      "type": "Feature",
      "geometry": {
        "type": "Point",
        "coordinates": [
          -66.9804521,
          10.528023
        ]
      },
      "properties": {
        "id": "node/8870876674",
        "osmType": "node",
        "osmId": 8870876674,
        "name": "El Limón",
        "category": "amenity",
        "kind": "public_transport:platform",
        "source": "OpenStreetMap",
        "sourceUrl": "https://www.openstreetmap.org/node/8870876674",
        "tags": {
          "bench": "no",
          "bus": "yes",
          "highway": "bus_stop",
          "name": "El Limón",
          "public_transport": "platform",
          "shelter": "no",
          "source": "local knowledge",
          "wheelchair": "no"
        }
      }
    },
    {
      "type": "Feature",
      "geometry": {
        "type": "Point",
        "coordinates": [
          -66.9804748,
          10.5279536
        ]
      },
      "properties": {
        "id": "node/9213947564",
        "osmType": "node",
        "osmId": 9213947564,
        "name": "El Limón",
        "category": "amenity",
        "kind": "public_transport:stop_position",
        "source": "OpenStreetMap",
        "sourceUrl": "https://www.openstreetmap.org/node/9213947564",
        "tags": {
          "bus": "yes",
          "name": "El Limón",
          "public_transport": "stop_position",
          "source": "local knowledge"
        }
      }
    },
    {
      "type": "Feature",
      "geometry": {
        "type": "Point",
        "coordinates": [
          -66.9875388,
          10.6037215
        ]
      },
      "properties": {
        "id": "way/1381916763",
        "osmType": "way",
        "osmId": 1381916763,
        "name": "F",
        "category": "amenity",
        "kind": "aeroway:taxiway",
        "source": "OpenStreetMap",
        "sourceUrl": "https://www.openstreetmap.org/way/1381916763",
        "tags": {
          "aeroway": "taxiway",
          "name": "F",
          "ref": "F",
          "surface": "asphalt"
        }
      }
    },
    {
      "type": "Feature",
      "geometry": {
        "type": "Point",
        "coordinates": [
          -66.9992374,
          10.6015351
        ]
      },
      "properties": {
        "id": "way/248377782",
        "osmType": "way",
        "osmId": 248377782,
        "name": "G",
        "category": "amenity",
        "kind": "aeroway:taxiway",
        "source": "OpenStreetMap",
        "sourceUrl": "https://www.openstreetmap.org/way/248377782",
        "tags": {
          "aeroway": "taxiway",
          "name": "G",
          "ref": "G"
        }
      }
    },
    {
      "type": "Feature",
      "geometry": {
        "type": "Point",
        "coordinates": [
          -67.0130979,
          10.5962733
        ]
      },
      "properties": {
        "id": "node/4356730647",
        "osmType": "node",
        "osmId": 4356730647,
        "name": "Guaracarumbo",
        "category": "amenity",
        "kind": "public_transport:platform",
        "source": "OpenStreetMap",
        "sourceUrl": "https://www.openstreetmap.org/node/4356730647",
        "tags": {
          "bus": "yes",
          "highway": "bus_stop",
          "name": "Guaracarumbo",
          "public_transport": "platform"
        }
      }
    },
    {
      "type": "Feature",
      "geometry": {
        "type": "Point",
        "coordinates": [
          -67.0137152,
          10.5974271
        ]
      },
      "properties": {
        "id": "node/10954673258",
        "osmType": "node",
        "osmId": 10954673258,
        "name": "Guaracarumbo",
        "category": "amenity",
        "kind": "public_transport:platform",
        "source": "OpenStreetMap",
        "sourceUrl": "https://www.openstreetmap.org/node/10954673258",
        "tags": {
          "bus": "yes",
          "highway": "bus_stop",
          "name": "Guaracarumbo",
          "public_transport": "platform"
        }
      }
    },
    {
      "type": "Feature",
      "geometry": {
        "type": "Point",
        "coordinates": [
          -66.986453,
          10.598162
        ]
      },
      "properties": {
        "id": "way/248412757",
        "osmType": "way",
        "osmId": 248412757,
        "name": "Hangar de Aeropostal",
        "category": "amenity",
        "kind": "building:yes",
        "source": "OpenStreetMap",
        "sourceUrl": "https://www.openstreetmap.org/way/248412757",
        "tags": {
          "addr:city": "Catia La Mar",
          "addr:postcode": "1162",
          "aeroway": "hangar",
          "building": "yes",
          "name": "Hangar de Aeropostal"
        }
      }
    },
    {
      "type": "Feature",
      "geometry": {
        "type": "Point",
        "coordinates": [
          -66.9874018,
          10.5984668
        ]
      },
      "properties": {
        "id": "way/248412768",
        "osmType": "way",
        "osmId": 248412768,
        "name": "Hangar de Aeropostal",
        "category": "amenity",
        "kind": "building:yes",
        "source": "OpenStreetMap",
        "sourceUrl": "https://www.openstreetmap.org/way/248412768",
        "tags": {
          "addr:city": "Catia La Mar",
          "addr:housename": "Rampa de Carga y Hangares del Aeropuerto de Maiquetía",
          "addr:postcode": "1162",
          "aeroway": "hangar",
          "building": "yes",
          "name": "Hangar de Aeropostal"
        }
      }
    },
    {
      "type": "Feature",
      "geometry": {
        "type": "Point",
        "coordinates": [
          -66.9894108,
          10.5975591
        ]
      },
      "properties": {
        "id": "way/248412735",
        "osmType": "way",
        "osmId": 248412735,
        "name": "Hangar de Conviasa",
        "category": "amenity",
        "kind": "building:yes",
        "source": "OpenStreetMap",
        "sourceUrl": "https://www.openstreetmap.org/way/248412735",
        "tags": {
          "addr:city": "Catia La Mar",
          "addr:postcode": "1162",
          "aeroway": "hangar",
          "building": "yes",
          "name": "Hangar de Conviasa"
        }
      }
    },
    {
      "type": "Feature",
      "geometry": {
        "type": "Point",
        "coordinates": [
          -66.9904644,
          10.5974101
        ]
      },
      "properties": {
        "id": "way/248412747",
        "osmType": "way",
        "osmId": 248412747,
        "name": "Hangar de Conviasa",
        "category": "amenity",
        "kind": "building:yes",
        "source": "OpenStreetMap",
        "sourceUrl": "https://www.openstreetmap.org/way/248412747",
        "tags": {
          "addr:city": "Catia La Mar",
          "addr:postcode": "1162",
          "aeroway": "hangar",
          "building": "yes",
          "name": "Hangar de Conviasa"
        }
      }
    },
    {
      "type": "Feature",
      "geometry": {
        "type": "Point",
        "coordinates": [
          -66.9903931,
          10.5971642
        ]
      },
      "properties": {
        "id": "way/248412754",
        "osmType": "way",
        "osmId": 248412754,
        "name": "Hangar de Conviasa",
        "category": "amenity",
        "kind": "building:yes",
        "source": "OpenStreetMap",
        "sourceUrl": "https://www.openstreetmap.org/way/248412754",
        "tags": {
          "addr:city": "Catia La Mar",
          "addr:postcode": "1162",
          "aeroway": "hangar",
          "building": "yes",
          "name": "Hangar de Conviasa"
        }
      }
    },
    {
      "type": "Feature",
      "geometry": {
        "type": "Point",
        "coordinates": [
          -66.9882417,
          10.5971924
        ]
      },
      "properties": {
        "id": "way/248412749",
        "osmType": "way",
        "osmId": 248412749,
        "name": "Hangar de Estelar",
        "category": "amenity",
        "kind": "building:yes",
        "source": "OpenStreetMap",
        "sourceUrl": "https://www.openstreetmap.org/way/248412749",
        "tags": {
          "addr:city": "Catia La Mar",
          "addr:postcode": "1162",
          "aeroway": "hangar",
          "building": "yes",
          "name": "Hangar de Estelar"
        }
      }
    },
    {
      "type": "Feature",
      "geometry": {
        "type": "Point",
        "coordinates": [
          -66.9881109,
          10.5974733
        ]
      },
      "properties": {
        "id": "way/248412756",
        "osmType": "way",
        "osmId": 248412756,
        "name": "Hangar de Estelar",
        "category": "amenity",
        "kind": "building:yes",
        "source": "OpenStreetMap",
        "sourceUrl": "https://www.openstreetmap.org/way/248412756",
        "tags": {
          "addr:city": "Catia La Mar",
          "addr:postcode": "1162",
          "aeroway": "hangar",
          "building": "yes",
          "name": "Hangar de Estelar"
        }
      }
    },
    {
      "type": "Feature",
      "geometry": {
        "type": "Point",
        "coordinates": [
          -66.9886389,
          10.5971441
        ]
      },
      "properties": {
        "id": "way/248412759",
        "osmType": "way",
        "osmId": 248412759,
        "name": "Hangar de Estelar",
        "category": "amenity",
        "kind": "building:yes",
        "source": "OpenStreetMap",
        "sourceUrl": "https://www.openstreetmap.org/way/248412759",
        "tags": {
          "addr:city": "Catia La Mar",
          "addr:postcode": "1162",
          "aeroway": "hangar",
          "building": "yes",
          "name": "Hangar de Estelar"
        }
      }
    },
    {
      "type": "Feature",
      "geometry": {
        "type": "Point",
        "coordinates": [
          -66.9882196,
          10.5978644
        ]
      },
      "properties": {
        "id": "way/248412765",
        "osmType": "way",
        "osmId": 248412765,
        "name": "Hangar de Estelar",
        "category": "amenity",
        "kind": "building:yes",
        "source": "OpenStreetMap",
        "sourceUrl": "https://www.openstreetmap.org/way/248412765",
        "tags": {
          "addr:city": "Catia La Mar",
          "addr:postcode": "1162",
          "aeroway": "hangar",
          "building": "yes",
          "name": "Hangar de Estelar"
        }
      }
    },
    {
      "type": "Feature",
      "geometry": {
        "type": "Point",
        "coordinates": [
          -66.9980791,
          10.595416
        ]
      },
      "properties": {
        "id": "way/99021684",
        "osmType": "way",
        "osmId": 99021684,
        "name": "Hangar de Helica",
        "category": "amenity",
        "kind": "building:hangar",
        "source": "OpenStreetMap",
        "sourceUrl": "https://www.openstreetmap.org/way/99021684",
        "tags": {
          "addr:city": "Catia La Mar",
          "addr:postcode": "1162",
          "addr:street": "Av. Aeropuerto",
          "aeroway": "hangar",
          "building": "hangar",
          "name": "Hangar de Helica"
        }
      }
    },
    {
      "type": "Feature",
      "geometry": {
        "type": "Point",
        "coordinates": [
          -66.9855544,
          10.5984039
        ]
      },
      "properties": {
        "id": "way/248412766",
        "osmType": "way",
        "osmId": 248412766,
        "name": "Hangar de Laser Airlines",
        "category": "amenity",
        "kind": "building:yes",
        "source": "OpenStreetMap",
        "sourceUrl": "https://www.openstreetmap.org/way/248412766",
        "tags": {
          "addr:city": "Catia La Mar",
          "addr:postcode": "1162",
          "aeroway": "hangar",
          "building": "yes",
          "name": "Hangar de Laser Airlines"
        }
      }
    },
    {
      "type": "Feature",
      "geometry": {
        "type": "Point",
        "coordinates": [
          -66.9767696,
          10.6015238
        ]
      },
      "properties": {
        "id": "way/583473718",
        "osmType": "way",
        "osmId": 583473718,
        "name": "Hangar de PDVSA",
        "category": "amenity",
        "kind": "building:hangar",
        "source": "OpenStreetMap",
        "sourceUrl": "https://www.openstreetmap.org/way/583473718",
        "tags": {
          "addr:city": "Catia La Mar",
          "addr:postcode": "1162",
          "aeroway": "hangar",
          "building": "hangar",
          "building:levels": "1",
          "height": "15",
          "name": "Hangar de PDVSA",
          "roof:shape": "gabled"
        }
      }
    },
    {
      "type": "Feature",
      "geometry": {
        "type": "Point",
        "coordinates": [
          -66.9751177,
          10.6019886
        ]
      },
      "properties": {
        "id": "way/248444325",
        "osmType": "way",
        "osmId": 248444325,
        "name": "Hangar de SBA airlines",
        "category": "amenity",
        "kind": "building:hangar",
        "source": "OpenStreetMap",
        "sourceUrl": "https://www.openstreetmap.org/way/248444325",
        "tags": {
          "addr:city": "Catia La Mar",
          "addr:postcode": "1162",
          "aeroway": "hangar",
          "building": "hangar",
          "building:levels": "1",
          "height": "15",
          "name": "Hangar de SBA airlines",
          "roof:shape": "gabled"
        }
      }
    },
    {
      "type": "Feature",
      "geometry": {
        "type": "Point",
        "coordinates": [
          -66.9871906,
          10.5977396
        ]
      },
      "properties": {
        "id": "way/248412740",
        "osmType": "way",
        "osmId": 248412740,
        "name": "Hangar del SENIAT",
        "category": "amenity",
        "kind": "building:yes",
        "source": "OpenStreetMap",
        "sourceUrl": "https://www.openstreetmap.org/way/248412740",
        "tags": {
          "addr:city": "Catia La Mar",
          "addr:postcode": "1162",
          "aeroway": "hangar",
          "building": "yes",
          "name": "Hangar del SENIAT"
        }
      }
    },
    {
      "type": "Feature",
      "geometry": {
        "type": "Point",
        "coordinates": [
          -66.9875173,
          10.5979841
        ]
      },
      "properties": {
        "id": "way/248412753",
        "osmType": "way",
        "osmId": 248412753,
        "name": "Hangar del SENIAT",
        "category": "amenity",
        "kind": "building:yes",
        "source": "OpenStreetMap",
        "sourceUrl": "https://www.openstreetmap.org/way/248412753",
        "tags": {
          "addr:city": "Catia La Mar",
          "addr:postcode": "1162",
          "aeroway": "hangar",
          "building": "yes",
          "name": "Hangar del SENIAT"
        }
      }
    },
    {
      "type": "Feature",
      "geometry": {
        "type": "Point",
        "coordinates": [
          -66.9876171,
          10.5983424
        ]
      },
      "properties": {
        "id": "way/248412761",
        "osmType": "way",
        "osmId": 248412761,
        "name": "Hangar del SENIAT",
        "category": "amenity",
        "kind": "building:yes",
        "source": "OpenStreetMap",
        "sourceUrl": "https://www.openstreetmap.org/way/248412761",
        "tags": {
          "addr:city": "Catia La Mar",
          "addr:postcode": "1162",
          "aeroway": "hangar",
          "building": "yes",
          "name": "Hangar del SENIAT"
        }
      }
    },
    {
      "type": "Feature",
      "geometry": {
        "type": "Point",
        "coordinates": [
          -66.9878925,
          10.5982739
        ]
      },
      "properties": {
        "id": "way/248412764",
        "osmType": "way",
        "osmId": 248412764,
        "name": "Hangar del SENIAT",
        "category": "amenity",
        "kind": "building:yes",
        "source": "OpenStreetMap",
        "sourceUrl": "https://www.openstreetmap.org/way/248412764",
        "tags": {
          "addr:city": "Catia La Mar",
          "addr:postcode": "1162",
          "aeroway": "hangar",
          "building": "yes",
          "name": "Hangar del SENIAT"
        }
      }
    },
    {
      "type": "Feature",
      "geometry": {
        "type": "Point",
        "coordinates": [
          -66.9979025,
          10.5956628
        ]
      },
      "properties": {
        "id": "way/784329161",
        "osmType": "way",
        "osmId": 784329161,
        "name": "Helicópteros del Caribe",
        "category": "amenity",
        "kind": "aeroway:heliport",
        "source": "OpenStreetMap",
        "sourceUrl": "https://www.openstreetmap.org/way/784329161",
        "tags": {
          "addr:city": "Catia La Mar",
          "addr:postcode": "1162",
          "addr:street": "Av. Aeropuerto",
          "aeroway": "heliport",
          "ele": "96",
          "name": "Helicópteros del Caribe",
          "name:en": "Helicópteros del Caribe Heliport",
          "ref": "CCS"
        }
      }
    },
    {
      "type": "Feature",
      "geometry": {
        "type": "Point",
        "coordinates": [
          -66.9703083,
          10.5992597
        ]
      },
      "properties": {
        "id": "way/477888296",
        "osmType": "way",
        "osmId": 477888296,
        "name": "Iglesia Inmaculado Corazón de María",
        "category": "amenity",
        "kind": "building:church",
        "source": "OpenStreetMap",
        "sourceUrl": "https://www.openstreetmap.org/way/477888296",
        "tags": {
          "addr:city": "10 de Marzo",
          "amenity": "place_of_worship",
          "building": "church",
          "denomination": "roman_catholic",
          "name": "Iglesia Inmaculado Corazón de María",
          "religion": "christian"
        }
      }
    },
    {
      "type": "Feature",
      "geometry": {
        "type": "Point",
        "coordinates": [
          -67.0379313,
          10.5970086
        ]
      },
      "properties": {
        "id": "way/472461905",
        "osmType": "way",
        "osmId": 472461905,
        "name": "Iglesia Mcn Central",
        "category": "amenity",
        "kind": "building:yes",
        "source": "OpenStreetMap",
        "sourceUrl": "https://www.openstreetmap.org/way/472461905",
        "tags": {
          "amenity": "place_of_worship",
          "building": "yes",
          "name": "Iglesia Mcn Central"
        }
      }
    },
    {
      "type": "Feature",
      "geometry": {
        "type": "Point",
        "coordinates": [
          -67.0132423,
          10.5924193
        ]
      },
      "properties": {
        "id": "way/307093383",
        "osmType": "way",
        "osmId": 307093383,
        "name": "Iglesia Nuestra Señora de Coromoto",
        "category": "amenity",
        "kind": "building:yes",
        "source": "OpenStreetMap",
        "sourceUrl": "https://www.openstreetmap.org/way/307093383",
        "tags": {
          "addr:city": "Guaracarumbo",
          "amenity": "place_of_worship",
          "building": "yes",
          "denomination": "roman_catholic",
          "name": "Iglesia Nuestra Señora de Coromoto",
          "religion": "christian",
          "service_times": "Su 08:00; 10:00; Tu; Th 17:00"
        }
      }
    },
    {
      "type": "Feature",
      "geometry": {
        "type": "Point",
        "coordinates": [
          -67.0108246,
          10.6098457
        ]
      },
      "properties": {
        "id": "way/307093624",
        "osmType": "way",
        "osmId": 307093624,
        "name": "Iglesia Nuestra Señora de las Misericordias",
        "category": "amenity",
        "kind": "amenity:place_of_worship",
        "source": "OpenStreetMap",
        "sourceUrl": "https://www.openstreetmap.org/way/307093624",
        "tags": {
          "addr:city": "Catia La Mar",
          "addr:country": "VE",
          "addr:housename": "Iglesia Playa Grande",
          "addr:state": "Vargas",
          "amenity": "place_of_worship",
          "contact:facebook": "https://www.facebook.com/Parroquia-Ntra-Sra-de-Las-Misericordias-de-Playa-Grande-1031928423494564/",
          "denomination": "roman_catholic",
          "diocese": "La Guaira",
          "name": "Iglesia Nuestra Señora de las Misericordias",
          "phone": "+58 212-3516055",
          "religion": "christian",
          "service_times": "Tu-Sa 17:30; Su 8:00, 11:30, 17:30"
        }
      }
    },
    {
      "type": "Feature",
      "geometry": {
        "type": "Point",
        "coordinates": [
          -67.0393883,
          10.5977383
        ]
      },
      "properties": {
        "id": "way/307094275",
        "osmType": "way",
        "osmId": 307094275,
        "name": "Iglesia Nuestra Señora del Carmen",
        "category": "amenity",
        "kind": "building:church",
        "source": "OpenStreetMap",
        "sourceUrl": "https://www.openstreetmap.org/way/307094275",
        "tags": {
          "addr:city": "Catia La Mar",
          "addr:country": "VE",
          "addr:housename": "Iglesia de La Soublette",
          "addr:state": "VA",
          "amenity": "place_of_worship",
          "building": "church",
          "denomination": "roman_catholic",
          "diocese": "La Guaira",
          "name": "Iglesia Nuestra Señora del Carmen",
          "religion": "christian",
          "service_times": "Su 7:30; 17:00"
        }
      }
    },
    {
      "type": "Feature",
      "geometry": {
        "type": "Point",
        "coordinates": [
          -67.0198709,
          10.5942514
        ]
      },
      "properties": {
        "id": "way/379472868",
        "osmType": "way",
        "osmId": 379472868,
        "name": "Iglesia Nuestra Señora del Valle",
        "category": "amenity",
        "kind": "building:church",
        "source": "OpenStreetMap",
        "sourceUrl": "https://www.openstreetmap.org/way/379472868",
        "tags": {
          "addr:country": "VE",
          "addr:place": "Mirabal",
          "addr:province": "Catia La Mar",
          "addr:street": "Calle Real",
          "amenity": "place_of_worship",
          "building": "church",
          "denomination": "roman_catholic",
          "name": "Iglesia Nuestra Señora del Valle",
          "religion": "christian"
        }
      }
    },
    {
      "type": "Feature",
      "geometry": {
        "type": "Point",
        "coordinates": [
          -67.0357767,
          10.5891346
        ]
      },
      "properties": {
        "id": "node/4505173396",
        "osmType": "node",
        "osmId": 4505173396,
        "name": "Iglesia Pentecostal El Arca de Noe",
        "category": "amenity",
        "kind": "amenity:place_of_worship",
        "source": "OpenStreetMap",
        "sourceUrl": "https://www.openstreetmap.org/node/4505173396",
        "tags": {
          "addr:postcode": "1162",
          "addr:street": "Libertador",
          "amenity": "place_of_worship",
          "name": "Iglesia Pentecostal El Arca de Noe",
          "name:en": "Charpell El Arca de Noe",
          "name:es": "Iglesia Pentecostal El Arca de Noe",
          "opening_hours": "Su, We 10:00-00:00"
        }
      }
    },
    {
      "type": "Feature",
      "geometry": {
        "type": "Point",
        "coordinates": [
          -67.028064,
          10.6012133
        ]
      },
      "properties": {
        "id": "way/503363752",
        "osmType": "way",
        "osmId": 503363752,
        "name": "Iglesia Sagrado Corazón de Jesús",
        "category": "amenity",
        "kind": "building:church",
        "source": "OpenStreetMap",
        "sourceUrl": "https://www.openstreetmap.org/way/503363752",
        "tags": {
          "addr:city": "Catia La Mar",
          "addr:country": "VE",
          "addr:neighbourhood": "La Páez",
          "addr:state": "VA",
          "amenity": "place_of_worship",
          "building": "church",
          "denomination": "roman_catholic",
          "name": "Iglesia Sagrado Corazón de Jesús",
          "religion": "christian"
        }
      }
    },
    {
      "type": "Feature",
      "geometry": {
        "type": "Point",
        "coordinates": [
          -66.9763892,
          10.5930208
        ]
      },
      "properties": {
        "id": "node/3121621629",
        "osmType": "node",
        "osmId": 3121621629,
        "name": "Iglesia San Martín de Porras",
        "category": "amenity",
        "kind": "amenity:place_of_worship",
        "source": "OpenStreetMap",
        "sourceUrl": "https://www.openstreetmap.org/node/3121621629",
        "tags": {
          "addr:city": "Montesano",
          "amenity": "place_of_worship",
          "denomination": "roman_catholic",
          "name": "Iglesia San Martín de Porras",
          "religion": "christian"
        }
      }
    },
    {
      "type": "Feature",
      "geometry": {
        "type": "Point",
        "coordinates": [
          -66.9762338,
          10.5284199
        ]
      },
      "properties": {
        "id": "node/3811304025",
        "osmType": "node",
        "osmId": 3811304025,
        "name": "Iglesia Santa Rita",
        "category": "amenity",
        "kind": "amenity:place_of_worship",
        "source": "OpenStreetMap",
        "sourceUrl": "https://www.openstreetmap.org/node/3811304025",
        "tags": {
          "amenity": "place_of_worship",
          "denomination": "roman_catholic",
          "name": "Iglesia Santa Rita",
          "religion": "christian"
        }
      }
    },
    {
      "type": "Feature",
      "geometry": {
        "type": "Point",
        "coordinates": [
          -66.9818693,
          10.600101
        ]
      },
      "properties": {
        "id": "node/10951503502",
        "osmType": "node",
        "osmId": 10951503502,
        "name": "Instituto Postal Telegráfico De Venezuela",
        "category": "amenity",
        "kind": "amenity:post_office",
        "source": "OpenStreetMap",
        "sourceUrl": "https://www.openstreetmap.org/node/10951503502",
        "tags": {
          "alt_name": "IPOSTEL",
          "amenity": "post_office",
          "name": "Instituto Postal Telegráfico De Venezuela",
          "operator": "Instituto Postal Telegráfico de Venezuela",
          "operator:wikidata": "Q30061585"
        }
      }
    },
    {
      "type": "Feature",
      "geometry": {
        "type": "Point",
        "coordinates": [
          -66.9819443,
          10.6002113
        ]
      },
      "properties": {
        "id": "way/248444326",
        "osmType": "way",
        "osmId": 248444326,
        "name": "Ipostel Maiquetía",
        "category": "amenity",
        "kind": "building:hangar",
        "source": "OpenStreetMap",
        "sourceUrl": "https://www.openstreetmap.org/way/248444326",
        "tags": {
          "addr:city": "Catia La Mar",
          "addr:postcode": "1162",
          "aeroway": "hangar",
          "building": "hangar",
          "building:levels": "1",
          "height": "15",
          "name": "Ipostel Maiquetía",
          "roof:shape": "gabled"
        }
      }
    },
    {
      "type": "Feature",
      "geometry": {
        "type": "Point",
        "coordinates": [
          -66.9785364,
          10.6021442
        ]
      },
      "properties": {
        "id": "way/783798508",
        "osmType": "way",
        "osmId": 783798508,
        "name": "J",
        "category": "amenity",
        "kind": "aeroway:taxiway",
        "source": "OpenStreetMap",
        "sourceUrl": "https://www.openstreetmap.org/way/783798508",
        "tags": {
          "aeroway": "taxiway",
          "name": "J",
          "ref": "J",
          "source": "Yahoo"
        }
      }
    },
    {
      "type": "Feature",
      "geometry": {
        "type": "Point",
        "coordinates": [
          -66.9783693,
          10.6021862
        ]
      },
      "properties": {
        "id": "way/783798509",
        "osmType": "way",
        "osmId": 783798509,
        "name": "J",
        "category": "amenity",
        "kind": "aeroway:taxiway",
        "source": "OpenStreetMap",
        "sourceUrl": "https://www.openstreetmap.org/way/783798509",
        "tags": {
          "aeroway": "taxiway",
          "name": "J",
          "ref": "J",
          "source": "Yahoo"
        }
      }
    },
    {
      "type": "Feature",
      "geometry": {
        "type": "Point",
        "coordinates": [
          -66.9682462,
          10.6003225
        ]
      },
      "properties": {
        "id": "node/10951503436",
        "osmType": "node",
        "osmId": 10951503436,
        "name": "José María Vargas",
        "category": "amenity",
        "kind": "public_transport:platform",
        "source": "OpenStreetMap",
        "sourceUrl": "https://www.openstreetmap.org/node/10951503436",
        "tags": {
          "bench": "no",
          "bus": "yes",
          "highway": "bus_stop",
          "name": "José María Vargas",
          "network": "Metrobus Caracas",
          "network:wikidata": "Q5037565",
          "network:wikipedia": "es:Metrobús (Caracas)",
          "operator": "C.A. Metro de Caracas",
          "operator:wikidata": "Q21001826",
          "public_transport": "platform",
          "ref": "4",
          "shelter": "no",
          "source": "Maxar (2021); C.A. Metro de Caracas (2004); local knowledge",
          "wheelchair": "limited"
        }
      }
    },
    {
      "type": "Feature",
      "geometry": {
        "type": "Point",
        "coordinates": [
          -66.9856085,
          10.6008943
        ]
      },
      "properties": {
        "id": "way/248407689",
        "osmType": "way",
        "osmId": 248407689,
        "name": "K",
        "category": "amenity",
        "kind": "aeroway:taxiway",
        "source": "OpenStreetMap",
        "sourceUrl": "https://www.openstreetmap.org/way/248407689",
        "tags": {
          "aeroway": "taxiway",
          "name": "K",
          "ref": "K"
        }
      }
    },
    {
      "type": "Feature",
      "geometry": {
        "type": "Point",
        "coordinates": [
          -66.9814633,
          10.6020736
        ]
      },
      "properties": {
        "id": "way/248407690",
        "osmType": "way",
        "osmId": 248407690,
        "name": "L",
        "category": "amenity",
        "kind": "aeroway:taxiway",
        "source": "OpenStreetMap",
        "sourceUrl": "https://www.openstreetmap.org/way/248407690",
        "tags": {
          "aeroway": "taxiway",
          "name": "L",
          "ref": "L"
        }
      }
    },
    {
      "type": "Feature",
      "geometry": {
        "type": "Point",
        "coordinates": [
          -67.0200303,
          10.6009687
        ]
      },
      "properties": {
        "id": "node/3796881358",
        "osmType": "node",
        "osmId": 3796881358,
        "name": "La Lucha",
        "category": "amenity",
        "kind": "public_transport:platform",
        "source": "OpenStreetMap",
        "sourceUrl": "https://www.openstreetmap.org/node/3796881358",
        "tags": {
          "bus": "yes",
          "highway": "bus_stop",
          "name": "La Lucha",
          "public_transport": "platform"
        }
      }
    },
    {
      "type": "Feature",
      "geometry": {
        "type": "Point",
        "coordinates": [
          -67.0309479,
          10.6000748
        ]
      },
      "properties": {
        "id": "way/478913618",
        "osmType": "way",
        "osmId": 478913618,
        "name": "Laboratorio de Química",
        "category": "amenity",
        "kind": "building:yes",
        "source": "OpenStreetMap",
        "sourceUrl": "https://www.openstreetmap.org/way/478913618",
        "tags": {
          "addr:city": "Catia La Mar",
          "amenity": "research_institute",
          "building": "yes",
          "name": "Laboratorio de Química"
        }
      }
    },
    {
      "type": "Feature",
      "geometry": {
        "type": "Point",
        "coordinates": [
          -67.0263648,
          10.6036445
        ]
      },
      "properties": {
        "id": "node/7299869582",
        "osmType": "node",
        "osmId": 7299869582,
        "name": "Liberty Express",
        "category": "amenity",
        "kind": "amenity:post_office",
        "source": "OpenStreetMap",
        "sourceUrl": "https://www.openstreetmap.org/node/7299869582",
        "tags": {
          "addr:city": "Catia La Mar",
          "addr:full": "Av. La Atlántida. C.C. Ciudad Jardín. PB. Local 6. Catia La Mar. (Bajando por la calle de Mc Donalds), Edo. Vargas",
          "addr:housename": "C.C Ciudad Jardín",
          "addr:postcode": "1162",
          "addr:street": "Av. Tacagua",
          "air_conditioning": "yes",
          "amenity": "post_office",
          "brand": "Liberty Express",
          "brand:wikipedia": "es:Liberty Express",
          "capacity": "15",
          "contact:facebook": "https://www.facebook.com/libertyexpressvenezuela",
          "contact:instagram": "https://www.instagram.com/libertyexpressve/",
          "contact:twitter": "https://twitter.com/LibertyExpress?ref_src=twsrc%5Egoogle%7Ctwcamp%5Eserp%7Ctwgr%5Eauthor",
          "contact:youtube": "https://twitter.com/libertyexpress",
          "currency:BsF": "yes",
          "currency:EUR": "yes",
          "currency:USD": "yes",
          "currency:others": "no",
          "drive_through": "no",
          "image": "https://lh5.googleusercontent.com/p/AF1QipN7TV2GoCwD6jl5Chfut5K0Ikox0eq369VvUVgE=w408-h304-k-no",
          "internet_access": "wlan",
          "internet_access:fee": "no",
          "name": "Liberty Express",
          "opening_hours": "Mo-Fr 08:00-17:00,Sa 08:00-14:00; Jan 1,Apr 19,May 1,Jun 24,Jul 5,Jul 24,Oct 12,Dec 24,Dec 25,Dec 31, off",
          "operator": "Liberty Express C.A",
          "operator:phone": "0501-2687437",
          "payment:american_express": "yes",
          "payment:cash": "yes",
          "payment:diners_club": "yes",
          "payment:maestro": "yes",
          "payment:mastercard": "yes",
          "payment:visa": "yes",
          "phone": "+58 212-2150771",
          "smoking": "no",
          "source": "albertoq2004@hotmail.com",
          "start_date": "01-01-2004",
          "surveillance": "indoor",
          "website": "https://libertyexpress.com/venezuela/",
          "wheelchair": "yes"
        }
      }
    },
    {
      "type": "Feature",
      "geometry": {
        "type": "Point",
        "coordinates": [
          -67.0383745,
          10.598116
        ]
      },
      "properties": {
        "id": "way/1533521623",
        "osmType": "way",
        "osmId": 1533521623,
        "name": "Local Evangelico Catía la Mar",
        "category": "amenity",
        "kind": "building:yes",
        "source": "OpenStreetMap",
        "sourceUrl": "https://www.openstreetmap.org/way/1533521623",
        "tags": {
          "amenity": "place_of_worship",
          "building": "yes",
          "building:levels": "1",
          "damage:assessment": "2026-06-26",
          "damage:event": "2026 Venezuelan earthquake",
          "name": "Local Evangelico Catía la Mar",
          "source:damage": "Vantor"
        }
      }
    },
    {
      "type": "Feature",
      "geometry": {
        "type": "Point",
        "coordinates": [
          -66.977289,
          10.6035421
        ]
      },
      "properties": {
        "id": "way/248384816",
        "osmType": "way",
        "osmId": 248384816,
        "name": "M",
        "category": "amenity",
        "kind": "aeroway:taxiway",
        "source": "OpenStreetMap",
        "sourceUrl": "https://www.openstreetmap.org/way/248384816",
        "tags": {
          "aeroway": "taxiway",
          "name": "M",
          "ref": "M",
          "surface": "asphalt"
        }
      }
    },
    {
      "type": "Feature",
      "geometry": {
        "type": "Point",
        "coordinates": [
          -66.9773136,
          10.6028981
        ]
      },
      "properties": {
        "id": "way/248407691",
        "osmType": "way",
        "osmId": 248407691,
        "name": "M",
        "category": "amenity",
        "kind": "aeroway:taxiway",
        "source": "OpenStreetMap",
        "sourceUrl": "https://www.openstreetmap.org/way/248407691",
        "tags": {
          "aeroway": "taxiway",
          "name": "M",
          "ref": "M",
          "source": "Yahoo",
          "surface": "asphalt"
        }
      }
    },
    {
      "type": "Feature",
      "geometry": {
        "type": "Point",
        "coordinates": [
          -67.0011385,
          10.5975498
        ]
      },
      "properties": {
        "id": "node/9212287637",
        "osmType": "node",
        "osmId": 9212287637,
        "name": "Maiquetía",
        "category": "amenity",
        "kind": "public_transport:stop_position",
        "source": "OpenStreetMap",
        "sourceUrl": "https://www.openstreetmap.org/node/9212287637",
        "tags": {
          "bus": "yes",
          "name": "Maiquetía",
          "network": "UCAMC",
          "operator": "Unión de Conductores Maiquetía Caracas",
          "public_transport": "stop_position",
          "source": "local knowledge"
        }
      }
    },
    {
      "type": "Feature",
      "geometry": {
        "type": "Point",
        "coordinates": [
          -67.0246456,
          10.6024441
        ]
      },
      "properties": {
        "id": "way/317017781",
        "osmType": "way",
        "osmId": 317017781,
        "name": "Mercado Comunitario de Catia La Mar",
        "category": "amenity",
        "kind": "building:yes",
        "source": "OpenStreetMap",
        "sourceUrl": "https://www.openstreetmap.org/way/317017781",
        "tags": {
          "addr:city": "Catia La Mar",
          "addr:country": "VE",
          "addr:state": "VA",
          "amenity": "marketplace",
          "building": "yes",
          "image": "https://photos.app.goo.gl/H3d1VdzPbjMKQaoN8",
          "name": "Mercado Comunitario de Catia La Mar"
        }
      }
    },
    {
      "type": "Feature",
      "geometry": {
        "type": "Point",
        "coordinates": [
          -66.9768248,
          10.6012681
        ]
      },
      "properties": {
        "id": "way/248444328",
        "osmType": "way",
        "osmId": 248444328,
        "name": "Mercaduana",
        "category": "amenity",
        "kind": "building:hangar",
        "source": "OpenStreetMap",
        "sourceUrl": "https://www.openstreetmap.org/way/248444328",
        "tags": {
          "addr:city": "Catia La Mar",
          "addr:postcode": "1162",
          "aeroway": "hangar",
          "building": "hangar",
          "building:levels": "1",
          "height": "15",
          "name": "Mercaduana",
          "roof:shape": "gabled",
          "website": "https://www.mercaduana.com/"
        }
      }
    },
    {
      "type": "Feature",
      "geometry": {
        "type": "Point",
        "coordinates": [
          -67.0332286,
          10.6063956
        ]
      },
      "properties": {
        "id": "node/7301017069",
        "osmType": "node",
        "osmId": 7301017069,
        "name": "MRW",
        "category": "amenity",
        "kind": "amenity:post_office",
        "source": "OpenStreetMap",
        "sourceUrl": "https://www.openstreetmap.org/node/7301017069",
        "tags": {
          "addr:city": "Catia La Mar",
          "addr:full": "AV ATLANTIDA CALLE 3 ALADO DE LA FUNERARIA SAN ANTONIO",
          "addr:housename": "Edificio ???",
          "addr:postcode": "1162",
          "addr:street": "Calle 3 de La Atlántida",
          "air_conditioning": "yes",
          "amenity": "post_office",
          "brand": "MRW",
          "brand:wikidata": "Q23767821",
          "brand:wikipedia": "es:MRW",
          "capacity": "15",
          "contact:facebook": "https://www.facebook.com/mrwvenezuela",
          "contact:instagram": "https://instagram.com/mrw.ve",
          "contact:twitter": "https://twitter.com/MRW_vzla",
          "contact:youtube": "https://www.youtube.com/channel/UC64rJQIGrFSVhHsfFvo9beA",
          "currency:BsF": "yes",
          "currency:EUR": "yes",
          "currency:USD": "yes",
          "currency:others": "no",
          "drive_through": "no",
          "internet_access": "wlan",
          "internet_access:fee": "no",
          "name": "MRW",
          "opening_hours": "Mo-Fr 08:00-17:00; Jan 01,Apr 19,May 01,Jun 24,Jul 05,Jul 24,Oct 12,Dec 24,Dec 25,Dec 31 off",
          "operator": "MRW",
          "operator:phone": "0800-3040000",
          "operator:wikidata": "Q23767821",
          "payment:american_express": "yes",
          "payment:cash": "yes",
          "payment:diners_club": "yes",
          "payment:maestro": "yes",
          "payment:mastercard": "yes",
          "payment:visa": "yes",
          "phone": "+58-212-3528305",
          "ref": "2201000",
          "smoking": "no",
          "source": "albertoq2004@hotmail.com",
          "start_date": "01-01-2000",
          "surveillance": "indoor",
          "website": "https://www.mrwve.com/",
          "wheelchair": "yes"
        }
      }
    },
    {
      "type": "Feature",
      "geometry": {
        "type": "Point",
        "coordinates": [
          -66.9729966,
          10.6043978
        ]
      },
      "properties": {
        "id": "way/248353889",
        "osmType": "way",
        "osmId": 248353889,
        "name": "N",
        "category": "amenity",
        "kind": "aeroway:taxiway",
        "source": "OpenStreetMap",
        "sourceUrl": "https://www.openstreetmap.org/way/248353889",
        "tags": {
          "aeroway": "taxiway",
          "name": "N",
          "ref": "N",
          "source": "Yahoo",
          "surface": "asphalt"
        }
      }
    },
    {
      "type": "Feature",
      "geometry": {
        "type": "Point",
        "coordinates": [
          -67.0064695,
          10.5976005
        ]
      },
      "properties": {
        "id": "node/4937765405",
        "osmType": "node",
        "osmId": 4937765405,
        "name": "Nuestra Señora de Loreto",
        "category": "amenity",
        "kind": "amenity:place_of_worship",
        "source": "OpenStreetMap",
        "sourceUrl": "https://www.openstreetmap.org/node/4937765405",
        "tags": {
          "addr:city": "Catia La Mar",
          "addr:housename": "Terminal Internacional",
          "addr:postcode": "1162",
          "addr:street": "Vìa Terminal Internacional",
          "amenity": "place_of_worship",
          "denomination": "roman_catholic",
          "name": "Nuestra Señora de Loreto",
          "religion": "christian"
        }
      }
    },
    {
      "type": "Feature",
      "geometry": {
        "type": "Point",
        "coordinates": [
          -67.0038251,
          10.594515
        ]
      },
      "properties": {
        "id": "node/10953250291",
        "osmType": "node",
        "osmId": 10953250291,
        "name": "Parada Barrio Aeropuerto",
        "category": "amenity",
        "kind": "public_transport:platform",
        "source": "OpenStreetMap",
        "sourceUrl": "https://www.openstreetmap.org/node/10953250291",
        "tags": {
          "bus": "yes",
          "highway": "bus_stop",
          "name": "Parada Barrio Aeropuerto",
          "public_transport": "platform"
        }
      }
    },
    {
      "type": "Feature",
      "geometry": {
        "type": "Point",
        "coordinates": [
          -67.0028882,
          10.5942756
        ]
      },
      "properties": {
        "id": "node/10953250292",
        "osmType": "node",
        "osmId": 10953250292,
        "name": "Parada Barrio Aeropuerto",
        "category": "amenity",
        "kind": "public_transport:platform",
        "source": "OpenStreetMap",
        "sourceUrl": "https://www.openstreetmap.org/node/10953250292",
        "tags": {
          "bus": "yes",
          "highway": "bus_stop",
          "name": "Parada Barrio Aeropuerto",
          "public_transport": "platform"
        }
      }
    },
    {
      "type": "Feature",
      "geometry": {
        "type": "Point",
        "coordinates": [
          -66.9961077,
          10.5945655
        ]
      },
      "properties": {
        "id": "node/10951514441",
        "osmType": "node",
        "osmId": 10951514441,
        "name": "Parada Comunidad La Torre",
        "category": "amenity",
        "kind": "public_transport:platform",
        "source": "OpenStreetMap",
        "sourceUrl": "https://www.openstreetmap.org/node/10951514441",
        "tags": {
          "bus": "yes",
          "highway": "bus_stop",
          "name": "Parada Comunidad La Torre",
          "public_transport": "platform"
        }
      }
    },
    {
      "type": "Feature",
      "geometry": {
        "type": "Point",
        "coordinates": [
          -66.9956576,
          10.5948726
        ]
      },
      "properties": {
        "id": "node/10951514442",
        "osmType": "node",
        "osmId": 10951514442,
        "name": "Parada Comunidad La Torre",
        "category": "amenity",
        "kind": "public_transport:platform",
        "source": "OpenStreetMap",
        "sourceUrl": "https://www.openstreetmap.org/node/10951514442",
        "tags": {
          "bus": "yes",
          "highway": "bus_stop",
          "name": "Parada Comunidad La Torre",
          "public_transport": "platform"
        }
      }
    },
    {
      "type": "Feature",
      "geometry": {
        "type": "Point",
        "coordinates": [
          -66.9840435,
          10.5965135
        ]
      },
      "properties": {
        "id": "node/10951514399",
        "osmType": "node",
        "osmId": 10951514399,
        "name": "Parada La Aviación",
        "category": "amenity",
        "kind": "public_transport:platform",
        "source": "OpenStreetMap",
        "sourceUrl": "https://www.openstreetmap.org/node/10951514399",
        "tags": {
          "bus": "yes",
          "highway": "bus_stop",
          "name": "Parada La Aviación",
          "public_transport": "platform"
        }
      }
    },
    {
      "type": "Feature",
      "geometry": {
        "type": "Point",
        "coordinates": [
          -66.9850383,
          10.5967296
        ]
      },
      "properties": {
        "id": "node/10951514400",
        "osmType": "node",
        "osmId": 10951514400,
        "name": "Parada La Aviación",
        "category": "amenity",
        "kind": "public_transport:platform",
        "source": "OpenStreetMap",
        "sourceUrl": "https://www.openstreetmap.org/node/10951514400",
        "tags": {
          "bus": "yes",
          "highway": "bus_stop",
          "name": "Parada La Aviación",
          "public_transport": "platform"
        }
      }
    },
    {
      "type": "Feature",
      "geometry": {
        "type": "Point",
        "coordinates": [
          -66.9926535,
          10.5948459
        ]
      },
      "properties": {
        "id": "node/10951514438",
        "osmType": "node",
        "osmId": 10951514438,
        "name": "Parada Makro",
        "category": "amenity",
        "kind": "public_transport:platform",
        "source": "OpenStreetMap",
        "sourceUrl": "https://www.openstreetmap.org/node/10951514438",
        "tags": {
          "bus": "yes",
          "highway": "bus_stop",
          "name": "Parada Makro",
          "public_transport": "platform"
        }
      }
    },
    {
      "type": "Feature",
      "geometry": {
        "type": "Point",
        "coordinates": [
          -66.9923866,
          10.5951275
        ]
      },
      "properties": {
        "id": "node/10951514439",
        "osmType": "node",
        "osmId": 10951514439,
        "name": "Parada Makro",
        "category": "amenity",
        "kind": "public_transport:platform",
        "source": "OpenStreetMap",
        "sourceUrl": "https://www.openstreetmap.org/node/10951514439",
        "tags": {
          "bus": "yes",
          "highway": "bus_stop",
          "name": "Parada Makro",
          "public_transport": "platform"
        }
      }
    },
    {
      "type": "Feature",
      "geometry": {
        "type": "Point",
        "coordinates": [
          -66.9997608,
          10.5945573
        ]
      },
      "properties": {
        "id": "node/10954673205",
        "osmType": "node",
        "osmId": 10954673205,
        "name": "Parada Santa Educigis",
        "category": "amenity",
        "kind": "public_transport:platform",
        "source": "OpenStreetMap",
        "sourceUrl": "https://www.openstreetmap.org/node/10954673205",
        "tags": {
          "bus": "yes",
          "highway": "bus_stop",
          "name": "Parada Santa Educigis",
          "public_transport": "platform"
        }
      }
    },
    {
      "type": "Feature",
      "geometry": {
        "type": "Point",
        "coordinates": [
          -66.9987781,
          10.5943461
        ]
      },
      "properties": {
        "id": "node/10954673206",
        "osmType": "node",
        "osmId": 10954673206,
        "name": "Parada Santa Educigis",
        "category": "amenity",
        "kind": "public_transport:platform",
        "source": "OpenStreetMap",
        "sourceUrl": "https://www.openstreetmap.org/node/10954673206",
        "tags": {
          "bus": "yes",
          "highway": "bus_stop",
          "name": "Parada Santa Educigis",
          "public_transport": "platform"
        }
      }
    },
    {
      "type": "Feature",
      "geometry": {
        "type": "Point",
        "coordinates": [
          -67.015575,
          10.5895773
        ]
      },
      "properties": {
        "id": "way/1533373845",
        "osmType": "way",
        "osmId": 1533373845,
        "name": "PDVComuna",
        "category": "amenity",
        "kind": "building:yes",
        "source": "OpenStreetMap",
        "sourceUrl": "https://www.openstreetmap.org/way/1533373845",
        "tags": {
          "addr:city": "La Guaria",
          "addr:postcode": "1162",
          "addr:street": "Avenida Fundación Mendoza",
          "amenity": "fuel",
          "building": "yes",
          "name": "PDVComuna",
          "operator": "PDVComuna"
        }
      }
    },
    {
      "type": "Feature",
      "geometry": {
        "type": "Point",
        "coordinates": [
          -66.9965287,
          10.6042741
        ]
      },
      "properties": {
        "id": "way/24016636",
        "osmType": "way",
        "osmId": 24016636,
        "name": "Pista de Llegada",
        "category": "amenity",
        "kind": "aeroway:runway",
        "source": "OpenStreetMap",
        "sourceUrl": "https://www.openstreetmap.org/way/24016636",
        "tags": {
          "aeroway": "runway",
          "length": "3610",
          "name": "Pista de Llegada",
          "ref": "10L/28R",
          "surface": "asphalt",
          "width": "40"
        }
      }
    },
    {
      "type": "Feature",
      "geometry": {
        "type": "Point",
        "coordinates": [
          -66.9840976,
          10.6020345
        ]
      },
      "properties": {
        "id": "way/24016672",
        "osmType": "way",
        "osmId": 24016672,
        "name": "Pista de Salida",
        "category": "amenity",
        "kind": "aeroway:runway",
        "source": "OpenStreetMap",
        "sourceUrl": "https://www.openstreetmap.org/way/24016672",
        "tags": {
          "aeroway": "runway",
          "length": "3270",
          "name": "Pista de Salida",
          "ref": "09/27",
          "surface": "asphalt",
          "width": "40"
        }
      }
    },
    {
      "type": "Feature",
      "geometry": {
        "type": "Point",
        "coordinates": [
          -66.9972628,
          10.5988075
        ]
      },
      "properties": {
        "id": "way/784005946",
        "osmType": "way",
        "osmId": 784005946,
        "name": "Pista de Salida",
        "category": "amenity",
        "kind": "aeroway:runway",
        "source": "OpenStreetMap",
        "sourceUrl": "https://www.openstreetmap.org/way/784005946",
        "tags": {
          "aeroway": "runway",
          "name": "Pista de Salida",
          "ref": "09/27",
          "surface": "asphalt"
        }
      }
    },
    {
      "type": "Feature",
      "geometry": {
        "type": "Point",
        "coordinates": [
          -67.0270678,
          10.6036598
        ]
      },
      "properties": {
        "id": "node/3292336702",
        "osmType": "node",
        "osmId": 3292336702,
        "name": "Playa Grande-Playa Verde",
        "category": "amenity",
        "kind": "public_transport:platform",
        "source": "OpenStreetMap",
        "sourceUrl": "https://www.openstreetmap.org/node/3292336702",
        "tags": {
          "bus": "yes",
          "highway": "bus_stop",
          "name": "Playa Grande-Playa Verde",
          "public_transport": "platform"
        }
      }
    },
    {
      "type": "Feature",
      "geometry": {
        "type": "Point",
        "coordinates": [
          -66.9889219,
          10.597044
        ]
      },
      "properties": {
        "id": "way/1192798325",
        "osmType": "way",
        "osmId": 1192798325,
        "name": "Privado",
        "category": "amenity",
        "kind": "building:yes",
        "source": "OpenStreetMap",
        "sourceUrl": "https://www.openstreetmap.org/way/1192798325",
        "tags": {
          "aeroway": "hangar",
          "building": "yes",
          "name": "Privado"
        }
      }
    },
    {
      "type": "Feature",
      "geometry": {
        "type": "Point",
        "coordinates": [
          -67.0065408,
          10.5997367
        ]
      },
      "properties": {
        "id": "way/784613951",
        "osmType": "way",
        "osmId": 784613951,
        "name": "Rampa Comercial de Internacionales",
        "category": "amenity",
        "kind": "aeroway:apron",
        "source": "OpenStreetMap",
        "sourceUrl": "https://www.openstreetmap.org/way/784613951",
        "tags": {
          "aeroway": "apron",
          "name": "Rampa Comercial de Internacionales",
          "name:en": "International Ramp",
          "name:es": "Rampa Comercial de Internacionales"
        }
      }
    },
    {
      "type": "Feature",
      "geometry": {
        "type": "Point",
        "coordinates": [
          -67.0010012,
          10.5997269
        ]
      },
      "properties": {
        "id": "way/784613950",
        "osmType": "way",
        "osmId": 784613950,
        "name": "Rampa Comercial de Nacionales",
        "category": "amenity",
        "kind": "aeroway:apron",
        "source": "OpenStreetMap",
        "sourceUrl": "https://www.openstreetmap.org/way/784613950",
        "tags": {
          "aeroway": "apron",
          "name": "Rampa Comercial de Nacionales",
          "name:en": "National Ramp",
          "name:es": "Rampa Comercial de Nacionales"
        }
      }
    },
    {
      "type": "Feature",
      "geometry": {
        "type": "Point",
        "coordinates": [
          -66.9720822,
          10.6038975
        ]
      },
      "properties": {
        "id": "way/784038829",
        "osmType": "way",
        "osmId": 784038829,
        "name": "Rampa de Aviones Inutilizados",
        "category": "amenity",
        "kind": "aeroway:apron",
        "source": "OpenStreetMap",
        "sourceUrl": "https://www.openstreetmap.org/way/784038829",
        "tags": {
          "aeroway": "apron",
          "name": "Rampa de Aviones Inutilizados"
        }
      }
    },
    {
      "type": "Feature",
      "geometry": {
        "type": "Point",
        "coordinates": [
          -67.011358,
          10.5995656
        ]
      },
      "properties": {
        "id": "way/784613952",
        "osmType": "way",
        "osmId": 784613952,
        "name": "Rampa de Carga Internacional",
        "category": "amenity",
        "kind": "aeroway:apron",
        "source": "OpenStreetMap",
        "sourceUrl": "https://www.openstreetmap.org/way/784613952",
        "tags": {
          "aeroway": "apron",
          "name": "Rampa de Carga Internacional",
          "name:en": "International Cargo Ramp",
          "name:es": "Rampa de Carga Internacional"
        }
      }
    },
    {
      "type": "Feature",
      "geometry": {
        "type": "Point",
        "coordinates": [
          -66.9838669,
          10.6000406
        ]
      },
      "properties": {
        "id": "way/248444317",
        "osmType": "way",
        "osmId": 248444317,
        "name": "Rampa de Carga y Hangares",
        "category": "amenity",
        "kind": "aeroway:apron",
        "source": "OpenStreetMap",
        "sourceUrl": "https://www.openstreetmap.org/way/248444317",
        "tags": {
          "aeroway": "apron",
          "name": "Rampa de Carga y Hangares"
        }
      }
    },
    {
      "type": "Feature",
      "geometry": {
        "type": "Point",
        "coordinates": [
          -66.9945965,
          10.5977676
        ]
      },
      "properties": {
        "id": "way/248444319",
        "osmType": "way",
        "osmId": 248444319,
        "name": "Rampa del Terminal Auxiliar",
        "category": "amenity",
        "kind": "aeroway:apron",
        "source": "OpenStreetMap",
        "sourceUrl": "https://www.openstreetmap.org/way/248444319",
        "tags": {
          "aeroway": "apron",
          "name": "Rampa del Terminal Auxiliar"
        }
      }
    },
    {
      "type": "Feature",
      "geometry": {
        "type": "Point",
        "coordinates": [
          -67.0292418,
          10.6027949
        ]
      },
      "properties": {
        "id": "node/3406567132",
        "osmType": "node",
        "osmId": 3406567132,
        "name": "San Remo/La Capilla",
        "category": "amenity",
        "kind": "public_transport:platform",
        "source": "OpenStreetMap",
        "sourceUrl": "https://www.openstreetmap.org/node/3406567132",
        "tags": {
          "bus": "yes",
          "covered": "no",
          "highway": "bus_stop",
          "name": "San Remo/La Capilla",
          "public_transport": "platform",
          "shelter": "no"
        }
      }
    },
    {
      "type": "Feature",
      "geometry": {
        "type": "Point",
        "coordinates": [
          -67.0003304,
          10.5974513
        ]
      },
      "properties": {
        "id": "node/10958112522",
        "osmType": "node",
        "osmId": 10958112522,
        "name": "Sistema Integral de Transporte Superficial S.A. Aeropuerto National Malquetta",
        "category": "amenity",
        "kind": "public_transport:platform",
        "source": "OpenStreetMap",
        "sourceUrl": "https://www.openstreetmap.org/node/10958112522",
        "tags": {
          "bus": "yes",
          "highway": "bus_stop",
          "name": "Sistema Integral de Transporte Superficial S.A. Aeropuerto National Malquetta",
          "public_transport": "platform"
        }
      }
    },
    {
      "type": "Feature",
      "geometry": {
        "type": "Point",
        "coordinates": [
          -67.0269422,
          10.6043242
        ]
      },
      "properties": {
        "id": "node/5501449000",
        "osmType": "node",
        "osmId": 5501449000,
        "name": "Summa",
        "category": "amenity",
        "kind": "public_transport:platform",
        "source": "OpenStreetMap",
        "sourceUrl": "https://www.openstreetmap.org/node/5501449000",
        "tags": {
          "bus": "yes",
          "highway": "bus_stop",
          "name": "Summa",
          "public_transport": "platform"
        }
      }
    },
    {
      "type": "Feature",
      "geometry": {
        "type": "Point",
        "coordinates": [
          -66.9807967,
          10.5279439
        ]
      },
      "properties": {
        "id": "node/8870876673",
        "osmType": "node",
        "osmId": 8870876673,
        "name": "Tacagua",
        "category": "amenity",
        "kind": "public_transport:platform",
        "source": "OpenStreetMap",
        "sourceUrl": "https://www.openstreetmap.org/node/8870876673",
        "tags": {
          "bench": "no",
          "bus": "yes",
          "highway": "bus_stop",
          "name": "Tacagua",
          "public_transport": "platform",
          "shelter": "no",
          "source": "local knowledge",
          "wheelchair": "no"
        }
      }
    },
    {
      "type": "Feature",
      "geometry": {
        "type": "Point",
        "coordinates": [
          -66.980741,
          10.528017
        ]
      },
      "properties": {
        "id": "node/9213947565",
        "osmType": "node",
        "osmId": 9213947565,
        "name": "Tacagua",
        "category": "amenity",
        "kind": "public_transport:stop_position",
        "source": "OpenStreetMap",
        "sourceUrl": "https://www.openstreetmap.org/node/9213947565",
        "tags": {
          "bus": "yes",
          "name": "Tacagua",
          "public_transport": "stop_position",
          "source": "local knowledge"
        }
      }
    },
    {
      "type": "Feature",
      "geometry": {
        "type": "Point",
        "coordinates": [
          -67.0404104,
          10.6007607
        ]
      },
      "properties": {
        "id": "way/306845011",
        "osmType": "way",
        "osmId": 306845011,
        "name": "Terminal Público de Catia La Mar",
        "category": "amenity",
        "kind": "amenity:bus_station",
        "source": "OpenStreetMap",
        "sourceUrl": "https://www.openstreetmap.org/way/306845011",
        "tags": {
          "addr:city": "Catia La Mar",
          "addr:country": "VE",
          "addr:housename": "Terminal Público de Catia La Mar",
          "addr:postcode": "1162",
          "addr:state": "VA",
          "addr:street": "Avenida La Marina",
          "addr:suburb": "La Zorra",
          "amenity": "bus_station",
          "bus": "yes",
          "name": "Terminal Público de Catia La Mar",
          "opening_hours": "06:00-22:00",
          "operator": "Gobernación del Estado Vargas",
          "public_transport": "station",
          "wheelchair": "yes"
        }
      }
    },
    {
      "type": "Feature",
      "geometry": {
        "type": "Point",
        "coordinates": [
          -66.9911023,
          10.5970602
        ]
      },
      "properties": {
        "id": "way/248411074",
        "osmType": "way",
        "osmId": 248411074,
        "name": "Terminal Rampa 4",
        "category": "amenity",
        "kind": "building:yes",
        "source": "OpenStreetMap",
        "sourceUrl": "https://www.openstreetmap.org/way/248411074",
        "tags": {
          "addr:city": "Catia La Mar",
          "addr:postcode": "1162",
          "aeroway": "terminal",
          "alt_name": "Hangar Presidencial",
          "building": "yes",
          "name": "Terminal Rampa 4",
          "operator": "Grupo Aéreo Presidencial N°4"
        }
      }
    },
    {
      "type": "Feature",
      "geometry": {
        "type": "Point",
        "coordinates": [
          -66.97628,
          10.6016228
        ]
      },
      "properties": {
        "id": "way/248444334",
        "osmType": "way",
        "osmId": 248444334,
        "name": "Transporte Aerotáctico de la Armada de Venezuela",
        "category": "amenity",
        "kind": "building:hangar",
        "source": "OpenStreetMap",
        "sourceUrl": "https://www.openstreetmap.org/way/248444334",
        "tags": {
          "addr:city": "Catia La Mar",
          "addr:postcode": "1162",
          "aeroway": "hangar",
          "building": "hangar",
          "building:levels": "1",
          "height": "15",
          "name": "Transporte Aerotáctico de la Armada de Venezuela",
          "roof:shape": "gabled"
        }
      }
    },
    {
      "type": "Feature",
      "geometry": {
        "type": "Point",
        "coordinates": [
          -67.0031661,
          10.5701907
        ]
      },
      "properties": {
        "id": "way/961047859",
        "osmType": "way",
        "osmId": 961047859,
        "name": "Túnel n.° 3",
        "category": "amenity",
        "kind": "railway:abandoned",
        "source": "OpenStreetMap",
        "sourceUrl": "https://www.openstreetmap.org/way/961047859",
        "tags": {
          "electrified": "contact_line",
          "end_date": "1951",
          "layer": "-1",
          "name": "Túnel n.° 3",
          "railway": "abandoned",
          "source:geometry": "Maxar (2021)",
          "start_date": "1883",
          "tracks": "1",
          "tunnel": "yes",
          "usage": "transportation"
        }
      }
    },
    {
      "type": "Feature",
      "geometry": {
        "type": "Point",
        "coordinates": [
          -66.9909703,
          10.5471345
        ]
      },
      "properties": {
        "id": "way/961047856",
        "osmType": "way",
        "osmId": 961047856,
        "name": "Túnel n.° 7",
        "category": "amenity",
        "kind": "railway:abandoned",
        "source": "OpenStreetMap",
        "sourceUrl": "https://www.openstreetmap.org/way/961047856",
        "tags": {
          "electrified": "contact_line",
          "end_date": "1951",
          "layer": "-1",
          "name": "Túnel n.° 7",
          "railway": "abandoned",
          "source:geometry": "Maxar (2021)",
          "start_date": "1883",
          "tracks": "1",
          "tunnel": "yes",
          "usage": "transportation"
        }
      }
    },
    {
      "type": "Feature",
      "geometry": {
        "type": "Point",
        "coordinates": [
          -67.0014255,
          10.5974138
        ]
      },
      "properties": {
        "id": "node/3230883946",
        "osmType": "node",
        "osmId": 3230883946,
        "name": "UCAMC Maiquetía",
        "category": "amenity",
        "kind": "public_transport:platform",
        "source": "OpenStreetMap",
        "sourceUrl": "https://www.openstreetmap.org/node/3230883946",
        "tags": {
          "bench": "yes",
          "bus": "yes",
          "highway": "bus_stop",
          "name": "UCAMC Maiquetía",
          "network": "UCAMC",
          "operator": "Unión de Conductores Maiquetía Caracas",
          "public_transport": "platform",
          "shelter": "yes",
          "wheelchair": "no"
        }
      }
    },
    {
      "type": "Feature",
      "geometry": {
        "type": "Point",
        "coordinates": [
          -67.041032,
          10.6006982
        ]
      },
      "properties": {
        "id": "node/6384587691",
        "osmType": "node",
        "osmId": 6384587691,
        "name": "USB Litoral (Catia La Mar)",
        "category": "amenity",
        "kind": "public_transport:platform",
        "source": "OpenStreetMap",
        "sourceUrl": "https://www.openstreetmap.org/node/6384587691",
        "tags": {
          "addr:city": "Catia La Mar",
          "addr:housename": "Terminal Público de Catia La Mar",
          "addr:postcode": "1162",
          "addr:street": "Av. La Marina",
          "bin": "yes",
          "bus": "yes",
          "highway": "bus_stop",
          "name": "USB Litoral (Catia La Mar)",
          "opening_hours": "Mo-Fr 06:00-07:00",
          "passenger_information_display": "yes",
          "public_transport": "platform",
          "shelter": "yes"
        }
      }
    },
    {
      "type": "Feature",
      "geometry": {
        "type": "Point",
        "coordinates": [
          -67.0317483,
          10.6056876
        ]
      },
      "properties": {
        "id": "node/7298059242",
        "osmType": "node",
        "osmId": 7298059242,
        "name": "Zoom",
        "category": "amenity",
        "kind": "amenity:post_office",
        "source": "OpenStreetMap",
        "sourceUrl": "https://www.openstreetmap.org/node/7298059242",
        "tags": {
          "addr:city": "Catia La Mar",
          "addr:full": "AV. ATLANTIDA, CALLES 5 Y 6, QTA. HUCARIMAR, PB. LOCAL 1.",
          "addr:housename": "Quinta Hucarimar",
          "addr:postcode": "1162",
          "addr:street": "Av. La Atlántida",
          "air_conditioning": "yes",
          "amenity": "post_office",
          "brand": "Zoom",
          "capacity": "15",
          "contact:facebook": "https://es-la.facebook.com/ZoomEnviosYCargaExpress",
          "contact:instagram": "https://www.instagram.com/zoom_envios/?hl=es-la",
          "contact:twitter": "https://twitter.com/ZOOMEnvios?ref_src=twsrc%5Egoogle%7Ctwcamp%5Eserp%7Ctwgr%5Eauthor",
          "contact:youtube": "https://www.youtube.com/channel/UCb1oDPnegRVFFPkIdZs2_BA",
          "currency:BsF": "yes",
          "currency:EUR": "yes",
          "currency:USD": "yes",
          "currency:others": "no",
          "drive_through": "no",
          "image": "https://lh5.googleusercontent.com/p/AF1QipPmVS8fmuR1VCwdhWujMEktgTm2OxFC-Zz-OvQ0=w426-h240-k-no",
          "internet_access": "wlan",
          "internet_access:fee": "no",
          "name": "Zoom",
          "opening_hours": "Mo-Fr 08:00-12:00, 14:00-17:30; Jan 01,Apr 19,May 01,Jun 24,Jul 05,Jul 24,Oct 12,Dec 24,Dec 25,Dec 31 off",
          "operator": "Zoom",
          "operator:phone": "0501-9666000",
          "operator:wikidata": "Q109606671",
          "payment:american_express": "yes",
          "payment:cash": "yes",
          "payment:diners_club": "yes",
          "payment:maestro": "yes",
          "payment:mastercard": "yes",
          "payment:visa": "yes",
          "phone": "+58-0800-7679666",
          "smoking": "no",
          "source": "albertoq2004@hotmail.com",
          "start_date": "01-01-1976",
          "surveillance": "indoor",
          "website": "https://www.zoomenvios.com/",
          "wheelchair": "yes"
        }
      }
    },
    {
      "type": "Feature",
      "geometry": {
        "type": "Point",
        "coordinates": [
          -67.0407474,
          10.6004396
        ]
      },
      "properties": {
        "id": "node/3118516236",
        "osmType": "node",
        "osmId": 3118516236,
        "name": "Banco Bicentenario",
        "category": "finance",
        "kind": "amenity:bank",
        "source": "OpenStreetMap",
        "sourceUrl": "https://www.openstreetmap.org/node/3118516236",
        "tags": {
          "addr:city": "Catia La Mar",
          "addr:housename": "Terminal Público de Catia La Mar",
          "addr:postcode": "1162",
          "addr:street": "Av. La Marina",
          "amenity": "bank",
          "atm": "yes",
          "brand": "Banco Bicentenario",
          "brand:wikidata": "Q5728123",
          "drive_through": "no",
          "level": "1",
          "name": "Banco Bicentenario"
        }
      }
    },
    {
      "type": "Feature",
      "geometry": {
        "type": "Point",
        "coordinates": [
          -67.027271,
          10.6034194
        ]
      },
      "properties": {
        "id": "way/503405844",
        "osmType": "way",
        "osmId": 503405844,
        "name": "Banco Bicentenario",
        "category": "finance",
        "kind": "building:bank",
        "source": "OpenStreetMap",
        "sourceUrl": "https://www.openstreetmap.org/way/503405844",
        "tags": {
          "addr:city": "Catia La Mar",
          "addr:country": "VE",
          "addr:floor": "PB",
          "addr:street": "Calle 13",
          "addr:subdistrict": "1",
          "air_conditioning": "yes",
          "amenity": "bank",
          "atm": "yes",
          "brand": "Banco Bicentenario",
          "brand:wikidata": "Q5728123",
          "building": "bank",
          "date": "2009-12-16",
          "drive_through": "no",
          "email": "servicios_alcliente@banvenez.com",
          "image": "https://www.bdt.com.ve/wp-content/uploads/2024/12/7-1.png",
          "internet_access": "no",
          "level": "0",
          "name": "Banco Bicentenario",
          "note": "Validador borrar si aparaece esta nota",
          "old_name": "Banco Bicentenario",
          "opening_hours": "Mo-Fr 08:30-15:30; Jan 01,Apr 19,May 01,Jun 24,Jul 05,Jul 24,Oct 12,Dec 24,Dec 25,Dec 31 off",
          "operator": "Banco Digital de los Trabajadores Banco Universal C.A.",
          "operator:phone": "0500-6272421",
          "ref:vatin": "VEG200091487",
          "ref:vatin:ve": "G-20009148-7",
          "short_name": "BDT",
          "source": "local knowledge",
          "website": "https://www.bdt.com.ve/",
          "wheelchair": "yes"
        }
      }
    },
    {
      "type": "Feature",
      "geometry": {
        "type": "Point",
        "coordinates": [
          -67.0051324,
          10.5974551
        ]
      },
      "properties": {
        "id": "node/1203283229",
        "osmType": "node",
        "osmId": 1203283229,
        "name": "Banco de Venezuela",
        "category": "finance",
        "kind": "amenity:bank",
        "source": "OpenStreetMap",
        "sourceUrl": "https://www.openstreetmap.org/node/1203283229",
        "tags": {
          "addr:city": "Catia La Mar",
          "addr:country": "VE",
          "addr:housename": "Terminal Internacional",
          "addr:postcode": "1162",
          "addr:street": "Vìa Terminal Internacional",
          "amenity": "bank",
          "atm": "yes",
          "brand": "Banco de Venezuela",
          "brand:wikidata": "Q517093",
          "internet_access": "no",
          "name": "Banco de Venezuela",
          "source": "local knowledge"
        }
      }
    },
    {
      "type": "Feature",
      "geometry": {
        "type": "Point",
        "coordinates": [
          -67.040825,
          10.6002162
        ]
      },
      "properties": {
        "id": "node/7455258451",
        "osmType": "node",
        "osmId": 7455258451,
        "name": "Banco de Venezuela",
        "category": "finance",
        "kind": "amenity:bank",
        "source": "OpenStreetMap",
        "sourceUrl": "https://www.openstreetmap.org/node/7455258451",
        "tags": {
          "addr:city": "Catia La Mar",
          "addr:full": "Final Av. El Ejercito con Av. La Armada Urbanizacion Las Zorras, Terminal de Pasajeros Catia La Mar",
          "addr:housename": "Terminal Público de Catia La Mar",
          "addr:postcode": "1162",
          "addr:street": "Av. La Marina",
          "air_conditioning": "yes",
          "amenity": "bank",
          "atm": "yes",
          "brand": "Banco de Venezuela",
          "brand:wikidata": "Q517093",
          "brand:wikipedia": "es:Banco de Venezuela",
          "contact:facebook": "https://www.facebook.com/pages/Banco-de-Venezuela-Oficial/263606233713589",
          "contact:instagram": "https://www.instagram.com/bcodevenezuela/",
          "contact:twitter": "https://twitter.com/BcodeVenezuela",
          "contact:youtube": "https://www.youtube.com/user/BANCODEVENEZUELAOFI",
          "currency:BsF": "yes",
          "currency:EUR": "yes",
          "currency:USD": "yes",
          "date": "1890-09-02",
          "drive_through": "no",
          "email": "servicios_alcliente@banvenez.com",
          "image": "https://lh5.googleusercontent.com/p/AF1QipNWU1jFfERU-iTYfKMGB5En2y7QLB6qWWWRoeX3=w408-h306-k-no",
          "internet_access": "no",
          "name": "Banco de Venezuela",
          "name:en": "Bank of Venezuela",
          "opening_hours": "Mo-Fr 08:30-15:30; Jan 01,Apr 19,May 01,Jun 24,Jul 05,Jul 24,Oct 12,Dec 24,Dec 25,Dec 31 off",
          "operator": "Banco de Venezuela S.A",
          "operator:phone": "0500-6272421",
          "operator:wikidata": "Q517093",
          "operator:wikipedia": "es:Banco de Venezuela",
          "ref": "586",
          "source": "albertoq2004@hotmail.com",
          "website": "https://www.bancodevenezuela.com/index.html",
          "wheelchair": "yes"
        }
      }
    },
    {
      "type": "Feature",
      "geometry": {
        "type": "Point",
        "coordinates": [
          -67.0284509,
          10.6033148
        ]
      },
      "properties": {
        "id": "node/7455258452",
        "osmType": "node",
        "osmId": 7455258452,
        "name": "Banco de Venezuela",
        "category": "finance",
        "kind": "amenity:bank",
        "source": "OpenStreetMap",
        "sourceUrl": "https://www.openstreetmap.org/node/7455258452",
        "tags": {
          "addr:city": "Catia La Mar",
          "addr:country": "VE",
          "addr:full": "Av. Atlántida, entre calle 11 y 12, Urbanizaciòn Atlántida.",
          "addr:housename": "Edificio Banco de Venezuela",
          "addr:postcode": "1162",
          "addr:street": "Av. La Atlántida",
          "air_conditioning": "yes",
          "amenity": "bank",
          "atm": "yes",
          "brand": "Banco de Venezuela",
          "brand:wikidata": "Q517093",
          "brand:wikipedia": "es:Banco de Venezuela",
          "contact:facebook": "https://www.facebook.com/pages/Banco-de-Venezuela-Oficial/263606233713589",
          "contact:instagram": "https://www.instagram.com/bcodevenezuela/",
          "contact:twitter": "https://twitter.com/BcodeVenezuela",
          "contact:youtube": "https://www.youtube.com/user/BANCODEVENEZUELAOFI",
          "currency:EUR": "yes",
          "currency:USD": "yes",
          "currency:VES": "yes",
          "date": "1890-09-02",
          "drive_through": "no",
          "email": "servicios_alcliente@banvenez.com",
          "image": "https://lh5.googleusercontent.com/p/AF1QipNWU1jFfERU-iTYfKMGB5En2y7QLB6qWWWRoeX3=w408-h306-k-no",
          "internet_access": "no",
          "name": "Banco de Venezuela",
          "name:en": "Bank of Venezuela",
          "opening_hours": "Mo-Fr 08:30-15:30; Jan 01,Apr 19,May 01,Jun 24,Jul 05,Jul 24,Oct 12,Dec 24,Dec 25,Dec 31 off",
          "operator": "Banco de Venezuela S.A",
          "operator:phone": "0500-6272421",
          "operator:wikidata": "Q517093",
          "operator:wikipedia": "es:Banco de Venezuela",
          "phone": "+58-416-7823309",
          "ref": "128",
          "source": "local knowledge",
          "website": "https://www.bancodevenezuela.com/index.html",
          "wheelchair": "yes"
        }
      }
    },
    {
      "type": "Feature",
      "geometry": {
        "type": "Point",
        "coordinates": [
          -67.0348406,
          10.5342069
        ]
      },
      "properties": {
        "id": "node/7455305770",
        "osmType": "node",
        "osmId": 7455305770,
        "name": "Banco de Venezuela",
        "category": "finance",
        "kind": "amenity:bank",
        "source": "OpenStreetMap",
        "sourceUrl": "https://www.openstreetmap.org/node/7455305770",
        "tags": {
          "addr:city": "Ciudad Caribia",
          "addr:full": "Sector Camino de los Indios Centro Comunal PB Paralelo a la Autopista Caracas la Guaira",
          "addr:housename": "?",
          "addr:postcode": "1167",
          "addr:street": "Ciudad Caribia",
          "air_conditioning": "yes",
          "amenity": "bank",
          "atm": "yes",
          "brand": "Banco de Venezuela",
          "brand:wikidata": "Q517093",
          "brand:wikipedia": "es:Banco de Venezuela",
          "contact:facebook": "https://www.facebook.com/pages/Banco-de-Venezuela-Oficial/263606233713589",
          "contact:instagram": "https://www.instagram.com/bcodevenezuela/",
          "contact:twitter": "https://twitter.com/BcodeVenezuela",
          "contact:youtube": "https://www.youtube.com/user/BANCODEVENEZUELAOFI",
          "currency:BsF": "yes",
          "currency:EUR": "yes",
          "currency:USD": "yes",
          "date": "1890-09-02",
          "drive_through": "no",
          "email": "servicios_alcliente@banvenez.com",
          "image": "https://lh5.googleusercontent.com/p/AF1QipNWU1jFfERU-iTYfKMGB5En2y7QLB6qWWWRoeX3=w408-h306-k-no",
          "internet_access": "no",
          "name": "Banco de Venezuela",
          "note": "Taquilla",
          "opening_hours": "Mo-Fr 08:30-15:30; Jan 01,Apr 19,May 01,Jun 24,Jul 05,Jul 24,Oct 12,Dec 24,Dec 25,Dec 31 off",
          "operator": "Banco de Venezuela S.A",
          "operator:phone": "0500-6272421",
          "operator:wikidata": "Q517093",
          "operator:wikipedia": "es:Banco de Venezuela",
          "ref": "722",
          "source": "albertoq2004@hotmail.com",
          "website": "https://www.bancodevenezuela.com/index.html",
          "wheelchair": "yes"
        }
      }
    },
    {
      "type": "Feature",
      "geometry": {
        "type": "Point",
        "coordinates": [
          -67.0299396,
          10.6024849
        ]
      },
      "properties": {
        "id": "node/3144947166",
        "osmType": "node",
        "osmId": 3144947166,
        "name": "Banco Nacional de Crédito",
        "category": "finance",
        "kind": "amenity:bank",
        "source": "OpenStreetMap",
        "sourceUrl": "https://www.openstreetmap.org/node/3144947166",
        "tags": {
          "addr:city": "Catia La Mar",
          "addr:country": "VE",
          "addr:postcode": "1162",
          "addr:street": "Calle 5",
          "air_conditioning": "yes",
          "amenity": "bank",
          "atm": "yes",
          "brand": "Banco Nacional de Crédito",
          "brand:website": "https://www.bncenlinea.com/",
          "brand:wikidata": "Q4854103",
          "brand:wikipedia": "es:Banco Nacional de Crédito",
          "currency:EUR": "yes",
          "currency:USD": "yes",
          "currency:VES": "yes",
          "drive_through": "no",
          "internet_access": "no",
          "name": "Banco Nacional de Crédito",
          "old_name": "Banco Tequendama",
          "opening_hours": "Mo-Fr 08:30-15:30; Jan 1,Apr 19,May 1,Jun 24,Jul 5,Jul 24,Oct 12,Dec 24,Dec 25,Dec 31 off",
          "operator": "Banco Nacional de Crédito C.A",
          "operator:phone": "0500-2635000",
          "ref": "56",
          "ref:vatin": "VEJ309841327",
          "ref:vatin:ve": "J-30984132-7",
          "short_name": "BNC",
          "source": "local knowledge",
          "wheelchair": "yes"
        }
      }
    },
    {
      "type": "Feature",
      "geometry": {
        "type": "Point",
        "coordinates": [
          -67.0279902,
          10.6035588
        ]
      },
      "properties": {
        "id": "node/5501648039",
        "osmType": "node",
        "osmId": 5501648039,
        "name": "Banco Nacional de Crédito",
        "category": "finance",
        "kind": "amenity:bank",
        "source": "OpenStreetMap",
        "sourceUrl": "https://www.openstreetmap.org/node/5501648039",
        "tags": {
          "addr:city": "Catia La Mar",
          "addr:country": "VE",
          "addr:floor": "0",
          "addr:housename": "CC Atlantis Plaza",
          "addr:street": "Calle 12",
          "addr:suburb": "La Atlántida",
          "amenity": "bank",
          "atm": "yes",
          "brand": "Banco Nacional de Crédito",
          "brand:wikidata": "Q4854103",
          "contact:phone": "+58 212 4258503",
          "contact:website": "https://www.bncenlinea.com/",
          "internet_access": "no",
          "name": "Banco Nacional de Crédito",
          "short_name": "BNC",
          "source": "local knowledge"
        }
      }
    },
    {
      "type": "Feature",
      "geometry": {
        "type": "Point",
        "coordinates": [
          -66.9911689,
          10.5946591
        ]
      },
      "properties": {
        "id": "node/9825914894",
        "osmType": "node",
        "osmId": 9825914894,
        "name": "Banco Nacional de Crédito",
        "category": "finance",
        "kind": "amenity:bank",
        "source": "OpenStreetMap",
        "sourceUrl": "https://www.openstreetmap.org/node/9825914894",
        "tags": {
          "addr:city": "Catia La Mar",
          "addr:full": "Avenida La Armada, Conjunto Residencial Sotavento 2, Centro Comercial Planeta Sotavento, Planta Baja",
          "addr:housename": "Centro Comercial Planeta Sotavento",
          "addr:postcode": "1162",
          "addr:street": "Av. La Armada",
          "air_conditioning": "yes",
          "amenity": "bank",
          "atm": "yes",
          "brand": "Banco Nacional de Crédito",
          "brand:website": "https://www.bncenlinea.com/",
          "brand:wikidata": "Q4854103",
          "brand:wikipedia": "es:Banco Nacional de Crédito",
          "currency:BsF": "yes",
          "currency:EUR": "yes",
          "currency:USD": "yes",
          "dispensing": "yes",
          "drive_through": "no",
          "internet_access": "no",
          "name": "Banco Nacional de Crédito",
          "old_name": "Banco Tequendama",
          "opening_hours": "Mo-Fr 08:30-15:30; Jan 1,Apr 19,May 1,Jun 24,Jul 5,Jul 24,Oct 12,Dec 24,Dec 25,Dec 31 off",
          "operator": "Banco Nacional de Crédito C.A",
          "operator:phone": "0500-2635000",
          "phone": "+58-212-3550578",
          "ref": "124",
          "ref:vatin": "VEJ309841327",
          "ref:vatin:ve": "J-30984132-7",
          "short_name": "BNC",
          "wheelchair": "yes"
        }
      }
    },
    {
      "type": "Feature",
      "geometry": {
        "type": "Point",
        "coordinates": [
          -67.0290528,
          10.6023104
        ]
      },
      "properties": {
        "id": "node/9918181678",
        "osmType": "node",
        "osmId": 9918181678,
        "name": "Banco Plaza",
        "category": "finance",
        "kind": "amenity:bank",
        "source": "OpenStreetMap",
        "sourceUrl": "https://www.openstreetmap.org/node/9918181678",
        "tags": {
          "addr:city": "Catia La Mar",
          "addr:country": "VE",
          "addr:full": "Av. El Ejercito, frente al C.A.N.E.S, Parroquia Catia la Mar, Municipio Vargas, estado La Guaira.",
          "addr:housename": "Edificio Banco Plaza",
          "addr:postcode": "1162",
          "addr:street": "Av. El Ejercito",
          "air_conditioning": "yes",
          "amenity": "bank",
          "atm": "yes",
          "branch": "Catia La Mar",
          "brand:wikidata": "Q5718006",
          "brand:wikipedia": "es:Banco Plaza",
          "contact:facebook": "https://www.facebook.com/banco.plaza/?fref=ts",
          "contact:instagram": "https://instagram.com/bancoplazaoficial",
          "contact:twitter": "https://twitter.com/Banco_Plaza",
          "currency:EUR": "yes",
          "currency:USD": "yes",
          "currency:VES": "yes",
          "date": "1989",
          "drive_through": "no",
          "email": "comunicacionesbancoplaza@gmail.com",
          "image": "https://lh5.googleusercontent.com/p/AF1QipOWgEUymlCuokEl-HsHZ_GNXvnXMvGqTmGpAAiy=w408-h509-k-no",
          "internet_access": "no",
          "name": "Banco Plaza",
          "opening_hours": "Mo-Fr 08:30-15:30; Jan 1,Apr 19,May 1,Jun 24,Jul 5,Jul 24,Oct 12,Dec 24,Dec 25,Dec 31 off",
          "operator": "Banco Plaza C.A",
          "operator:phone": "0501-7529200",
          "phone": "+58-212-3510069",
          "ref:vatin": "VEJ002970553",
          "ref:vatin:ve": "J-00297055-3",
          "source": "local knowledge",
          "website": "https://www.bancoplaza.com/",
          "wheelchair": "yes",
          "wikidata": "Q5718006",
          "wikipedia": "es:Banco Plaza"
        }
      }
    },
    {
      "type": "Feature",
      "geometry": {
        "type": "Point",
        "coordinates": [
          -66.9925744,
          10.5940732
        ]
      },
      "properties": {
        "id": "node/9936275840",
        "osmType": "node",
        "osmId": 9936275840,
        "name": "Banco Venezolano de Crédito",
        "category": "finance",
        "kind": "amenity:bank",
        "source": "OpenStreetMap",
        "sourceUrl": "https://www.openstreetmap.org/node/9936275840",
        "tags": {
          "addr:city": "Catia La Mar",
          "addr:country": "VE",
          "addr:full": "Tienda Makro, Av. La Armada.",
          "addr:housename": "Makro",
          "addr:postcode": "1162",
          "addr:street": "Av. La Armada",
          "air_conditioning": "yes",
          "amenity": "bank",
          "atm": "yes",
          "branch": "Catia La Mar",
          "contact:facebook": "https://www.facebook.com/venezolanodecredito/",
          "contact:instagram": "https://www.instagram.com/VENEZOLANODECREDITO/",
          "contact:twitter": "https://twitter.com/BVCinforma",
          "contact:youtube": "https://www.youtube.com/user/BVCinforma",
          "currency:EUR": "yes",
          "currency:USD": "yes",
          "currency:VES": "yes",
          "date": "1925",
          "drive_through": "no",
          "email": "gerag155@venezolano.com",
          "image": "https://lh5.googleusercontent.com/p/AF1QipM3wDSvAPqhlkOouRZhTvFbUR-ujXsID_Pqxjfa=w408-h241-k-no",
          "internet_access": "no",
          "name": "Banco Venezolano de Crédito",
          "opening_hours": "Mo-Fr 08:30-15:30; Jan 1,Apr 19,May 1,Jun 24,Jul 5,Jul 24,Oct 12,Dec 24,Dec 25,Dec 31 off",
          "operator": "Venezolano de Crédito S.A. Banco Universal.",
          "operator:phone": "0501-6422626",
          "phone": "+58-212-5146634",
          "ref:vatin": "VEJ00029709",
          "ref:vatin:ve": "J-00002970-9",
          "short_name": "BVC",
          "source": "local knowledge",
          "website": "https://www.venezolano.com/",
          "wheelchair": "yes",
          "wikidata": "Q4854115",
          "wikipedia": "es:Venezolano de Crédito"
        }
      }
    },
    {
      "type": "Feature",
      "geometry": {
        "type": "Point",
        "coordinates": [
          -66.9711301,
          10.6023935
        ]
      },
      "properties": {
        "id": "node/7455729183",
        "osmType": "node",
        "osmId": 7455729183,
        "name": "Banesco",
        "category": "finance",
        "kind": "amenity:bank",
        "source": "OpenStreetMap",
        "sourceUrl": "https://www.openstreetmap.org/node/7455729183",
        "tags": {
          "addr:city": "Catia La Mar",
          "addr:full": "Dirección: AV. SOUBLETTE. RAUL LEONI. EDF. LOS COMICIONISTAS, P.B",
          "addr:housename": "SENIAT: Aduana Aérea de Maiquetía",
          "addr:postcode": "1162",
          "addr:street": "Av. Principal de Tanaguarenas",
          "amenity": "bank",
          "atm": "yes",
          "brand": "Banesco",
          "brand:email": "atclient@banesco.com",
          "brand:facebook": "BanescoBancoUniversal",
          "brand:linkedin": "https://www.linkedin.com/company/2973890",
          "brand:twitter": "banesco",
          "brand:website": "https://www.banesco.com/",
          "brand:wikidata": "Q4854841",
          "brand:wikipedia": "en:Banesco",
          "brand:youtube": "https://www.youtube.com/user/BanescoenImagenes",
          "contact:instagram": "https://instagram.com/banescobancouniversal/",
          "currency:BsF": "yes",
          "currency:EUR": "yes",
          "currency:USD": "yes",
          "drive_through": "no",
          "image": "https://lh5.googleusercontent.com/p/AF1QipPl1OHW5dJIdA5KXSHwZo7teq4DWZyCaKJrbFL8=w462-h240-k-no",
          "name": "Banesco",
          "opening_hours": "Mo-Fr 08:30-15:30; Jan 01,Apr 19,May 01,Jun 24,Jul 05,Jul 24,Oct 12,Dec 24,Dec 25,Dec 31; PH closed",
          "operator:phone": "0500-2262624",
          "phone": "+58-212-3313307",
          "ref": "498",
          "wheelchair": "yes"
        }
      }
    },
    {
      "type": "Feature",
      "geometry": {
        "type": "Point",
        "coordinates": [
          -67.0322952,
          10.6057977
        ]
      },
      "properties": {
        "id": "node/7455750893",
        "osmType": "node",
        "osmId": 7455750893,
        "name": "Banesco",
        "category": "finance",
        "kind": "amenity:bank",
        "source": "OpenStreetMap",
        "sourceUrl": "https://www.openstreetmap.org/node/7455750893",
        "tags": {
          "addr:city": "Catia La Mar",
          "addr:full": "FINAL AV. PPAL. CRUCE CON CALLE 5. URB. LA ATLANTIDA. EDIF. CONTRALORIA",
          "addr:housename": "Edificio Contraloria",
          "addr:postcode": "1162",
          "addr:street": "Av. La Atlántida",
          "amenity": "bank",
          "atm": "yes",
          "brand": "Banesco",
          "brand:email": "atclient@banesco.com",
          "brand:facebook": "BanescoBancoUniversal",
          "brand:linkedin": "https://www.linkedin.com/company/2973890",
          "brand:twitter": "banesco",
          "brand:website": "https://www.banesco.com/",
          "brand:wikidata": "Q4854841",
          "brand:wikipedia": "en:Banesco",
          "brand:youtube": "https://www.youtube.com/user/BanescoenImagenes",
          "contact:instagram": "https://instagram.com/banescobancouniversal/",
          "currency:BsF": "yes",
          "currency:EUR": "yes",
          "currency:USD": "yes",
          "drive_through": "no",
          "fixme": "Jan 01,Apr 19,May 01,Jun 24,Jul 05,Jul 24,Oct 12,Dec 24,Dec 25,Dec 31 off,Easter+1d,Easter+39d off",
          "image": "https://lh5.googleusercontent.com/p/AF1QipN45Od0vB7LbQLaX_7n00w4DFmKBkDkGzAbWV48=w723-h240-k-no",
          "name": "Banesco",
          "opening_hours": "Mo-Fr 08:30-15:30; Jan 01,Apr 19,May 01,Jun 24,Jul 05,Jul 24,Oct 12,Dec 24,Dec 25,Dec 31 off",
          "operator:phone": "0500-2262624",
          "phone": "+58-212-3528040",
          "ref": "213",
          "wheelchair": "yes"
        }
      }
    },
    {
      "type": "Feature",
      "geometry": {
        "type": "Point",
        "coordinates": [
          -67.0292951,
          10.6033426
        ]
      },
      "properties": {
        "id": "node/9854649239",
        "osmType": "node",
        "osmId": 9854649239,
        "name": "Banplus",
        "category": "finance",
        "kind": "amenity:bank",
        "source": "OpenStreetMap",
        "sourceUrl": "https://www.openstreetmap.org/node/9854649239",
        "tags": {
          "addr:city": "Catia La Mar",
          "addr:country": "VE",
          "addr:full": "Av. Atlántida y Calle 11, Edif. Marú, PB., Catia La Mar",
          "addr:housename": "Edificio Marú",
          "addr:postcode": "1162",
          "addr:street": "Av. La Atlántida",
          "air_conditioning": "yes",
          "amenity": "bank",
          "atm": "yes",
          "contact:facebook": "https://www.facebook.com/BanplusOnLine",
          "contact:instagram": "https://www.instagram.com/banplusonline/",
          "contact:linkedin": "https://twitter.com/BanplusOnLine",
          "contact:twitter": "https://twitter.com/BanplusOnLine",
          "contact:youtube": "https://www.youtube.com/user/BanplusOnline",
          "currency:EUR": "yes",
          "currency:USD": "yes",
          "currency:VES": "yes",
          "date": "2007",
          "drive_through": "no",
          "email": "banpluscomunicaciones@banplus.com",
          "image": "https://upload.wikimedia.org/wikipedia/commons/thumb/c/ce/Diego_Ricol_-_Agencia_Banplus_%282%29.jpg/330px-Diego_Ricol_-_Agencia_Banplus_%282%29.jpg",
          "internet_access": "no",
          "name": "Banplus",
          "old_name": "Banplus Arrendamiento Financiero, C. A",
          "opening_hours": "Mo-Fr 08:30-15:30; Jan 1,Apr 19,May 1,Jun 24,Jul 5,Jul 24,Oct 12,Dec 24,Dec 25,Dec 31 off",
          "operator": "Banco Banplus S.A",
          "operator:phone": "0501-2267587",
          "phone": "+58-212-3524847",
          "ref:vatin": "VEJ000423032",
          "ref:vatin:ve": "J-00042303-2",
          "source": "local knowledge",
          "website": "https://www.banplus.com/site/p_contenido.php",
          "wheelchair": "yes",
          "wikidata": "Q21007004",
          "wikipedia": "es:Banplus"
        }
      }
    },
    {
      "type": "Feature",
      "geometry": {
        "type": "Point",
        "coordinates": [
          -67.0288624,
          10.6031036
        ]
      },
      "properties": {
        "id": "node/7455258454",
        "osmType": "node",
        "osmId": 7455258454,
        "name": "BBVA Provincial",
        "category": "finance",
        "kind": "amenity:bank",
        "source": "OpenStreetMap",
        "sourceUrl": "https://www.openstreetmap.org/node/7455258454",
        "tags": {
          "addr:city": "Catia La Mar",
          "addr:country": "VE",
          "addr:district": "Municipio Libertador",
          "addr:full": "SECTOR EL TRIANGULO, URBANIZACION ATLANTIDA, EDIFICIO BANCO PROVINCIAL, PISO 1, LOCAL 1, CATIA LA MAR",
          "addr:housename": "Edificio Banco Provincial",
          "addr:postcode": "1162",
          "addr:state": "Distrito Capital",
          "addr:street": "Av. La Atlántida",
          "addr:suburb": "Catia",
          "air_conditioning": "yes",
          "amenity": "bank",
          "atm": "yes",
          "brand": "BBVA Provincial",
          "brand:wikidata": "Q4835087",
          "brand:wikipedia": "es:BBVA Provincial",
          "contact:facebook": "https://www.facebook.com/BBVAProvincial.Venezuela",
          "contact:instagram": "http://instagram.com/bbvaprovincial",
          "contact:twitter": "https://twitter.com/bbvaprovincial",
          "contact:youtube": "https://www.youtube.com/user/venezuelabbva?feature=mhsn",
          "currency:USD": "no",
          "currency:VES": "yes",
          "date": "1953-08-08",
          "drive_through": "no",
          "email": "Defensordelcliente.ve@bbva.com",
          "image": "https://upload.wikimedia.org/wikipedia/commons/thumb/3/34/Torre_Provincial_1.jpg/375px-Torre_Provincial_1.jpg",
          "internet_access": "no",
          "level": "0",
          "level:ref": "PB",
          "name": "BBVA Provincial",
          "note": "borrar banco",
          "opening_hours": "Mo-Fr 08:30-15:30; Jan 01,Apr 19,May 01,Jun 24,Jul 05,Jul 24,Oct 12,Dec 24,Dec 25,Dec 31 off",
          "operator": "BBVA Provincial, S.A.",
          "operator:phone": "0500-5087432",
          "phone": "+58-212-3508011",
          "ref:vatin": "VEG000029679",
          "ref:vatin:ve": "G-00002967-9",
          "short_name": "BBVA",
          "source": "local knowledge",
          "website": "https://www.provincial.com/personas.html",
          "wheelchair": "yes"
        }
      }
    },
    {
      "type": "Feature",
      "geometry": {
        "type": "Point",
        "coordinates": [
          -67.0314422,
          10.6016685
        ]
      },
      "properties": {
        "id": "node/7455370586",
        "osmType": "node",
        "osmId": 7455370586,
        "name": "Exterior",
        "category": "finance",
        "kind": "amenity:bank",
        "source": "OpenStreetMap",
        "sourceUrl": "https://www.openstreetmap.org/node/7455370586",
        "tags": {
          "addr:city": "Catia La Mar",
          "addr:country": "VE",
          "addr:full": "Edificio Angela, PB, LOcales 1-A y 2-B",
          "addr:housename": "Edificio Angela",
          "addr:postcode": "1162",
          "addr:street": "Av. El Ejercito",
          "air_conditioning": "yes",
          "amenity": "bank",
          "atm": "yes",
          "brand": "Exterior",
          "contact:facebook": "https://www.facebook.com/bancoexterior/",
          "contact:instagram": "https://www.instagram.com/exteriorbanco/",
          "contact:twitter": "http://twitter.com/bancoexterior",
          "contact:youtube": "https://www.youtube.com/user/GenteSinIgual?feature=watch",
          "currency:EUR": "yes",
          "currency:USD": "yes",
          "currency:VES": "yes",
          "date": "1958-01-27",
          "drive_through": "no",
          "image": "https://lh5.googleusercontent.com/p/AF1QipMtlAIpQOAD95B6YLzrA7Z6fUzoqNXSi3oOBK2i=w408-h245-k-no",
          "internet_access": "no",
          "name": "Exterior",
          "opening_hours": "Mo-Fr 08:30-15:30; Jan 01,Apr 19,May 01,Jun 24,Jul 05,Jul 24,Oct 12,Dec 24,Dec 25,Dec 31 off",
          "operator": "Banco Exterior",
          "operator:phone": "+58-212-5085000",
          "phone": "+58 212-3527949",
          "source": "local knowledge",
          "website": "http://www.bancoexterior.com/",
          "wheelchair": "yes",
          "wikidata": "Q5681607",
          "wikipedia": "es:Banco Exterior (Venezuela)"
        }
      }
    },
    {
      "type": "Feature",
      "geometry": {
        "type": "Point",
        "coordinates": [
          -67.0305406,
          10.6047043
        ]
      },
      "properties": {
        "id": "node/2780061602",
        "osmType": "node",
        "osmId": 2780061602,
        "name": "Fondo Común",
        "category": "finance",
        "kind": "amenity:bank",
        "source": "OpenStreetMap",
        "sourceUrl": "https://www.openstreetmap.org/node/2780061602",
        "tags": {
          "addr:city": "Catia La Mar",
          "addr:postcode": "1162",
          "addr:street": "Av. La Atlántida",
          "amenity": "bank",
          "atm": "yes",
          "name": "Fondo Común"
        }
      }
    },
    {
      "type": "Feature",
      "geometry": {
        "type": "Point",
        "coordinates": [
          -67.0303217,
          10.6040788
        ]
      },
      "properties": {
        "id": "node/7455327763",
        "osmType": "node",
        "osmId": 7455327763,
        "name": "Mercantil",
        "category": "finance",
        "kind": "amenity:bank",
        "source": "OpenStreetMap",
        "sourceUrl": "https://www.openstreetmap.org/node/7455327763",
        "tags": {
          "addr:city": "Catia La Mar",
          "addr:full": "Edif. Elena, Av. Principal Con Calle 9, Urb. La Atlantida, Catia La Mar",
          "addr:housename": "Edificio Elena",
          "addr:postcode": "1162",
          "addr:street": "Av. La Atlántida",
          "air_conditioning": "yes",
          "amenity": "bank",
          "atm": "yes",
          "brand": "Mercantil",
          "brand:wikidata": "Q6818004",
          "brand:wikipedia": "es:Mercantil (banco)",
          "contact:twitter": "https://twitter.com/MercantilBanco",
          "contact:youtube": "https://www.youtube.com/user/MercantilBanco",
          "currency:BsF": "yes",
          "currency:EUR": "yes",
          "currency:USD": "yes",
          "drive_through": "no",
          "email": "mercan24@bancomercantil.com",
          "fixme": "Jan 01,Apr 19,May 01,Jun 24,Jul 05,Jul 24,Oct 12,Dec 24,Dec 25,Dec 31,Easter+1d,Easter+39d off",
          "image": "https://lh5.googleusercontent.com/p/AF1QipMmV-FwAeuxnvLbD08gPMXyupZDg8gsw6Cd5Chh=w408-h306-k-no",
          "internet_access": "no",
          "name": "Mercantil",
          "opening_hours": "Mo-Fr 08:30-15:30; Jan 01,Apr 19,May 01,Jun 24,Jul 05,Jul 24,Oct 12,Dec 24,Dec 25,Dec 31 off",
          "operator": "Grupo Mercantil",
          "operator:phone": "0501-5032424",
          "phone": "+58-212-3313140",
          "source": "albertoq2004@hotmail.com",
          "start_date": "1925-03-23",
          "website": "https://www.mercantilbanco.com/mercprod/index.html",
          "wheelchair": "yes"
        }
      }
    },
    {
      "type": "Feature",
      "geometry": {
        "type": "Point",
        "coordinates": [
          -67.0314074,
          10.6054056
        ]
      },
      "properties": {
        "id": "node/7450892383",
        "osmType": "node",
        "osmId": 7450892383,
        "name": "Tesoro",
        "category": "finance",
        "kind": "amenity:bank",
        "source": "OpenStreetMap",
        "sourceUrl": "https://www.openstreetmap.org/node/7450892383",
        "tags": {
          "addr:city": "Catia La Mar",
          "addr:full": "Intersección av. La Atlántida con calle 6, urb. La Atlántida, Centro Profesional Sol Marino Atlantic, P.B",
          "addr:housename": "Centro Profesional Sol Marino Atlantic",
          "addr:postcode": "1162",
          "addr:street": "Av. La Atlántida",
          "air_conditioning": "yes",
          "amenity": "bank",
          "atm": "yes",
          "brand": "Tesoro",
          "brand:wikidata": "Q5718196",
          "contact:facebook": "https://www.facebook.com/bcodeltesoro?fref=ts",
          "contact:instagram": "https://www.instagram.com/bcodeltesoro/",
          "contact:twitter": "https://twitter.com/bcodeltesoro",
          "contact:youtube": "https://www.youtube.com/user/bancodeltesorobu",
          "currency:BsF": "yes",
          "currency:EUR": "yes",
          "currency:USD": "yes",
          "drive_through": "no",
          "email": "servicios_alcliente@bt.gob.ve",
          "fixme": "Jan 01,Apr 19,May 01,Jun 24,Jul 05,Jul 24,Oct 12,Dec 24,Dec 25,Dec 31 off,Easter+1d,Easter+39d 08:30-15:30",
          "image": "https://lh5.googleusercontent.com/p/AF1QipPuMIysdnEBaTRkMyXD6n6cFf0E3oB_D7ieXfGB=w408-h306-k-no",
          "internet_access": "no",
          "name": "Tesoro",
          "official_name": "Banco del Tesoro",
          "opening_hours": "Mo-Fr 08:00-17:00; Jan 01,Apr 19,May 01,Jun 24,Jul 05,Jul 24,Oct 12,Dec 24,Dec 25,Dec 31 off",
          "operator:phone": "0800-2262200",
          "phone": "+58-212-3522159",
          "source": "albertoq2004@hotmail.com",
          "start_date": "2005-08-17",
          "website": "http://www.bt.gob.ve/index.html",
          "wheelchair": "yes"
        }
      }
    },
    {
      "type": "Feature",
      "geometry": {
        "type": "Point",
        "coordinates": [
          -67.0059398,
          10.5978957
        ]
      },
      "properties": {
        "id": "node/7450892384",
        "osmType": "node",
        "osmId": 7450892384,
        "name": "Tesoro",
        "category": "finance",
        "kind": "amenity:bank",
        "source": "OpenStreetMap",
        "sourceUrl": "https://www.openstreetmap.org/node/7450892384",
        "tags": {
          "addr:city": "Catia La Mar",
          "addr:country": "VE",
          "addr:full": "Aeropuerto Internacional Simón Bolívar, Maiquetía",
          "addr:housename": "Terminal Internacional",
          "addr:postcode": "1162",
          "addr:street": "Vìa Terminal Internacional",
          "air_conditioning": "yes",
          "amenity": "bank",
          "atm": "yes",
          "brand": "Tesoro",
          "brand:wikidata": "Q5718196",
          "contact:facebook": "https://www.facebook.com/bcodeltesoro?fref=ts",
          "contact:instagram": "https://www.instagram.com/bcodeltesoro/",
          "contact:twitter": "https://twitter.com/bcodeltesoro",
          "contact:youtube": "https://www.youtube.com/user/bancodeltesorobu",
          "currency:EUR": "yes",
          "currency:USD": "yes",
          "currency:VES": "yes",
          "date": "2005-08-17",
          "drive_through": "no",
          "email": "servicios_alcliente@bt.gob.ve",
          "image": "https://lh5.googleusercontent.com/p/AF1QipPuMIysdnEBaTRkMyXD6n6cFf0E3oB_D7ieXfGB=w408-h306-k-no",
          "internet_access": "no",
          "name": "Tesoro",
          "note": "Taquilla",
          "official_name": "Banco del Tesoro",
          "opening_hours": "Mo-Fr 08:30-15:30; Jan 01,Apr 19,May 01,Jun 24,Jul 05,Jul 24,Oct 12,Dec 24,Dec 25,Dec 31; PH closed",
          "operator:phone": "0800-2262200",
          "phone": "+58-212-9999500;+58-212-3552867",
          "source": "local knowledge",
          "website": "http://www.bt.gob.ve/index.html",
          "wheelchair": "yes"
        }
      }
    },
    {
      "type": "Feature",
      "geometry": {
        "type": "Point",
        "coordinates": [
          -67.035691,
          10.5893514
        ]
      },
      "properties": {
        "id": "node/4505172890",
        "osmType": "node",
        "osmId": 4505172890,
        "name": "Abasto San Marcos \"YUYA\"",
        "category": "shop",
        "kind": "shop:supermarket",
        "source": "OpenStreetMap",
        "sourceUrl": "https://www.openstreetmap.org/node/4505172890",
        "tags": {
          "addr:housenumber": "L-131",
          "addr:postcode": "1162",
          "addr:street": "Libertador",
          "alt_name": "Abasto Vecinal La vuelta",
          "internet_access": "wlan",
          "name": "Abasto San Marcos \"YUYA\"",
          "name:en": "Sunmers vivers San Marcos",
          "name:es": "Abasto San Marcos \"YUYA\"",
          "opening_hours": "Mo-Fr 10:00-19:00",
          "phone": "+58 416-9358517",
          "shop": "supermarket"
        }
      }
    },
    {
      "type": "Feature",
      "geometry": {
        "type": "Point",
        "coordinates": [
          -67.0304075,
          10.6045409
        ]
      },
      "properties": {
        "id": "node/3355261557",
        "osmType": "node",
        "osmId": 3355261557,
        "name": "Abastos Catia La Mar",
        "category": "shop",
        "kind": "shop:alcohol",
        "source": "OpenStreetMap",
        "sourceUrl": "https://www.openstreetmap.org/node/3355261557",
        "tags": {
          "addr:city": "Catia La Mar",
          "addr:postcode": "1162",
          "addr:street": "Av. La Atlántida",
          "name": "Abastos Catia La Mar",
          "shop": "alcohol"
        }
      }
    },
    {
      "type": "Feature",
      "geometry": {
        "type": "Point",
        "coordinates": [
          -67.0200697,
          10.6085719
        ]
      },
      "properties": {
        "id": "node/5402632357",
        "osmType": "node",
        "osmId": 5402632357,
        "name": "Abastos Colinas de Tacagua",
        "category": "shop",
        "kind": "shop:convenience",
        "source": "OpenStreetMap",
        "sourceUrl": "https://www.openstreetmap.org/node/5402632357",
        "tags": {
          "addr:city": "Catia La Mar",
          "addr:country": "VE",
          "addr:suburb": "Playa Grande",
          "name": "Abastos Colinas de Tacagua",
          "shop": "convenience"
        }
      }
    },
    {
      "type": "Feature",
      "geometry": {
        "type": "Point",
        "coordinates": [
          -67.0301834,
          10.6048478
        ]
      },
      "properties": {
        "id": "node/3556795893",
        "osmType": "node",
        "osmId": 3556795893,
        "name": "Acrílicos Catia La Mar",
        "category": "shop",
        "kind": "shop:paint",
        "source": "OpenStreetMap",
        "sourceUrl": "https://www.openstreetmap.org/node/3556795893",
        "tags": {
          "name": "Acrílicos Catia La Mar",
          "shop": "paint"
        }
      }
    },
    {
      "type": "Feature",
      "geometry": {
        "type": "Point",
        "coordinates": [
          -66.9994224,
          10.5976332
        ]
      },
      "properties": {
        "id": "node/7306718995",
        "osmType": "node",
        "osmId": 7306718995,
        "name": "AeroCaribe Airlines",
        "category": "shop",
        "kind": "shop:travel_agency",
        "source": "OpenStreetMap",
        "sourceUrl": "https://www.openstreetmap.org/node/7306718995",
        "tags": {
          "addr:city": "Catia La Mar",
          "addr:housename": "Terminal Nacional del Aeropuerto de Maiquetía",
          "addr:postcode": "1162",
          "addr:street": "Vìa: Embarque y Desembarque del Terminal Nacional",
          "brand": "AeroCaribe",
          "contact:facebook": "https://www.facebook.com/aerocaribevzla/",
          "contact:instagram": "https://www.instagram.com/aerocaribeairlines/?hl=es-la",
          "contact:twitter": "https://twitter.com/aerocaribevzla",
          "currency:BsF": "yes",
          "currency:EUR": "yes",
          "currency:USD": "yes",
          "currency:others": "yes",
          "email": "reservas@aerocaribe.com.ve",
          "image": "https://encrypted-tbn0.gstatic.com/images?q=tbn%3AANd9GcQKO2YBoUxni9fe_DXKO2R8iY74iahutbia_1ZjodOYD5nbVacS",
          "internet_access": "wlan",
          "internet_access:fee": "no",
          "name": "AeroCaribe Airlines",
          "note": "Aerolíneas Venezolanas con Rutas Nacionales",
          "opening_hours": "Mo-Su 07:00-17:00",
          "operator": "AeroCaribe C.A",
          "payment:american_express": "yes",
          "payment:cash": "yes",
          "payment:diners_club": "yes",
          "payment:maestro": "yes",
          "payment:mastercard": "yes",
          "payment:notes": "yes",
          "payment:visa": "yes",
          "phone": "+58-212-9590504",
          "shop": "travel_agency",
          "smoking": "no",
          "surveillance": "indoor",
          "website": "https://www.aerocaribe.com.ve/index.html",
          "wheelchair": "yes",
          "wikipedia": "es:AeroCaribe Airlines"
        }
      }
    },
    {
      "type": "Feature",
      "geometry": {
        "type": "Point",
        "coordinates": [
          -67.0018369,
          10.5975699
        ]
      },
      "properties": {
        "id": "node/7310009457",
        "osmType": "node",
        "osmId": 7310009457,
        "name": "Aerolineas Estelar",
        "category": "shop",
        "kind": "shop:travel_agency",
        "source": "OpenStreetMap",
        "sourceUrl": "https://www.openstreetmap.org/node/7310009457",
        "tags": {
          "addr:city": "Catia La Mar",
          "addr:housename": "Terminal Nacional del Aeropuerto de Maiquetía",
          "addr:postcode": "1162",
          "addr:street": "Vìa: Embarque y Desembarque del Terminal Nacional",
          "brand": "Aerolineas Estelar",
          "brand:email": "reservas@flyestelar.com",
          "brand:website": "https://www.flyestelar.com/",
          "brand:wikidata": "Q16303234",
          "brand:wikipedia": "es:Estelar Latinoamérica",
          "contact:facebook": "https://www.facebook.com/Aerolineas-Estelar-253492251349207/",
          "contact:instagram": "https://www.instagram.com/aerolineasestelar/",
          "contact:twitter": "https://twitter.com/search?q=aerolineas%20estelar&src=typeahead_click",
          "currency:BsF": "yes",
          "currency:EUR": "yes",
          "currency:USD": "yes",
          "currency:others": "yes",
          "internet_access": "wlan",
          "internet_access:fee": "no",
          "mobile": "+584143783527",
          "name": "Aerolineas Estelar",
          "note": "Aerolíneas Venezolanas con Rutas Nacionales",
          "opening_hours": "Mo-Su 07:00-17:00",
          "operator": "Aerolineas Estelar C.A",
          "operator:phone": "0800-3040000",
          "payment:american_express": "yes",
          "payment:cash": "yes",
          "payment:diners_club": "yes",
          "payment:maestro": "yes",
          "payment:mastercard": "yes",
          "payment:notes": "yes",
          "payment:visa": "yes",
          "phone": "+58-501-3783527",
          "shop": "travel_agency",
          "short_name": "Estelar",
          "smoking": "no",
          "surveillance": "indoor",
          "website": "https://www.flyestelar.com/",
          "wheelchair": "yes"
        }
      }
    },
    {
      "type": "Feature",
      "geometry": {
        "type": "Point",
        "coordinates": [
          -67.006645,
          10.5973056
        ]
      },
      "properties": {
        "id": "node/7360496746",
        "osmType": "node",
        "osmId": 7360496746,
        "name": "Aerolineas Estelar",
        "category": "shop",
        "kind": "shop:travel_agency",
        "source": "OpenStreetMap",
        "sourceUrl": "https://www.openstreetmap.org/node/7360496746",
        "tags": {
          "addr:city": "Catia La Mar",
          "addr:full": "zona pública, nivel 2, lado oeste",
          "addr:housename": "Terminal Internacional del Aeropuerto de Maiquetía",
          "addr:postcode": "1162",
          "addr:street": "Vìa Terminal Internacional",
          "brand": "Aerolineas Estelar",
          "brand:email": "reservas@flyestelar.com",
          "brand:website": "https://www.flyestelar.com/",
          "brand:wikidata": "Q16303234",
          "brand:wikipedia": "es:Estelar Latinoamérica",
          "contact:facebook": "https://www.facebook.com/Aerolineas-Estelar-253492251349207/",
          "contact:instagram": "https://www.instagram.com/aerolineasestelar/",
          "contact:twitter": "https://twitter.com/search?q=aerolineas%20estelar&src=typeahead_click",
          "currency:BsF": "yes",
          "currency:EUR": "yes",
          "currency:USD": "yes",
          "currency:others": "yes",
          "internet_access": "wlan",
          "internet_access:fee": "no",
          "name": "Aerolineas Estelar",
          "note": "Aerolíneas Venezolanas con Rutas Nacionales",
          "opening_hours": "Mo-Su 07:00-17:00",
          "operator": "Aerolineas Estelar C.A",
          "operator:phone": "0800-3040000",
          "payment:american_express": "yes",
          "payment:cash": "yes",
          "payment:diners_club": "yes",
          "payment:maestro": "yes",
          "payment:mastercard": "yes",
          "payment:notes": "yes",
          "payment:visa": "yes",
          "phone": "+58-212-3551063",
          "shop": "travel_agency",
          "short_name": "Estelar",
          "smoking": "no",
          "surveillance": "indoor",
          "wheelchair": "yes"
        }
      }
    },
    {
      "type": "Feature",
      "geometry": {
        "type": "Point",
        "coordinates": [
          -66.9995742,
          10.597635
        ]
      },
      "properties": {
        "id": "node/7306819474",
        "osmType": "node",
        "osmId": 7306819474,
        "name": "Aeropostal",
        "category": "shop",
        "kind": "shop:travel_agency",
        "source": "OpenStreetMap",
        "sourceUrl": "https://www.openstreetmap.org/node/7306819474",
        "tags": {
          "addr:city": "Catia La Mar",
          "addr:housename": "Terminal Nacional del Aeropuerto de Maiquetía",
          "addr:postcode": "1162",
          "addr:street": "Vìa: Embarque y Desembarque del Terminal Nacional",
          "brand": "Aeropostal",
          "contact:facebook": "https://www.facebook.com/aeropostal.ve",
          "contact:instagram": "https://www.instagram.com/aeropostalve/?hl=es-la",
          "contact:twitter": "https://twitter.com/AeropostalVE?ref_src=twsrc%5Egoogle%7Ctwcamp%5Eserp%7Ctwgr%5Eauthor",
          "currency:BsF": "yes",
          "currency:EUR": "yes",
          "currency:USD": "yes",
          "currency:others": "yes",
          "email": "reservaciones@aeropostal.com",
          "fax": "+58-212-7940387",
          "image": "https://encrypted-tbn0.gstatic.com/images?q=tbn%3AANd9GcTVvDu9MXe1bWh2fIQpoDmNA4IrY3w_SOHxhF9Mf9clhouI3FX1",
          "internet_access": "wlan",
          "internet_access:fee": "no",
          "name": "Aeropostal",
          "note": "Aerolíneas Venezolanas con Rutas Nacionales",
          "old_name": "Línea Aeropostal Venezolana",
          "opening_hours": "closed",
          "operator": "Instituto Nacional de Aeronáutica Civil",
          "operator:phone": "0800-3040000",
          "payment:american_express": "yes",
          "payment:cash": "yes",
          "payment:diners_club": "yes",
          "payment:maestro": "yes",
          "payment:mastercard": "yes",
          "payment:notes": "yes",
          "payment:visa": "yes",
          "phone": "+58-212-3055185",
          "shop": "travel_agency",
          "short_name": "Aeropostal",
          "smoking": "no",
          "surveillance": "indoor",
          "website": "http://www.aeropostal.com/",
          "wheelchair": "yes",
          "wikidata": "Q1826405",
          "wikipedia": "es:Aeropostal"
        }
      }
    },
    {
      "type": "Feature",
      "geometry": {
        "type": "Point",
        "coordinates": [
          -66.9995686,
          10.5976689
        ]
      },
      "properties": {
        "id": "node/7307196058",
        "osmType": "node",
        "osmId": 7307196058,
        "name": "Aeropostal",
        "category": "shop",
        "kind": "shop:travel_agency",
        "source": "OpenStreetMap",
        "sourceUrl": "https://www.openstreetmap.org/node/7307196058",
        "tags": {
          "addr:city": "Catia La Mar",
          "addr:housename": "Terminal Nacional del Aeropuerto de Maiquetía",
          "addr:postcode": "1162",
          "addr:street": "Vìa: Embarque y Desembarque del Terminal Nacional",
          "brand": "Aeropostal",
          "contact:facebook": "https://www.facebook.com/aeropostal.ve",
          "contact:instagram": "https://www.instagram.com/aeropostalve/?hl=es-la",
          "contact:twitter": "https://twitter.com/AeropostalVE?ref_src=twsrc%5Egoogle%7Ctwcamp%5Eserp%7Ctwgr%5Eauthor",
          "currency:BsF": "yes",
          "currency:EUR": "yes",
          "currency:USD": "yes",
          "currency:others": "yes",
          "description": "Check in y venta del Aeropuerto / Taquilla Express",
          "email": "reservaciones@aeropostal.com",
          "fax": "+58-212-7940387",
          "image": "https://encrypted-tbn0.gstatic.com/images?q=tbn%3AANd9GcTVvDu9MXe1bWh2fIQpoDmNA4IrY3w_SOHxhF9Mf9clhouI3FX1",
          "internet_access": "wlan",
          "internet_access:fee": "no",
          "name": "Aeropostal",
          "note": "Aerolíneas Venezolanas con Rutas Nacionales",
          "old_name": "Línea Aeropostal Venezolana",
          "opening_hours": "closed",
          "operator": "Instituto Nacional de Aeronáutica Civil",
          "operator:phone": "0800-3040000",
          "payment:american_express": "yes",
          "payment:cash": "yes",
          "payment:diners_club": "yes",
          "payment:maestro": "yes",
          "payment:mastercard": "yes",
          "payment:notes": "yes",
          "payment:visa": "yes",
          "phone": "+58-212-3035180",
          "shop": "travel_agency",
          "short_name": "Aeropostal",
          "smoking": "no",
          "surveillance": "indoor",
          "website": "http://www.aeropostal.com/",
          "wheelchair": "yes",
          "wikidata": "Q1826405",
          "wikipedia": "es:Aeropostal"
        }
      }
    },
    {
      "type": "Feature",
      "geometry": {
        "type": "Point",
        "coordinates": [
          -67.0068317,
          10.5973876
        ]
      },
      "properties": {
        "id": "node/7417705789",
        "osmType": "node",
        "osmId": 7417705789,
        "name": "Air Europa",
        "category": "shop",
        "kind": "shop:travel_agency",
        "source": "OpenStreetMap",
        "sourceUrl": "https://www.openstreetmap.org/node/7417705789",
        "tags": {
          "addr:city": "Catia La Mar",
          "addr:full": "Terminal Área pública nivel 2, lado oestedel Aeropuerto de Maiquetía",
          "addr:housename": "Terminal Internacional",
          "addr:postcode": "1162",
          "addr:street": "Vía de Embarque",
          "name": "Air Europa",
          "phone": "+58-212-3551554",
          "shop": "travel_agency"
        }
      }
    },
    {
      "type": "Feature",
      "geometry": {
        "type": "Point",
        "coordinates": [
          -66.9991548,
          10.5976355
        ]
      },
      "properties": {
        "id": "node/7333445566",
        "osmType": "node",
        "osmId": 7333445566,
        "name": "Albatros Airlines",
        "category": "shop",
        "kind": "shop:travel_agency",
        "source": "OpenStreetMap",
        "sourceUrl": "https://www.openstreetmap.org/node/7333445566",
        "tags": {
          "addr:city": "Catia La Mar",
          "addr:housename": "Terminal Nacional del Aeropuerto de Maiquetía",
          "addr:postcode": "1162",
          "addr:street": "Vìa: Embarque y Desembarque del Terminal Nacional",
          "brand": "Albatros",
          "brand:website": "https://albatrosair.aero/",
          "brand:wikidata": "Q20721701",
          "brand:wikipedia": "en:Albatros Airlines",
          "contact:facebook": "https://www.facebook.com/albatrosairlines/",
          "contact:instagram": "https://www.instagram.com/albatrosairve/",
          "contact:twitter": "https://twitter.com/Albatrosairve",
          "currency:BsF": "yes",
          "currency:EUR": "yes",
          "currency:USD": "yes",
          "currency:others": "yes",
          "email": "reservas@albatrosair.aero",
          "internet_access": "wlan",
          "internet_access:fee": "no",
          "name": "Albatros Airlines",
          "note": "Aerolíneas Venezolanas con Rutas Nacionales",
          "opening_hours": "Mo-Su 07:00-17:00",
          "operator": "Alianza Glancelot, C.A.",
          "operator:phone": "0501-2522876",
          "payment:american_express": "yes",
          "payment:cash": "yes",
          "payment:diners_club": "yes",
          "payment:maestro": "yes",
          "payment:mastercard": "yes",
          "payment:notes": "yes",
          "payment:visa": "yes",
          "phone": "+58-212-3551668",
          "shop": "travel_agency",
          "short_name": "Albatros",
          "smoking": "no",
          "surveillance": "indoor",
          "wheelchair": "yes"
        }
      }
    },
    {
      "type": "Feature",
      "geometry": {
        "type": "Point",
        "coordinates": [
          -67.0049768,
          10.5973725
        ]
      },
      "properties": {
        "id": "node/7360189884",
        "osmType": "node",
        "osmId": 7360189884,
        "name": "Albatros Airlines",
        "category": "shop",
        "kind": "shop:travel_agency",
        "source": "OpenStreetMap",
        "sourceUrl": "https://www.openstreetmap.org/node/7360189884",
        "tags": {
          "addr:city": "Catia La Mar",
          "addr:full": "Terminal Internacional del Aeropuerto de Maiquetía",
          "addr:housename": "Terminal Internacional",
          "addr:postcode": "1162",
          "addr:street": "Vía de Embarque",
          "brand": "Albatros",
          "brand:website": "https://albatrosair.aero/",
          "brand:wikidata": "Q20721701",
          "brand:wikipedia": "en:Albatros Airlines",
          "contact:facebook": "https://www.facebook.com/albatrosairlines/",
          "contact:instagram": "https://www.instagram.com/albatrosairve/",
          "contact:twitter": "https://twitter.com/Albatrosairve",
          "currency:BsF": "yes",
          "currency:EUR": "yes",
          "currency:USD": "yes",
          "currency:others": "yes",
          "email": "reservas@albatrosair.aero",
          "internet_access": "wlan",
          "internet_access:fee": "no",
          "name": "Albatros Airlines",
          "note": "Aerolíneas Venezolanas con Rutas Nacionales",
          "opening_hours": "Mo-Su 07:00-17:00",
          "operator": "Alianza Glancelot, C.A.",
          "operator:phone": "0501-2522876",
          "payment:american_express": "yes",
          "payment:cash": "yes",
          "payment:diners_club": "yes",
          "payment:maestro": "yes",
          "payment:mastercard": "yes",
          "payment:notes": "yes",
          "payment:visa": "yes",
          "phone": "+58-212-3551668",
          "shop": "travel_agency",
          "short_name": "Albatros",
          "smoking": "no",
          "surveillance": "indoor",
          "wheelchair": "yes"
        }
      }
    },
    {
      "type": "Feature",
      "geometry": {
        "type": "Point",
        "coordinates": [
          -66.9824309,
          10.5986498
        ]
      },
      "properties": {
        "id": "node/11196588018",
        "osmType": "node",
        "osmId": 11196588018,
        "name": "Almecen Central IAIM",
        "category": "shop",
        "kind": "shop:vacant",
        "source": "OpenStreetMap",
        "sourceUrl": "https://www.openstreetmap.org/node/11196588018",
        "tags": {
          "addr:city": "Catia La Mar",
          "addr:street": "Avenida Aeropuerto Auxiliar",
          "contact:twitter": "@IAIM_VE",
          "name": "Almecen Central IAIM",
          "operator": "IAIM",
          "phone": "+582123031014",
          "ref:vatin": "VEG200042362",
          "shop": "vacant",
          "website": "https://www.aeropuerto-maiquetia.com.ve/IAIM/"
        }
      }
    },
    {
      "type": "Feature",
      "geometry": {
        "type": "Point",
        "coordinates": [
          -67.0085822,
          10.5976732
        ]
      },
      "properties": {
        "id": "node/12104723642",
        "osmType": "node",
        "osmId": 12104723642,
        "name": "Armani exchange",
        "category": "shop",
        "kind": "shop:clothes",
        "source": "OpenStreetMap",
        "sourceUrl": "https://www.openstreetmap.org/node/12104723642",
        "tags": {
          "name": "Armani exchange",
          "payment:credit_cards": "yes",
          "payment:debit_cards": "yes",
          "shop": "clothes"
        }
      }
    },
    {
      "type": "Feature",
      "geometry": {
        "type": "Point",
        "coordinates": [
          -67.0280249,
          10.6031581
        ]
      },
      "properties": {
        "id": "node/4616158689",
        "osmType": "node",
        "osmId": 4616158689,
        "name": "Auto Repuestos Gon Per",
        "category": "shop",
        "kind": "shop:car_parts",
        "source": "OpenStreetMap",
        "sourceUrl": "https://www.openstreetmap.org/node/4616158689",
        "tags": {
          "addr:city": "La Atlántida",
          "name": "Gon Per",
          "name:es": "Auto Repuestos Gon Per",
          "shop": "car_parts"
        }
      }
    },
    {
      "type": "Feature",
      "geometry": {
        "type": "Point",
        "coordinates": [
          -67.0387532,
          10.5993196
        ]
      },
      "properties": {
        "id": "node/4571968393",
        "osmType": "node",
        "osmId": 4571968393,
        "name": "Auto Servicio Castro",
        "category": "shop",
        "kind": "shop:tyres",
        "source": "OpenStreetMap",
        "sourceUrl": "https://www.openstreetmap.org/node/4571968393",
        "tags": {
          "addr:postcode": "1162",
          "addr:street": "calle prolongación soublette",
          "email": "Autoservicioscastro@hotmail.com",
          "name": "Auto Servicio Castro",
          "opening_hours": "Mo-Fr 07:30-17:00",
          "phone": "582123511004",
          "shop": "tyres"
        }
      }
    },
    {
      "type": "Feature",
      "geometry": {
        "type": "Point",
        "coordinates": [
          -67.0181953,
          10.6087187
        ]
      },
      "properties": {
        "id": "node/3451799669",
        "osmType": "node",
        "osmId": 3451799669,
        "name": "Autoparabrisas La Guaira",
        "category": "shop",
        "kind": "shop:car_parts",
        "source": "OpenStreetMap",
        "sourceUrl": "https://www.openstreetmap.org/node/3451799669",
        "tags": {
          "email": "parabrisaslaguaira@hotmail.com",
          "name": "Autoparabrisas La Guaira",
          "phone": "+58 212-3528388",
          "shop": "car_parts"
        }
      }
    },
    {
      "type": "Feature",
      "geometry": {
        "type": "Point",
        "coordinates": [
          -67.02999,
          10.6040068
        ]
      },
      "properties": {
        "id": "node/3141089529",
        "osmType": "node",
        "osmId": 3141089529,
        "name": "Avícola Catia La Mar",
        "category": "shop",
        "kind": "shop:pet",
        "source": "OpenStreetMap",
        "sourceUrl": "https://www.openstreetmap.org/node/3141089529",
        "tags": {
          "addr:city": "Catia La Mar",
          "addr:postcode": "1162",
          "addr:street": "Av. La Atlántida",
          "name": "Avícola Catia La Mar",
          "shop": "pet"
        }
      }
    },
    {
      "type": "Feature",
      "geometry": {
        "type": "Point",
        "coordinates": [
          -67.0241198,
          10.6030573
        ]
      },
      "properties": {
        "id": "node/4068965677",
        "osmType": "node",
        "osmId": 4068965677,
        "name": "Avícola Catia La Mar",
        "category": "shop",
        "kind": "shop:pet",
        "source": "OpenStreetMap",
        "sourceUrl": "https://www.openstreetmap.org/node/4068965677",
        "tags": {
          "addr:city": "Catia La Mar",
          "addr:street": "Calle 18",
          "name": "Avícola Catia La Mar",
          "phone": "+58 212 3520832",
          "shop": "pet"
        }
      }
    },
    {
      "type": "Feature",
      "geometry": {
        "type": "Point",
        "coordinates": [
          -67.0048535,
          10.597377
        ]
      },
      "properties": {
        "id": "node/7319972902",
        "osmType": "node",
        "osmId": 7319972902,
        "name": "Avior Airlines",
        "category": "shop",
        "kind": "shop:travel_agency",
        "source": "OpenStreetMap",
        "sourceUrl": "https://www.openstreetmap.org/node/7319972902",
        "tags": {
          "addr:city": "Catia La Mar",
          "addr:full": "Área pública nivel 2 lado este",
          "addr:housename": "Terminal Internacional",
          "addr:postcode": "1162",
          "addr:street": "Vía de Embarque",
          "brand": "Avior",
          "brand:website": "https://www.avior.com.ve/",
          "brand:wikidata": "Q791117",
          "brand:wikipedia": "es:Avior Airlines",
          "contact:facebook": "https://es-la.facebook.com/AviorAirlines/",
          "contact:instagram": "https://www.instagram.com/aviorair/?hl=es-la",
          "contact:twitter": "https://twitter.com/aviorairlines?ref_src=twsrc%5Egoogle%7Ctwcamp%5Eserp%7Ctwgr%5Eauthor",
          "currency:BsF": "yes",
          "currency:EUR": "yes",
          "currency:USD": "yes",
          "currency:others": "yes",
          "date": "1994-01-01",
          "email": "csaviormiq@avior.com.ve",
          "fax": "+58-212-2130601",
          "internet_access": "wlan",
          "internet_access:fee": "no",
          "name": "Avior Airlines",
          "note": "Aerolíneas Venezolanas con Rutas Nacionales",
          "opening_hours": "Mo-Su 08:00-19:00",
          "operator": "Avior Airlines C.A",
          "operator:phone": "0800-3040000",
          "payment:american_express": "yes",
          "payment:cash": "yes",
          "payment:diners_club": "yes",
          "payment:maestro": "yes",
          "payment:mastercard": "yes",
          "payment:notes": "yes",
          "payment:visa": "yes",
          "phone": "0501-2846700",
          "shop": "travel_agency",
          "short_name": "Avior",
          "smoking": "no",
          "surveillance": "indoor",
          "wheelchair": "yes"
        }
      }
    },
    {
      "type": "Feature",
      "geometry": {
        "type": "Point",
        "coordinates": [
          -67.0019194,
          10.5975672
        ]
      },
      "properties": {
        "id": "node/7319972903",
        "osmType": "node",
        "osmId": 7319972903,
        "name": "Avior Airlines",
        "category": "shop",
        "kind": "shop:travel_agency",
        "source": "OpenStreetMap",
        "sourceUrl": "https://www.openstreetmap.org/node/7319972903",
        "tags": {
          "addr:city": "Catia La Mar",
          "addr:housename": "Terminal Nacional del Aeropuerto de Maiquetía",
          "addr:postcode": "1162",
          "addr:street": "Vìa: Embarque y Desembarque del Terminal Nacional",
          "brand": "Avior",
          "brand:website": "https://www.avior.com.ve/",
          "brand:wikidata": "Q791117",
          "brand:wikipedia": "es:Avior Airlines",
          "contact:facebook": "https://es-la.facebook.com/AviorAirlines/",
          "contact:instagram": "https://www.instagram.com/aviorair/?hl=es-la",
          "contact:twitter": "https://twitter.com/aviorairlines?ref_src=twsrc%5Egoogle%7Ctwcamp%5Eserp%7Ctwgr%5Eauthor",
          "currency:BsF": "yes",
          "currency:EUR": "yes",
          "currency:USD": "yes",
          "currency:others": "yes",
          "date": "1994-01-01",
          "email": "csaviormiq@avior.com.ve",
          "fax": "+58-212-2130601",
          "internet_access": "wlan",
          "internet_access:fee": "no",
          "name": "Avior Airlines",
          "note": "Aerolíneas Venezolanas con Rutas Nacionales",
          "opening_hours": "Mo-Su 08:00-17:00",
          "operator": "Avior Airlines C.A",
          "operator:phone": "0800-3040000",
          "payment:american_express": "yes",
          "payment:cash": "yes",
          "payment:diners_club": "yes",
          "payment:maestro": "yes",
          "payment:mastercard": "yes",
          "payment:notes": "yes",
          "payment:visa": "yes",
          "phone": "0501-2846700",
          "shop": "travel_agency",
          "short_name": "Avior",
          "smoking": "no",
          "surveillance": "indoor",
          "wheelchair": "yes"
        }
      }
    },
    {
      "type": "Feature",
      "geometry": {
        "type": "Point",
        "coordinates": [
          -67.0292069,
          10.6030585
        ]
      },
      "properties": {
        "id": "node/3406567293",
        "osmType": "node",
        "osmId": 3406567293,
        "name": "Bahía",
        "category": "shop",
        "kind": "shop:clothes",
        "source": "OpenStreetMap",
        "sourceUrl": "https://www.openstreetmap.org/node/3406567293",
        "tags": {
          "name": "Bahía",
          "shop": "clothes"
        }
      }
    },
    {
      "type": "Feature",
      "geometry": {
        "type": "Point",
        "coordinates": [
          -67.0183761,
          10.6085505
        ]
      },
      "properties": {
        "id": "node/3125305144",
        "osmType": "node",
        "osmId": 3125305144,
        "name": "Bodegón The Green City",
        "category": "shop",
        "kind": "shop:wine",
        "source": "OpenStreetMap",
        "sourceUrl": "https://www.openstreetmap.org/node/3125305144",
        "tags": {
          "name": "Bodegón The Green City",
          "shop": "wine"
        }
      }
    },
    {
      "type": "Feature",
      "geometry": {
        "type": "Point",
        "coordinates": [
          -67.0265385,
          10.6038403
        ]
      },
      "properties": {
        "id": "way/560781984",
        "osmType": "way",
        "osmId": 560781984,
        "name": "C.C. Ciudad Jardín",
        "category": "shop",
        "kind": "building:retail",
        "source": "OpenStreetMap",
        "sourceUrl": "https://www.openstreetmap.org/way/560781984",
        "tags": {
          "addr:city": "Catia La Mar",
          "addr:postcode": "1162",
          "addr:street": "Av. Tacagua",
          "building": "retail",
          "building:levels": "3",
          "name": "C.C. Ciudad Jardín",
          "shop": "mall"
        }
      }
    },
    {
      "type": "Feature",
      "geometry": {
        "type": "Point",
        "coordinates": [
          -67.0309305,
          10.6044749
        ]
      },
      "properties": {
        "id": "node/3219488415",
        "osmType": "node",
        "osmId": 3219488415,
        "name": "C.C. El Prado",
        "category": "shop",
        "kind": "shop:mall",
        "source": "OpenStreetMap",
        "sourceUrl": "https://www.openstreetmap.org/node/3219488415",
        "tags": {
          "addr:city": "Catia La Mar",
          "addr:postcode": "1162",
          "addr:street": "Av. La Atlántida",
          "name": "C.C. El Prado",
          "shop": "mall"
        }
      }
    },
    {
      "type": "Feature",
      "geometry": {
        "type": "Point",
        "coordinates": [
          -67.0145899,
          10.6086687
        ]
      },
      "properties": {
        "id": "way/291269136",
        "osmType": "way",
        "osmId": 291269136,
        "name": "C.C. Galerías Playa Grande",
        "category": "shop",
        "kind": "building:yes",
        "source": "OpenStreetMap",
        "sourceUrl": "https://www.openstreetmap.org/way/291269136",
        "tags": {
          "addr:city": "Catia La Mar",
          "addr:country": "VE",
          "addr:housename": "Centro Comercial Galerías Playa Grande",
          "addr:state": "VA",
          "addr:street": "Av. Central de Playa Grande",
          "building": "yes",
          "name": "C.C. Galerías Playa Grande",
          "shop": "mall"
        }
      }
    },
    {
      "type": "Feature",
      "geometry": {
        "type": "Point",
        "coordinates": [
          -67.0265699,
          10.6033786
        ]
      },
      "properties": {
        "id": "way/560777412",
        "osmType": "way",
        "osmId": 560777412,
        "name": "C.C. La Parada",
        "category": "shop",
        "kind": "building:yes",
        "source": "OpenStreetMap",
        "sourceUrl": "https://www.openstreetmap.org/way/560777412",
        "tags": {
          "addr:city": "Catia La Mar",
          "addr:postcode": "1162",
          "addr:street": "Av. Tacagua",
          "building": "yes",
          "name": "C.C. La Parada",
          "shop": "mall"
        }
      }
    },
    {
      "type": "Feature",
      "geometry": {
        "type": "Point",
        "coordinates": [
          -66.991803,
          10.5943735
        ]
      },
      "properties": {
        "id": "way/639641633",
        "osmType": "way",
        "osmId": 639641633,
        "name": "C.C. Plaza La Mar",
        "category": "shop",
        "kind": "building:retail",
        "source": "OpenStreetMap",
        "sourceUrl": "https://www.openstreetmap.org/way/639641633",
        "tags": {
          "addr:city": "Catia La Mar",
          "addr:postcode": "1162",
          "addr:street": "Av. La Armada",
          "building": "retail",
          "building:levels": "6",
          "name": "C.C. Plaza La Mar",
          "shop": "mall"
        }
      }
    },
    {
      "type": "Feature",
      "geometry": {
        "type": "Point",
        "coordinates": [
          -67.0051819,
          10.5973723
        ]
      },
      "properties": {
        "id": "node/7373867813",
        "osmType": "node",
        "osmId": 7373867813,
        "name": "Caribbean Airlines",
        "category": "shop",
        "kind": "shop:travel_agency",
        "source": "OpenStreetMap",
        "sourceUrl": "https://www.openstreetmap.org/node/7373867813",
        "tags": {
          "addr:city": "Catia La Mar",
          "addr:full": "Área pública nivel 2 lado este",
          "addr:housename": "Terminal Internacional",
          "addr:postcode": "1162",
          "addr:street": "Vìa Terminal Internacional",
          "name": "Caribbean Airlines",
          "opening_hours": "Mo-Fr 08:30-16:00",
          "phone": "+58-212-3552880",
          "shop": "travel_agency",
          "website": "https://www.caribbean-airlines.com/#"
        }
      }
    },
    {
      "type": "Feature",
      "geometry": {
        "type": "Point",
        "coordinates": [
          -67.0256207,
          10.6023086
        ]
      },
      "properties": {
        "id": "node/3396311296",
        "osmType": "node",
        "osmId": 3396311296,
        "name": "Caty Hogar",
        "category": "shop",
        "kind": "shop:alcohol",
        "source": "OpenStreetMap",
        "sourceUrl": "https://www.openstreetmap.org/node/3396311296",
        "tags": {
          "name": "Caty Hogar",
          "shop": "alcohol"
        }
      }
    },
    {
      "type": "Feature",
      "geometry": {
        "type": "Point",
        "coordinates": [
          -67.0293262,
          10.6048647
        ]
      },
      "properties": {
        "id": "node/3124782268",
        "osmType": "node",
        "osmId": 3124782268,
        "name": "Cauchos Catia La Mar",
        "category": "shop",
        "kind": "shop:tyres",
        "source": "OpenStreetMap",
        "sourceUrl": "https://www.openstreetmap.org/node/3124782268",
        "tags": {
          "name": "Cauchos Catia La Mar",
          "phone": "+58-212-3520708",
          "shop": "tyres"
        }
      }
    },
    {
      "type": "Feature",
      "geometry": {
        "type": "Point",
        "coordinates": [
          -67.0285672,
          10.6039246
        ]
      },
      "properties": {
        "id": "node/5676578767",
        "osmType": "node",
        "osmId": 5676578767,
        "name": "Cauchos Pino",
        "category": "shop",
        "kind": "shop:tyres",
        "source": "OpenStreetMap",
        "sourceUrl": "https://www.openstreetmap.org/node/5676578767",
        "tags": {
          "addr:city": "Catia La Mar",
          "addr:postcode": "1162",
          "addr:street": "Calle 11",
          "name": "Cauchos Pino",
          "shop": "tyres"
        }
      }
    },
    {
      "type": "Feature",
      "geometry": {
        "type": "Point",
        "coordinates": [
          -67.037322,
          10.6027262
        ]
      },
      "properties": {
        "id": "node/3125321345",
        "osmType": "node",
        "osmId": 3125321345,
        "name": "Cauchos Vargas",
        "category": "shop",
        "kind": "shop:tyres",
        "source": "OpenStreetMap",
        "sourceUrl": "https://www.openstreetmap.org/node/3125321345",
        "tags": {
          "addr:city": "Caracas",
          "addr:country": "VE",
          "air_conditioning": "no",
          "car_repair": "tyres",
          "currency:BSD": "yes",
          "currency:EUR": "no",
          "currency:USD": "yes",
          "internet_access": "no",
          "name": "Cauchos Vargas",
          "operator:type": "private",
          "payment:cheque": "no",
          "payment:diners_club": "no",
          "payment:maestro": "yes",
          "payment:mastercard": "no",
          "payment:notes": "yes",
          "payment:visa": "no",
          "phone": "+58-212-3513669",
          "service:vehicle:tyres": "yes",
          "service:vehicle:wheels": "yes",
          "shop": "tyres",
          "source": "local knowledge",
          "wheelchair": "limited"
        }
      }
    },
    {
      "type": "Feature",
      "geometry": {
        "type": "Point",
        "coordinates": [
          -66.9908964,
          10.5947084
        ]
      },
      "properties": {
        "id": "node/10951514429",
        "osmType": "node",
        "osmId": 10951514429,
        "name": "Central Madeirense",
        "category": "shop",
        "kind": "shop:convenience",
        "source": "OpenStreetMap",
        "sourceUrl": "https://www.openstreetmap.org/node/10951514429",
        "tags": {
          "name": "Central Madeirense",
          "shop": "convenience"
        }
      }
    },
    {
      "type": "Feature",
      "geometry": {
        "type": "Point",
        "coordinates": [
          -67.0265579,
          10.6026861
        ]
      },
      "properties": {
        "id": "node/2778238545",
        "osmType": "node",
        "osmId": 2778238545,
        "name": "Centro Cerámico Litoral",
        "category": "shop",
        "kind": "shop:hardware",
        "source": "OpenStreetMap",
        "sourceUrl": "https://www.openstreetmap.org/node/2778238545",
        "tags": {
          "name": "Centro Cerámico Litoral",
          "shop": "hardware"
        }
      }
    },
    {
      "type": "Feature",
      "geometry": {
        "type": "Point",
        "coordinates": [
          -66.9910981,
          10.5946257
        ]
      },
      "properties": {
        "id": "way/639641691",
        "osmType": "way",
        "osmId": 639641691,
        "name": "Centro Comercial Planeta Sotavento",
        "category": "shop",
        "kind": "building:yes",
        "source": "OpenStreetMap",
        "sourceUrl": "https://www.openstreetmap.org/way/639641691",
        "tags": {
          "addr:city": "Catia La Mar",
          "addr:postcode": "1162",
          "addr:street": "Av. La Armada",
          "building": "yes",
          "building:levels": "5",
          "name": "Centro Comercial Planeta Sotavento",
          "shop": "mall"
        }
      }
    },
    {
      "type": "Feature",
      "geometry": {
        "type": "Point",
        "coordinates": [
          -66.9993744,
          10.597673
        ]
      },
      "properties": {
        "id": "node/7306718996",
        "osmType": "node",
        "osmId": 7306718996,
        "name": "Chapi Airlines",
        "category": "shop",
        "kind": "shop:travel_agency",
        "source": "OpenStreetMap",
        "sourceUrl": "https://www.openstreetmap.org/node/7306718996",
        "tags": {
          "addr:city": "Catia La Mar",
          "addr:housename": "Terminal Nacional del Aeropuerto de Maiquetía",
          "addr:postcode": "1162",
          "addr:street": "Vìa: Embarque y Desembarque del Terminal Nacional",
          "brand": "Chapi",
          "contact:facebook": "https://es-la.facebook.com/aerotuy/",
          "contact:instagram": "https://www.instagram.com/aerotuy/",
          "contact:twitter": "https://twitter.com/aerotuyvirtual?lang=es",
          "currency:BsF": "yes",
          "currency:EUR": "yes",
          "currency:USD": "yes",
          "currency:others": "yes",
          "email": "reservacioneschapiair@gmail.com",
          "image": "http://www.chapiair.com/16.jpg",
          "internet_access": "wlan",
          "internet_access:fee": "no",
          "name": "Chapi Airlines",
          "note": "Aerolíneas Venezolanas con Rutas Nacionales",
          "opening_hours": "Mo-Su 07:00-17:00",
          "operator": "Chapi Airlines C.A",
          "payment:american_express": "yes",
          "payment:cash": "yes",
          "payment:diners_club": "yes",
          "payment:maestro": "yes",
          "payment:mastercard": "yes",
          "payment:notes": "yes",
          "payment:visa": "yes",
          "phone": "+58-414-3111117",
          "shop": "travel_agency",
          "smoking": "no",
          "surveillance": "indoor",
          "website": "http://www.chapiair.com/",
          "wheelchair": "yes",
          "wikipedia": "es:Chapi Airlines"
        }
      }
    },
    {
      "type": "Feature",
      "geometry": {
        "type": "Point",
        "coordinates": [
          -67.025244,
          10.6031628
        ]
      },
      "properties": {
        "id": "node/3451051682",
        "osmType": "node",
        "osmId": 3451051682,
        "name": "Chevroluis",
        "category": "shop",
        "kind": "shop:car_parts",
        "source": "OpenStreetMap",
        "sourceUrl": "https://www.openstreetmap.org/node/3451051682",
        "tags": {
          "name": "Chevroluis",
          "phone": "+58 212-3510018",
          "shop": "car_parts"
        }
      }
    },
    {
      "type": "Feature",
      "geometry": {
        "type": "Point",
        "coordinates": [
          -67.0059934,
          10.5972814
        ]
      },
      "properties": {
        "id": "node/8500843767",
        "osmType": "node",
        "osmId": 8500843767,
        "name": "Chocolates St.Moritz",
        "category": "shop",
        "kind": "shop:chocolate",
        "source": "OpenStreetMap",
        "sourceUrl": "https://www.openstreetmap.org/node/8500843767",
        "tags": {
          "addr:city": "Catia La Mar",
          "addr:housename": "Terminal Internacional",
          "addr:postcode": "1162",
          "addr:street": "Vìa: Embarque y Desembarque del Terminal Nacional",
          "air_conditioning": "yes",
          "brand": "St.Moritz",
          "contact:facebook": "https://twitter.com/stmoritzve",
          "contact:instagram": "https://instagram.com/stmoritzve/",
          "cuisine": "cookie",
          "currency:BsF": "yes",
          "currency:EUR": "yes",
          "currency:USD": "yes",
          "currency:others": "no",
          "delivery": "yes",
          "drive_through": "no",
          "image": "https://chocolatesstmoritz.com/wp-content/uploads/2020/08/logo-st-moritz.png",
          "internet_access": "wlan",
          "internet_access:fee": "no",
          "name": "Chocolates St.Moritz",
          "opening_hours": "Mo-Su 08:00-18:00",
          "operator": "Chocolates St.Moritz C.A",
          "outdoor_seating": "no",
          "payment:american_express": "yes",
          "payment:cash": "yes",
          "payment:diners_club": "yes",
          "payment:maestro": "yes",
          "payment:mastercard": "yes",
          "payment:visa": "yes",
          "phone": "+58-212-3551973",
          "shop": "chocolate",
          "smoking": "no",
          "takeaway": "yes",
          "website": "https://chocolatesstmoritz.com/",
          "wheelchair": "yes",
          "wikipedia": "es:Chocolates St.Moritz"
        }
      }
    },
    {
      "type": "Feature",
      "geometry": {
        "type": "Point",
        "coordinates": [
          -67.0005013,
          10.5975867
        ]
      },
      "properties": {
        "id": "node/8500843768",
        "osmType": "node",
        "osmId": 8500843768,
        "name": "Chocolates St.Moritz",
        "category": "shop",
        "kind": "shop:chocolate",
        "source": "OpenStreetMap",
        "sourceUrl": "https://www.openstreetmap.org/node/8500843768",
        "tags": {
          "addr:city": "Catia La Mar",
          "addr:housename": "Terminal Nacional del Aeropuerto de Maiquetía",
          "addr:postcode": "1162",
          "addr:street": "Vìa: Embarque y Desembarque del Terminal Nacional",
          "air_conditioning": "yes",
          "brand": "St.Moritz",
          "contact:facebook": "https://twitter.com/stmoritzve",
          "contact:instagram": "https://instagram.com/stmoritzve/",
          "cuisine": "cookie",
          "currency:BsF": "yes",
          "currency:EUR": "yes",
          "currency:USD": "yes",
          "currency:others": "no",
          "delivery": "yes",
          "drive_through": "no",
          "image": "https://chocolatesstmoritz.com/wp-content/uploads/2020/08/logo-st-moritz.png",
          "internet_access": "wlan",
          "internet_access:fee": "no",
          "name": "Chocolates St.Moritz",
          "opening_hours": "Mo-Su 08:00-18:00",
          "operator": "Chocolates St.Moritz C.A",
          "outdoor_seating": "no",
          "payment:american_express": "yes",
          "payment:cash": "yes",
          "payment:diners_club": "yes",
          "payment:maestro": "yes",
          "payment:mastercard": "yes",
          "payment:visa": "yes",
          "phone": "+58-212-3552826",
          "shop": "chocolate",
          "smoking": "no",
          "takeaway": "yes",
          "website": "https://chocolatesstmoritz.com/",
          "wheelchair": "yes",
          "wikipedia": "es:Chocolates St.Moritz"
        }
      }
    },
    {
      "type": "Feature",
      "geometry": {
        "type": "Point",
        "coordinates": [
          -67.0095913,
          10.5975546
        ]
      },
      "properties": {
        "id": "node/12104676372",
        "osmType": "node",
        "osmId": 12104676372,
        "name": "Churumeru",
        "category": "shop",
        "kind": "shop:gift",
        "source": "OpenStreetMap",
        "sourceUrl": "https://www.openstreetmap.org/node/12104676372",
        "tags": {
          "name": "Churumeru",
          "payment:credit_cards": "yes",
          "payment:debit_cards": "yes",
          "shop": "gift"
        }
      }
    },
    {
      "type": "Feature",
      "geometry": {
        "type": "Point",
        "coordinates": [
          -67.0264204,
          10.6022232
        ]
      },
      "properties": {
        "id": "node/3396311176",
        "osmType": "node",
        "osmId": 3396311176,
        "name": "Comercial Tersay",
        "category": "shop",
        "kind": "shop:department_store",
        "source": "OpenStreetMap",
        "sourceUrl": "https://www.openstreetmap.org/node/3396311176",
        "tags": {
          "name": "Comercial Tersay",
          "shop": "department_store"
        }
      }
    },
    {
      "type": "Feature",
      "geometry": {
        "type": "Point",
        "coordinates": [
          -67.0068035,
          10.5972683
        ]
      },
      "properties": {
        "id": "node/7320085397",
        "osmType": "node",
        "osmId": 7320085397,
        "name": "Conviasa",
        "category": "shop",
        "kind": "shop:travel_agency",
        "source": "OpenStreetMap",
        "sourceUrl": "https://www.openstreetmap.org/node/7320085397",
        "tags": {
          "addr:city": "Catia La Mar",
          "addr:full": "Área pública, nivel 2 lado este mostradores Conviasa",
          "addr:housename": "Terminal Internacional del Aeropuerto de Maiquetía",
          "addr:postcode": "1162",
          "addr:street": "Vía de Embarque",
          "brand": "Conviasa",
          "brand:fax": "+58-212-3552428",
          "brand:website": "http://www.conviasa.aero/",
          "brand:wikidata": "Q677606",
          "brand:wikipedia": "es:Conviasa",
          "contact:facebook": "https://www.facebook.com/LAConviasa/",
          "contact:instagram": "https://www.instagram.com/LAconviasa/",
          "contact:twitter": "https://twitter.com/LAConviasa",
          "currency:BsF": "yes",
          "currency:EUR": "yes",
          "currency:USD": "yes",
          "currency:others": "yes",
          "email": "ato.miqint@conviasa.aero",
          "internet_access": "wlan",
          "internet_access:fee": "no",
          "name": "Conviasa",
          "note": "Aerolíneas Venezolanas con Rutas Nacionales",
          "opening_hours": "Mo-Su 08:00-17:00",
          "operator": "Consorcio Venezolano de Industrias Aeronáuticas y Servicios Aéreos S.A",
          "operator:phone": "0500-26684272",
          "payment:american_express": "yes",
          "payment:cash": "yes",
          "payment:diners_club": "yes",
          "payment:maestro": "yes",
          "payment:mastercard": "yes",
          "payment:notes": "yes",
          "payment:visa": "yes",
          "phone": "+58-212-3551551",
          "shop": "travel_agency",
          "short_name": "Conviasa",
          "smoking": "no",
          "surveillance": "indoor",
          "wheelchair": "yes"
        }
      }
    },
    {
      "type": "Feature",
      "geometry": {
        "type": "Point",
        "coordinates": [
          -67.0018825,
          10.5975687
        ]
      },
      "properties": {
        "id": "node/7320085399",
        "osmType": "node",
        "osmId": 7320085399,
        "name": "Conviasa",
        "category": "shop",
        "kind": "shop:travel_agency",
        "source": "OpenStreetMap",
        "sourceUrl": "https://www.openstreetmap.org/node/7320085399",
        "tags": {
          "addr:city": "Catia La Mar",
          "addr:housename": "Av. Intercomunal Aeropuerto Simón Bolívar. Aeropuerto Nacional. Nivel 1. Maiquetía, en frente del banco Venezuela",
          "addr:postcode": "1162",
          "addr:street": "Vìa: Embarque y Desembarque del Terminal Nacional",
          "brand": "Conviasa",
          "brand:fax": "+58-212-3552428",
          "brand:website": "http://www.conviasa.aero/",
          "brand:wikidata": "Q677606",
          "brand:wikipedia": "es:Conviasa",
          "contact:facebook": "https://www.facebook.com/LAConviasa/",
          "contact:instagram": "https://www.instagram.com/LAconviasa/",
          "contact:twitter": "https://twitter.com/LAConviasa",
          "currency:BsF": "yes",
          "currency:EUR": "yes",
          "currency:USD": "yes",
          "currency:others": "yes",
          "email": "oficina.maiquetia@conviasa.aero",
          "internet_access": "wlan",
          "internet_access:fee": "no",
          "name": "Conviasa",
          "note": "Aerolíneas Venezolanas con Rutas Nacionales",
          "opening_hours": "Mo-Su 08:00-17:00",
          "operator": "Consorcio Venezolano de Industrias Aeronáuticas y Servicios Aéreos S.A",
          "operator:phone": "0500-26684272",
          "payment:american_express": "yes",
          "payment:cash": "yes",
          "payment:diners_club": "yes",
          "payment:maestro": "yes",
          "payment:mastercard": "yes",
          "payment:notes": "yes",
          "payment:visa": "yes",
          "phone": "+58-212-3037449",
          "ref:vatin": "VE G200077743",
          "shop": "travel_agency",
          "short_name": "Conviasa",
          "smoking": "no",
          "surveillance": "indoor",
          "wheelchair": "yes"
        }
      }
    },
    {
      "type": "Feature",
      "geometry": {
        "type": "Point",
        "coordinates": [
          -67.0052816,
          10.5973663
        ]
      },
      "properties": {
        "id": "node/7373875628",
        "osmType": "node",
        "osmId": 7373875628,
        "name": "Copa Airlines",
        "category": "shop",
        "kind": "shop:travel_agency",
        "source": "OpenStreetMap",
        "sourceUrl": "https://www.openstreetmap.org/node/7373875628",
        "tags": {
          "addr:city": "Catia La Mar",
          "addr:full": "Terminal Internacional del Aeropuerto de Maiquetía",
          "addr:housename": "Área pública, nivel 2, lado este",
          "addr:postcode": "1162",
          "addr:street": "Vìa Terminal Internacional",
          "brand": "Copa",
          "name": "Copa Airlines",
          "phone": "+58-212-3552565",
          "shop": "travel_agency",
          "website": "https://www.copaair.com/es/web/gs",
          "wheelchair": "yes"
        }
      }
    },
    {
      "type": "Feature",
      "geometry": {
        "type": "Point",
        "coordinates": [
          -67.0408809,
          10.6008069
        ]
      },
      "properties": {
        "id": "node/3664796495",
        "osmType": "node",
        "osmId": 3664796495,
        "name": "Corazón de Vargas",
        "category": "shop",
        "kind": "shop:bakery",
        "source": "OpenStreetMap",
        "sourceUrl": "https://www.openstreetmap.org/node/3664796495",
        "tags": {
          "addr:city": "Catia La Mar",
          "addr:housename": "Terminal Público de Catia La Mar",
          "addr:postcode": "1162",
          "addr:street": "Av. La Marina",
          "level": "0",
          "name": "Corazón de Vargas",
          "shop": "bakery"
        }
      }
    },
    {
      "type": "Feature",
      "geometry": {
        "type": "Point",
        "coordinates": [
          -67.0095846,
          10.5976206
        ]
      },
      "properties": {
        "id": "node/12104715244",
        "osmType": "node",
        "osmId": 12104715244,
        "name": "Curari",
        "category": "shop",
        "kind": "shop:gift",
        "source": "OpenStreetMap",
        "sourceUrl": "https://www.openstreetmap.org/node/12104715244",
        "tags": {
          "name": "Curari",
          "payment:credit_cards": "yes",
          "payment:debit_cards": "yes",
          "shop": "gift"
        }
      }
    },
    {
      "type": "Feature",
      "geometry": {
        "type": "Point",
        "coordinates": [
          -67.0182358,
          10.6091671
        ]
      },
      "properties": {
        "id": "node/6699424086",
        "osmType": "node",
        "osmId": 6699424086,
        "name": "De todo 1 poco C.A.",
        "category": "shop",
        "kind": "shop:greengrocer",
        "source": "OpenStreetMap",
        "sourceUrl": "https://www.openstreetmap.org/node/6699424086",
        "tags": {
          "name": "De todo 1 poco C.A.",
          "shop": "greengrocer"
        }
      }
    },
    {
      "type": "Feature",
      "geometry": {
        "type": "Point",
        "coordinates": [
          -66.9681407,
          10.6000114
        ]
      },
      "properties": {
        "id": "way/709849620",
        "osmType": "way",
        "osmId": 709849620,
        "name": "Día a Día",
        "category": "shop",
        "kind": "building:supermarket",
        "source": "OpenStreetMap",
        "sourceUrl": "https://www.openstreetmap.org/way/709849620",
        "tags": {
          "addr:city": "La Guaira",
          "addr:postcode": "1161",
          "addr:street": "Av. Soublette",
          "air_conditioning": "yes",
          "building": "supermarket",
          "building:levels": "1",
          "capacity": "40",
          "contact:facebook": "https://www.facebook.com/diadiave",
          "contact:instagram": "https://www.instagram.com/diadia_ven/",
          "contact:twitter": "https://twitter.com/diadia_ven?lang=es",
          "contact:youtube": "https://www.youtube.com/channel/UCmI_Ymou6TeS-aOG9jYC5Zw",
          "currency:BsF": "yes",
          "currency:EUR": "yes",
          "currency:USD": "yes",
          "currency:others": "no",
          "delivery": "no",
          "drive_through": "no",
          "email": "atencion@diaadia.com.ve",
          "height": "5",
          "image": "https://lh3.googleusercontent.com/R_Ka0uziSquwOB3uUxXhWCEj_2pacAgDkWsKs4EcyOVTXG1vHPAybZ0SDDUqeq9qrWQDb4fRQBIiRpPxBajyg-ZAZXJUNCezaKYzXmTRJvDz1jBpvrmc54vYpJxkyPc=s16383",
          "internet_access": "wlan",
          "internet_access:fee": "no",
          "name": "Día a Día",
          "opening_hours": "Mo-Su 08:00-18:00",
          "operator": "Día Día Supermercados, C.A",
          "outdoor_seating": "no",
          "payment:cash": "yes",
          "payment:cheque": "no",
          "payment:coins": "yes",
          "payment:diners_club": "yes",
          "payment:maestro": "yes",
          "payment:mastercard": "yes",
          "payment:visa": "yes",
          "shop": "supermarket",
          "smoking": "no",
          "source": "albertoq2004@hotmail.com",
          "start_date": "1948",
          "website": "https://www.diadia.com.ve/",
          "wheelchair": "yes",
          "wholesale": "no",
          "wikipedia": "es:Día a Día"
        }
      }
    },
    {
      "type": "Feature",
      "geometry": {
        "type": "Point",
        "coordinates": [
          -67.0280938,
          10.603342
        ]
      },
      "properties": {
        "id": "node/5322289518",
        "osmType": "node",
        "osmId": 5322289518,
        "name": "Distribuidora Ven-car 2010",
        "category": "shop",
        "kind": "shop:hardware",
        "source": "OpenStreetMap",
        "sourceUrl": "https://www.openstreetmap.org/node/5322289518",
        "tags": {
          "name": "Distribuidora Ven-car 2010",
          "phone": "+58 212 3517126; +58 212 3520601",
          "shop": "hardware"
        }
      }
    },
    {
      "type": "Feature",
      "geometry": {
        "type": "Point",
        "coordinates": [
          -67.0328584,
          10.6079919
        ]
      },
      "properties": {
        "id": "node/5676595001",
        "osmType": "node",
        "osmId": 5676595001,
        "name": "Donas",
        "category": "shop",
        "kind": "shop:pastry",
        "source": "OpenStreetMap",
        "sourceUrl": "https://www.openstreetmap.org/node/5676595001",
        "tags": {
          "name": "Donas",
          "shop": "pastry"
        }
      }
    },
    {
      "type": "Feature",
      "geometry": {
        "type": "Point",
        "coordinates": [
          -67.0121417,
          10.5964739
        ]
      },
      "properties": {
        "id": "way/104284904",
        "osmType": "way",
        "osmId": 104284904,
        "name": "E/S Aerolago",
        "category": "shop",
        "kind": "building:yes",
        "source": "OpenStreetMap",
        "sourceUrl": "https://www.openstreetmap.org/way/104284904",
        "tags": {
          "addr:city": "Catia La Mar",
          "addr:country": "VE",
          "addr:district": "Municipio Vargas",
          "addr:place": "Aeropuerto de Maiquetía",
          "addr:postcode": "1015",
          "addr:state": "VA",
          "addr:street": "Avenida Principal del Aeropuerto",
          "amenity": "fuel",
          "brand": "PDV",
          "brand:wikidata": "Q5802027",
          "brand:wikipedia": "es:Deltaven",
          "building": "yes",
          "charge": "0.50 USD",
          "currency:BsF": "yes",
          "currency:EUR": "yes",
          "currency:USD": "yes",
          "currency:others": "no",
          "fee": "Internacional",
          "fuel:cng": "no",
          "fuel:diesel": "no",
          "fuel:octane_91": "yes",
          "fuel:octane_95": "yes",
          "image": "https://lh5.googleusercontent.com/p/AF1QipPFagKaEjmnMUbEjrAZvGwVgBmI_kirkOoXo0q1=w408-h544-k-no",
          "name": "E/S Aerolago",
          "note": "Tarifa: INTERNACIONAL a USD 0.50 por litro",
          "note:en": "international rate at usd 0.50 per liter",
          "operator": "PDVSA",
          "payment:american_express": "yes",
          "payment:cryptocurrencies": "no",
          "payment:diners_club": "yes",
          "payment:electronic_purses": "no",
          "payment:maestro": "yes",
          "payment:mastercard": "yes",
          "payment:notes": "yes",
          "payment:visa": "yes",
          "self_service": "no",
          "shop": "yes",
          "smoking": "no",
          "toilets": "no",
          "wheelchair": "limited"
        }
      }
    },
    {
      "type": "Feature",
      "geometry": {
        "type": "Point",
        "coordinates": [
          -67.0344113,
          10.6011685
        ]
      },
      "properties": {
        "id": "node/3121452765",
        "osmType": "node",
        "osmId": 3121452765,
        "name": "E/S Aldo (SUB)",
        "category": "shop",
        "kind": "amenity:fuel",
        "source": "OpenStreetMap",
        "sourceUrl": "https://www.openstreetmap.org/node/3121452765",
        "tags": {
          "addr:country": "VE",
          "addr:district": "Municipio Vargas",
          "addr:place": "Catia La Mar",
          "addr:postcode": "1162",
          "addr:state": "VA",
          "addr:street": "Av. El Ejercito",
          "amenity": "fuel",
          "brand": "PDV",
          "brand:wikidata": "Q5802027",
          "brand:wikipedia": "es:Deltaven",
          "charge": "0,11 VED",
          "currency:BsF": "yes",
          "currency:EUR": "no",
          "currency:USD": "no",
          "currency:others": "no",
          "fee": "Subsidiada",
          "fuel:cng": "no",
          "fuel:diesel": "no",
          "fuel:octane_91": "yes",
          "fuel:octane_95": "yes",
          "image": "https://lh5.googleusercontent.com/p/AF1QipPG8MGEuBB3QmEzFgxRbFrc8Jqb7Ay36m78cyF-=w408-h306-k-no",
          "name": "E/S Aldo (SUB)",
          "note": "Tarifa: SUBSIDIADO con Sistema de Biopago de Huellas a BsD. 0,11 por litro",
          "note:en": "Rate: SUBSIDIZED with Fingerprint Biopayment System to BsD. 0,11 per liter",
          "opening_hours": "24/7",
          "operator": "PDVSA",
          "payment:american_express": "no",
          "payment:cryptocurrencies": "no",
          "payment:diners_club": "no",
          "payment:electronic_purses": "yes",
          "payment:maestro": "no",
          "payment:mastercard": "no",
          "payment:notes": "no",
          "payment:visa": "no",
          "self_service": "no",
          "shop": "yes",
          "smoking": "no",
          "toilets": "no",
          "wheelchair": "limited"
        }
      }
    },
    {
      "type": "Feature",
      "geometry": {
        "type": "Point",
        "coordinates": [
          -67.030793,
          10.6045713
        ]
      },
      "properties": {
        "id": "node/2746287286",
        "osmType": "node",
        "osmId": 2746287286,
        "name": "E/S Asis (SUB)",
        "category": "shop",
        "kind": "amenity:fuel",
        "source": "OpenStreetMap",
        "sourceUrl": "https://www.openstreetmap.org/node/2746287286",
        "tags": {
          "addr:city": "Catia La Mar",
          "addr:country": "VE",
          "addr:district": "Municipio Vargas",
          "addr:place": "Catia La Mar",
          "addr:postcode": "1162",
          "addr:state": "VA",
          "addr:street": "Avenida La Atlantida",
          "amenity": "fuel",
          "brand": "PDV",
          "brand:wikidata": "Q5802027",
          "brand:wikipedia": "es:Deltaven",
          "charge": "0,11 VED",
          "currency:BsF": "yes",
          "currency:EUR": "no",
          "currency:USD": "no",
          "currency:others": "no",
          "fee": "Subsidiada",
          "fuel:cng": "no",
          "fuel:diesel": "no",
          "fuel:octane_91": "yes",
          "fuel:octane_95": "yes",
          "image": "https://lh5.googleusercontent.com/p/AF1QipNk5G46pnrY_vMnbQ61BCRrGHxwrlnUzn0luuW8=w408-h544-k-no",
          "name": "E/S Asis (SUB)",
          "note": "Tarifa: SUBSIDIADO con Sistema de Biopago de Huellas a BsD. 0,11 por litro",
          "note:en": "Rate: SUBSIDIZED with Fingerprint Biopayment System to BsD. 0,11 per liter",
          "operator": "PDVSA",
          "payment:american_express": "no",
          "payment:cryptocurrencies": "no",
          "payment:diners_club": "no",
          "payment:electronic_purses": "yes",
          "payment:maestro": "no",
          "payment:mastercard": "no",
          "payment:notes": "no",
          "payment:visa": "no",
          "self_service": "no",
          "shop": "yes",
          "smoking": "no",
          "toilets": "no",
          "wheelchair": "limited"
        }
      }
    },
    {
      "type": "Feature",
      "geometry": {
        "type": "Point",
        "coordinates": [
          -67.0335295,
          10.6076945
        ]
      },
      "properties": {
        "id": "node/2745875774",
        "osmType": "node",
        "osmId": 2745875774,
        "name": "E/S Atlántida",
        "category": "shop",
        "kind": "amenity:fuel",
        "source": "OpenStreetMap",
        "sourceUrl": "https://www.openstreetmap.org/node/2745875774",
        "tags": {
          "addr:country": "VE",
          "addr:district": "Municipio Vargas",
          "addr:place": "Catia La Mar",
          "addr:postcode": "1162",
          "addr:state": "VA",
          "addr:street": "Avenida La Atlántida",
          "amenity": "fuel",
          "brand": "PDV",
          "brand:wikidata": "Q5802027",
          "brand:wikipedia": "es:Deltaven",
          "charge": "0.50 USD",
          "currency:BsF": "yes",
          "currency:EUR": "yes",
          "currency:USD": "yes",
          "currency:others": "no",
          "fee": "Internacional",
          "fuel:cng": "no",
          "fuel:diesel": "no",
          "fuel:octane_91": "yes",
          "fuel:octane_95": "yes",
          "name": "E/S Atlántida",
          "note": "Tarifa: INTERNACIONAL a USD 0.50 por litro",
          "note:en": "international rate at usd 0.50 per liter",
          "operator": "PDVSA",
          "payment:american_express": "yes",
          "payment:cryptocurrencies": "no",
          "payment:diners_club": "yes",
          "payment:electronic_purses": "no",
          "payment:maestro": "yes",
          "payment:mastercard": "yes",
          "payment:notes": "yes",
          "payment:visa": "yes",
          "self_service": "no",
          "shop": "yes",
          "smoking": "no",
          "toilets": "no",
          "wheelchair": "limited"
        }
      }
    },
    {
      "type": "Feature",
      "geometry": {
        "type": "Point",
        "coordinates": [
          -66.990676,
          10.5919294
        ]
      },
      "properties": {
        "id": "node/3798939525",
        "osmType": "node",
        "osmId": 3798939525,
        "name": "E/S La Litoral",
        "category": "shop",
        "kind": "amenity:fuel",
        "source": "OpenStreetMap",
        "sourceUrl": "https://www.openstreetmap.org/node/3798939525",
        "tags": {
          "addr:city": "Maiquetia",
          "addr:country": "VE",
          "addr:district": "Municipio Vargas",
          "addr:place": "Montesano",
          "addr:postcode": "1162",
          "addr:state": "VA",
          "addr:street": "Autopista: Caracas - La Guaira",
          "amenity": "fuel",
          "brand": "PDV",
          "brand:wikidata": "Q5802027",
          "brand:wikipedia": "es:Deltaven",
          "charge": "0.50 USD",
          "compressed_air": "yes",
          "currency:BsF": "yes",
          "currency:EUR": "yes",
          "currency:USD": "yes",
          "currency:others": "no",
          "fee": "Internacional",
          "fuel:cng": "no",
          "fuel:diesel": "no",
          "fuel:octane_91": "yes",
          "fuel:octane_95": "yes",
          "image": "https://lh5.googleusercontent.com/p/AF1QipMnBpPlCwK5dOrzi_9V7S2-gWdCx-8kc9MVzyWm=w408-h545-k-no",
          "name": "E/S La Litoral",
          "note": "Tarifa: INTERNACIONAL a USD 0.50 por litro",
          "note:en": "international rate at usd 0.50 per liter",
          "opening_hours": "24/7",
          "operator": "PDVSA",
          "payment:american_express": "yes",
          "payment:cryptocurrencies": "no",
          "payment:diners_club": "yes",
          "payment:electronic_purses": "no",
          "payment:maestro": "yes",
          "payment:mastercard": "yes",
          "payment:notes": "yes",
          "payment:visa": "yes",
          "self_service": "no",
          "shop": "yes",
          "smoking": "no",
          "toilets": "no",
          "wheelchair": "limited"
        }
      }
    },
    {
      "type": "Feature",
      "geometry": {
        "type": "Point",
        "coordinates": [
          -67.0357962,
          10.6003738
        ]
      },
      "properties": {
        "id": "node/3121362660",
        "osmType": "node",
        "osmId": 3121362660,
        "name": "E/S Plantalago",
        "category": "shop",
        "kind": "amenity:fuel",
        "source": "OpenStreetMap",
        "sourceUrl": "https://www.openstreetmap.org/node/3121362660",
        "tags": {
          "addr:city": "Catia La Mar",
          "addr:country": "VE",
          "addr:district": "Municipio Vargas",
          "addr:postcode": "1162",
          "addr:state": "VA",
          "addr:street": "Avenida El Ejército",
          "amenity": "fuel",
          "brand": "PDV",
          "brand:wikidata": "Q5802027",
          "brand:wikipedia": "es:Deltaven",
          "charge": "0.50 USD",
          "currency:BsF": "yes",
          "currency:EUR": "yes",
          "currency:USD": "yes",
          "currency:others": "no",
          "fee": "Internacional",
          "fuel:cng": "no",
          "fuel:diesel": "no",
          "fuel:octane_91": "yes",
          "fuel:octane_95": "yes",
          "image": "https://lh5.googleusercontent.com/p/AF1QipPAiIDkicrP1FUipkyO0CXbU74lHKnq5bGNM8sp=w426-h240-k-no",
          "name": "E/S Plantalago",
          "note": "Tarifa: INTERNACIONAL a USD 0.50 por litro",
          "note:en": "international rate at usd 0.50 per liter",
          "operator": "PDVSA",
          "payment:american_express": "yes",
          "payment:cryptocurrencies": "no",
          "payment:diners_club": "yes",
          "payment:electronic_purses": "no",
          "payment:maestro": "yes",
          "payment:mastercard": "yes",
          "payment:notes": "yes",
          "payment:visa": "yes",
          "self_service": "no",
          "shop": "yes",
          "smoking": "no",
          "toilets": "no",
          "wheelchair": "limited"
        }
      }
    },
    {
      "type": "Feature",
      "geometry": {
        "type": "Point",
        "coordinates": [
          -66.974448,
          10.5974204
        ]
      },
      "properties": {
        "id": "node/9702038100",
        "osmType": "node",
        "osmId": 9702038100,
        "name": "E/S Tropical (SUB)",
        "category": "shop",
        "kind": "amenity:fuel",
        "source": "OpenStreetMap",
        "sourceUrl": "https://www.openstreetmap.org/node/9702038100",
        "tags": {
          "addr:city": "Maiquetia",
          "addr:country": "VE",
          "addr:district": "Municipio Vargas",
          "addr:place": "Montesano",
          "addr:postcode": "1161",
          "addr:state": "VA",
          "addr:street": "Calle Real de Pariata",
          "amenity": "fuel",
          "brand": "PDV",
          "brand:wikidata": "Q5802027",
          "brand:wikipedia": "es:Deltaven",
          "charge": "0,11 VED",
          "currency:BsF": "yes",
          "currency:EUR": "no",
          "currency:USD": "no",
          "currency:others": "no",
          "fee": "Subsidiada",
          "fuel:cng": "no",
          "fuel:diesel": "no",
          "fuel:octane_91": "yes",
          "fuel:octane_95": "yes",
          "image": "https://lh5.googleusercontent.com/p/AF1QipMj14YNmclqtJuU4H_r_lI3YdM_SzllFfkAaWzB=w426-h240-k-no",
          "name": "E/S Tropical (SUB)",
          "note": "Tarifa: SUBSIDIADO con Sistema de Biopago de Huellas a BsD. 0,11 por litro",
          "note:en": "Rate: SUBSIDIZED with Fingerprint Biopayment System to BsD. 0,11 per liter",
          "operator": "PDVSA",
          "payment:american_express": "no",
          "payment:cryptocurrencies": "no",
          "payment:diners_club": "no",
          "payment:electronic_purses": "yes",
          "payment:maestro": "no",
          "payment:mastercard": "no",
          "payment:notes": "no",
          "payment:visa": "no",
          "self_service": "no",
          "shop": "yes",
          "smoking": "no",
          "toilets": "no",
          "wheelchair": "limited"
        }
      }
    },
    {
      "type": "Feature",
      "geometry": {
        "type": "Point",
        "coordinates": [
          -67.0333676,
          10.6070307
        ]
      },
      "properties": {
        "id": "node/3125303057",
        "osmType": "node",
        "osmId": 3125303057,
        "name": "El Bodegón de Texas",
        "category": "shop",
        "kind": "shop:wine",
        "source": "OpenStreetMap",
        "sourceUrl": "https://www.openstreetmap.org/node/3125303057",
        "tags": {
          "addr:city": "Catia La Mar",
          "addr:postcode": "1162",
          "addr:street": "Av. La Atlántida",
          "name": "El Bodegón de Texas",
          "shop": "wine"
        }
      }
    },
    {
      "type": "Feature",
      "geometry": {
        "type": "Point",
        "coordinates": [
          -67.0288752,
          10.6025941
        ]
      },
      "properties": {
        "id": "way/272906259",
        "osmType": "way",
        "osmId": 272906259,
        "name": "El Conquistador",
        "category": "shop",
        "kind": "building:yes",
        "source": "OpenStreetMap",
        "sourceUrl": "https://www.openstreetmap.org/way/272906259",
        "tags": {
          "addr:city": "Catia La Mar",
          "addr:postcode": "1162",
          "addr:street": "Av. El Ejercito",
          "building": "yes",
          "name": "El Conquistador",
          "shop": "mall"
        }
      }
    },
    {
      "type": "Feature",
      "geometry": {
        "type": "Point",
        "coordinates": [
          -67.0310121,
          10.6018111
        ]
      },
      "properties": {
        "id": "node/3223056439",
        "osmType": "node",
        "osmId": 3223056439,
        "name": "El Guri",
        "category": "shop",
        "kind": "shop:variety_store",
        "source": "OpenStreetMap",
        "sourceUrl": "https://www.openstreetmap.org/node/3223056439",
        "tags": {
          "addr:city": "Catia La Mar",
          "addr:postcode": "1162",
          "addr:street": "Av. El Ejercito",
          "name": "El Guri",
          "shop": "variety_store"
        }
      }
    },
    {
      "type": "Feature",
      "geometry": {
        "type": "Point",
        "coordinates": [
          -67.0270997,
          10.6012961
        ]
      },
      "properties": {
        "id": "node/3995975565",
        "osmType": "node",
        "osmId": 3995975565,
        "name": "El Puente",
        "category": "shop",
        "kind": "shop:convenience",
        "source": "OpenStreetMap",
        "sourceUrl": "https://www.openstreetmap.org/node/3995975565",
        "tags": {
          "addr:city": "Catia La Mar",
          "addr:country": "VE",
          "addr:suburb": "La Páez",
          "name": "El Puente",
          "shop": "convenience"
        }
      }
    },
    {
      "type": "Feature",
      "geometry": {
        "type": "Point",
        "coordinates": [
          -67.0295552,
          10.6034395
        ]
      },
      "properties": {
        "id": "node/4917879609",
        "osmType": "node",
        "osmId": 4917879609,
        "name": "Electro Computer JC",
        "category": "shop",
        "kind": "shop:computer",
        "source": "OpenStreetMap",
        "sourceUrl": "https://www.openstreetmap.org/node/4917879609",
        "tags": {
          "addr:city": "Catia La Mar",
          "addr:housename": "CC Jardines Plaza",
          "addr:postcode": "1162",
          "addr:street": "Av. La Atlántida",
          "level": "0",
          "name": "Electro Computer JC",
          "phone": "+58 212 3521652",
          "shop": "computer"
        }
      }
    },
    {
      "type": "Feature",
      "geometry": {
        "type": "Point",
        "coordinates": [
          -67.014832,
          10.5902818
        ]
      },
      "properties": {
        "id": "way/503358655",
        "osmType": "way",
        "osmId": 503358655,
        "name": "Embotelladora de gas doméstico",
        "category": "shop",
        "kind": "shop:gas",
        "source": "OpenStreetMap",
        "sourceUrl": "https://www.openstreetmap.org/way/503358655",
        "tags": {
          "alt_name": "Copergas",
          "name": "Embotelladora de gas doméstico",
          "shop": "gas"
        }
      }
    },
    {
      "type": "Feature",
      "geometry": {
        "type": "Point",
        "coordinates": [
          -67.0300038,
          10.6040953
        ]
      },
      "properties": {
        "id": "node/3406568766",
        "osmType": "node",
        "osmId": 3406568766,
        "name": "Ferremateriales 3000",
        "category": "shop",
        "kind": "shop:hardware",
        "source": "OpenStreetMap",
        "sourceUrl": "https://www.openstreetmap.org/node/3406568766",
        "tags": {
          "addr:city": "Catia La Mar",
          "addr:postcode": "1162",
          "addr:street": "Av. La Atlántida",
          "name": "Ferremateriales 3000",
          "phone": "+58 212-3511813",
          "shop": "hardware"
        }
      }
    },
    {
      "type": "Feature",
      "geometry": {
        "type": "Point",
        "coordinates": [
          -67.0385454,
          10.5928897
        ]
      },
      "properties": {
        "id": "node/11778102969",
        "osmType": "node",
        "osmId": 11778102969,
        "name": "Ferretería La Soublette",
        "category": "shop",
        "kind": "shop:hardware",
        "source": "OpenStreetMap",
        "sourceUrl": "https://www.openstreetmap.org/node/11778102969",
        "tags": {
          "name": "Ferretería La Soublette",
          "shop": "hardware"
        }
      }
    },
    {
      "type": "Feature",
      "geometry": {
        "type": "Point",
        "coordinates": [
          -67.0319711,
          10.601582
        ]
      },
      "properties": {
        "id": "node/3020147045",
        "osmType": "node",
        "osmId": 3020147045,
        "name": "Ferretería Lo Pilato",
        "category": "shop",
        "kind": "shop:hardware",
        "source": "OpenStreetMap",
        "sourceUrl": "https://www.openstreetmap.org/node/3020147045",
        "tags": {
          "addr:city": "Catia La Mar",
          "addr:postcode": "1162",
          "addr:street": "Av. El Ejercito",
          "name": "Ferretería Lo Pilato",
          "shop": "hardware"
        }
      }
    },
    {
      "type": "Feature",
      "geometry": {
        "type": "Point",
        "coordinates": [
          -67.0322013,
          10.6015688
        ]
      },
      "properties": {
        "id": "node/3125339460",
        "osmType": "node",
        "osmId": 3125339460,
        "name": "Ferretería Santa María",
        "category": "shop",
        "kind": "shop:hardware",
        "source": "OpenStreetMap",
        "sourceUrl": "https://www.openstreetmap.org/node/3125339460",
        "tags": {
          "addr:city": "Catia La Mar",
          "addr:postcode": "1162",
          "addr:street": "Av. El Ejercito",
          "name": "Ferretería Santa María",
          "shop": "hardware"
        }
      }
    },
    {
      "type": "Feature",
      "geometry": {
        "type": "Point",
        "coordinates": [
          -67.0058127,
          10.5972764
        ]
      },
      "properties": {
        "id": "node/3808248680",
        "osmType": "node",
        "osmId": 3808248680,
        "name": "Florelia",
        "category": "shop",
        "kind": "shop:florist",
        "source": "OpenStreetMap",
        "sourceUrl": "https://www.openstreetmap.org/node/3808248680",
        "tags": {
          "addr:city": "Catia La Mar",
          "addr:full": "Terminal Internacional nivel 3",
          "addr:housename": "Terminal Internacional",
          "addr:postcode": "1162",
          "addr:street": "Vìa Terminal Internacional",
          "name": "Florelia",
          "opening_hours": "Mo-Fr 08:00-21:00",
          "payment:cash": "yes",
          "payment:maestro": "yes",
          "payment:mastercard": "yes",
          "payment:visa": "yes",
          "shop": "florist",
          "smoking": "no",
          "source": "albertoq2004@hotmail.com",
          "wheelchair": "yes"
        }
      }
    },
    {
      "type": "Feature",
      "geometry": {
        "type": "Point",
        "coordinates": [
          -67.0194973,
          10.6085932
        ]
      },
      "properties": {
        "id": "way/291269183",
        "osmType": "way",
        "osmId": 291269183,
        "name": "Ford",
        "category": "shop",
        "kind": "building:yes",
        "source": "OpenStreetMap",
        "sourceUrl": "https://www.openstreetmap.org/way/291269183",
        "tags": {
          "addr:city": "Catia La Mar",
          "addr:country": "VE",
          "addr:state": "VA",
          "addr:street": "Av. Central de Playa Grande",
          "addr:suburb": "Playa Grande",
          "brand": "Ford",
          "brand:wikidata": "Q44294",
          "brand:wikipedia": "en:Ford Motor Company",
          "building": "yes",
          "name": "Ford",
          "operator": "Tres hermanos II",
          "service:vehicle:car_parts": "yes",
          "service:vehicle:repairs": "yes",
          "shop": "car"
        }
      }
    },
    {
      "type": "Feature",
      "geometry": {
        "type": "Point",
        "coordinates": [
          -67.0154113,
          10.5969978
        ]
      },
      "properties": {
        "id": "node/3418572556",
        "osmType": "node",
        "osmId": 3418572556,
        "name": "Frenos Sun",
        "category": "shop",
        "kind": "shop:car_parts",
        "source": "OpenStreetMap",
        "sourceUrl": "https://www.openstreetmap.org/node/3418572556",
        "tags": {
          "name": "Frenos Sun",
          "shop": "car_parts"
        }
      }
    },
    {
      "type": "Feature",
      "geometry": {
        "type": "Point",
        "coordinates": [
          -67.0020023,
          10.597785
        ]
      },
      "properties": {
        "id": "node/7320682224",
        "osmType": "node",
        "osmId": 7320682224,
        "name": "Fruit Garden",
        "category": "shop",
        "kind": "shop:greengrocer",
        "source": "OpenStreetMap",
        "sourceUrl": "https://www.openstreetmap.org/node/7320682224",
        "tags": {
          "addr:city": "Catia La Mar",
          "addr:housename": "Terminal Nacional del Aeropuerto de Maiquetía",
          "addr:postcode": "1162",
          "addr:street": "Vìa: Embarque y Desembarque del Terminal Nacional",
          "image": "https://lh5.googleusercontent.com/p/AF1QipO4c-zAozGnouYN7tSPCvGQbMHahOJ1LXQHXyzu=w408-h306-k-no",
          "internet_access": "wlan",
          "internet_access:fee": "no",
          "name": "Fruit Garden",
          "opening_hours": "Mo-Su 06:30-20:00",
          "outdoor_seating": "yes",
          "payment:american_express": "yes",
          "payment:coins": "yes",
          "payment:diners_club": "yes",
          "payment:maestro": "yes",
          "payment:mastercard": "yes",
          "payment:notes": "yes",
          "payment:visa": "yes",
          "shop": "greengrocer",
          "smoking": "no",
          "takeaway": "yes",
          "website": "https://www.yogenfruz.com/",
          "wheelchair": "yes"
        }
      }
    },
    {
      "type": "Feature",
      "geometry": {
        "type": "Point",
        "coordinates": [
          -66.9907861,
          10.5918931
        ]
      },
      "properties": {
        "id": "node/10958112534",
        "osmType": "node",
        "osmId": 10958112534,
        "name": "Full Gas",
        "category": "shop",
        "kind": "shop:convenience",
        "source": "OpenStreetMap",
        "sourceUrl": "https://www.openstreetmap.org/node/10958112534",
        "tags": {
          "addr:city": "Maiquetia",
          "addr:country": "VE",
          "addr:district": "Municipio Vargas",
          "addr:place": "Montesano",
          "addr:postcode": "1162",
          "addr:state": "VA",
          "addr:street": "Autopista: Caracas - La Guaira",
          "name": "Full Gas",
          "opening_hours": "24/7",
          "shop": "convenience",
          "wheelchair": "yes"
        }
      }
    },
    {
      "type": "Feature",
      "geometry": {
        "type": "Point",
        "coordinates": [
          -67.0330677,
          10.6065349
        ]
      },
      "properties": {
        "id": "node/2846340981",
        "osmType": "node",
        "osmId": 2846340981,
        "name": "Funeraria San Antonio",
        "category": "shop",
        "kind": "shop:funeral_directors",
        "source": "OpenStreetMap",
        "sourceUrl": "https://www.openstreetmap.org/node/2846340981",
        "tags": {
          "addr:city": "Catia La Mar",
          "addr:postcode": "1162",
          "addr:street": "Av. La Atlántida",
          "name": "Funeraria San Antonio",
          "shop": "funeral_directors"
        }
      }
    },
    {
      "type": "Feature",
      "geometry": {
        "type": "Point",
        "coordinates": [
          -67.0166701,
          10.5892742
        ]
      },
      "properties": {
        "id": "way/503358654",
        "osmType": "way",
        "osmId": 503358654,
        "name": "Gas comunal",
        "category": "shop",
        "kind": "shop:gas",
        "source": "OpenStreetMap",
        "sourceUrl": "https://www.openstreetmap.org/way/503358654",
        "tags": {
          "name": "Gas comunal",
          "shop": "gas"
        }
      }
    },
    {
      "type": "Feature",
      "geometry": {
        "type": "Point",
        "coordinates": [
          -67.0335441,
          10.6062281
        ]
      },
      "properties": {
        "id": "node/3570279993",
        "osmType": "node",
        "osmId": 3570279993,
        "name": "Gioia",
        "category": "shop",
        "kind": "shop:florist",
        "source": "OpenStreetMap",
        "sourceUrl": "https://www.openstreetmap.org/node/3570279993",
        "tags": {
          "name": "Gioia",
          "phone": "+58 212-7442273",
          "shop": "florist"
        }
      }
    },
    {
      "type": "Feature",
      "geometry": {
        "type": "Point",
        "coordinates": [
          -67.020046,
          10.6010385
        ]
      },
      "properties": {
        "id": "node/3232275087",
        "osmType": "node",
        "osmId": 3232275087,
        "name": "Gomes",
        "category": "shop",
        "kind": "shop:alcohol",
        "source": "OpenStreetMap",
        "sourceUrl": "https://www.openstreetmap.org/node/3232275087",
        "tags": {
          "name": "Gomes",
          "shop": "alcohol"
        }
      }
    },
    {
      "type": "Feature",
      "geometry": {
        "type": "Point",
        "coordinates": [
          -67.0308638,
          10.6049345
        ]
      },
      "properties": {
        "id": "node/3451843937",
        "osmType": "node",
        "osmId": 3451843937,
        "name": "Hidromáticos La Guaira",
        "category": "shop",
        "kind": "shop:car_repair",
        "source": "OpenStreetMap",
        "sourceUrl": "https://www.openstreetmap.org/node/3451843937",
        "tags": {
          "addr:city": "Catia La Mar",
          "addr:postcode": "1162",
          "addr:street": "Av. La Atlántida",
          "name": "Hidromáticos La Guaira",
          "shop": "car_repair"
        }
      }
    },
    {
      "type": "Feature",
      "geometry": {
        "type": "Point",
        "coordinates": [
          -67.0334443,
          10.6012963
        ]
      },
      "properties": {
        "id": "node/3219682237",
        "osmType": "node",
        "osmId": 3219682237,
        "name": "Hielera Catia La Mar",
        "category": "shop",
        "kind": "shop:water",
        "source": "OpenStreetMap",
        "sourceUrl": "https://www.openstreetmap.org/node/3219682237",
        "tags": {
          "addr:city": "Catia La Mar",
          "addr:postcode": "1162",
          "addr:street": "Av. El Ejercito",
          "name": "Hielera Catia La Mar",
          "shop": "water"
        }
      }
    },
    {
      "type": "Feature",
      "geometry": {
        "type": "Point",
        "coordinates": [
          -67.0053183,
          10.597442
        ]
      },
      "properties": {
        "id": "node/7417705788",
        "osmType": "node",
        "osmId": 7417705788,
        "name": "Iberia",
        "category": "shop",
        "kind": "shop:travel_agency",
        "source": "OpenStreetMap",
        "sourceUrl": "https://www.openstreetmap.org/node/7417705788",
        "tags": {
          "addr:city": "Catia La Mar",
          "addr:full": "Área pública, nivel 2, lado oeste",
          "addr:housename": "Terminal Internacional",
          "addr:postcode": "1162",
          "addr:street": "Vía de Embarque",
          "name": "Iberia",
          "phone": "+58-212-3552702",
          "shop": "travel_agency"
        }
      }
    },
    {
      "type": "Feature",
      "geometry": {
        "type": "Point",
        "coordinates": [
          -67.0314282,
          10.6036454
        ]
      },
      "properties": {
        "id": "node/8109936017",
        "osmType": "node",
        "osmId": 8109936017,
        "name": "Imagua",
        "category": "shop",
        "kind": "shop:water",
        "source": "OpenStreetMap",
        "sourceUrl": "https://www.openstreetmap.org/node/8109936017",
        "tags": {
          "name": "Imagua",
          "shop": "water"
        }
      }
    },
    {
      "type": "Feature",
      "geometry": {
        "type": "Point",
        "coordinates": [
          -67.0366349,
          10.5931283
        ]
      },
      "properties": {
        "id": "node/6235251485",
        "osmType": "node",
        "osmId": 6235251485,
        "name": "Inversiones y Tortas Brarias F.P.",
        "category": "shop",
        "kind": "shop:bakery",
        "source": "OpenStreetMap",
        "sourceUrl": "https://www.openstreetmap.org/node/6235251485",
        "tags": {
          "addr:housenumber": "bloque 14",
          "addr:postcode": "2011",
          "addr:street": "La Soublette",
          "email": "inversionesytortasbrarias@gmail.com",
          "internet_access": "wlan",
          "name": "Inversiones y Tortas Brarias F.P.",
          "phone": "04125639348",
          "shop": "bakery"
        }
      }
    },
    {
      "type": "Feature",
      "geometry": {
        "type": "Point",
        "coordinates": [
          -67.032256,
          10.6055113
        ]
      },
      "properties": {
        "id": "node/4917870253",
        "osmType": "node",
        "osmId": 4917870253,
        "name": "J & C",
        "category": "shop",
        "kind": "shop:computer",
        "source": "OpenStreetMap",
        "sourceUrl": "https://www.openstreetmap.org/node/4917870253",
        "tags": {
          "addr:city": "Catia La Mar",
          "addr:postcode": "1162",
          "addr:street": "Calle 5",
          "name": "J & C",
          "opening_hours": "Mo-Fr 08:00-12:30,14:00-18:00",
          "shop": "computer"
        }
      }
    },
    {
      "type": "Feature",
      "geometry": {
        "type": "Point",
        "coordinates": [
          -67.0014684,
          10.5978133
        ]
      },
      "properties": {
        "id": "node/7320655622",
        "osmType": "node",
        "osmId": 7320655622,
        "name": "Jugos La Chara",
        "category": "shop",
        "kind": "shop:beverages",
        "source": "OpenStreetMap",
        "sourceUrl": "https://www.openstreetmap.org/node/7320655622",
        "tags": {
          "addr:city": "Catia La Mar",
          "addr:housename": "Terminal Nacional del Aeropuerto de Maiquetía",
          "addr:postcode": "1162",
          "addr:street": "Vìa: Embarque y Desembarque del Terminal Nacional",
          "internet_access": "wlan",
          "internet_access:fee": "no",
          "name": "Jugos La Chara",
          "opening_hours": "Mo-Su 05:30-21:00",
          "outdoor_seating": "yes",
          "payment:american_express": "yes",
          "payment:coins": "yes",
          "payment:diners_club": "yes",
          "payment:maestro": "yes",
          "payment:mastercard": "yes",
          "payment:notes": "yes",
          "payment:visa": "yes",
          "shop": "beverages",
          "smoking": "no",
          "takeaway": "yes",
          "wheelchair": "yes"
        }
      }
    },
    {
      "type": "Feature",
      "geometry": {
        "type": "Point",
        "coordinates": [
          -67.0309152,
          10.604731
        ]
      },
      "properties": {
        "id": "node/3406568187",
        "osmType": "node",
        "osmId": 3406568187,
        "name": "K-sas",
        "category": "shop",
        "kind": "shop:alcohol",
        "source": "OpenStreetMap",
        "sourceUrl": "https://www.openstreetmap.org/node/3406568187",
        "tags": {
          "addr:city": "Catia La Mar",
          "addr:postcode": "1162",
          "addr:street": "Av. La Atlántida",
          "name": "K-sas",
          "shop": "alcohol"
        }
      }
    },
    {
      "type": "Feature",
      "geometry": {
        "type": "Point",
        "coordinates": [
          -67.0290855,
          10.6033323
        ]
      },
      "properties": {
        "id": "node/2846325402",
        "osmType": "node",
        "osmId": 2846325402,
        "name": "La Almendrina",
        "category": "shop",
        "kind": "shop:bakery",
        "source": "OpenStreetMap",
        "sourceUrl": "https://www.openstreetmap.org/node/2846325402",
        "tags": {
          "addr:city": "Catia La Mar",
          "addr:postcode": "1162",
          "addr:street": "Av. La Atlántida",
          "name": "La Almendrina",
          "phone": "+58-212-3525251",
          "shop": "bakery"
        }
      }
    },
    {
      "type": "Feature",
      "geometry": {
        "type": "Point",
        "coordinates": [
          -67.0261537,
          10.6028629
        ]
      },
      "properties": {
        "id": "node/3187946091",
        "osmType": "node",
        "osmId": 3187946091,
        "name": "La Diplomática",
        "category": "shop",
        "kind": "shop:funeral_directors",
        "source": "OpenStreetMap",
        "sourceUrl": "https://www.openstreetmap.org/node/3187946091",
        "tags": {
          "addr:city": "La Atlántida",
          "addr:street": "Calle 15",
          "name": "La Diplomática",
          "shop": "funeral_directors"
        }
      }
    },
    {
      "type": "Feature",
      "geometry": {
        "type": "Point",
        "coordinates": [
          -67.0305875,
          10.6032805
        ]
      },
      "properties": {
        "id": "way/313026763",
        "osmType": "way",
        "osmId": 313026763,
        "name": "La Esquina",
        "category": "shop",
        "kind": "amenity:retail",
        "source": "OpenStreetMap",
        "sourceUrl": "https://www.openstreetmap.org/way/313026763",
        "tags": {
          "amenity": "retail",
          "name": "La Esquina",
          "shop": "variety_store"
        }
      }
    },
    {
      "type": "Feature",
      "geometry": {
        "type": "Point",
        "coordinates": [
          -67.0191713,
          10.6004337
        ]
      },
      "properties": {
        "id": "node/4525060364",
        "osmType": "node",
        "osmId": 4525060364,
        "name": "La Feria del Jamón 74",
        "category": "shop",
        "kind": "shop:deli",
        "source": "OpenStreetMap",
        "sourceUrl": "https://www.openstreetmap.org/node/4525060364",
        "tags": {
          "name": "La Feria del Jamón 74",
          "shop": "deli"
        }
      }
    },
    {
      "type": "Feature",
      "geometry": {
        "type": "Point",
        "coordinates": [
          -67.0301257,
          10.6043051
        ]
      },
      "properties": {
        "id": "node/4860541223",
        "osmType": "node",
        "osmId": 4860541223,
        "name": "La Mansión Verde",
        "category": "shop",
        "kind": "shop:greengrocer",
        "source": "OpenStreetMap",
        "sourceUrl": "https://www.openstreetmap.org/node/4860541223",
        "tags": {
          "addr:city": "Catia La Mar",
          "addr:postcode": "1162",
          "addr:street": "Av. La Atlántida",
          "name": "La Mansión Verde",
          "name:es": "La Mansión Verde",
          "shop": "greengrocer"
        }
      }
    },
    {
      "type": "Feature",
      "geometry": {
        "type": "Point",
        "coordinates": [
          -66.9996253,
          10.5976328
        ]
      },
      "properties": {
        "id": "node/7307196057",
        "osmType": "node",
        "osmId": 7307196057,
        "name": "Laser Airlines",
        "category": "shop",
        "kind": "shop:travel_agency",
        "source": "OpenStreetMap",
        "sourceUrl": "https://www.openstreetmap.org/node/7307196057",
        "tags": {
          "addr:city": "Catia La Mar",
          "addr:housename": "Terminal Nacional del Aeropuerto de Maiquetía",
          "addr:postcode": "1162",
          "addr:street": "Vìa: Embarque y Desembarque del Terminal Nacional",
          "alt_name": "Línea Aérea de Servicio Ejecutivo Regional",
          "brand": "Laser",
          "brand:email": "mercadeo@laser.com.ve",
          "brand:fax": "+58-212-202015",
          "brand:website": "https://www.laserairlines.com/",
          "brand:wikidata": "Q548133",
          "brand:wikipedia": "es:LASER Airlines",
          "contact:facebook": "https://es-la.facebook.com/LaserAirlines/",
          "contact:instagram": "https://www.instagram.com/laserairlinesoficial/?hl=es-la",
          "contact:twitter": "https://twitter.com/laserairlines?ref_src=twsrc%5Egoogle%7Ctwcamp%5Eserp%7Ctwgr%5Eauthor",
          "currency:BsF": "yes",
          "currency:EUR": "yes",
          "currency:USD": "yes",
          "currency:others": "yes",
          "description": "Check in y venta del Aeropuerto",
          "internet_access": "wlan",
          "internet_access:fee": "no",
          "name": "Laser Airlines",
          "note": "Aerolíneas Venezolanas con Rutas Nacionales",
          "opening_hours": "Mo-Su 07:00-17:00",
          "operator": "Línea Aérea de Servicio Ejecutivo Regional C.A",
          "operator:phone": "0501-5273700",
          "payment:american_express": "yes",
          "payment:cash": "yes",
          "payment:diners_club": "yes",
          "payment:maestro": "yes",
          "payment:mastercard": "yes",
          "payment:notes": "yes",
          "payment:visa": "yes",
          "phone": "0501-5273700",
          "shop": "travel_agency",
          "short_name": "Laser",
          "smoking": "no",
          "surveillance": "indoor",
          "wheelchair": "yes"
        }
      }
    },
    {
      "type": "Feature",
      "geometry": {
        "type": "Point",
        "coordinates": [
          -67.0046571,
          10.59748
        ]
      },
      "properties": {
        "id": "node/7353298370",
        "osmType": "node",
        "osmId": 7353298370,
        "name": "Laser Airlines",
        "category": "shop",
        "kind": "shop:travel_agency",
        "source": "OpenStreetMap",
        "sourceUrl": "https://www.openstreetmap.org/node/7353298370",
        "tags": {
          "addr:city": "Catia La Mar",
          "addr:full": "Área pública, nivel 2, lado este",
          "addr:housename": "Terminal Internacional",
          "addr:postcode": "1162",
          "addr:street": "Vìa: Embarque y Desembarque del Terminal Nacional",
          "alt_name": "Línea Aérea de Servicio Ejecutivo Regional",
          "brand": "Laser",
          "brand:email": "mercadeo@laser.com.ve",
          "brand:fax": "+58-212-202015",
          "brand:website": "https://www.laserairlines.com/",
          "brand:wikidata": "Q548133",
          "brand:wikipedia": "es:LASER Airlines",
          "contact:facebook": "https://es-la.facebook.com/LaserAirlines/",
          "contact:instagram": "https://www.instagram.com/laserairlinesoficial/?hl=es-la",
          "contact:twitter": "https://twitter.com/laserairlines?ref_src=twsrc%5Egoogle%7Ctwcamp%5Eserp%7Ctwgr%5Eauthor",
          "currency:BsF": "yes",
          "currency:EUR": "yes",
          "currency:USD": "yes",
          "currency:others": "yes",
          "description": "Check in y venta del Aeropuerto",
          "internet_access": "wlan",
          "internet_access:fee": "no",
          "name": "Laser Airlines",
          "note": "Aerolíneas Venezolanas con Rutas Nacionales",
          "opening_hours": "Mo-Su 07:00-17:00",
          "operator": "Línea Aérea de Servicio Ejecutivo Regional C.A",
          "operator:phone": "0501-5273700",
          "payment:american_express": "yes",
          "payment:cash": "yes",
          "payment:diners_club": "yes",
          "payment:maestro": "yes",
          "payment:mastercard": "yes",
          "payment:notes": "yes",
          "payment:visa": "yes",
          "phone": "+58-212-3553072",
          "shop": "travel_agency",
          "short_name": "Laser",
          "smoking": "no",
          "surveillance": "indoor",
          "wheelchair": "yes"
        }
      }
    },
    {
      "type": "Feature",
      "geometry": {
        "type": "Point",
        "coordinates": [
          -67.0048694,
          10.5972747
        ]
      },
      "properties": {
        "id": "node/12493006551",
        "osmType": "node",
        "osmId": 12493006551,
        "name": "Laser Airlines",
        "category": "shop",
        "kind": "shop:travel_agency",
        "source": "OpenStreetMap",
        "sourceUrl": "https://www.openstreetmap.org/node/12493006551",
        "tags": {
          "check_date": "2025-01-11",
          "contact:whatsapp": "+584124968370",
          "name": "Laser Airlines",
          "shop": "travel_agency"
        }
      }
    },
    {
      "type": "Feature",
      "geometry": {
        "type": "Point",
        "coordinates": [
          -67.0313789,
          10.60476
        ]
      },
      "properties": {
        "id": "node/4917873578",
        "osmType": "node",
        "osmId": 4917873578,
        "name": "Libremar 2137",
        "category": "shop",
        "kind": "shop:books",
        "source": "OpenStreetMap",
        "sourceUrl": "https://www.openstreetmap.org/node/4917873578",
        "tags": {
          "addr:city": "Catia La Mar",
          "addr:postcode": "1162",
          "addr:street": "Calle 7",
          "contact:twitter": "@libremar2137",
          "email": "libremar2137@gmail.com",
          "internet_access": "no",
          "name": "Libremar 2137",
          "opening_hours": "Mo-Fr 08:00-12:00,14:00-17:30",
          "phone": "+58 212-3528043",
          "shop": "books"
        }
      }
    },
    {
      "type": "Feature",
      "geometry": {
        "type": "Point",
        "coordinates": [
          -67.0094831,
          10.5975275
        ]
      },
      "properties": {
        "id": "node/12104707943",
        "osmType": "node",
        "osmId": 12104707943,
        "name": "Librería internacional",
        "category": "shop",
        "kind": "shop:books",
        "source": "OpenStreetMap",
        "sourceUrl": "https://www.openstreetmap.org/node/12104707943",
        "tags": {
          "name": "Librería internacional",
          "payment:credit_cards": "yes",
          "payment:debit_cards": "yes",
          "shop": "books"
        }
      }
    },
    {
      "type": "Feature",
      "geometry": {
        "type": "Point",
        "coordinates": [
          -67.0305187,
          10.6036707
        ]
      },
      "properties": {
        "id": "node/3148363071",
        "osmType": "node",
        "osmId": 3148363071,
        "name": "Librería Satelite",
        "category": "shop",
        "kind": "shop:books",
        "source": "OpenStreetMap",
        "sourceUrl": "https://www.openstreetmap.org/node/3148363071",
        "tags": {
          "name": "Librería Satelite",
          "shop": "books"
        }
      }
    },
    {
      "type": "Feature",
      "geometry": {
        "type": "Point",
        "coordinates": [
          -67.0289022,
          10.603514
        ]
      },
      "properties": {
        "id": "node/3409633110",
        "osmType": "node",
        "osmId": 3409633110,
        "name": "Licorería El Rey Luís",
        "category": "shop",
        "kind": "shop:alcohol",
        "source": "OpenStreetMap",
        "sourceUrl": "https://www.openstreetmap.org/node/3409633110",
        "tags": {
          "addr:city": "Catia La Mar",
          "addr:postcode": "1162",
          "addr:street": "Calle 11",
          "name": "Licorería El Rey Luís",
          "shop": "alcohol"
        }
      }
    },
    {
      "type": "Feature",
      "geometry": {
        "type": "Point",
        "coordinates": [
          -67.0331153,
          10.6013343
        ]
      },
      "properties": {
        "id": "node/3219682772",
        "osmType": "node",
        "osmId": 3219682772,
        "name": "Licorería La Guacamaya",
        "category": "shop",
        "kind": "shop:alcohol",
        "source": "OpenStreetMap",
        "sourceUrl": "https://www.openstreetmap.org/node/3219682772",
        "tags": {
          "addr:city": "Catia La Mar",
          "addr:postcode": "1162",
          "addr:street": "Av. El Ejercito",
          "name": "Licorería La Guacamaya",
          "shop": "alcohol"
        }
      }
    },
    {
      "type": "Feature",
      "geometry": {
        "type": "Point",
        "coordinates": [
          -67.0328679,
          10.6068803
        ]
      },
      "properties": {
        "id": "node/2846379488",
        "osmType": "node",
        "osmId": 2846379488,
        "name": "Licorería Mami",
        "category": "shop",
        "kind": "shop:alcohol",
        "source": "OpenStreetMap",
        "sourceUrl": "https://www.openstreetmap.org/node/2846379488",
        "tags": {
          "addr:city": "Catia La Mar",
          "addr:postcode": "1162",
          "name": "Licorería Mami",
          "shop": "alcohol"
        }
      }
    },
    {
      "type": "Feature",
      "geometry": {
        "type": "Point",
        "coordinates": [
          -66.9997484,
          10.5976579
        ]
      },
      "properties": {
        "id": "node/2855471344",
        "osmType": "node",
        "osmId": 2855471344,
        "name": "Línea Turística Aerotuy",
        "category": "shop",
        "kind": "shop:travel_agency",
        "source": "OpenStreetMap",
        "sourceUrl": "https://www.openstreetmap.org/node/2855471344",
        "tags": {
          "addr:city": "Catia La Mar",
          "addr:housename": "Terminal Nacional del Aeropuerto de Maiquetía",
          "addr:postcode": "1162",
          "addr:street": "Vìa: Embarque y Desembarque del Terminal Nacional",
          "brand": "Aerotuy",
          "contact:facebook": "https://es-la.facebook.com/aerotuy/",
          "contact:instagram": "https://www.instagram.com/aerotuy/",
          "contact:twitter": "https://twitter.com/aerotuyvirtual?lang=es",
          "currency:BsF": "yes",
          "currency:EUR": "yes",
          "currency:USD": "yes",
          "currency:others": "yes",
          "email": "reservaciones@tuy.com",
          "fax": "+58-212-7612272",
          "internet_access": "wlan",
          "internet_access:fee": "no",
          "name": "Línea Turística Aerotuy",
          "note": "Aerolíneas Venezolanas con Rutas Nacionales",
          "opening_hours": "Mo-Su 07:00-17:00",
          "operator": "Grupo Cóndor C.A",
          "operator:phone": "0800-3040000",
          "payment:american_express": "yes",
          "payment:cash": "yes",
          "payment:diners_club": "yes",
          "payment:maestro": "yes",
          "payment:mastercard": "yes",
          "payment:notes": "yes",
          "payment:visa": "yes",
          "phone": "+58-212-2123110",
          "shop": "travel_agency",
          "short_name": "LTA",
          "smoking": "no",
          "surveillance": "indoor",
          "website": "http://www.tuy.com/",
          "wheelchair": "yes",
          "wikidata": "Q6711280",
          "wikipedia": "es:Línea Turística Aereotuy"
        }
      }
    },
    {
      "type": "Feature",
      "geometry": {
        "type": "Point",
        "coordinates": [
          -67.0391683,
          10.6012968
        ]
      },
      "properties": {
        "id": "node/10958011280",
        "osmType": "node",
        "osmId": 10958011280,
        "name": "Los Gochos Santo Cristo de La Grita",
        "category": "shop",
        "kind": "shop:convenience",
        "source": "OpenStreetMap",
        "sourceUrl": "https://www.openstreetmap.org/node/10958011280",
        "tags": {
          "name": "Los Gochos Santo Cristo de La Grita",
          "shop": "convenience"
        }
      }
    },
    {
      "type": "Feature",
      "geometry": {
        "type": "Point",
        "coordinates": [
          -67.0304611,
          10.6037392
        ]
      },
      "properties": {
        "id": "node/3219493001",
        "osmType": "node",
        "osmId": 3219493001,
        "name": "Lucy Mar",
        "category": "shop",
        "kind": "shop:mall",
        "source": "OpenStreetMap",
        "sourceUrl": "https://www.openstreetmap.org/node/3219493001",
        "tags": {
          "name": "Lucy Mar",
          "shop": "mall"
        }
      }
    },
    {
      "type": "Feature",
      "geometry": {
        "type": "Point",
        "coordinates": [
          -67.0092846,
          10.5975283
        ]
      },
      "properties": {
        "id": "node/12104707979",
        "osmType": "node",
        "osmId": 12104707979,
        "name": "Luxury spa",
        "category": "shop",
        "kind": "shop:massage",
        "source": "OpenStreetMap",
        "sourceUrl": "https://www.openstreetmap.org/node/12104707979",
        "tags": {
          "name": "Luxury spa",
          "payment:credit_cards": "yes",
          "payment:debit_cards": "yes",
          "shop": "massage"
        }
      }
    },
    {
      "type": "Feature",
      "geometry": {
        "type": "Point",
        "coordinates": [
          -66.9924422,
          10.5943331
        ]
      },
      "properties": {
        "id": "way/1178757451",
        "osmType": "way",
        "osmId": 1178757451,
        "name": "Makro",
        "category": "shop",
        "kind": "building:yes",
        "source": "OpenStreetMap",
        "sourceUrl": "https://www.openstreetmap.org/way/1178757451",
        "tags": {
          "addr:city": "Catia La Mar",
          "addr:full": "Av. La Armada, Sector Triángulo de Mare. (Frente al Aeropuerto Internacional de Maiquetía)",
          "addr:postcode": "1162",
          "addr:street": "Av. La Armada",
          "air_conditioning": "yes",
          "brand": "Makro",
          "brand:wikidata": "Q704606",
          "brand:wikipedia": "en:Makro",
          "building": "yes",
          "building:levels": "1",
          "capacity": "250",
          "contact:facebook": "https://www.facebook.com/makrovenezuela",
          "contact:instagram": "https://www.instagram.com/makrovzla/",
          "contact:twitter": "https://twitter.com/makrovenezuela",
          "currency:EUR": "yes",
          "currency:USD": "yes",
          "currency:others": "yes",
          "delivery": "no",
          "drive_through": "no",
          "email": "st27vtas@makro.com.ve",
          "height": "20",
          "internet_access": "wlan",
          "internet_access:fee": "no",
          "name": "Makro",
          "opening_hours": "Mo-Fr 08:00-17:00",
          "operator": "Grupo Holandés SHV",
          "outdoor_seating": "yes",
          "payment:cash": "yes",
          "payment:cheque": "yes",
          "payment:coins": "yes",
          "payment:diners_club": "yes",
          "payment:maestro": "yes",
          "payment:mastercard": "no",
          "payment:visa": "no",
          "phone": "+58-212-2004302",
          "shop": "wholesale",
          "smoking": "no",
          "start_date": "2000-01-01",
          "website": "https://www.makro.com.ve/",
          "wheelchair": "yes",
          "wholesale": "yes"
        }
      }
    },
    {
      "type": "Feature",
      "geometry": {
        "type": "Point",
        "coordinates": [
          -67.0306641,
          10.6042129
        ]
      },
      "properties": {
        "id": "node/4567416946",
        "osmType": "node",
        "osmId": 4567416946,
        "name": "Marcelis",
        "category": "shop",
        "kind": "shop:copyshop",
        "source": "OpenStreetMap",
        "sourceUrl": "https://www.openstreetmap.org/node/4567416946",
        "tags": {
          "addr:city": "Catia La Mar",
          "addr:postcode": "1162",
          "addr:street": "Av. La Atlántida",
          "alt_phone": "+58 414-3723739",
          "email": "invmarcelis@gmail.com",
          "name": "Marcelis",
          "phone": "+58 212-3522982",
          "shop": "copyshop"
        }
      }
    },
    {
      "type": "Feature",
      "geometry": {
        "type": "Point",
        "coordinates": [
          -67.0305705,
          10.6036247
        ]
      },
      "properties": {
        "id": "node/3148363072",
        "osmType": "node",
        "osmId": 3148363072,
        "name": "Mascotylandia",
        "category": "shop",
        "kind": "shop:pet",
        "source": "OpenStreetMap",
        "sourceUrl": "https://www.openstreetmap.org/node/3148363072",
        "tags": {
          "name": "Mascotylandia",
          "shop": "pet"
        }
      }
    },
    {
      "type": "Feature",
      "geometry": {
        "type": "Point",
        "coordinates": [
          -67.0308,
          10.6044064
        ]
      },
      "properties": {
        "id": "node/3219493207",
        "osmType": "node",
        "osmId": 3219493207,
        "name": "Megavista",
        "category": "shop",
        "kind": "shop:optician",
        "source": "OpenStreetMap",
        "sourceUrl": "https://www.openstreetmap.org/node/3219493207",
        "tags": {
          "addr:city": "Catia La Mar",
          "addr:postcode": "1162",
          "addr:street": "Av. La Atlántida",
          "name": "Megavista",
          "shop": "optician"
        }
      }
    },
    {
      "type": "Feature",
      "geometry": {
        "type": "Point",
        "coordinates": [
          -67.0142313,
          10.5974434
        ]
      },
      "properties": {
        "id": "node/3416817679",
        "osmType": "node",
        "osmId": 3416817679,
        "name": "Mercal",
        "category": "shop",
        "kind": "shop:supermarket",
        "source": "OpenStreetMap",
        "sourceUrl": "https://www.openstreetmap.org/node/3416817679",
        "tags": {
          "name": "Mercal",
          "operator": "PDVSA",
          "shop": "supermarket"
        }
      }
    },
    {
      "type": "Feature",
      "geometry": {
        "type": "Point",
        "coordinates": [
          -66.9675665,
          10.6005775
        ]
      },
      "properties": {
        "id": "way/477888299",
        "osmType": "way",
        "osmId": 477888299,
        "name": "Mercal",
        "category": "shop",
        "kind": "building:yes",
        "source": "OpenStreetMap",
        "sourceUrl": "https://www.openstreetmap.org/way/477888299",
        "tags": {
          "building": "yes",
          "name": "Mercal",
          "shop": "convenience"
        }
      }
    },
    {
      "type": "Feature",
      "geometry": {
        "type": "Point",
        "coordinates": [
          -66.97653,
          10.5943503
        ]
      },
      "properties": {
        "id": "node/3497720330",
        "osmType": "node",
        "osmId": 3497720330,
        "name": "Mil Cerámicas",
        "category": "shop",
        "kind": "shop:trade",
        "source": "OpenStreetMap",
        "sourceUrl": "https://www.openstreetmap.org/node/3497720330",
        "tags": {
          "addr:city": "La Guaira",
          "addr:housenumber": "8",
          "addr:street": "Real de Montesano",
          "email": "gerencia.laguaira@milceramicas.com",
          "name": "Mil Cerámicas",
          "opening_hours": "Mo-Fr 08:00-12:00,14:00-18:00; Sa 08:30-12:30; Jan 1,Apr 19,May 1,Jun 24,Jul 5,Jul 24,Oct 12,Dec 24,Dec 25,Dec 31 off",
          "operator": "INVERSIONES CISA, C.A.",
          "phone": "+58-212-3317548",
          "shop": "trade",
          "trade": "tiles",
          "website": "https://milceramicas.com/"
        }
      }
    },
    {
      "type": "Feature",
      "geometry": {
        "type": "Point",
        "coordinates": [
          -67.0198084,
          10.6005627
        ]
      },
      "properties": {
        "id": "way/346119408",
        "osmType": "way",
        "osmId": 346119408,
        "name": "Mil Cerámicas",
        "category": "shop",
        "kind": "building:yes",
        "source": "OpenStreetMap",
        "sourceUrl": "https://www.openstreetmap.org/way/346119408",
        "tags": {
          "addr:city": "Catia La Mar",
          "addr:country": "VE",
          "addr:housenumber": "1",
          "addr:state": "VA",
          "addr:street": "Av. La Armada",
          "building": "yes",
          "email": "gerencia.catialamar@milceramicas.com",
          "name": "Mil Cerámicas",
          "opening_hours": "Mo-Fr 08:00-12:00,14:00-18:00; Jan 1,Apr 19,May 1,Jun 24,Jul 5,Jul 24,Oct 12,Dec 24,Dec 25,Dec 31 off",
          "operator": "COMERCIAL HIDRAULICA, C.A.",
          "phone": "+58-212-3317548",
          "shop": "trade",
          "website": "https://milceramicas.com/",
          "wheelchair": "limited"
        }
      }
    },
    {
      "type": "Feature",
      "geometry": {
        "type": "Point",
        "coordinates": [
          -67.0305948,
          10.6047336
        ]
      },
      "properties": {
        "id": "node/3460323597",
        "osmType": "node",
        "osmId": 3460323597,
        "name": "Mirabal",
        "category": "shop",
        "kind": "shop:car_parts",
        "source": "OpenStreetMap",
        "sourceUrl": "https://www.openstreetmap.org/node/3460323597",
        "tags": {
          "addr:city": "Catia La Mar",
          "addr:postcode": "1162",
          "addr:street": "Av. La Atlántida",
          "name": "Mirabal",
          "shop": "car_parts"
        }
      }
    },
    {
      "type": "Feature",
      "geometry": {
        "type": "Point",
        "coordinates": [
          -67.0382242,
          10.5993707
        ]
      },
      "properties": {
        "id": "node/3664795886",
        "osmType": "node",
        "osmId": 3664795886,
        "name": "Modelo",
        "category": "shop",
        "kind": "shop:supermarket",
        "source": "OpenStreetMap",
        "sourceUrl": "https://www.openstreetmap.org/node/3664795886",
        "tags": {
          "name": "Modelo",
          "opening_hours": "Mo-Tu, Th-Sa 09:00-19:00; Su 09:00-02:00",
          "shop": "supermarket"
        }
      }
    },
    {
      "type": "Feature",
      "geometry": {
        "type": "Point",
        "coordinates": [
          -67.0276673,
          10.6030231
        ]
      },
      "properties": {
        "id": "node/3409632908",
        "osmType": "node",
        "osmId": 3409632908,
        "name": "Monserrat",
        "category": "shop",
        "kind": "shop:hardware",
        "source": "OpenStreetMap",
        "sourceUrl": "https://www.openstreetmap.org/node/3409632908",
        "tags": {
          "addr:city": "Catia La Mar",
          "addr:street": "Calle 13",
          "name": "Monserrat",
          "phone": "+58-212-3522577",
          "shop": "hardware"
        }
      }
    },
    {
      "type": "Feature",
      "geometry": {
        "type": "Point",
        "coordinates": [
          -67.030599,
          10.6041821
        ]
      },
      "properties": {
        "id": "node/3626025505",
        "osmType": "node",
        "osmId": 3626025505,
        "name": "Movilnet",
        "category": "shop",
        "kind": "shop:mobile_phone",
        "source": "OpenStreetMap",
        "sourceUrl": "https://www.openstreetmap.org/node/3626025505",
        "tags": {
          "addr:city": "Catia La Mar",
          "addr:postcode": "1162",
          "addr:street": "Av. La Atlántida",
          "name": "Movilnet",
          "shop": "mobile_phone"
        }
      }
    },
    {
      "type": "Feature",
      "geometry": {
        "type": "Point",
        "coordinates": [
          -67.0304822,
          10.604151
        ]
      },
      "properties": {
        "id": "node/3219493698",
        "osmType": "node",
        "osmId": 3219493698,
        "name": "Movistar",
        "category": "shop",
        "kind": "shop:mobile_phone",
        "source": "OpenStreetMap",
        "sourceUrl": "https://www.openstreetmap.org/node/3219493698",
        "tags": {
          "addr:city": "Catia La Mar",
          "addr:full": "CC Lucy Mar",
          "addr:postcode": "1162",
          "addr:street": "Av. La Atlántida",
          "brand": "Movistar",
          "brand:wikidata": "Q967735",
          "name": "Movistar",
          "shop": "mobile_phone"
        }
      }
    },
    {
      "type": "Feature",
      "geometry": {
        "type": "Point",
        "coordinates": [
          -67.0404145,
          10.6008675
        ]
      },
      "properties": {
        "id": "node/3664796545",
        "osmType": "node",
        "osmId": 3664796545,
        "name": "Mundo Hércules",
        "category": "shop",
        "kind": "shop:general",
        "source": "OpenStreetMap",
        "sourceUrl": "https://www.openstreetmap.org/node/3664796545",
        "tags": {
          "addr:city": "Catia La Mar",
          "addr:housename": "Terminal Público de Catia La Mar",
          "addr:postcode": "1162",
          "addr:street": "Av. La Marina",
          "name": "Mundo Hércules",
          "shop": "general"
        }
      }
    },
    {
      "type": "Feature",
      "geometry": {
        "type": "Point",
        "coordinates": [
          -67.0018064,
          10.5975704
        ]
      },
      "properties": {
        "id": "node/11195164994",
        "osmType": "node",
        "osmId": 11195164994,
        "name": "OneWay Travel Agency",
        "category": "shop",
        "kind": "shop:travel_agency",
        "source": "OpenStreetMap",
        "sourceUrl": "https://www.openstreetmap.org/node/11195164994",
        "tags": {
          "addr:city": "Maiquetía",
          "addr:postcode": "1162",
          "addr:street": "Avenida Principal del Aeropuerto",
          "contact:facebook": "https://www.facebook.com/p/OneWay-Traveling-100069413737955/",
          "contact:instagram": "https://www.instagram.com/onewaytraveling/",
          "email": "reservas@one-way.info",
          "internet_access": "wlan",
          "mobile": "+584248459035",
          "name": "OneWay Travel Agency",
          "opening_hours": "Mo-Sa 08:00-20:00",
          "shop": "travel_agency",
          "website": "https://one-way.info/"
        }
      }
    },
    {
      "type": "Feature",
      "geometry": {
        "type": "Point",
        "coordinates": [
          -67.0312768,
          10.604942
        ]
      },
      "properties": {
        "id": "node/2745898326",
        "osmType": "node",
        "osmId": 2745898326,
        "name": "Panadería Atlanti Mar",
        "category": "shop",
        "kind": "shop:bakery",
        "source": "OpenStreetMap",
        "sourceUrl": "https://www.openstreetmap.org/node/2745898326",
        "tags": {
          "addr:city": "Catia La Mar",
          "addr:postcode": "1162",
          "addr:street": "Av. La Atlántida",
          "name": "Panadería Atlanti Mar",
          "phone": "+58-212-3519379",
          "shop": "bakery"
        }
      }
    },
    {
      "type": "Feature",
      "geometry": {
        "type": "Point",
        "coordinates": [
          -67.036736,
          10.5935521
        ]
      },
      "properties": {
        "id": "node/11778103469",
        "osmType": "node",
        "osmId": 11778103469,
        "name": "Panadería de Juan",
        "category": "shop",
        "kind": "shop:bakery",
        "source": "OpenStreetMap",
        "sourceUrl": "https://www.openstreetmap.org/node/11778103469",
        "tags": {
          "name": "Panadería de Juan",
          "shop": "bakery"
        }
      }
    },
    {
      "type": "Feature",
      "geometry": {
        "type": "Point",
        "coordinates": [
          -67.0330964,
          10.6068247
        ]
      },
      "properties": {
        "id": "node/2745898323",
        "osmType": "node",
        "osmId": 2745898323,
        "name": "Panadería El Muro",
        "category": "shop",
        "kind": "shop:bakery",
        "source": "OpenStreetMap",
        "sourceUrl": "https://www.openstreetmap.org/node/2745898323",
        "tags": {
          "addr:city": "Catia La Mar",
          "addr:postcode": "1162",
          "addr:street": "Av. La Atlántida",
          "name": "Panadería El Muro",
          "shop": "bakery"
        }
      }
    },
    {
      "type": "Feature",
      "geometry": {
        "type": "Point",
        "coordinates": [
          -66.9709678,
          10.5321704
        ]
      },
      "properties": {
        "id": "node/8886478149",
        "osmType": "node",
        "osmId": 8886478149,
        "name": "Panadería El Puente, C.A.",
        "category": "shop",
        "kind": "shop:bakery",
        "source": "OpenStreetMap",
        "sourceUrl": "https://www.openstreetmap.org/node/8886478149",
        "tags": {
          "name": "Panadería El Puente, C.A.",
          "operator": "Panadería El Puente, C.A.",
          "shop": "bakery"
        }
      }
    },
    {
      "type": "Feature",
      "geometry": {
        "type": "Point",
        "coordinates": [
          -67.0137375,
          10.609383
        ]
      },
      "properties": {
        "id": "node/2970575334",
        "osmType": "node",
        "osmId": 2970575334,
        "name": "Panadería La Almendrina Deli",
        "category": "shop",
        "kind": "shop:bakery",
        "source": "OpenStreetMap",
        "sourceUrl": "https://www.openstreetmap.org/node/2970575334",
        "tags": {
          "addr:city": "Playa Grande",
          "name": "Panadería La Almendrina Deli",
          "phone:1": "+58-212-3522175",
          "phone:2": "+58-212-3526103",
          "shop": "bakery"
        }
      }
    },
    {
      "type": "Feature",
      "geometry": {
        "type": "Point",
        "coordinates": [
          -67.0294503,
          10.6026315
        ]
      },
      "properties": {
        "id": "node/3144947365",
        "osmType": "node",
        "osmId": 3144947365,
        "name": "Panadería La Mirella",
        "category": "shop",
        "kind": "shop:bakery",
        "source": "OpenStreetMap",
        "sourceUrl": "https://www.openstreetmap.org/node/3144947365",
        "tags": {
          "name": "Panadería La Mirella",
          "shop": "bakery"
        }
      }
    },
    {
      "type": "Feature",
      "geometry": {
        "type": "Point",
        "coordinates": [
          -67.038806,
          10.6005319
        ]
      },
      "properties": {
        "id": "node/3219490025",
        "osmType": "node",
        "osmId": 3219490025,
        "name": "Panadería Los Pescaditos",
        "category": "shop",
        "kind": "shop:bakery",
        "source": "OpenStreetMap",
        "sourceUrl": "https://www.openstreetmap.org/node/3219490025",
        "tags": {
          "addr:city": "Catia La Mar",
          "addr:postcode": "1162",
          "addr:street": "Av. El Ejercito",
          "name": "Panadería Los Pescaditos",
          "shop": "bakery"
        }
      }
    },
    {
      "type": "Feature",
      "geometry": {
        "type": "Point",
        "coordinates": [
          -67.0295179,
          10.6037921
        ]
      },
      "properties": {
        "id": "node/2846509357",
        "osmType": "node",
        "osmId": 2846509357,
        "name": "Panadería Premium",
        "category": "shop",
        "kind": "shop:bakery",
        "source": "OpenStreetMap",
        "sourceUrl": "https://www.openstreetmap.org/node/2846509357",
        "tags": {
          "addr:city": "Catia La Mar",
          "addr:postcode": "1162",
          "addr:street": "Av. La Atlántida",
          "name": "Panadería Premium",
          "shop": "bakery"
        }
      }
    },
    {
      "type": "Feature",
      "geometry": {
        "type": "Point",
        "coordinates": [
          -67.0181835,
          10.6085124
        ]
      },
      "properties": {
        "id": "node/3124785327",
        "osmType": "node",
        "osmId": 3124785327,
        "name": "Panadería The Green City",
        "category": "shop",
        "kind": "shop:bakery",
        "source": "OpenStreetMap",
        "sourceUrl": "https://www.openstreetmap.org/node/3124785327",
        "tags": {
          "name": "Panadería The Green City",
          "shop": "bakery"
        }
      }
    },
    {
      "type": "Feature",
      "geometry": {
        "type": "Point",
        "coordinates": [
          -67.0298171,
          10.6038558
        ]
      },
      "properties": {
        "id": "node/3920911093",
        "osmType": "node",
        "osmId": 3920911093,
        "name": "Papelería San José",
        "category": "shop",
        "kind": "shop:copyshop",
        "source": "OpenStreetMap",
        "sourceUrl": "https://www.openstreetmap.org/node/3920911093",
        "tags": {
          "addr:city": "Catia La Mar",
          "addr:postcode": "1162",
          "addr:street": "Av. La Atlántida",
          "name": "Papelería San José",
          "shop": "copyshop"
        }
      }
    },
    {
      "type": "Feature",
      "geometry": {
        "type": "Point",
        "coordinates": [
          -67.0131771,
          10.594097
        ]
      },
      "properties": {
        "id": "node/2496914838",
        "osmType": "node",
        "osmId": 2496914838,
        "name": "PDVAL",
        "category": "shop",
        "kind": "shop:supermarket",
        "source": "OpenStreetMap",
        "sourceUrl": "https://www.openstreetmap.org/node/2496914838",
        "tags": {
          "name": "PDVAL",
          "shop": "supermarket"
        }
      }
    },
    {
      "type": "Feature",
      "geometry": {
        "type": "Point",
        "coordinates": [
          -67.0333912,
          10.6009043
        ]
      },
      "properties": {
        "id": "node/3573490393",
        "osmType": "node",
        "osmId": 3573490393,
        "name": "PDVAL",
        "category": "shop",
        "kind": "shop:supermarket",
        "source": "OpenStreetMap",
        "sourceUrl": "https://www.openstreetmap.org/node/3573490393",
        "tags": {
          "addr:city": "Catia La Mar",
          "addr:postcode": "1162",
          "addr:street": "Avenida El Ejército",
          "name": "PDVAL",
          "shop": "supermarket"
        }
      }
    },
    {
      "type": "Feature",
      "geometry": {
        "type": "Point",
        "coordinates": [
          -67.0275533,
          10.6035065
        ]
      },
      "properties": {
        "id": "node/3577161234",
        "osmType": "node",
        "osmId": 3577161234,
        "name": "Peluquería El Chino",
        "category": "shop",
        "kind": "shop:hairdresser",
        "source": "OpenStreetMap",
        "sourceUrl": "https://www.openstreetmap.org/node/3577161234",
        "tags": {
          "name": "Peluquería El Chino",
          "shop": "hairdresser"
        }
      }
    },
    {
      "type": "Feature",
      "geometry": {
        "type": "Point",
        "coordinates": [
          -67.0325968,
          10.6015077
        ]
      },
      "properties": {
        "id": "node/3219685880",
        "osmType": "node",
        "osmId": 3219685880,
        "name": "Peluquería La Marina",
        "category": "shop",
        "kind": "shop:hairdresser",
        "source": "OpenStreetMap",
        "sourceUrl": "https://www.openstreetmap.org/node/3219685880",
        "tags": {
          "addr:city": "Catia La Mar",
          "addr:postcode": "1162",
          "addr:street": "Av. El Ejercito",
          "name": "Peluquería La Marina",
          "shop": "hairdresser"
        }
      }
    },
    {
      "type": "Feature",
      "geometry": {
        "type": "Point",
        "coordinates": [
          -67.0014135,
          10.5975999
        ]
      },
      "properties": {
        "id": "node/2897570460",
        "osmType": "node",
        "osmId": 2897570460,
        "name": "Perla Airlines",
        "category": "shop",
        "kind": "shop:travel_agency",
        "source": "OpenStreetMap",
        "sourceUrl": "https://www.openstreetmap.org/node/2897570460",
        "tags": {
          "addr:city": "Catia La Mar",
          "addr:housename": "Terminal Nacional del Aeropuerto de Maiquetía",
          "addr:postcode": "1162",
          "addr:street": "Vìa: Embarque y Desembarque del Terminal Nacional",
          "description": "Check in y venta del Aeropuerto",
          "name": "Perla Airlines",
          "shop": "travel_agency"
        }
      }
    },
    {
      "type": "Feature",
      "geometry": {
        "type": "Point",
        "coordinates": [
          -67.0031677,
          10.6103699
        ]
      },
      "properties": {
        "id": "node/11172586212",
        "osmType": "node",
        "osmId": 11172586212,
        "name": "Pescadería Caraballeda",
        "category": "shop",
        "kind": "shop:seafood",
        "source": "OpenStreetMap",
        "sourceUrl": "https://www.openstreetmap.org/node/11172586212",
        "tags": {
          "addr:city": "Maiquetia",
          "addr:country": "VE",
          "addr:postcode": "1162",
          "addr:state": "VA",
          "addr:street": "Calle Real de Playa Verde",
          "addr:suburb": "Playa Verde",
          "air_conditioning": "no",
          "capacity": "15",
          "currency:BsF": "yes",
          "currency:USD": "yes",
          "delivery": "yes",
          "internet_access": "no",
          "name": "Pescadería Caraballeda",
          "opening_hours": "Tu-Su 07:00-15:00",
          "payment:maestro": "yes",
          "payment:notes": "yes",
          "shop": "seafood",
          "smoking": "no",
          "wheelchair": "limited"
        }
      }
    },
    {
      "type": "Feature",
      "geometry": {
        "type": "Point",
        "coordinates": [
          -67.0310041,
          10.6048277
        ]
      },
      "properties": {
        "id": "node/3355263393",
        "osmType": "node",
        "osmId": 3355263393,
        "name": "Pescadería El Ejército III",
        "category": "shop",
        "kind": "shop:seafood",
        "source": "OpenStreetMap",
        "sourceUrl": "https://www.openstreetmap.org/node/3355263393",
        "tags": {
          "addr:city": "Catia La Mar",
          "addr:postcode": "1162",
          "addr:street": "Av. La Atlántida",
          "name": "Pescadería El Ejército III",
          "shop": "seafood"
        }
      }
    },
    {
      "type": "Feature",
      "geometry": {
        "type": "Point",
        "coordinates": [
          -67.0029786,
          10.6104582
        ]
      },
      "properties": {
        "id": "node/11172586213",
        "osmType": "node",
        "osmId": 11172586213,
        "name": "Pescadería Playa Verde",
        "category": "shop",
        "kind": "shop:seafood",
        "source": "OpenStreetMap",
        "sourceUrl": "https://www.openstreetmap.org/node/11172586213",
        "tags": {
          "addr:city": "Maiquetia",
          "addr:country": "VE",
          "addr:postcode": "1162",
          "addr:state": "VA",
          "addr:street": "Calle Real de Playa Verde",
          "addr:suburb": "Playa Verde",
          "air_conditioning": "no",
          "capacity": "15",
          "currency:BsF": "yes",
          "currency:USD": "yes",
          "delivery": "yes",
          "internet_access": "no",
          "name": "Pescadería Playa Verde",
          "opening_hours": "Tu-Su 07:00-15:00",
          "payment:maestro": "yes",
          "payment:notes": "yes",
          "shop": "seafood",
          "smoking": "no",
          "wheelchair": "limited"
        }
      }
    },
    {
      "type": "Feature",
      "geometry": {
        "type": "Point",
        "coordinates": [
          -67.0054247,
          10.5973981
        ]
      },
      "properties": {
        "id": "node/7417705787",
        "osmType": "node",
        "osmId": 7417705787,
        "name": "Plus Ultra Líneas Aéreas",
        "category": "shop",
        "kind": "shop:travel_agency",
        "source": "OpenStreetMap",
        "sourceUrl": "https://www.openstreetmap.org/node/7417705787",
        "tags": {
          "addr:city": "Catia La Mar",
          "addr:full": "Terminal Internacional del Aeropuerto de Maiquetía",
          "addr:housename": "Terminal Internacional",
          "addr:postcode": "1162",
          "addr:street": "Vía de Embarque",
          "name": "Plus Ultra Líneas Aéreas",
          "shop": "travel_agency"
        }
      }
    },
    {
      "type": "Feature",
      "geometry": {
        "type": "Point",
        "coordinates": [
          -67.0199502,
          10.6005639
        ]
      },
      "properties": {
        "id": "way/346119415",
        "osmType": "way",
        "osmId": 346119415,
        "name": "Prosein",
        "category": "shop",
        "kind": "building:yes",
        "source": "OpenStreetMap",
        "sourceUrl": "https://www.openstreetmap.org/way/346119415",
        "tags": {
          "addr:city": "Catia La Mar",
          "addr:country": "VE",
          "addr:state": "VA",
          "addr:street": "Av. La Armada",
          "building": "yes",
          "building:levels": "1",
          "name": "Prosein",
          "opening_hours": "Mo-Fr 08:00-12:00,14:00-18:00; Jan 1,Apr 19,May 1,Jun 24,Jul 5,Jul 24,Oct 12,Dec 24,Dec 25,Dec 31 off",
          "shop": "trade",
          "website": "https://www.prosein.com.ve/"
        }
      }
    },
    {
      "type": "Feature",
      "geometry": {
        "type": "Point",
        "coordinates": [
          -67.0093983,
          10.5975299
        ]
      },
      "properties": {
        "id": "node/12104719863",
        "osmType": "node",
        "osmId": 12104719863,
        "name": "Psychodelic",
        "category": "shop",
        "kind": "shop:clothes",
        "source": "OpenStreetMap",
        "sourceUrl": "https://www.openstreetmap.org/node/12104719863",
        "tags": {
          "name": "Psychodelic",
          "payment:credit_cards": "yes",
          "payment:debit_cards": "yes",
          "shop": "clothes"
        }
      }
    },
    {
      "type": "Feature",
      "geometry": {
        "type": "Point",
        "coordinates": [
          -67.0424033,
          10.5992463
        ]
      },
      "properties": {
        "id": "node/11772716869",
        "osmType": "node",
        "osmId": 11772716869,
        "name": "Punto Al Mayor",
        "category": "shop",
        "kind": "shop:supermarket",
        "source": "OpenStreetMap",
        "sourceUrl": "https://www.openstreetmap.org/node/11772716869",
        "tags": {
          "name": "Punto Al Mayor",
          "shop": "supermarket",
          "website": "https://www.instagram.com/puntoalmayor?igsh=MzRlODBiNWFlZA=="
        }
      }
    },
    {
      "type": "Feature",
      "geometry": {
        "type": "Point",
        "coordinates": [
          -67.0176012,
          10.600567
        ]
      },
      "properties": {
        "id": "node/3422900834",
        "osmType": "node",
        "osmId": 3422900834,
        "name": "Puracerámica",
        "category": "shop",
        "kind": "shop:trade",
        "source": "OpenStreetMap",
        "sourceUrl": "https://www.openstreetmap.org/node/3422900834",
        "tags": {
          "addr:city": "Catia La Mar",
          "addr:street": "Av. La Armada",
          "name": "Puracerámica",
          "shop": "trade"
        }
      }
    },
    {
      "type": "Feature",
      "geometry": {
        "type": "Point",
        "coordinates": [
          -67.0058223,
          10.5970692
        ]
      },
      "properties": {
        "id": "node/3808249137",
        "osmType": "node",
        "osmId": 3808249137,
        "name": "Quovadis",
        "category": "shop",
        "kind": "shop:travel_agency",
        "source": "OpenStreetMap",
        "sourceUrl": "https://www.openstreetmap.org/node/3808249137",
        "tags": {
          "addr:city": "Maiquetía",
          "addr:full": "Terminal Internacional nivel 3",
          "addr:postcode": "1162",
          "addr:street": "Vìa Terminal Internacional",
          "name": "Quovadis",
          "opening_hours": "Mo-Fr 08:00-21:00",
          "payment:cash": "yes",
          "payment:maestro": "yes",
          "payment:mastercard": "yes",
          "payment:visa": "yes",
          "shop": "travel_agency",
          "smoking": "no",
          "source": "albertoq2004@hotmail.com",
          "wheelchair": "yes"
        }
      }
    },
    {
      "type": "Feature",
      "geometry": {
        "type": "Point",
        "coordinates": [
          -67.0308709,
          10.6044051
        ]
      },
      "properties": {
        "id": "node/3577137604",
        "osmType": "node",
        "osmId": 3577137604,
        "name": "Rótulos",
        "category": "shop",
        "kind": "shop:stationery",
        "source": "OpenStreetMap",
        "sourceUrl": "https://www.openstreetmap.org/node/3577137604",
        "tags": {
          "addr:city": "Catia La Mar",
          "addr:postcode": "1162",
          "addr:street": "Av. La Atlántida",
          "name": "Rótulos",
          "phone": "+58-212-3521879",
          "shop": "stationery"
        }
      }
    },
    {
      "type": "Feature",
      "geometry": {
        "type": "Point",
        "coordinates": [
          -67.0016653,
          10.5975704
        ]
      },
      "properties": {
        "id": "node/7313054430",
        "osmType": "node",
        "osmId": 7313054430,
        "name": "Rutaca Airlines",
        "category": "shop",
        "kind": "shop:travel_agency",
        "source": "OpenStreetMap",
        "sourceUrl": "https://www.openstreetmap.org/node/7313054430",
        "tags": {
          "addr:city": "Catia La Mar",
          "addr:housename": "Terminal Nacional del Aeropuerto de Maiquetía",
          "addr:postcode": "1162",
          "addr:street": "Vìa: Embarque y Desembarque del Terminal Nacional",
          "brand": "Rutaca",
          "contact:facebook": "https://www.facebook.com/rutaca/",
          "contact:instagram": "https://www.instagram.com/rutaca/",
          "contact:twitter": "https://twitter.com/rutacaairlines",
          "contact:youtube": "https://www.youtube.com/watch?v=nuSrN-yqCs0",
          "currency:BsF": "yes",
          "currency:EUR": "yes",
          "currency:USD": "yes",
          "currency:others": "yes",
          "date": "1970-01-01",
          "description": "Check in y venta del Aeropuerto",
          "email": "gruposrutaca@hotmail.com",
          "fax": "+58-212-2379317",
          "image": "https://www.notilogia.com/wp-content/uploads/2015/10/rutaca-airlines.jpg",
          "internet_access": "wlan",
          "internet_access:fee": "no",
          "name": "Rutaca Airlines",
          "note": "Aerolíneas Venezolanas con Rutas Nacionales",
          "opening_hours": "Mo-Su 07:00-17:00",
          "operator": "Rutas Aéreas C.A",
          "operator:phone": "+58-281-5201400",
          "payment:american_express": "yes",
          "payment:cash": "yes",
          "payment:diners_club": "yes",
          "payment:maestro": "yes",
          "payment:mastercard": "yes",
          "payment:notes": "yes",
          "payment:visa": "yes",
          "phone": "0501788222",
          "shop": "travel_agency",
          "short_name": "Rutaca",
          "smoking": "no",
          "source": "albertoq2004@hotmail.com",
          "surveillance": "indoor",
          "website": "https://www.flyrutaca.com/",
          "wheelchair": "yes",
          "wikidata": "Q1409875",
          "wikipedia": "es:Rutaca Airlines"
        }
      }
    },
    {
      "type": "Feature",
      "geometry": {
        "type": "Point",
        "coordinates": [
          -66.9993387,
          10.5976309
        ]
      },
      "properties": {
        "id": "node/7320511277",
        "osmType": "node",
        "osmId": 7320511277,
        "name": "Sasca Airlines",
        "category": "shop",
        "kind": "shop:travel_agency",
        "source": "OpenStreetMap",
        "sourceUrl": "https://www.openstreetmap.org/node/7320511277",
        "tags": {
          "addr:city": "Catia La Mar",
          "addr:housename": "Terminal Nacional del Aeropuerto de Maiquetía",
          "addr:postcode": "1162",
          "addr:street": "Vìa: Embarque y Desembarque del Terminal Nacional",
          "brand": "Sasca",
          "contact:facebook": "https://www.facebook.com/ViajandoALosRoquess",
          "contact:instagram": "https://instagram.com/viajandoalosroques",
          "contact:twitter": "https://twitter.com/ViajaALosRoques",
          "currency:BsF": "yes",
          "currency:EUR": "yes",
          "currency:USD": "yes",
          "currency:others": "yes",
          "image": "https://lh5.googleusercontent.com/p/AF1QipNCVF4q1G5f3nDJqslBiKHBsTAgBQHNyZN6DWeP=w426-h240-k-no",
          "internet_access": "wlan",
          "internet_access:fee": "no",
          "name": "Sasca Airlines",
          "note": "Aerolíneas Venezolanas con Rutas Nacionales",
          "opening_hours": "Mo-Su 07:00-17:00",
          "operator": "Sasca Airlines C.A",
          "payment:american_express": "yes",
          "payment:cash": "yes",
          "payment:diners_club": "yes",
          "payment:maestro": "yes",
          "payment:mastercard": "yes",
          "payment:notes": "yes",
          "payment:visa": "yes",
          "shop": "travel_agency",
          "short_name": "Sasca",
          "smoking": "no",
          "surveillance": "indoor",
          "website": "https://valencialosroques.com/paseos/los_roques/54.html",
          "wheelchair": "yes",
          "wikipedia": "es:Sasca Airlines"
        }
      }
    },
    {
      "type": "Feature",
      "geometry": {
        "type": "Point",
        "coordinates": [
          -67.0095395,
          10.5975251
        ]
      },
      "properties": {
        "id": "node/12104698875",
        "osmType": "node",
        "osmId": 12104698875,
        "name": "Scruples",
        "category": "shop",
        "kind": "shop:gift",
        "source": "OpenStreetMap",
        "sourceUrl": "https://www.openstreetmap.org/node/12104698875",
        "tags": {
          "name": "Scruples",
          "payment:credit_cards": "yes",
          "payment:debit_cards": "yes",
          "shop": "gift"
        }
      }
    },
    {
      "type": "Feature",
      "geometry": {
        "type": "Point",
        "coordinates": [
          -67.0335923,
          10.6012539
        ]
      },
      "properties": {
        "id": "node/3219686461",
        "osmType": "node",
        "osmId": 3219686461,
        "name": "Servicauchos Ring 15",
        "category": "shop",
        "kind": "shop:tyres",
        "source": "OpenStreetMap",
        "sourceUrl": "https://www.openstreetmap.org/node/3219686461",
        "tags": {
          "addr:city": "Caracas",
          "addr:country": "VE",
          "addr:postcode": "1162",
          "addr:street": "Av. El Ejercito",
          "air_conditioning": "no",
          "car_repair": "tyres",
          "currency:BSD": "yes",
          "currency:EUR": "no",
          "currency:USD": "yes",
          "internet_access": "no",
          "name": "Servicauchos Ring 15",
          "operator:type": "private",
          "payment:cheque": "no",
          "payment:diners_club": "no",
          "payment:maestro": "yes",
          "payment:mastercard": "no",
          "payment:notes": "yes",
          "payment:visa": "no",
          "service:vehicle:tyres": "yes",
          "service:vehicle:wheels": "yes",
          "shop": "tyres",
          "source": "local knowledge",
          "wheelchair": "limited"
        }
      }
    },
    {
      "type": "Feature",
      "geometry": {
        "type": "Point",
        "coordinates": [
          -66.9804366,
          10.600507
        ]
      },
      "properties": {
        "id": "node/10951503504",
        "osmType": "node",
        "osmId": 10951503504,
        "name": "Servicios Auxiliares Venwas Internacional C.A",
        "category": "shop",
        "kind": "shop:storage_rental",
        "source": "OpenStreetMap",
        "sourceUrl": "https://www.openstreetmap.org/node/10951503504",
        "tags": {
          "name": "Servicios Auxiliares Venwas Internacional C.A",
          "shop": "storage_rental"
        }
      }
    },
    {
      "type": "Feature",
      "geometry": {
        "type": "Point",
        "coordinates": [
          -67.030187,
          10.6051248
        ]
      },
      "properties": {
        "id": "node/5676594191",
        "osmType": "node",
        "osmId": 5676594191,
        "name": "Silenciadores Chile",
        "category": "shop",
        "kind": "shop:car_repair",
        "source": "OpenStreetMap",
        "sourceUrl": "https://www.openstreetmap.org/node/5676594191",
        "tags": {
          "addr:postcode": "1162",
          "name": "Silenciadores Chile",
          "phone": "+58 212-3529192",
          "service": "repair",
          "service:vehicle:exhausts": "yes",
          "shop": "car_repair"
        }
      }
    },
    {
      "type": "Feature",
      "geometry": {
        "type": "Point",
        "coordinates": [
          -67.0008009,
          10.5975794
        ]
      },
      "properties": {
        "id": "node/2897570454",
        "osmType": "node",
        "osmId": 2897570454,
        "name": "SITSSA Taquilla Bus",
        "category": "shop",
        "kind": "shop:ticket",
        "source": "OpenStreetMap",
        "sourceUrl": "https://www.openstreetmap.org/node/2897570454",
        "tags": {
          "addr:city": "Catia La Mar",
          "addr:housename": "Terminal Nacional del Aeropuerto de Maiquetía",
          "addr:postcode": "1162",
          "addr:street": "Vìa: Embarque y Desembarque del Terminal Nacional",
          "name": "SITSSA Taquilla Bus",
          "payment:coins": "yes",
          "payment:maestro": "yes",
          "payment:notes": "yes",
          "shop": "ticket",
          "wheelchair": "yes"
        }
      }
    },
    {
      "type": "Feature",
      "geometry": {
        "type": "Point",
        "coordinates": [
          -67.0168552,
          10.608679
        ]
      },
      "properties": {
        "id": "way/291269107",
        "osmType": "way",
        "osmId": 291269107,
        "name": "Sol Marino Center",
        "category": "shop",
        "kind": "building:yes",
        "source": "OpenStreetMap",
        "sourceUrl": "https://www.openstreetmap.org/way/291269107",
        "tags": {
          "addr:city": "Catia La Mar",
          "addr:country": "VE",
          "addr:state": "VA",
          "addr:street": "Avenida Principal de Playa Grande",
          "building": "yes",
          "height": "8",
          "name": "Sol Marino Center",
          "shop": "mall"
        }
      }
    },
    {
      "type": "Feature",
      "geometry": {
        "type": "Point",
        "coordinates": [
          -67.0301969,
          10.6043747
        ]
      },
      "properties": {
        "id": "node/3133049406",
        "osmType": "node",
        "osmId": 3133049406,
        "name": "Sol y Mar",
        "category": "shop",
        "kind": "shop:bakery",
        "source": "OpenStreetMap",
        "sourceUrl": "https://www.openstreetmap.org/node/3133049406",
        "tags": {
          "addr:city": "Catia La Mar",
          "addr:postcode": "1162",
          "addr:street": "Av. La Atlántida",
          "name": "Sol y Mar",
          "shop": "bakery"
        }
      }
    },
    {
      "type": "Feature",
      "geometry": {
        "type": "Point",
        "coordinates": [
          -67.0293259,
          10.6036461
        ]
      },
      "properties": {
        "id": "node/3554624702",
        "osmType": "node",
        "osmId": 3554624702,
        "name": "Solomotor 2005",
        "category": "shop",
        "kind": "shop:car_repair",
        "source": "OpenStreetMap",
        "sourceUrl": "https://www.openstreetmap.org/node/3554624702",
        "tags": {
          "addr:city": "Catia La Mar",
          "addr:postcode": "1162",
          "addr:street": "Av. La Atlántida",
          "name": "Solomotor 2005",
          "phone": "+58 212-3522061",
          "shop": "car_repair"
        }
      }
    },
    {
      "type": "Feature",
      "geometry": {
        "type": "Point",
        "coordinates": [
          -66.9993188,
          10.5979132
        ]
      },
      "properties": {
        "id": "node/9983360219",
        "osmType": "node",
        "osmId": 9983360219,
        "name": "St. Honore",
        "category": "shop",
        "kind": "shop:pastry",
        "source": "OpenStreetMap",
        "sourceUrl": "https://www.openstreetmap.org/node/9983360219",
        "tags": {
          "addr:city": "Catia La Mar",
          "addr:housename": "Terminal Nacional del Aeropuerto de Maiquetía",
          "addr:postcode": "1162",
          "addr:street": "Vìa: Embarque y Desembarque del Terminal Nacional",
          "air_conditioning": "yes",
          "branch": "Aeropuerto",
          "breakfast": "yes",
          "capacity": "15",
          "contact:facebook": "https://www.facebook.com/sthonorecaracas/",
          "contact:foursquare": "https://es.foursquare.com/v/st-honore/513399a5e4b06aa0ad8d0aec",
          "contact:instagram": "https://www.instagram.com/sthonoreccs/",
          "contact:whatsapp": "+58-424-1697635",
          "cuisine": "sandwich;pizza;deli;coffee_shop;cake",
          "currency:BsF": "yes",
          "currency:EUR": "no",
          "currency:USD": "yes",
          "currency:others": "yes",
          "delivery": "yes",
          "drive_through": "no",
          "image": "https://bde04f90fcbcc7b99af9-a4cf3e88ec567f5b6c6819f1d482f77f.ssl.cf1.rackcdn.com/5_378_s_3.jpg?v=1234",
          "internet_access": "wlan",
          "internet_access:fee": "no",
          "name": "St. Honore",
          "opening_hours": "Mo-Sa 08:00-21:30; Su 08:00-20:00; Jan 1,Apr 19,May 1,Jun 24,Jul 5,Jul 24,Oct 12,Dec 24,Dec 25,Dec 31 08:00-20:00",
          "outdoor_seating": "yes",
          "payment:american_express": "yes",
          "payment:diners_club": "yes",
          "payment:maestro": "yes",
          "payment:mastercard": "yes",
          "payment:notes": "yes",
          "payment:transferencia": "yes",
          "payment:visa": "yes",
          "shop": "pastry",
          "smoking": "no",
          "source": "albertoq2004@hotmail.com",
          "start_date": "01-06-2022",
          "takeaway": "yes",
          "wheelchair": "yes"
        }
      }
    },
    {
      "type": "Feature",
      "geometry": {
        "type": "Point",
        "coordinates": [
          -67.0091002,
          10.5975074
        ]
      },
      "properties": {
        "id": "node/12104719093",
        "osmType": "node",
        "osmId": 12104719093,
        "name": "Sultan blumer",
        "category": "shop",
        "kind": "shop:clothes",
        "source": "OpenStreetMap",
        "sourceUrl": "https://www.openstreetmap.org/node/12104719093",
        "tags": {
          "name": "Sultan blumer",
          "payment:credit_cards": "yes",
          "payment:debit_cards": "yes",
          "shop": "clothes"
        }
      }
    },
    {
      "type": "Feature",
      "geometry": {
        "type": "Point",
        "coordinates": [
          -67.0312014,
          10.6052754
        ]
      },
      "properties": {
        "id": "node/3556686829",
        "osmType": "node",
        "osmId": 3556686829,
        "name": "Supercortes",
        "category": "shop",
        "kind": "shop:hairdresser",
        "source": "OpenStreetMap",
        "sourceUrl": "https://www.openstreetmap.org/node/3556686829",
        "tags": {
          "addr:city": "Catia La Mar",
          "addr:postcode": "1162",
          "addr:street": "Av. La Atlántida",
          "name": "Supercortes",
          "shop": "hairdresser"
        }
      }
    },
    {
      "type": "Feature",
      "geometry": {
        "type": "Point",
        "coordinates": [
          -67.029862,
          10.6021835
        ]
      },
      "properties": {
        "id": "node/3139739609",
        "osmType": "node",
        "osmId": 3139739609,
        "name": "Supermercado 3 Estrellas",
        "category": "shop",
        "kind": "shop:supermarket",
        "source": "OpenStreetMap",
        "sourceUrl": "https://www.openstreetmap.org/node/3139739609",
        "tags": {
          "addr:city": "Catia La Mar",
          "addr:postcode": "1162",
          "addr:street": "Av. El Ejercito",
          "name": "Supermercado 3 Estrellas",
          "opening_hours": "Mo-Fr 8:00-20:00",
          "phone": "+58 212- 3511687",
          "shop": "supermarket"
        }
      }
    },
    {
      "type": "Feature",
      "geometry": {
        "type": "Point",
        "coordinates": [
          -67.0142553,
          10.6088349
        ]
      },
      "properties": {
        "id": "node/5322267594",
        "osmType": "node",
        "osmId": 5322267594,
        "name": "Supermercado 777",
        "category": "shop",
        "kind": "shop:supermarket",
        "source": "OpenStreetMap",
        "sourceUrl": "https://www.openstreetmap.org/node/5322267594",
        "tags": {
          "name": "Supermercado 777",
          "shop": "supermarket"
        }
      }
    },
    {
      "type": "Feature",
      "geometry": {
        "type": "Point",
        "coordinates": [
          -67.0310435,
          10.6051647
        ]
      },
      "properties": {
        "id": "node/2746198670",
        "osmType": "node",
        "osmId": 2746198670,
        "name": "Supermercado Bensica",
        "category": "shop",
        "kind": "shop:supermarket",
        "source": "OpenStreetMap",
        "sourceUrl": "https://www.openstreetmap.org/node/2746198670",
        "tags": {
          "addr:city": "Catia La Mar",
          "addr:postcode": "1162",
          "addr:street": "Av. La Atlántida",
          "name": "Supermercado Bensica",
          "phone": "+58 212- 3515416",
          "shop": "supermarket"
        }
      }
    },
    {
      "type": "Feature",
      "geometry": {
        "type": "Point",
        "coordinates": [
          -67.0310021,
          10.6035695
        ]
      },
      "properties": {
        "id": "node/2746287284",
        "osmType": "node",
        "osmId": 2746287284,
        "name": "Supermercado El 93",
        "category": "shop",
        "kind": "shop:supermarket",
        "source": "OpenStreetMap",
        "sourceUrl": "https://www.openstreetmap.org/node/2746287284",
        "tags": {
          "addr:city": "La Atlántida",
          "name": "Supermercado El 93",
          "opening_hours": "Mo-Sa 08:00-19:00",
          "phone": "+58 212-3518286;+58 212-3516436;+58 212-3511375",
          "shop": "supermarket"
        }
      }
    },
    {
      "type": "Feature",
      "geometry": {
        "type": "Point",
        "coordinates": [
          -67.0308891,
          10.6019549
        ]
      },
      "properties": {
        "id": "node/3139739610",
        "osmType": "node",
        "osmId": 3139739610,
        "name": "Supermercado Porlamar",
        "category": "shop",
        "kind": "shop:supermarket",
        "source": "OpenStreetMap",
        "sourceUrl": "https://www.openstreetmap.org/node/3139739610",
        "tags": {
          "addr:city": "Catia La Mar",
          "addr:postcode": "1162",
          "addr:street": "Av. El Ejercito",
          "name": "Supermercado Porlamar",
          "phone": "+58 212- 3513860",
          "shop": "supermarket"
        }
      }
    },
    {
      "type": "Feature",
      "geometry": {
        "type": "Point",
        "coordinates": [
          -67.0138669,
          10.6096138
        ]
      },
      "properties": {
        "id": "node/2970569619",
        "osmType": "node",
        "osmId": 2970569619,
        "name": "Supermercado Siglo XXI",
        "category": "shop",
        "kind": "shop:supermarket",
        "source": "OpenStreetMap",
        "sourceUrl": "https://www.openstreetmap.org/node/2970569619",
        "tags": {
          "addr:city": "Playa Grande",
          "name": "Supermercado Siglo XXI",
          "shop": "supermarket"
        }
      }
    },
    {
      "type": "Feature",
      "geometry": {
        "type": "Point",
        "coordinates": [
          -67.0323967,
          10.6015136
        ]
      },
      "properties": {
        "id": "node/3219685690",
        "osmType": "node",
        "osmId": 3219685690,
        "name": "Tacagua",
        "category": "shop",
        "kind": "shop:car_parts",
        "source": "OpenStreetMap",
        "sourceUrl": "https://www.openstreetmap.org/node/3219685690",
        "tags": {
          "addr:city": "Catia La Mar",
          "addr:postcode": "1162",
          "addr:street": "Av. El Ejercito",
          "name": "Tacagua",
          "shop": "car_parts"
        }
      }
    },
    {
      "type": "Feature",
      "geometry": {
        "type": "Point",
        "coordinates": [
          -67.0172382,
          10.6005072
        ]
      },
      "properties": {
        "id": "node/3751715928",
        "osmType": "node",
        "osmId": 3751715928,
        "name": "Taller Catia La Mar",
        "category": "shop",
        "kind": "shop:car_repair",
        "source": "OpenStreetMap",
        "sourceUrl": "https://www.openstreetmap.org/node/3751715928",
        "tags": {
          "addr:city": "Catia La Mar",
          "addr:country": "VE",
          "addr:state": "Vargas",
          "addr:street": "Av. La Armada",
          "name": "Taller Catia La Mar",
          "shop": "car_repair"
        }
      }
    },
    {
      "type": "Feature",
      "geometry": {
        "type": "Point",
        "coordinates": [
          -66.9820993,
          10.5987094
        ]
      },
      "properties": {
        "id": "node/11196588017",
        "osmType": "node",
        "osmId": 11196588017,
        "name": "Taller Polivalente IAIM",
        "category": "shop",
        "kind": "shop:repair",
        "source": "OpenStreetMap",
        "sourceUrl": "https://www.openstreetmap.org/node/11196588017",
        "tags": {
          "addr:city": "Catia La Mar",
          "addr:street": "Avenida Aeropuerto Auxiliar",
          "contact:twitter": "@IAIM_VE",
          "name": "Taller Polivalente IAIM",
          "operator": "IAIM",
          "phone": "+582123031014",
          "ref:vatin": "VEG200042362",
          "shop": "repair",
          "website": "https://www.aeropuerto-maiquetia.com.ve/IAIM/"
        }
      }
    },
    {
      "type": "Feature",
      "geometry": {
        "type": "Point",
        "coordinates": [
          -67.0008679,
          10.5975769
        ]
      },
      "properties": {
        "id": "node/2897570455",
        "osmType": "node",
        "osmId": 2897570455,
        "name": "Taxi Oficial Taquilla",
        "category": "shop",
        "kind": "shop:ticket",
        "source": "OpenStreetMap",
        "sourceUrl": "https://www.openstreetmap.org/node/2897570455",
        "tags": {
          "addr:city": "Catia La Mar",
          "addr:housename": "Terminal Nacional del Aeropuerto de Maiquetía",
          "addr:postcode": "1162",
          "addr:street": "Vìa: Embarque y Desembarque del Terminal Nacional",
          "name": "Taxi Oficial Taquilla",
          "payment:coins": "yes",
          "payment:maestro": "yes",
          "payment:notes": "yes",
          "shop": "ticket",
          "wheelchair": "yes"
        }
      }
    },
    {
      "type": "Feature",
      "geometry": {
        "type": "Point",
        "coordinates": [
          -67.0263432,
          10.6037508
        ]
      },
      "properties": {
        "id": "node/4917879610",
        "osmType": "node",
        "osmId": 4917879610,
        "name": "Tecnoimpulso",
        "category": "shop",
        "kind": "shop:computer",
        "source": "OpenStreetMap",
        "sourceUrl": "https://www.openstreetmap.org/node/4917879610",
        "tags": {
          "addr:city": "Catia La Mar",
          "addr:housename": "C.C Ciudad Jardín",
          "addr:postcode": "1162",
          "addr:street": "Av. Tacagua",
          "email": "tecnoimpulsodevenezuela@gmail.com",
          "level": "1",
          "name": "Tecnoimpulso",
          "shop": "computer"
        }
      }
    },
    {
      "type": "Feature",
      "geometry": {
        "type": "Point",
        "coordinates": [
          -66.9811557,
          10.6003497
        ]
      },
      "properties": {
        "id": "node/10951514305",
        "osmType": "node",
        "osmId": 10951514305,
        "name": "Terminal DHL",
        "category": "shop",
        "kind": "shop:storage_rental",
        "source": "OpenStreetMap",
        "sourceUrl": "https://www.openstreetmap.org/node/10951514305",
        "tags": {
          "name": "Terminal DHL",
          "shop": "storage_rental"
        }
      }
    },
    {
      "type": "Feature",
      "geometry": {
        "type": "Point",
        "coordinates": [
          -67.0324341,
          10.6062676
        ]
      },
      "properties": {
        "id": "node/3396311297",
        "osmType": "node",
        "osmId": 3396311297,
        "name": "Tornillos Johnny Junior",
        "category": "shop",
        "kind": "shop:car_parts",
        "source": "OpenStreetMap",
        "sourceUrl": "https://www.openstreetmap.org/node/3396311297",
        "tags": {
          "addr:city": "Catia La Mar",
          "addr:postcode": "1162",
          "addr:street": "Av. La Atlántida",
          "name": "Tornillos Johnny Junior",
          "shop": "car_parts"
        }
      }
    },
    {
      "type": "Feature",
      "geometry": {
        "type": "Point",
        "coordinates": [
          -67.0289602,
          10.6033841
        ]
      },
      "properties": {
        "id": "node/3406567432",
        "osmType": "node",
        "osmId": 3406567432,
        "name": "Tubos de escape",
        "category": "shop",
        "kind": "shop:car_repair",
        "source": "OpenStreetMap",
        "sourceUrl": "https://www.openstreetmap.org/node/3406567432",
        "tags": {
          "addr:city": "Caracas",
          "addr:country": "VE",
          "addr:postcode": "1162",
          "addr:street": "Av. La Atlántida",
          "air_conditioning": "no",
          "currency:BsF": "yes",
          "currency:EUR": "no",
          "currency:USD": "yes",
          "internet_access": "no",
          "name": "Tubos de escape",
          "payment:cheque": "no",
          "payment:diners_club": "no",
          "payment:maestro": "yes",
          "payment:mastercard": "no",
          "payment:notes": "yes",
          "payment:visa": "no",
          "phone": "+58 212-3511961",
          "service:vehicle:muffler": "yes",
          "shop": "car_repair",
          "source": "local knowledge",
          "wheelchair": "limited"
        }
      }
    },
    {
      "type": "Feature",
      "geometry": {
        "type": "Point",
        "coordinates": [
          -67.0063932,
          10.5970836
        ]
      },
      "properties": {
        "id": "node/3808248682",
        "osmType": "node",
        "osmId": 3808248682,
        "name": "Turismo Maso",
        "category": "shop",
        "kind": "shop:travel_agency",
        "source": "OpenStreetMap",
        "sourceUrl": "https://www.openstreetmap.org/node/3808248682",
        "tags": {
          "addr:city": "Catia La Mar",
          "addr:full": "Terminal Internacional nivel 3",
          "addr:housename": "Terminal Internacional",
          "addr:postcode": "1162",
          "addr:street": "Vìa Terminal Internacional",
          "name": "Turismo Maso",
          "office": "travel_agent",
          "opening_hours": "Mo-Fr 08:00-21:00",
          "payment:cash": "yes",
          "payment:maestro": "yes",
          "payment:mastercard": "yes",
          "payment:visa": "yes",
          "shop": "travel_agency",
          "smoking": "no",
          "source": "albertoq2004@hotmail.com",
          "wheelchair": "yes"
        }
      }
    },
    {
      "type": "Feature",
      "geometry": {
        "type": "Point",
        "coordinates": [
          -67.0046926,
          10.597379
        ]
      },
      "properties": {
        "id": "node/7333633680",
        "osmType": "node",
        "osmId": 7333633680,
        "name": "Turpial Airlines",
        "category": "shop",
        "kind": "shop:travel_agency",
        "source": "OpenStreetMap",
        "sourceUrl": "https://www.openstreetmap.org/node/7333633680",
        "tags": {
          "addr:city": "Catia La Mar",
          "addr:full": "Terminal Internacional del Aeropuerto de Maiquetía",
          "addr:housename": "Terminal Internacional",
          "addr:postcode": "1162",
          "addr:street": "Vía de Embarque",
          "brand": "Turpial",
          "contact:facebook": "https://es-la.facebook.com/TurpialAirlines/",
          "contact:instagram": "https://www.instagram.com/turpialairlines/?hl=es-la",
          "contact:twitter": "https://twitter.com/TurpialAirlines?ref_src=twsrc%5Egoogle%7Ctwcamp%5Eserp%7Ctwgr%5Eauthor",
          "currency:BsF": "yes",
          "currency:EUR": "yes",
          "currency:USD": "yes",
          "currency:others": "yes",
          "image": "https://lh5.googleusercontent.com/p/AF1QipOVsTY2MhZhguxZjy9IgrFYa1Sy1fVDEaLBfuRF=w427-h240-k-no",
          "internet_access": "wlan",
          "internet_access:fee": "no",
          "name": "Turpial Airlines",
          "note": "Aerolíneas Venezolanas con Rutas Nacionales",
          "opening_hours": "Mo-Su 07:00-17:00",
          "operator": "Turpial Airlines C.A",
          "payment:american_express": "yes",
          "payment:cash": "yes",
          "payment:diners_club": "yes",
          "payment:maestro": "yes",
          "payment:mastercard": "yes",
          "payment:notes": "yes",
          "payment:visa": "yes",
          "shop": "travel_agency",
          "short_name": "Turpial",
          "smoking": "no",
          "surveillance": "indoor",
          "website": "https://www.turpialairlines.com/",
          "wheelchair": "yes",
          "wikidata": "Q29389430",
          "wikipedia": "es:Turpial Airlines"
        }
      }
    },
    {
      "type": "Feature",
      "geometry": {
        "type": "Point",
        "coordinates": [
          -67.000935,
          10.5975769
        ]
      },
      "properties": {
        "id": "node/2897570462",
        "osmType": "node",
        "osmId": 2897570462,
        "name": "UCAMC Taquilla Bus",
        "category": "shop",
        "kind": "shop:ticket",
        "source": "OpenStreetMap",
        "sourceUrl": "https://www.openstreetmap.org/node/2897570462",
        "tags": {
          "addr:city": "Catia La Mar",
          "addr:housename": "Terminal Nacional del Aeropuerto de Maiquetía",
          "addr:postcode": "1162",
          "addr:street": "Vìa: Embarque y Desembarque del Terminal Nacional",
          "name": "UCAMC Taquilla Bus",
          "payment:coins": "yes",
          "payment:maestro": "yes",
          "payment:notes": "yes",
          "shop": "ticket",
          "wheelchair": "yes"
        }
      }
    },
    {
      "type": "Feature",
      "geometry": {
        "type": "Point",
        "coordinates": [
          -67.0292001,
          10.6022296
        ]
      },
      "properties": {
        "id": "node/3148366049",
        "osmType": "node",
        "osmId": 3148366049,
        "name": "Venemodas",
        "category": "shop",
        "kind": "shop:clothes",
        "source": "OpenStreetMap",
        "sourceUrl": "https://www.openstreetmap.org/node/3148366049",
        "tags": {
          "addr:city": "Catia La Mar",
          "addr:postcode": "1162",
          "addr:street": "Av. El Ejercito",
          "name": "Venemodas",
          "shop": "clothes"
        }
      }
    },
    {
      "type": "Feature",
      "geometry": {
        "type": "Point",
        "coordinates": [
          -67.0061146,
          10.5973706
        ]
      },
      "properties": {
        "id": "node/3204021868",
        "osmType": "node",
        "osmId": 3204021868,
        "name": "Venetur",
        "category": "shop",
        "kind": "shop:travel_agency",
        "source": "OpenStreetMap",
        "sourceUrl": "https://www.openstreetmap.org/node/3204021868",
        "tags": {
          "addr:city": "Catia La Mar",
          "addr:full": "Terminal Internacional nivel 2, Local Venetur",
          "addr:housename": "Terminal Internacional",
          "addr:postcode": "1162",
          "addr:street": "Vìa Terminal Internacional",
          "email": "oficinamaiquetia@venetur.gob.ve",
          "name": "Venetur",
          "note": "Red de Agencia de Viaje Oficial de la cadena Estatal Venezolana",
          "opening_hours": "Mo-Fr 08:00-18:00",
          "operator": "Ministerio de Turismo",
          "payment:cash": "yes",
          "payment:maestro": "yes",
          "payment:mastercard": "yes",
          "payment:visa": "yes",
          "payment:wire_transfer": "yes",
          "phone": "+58-212-3552153",
          "shop": "travel_agency",
          "smoking": "no",
          "source": "albertoq2004@hotmail.com",
          "website": "http://www.venetur.gob.ve/site/page.jsp?view=oficinacomercial",
          "wheelchair": "yes",
          "wikipedia": "es:Venetur"
        }
      }
    },
    {
      "type": "Feature",
      "geometry": {
        "type": "Point",
        "coordinates": [
          -67.0049753,
          10.5974618
        ]
      },
      "properties": {
        "id": "node/2855590610",
        "osmType": "node",
        "osmId": 2855590610,
        "name": "Venezolana Airlines",
        "category": "shop",
        "kind": "shop:travel_agency",
        "source": "OpenStreetMap",
        "sourceUrl": "https://www.openstreetmap.org/node/2855590610",
        "tags": {
          "addr:city": "Catia La Mar",
          "addr:full": "Zona pública nivel 2 lado este",
          "addr:housename": "Terminal Internacional",
          "addr:postcode": "1162",
          "addr:street": "Vìa Terminal Internacional",
          "alt_name": "Rutas Aéreas de Venezuela (RAVSA)",
          "name": "Venezolana Airlines",
          "opening_hours": "Mo-Su 05:30-23:00",
          "phone": "+58-212-9511155",
          "shop": "travel_agency",
          "smoking": "no",
          "website": "https://ravsa.com.ve/",
          "wheelchair": "yes",
          "wikidata": "Q1531524",
          "wikipedia": "es:Rutas Aéreas de Venezuela"
        }
      }
    },
    {
      "type": "Feature",
      "geometry": {
        "type": "Point",
        "coordinates": [
          -67.0017283,
          10.5975716
        ]
      },
      "properties": {
        "id": "node/7314008190",
        "osmType": "node",
        "osmId": 7314008190,
        "name": "Venezolana Airlines",
        "category": "shop",
        "kind": "shop:travel_agency",
        "source": "OpenStreetMap",
        "sourceUrl": "https://www.openstreetmap.org/node/7314008190",
        "tags": {
          "addr:city": "Catia La Mar",
          "addr:housename": "Terminal Nacional del Aeropuerto de Maiquetía",
          "addr:postcode": "1162",
          "addr:street": "Vìa: Embarque y Desembarque del Terminal Nacional",
          "alt_name": "Rutas Aéreas de Venezuela (RAVSA)",
          "brand": "Venezolana",
          "brand:email": "reservaciones@venezolana.aero",
          "brand:website": "https://www.venezolana.aero/",
          "brand:wikidata": "Q1531524",
          "brand:wikipedia": "es:Rutas Aéreas de Venezuela",
          "contact:facebook": "https://www.facebook.com/VenezolanaDeAviacion/",
          "contact:instagram": "https://www.instagram.com/venezolanadeaviacion/",
          "contact:twitter": "https://twitter.com/VenezolanaOfi?lang=es",
          "currency:BsF": "yes",
          "currency:EUR": "yes",
          "currency:USD": "yes",
          "currency:others": "yes",
          "internet_access": "wlan",
          "internet_access:fee": "no",
          "name": "Venezolana Airlines",
          "note": "Aerolíneas Venezolanas con Rutas Nacionales",
          "opening_hours": "Mo-Su 05:00-17:30",
          "operator": "RAV S.A",
          "operator:phone": "0500-8363965",
          "payment:american_express": "yes",
          "payment:cash": "yes",
          "payment:diners_club": "yes",
          "payment:maestro": "yes",
          "payment:mastercard": "yes",
          "payment:notes": "yes",
          "payment:visa": "yes",
          "shop": "travel_agency",
          "short_name": "Venezolana",
          "smoking": "no",
          "surveillance": "indoor",
          "wheelchair": "yes"
        }
      }
    },
    {
      "type": "Feature",
      "geometry": {
        "type": "Point",
        "coordinates": [
          -67.0007403,
          10.5975802
        ]
      },
      "properties": {
        "id": "node/2897570451",
        "osmType": "node",
        "osmId": 2897570451,
        "name": "Ventura",
        "category": "shop",
        "kind": "shop:travel_agency",
        "source": "OpenStreetMap",
        "sourceUrl": "https://www.openstreetmap.org/node/2897570451",
        "tags": {
          "addr:city": "Catia La Mar",
          "addr:housename": "Terminal Nacional del Aeropuerto de Maiquetía",
          "addr:postcode": "1162",
          "addr:street": "Vìa: Embarque y Desembarque del Terminal Nacional",
          "name": "Ventura",
          "shop": "travel_agency"
        }
      }
    },
    {
      "type": "Feature",
      "geometry": {
        "type": "Point",
        "coordinates": [
          -67.0047908,
          10.5973003
        ]
      },
      "properties": {
        "id": "node/7423833224",
        "osmType": "node",
        "osmId": 7423833224,
        "name": "Wingo",
        "category": "shop",
        "kind": "shop:travel_agency",
        "source": "OpenStreetMap",
        "sourceUrl": "https://www.openstreetmap.org/node/7423833224",
        "tags": {
          "addr:city": "Catia La Mar",
          "addr:full": "Área pública, nivel 2",
          "addr:postcode": "1162",
          "addr:street": "Vía de Embarque",
          "name": "Wingo",
          "phone": "+58-212-7102115",
          "shop": "travel_agency"
        }
      }
    },
    {
      "type": "Feature",
      "geometry": {
        "type": "Point",
        "coordinates": [
          -67.0297467,
          10.6037907
        ]
      },
      "properties": {
        "id": "node/3396311753",
        "osmType": "node",
        "osmId": 3396311753,
        "name": "Zapatería Dallas",
        "category": "shop",
        "kind": "shop:shoes",
        "source": "OpenStreetMap",
        "sourceUrl": "https://www.openstreetmap.org/node/3396311753",
        "tags": {
          "addr:city": "Catia La Mar",
          "addr:postcode": "1162",
          "addr:street": "Av. La Atlántida",
          "name": "Zapatería Dallas",
          "shop": "shoes"
        }
      }
    },
    {
      "type": "Feature",
      "geometry": {
        "type": "Point",
        "coordinates": [
          -67.0008099,
          10.5976856
        ]
      },
      "properties": {
        "id": "node/7320655623",
        "osmType": "node",
        "osmId": 7320655623,
        "name": "Aero Arepa",
        "category": "food",
        "kind": "amenity:fast_food",
        "source": "OpenStreetMap",
        "sourceUrl": "https://www.openstreetmap.org/node/7320655623",
        "tags": {
          "addr:city": "Catia La Mar",
          "addr:housename": "Terminal Nacional del Aeropuerto de Maiquetía",
          "addr:postcode": "1162",
          "addr:street": "Vìa: Embarque y Desembarque del Terminal Nacional",
          "amenity": "fast_food",
          "cuisine": "regional",
          "internet_access": "wlan",
          "internet_access:fee": "no",
          "name": "Aero Arepa",
          "opening_hours": "Mo-Su 05:30-21:00",
          "outdoor_seating": "yes",
          "payment:american_express": "yes",
          "payment:coins": "yes",
          "payment:diners_club": "yes",
          "payment:maestro": "yes",
          "payment:mastercard": "yes",
          "payment:notes": "yes",
          "payment:visa": "yes",
          "smoking": "no",
          "takeaway": "yes",
          "wheelchair": "yes"
        }
      }
    },
    {
      "type": "Feature",
      "geometry": {
        "type": "Point",
        "coordinates": [
          -66.9995829,
          10.5978878
        ]
      },
      "properties": {
        "id": "node/7320655619",
        "osmType": "node",
        "osmId": 7320655619,
        "name": "Aero Café",
        "category": "food",
        "kind": "amenity:fast_food",
        "source": "OpenStreetMap",
        "sourceUrl": "https://www.openstreetmap.org/node/7320655619",
        "tags": {
          "addr:city": "Catia La Mar",
          "addr:housename": "Terminal Nacional del Aeropuerto de Maiquetía",
          "addr:postcode": "1162",
          "addr:street": "Vìa: Embarque y Desembarque del Terminal Nacional",
          "amenity": "fast_food",
          "cuisine": "coffee_shop",
          "internet_access": "wlan",
          "internet_access:fee": "no",
          "name": "Aero Café",
          "opening_hours": "Mo-Sa 06:00-21:00; Su 04:30-21:00",
          "outdoor_seating": "yes",
          "payment:american_express": "yes",
          "payment:coins": "yes",
          "payment:diners_club": "yes",
          "payment:maestro": "yes",
          "payment:mastercard": "yes",
          "payment:notes": "yes",
          "payment:visa": "yes",
          "smoking": "no",
          "source": "albertoq2004@hotmail.com",
          "takeaway": "yes",
          "wheelchair": "yes"
        }
      }
    },
    {
      "type": "Feature",
      "geometry": {
        "type": "Point",
        "coordinates": [
          -67.0001207,
          10.5976914
        ]
      },
      "properties": {
        "id": "node/12921655412",
        "osmType": "node",
        "osmId": 12921655412,
        "name": "𝐀𝐦𝐚𝐥𝐟𝐢 | 𝐅𝐫𝐨𝐳𝐞𝐧 𝐘𝐨𝐠𝐮𝐫𝐭",
        "category": "food",
        "kind": "amenity:fast_food",
        "source": "OpenStreetMap",
        "sourceUrl": "https://www.openstreetmap.org/node/12921655412",
        "tags": {
          "addr:city": "Catia La Mar",
          "addr:housename": "Terminal Nacional del Aeropuerto de Maiquetía",
          "addr:postcode": "1162",
          "addr:street": "Vìa: Embarque y Desembarque del Terminal Nacional",
          "air_conditioning": "yes",
          "amenity": "fast_food",
          "branch": "Maiquetía",
          "brand": "Amalfi",
          "breakfast": "no",
          "capacity": "30",
          "changing_table": "no",
          "contact:instagram": "https://www.instagram.com/amalfiyogurt/?hl=es",
          "contact:whatsapp": "+58-412-2571630",
          "cuisine": "frozen_yogurt;coffee_shop",
          "currency:BsF": "yes",
          "currency:USD": "yes",
          "currency:others": "no",
          "delivery": "yes",
          "drive_through": "no",
          "image": "https://lh3.googleusercontent.com/gps-cs-s/AC9h4no5rVcnt8OFdlAXOyOWkfAxNHYH5Q-5utngnaiGyEvxpkCoNRrn4dqdYTmSqC85kld0JSi_L2kIGC0D8yvhHmoo1X1HhXr_B8-tM4X-A1DurXz1C5_Wi1bmikZnDwSZK8Wq0LezJ2x6kyf_=w408-h712-k-no",
          "indoor_seating": "yes",
          "internet_access": "wlan",
          "internet_access:fee": "no",
          "name": "𝐀𝐦𝐚𝐥𝐟𝐢 | 𝐅𝐫𝐨𝐳𝐞𝐧 𝐘𝐨𝐠𝐮𝐫𝐭",
          "opening_hours": "Mo-Sa 09:00-22:00; Su 09:00-22:00",
          "operator": "Amalfi C.A",
          "outdoor_seating": "no",
          "payment:american_express": "yes",
          "payment:diners_club": "yes",
          "payment:maestro": "yes",
          "payment:mastercard": "yes",
          "payment:notes": "yes",
          "payment:transferencia": "yes",
          "payment:visa": "yes",
          "pets_allowed": "yes",
          "reservation": "no",
          "self_checkout": "no",
          "self_service": "no",
          "smoking": "no",
          "source": "local knowledge",
          "start_date": "2025",
          "surveillance": "indoor",
          "takeaway": "yes",
          "toilets": "yes",
          "website": "https://amalfiyogurt.com/",
          "website:menu": "https://linktr.ee/amalfiyogurt?lt_utm_source=lt_share_link#434883109",
          "wheelchair": "yes"
        }
      }
    },
    {
      "type": "Feature",
      "geometry": {
        "type": "Point",
        "coordinates": [
          -67.0006666,
          10.597992
        ]
      },
      "properties": {
        "id": "node/7320511275",
        "osmType": "node",
        "osmId": 7320511275,
        "name": "Arancini Snack",
        "category": "food",
        "kind": "amenity:fast_food",
        "source": "OpenStreetMap",
        "sourceUrl": "https://www.openstreetmap.org/node/7320511275",
        "tags": {
          "addr:city": "Catia La Mar",
          "addr:housename": "Terminal Nacional del Aeropuerto de Maiquetía",
          "addr:postcode": "1162",
          "addr:street": "Vìa: Embarque y Desembarque del Terminal Nacional",
          "amenity": "fast_food",
          "cuisine": "coffee_shop",
          "image": "https://lh5.googleusercontent.com/p/AF1QipOY5R7_BwHxuX9_NNYebNPFbvRZzYyx6aqpAIwA=w408-h408-k-no",
          "internet_access": "wlan",
          "internet_access:fee": "no",
          "name": "Arancini Snack",
          "opening_hours": "Mo-Sa 06:00-21:00; Su 04:30-21:00",
          "outdoor_seating": "yes",
          "payment:american_express": "yes",
          "payment:coins": "yes",
          "payment:diners_club": "yes",
          "payment:maestro": "yes",
          "payment:mastercard": "yes",
          "payment:notes": "yes",
          "payment:visa": "yes",
          "phone": "+58-212-3552598",
          "smoking": "no",
          "source": "albertoq2004@hotmail.com",
          "takeaway": "yes",
          "wheelchair": "yes"
        }
      }
    },
    {
      "type": "Feature",
      "geometry": {
        "type": "Point",
        "coordinates": [
          -66.9990047,
          10.5966047
        ]
      },
      "properties": {
        "id": "node/10958112505",
        "osmType": "node",
        "osmId": 10958112505,
        "name": "Arepera Aereopuerto",
        "category": "food",
        "kind": "amenity:fast_food",
        "source": "OpenStreetMap",
        "sourceUrl": "https://www.openstreetmap.org/node/10958112505",
        "tags": {
          "amenity": "fast_food",
          "cuisine": "arepa",
          "name": "Arepera Aereopuerto"
        }
      }
    },
    {
      "type": "Feature",
      "geometry": {
        "type": "Point",
        "coordinates": [
          -67.0004413,
          10.5981416
        ]
      },
      "properties": {
        "id": "node/7320655612",
        "osmType": "node",
        "osmId": 7320655612,
        "name": "Arte Gelato",
        "category": "food",
        "kind": "amenity:fast_food",
        "source": "OpenStreetMap",
        "sourceUrl": "https://www.openstreetmap.org/node/7320655612",
        "tags": {
          "addr:city": "Catia La Mar",
          "addr:housename": "Terminal Nacional del Aeropuerto de Maiquetía",
          "addr:postcode": "1162",
          "addr:street": "Vìa: Embarque y Desembarque del Terminal Nacional",
          "amenity": "fast_food",
          "cuisine": "ice_cream",
          "internet_access": "wlan",
          "internet_access:fee": "no",
          "name": "Arte Gelato",
          "opening_hours": "Mo-Sa 06:00-21:00; Su 04:30-21:00",
          "outdoor_seating": "yes",
          "payment:american_express": "yes",
          "payment:coins": "yes",
          "payment:diners_club": "yes",
          "payment:maestro": "yes",
          "payment:mastercard": "yes",
          "payment:notes": "yes",
          "payment:visa": "yes",
          "smoking": "no",
          "source": "albertoq2004@hotmail.com",
          "takeaway": "yes",
          "wheelchair": "yes"
        }
      }
    },
    {
      "type": "Feature",
      "geometry": {
        "type": "Point",
        "coordinates": [
          -66.9909485,
          10.5947499
        ]
      },
      "properties": {
        "id": "node/11196588008",
        "osmType": "node",
        "osmId": 11196588008,
        "name": "Arturo's",
        "category": "food",
        "kind": "amenity:fast_food",
        "source": "OpenStreetMap",
        "sourceUrl": "https://www.openstreetmap.org/node/11196588008",
        "tags": {
          "addr:city": "Catia La Mar",
          "addr:postcode": "1162",
          "addr:street": "Avenida La Armada",
          "amenity": "fast_food",
          "contact:facebook": "https://www.facebook.com/ArturosDeVerdad",
          "contact:instagram": "https://www.instagram.com/arturosdeverdad/",
          "email": "atencionalcliente@arturos.com.ve",
          "mobile": "+584242663881",
          "name": "Arturo's",
          "operator": "Arturo's Venezuela",
          "takeaway": "yes",
          "website": "https://www.arturos.com/"
        }
      }
    },
    {
      "type": "Feature",
      "geometry": {
        "type": "Point",
        "coordinates": [
          -66.9996971,
          10.5978899
        ]
      },
      "properties": {
        "id": "node/7468352377",
        "osmType": "node",
        "osmId": 7468352377,
        "name": "Ávila Burger",
        "category": "food",
        "kind": "amenity:restaurant",
        "source": "OpenStreetMap",
        "sourceUrl": "https://www.openstreetmap.org/node/7468352377",
        "tags": {
          "addr:city": "Catia La Mar",
          "addr:full": "Aeropuerto Nacional de Maiquetia, piso 2 - Maiquetia - Caracas",
          "addr:housename": "Terminal Nacional del Aeropuerto de Maiquetía",
          "addr:postcode": "1162",
          "addr:street": "Vìa: Embarque y Desembarque del Terminal Nacional",
          "air_conditioning": "yes",
          "amenity": "restaurant",
          "brand": "Ávila Burger",
          "capacity": "25",
          "contact:facebook": "https://es-la.facebook.com/avilaburger/",
          "contact:instagram": "https://www.instagram.com/avilaburger/?hl=es-la",
          "contact:twitter": "https://twitter.com/Avila_Burger?ref_src=twsrc%5Egoogle%7Ctwcamp%5Eserp%7Ctwgr%5Eauthor",
          "contact:youtube": "https://www.youtube.com/watch?v=5YwIOAXQCp0",
          "cuisine": "burger",
          "currency:BsF": "yes",
          "currency:EUR": "yes",
          "currency:USD": "yes",
          "delivery": "yes",
          "drive_through": "no",
          "image": "https://lh5.googleusercontent.com/p/AF1QipPhs2NYfs7ccy_zT-j3f-KOIFP153_W_sc2xj2d=w425-h240-k-no",
          "internet_access": "wlan",
          "internet_access:fee": "no",
          "microbrewery": "no",
          "name": "Ávila Burger",
          "opening_hours": "Mo-Sa 08:00-22:00; Su 08:00-19:30",
          "operator": "Ávila Burger C.A",
          "outdoor_seating": "yes",
          "payment:american_express": "yes",
          "payment:cash": "yes",
          "payment:cryptocurrencies": "no",
          "payment:diners_club": "yes",
          "payment:maestro": "yes",
          "payment:mastercard": "yes",
          "payment:transferencia": "yes",
          "payment:visa": "yes",
          "phone": "+58-414-8699588",
          "reservation": "no",
          "smoking": "no",
          "source": "albertoq2004@hotmail.com",
          "stars": "5",
          "start_date": "01-01-2011",
          "takeaway": "yes",
          "website": "http://avilaburger.com",
          "wheelchair": "yes",
          "wikipedia": "es:Ávila Burger"
        }
      }
    },
    {
      "type": "Feature",
      "geometry": {
        "type": "Point",
        "coordinates": [
          -67.0006666,
          10.5981469
        ]
      },
      "properties": {
        "id": "node/7320655616",
        "osmType": "node",
        "osmId": 7320655616,
        "name": "Budare",
        "category": "food",
        "kind": "amenity:fast_food",
        "source": "OpenStreetMap",
        "sourceUrl": "https://www.openstreetmap.org/node/7320655616",
        "tags": {
          "addr:city": "Catia La Mar",
          "addr:housename": "Terminal Nacional del Aeropuerto de Maiquetía",
          "addr:postcode": "1162",
          "addr:street": "Vìa: Embarque y Desembarque del Terminal Nacional",
          "amenity": "fast_food",
          "cuisine": "regional",
          "internet_access": "wlan",
          "internet_access:fee": "no",
          "name": "Budare",
          "opening_hours": "Mo-Sa 06:00-21:00; Su 04:30-21:00",
          "outdoor_seating": "yes",
          "payment:american_express": "yes",
          "payment:coins": "yes",
          "payment:diners_club": "yes",
          "payment:maestro": "yes",
          "payment:mastercard": "yes",
          "payment:notes": "yes",
          "payment:visa": "yes",
          "smoking": "no",
          "source": "albertoq2004@hotmail.com",
          "takeaway": "yes",
          "wheelchair": "yes"
        }
      }
    },
    {
      "type": "Feature",
      "geometry": {
        "type": "Point",
        "coordinates": [
          -67.0062228,
          10.5971404
        ]
      },
      "properties": {
        "id": "node/7468352378",
        "osmType": "node",
        "osmId": 7468352378,
        "name": "Burger King",
        "category": "food",
        "kind": "amenity:fast_food",
        "source": "OpenStreetMap",
        "sourceUrl": "https://www.openstreetmap.org/node/7468352378",
        "tags": {
          "addr:city": "Catia La Mar",
          "addr:full": "Aeropuerto Internacional Simón Bolívar, Terminal Internacional, Área de Tránsito, Maiquetía, Vargas",
          "addr:housename": "Terminal Internacional",
          "addr:postcode": "1162",
          "addr:street": "Vìa Terminal Internacional",
          "air_conditioning": "yes",
          "amenity": "fast_food",
          "brand": "Burger King",
          "brand:wikidata": "Q177054",
          "brand:wikipedia": "es:Burger King",
          "capacity": "40",
          "contact:facebook": "https://es-la.facebook.com/BurgerKingVE/",
          "contact:instagram": "https://www.instagram.com/burgerkingve/?hl=es-la",
          "contact:twitter": "https://twitter.com/BurgerKingVE?ref_src=twsrc%5Egoogle%7Ctwcamp%5Eserp%7Ctwgr%5Eauthor",
          "contact:youtube": "https://www.youtube.com/channel/UC23ZqC2LTzl7dfOi6EmwJhg",
          "cuisine": "burger",
          "currency:BsF": "yes",
          "currency:EUR": "yes",
          "currency:USD": "yes",
          "delivery": "no",
          "drive_through": "no",
          "image": "https://lh5.googleusercontent.com/p/AF1QipOSs34DNID-fgLLRokGz-b1hUPq3_BqwJ2iPFpv=w408-h725-k-no",
          "internet_access": "wlan",
          "internet_access:fee": "no",
          "name": "Burger King",
          "opening_hours": "Mo-Su 05:00-22:00",
          "outdoor_seating": "yes",
          "payment:american_express": "yes",
          "payment:cash": "yes",
          "payment:diners_club": "yes",
          "payment:maestro": "yes",
          "payment:mastercard": "yes",
          "payment:visa": "yes",
          "phone": "+58-212-3551209",
          "smoking": "no",
          "source": "albertoq2004@hotmail.com",
          "start_date": "01-01-2000",
          "takeaway": "yes",
          "website": "http://www.bkintracorp.net.ve/empresa.html",
          "wheelchair": "yes"
        }
      }
    },
    {
      "type": "Feature",
      "geometry": {
        "type": "Point",
        "coordinates": [
          -67.0055589,
          10.5977797
        ]
      },
      "properties": {
        "id": "node/7461404220",
        "osmType": "node",
        "osmId": 7461404220,
        "name": "Burger Shack",
        "category": "food",
        "kind": "amenity:restaurant",
        "source": "OpenStreetMap",
        "sourceUrl": "https://www.openstreetmap.org/node/7461404220",
        "tags": {
          "addr:city": "Catia La Mar",
          "addr:full": "Aeropuerto Internacional Simón Bolívar, Maiquetía",
          "addr:housename": "Terminal Internacional",
          "addr:postcode": "1162",
          "addr:street": "Vìa Terminal Internacional",
          "air_conditioning": "yes",
          "amenity": "restaurant",
          "branch": "Aeropuerto, Terminal Internacional",
          "brand": "Burger Shack",
          "capacity": "25",
          "contact:facebook": "https://es-la.facebook.com/BurgerShackVe/",
          "contact:instagram": "https://www.instagram.com/burgershackve/?hl=es-la",
          "contact:twitter": "https://twitter.com/burgershackes?lang=es",
          "contact:youtube": "https://www.youtube.com/watch?v=04xuIuTcti0",
          "cuisine": "burger;american;chicken",
          "currency:BsF": "yes",
          "currency:EUR": "yes",
          "currency:USD": "yes",
          "delivery": "yes",
          "drive_through": "no",
          "email": "burgershackccs@gmail.com",
          "image": "https://lh5.googleusercontent.com/p/AF1QipOGX0xldQtjw4jLFrSD2LQeYmdx7eXDPILajYdN=w408-h306-k-no",
          "internet_access": "wlan",
          "internet_access:fee": "no",
          "microbrewery": "no",
          "name": "Burger Shack",
          "name:en": "Burger Shack",
          "opening_hours": "Mo-Su 09:00-22:00",
          "operator": "Burger Shack C.A",
          "outdoor_seating": "yes",
          "payment:american_express": "yes",
          "payment:cash": "yes",
          "payment:cryptocurrencies": "no",
          "payment:diners_club": "yes",
          "payment:maestro": "yes",
          "payment:mastercard": "yes",
          "payment:transferencia": "yes",
          "payment:visa": "yes",
          "phone": "+58-212-3552717",
          "reservation": "no",
          "smoking": "no",
          "source": "albertoq2004@hotmail.com",
          "stars": "5",
          "start_date": "01-01-2011",
          "takeaway": "yes",
          "website": "https://www.burgershack.com/",
          "wheelchair": "yes",
          "wikipedia": "es:Burger Shack"
        }
      }
    },
    {
      "type": "Feature",
      "geometry": {
        "type": "Point",
        "coordinates": [
          -67.0009482,
          10.5977336
        ]
      },
      "properties": {
        "id": "node/7461404221",
        "osmType": "node",
        "osmId": 7461404221,
        "name": "Burger Shack",
        "category": "food",
        "kind": "amenity:restaurant",
        "source": "OpenStreetMap",
        "sourceUrl": "https://www.openstreetmap.org/node/7461404221",
        "tags": {
          "addr:city": "Catia La Mar",
          "addr:full": "Transversal 3, Caracas 1060, Miranda",
          "addr:housename": "Terminal Nacional del Aeropuerto de Maiquetía",
          "addr:postcode": "1162",
          "addr:street": "Vìa: Embarque y Desembarque del Terminal Nacional",
          "air_conditioning": "yes",
          "amenity": "restaurant",
          "brand": "Burger Shack",
          "capacity": "25",
          "contact:facebook": "https://es-la.facebook.com/BurgerShackVe/",
          "contact:instagram": "https://www.instagram.com/burgershackve/?hl=es-la",
          "contact:twitter": "https://twitter.com/burgershackes?lang=es",
          "contact:youtube": "https://www.youtube.com/watch?v=04xuIuTcti0",
          "cuisine": "burger;american;chicken",
          "currency:BsF": "yes",
          "currency:EUR": "yes",
          "currency:USD": "yes",
          "delivery": "yes",
          "drive_through": "no",
          "email": "burgershackccs@gmail.com",
          "image": "https://lh5.googleusercontent.com/p/AF1QipOGX0xldQtjw4jLFrSD2LQeYmdx7eXDPILajYdN=w408-h306-k-no",
          "internet_access": "wlan",
          "internet_access:fee": "no",
          "microbrewery": "no",
          "name": "Burger Shack",
          "name:en": "Burger Shack",
          "opening_hours": "Mo-Su 09:00-22:00",
          "operator": "Burger Shack C.A",
          "outdoor_seating": "yes",
          "payment:american_express": "yes",
          "payment:cash": "yes",
          "payment:cryptocurrencies": "no",
          "payment:diners_club": "yes",
          "payment:maestro": "yes",
          "payment:mastercard": "yes",
          "payment:transferencia": "yes",
          "payment:visa": "yes",
          "phone": "+58-212-3552717",
          "reservation": "no",
          "smoking": "no",
          "source": "albertoq2004@hotmail.com",
          "stars": "5",
          "start_date": "01-01-2011",
          "takeaway": "yes",
          "website": "https://www.burgershack.com/",
          "wheelchair": "yes",
          "wikipedia": "es:Burger Shack"
        }
      }
    },
    {
      "type": "Feature",
      "geometry": {
        "type": "Point",
        "coordinates": [
          -67.0004379,
          10.5980994
        ]
      },
      "properties": {
        "id": "node/7468352376",
        "osmType": "node",
        "osmId": 7468352376,
        "name": "Burger Shack",
        "category": "food",
        "kind": "amenity:restaurant",
        "source": "OpenStreetMap",
        "sourceUrl": "https://www.openstreetmap.org/node/7468352376",
        "tags": {
          "addr:city": "Catia La Mar",
          "addr:full": "Aeropuerto Internacional Simón Bolívar, Maiquetía",
          "addr:housename": "Terminal Nacional del Aeropuerto de Maiquetía",
          "addr:postcode": "1162",
          "addr:street": "Vìa: Embarque y Desembarque del Terminal Nacional",
          "air_conditioning": "yes",
          "amenity": "restaurant",
          "brand": "Burger Shack",
          "capacity": "25",
          "contact:facebook": "https://es-la.facebook.com/BurgerShackVe/",
          "contact:instagram": "https://www.instagram.com/burgershackve/?hl=es-la",
          "contact:twitter": "https://twitter.com/burgershackes?lang=es",
          "contact:youtube": "https://www.youtube.com/watch?v=04xuIuTcti0",
          "cuisine": "burger;american;chicken",
          "currency:BsF": "yes",
          "currency:EUR": "yes",
          "currency:USD": "yes",
          "delivery": "yes",
          "drive_through": "no",
          "email": "burgershackccs@gmail.com",
          "image": "https://lh5.googleusercontent.com/p/AF1QipOGX0xldQtjw4jLFrSD2LQeYmdx7eXDPILajYdN=w408-h306-k-no",
          "internet_access": "wlan",
          "internet_access:fee": "no",
          "microbrewery": "no",
          "name": "Burger Shack",
          "name:en": "Burger Shack",
          "opening_hours": "Mo-Sa 06:00-21:00; Su 04:30-21:00",
          "operator": "Burger Shack C.A",
          "outdoor_seating": "yes",
          "payment:american_express": "yes",
          "payment:cash": "yes",
          "payment:cryptocurrencies": "no",
          "payment:diners_club": "yes",
          "payment:maestro": "yes",
          "payment:mastercard": "yes",
          "payment:transferencia": "yes",
          "payment:visa": "yes",
          "reservation": "no",
          "smoking": "no",
          "source": "albertoq2004@hotmail.com",
          "stars": "5",
          "start_date": "01-01-2011",
          "takeaway": "yes",
          "website": "https://www.burgershack.com/",
          "wheelchair": "yes",
          "wikipedia": "es:Burger Shack"
        }
      }
    },
    {
      "type": "Feature",
      "geometry": {
        "type": "Point",
        "coordinates": [
          -67.0009509,
          10.5976558
        ]
      },
      "properties": {
        "id": "node/7320511272",
        "osmType": "node",
        "osmId": 7320511272,
        "name": "Cacao Siete, Café & Bistro",
        "category": "food",
        "kind": "amenity:fast_food",
        "source": "OpenStreetMap",
        "sourceUrl": "https://www.openstreetmap.org/node/7320511272",
        "tags": {
          "addr:city": "Catia La Mar",
          "addr:housename": "Terminal Nacional del Aeropuerto de Maiquetía",
          "addr:postcode": "1162",
          "addr:street": "Vìa: Embarque y Desembarque del Terminal Nacional",
          "amenity": "fast_food",
          "cuisine": "coffee_shop",
          "image": "https://lh5.googleusercontent.com/p/AF1QipNCm4-EXWwti0hVE3glIUCvtXebKRrUu7kR_XnD=w408-h544-k-no",
          "internet_access": "wlan",
          "internet_access:fee": "no",
          "name": "Cacao Siete, Café & Bistro",
          "opening_hours": "Mo-Su 05:30-21:00",
          "outdoor_seating": "yes",
          "payment:american_express": "yes",
          "payment:coins": "yes",
          "payment:diners_club": "yes",
          "payment:maestro": "yes",
          "payment:mastercard": "yes",
          "payment:notes": "yes",
          "payment:visa": "yes",
          "phone": "+58-414-1402002",
          "smoking": "no",
          "takeaway": "yes",
          "wheelchair": "yes"
        }
      }
    },
    {
      "type": "Feature",
      "geometry": {
        "type": "Point",
        "coordinates": [
          -67.0315459,
          10.6055873
        ]
      },
      "properties": {
        "id": "node/3148357563",
        "osmType": "node",
        "osmId": 3148357563,
        "name": "Cafe Chang",
        "category": "food",
        "kind": "amenity:cafe",
        "source": "OpenStreetMap",
        "sourceUrl": "https://www.openstreetmap.org/node/3148357563",
        "tags": {
          "addr:city": "Catia La Mar",
          "addr:postcode": "1162",
          "addr:street": "Av. La Atlántida",
          "amenity": "cafe",
          "cuisine": "coffee_shop",
          "internet_access": "terminal",
          "name": "Cafe Chang",
          "opening_hours": "Mo-Fr 9:00-18:00",
          "smoking": "no"
        }
      }
    },
    {
      "type": "Feature",
      "geometry": {
        "type": "Point",
        "coordinates": [
          -67.0296164,
          10.6038834
        ]
      },
      "properties": {
        "id": "node/3512803090",
        "osmType": "node",
        "osmId": 3512803090,
        "name": "China Town",
        "category": "food",
        "kind": "amenity:restaurant",
        "source": "OpenStreetMap",
        "sourceUrl": "https://www.openstreetmap.org/node/3512803090",
        "tags": {
          "addr:city": "Catia La Mar",
          "addr:postcode": "1162",
          "addr:street": "Av. La Atlántida",
          "amenity": "restaurant",
          "name": "China Town"
        }
      }
    },
    {
      "type": "Feature",
      "geometry": {
        "type": "Point",
        "coordinates": [
          -67.0050303,
          10.5976617
        ]
      },
      "properties": {
        "id": "node/7666873160",
        "osmType": "node",
        "osmId": 7666873160,
        "name": "Chip a Cookie",
        "category": "food",
        "kind": "amenity:cafe",
        "source": "OpenStreetMap",
        "sourceUrl": "https://www.openstreetmap.org/node/7666873160",
        "tags": {
          "addr:city": "Catia La Mar",
          "addr:full": "Aeropuerto Internacional Simón Bolívar, Maiquetía",
          "addr:housename": "Terminal Internacional",
          "addr:postcode": "1162",
          "addr:street": "Vìa Terminal Internacional",
          "air_conditioning": "yes",
          "amenity": "cafe",
          "branch": "Aeropuerto, Terminal Internacional",
          "brand": "Chip a Cookie",
          "contact:facebook": "https://es-la.facebook.com/pages/category/Franchise-Broker/Chip-a-Cookie-128928623845353/",
          "contact:instagram": "https://www.instagram.com/chipacookie/?hl=es",
          "contact:twitter": "https://twitter.com/chip_a_cookie",
          "contact:youtube": "https://www.youtube.com/watch?v=5iwnjYY1w0o",
          "cuisine": "cake",
          "currency:BsF": "yes",
          "currency:EUR": "yes",
          "currency:USD": "yes",
          "currency:others": "no",
          "date": "1982",
          "delivery": "yes",
          "drive_through": "no",
          "email": "Chip a Cookie@Chip a Cookie.com.ve",
          "image": "https://lh5.googleusercontent.com/p/AF1QipOVsQgphxxm1cepoJZDCzha1sd9ugsPrS1U2egx=w426-h240-k-no",
          "internet_access": "wlan",
          "internet_access:fee": "no",
          "name": "Chip a Cookie",
          "opening_hours": "Mo-Su 07:00-20:00",
          "outdoor_seating": "yes",
          "payment:american_express": "yes",
          "payment:cash": "yes",
          "payment:diners_club": "yes",
          "payment:maestro": "yes",
          "payment:mastercard": "yes",
          "payment:visa": "yes",
          "phone": "+58-212-3553000",
          "smoking": "no",
          "source": "albertoq2004@hotmail.com",
          "takeaway": "yes",
          "website": "http://www.chip-a-cookie.com.ve/",
          "wheelchair": "yes"
        }
      }
    },
    {
      "type": "Feature",
      "geometry": {
        "type": "Point",
        "coordinates": [
          -67.0062676,
          10.5971682
        ]
      },
      "properties": {
        "id": "node/1203283338",
        "osmType": "node",
        "osmId": 1203283338,
        "name": "Church Chiken",
        "category": "food",
        "kind": "amenity:fast_food",
        "source": "OpenStreetMap",
        "sourceUrl": "https://www.openstreetmap.org/node/1203283338",
        "tags": {
          "addr:city": "Catia La Mar",
          "addr:full": "Terminal Internacional nivel 3",
          "addr:housename": "Terminal Internacional",
          "addr:postcode": "1162",
          "addr:street": "Vìa Terminal Internacional",
          "amenity": "fast_food",
          "cuisine": "chicken",
          "name": "Church Chiken",
          "opening_hours": "Mo-Fr 08:00-21:00",
          "payment:cash": "yes",
          "payment:maestro": "yes",
          "payment:mastercard": "yes",
          "payment:visa": "yes",
          "smoking": "no",
          "source": "albertoq2004@hotmail.com",
          "wheelchair": "yes"
        }
      }
    },
    {
      "type": "Feature",
      "geometry": {
        "type": "Point",
        "coordinates": [
          -67.0021766,
          10.5978351
        ]
      },
      "properties": {
        "id": "node/7320682223",
        "osmType": "node",
        "osmId": 7320682223,
        "name": "Church Chiken",
        "category": "food",
        "kind": "amenity:fast_food",
        "source": "OpenStreetMap",
        "sourceUrl": "https://www.openstreetmap.org/node/7320682223",
        "tags": {
          "addr:city": "Catia La Mar",
          "addr:housename": "Terminal Nacional del Aeropuerto de Maiquetía",
          "addr:postcode": "1162",
          "addr:street": "Vìa: Embarque y Desembarque del Terminal Nacional",
          "amenity": "fast_food",
          "cuisine": "chicken",
          "image": "https://lh5.googleusercontent.com/p/AF1QipNCm4-EXWwti0hVE3glIUCvtXebKRrUu7kR_XnD=w408-h544-k-no",
          "internet_access": "wlan",
          "internet_access:fee": "no",
          "name": "Church Chiken",
          "opening_hours": "Mo-Su 05:30-21:00",
          "outdoor_seating": "yes",
          "payment:american_express": "yes",
          "payment:coins": "yes",
          "payment:diners_club": "yes",
          "payment:maestro": "yes",
          "payment:mastercard": "yes",
          "payment:notes": "yes",
          "payment:visa": "yes",
          "smoking": "no",
          "takeaway": "yes",
          "wheelchair": "yes"
        }
      }
    },
    {
      "type": "Feature",
      "geometry": {
        "type": "Point",
        "coordinates": [
          -67.0006692,
          10.5981073
        ]
      },
      "properties": {
        "id": "node/7320655617",
        "osmType": "node",
        "osmId": 7320655617,
        "name": "Churromanía",
        "category": "food",
        "kind": "amenity:fast_food",
        "source": "OpenStreetMap",
        "sourceUrl": "https://www.openstreetmap.org/node/7320655617",
        "tags": {
          "addr:city": "Catia La Mar",
          "addr:housename": "Terminal Nacional del Aeropuerto de Maiquetía",
          "addr:postcode": "1162",
          "addr:street": "Vìa: Embarque y Desembarque del Terminal Nacional",
          "amenity": "fast_food",
          "cuisine": "cake",
          "internet_access": "wlan",
          "internet_access:fee": "no",
          "name": "Churromanía",
          "opening_hours": "Mo-Sa 06:00-21:00; Su 04:30-21:00",
          "outdoor_seating": "yes",
          "payment:american_express": "yes",
          "payment:coins": "yes",
          "payment:diners_club": "yes",
          "payment:maestro": "yes",
          "payment:mastercard": "yes",
          "payment:notes": "yes",
          "payment:visa": "yes",
          "smoking": "no",
          "source": "albertoq2004@hotmail.com",
          "takeaway": "yes",
          "wheelchair": "yes"
        }
      }
    },
    {
      "type": "Feature",
      "geometry": {
        "type": "Point",
        "coordinates": [
          -67.0300274,
          10.6033505
        ]
      },
      "properties": {
        "id": "node/4937191719",
        "osmType": "node",
        "osmId": 4937191719,
        "name": "Cocos y Cocada",
        "category": "food",
        "kind": "amenity:fast_food",
        "source": "OpenStreetMap",
        "sourceUrl": "https://www.openstreetmap.org/node/4937191719",
        "tags": {
          "addr:city": "Catia La Mar",
          "addr:country": "VE",
          "addr:place": "La Atlántida",
          "addr:suburb": "La Atlántida",
          "amenity": "fast_food",
          "cuisine": "juice",
          "name": "Cocos y Cocada"
        }
      }
    },
    {
      "type": "Feature",
      "geometry": {
        "type": "Point",
        "coordinates": [
          -67.0006679,
          10.5980289
        ]
      },
      "properties": {
        "id": "node/7320655618",
        "osmType": "node",
        "osmId": 7320655618,
        "name": "Domino's",
        "category": "food",
        "kind": "amenity:fast_food",
        "source": "OpenStreetMap",
        "sourceUrl": "https://www.openstreetmap.org/node/7320655618",
        "tags": {
          "addr:city": "Catia La Mar",
          "addr:housename": "Terminal Nacional del Aeropuerto de Maiquetía",
          "addr:postcode": "1162",
          "addr:street": "Vìa: Embarque y Desembarque del Terminal Nacional",
          "amenity": "fast_food",
          "brand": "Domino's",
          "brand:wikidata": "Q839466",
          "cuisine": "pizza",
          "image": "https://lh5.googleusercontent.com/p/AF1QipNCm4-EXWwti0hVE3glIUCvtXebKRrUu7kR_XnD=w408-h544-k-no",
          "internet_access": "wlan",
          "internet_access:fee": "no",
          "name": "Domino's",
          "opening_hours": "Mo-Su 05:30-21:00",
          "outdoor_seating": "yes",
          "payment:american_express": "yes",
          "payment:coins": "yes",
          "payment:diners_club": "yes",
          "payment:maestro": "yes",
          "payment:mastercard": "yes",
          "payment:notes": "yes",
          "payment:visa": "yes",
          "smoking": "no",
          "takeaway": "yes",
          "wheelchair": "yes"
        }
      }
    },
    {
      "type": "Feature",
      "geometry": {
        "type": "Point",
        "coordinates": [
          -67.0387162,
          10.6005122
        ]
      },
      "properties": {
        "id": "node/3664796497",
        "osmType": "node",
        "osmId": 3664796497,
        "name": "El Marqués",
        "category": "food",
        "kind": "amenity:restaurant",
        "source": "OpenStreetMap",
        "sourceUrl": "https://www.openstreetmap.org/node/3664796497",
        "tags": {
          "addr:city": "Catia La Mar",
          "addr:postcode": "1162",
          "addr:street": "Av. El Ejercito",
          "amenity": "restaurant",
          "name": "El Marqués"
        }
      }
    },
    {
      "type": "Feature",
      "geometry": {
        "type": "Point",
        "coordinates": [
          -66.9816759,
          10.5999464
        ]
      },
      "properties": {
        "id": "node/3198955265",
        "osmType": "node",
        "osmId": 3198955265,
        "name": "El Solarium",
        "category": "food",
        "kind": "amenity:restaurant",
        "source": "OpenStreetMap",
        "sourceUrl": "https://www.openstreetmap.org/node/3198955265",
        "tags": {
          "addr:city": "Catia La Mar",
          "addr:postcode": "1162",
          "addr:street": "Av. Aeropuerto Auxiliar",
          "amenity": "restaurant",
          "name": "El Solarium"
        }
      }
    },
    {
      "type": "Feature",
      "geometry": {
        "type": "Point",
        "coordinates": [
          -67.0251066,
          10.6021003
        ]
      },
      "properties": {
        "id": "node/3422892166",
        "osmType": "node",
        "osmId": 3422892166,
        "name": "El Tocoma",
        "category": "food",
        "kind": "amenity:restaurant",
        "source": "OpenStreetMap",
        "sourceUrl": "https://www.openstreetmap.org/node/3422892166",
        "tags": {
          "amenity": "restaurant",
          "name": "El Tocoma"
        }
      }
    },
    {
      "type": "Feature",
      "geometry": {
        "type": "Point",
        "coordinates": [
          -66.9992021,
          10.5979121
        ]
      },
      "properties": {
        "id": "node/7320655621",
        "osmType": "node",
        "osmId": 7320655621,
        "name": "Fast Coffe",
        "category": "food",
        "kind": "amenity:fast_food",
        "source": "OpenStreetMap",
        "sourceUrl": "https://www.openstreetmap.org/node/7320655621",
        "tags": {
          "addr:city": "Catia La Mar",
          "addr:housename": "Terminal Nacional del Aeropuerto de Maiquetía",
          "addr:postcode": "1162",
          "addr:street": "Vìa: Embarque y Desembarque del Terminal Nacional",
          "amenity": "fast_food",
          "cuisine": "coffee_shop",
          "internet_access": "wlan",
          "internet_access:fee": "no",
          "name": "Fast Coffe",
          "opening_hours": "Mo-Sa 06:00-21:00; Su 04:30-21:00",
          "outdoor_seating": "yes",
          "payment:american_express": "yes",
          "payment:coins": "yes",
          "payment:diners_club": "yes",
          "payment:maestro": "yes",
          "payment:mastercard": "yes",
          "payment:notes": "yes",
          "payment:visa": "yes",
          "smoking": "no",
          "source": "albertoq2004@hotmail.com",
          "takeaway": "yes",
          "wheelchair": "yes"
        }
      }
    },
    {
      "type": "Feature",
      "geometry": {
        "type": "Point",
        "coordinates": [
          -67.0065937,
          10.5972172
        ]
      },
      "properties": {
        "id": "node/1203283210",
        "osmType": "node",
        "osmId": 1203283210,
        "name": "Friday's",
        "category": "food",
        "kind": "amenity:restaurant",
        "source": "OpenStreetMap",
        "sourceUrl": "https://www.openstreetmap.org/node/1203283210",
        "tags": {
          "addr:city": "Catia La Mar",
          "addr:full": "Terminal Internacional nivel 3",
          "addr:housename": "Terminal Internacional",
          "addr:postcode": "1162",
          "addr:street": "Vìa Terminal Internacional",
          "amenity": "restaurant",
          "cuisine": "american",
          "int_name": "Friday's",
          "name": "Friday's",
          "opening_hours": "Mo-Fr 08:00-21:00",
          "payment:cash": "yes",
          "payment:maestro": "yes",
          "payment:mastercard": "yes",
          "payment:visa": "yes",
          "smoking": "no",
          "source": "albertoq2004@hotmail.com",
          "wheelchair": "yes"
        }
      }
    },
    {
      "type": "Feature",
      "geometry": {
        "type": "Point",
        "coordinates": [
          -67.0006686,
          10.5981844
        ]
      },
      "properties": {
        "id": "node/7320655615",
        "osmType": "node",
        "osmId": 7320655615,
        "name": "Full Pizza",
        "category": "food",
        "kind": "amenity:fast_food",
        "source": "OpenStreetMap",
        "sourceUrl": "https://www.openstreetmap.org/node/7320655615",
        "tags": {
          "addr:city": "Catia La Mar",
          "addr:housename": "Terminal Nacional del Aeropuerto de Maiquetía",
          "addr:postcode": "1162",
          "addr:street": "Vìa: Embarque y Desembarque del Terminal Nacional",
          "amenity": "fast_food",
          "cuisine": "pizza",
          "internet_access": "wlan",
          "internet_access:fee": "no",
          "name": "Full Pizza",
          "opening_hours": "Mo-Su 05:30-21:00",
          "outdoor_seating": "yes",
          "payment:american_express": "yes",
          "payment:coins": "yes",
          "payment:diners_club": "yes",
          "payment:maestro": "yes",
          "payment:mastercard": "yes",
          "payment:notes": "yes",
          "payment:visa": "yes",
          "smoking": "no",
          "takeaway": "yes",
          "wheelchair": "yes"
        }
      }
    },
    {
      "type": "Feature",
      "geometry": {
        "type": "Point",
        "coordinates": [
          -67.0081944,
          10.5975855
        ]
      },
      "properties": {
        "id": "node/7666861889",
        "osmType": "node",
        "osmId": 7666861889,
        "name": "Golfeados Don Goyo",
        "category": "food",
        "kind": "amenity:fast_food",
        "source": "OpenStreetMap",
        "sourceUrl": "https://www.openstreetmap.org/node/7666861889",
        "tags": {
          "addr:city": "Maiquetía",
          "addr:full": "Área de tránsito, frente a la puerta 26",
          "addr:housename": "Terminal Internacional",
          "addr:postcode": "1162",
          "addr:street": "Vìa Terminal Internacional",
          "air_conditioning": "yes",
          "amenity": "fast_food",
          "brand": "Don Goyo",
          "contact:facebook": "https://www.facebook.com/search/top/?q=golfeados%20don%20goyo",
          "contact:instagram": "https://www.instagram.com/golfeadosdongoyo/",
          "contact:twitter": "https://twitter.com/DonGoyo_VE",
          "contact:youtube": "https://www.youtube.com/watch?v=_z8LeMNCD4g",
          "cuisine": "donut",
          "currency:BsF": "yes",
          "currency:EUR": "yes",
          "currency:USD": "yes",
          "currency:others": "no",
          "delivery": "yes",
          "drive_through": "no",
          "email": "contacto@golfeadosdongoyo.com",
          "image": "https://lh5.googleusercontent.com/p/AF1QipNHMtVxE-ii16MSkO4fh-5MZsHTyB32k5uYxawj=w408-h306-k-no",
          "internet_access": "wlan",
          "internet_access:fee": "no",
          "name": "Golfeados Don Goyo",
          "opening_hours": "Mo-Su 05:00-23:00",
          "outdoor_seating": "yes",
          "payment:american_express": "yes",
          "payment:cash": "yes",
          "payment:diners_club": "yes",
          "payment:maestro": "yes",
          "payment:mastercard": "yes",
          "payment:visa": "yes",
          "phone": "+58-212-4944583",
          "smoking": "no",
          "source": "albertoq2004@hotmail.com",
          "takeaway": "yes",
          "website": "https://www.golfeadosdongoyo.com/",
          "wheelchair": "yes"
        }
      }
    },
    {
      "type": "Feature",
      "geometry": {
        "type": "Point",
        "coordinates": [
          -67.0004313,
          10.5980199
        ]
      },
      "properties": {
        "id": "node/7666861890",
        "osmType": "node",
        "osmId": 7666861890,
        "name": "Golfeados Don Goyo",
        "category": "food",
        "kind": "amenity:fast_food",
        "source": "OpenStreetMap",
        "sourceUrl": "https://www.openstreetmap.org/node/7666861890",
        "tags": {
          "addr:city": "Catia La Mar",
          "addr:full": "Área de tránsito, frente a la puerta N° 5",
          "addr:housename": "Terminal Nacional del Aeropuerto de Maiquetía",
          "addr:postcode": "1162",
          "addr:street": "Vìa: Embarque y Desembarque del Terminal Nacional",
          "air_conditioning": "yes",
          "amenity": "fast_food",
          "brand": "Don Goyo",
          "contact:facebook": "https://www.facebook.com/search/top/?q=golfeados%20don%20goyo",
          "contact:instagram": "https://www.instagram.com/golfeadosdongoyo/",
          "contact:twitter": "https://twitter.com/DonGoyo_VE",
          "contact:youtube": "https://www.youtube.com/watch?v=_z8LeMNCD4g",
          "cuisine": "donut",
          "currency:BsF": "yes",
          "currency:EUR": "yes",
          "currency:USD": "yes",
          "currency:others": "no",
          "delivery": "yes",
          "drive_through": "no",
          "email": "contacto@golfeadosdongoyo.com",
          "image": "https://lh5.googleusercontent.com/p/AF1QipNHMtVxE-ii16MSkO4fh-5MZsHTyB32k5uYxawj=w408-h306-k-no",
          "internet_access": "wlan",
          "internet_access:fee": "no",
          "name": "Golfeados Don Goyo",
          "opening_hours": "Mo-Su 05:00-23:00",
          "outdoor_seating": "yes",
          "payment:american_express": "yes",
          "payment:cash": "yes",
          "payment:diners_club": "yes",
          "payment:maestro": "yes",
          "payment:mastercard": "yes",
          "payment:visa": "yes",
          "phone": "+58-212-4944488",
          "smoking": "no",
          "source": "albertoq2004@hotmail.com",
          "takeaway": "yes",
          "website": "https://www.golfeadosdongoyo.com/",
          "wheelchair": "yes"
        }
      }
    },
    {
      "type": "Feature",
      "geometry": {
        "type": "Point",
        "coordinates": [
          -67.0055723,
          10.5976242
        ]
      },
      "properties": {
        "id": "node/11877094776",
        "osmType": "node",
        "osmId": 11877094776,
        "name": "Granier",
        "category": "food",
        "kind": "amenity:cafe",
        "source": "OpenStreetMap",
        "sourceUrl": "https://www.openstreetmap.org/node/11877094776",
        "tags": {
          "addr:city": "Catia La Mar",
          "addr:full": "Aeropuerto Internacional Simón Bolívar, Maiquetía",
          "addr:housename": "Terminal Internacional",
          "addr:postcode": "1162",
          "addr:street": "Vìa Terminal Internacional",
          "air_conditioning": "yes",
          "amenity": "cafe",
          "branch": "Aeropuerto, Terminal Internacional",
          "breakfast": "yes",
          "capacity": "20",
          "contact:instagram": "https://www.instagram.com/graniervzla/",
          "contact:whatsapp": "+58-412-7098373",
          "cuisine": "coffee;sandwich;dessert;juice;cake;pastry;frappé;breakfast;tea;smoothie",
          "currency:BsF": "yes",
          "currency:USD": "yes",
          "delivery": "no",
          "drive_through": "no",
          "image": "https://lh5.googleusercontent.com/p/AF1QipPELt8FdZs-xlr7GiFUoEEqAx92y7nltAXj48kP=w408-h306-k-no",
          "internet_access": "wlan",
          "internet_access:fee": "no",
          "name": "Granier",
          "opening_hours": "Mo-Th 05:00-18:00; Fr 05:00-23:00; Sa 00:01-24:00; Su 05:00-23:00",
          "outdoor_seating": "yes",
          "payment:american_express": "yes",
          "payment:diners_club": "yes",
          "payment:maestro": "yes",
          "payment:mastercard": "yes",
          "payment:notes": "yes",
          "payment:transferencia": "yes",
          "payment:visa": "yes",
          "phone:mobile": "+58-412-7098373",
          "smoking": "no",
          "source": "local knowledge",
          "start_date": "2020",
          "takeaway": "yes",
          "website": "http://graniervenezuela.com/",
          "website:menu": "https://drive.google.com/file/d/1Vf0ffGQzq_5UTD1ojDGm5kbaGEQT8nQO/view",
          "wheelchair": "yes"
        }
      }
    },
    {
      "type": "Feature",
      "geometry": {
        "type": "Point",
        "coordinates": [
          -67.0253785,
          10.6036541
        ]
      },
      "properties": {
        "id": "node/3144947364",
        "osmType": "node",
        "osmId": 3144947364,
        "name": "Harold's",
        "category": "food",
        "kind": "amenity:restaurant",
        "source": "OpenStreetMap",
        "sourceUrl": "https://www.openstreetmap.org/node/3144947364",
        "tags": {
          "amenity": "restaurant",
          "name": "Harold's"
        }
      }
    },
    {
      "type": "Feature",
      "geometry": {
        "type": "Point",
        "coordinates": [
          -67.017797,
          10.6085281
        ]
      },
      "properties": {
        "id": "node/3124792949",
        "osmType": "node",
        "osmId": 3124792949,
        "name": "Il Prezzano",
        "category": "food",
        "kind": "amenity:restaurant",
        "source": "OpenStreetMap",
        "sourceUrl": "https://www.openstreetmap.org/node/3124792949",
        "tags": {
          "amenity": "restaurant",
          "name": "Il Prezzano"
        }
      }
    },
    {
      "type": "Feature",
      "geometry": {
        "type": "Point",
        "coordinates": [
          -67.0063302,
          10.597086
        ]
      },
      "properties": {
        "id": "node/3808248681",
        "osmType": "node",
        "osmId": 3808248681,
        "name": "La Cantata",
        "category": "food",
        "kind": "amenity:fast_food",
        "source": "OpenStreetMap",
        "sourceUrl": "https://www.openstreetmap.org/node/3808248681",
        "tags": {
          "addr:city": "Catia La Mar",
          "addr:full": "Terminal Internacional nivel 3",
          "addr:housename": "Terminal Internacional",
          "addr:postcode": "1162",
          "addr:street": "Vìa Terminal Internacional",
          "amenity": "fast_food",
          "cuisine": "sandwich",
          "name": "La Cantata",
          "opening_hours": "Mo-Fr 08:00-21:00",
          "payment:cash": "yes",
          "payment:maestro": "yes",
          "payment:mastercard": "yes",
          "payment:visa": "yes",
          "smoking": "no",
          "source": "albertoq2004@hotmail.com",
          "wheelchair": "yes"
        }
      }
    },
    {
      "type": "Feature",
      "geometry": {
        "type": "Point",
        "coordinates": [
          -67.0166541,
          10.6085572
        ]
      },
      "properties": {
        "id": "node/3219492785",
        "osmType": "node",
        "osmId": 3219492785,
        "name": "La Fosforera",
        "category": "food",
        "kind": "amenity:restaurant",
        "source": "OpenStreetMap",
        "sourceUrl": "https://www.openstreetmap.org/node/3219492785",
        "tags": {
          "addr:city": "Playa Grande",
          "addr:housename": "CC Sol Marino Center",
          "amenity": "restaurant",
          "delivery": "no",
          "name": "La Fosforera"
        }
      }
    },
    {
      "type": "Feature",
      "geometry": {
        "type": "Point",
        "coordinates": [
          -67.0008764,
          10.5978773
        ]
      },
      "properties": {
        "id": "node/7320682226",
        "osmType": "node",
        "osmId": 7320682226,
        "name": "La Giostra",
        "category": "food",
        "kind": "amenity:restaurant",
        "source": "OpenStreetMap",
        "sourceUrl": "https://www.openstreetmap.org/node/7320682226",
        "tags": {
          "addr:city": "Catia La Mar",
          "addr:housename": "Terminal Nacional del Aeropuerto de Maiquetía",
          "addr:postcode": "1162",
          "addr:street": "Vìa: Embarque y Desembarque del Terminal Nacional",
          "amenity": "restaurant",
          "cuisine": "regional",
          "image": "https://lh5.googleusercontent.com/p/AF1QipNmRLFgMHCoFIZDq3Q8JB9agq_TLwLtDW_VH82L=w408-h328-k-no",
          "internet_access": "wlan",
          "internet_access:fee": "no",
          "name": "La Giostra",
          "opening_hours": "Mo-Su 05:00-21:00",
          "outdoor_seating": "yes",
          "payment:american_express": "yes",
          "payment:coins": "yes",
          "payment:diners_club": "yes",
          "payment:maestro": "yes",
          "payment:mastercard": "yes",
          "payment:notes": "yes",
          "payment:visa": "yes",
          "smoking": "no",
          "source": "albertoq2004@hotmail.com",
          "takeaway": "yes",
          "wheelchair": "yes"
        }
      }
    },
    {
      "type": "Feature",
      "geometry": {
        "type": "Point",
        "coordinates": [
          -67.0337825,
          10.6012461
        ]
      },
      "properties": {
        "id": "node/3219685776",
        "osmType": "node",
        "osmId": 3219685776,
        "name": "Las Amazonas",
        "category": "food",
        "kind": "amenity:restaurant",
        "source": "OpenStreetMap",
        "sourceUrl": "https://www.openstreetmap.org/node/3219685776",
        "tags": {
          "addr:city": "Catia La Mar",
          "addr:postcode": "1162",
          "addr:street": "Av. El Ejercito",
          "amenity": "restaurant",
          "name": "Las Amazonas"
        }
      }
    },
    {
      "type": "Feature",
      "geometry": {
        "type": "Point",
        "coordinates": [
          -67.0042988,
          10.6103462
        ]
      },
      "properties": {
        "id": "way/1086835454",
        "osmType": "way",
        "osmId": 1086835454,
        "name": "Las Arepas de Margaret",
        "category": "food",
        "kind": "building:yes",
        "source": "OpenStreetMap",
        "sourceUrl": "https://www.openstreetmap.org/way/1086835454",
        "tags": {
          "addr:city": "Maiquetia",
          "addr:country": "VE",
          "addr:postcode": "1162",
          "addr:state": "VA",
          "addr:street": "Calle Real de Playa Verde",
          "addr:suburb": "Playa Verde",
          "air_conditioning": "no",
          "amenity": "fast_food",
          "branch": "Playa Verde",
          "breakfast": "yes",
          "building": "yes",
          "capacity": "25",
          "check_date": "2026-01-16",
          "contact:instagram": "https://www.instagram.com/lasarepasdemargaret/?hl=es",
          "cuisine": "arepa;venezuelan;juice",
          "currency:BsF": "yes",
          "currency:USD": "yes",
          "delivery": "yes",
          "description": "Arepas",
          "drive_through": "no",
          "highchair": "yes",
          "image": "https://lh5.googleusercontent.com/p/AF1QipNBBlgMCQoPPTfBJ0axcI3V0emPenrqDdbNQywG=w408-h510-k-no",
          "internet_access": "no",
          "name": "Las Arepas de Margaret",
          "opening_hours": "Tu-Su 06:00-22:00",
          "outdoor_seating": "yes",
          "payment:app": "yes",
          "payment:contactless": "yes",
          "payment:credit_cards": "yes",
          "payment:debit_cards": "yes",
          "payment:maestro": "yes",
          "payment:notes": "yes",
          "reservation": "no",
          "smoking": "no",
          "takeaway": "yes",
          "wheelchair": "limited"
        }
      }
    },
    {
      "type": "Feature",
      "geometry": {
        "type": "Point",
        "coordinates": [
          -66.9795087,
          10.5987703
        ]
      },
      "properties": {
        "id": "node/10951503501",
        "osmType": "node",
        "osmId": 10951503501,
        "name": "Latin Quarter",
        "category": "food",
        "kind": "amenity:restaurant",
        "source": "OpenStreetMap",
        "sourceUrl": "https://www.openstreetmap.org/node/10951503501",
        "tags": {
          "addr:country": "VE",
          "addr:state": "Vargas",
          "amenity": "restaurant",
          "cuisine": "barbecue;steak_house;coffee_shop;burger;international;sandwich",
          "name": "Latin Quarter"
        }
      }
    },
    {
      "type": "Feature",
      "geometry": {
        "type": "Point",
        "coordinates": [
          -67.0388971,
          10.6005651
        ]
      },
      "properties": {
        "id": "node/3125334673",
        "osmType": "node",
        "osmId": 3125334673,
        "name": "Los Pescaditos",
        "category": "food",
        "kind": "amenity:restaurant",
        "source": "OpenStreetMap",
        "sourceUrl": "https://www.openstreetmap.org/node/3125334673",
        "tags": {
          "addr:city": "Catia La Mar",
          "addr:postcode": "1162",
          "addr:street": "Av. El Ejercito",
          "amenity": "restaurant",
          "name": "Los Pescaditos"
        }
      }
    },
    {
      "type": "Feature",
      "geometry": {
        "type": "Point",
        "coordinates": [
          -67.0272706,
          10.6029927
        ]
      },
      "properties": {
        "id": "way/503401924",
        "osmType": "way",
        "osmId": 503401924,
        "name": "McDonald's",
        "category": "food",
        "kind": "building:yes",
        "source": "OpenStreetMap",
        "sourceUrl": "https://www.openstreetmap.org/way/503401924",
        "tags": {
          "addr:city": "Catia La Mar",
          "addr:full": "Av ppal con Avda 14",
          "addr:housename": "Edificio Mcdonald's",
          "addr:postcode": "1162",
          "addr:street": "Av. La Atlántida",
          "air_conditioning": "yes",
          "amenity": "fast_food",
          "brand": "McDonald's",
          "brand:wikidata": "Q38076",
          "brand:wikipedia": "en:McDonald's",
          "building": "yes",
          "building:levels": "1",
          "capacity": "40",
          "city": "Caracas",
          "contact:facebook": "https://www.facebook.com/McDonaldsVE",
          "contact:instagram": "https://www.instagram.com/mcdonalds_ve/",
          "contact:twitter": "https://twitter.com/mcdonalds_ve",
          "cuisine": "burger",
          "currency:BsF": "yes",
          "currency:EUR": "yes",
          "currency:USD": "yes",
          "delivery": "no",
          "drive_through": "yes",
          "height": "15",
          "image": "https://lh5.googleusercontent.com/p/AF1QipOlKYKMVAdsVxbS9vpt9fktRLCY7HwrFs2yWVTV=w408-h544-k-no",
          "internet_access": "wlan",
          "internet_access:fee": "no",
          "name": "McDonald's",
          "opening_hours": "Mo-Su 11:00-21:00",
          "operator": "Arcos Dorados S.A",
          "outdoor_seating": "no",
          "payment:american_express": "yes",
          "payment:cash": "yes",
          "payment:diners_club": "yes",
          "payment:maestro": "yes",
          "payment:mastercard": "yes",
          "payment:visa": "yes",
          "phone": "+58-212-4195276",
          "smoking": "no",
          "source": "albertoq2004@hotmail.com",
          "start_date": "01-01-2000",
          "takeaway": "yes",
          "website": "https://www.mcdonalds.com.ve/",
          "wheelchair": "yes"
        }
      }
    },
    {
      "type": "Feature",
      "geometry": {
        "type": "Point",
        "coordinates": [
          -67.0275333,
          10.6096503
        ]
      },
      "properties": {
        "id": "node/11517723470",
        "osmType": "node",
        "osmId": 11517723470,
        "name": "Meson del farol",
        "category": "food",
        "kind": "amenity:restaurant",
        "source": "OpenStreetMap",
        "sourceUrl": "https://www.openstreetmap.org/node/11517723470",
        "tags": {
          "amenity": "restaurant",
          "name": "Meson del farol"
        }
      }
    },
    {
      "type": "Feature",
      "geometry": {
        "type": "Point",
        "coordinates": [
          -67.0013183,
          10.5978509
        ]
      },
      "properties": {
        "id": "node/12921862896",
        "osmType": "node",
        "osmId": 12921862896,
        "name": "Mr. Sub",
        "category": "food",
        "kind": "amenity:fast_food",
        "source": "OpenStreetMap",
        "sourceUrl": "https://www.openstreetmap.org/node/12921862896",
        "tags": {
          "addr:city": "Catia La Mar",
          "addr:housename": "Terminal Nacional del Aeropuerto de Maiquetía",
          "addr:postcode": "1162",
          "addr:street": "Vìa: Embarque y Desembarque del Terminal Nacional",
          "air_conditioning": "yes",
          "amenity": "fast_food",
          "branch": "Aeropuerto Internacional de Maiquetía Simón Bolívar",
          "brand": "Mr. Sub",
          "breakfast": "no",
          "capacity": "20",
          "changing_table": "no",
          "contact:instagram": "https://www.instagram.com/mrsub_vzla/?hl=es",
          "cuisine": "sandwich;salad;cookie;coffee_shop",
          "currency:BsF": "yes",
          "currency:USD": "yes",
          "currency:others": "no",
          "delivery": "yes",
          "drive_through": "no",
          "image": "https://lh3.googleusercontent.com/gps-cs-s/AC9h4nrjaVd-ixDruuLm1vymhcaCUhrlChvxqfhJ7ua_ye_cUWzLA3xA0wZjglIwZ6SuKxTJNTe_6Gv9KOwPpxTYnianKtqkYb7lF57vT9NpwWdnTikPJiPlHom5QCzSw7724gibtOVu9Q=w408-h306-k-no",
          "indoor_seating": "yes",
          "internet_access": "wlan",
          "internet_access:fee": "no",
          "name": "Mr. Sub",
          "opening_hours": "Mo-Su 05:00-23:00",
          "outdoor_seating": "no",
          "payment:american_express": "yes",
          "payment:diners_club": "yes",
          "payment:maestro": "yes",
          "payment:mastercard": "yes",
          "payment:notes": "yes",
          "payment:transferencia": "yes",
          "payment:visa": "yes",
          "pets_allowed": "yes",
          "self_checkout": "no",
          "self_service": "no",
          "smoking": "no",
          "source": "local knowledge",
          "start_date": "2023",
          "surveillance": "indoor",
          "takeaway": "yes",
          "toilets": "no",
          "website": "https://www.instagram.com/mrsub_vzla/?hl=es",
          "website:menu": "https://www.instagram.com/mrsub_vzla/?hl=es",
          "wheelchair": "yes"
        }
      }
    },
    {
      "type": "Feature",
      "geometry": {
        "type": "Point",
        "coordinates": [
          -67.000971,
          10.5978694
        ]
      },
      "properties": {
        "id": "node/7320682225",
        "osmType": "node",
        "osmId": 7320682225,
        "name": "Muffin Expresso",
        "category": "food",
        "kind": "amenity:fast_food",
        "source": "OpenStreetMap",
        "sourceUrl": "https://www.openstreetmap.org/node/7320682225",
        "tags": {
          "addr:city": "Catia La Mar",
          "addr:housename": "Terminal Nacional del Aeropuerto de Maiquetía",
          "addr:postcode": "1162",
          "addr:street": "Vìa: Embarque y Desembarque del Terminal Nacional",
          "amenity": "fast_food",
          "cuisine": "cake",
          "internet_access": "wlan",
          "internet_access:fee": "no",
          "name": "Muffin Expresso",
          "opening_hours": "Mo-Sa 06:00-21:00; Su 04:30-21:00",
          "outdoor_seating": "yes",
          "payment:american_express": "yes",
          "payment:coins": "yes",
          "payment:diners_club": "yes",
          "payment:maestro": "yes",
          "payment:mastercard": "yes",
          "payment:notes": "yes",
          "payment:visa": "yes",
          "smoking": "no",
          "source": "albertoq2004@hotmail.com",
          "takeaway": "yes",
          "wheelchair": "yes"
        }
      }
    },
    {
      "type": "Feature",
      "geometry": {
        "type": "Point",
        "coordinates": [
          -67.000244,
          10.5976943
        ]
      },
      "properties": {
        "id": "node/1203283282",
        "osmType": "node",
        "osmId": 1203283282,
        "name": "Oh lala",
        "category": "food",
        "kind": "amenity:fast_food",
        "source": "OpenStreetMap",
        "sourceUrl": "https://www.openstreetmap.org/node/1203283282",
        "tags": {
          "addr:city": "Catia La Mar",
          "addr:housename": "Terminal Nacional del Aeropuerto de Maiquetía",
          "addr:postcode": "1162",
          "addr:street": "Vìa: Embarque y Desembarque del Terminal Nacional",
          "amenity": "fast_food",
          "cuisine": "coffee_shop",
          "name": "Oh lala",
          "opening_hours": "Mo-Sa 06:00-21:00; Su 04:30-21:00",
          "outdoor_seating": "yes",
          "payment:american_express": "yes",
          "payment:coins": "yes",
          "payment:diners_club": "yes",
          "payment:maestro": "yes",
          "payment:mastercard": "yes",
          "payment:notes": "yes",
          "payment:visa": "yes",
          "smoking": "no",
          "source": "albertoq2004@hotmail.com",
          "takeaway": "yes",
          "wheelchair": "yes"
        }
      }
    },
    {
      "type": "Feature",
      "geometry": {
        "type": "Point",
        "coordinates": [
          -67.0300387,
          10.6040466
        ]
      },
      "properties": {
        "id": "node/3406568767",
        "osmType": "node",
        "osmId": 3406568767,
        "name": "Oh! Qué bueno",
        "category": "food",
        "kind": "amenity:fast_food",
        "source": "OpenStreetMap",
        "sourceUrl": "https://www.openstreetmap.org/node/3406568767",
        "tags": {
          "addr:city": "Catia La Mar",
          "addr:postcode": "1162",
          "addr:street": "Av. La Atlántida",
          "amenity": "fast_food",
          "name": "Oh! Qué bueno"
        }
      }
    },
    {
      "type": "Feature",
      "geometry": {
        "type": "Point",
        "coordinates": [
          -67.0301145,
          10.6042706
        ]
      },
      "properties": {
        "id": "node/12841011603",
        "osmType": "node",
        "osmId": 12841011603,
        "name": "Panda 668",
        "category": "food",
        "kind": "amenity:restaurant",
        "source": "OpenStreetMap",
        "sourceUrl": "https://www.openstreetmap.org/node/12841011603",
        "tags": {
          "addr:city": "Catia La Mar",
          "addr:country": "VE",
          "addr:district": "Municipio Vargas",
          "addr:postcode": "1162",
          "addr:state": "VA",
          "addr:street": "Av. La Atlántida",
          "air_conditioning": "yes",
          "amenity": "restaurant",
          "branch": "Catia La Mar",
          "breakfast": "no",
          "capacity": "50",
          "contact:instagram": "https://www.instagram.com/panda668_/?hl=es",
          "contact:whatsapp": "+58-412-6682086",
          "cuisine": "chinese",
          "currency:BsF": "yes",
          "currency:USD": "yes",
          "delivery": "yes",
          "drive_through": "no",
          "image": "https://lh3.googleusercontent.com/gps-cs-s/AC9h4npRyPZhx7uNqsA7nqlzfui7qhqx54hjJDGTZyjk25fPw-ONVAp7Xj7XvdBfCVOxAyzW0JhiEylJ8bDtWip8RYAuBg8VZvsGdhmc27-64e_2T4fTLh3KGww9-LXyCb8w3SchoeqhKA=w529-h240-k-no",
          "internet_access": "no",
          "internet_access:fee": "no",
          "mobile": "+58-412-6682086",
          "name": "Panda 668",
          "opening_hours": "Mo 11:00-19:00; Tu-Th 11:00-21:00; Fr-Su 11:00-22:00;",
          "outdoor_seating": "no",
          "payment:american_express": "yes",
          "payment:diners_club": "yes",
          "payment:maestro": "yes",
          "payment:mastercard": "yes",
          "payment:notes": "yes",
          "payment:transferencia": "yes",
          "payment:visa": "yes",
          "reservation": "no",
          "smoking": "no",
          "source": "local knowledge",
          "start_date": "2020",
          "takeaway": "yes",
          "toilets": "yes",
          "website": "https://www.instagram.com/panda668_/?hl=es",
          "website:menu": "https://drive.google.com/file/d/1Vf0ffGQzq_5UTD1ojDGm5kbaGEQT8nQO/view",
          "wheelchair": "yes"
        }
      }
    },
    {
      "type": "Feature",
      "geometry": {
        "type": "Point",
        "coordinates": [
          -67.0004426,
          10.5981739
        ]
      },
      "properties": {
        "id": "node/7320655611",
        "osmType": "node",
        "osmId": 7320655611,
        "name": "Papa Grill",
        "category": "food",
        "kind": "amenity:fast_food",
        "source": "OpenStreetMap",
        "sourceUrl": "https://www.openstreetmap.org/node/7320655611",
        "tags": {
          "addr:city": "Catia La Mar",
          "addr:housename": "Terminal Nacional del Aeropuerto de Maiquetía",
          "addr:postcode": "1162",
          "addr:street": "Vìa: Embarque y Desembarque del Terminal Nacional",
          "amenity": "fast_food",
          "cuisine": "regional",
          "internet_access": "wlan",
          "internet_access:fee": "no",
          "name": "Papa Grill",
          "opening_hours": "Mo-Sa 06:00-21:00; Su 04:30-21:00",
          "outdoor_seating": "yes",
          "payment:american_express": "yes",
          "payment:coins": "yes",
          "payment:diners_club": "yes",
          "payment:maestro": "yes",
          "payment:mastercard": "yes",
          "payment:notes": "yes",
          "payment:visa": "yes",
          "smoking": "no",
          "source": "albertoq2004@hotmail.com",
          "takeaway": "yes",
          "wheelchair": "yes"
        }
      }
    },
    {
      "type": "Feature",
      "geometry": {
        "type": "Point",
        "coordinates": [
          -67.0007378,
          10.5976891
        ]
      },
      "properties": {
        "id": "node/7320511270",
        "osmType": "node",
        "osmId": 7320511270,
        "name": "Paramo Café",
        "category": "food",
        "kind": "amenity:fast_food",
        "source": "OpenStreetMap",
        "sourceUrl": "https://www.openstreetmap.org/node/7320511270",
        "tags": {
          "addr:city": "Catia La Mar",
          "addr:housename": "Terminal Nacional del Aeropuerto de Maiquetía",
          "addr:postcode": "1162",
          "addr:street": "Vìa: Embarque y Desembarque del Terminal Nacional",
          "amenity": "fast_food",
          "cuisine": "coffee_shop",
          "image": "https://lh5.googleusercontent.com/p/AF1QipMDTwlBuLWMLw4sunp_eZfdsmVwixc-2Tve0uJk=w426-h240-k-no",
          "internet_access": "wlan",
          "internet_access:fee": "no",
          "name": "Paramo Café",
          "opening_hours": "Mo-Su 05:00-22:00",
          "outdoor_seating": "yes",
          "payment:american_express": "yes",
          "payment:coins": "yes",
          "payment:diners_club": "yes",
          "payment:maestro": "yes",
          "payment:mastercard": "yes",
          "payment:notes": "yes",
          "payment:visa": "yes",
          "phone": "+58-212-3552923",
          "smoking": "no",
          "takeaway": "yes",
          "wheelchair": "yes"
        }
      }
    },
    {
      "type": "Feature",
      "geometry": {
        "type": "Point",
        "coordinates": [
          -67.025875,
          10.6114844
        ]
      },
      "properties": {
        "id": "node/3550700049",
        "osmType": "node",
        "osmId": 3550700049,
        "name": "Perla Marina",
        "category": "food",
        "kind": "amenity:restaurant",
        "source": "OpenStreetMap",
        "sourceUrl": "https://www.openstreetmap.org/node/3550700049",
        "tags": {
          "addr:city": "Catia La Mar",
          "addr:country": "VE",
          "addr:postcode": "1162",
          "addr:state": "VA",
          "addr:street": "Calle Real de Playa Verde",
          "addr:suburb": "Playa Verde",
          "amenity": "restaurant",
          "name": "Perla Marina"
        }
      }
    },
    {
      "type": "Feature",
      "geometry": {
        "type": "Point",
        "coordinates": [
          -67.0009482,
          10.597698
        ]
      },
      "properties": {
        "id": "node/7320655625",
        "osmType": "node",
        "osmId": 7320655625,
        "name": "Pizza Loka",
        "category": "food",
        "kind": "amenity:fast_food",
        "source": "OpenStreetMap",
        "sourceUrl": "https://www.openstreetmap.org/node/7320655625",
        "tags": {
          "addr:city": "Catia La Mar",
          "addr:housename": "Terminal Nacional del Aeropuerto de Maiquetía",
          "addr:postcode": "1162",
          "addr:street": "Vìa: Embarque y Desembarque del Terminal Nacional",
          "amenity": "fast_food",
          "cuisine": "pizza",
          "image": "https://lh5.googleusercontent.com/p/AF1QipNCm4-EXWwti0hVE3glIUCvtXebKRrUu7kR_XnD=w408-h544-k-no",
          "internet_access": "wlan",
          "internet_access:fee": "no",
          "name": "Pizza Loka",
          "opening_hours": "Mo-Su 05:30-21:00",
          "outdoor_seating": "yes",
          "payment:american_express": "yes",
          "payment:coins": "yes",
          "payment:diners_club": "yes",
          "payment:maestro": "yes",
          "payment:mastercard": "yes",
          "payment:notes": "yes",
          "payment:visa": "yes",
          "smoking": "no",
          "takeaway": "yes",
          "wheelchair": "yes"
        }
      }
    },
    {
      "type": "Feature",
      "geometry": {
        "type": "Point",
        "coordinates": [
          -67.0009495,
          10.5976255
        ]
      },
      "properties": {
        "id": "node/7320511271",
        "osmType": "node",
        "osmId": 7320511271,
        "name": "Pollo Sabroso",
        "category": "food",
        "kind": "amenity:fast_food",
        "source": "OpenStreetMap",
        "sourceUrl": "https://www.openstreetmap.org/node/7320511271",
        "tags": {
          "addr:city": "Catia La Mar",
          "addr:housename": "Terminal Nacional del Aeropuerto de Maiquetía",
          "addr:postcode": "1162",
          "addr:street": "Vìa: Embarque y Desembarque del Terminal Nacional",
          "amenity": "fast_food",
          "cuisine": "chicken",
          "image": "https://lh5.googleusercontent.com/p/AF1QipNCm4-EXWwti0hVE3glIUCvtXebKRrUu7kR_XnD=w408-h544-k-no",
          "internet_access": "wlan",
          "internet_access:fee": "no",
          "name": "Pollo Sabroso",
          "opening_hours": "Mo-Su 05:30-21:00",
          "outdoor_seating": "yes",
          "payment:american_express": "yes",
          "payment:coins": "yes",
          "payment:diners_club": "yes",
          "payment:maestro": "yes",
          "payment:mastercard": "yes",
          "payment:notes": "yes",
          "payment:visa": "yes",
          "smoking": "no",
          "takeaway": "yes",
          "wheelchair": "yes"
        }
      }
    },
    {
      "type": "Feature",
      "geometry": {
        "type": "Point",
        "coordinates": [
          -66.9994023,
          10.5979114
        ]
      },
      "properties": {
        "id": "node/7320655620",
        "osmType": "node",
        "osmId": 7320655620,
        "name": "Quilombo Express",
        "category": "food",
        "kind": "amenity:fast_food",
        "source": "OpenStreetMap",
        "sourceUrl": "https://www.openstreetmap.org/node/7320655620",
        "tags": {
          "addr:city": "Catia La Mar",
          "addr:housename": "Terminal Nacional del Aeropuerto de Maiquetía",
          "addr:postcode": "1162",
          "addr:street": "Vìa: Embarque y Desembarque del Terminal Nacional",
          "amenity": "fast_food",
          "cuisine": "bagel",
          "image": "https://lh5.googleusercontent.com/p/AF1QipMjPZ0qPOBSUr9b4IxFDe3h4O7vXDfAkvp2bQeY=w408-h244-k-no",
          "internet_access": "wlan",
          "internet_access:fee": "no",
          "name": "Quilombo Express",
          "opening_hours": "Mo-Su 08:00-20:00",
          "outdoor_seating": "yes",
          "payment:american_express": "yes",
          "payment:coins": "yes",
          "payment:diners_club": "yes",
          "payment:maestro": "yes",
          "payment:mastercard": "yes",
          "payment:notes": "yes",
          "payment:visa": "yes",
          "smoking": "no",
          "source": "albertoq2004@hotmail.com",
          "takeaway": "yes",
          "wheelchair": "yes"
        }
      }
    },
    {
      "type": "Feature",
      "geometry": {
        "type": "Point",
        "coordinates": [
          -67.028301,
          10.6095954
        ]
      },
      "properties": {
        "id": "node/2511985374",
        "osmType": "node",
        "osmId": 2511985374,
        "name": "Restaurant Catimar",
        "category": "food",
        "kind": "amenity:restaurant",
        "source": "OpenStreetMap",
        "sourceUrl": "https://www.openstreetmap.org/node/2511985374",
        "tags": {
          "addr:city": "Catia La Mar",
          "addr:country": "VE",
          "addr:postcode": "1162",
          "addr:state": "VA",
          "addr:street": "Avenida El Balneario",
          "addr:suburb": "Puerto Viejo",
          "amenity": "restaurant",
          "name": "Restaurant Catimar",
          "phone": "+58-424-8687645",
          "website": "https://caracas.travel/catialamar"
        }
      }
    },
    {
      "type": "Feature",
      "geometry": {
        "type": "Point",
        "coordinates": [
          -67.0282132,
          10.6032007
        ]
      },
      "properties": {
        "id": "node/3451271394",
        "osmType": "node",
        "osmId": 3451271394,
        "name": "Restaurant Chico Wing",
        "category": "food",
        "kind": "amenity:restaurant",
        "source": "OpenStreetMap",
        "sourceUrl": "https://www.openstreetmap.org/node/3451271394",
        "tags": {
          "addr:city": "Catia La Mar",
          "addr:street": "Avenida La Atlántida",
          "amenity": "restaurant",
          "cuisine": "chinese",
          "name": "Restaurant Chico Wing"
        }
      }
    },
    {
      "type": "Feature",
      "geometry": {
        "type": "Point",
        "coordinates": [
          -67.0301502,
          10.603831
        ]
      },
      "properties": {
        "id": "node/3141088226",
        "osmType": "node",
        "osmId": 3141088226,
        "name": "Restaurant Hai Huang",
        "category": "food",
        "kind": "amenity:restaurant",
        "source": "OpenStreetMap",
        "sourceUrl": "https://www.openstreetmap.org/node/3141088226",
        "tags": {
          "addr:city": "Catia La Mar",
          "addr:postcode": "1162",
          "addr:street": "Av. La Atlántida",
          "amenity": "restaurant",
          "cuisine": "chinese",
          "name": "Restaurant Hai Huang",
          "phone": "+58-212 3527626"
        }
      }
    },
    {
      "type": "Feature",
      "geometry": {
        "type": "Point",
        "coordinates": [
          -67.0288807,
          10.6035996
        ]
      },
      "properties": {
        "id": "node/3125308959",
        "osmType": "node",
        "osmId": 3125308959,
        "name": "Restaurant La Vela Dorada",
        "category": "food",
        "kind": "amenity:restaurant",
        "source": "OpenStreetMap",
        "sourceUrl": "https://www.openstreetmap.org/node/3125308959",
        "tags": {
          "addr:city": "Catia La Mar",
          "addr:postcode": "1162",
          "addr:street": "Calle 11",
          "amenity": "restaurant",
          "cuisine": "chinese",
          "name": "Restaurant La Vela Dorada"
        }
      }
    },
    {
      "type": "Feature",
      "geometry": {
        "type": "Point",
        "coordinates": [
          -67.0073022,
          10.6113732
        ]
      },
      "properties": {
        "id": "node/13974787883",
        "osmType": "node",
        "osmId": 13974787883,
        "name": "Restaurante El Pez Dorado",
        "category": "food",
        "kind": "amenity:restaurant",
        "source": "OpenStreetMap",
        "sourceUrl": "https://www.openstreetmap.org/node/13974787883",
        "tags": {
          "amenity": "restaurant",
          "name": "Restaurante El Pez Dorado"
        }
      }
    },
    {
      "type": "Feature",
      "geometry": {
        "type": "Point",
        "coordinates": [
          -67.0294698,
          10.6022657
        ]
      },
      "properties": {
        "id": "node/2486266970",
        "osmType": "node",
        "osmId": 2486266970,
        "name": "Restaurante La Fortaleza",
        "category": "food",
        "kind": "amenity:restaurant",
        "source": "OpenStreetMap",
        "sourceUrl": "https://www.openstreetmap.org/node/2486266970",
        "tags": {
          "addr:city": "Catia La Mar",
          "addr:postcode": "1162",
          "addr:street": "Av. El Ejercito",
          "amenity": "restaurant",
          "name": "Restaurante La Fortaleza"
        }
      }
    },
    {
      "type": "Feature",
      "geometry": {
        "type": "Point",
        "coordinates": [
          -67.0086788,
          10.5975371
        ]
      },
      "properties": {
        "id": "node/12104721850",
        "osmType": "node",
        "osmId": 12104721850,
        "name": "Retrogusto",
        "category": "food",
        "kind": "amenity:restaurant",
        "source": "OpenStreetMap",
        "sourceUrl": "https://www.openstreetmap.org/node/12104721850",
        "tags": {
          "amenity": "restaurant",
          "indoor_seating": "yes",
          "name": "Retrogusto",
          "outdoor_seating": "no",
          "payment:credit_cards": "yes",
          "payment:debit_cards": "yes"
        }
      }
    },
    {
      "type": "Feature",
      "geometry": {
        "type": "Point",
        "coordinates": [
          -66.9992742,
          10.59791
        ]
      },
      "properties": {
        "id": "node/7320511276",
        "osmType": "node",
        "osmId": 7320511276,
        "name": "Sabor Criollo",
        "category": "food",
        "kind": "amenity:fast_food",
        "source": "OpenStreetMap",
        "sourceUrl": "https://www.openstreetmap.org/node/7320511276",
        "tags": {
          "addr:city": "Catia La Mar",
          "addr:housename": "Terminal Nacional del Aeropuerto de Maiquetía",
          "addr:postcode": "1162",
          "addr:street": "Vìa: Embarque y Desembarque del Terminal Nacional",
          "amenity": "fast_food",
          "cuisine": "regional",
          "image": "https://lh5.googleusercontent.com/p/AF1QipMO7xXS8fsZu3IdvXluNAxakl87XXoxQ9-jfQbi=w424-h240-k-no",
          "internet_access": "wlan",
          "internet_access:fee": "no",
          "name": "Sabor Criollo",
          "opening_hours": "Mo-Sa 06:00-21:00; Su 04:30-21:00",
          "outdoor_seating": "yes",
          "payment:american_express": "yes",
          "payment:coins": "yes",
          "payment:diners_club": "yes",
          "payment:maestro": "yes",
          "payment:mastercard": "yes",
          "payment:notes": "yes",
          "payment:visa": "yes",
          "smoking": "no",
          "source": "albertoq2004@hotmail.com",
          "takeaway": "yes",
          "wheelchair": "yes"
        }
      }
    },
    {
      "type": "Feature",
      "geometry": {
        "type": "Point",
        "coordinates": [
          -67.0004386,
          10.5980684
        ]
      },
      "properties": {
        "id": "node/7320511273",
        "osmType": "node",
        "osmId": 7320511273,
        "name": "Sapore & Gusto, Restorante La Toscana",
        "category": "food",
        "kind": "amenity:fast_food",
        "source": "OpenStreetMap",
        "sourceUrl": "https://www.openstreetmap.org/node/7320511273",
        "tags": {
          "addr:city": "Catia La Mar",
          "addr:housename": "Terminal Nacional del Aeropuerto de Maiquetía",
          "addr:postcode": "1162",
          "addr:street": "Vìa: Embarque y Desembarque del Terminal Nacional",
          "amenity": "fast_food",
          "cuisine": "bagel",
          "image": "https://lh5.googleusercontent.com/p/AF1QipNmRLFgMHCoFIZDq3Q8JB9agq_TLwLtDW_VH82L=w408-h328-k-no",
          "internet_access": "wlan",
          "internet_access:fee": "no",
          "name": "Sapore & Gusto, Restorante La Toscana",
          "opening_hours": "Mo-Su 05:00-21:00",
          "outdoor_seating": "yes",
          "payment:american_express": "yes",
          "payment:coins": "yes",
          "payment:diners_club": "yes",
          "payment:maestro": "yes",
          "payment:mastercard": "yes",
          "payment:notes": "yes",
          "payment:visa": "yes",
          "phone": "+58-414-9250753",
          "smoking": "no",
          "source": "albertoq2004@hotmail.com",
          "takeaway": "yes",
          "wheelchair": "yes"
        }
      }
    },
    {
      "type": "Feature",
      "geometry": {
        "type": "Point",
        "coordinates": [
          -67.0050196,
          10.5975674
        ]
      },
      "properties": {
        "id": "node/7666905166",
        "osmType": "node",
        "osmId": 7666905166,
        "name": "Susys Cookies",
        "category": "food",
        "kind": "amenity:cafe",
        "source": "OpenStreetMap",
        "sourceUrl": "https://www.openstreetmap.org/node/7666905166",
        "tags": {
          "addr:city": "Catia La Mar",
          "addr:full": "Aeropuerto Internacional Simón Bolívar, Maiquetía",
          "addr:housename": "Terminal Internacional",
          "addr:postcode": "1162",
          "addr:street": "Vìa Terminal Internacional",
          "air_conditioning": "yes",
          "amenity": "cafe",
          "branch": "Aeropuerto, Terminal Internacional",
          "brand": "susyscookies",
          "contact:facebook": "https://es-la.facebook.com/SusysCookies/",
          "contact:instagram": "https://www.instagram.com/susyscookies/?hl=es-la",
          "contact:twitter": "https://twitter.com/susys_cookies?lang=es",
          "contact:youtube": "https://youtu.be/4CGdX8AD-Qc?list=PLOmdf5-UlwJJR7jK6tKQsUXDmxAPlQjoB",
          "cuisine": "cake",
          "currency:BsF": "yes",
          "currency:EUR": "yes",
          "currency:USD": "yes",
          "currency:others": "no",
          "date": "2017",
          "delivery": "yes",
          "drive_through": "no",
          "image": "https://bde04f90fcbcc7b99af9-a4cf3e88ec567f5b6c6819f1d482f77f.ssl.cf1.rackcdn.com/5_102098_r_0.jpg?v=427",
          "internet_access": "wlan",
          "internet_access:fee": "no",
          "name": "Susys Cookies",
          "opening_hours": "Mo-Su 10:00-16:00",
          "outdoor_seating": "yes",
          "payment:american_express": "yes",
          "payment:cash": "yes",
          "payment:diners_club": "yes",
          "payment:maestro": "yes",
          "payment:mastercard": "yes",
          "payment:visa": "yes",
          "phone": "+58-414-1991267",
          "smoking": "no",
          "source": "albertoq2004@hotmail.com",
          "takeaway": "yes",
          "website": "https://susyscookies.com/",
          "wheelchair": "yes"
        }
      }
    },
    {
      "type": "Feature",
      "geometry": {
        "type": "Point",
        "coordinates": [
          -67.0326718,
          10.607962
        ]
      },
      "properties": {
        "id": "node/3130900800",
        "osmType": "node",
        "osmId": 3130900800,
        "name": "Tavola Calda",
        "category": "food",
        "kind": "amenity:restaurant",
        "source": "OpenStreetMap",
        "sourceUrl": "https://www.openstreetmap.org/node/3130900800",
        "tags": {
          "addr:city": "La Atlántida",
          "addr:street": "Calle 3",
          "amenity": "restaurant",
          "cuisine": "italian",
          "delivery": "no",
          "name": "Tavola Calda",
          "phone": "+58-426 7177233",
          "phone:1": "+58 414-2176236",
          "smoking": "no",
          "takeaway": "yes"
        }
      }
    },
    {
      "type": "Feature",
      "geometry": {
        "type": "Point",
        "coordinates": [
          -67.0006679,
          10.5980684
        ]
      },
      "properties": {
        "id": "node/7320511274",
        "osmType": "node",
        "osmId": 7320511274,
        "name": "Tropi Burger & Chicken",
        "category": "food",
        "kind": "amenity:fast_food",
        "source": "OpenStreetMap",
        "sourceUrl": "https://www.openstreetmap.org/node/7320511274",
        "tags": {
          "addr:city": "Catia La Mar",
          "addr:housename": "Terminal Nacional del Aeropuerto de Maiquetía",
          "addr:postcode": "1162",
          "addr:street": "Vìa: Embarque y Desembarque del Terminal Nacional",
          "amenity": "fast_food",
          "cuisine": "burger",
          "image": "https://lh5.googleusercontent.com/p/AF1QipOpdgZ5nnI3v0KlWFEaZ2_sHRoZ6mzOgdRN-N-n=w408-h544-k-no",
          "internet_access": "wlan",
          "internet_access:fee": "no",
          "name": "Tropi Burger & Chicken",
          "opening_hours": "Mo-Sa 06:00-21:00; Su 04:30-21:00",
          "outdoor_seating": "yes",
          "payment:american_express": "yes",
          "payment:coins": "yes",
          "payment:diners_club": "yes",
          "payment:maestro": "yes",
          "payment:mastercard": "yes",
          "payment:notes": "yes",
          "payment:visa": "yes",
          "phone": "+58-212-3552808",
          "smoking": "no",
          "source": "albertoq2004@hotmail.com",
          "takeaway": "yes",
          "wheelchair": "yes"
        }
      }
    },
    {
      "type": "Feature",
      "geometry": {
        "type": "Point",
        "coordinates": [
          -67.0381774,
          10.6021417
        ]
      },
      "properties": {
        "id": "node/3164025679",
        "osmType": "node",
        "osmId": 3164025679,
        "name": "Bahía del Mar",
        "category": "lodging",
        "kind": "tourism:hotel",
        "source": "OpenStreetMap",
        "sourceUrl": "https://www.openstreetmap.org/node/3164025679",
        "tags": {
          "name": "Bahía del Mar",
          "smoking": "no",
          "tourism": "hotel"
        }
      }
    },
    {
      "type": "Feature",
      "geometry": {
        "type": "Point",
        "coordinates": [
          -67.0282258,
          10.6093204
        ]
      },
      "properties": {
        "id": "way/240942247",
        "osmType": "way",
        "osmId": 240942247,
        "name": "Catimar",
        "category": "lodging",
        "kind": "building:yes",
        "source": "OpenStreetMap",
        "sourceUrl": "https://www.openstreetmap.org/way/240942247",
        "tags": {
          "addr:city": "Catia La Mar",
          "addr:country": "VE",
          "addr:postcode": "1162",
          "addr:state": "VA",
          "addr:street": "Avenida El Balneario",
          "addr:suburb": "Puerto Viejo",
          "building": "yes",
          "name": "Catimar",
          "tourism": "hotel"
        }
      }
    },
    {
      "type": "Feature",
      "geometry": {
        "type": "Point",
        "coordinates": [
          -66.9807701,
          10.5968955
        ]
      },
      "properties": {
        "id": "way/104284899",
        "osmType": "way",
        "osmId": 104284899,
        "name": "Eurobuilding Express",
        "category": "lodging",
        "kind": "tourism:hotel",
        "source": "OpenStreetMap",
        "sourceUrl": "https://www.openstreetmap.org/way/104284899",
        "tags": {
          "addr:city": "Catia La Mar",
          "addr:postcode": "1162",
          "addr:street": "Av. La Armada",
          "email": "eurobuildingexpress@caracas.travel",
          "name": "Eurobuilding Express",
          "phone": "+58-212-7000700",
          "tourism": "hotel",
          "website": "https://www.hoteleuro.com/?"
        }
      }
    },
    {
      "type": "Feature",
      "geometry": {
        "type": "Point",
        "coordinates": [
          -67.0326532,
          10.608038
        ]
      },
      "properties": {
        "id": "node/13977586348",
        "osmType": "node",
        "osmId": 13977586348,
        "name": "Hotel Aeropuerto",
        "category": "lodging",
        "kind": "tourism:hotel",
        "source": "OpenStreetMap",
        "sourceUrl": "https://www.openstreetmap.org/node/13977586348",
        "tags": {
          "email": "aeropuertohotelsuites@hotmail.com",
          "name": "Hotel Aeropuerto",
          "phone": "+58 212-3523223",
          "tourism": "hotel"
        }
      }
    },
    {
      "type": "Feature",
      "geometry": {
        "type": "Point",
        "coordinates": [
          -67.0060181,
          10.6108266
        ]
      },
      "properties": {
        "id": "way/1533531235",
        "osmType": "way",
        "osmId": 1533531235,
        "name": "Hotel Brisas de Playa Verde",
        "category": "lodging",
        "kind": "building:yes",
        "source": "OpenStreetMap",
        "sourceUrl": "https://www.openstreetmap.org/way/1533531235",
        "tags": {
          "building": "yes",
          "name": "Hotel Brisas de Playa Verde",
          "tourism": "hotel"
        }
      }
    },
    {
      "type": "Feature",
      "geometry": {
        "type": "Point",
        "coordinates": [
          -67.0100846,
          10.6083684
        ]
      },
      "properties": {
        "id": "node/3124858176",
        "osmType": "node",
        "osmId": 3124858176,
        "name": "Hotel Chipi's Beachs",
        "category": "lodging",
        "kind": "tourism:hotel",
        "source": "OpenStreetMap",
        "sourceUrl": "https://www.openstreetmap.org/node/3124858176",
        "tags": {
          "addr:city": "Catia La Mar",
          "addr:country": "VE",
          "addr:postcode": "1262",
          "addr:state": "VA",
          "addr:street": "Avenida Central de Playa Grande",
          "name": "Hotel Chipi's Beachs",
          "phone": "+58 212-3526931",
          "tourism": "hotel"
        }
      }
    },
    {
      "type": "Feature",
      "geometry": {
        "type": "Point",
        "coordinates": [
          -67.0056977,
          10.5962105
        ]
      },
      "properties": {
        "id": "way/248524153",
        "osmType": "way",
        "osmId": 248524153,
        "name": "Hotel del Aeropuerto",
        "category": "lodging",
        "kind": "building:yes",
        "source": "OpenStreetMap",
        "sourceUrl": "https://www.openstreetmap.org/way/248524153",
        "tags": {
          "addr:city": "Catia La Mar",
          "addr:postcode": "1162",
          "addr:street": "Av. Principal del Aeropuerto",
          "building": "yes",
          "building:levels": "12",
          "image": "https://photos.app.goo.gl/faWc5wbwTLefSrZF6",
          "name": "Hotel del Aeropuerto",
          "smoking": "no",
          "stars": "4",
          "tourism": "hotel"
        }
      }
    },
    {
      "type": "Feature",
      "geometry": {
        "type": "Point",
        "coordinates": [
          -67.0288818,
          10.6091352
        ]
      },
      "properties": {
        "id": "way/1533554514",
        "osmType": "way",
        "osmId": 1533554514,
        "name": "Hotel La Guaira",
        "category": "lodging",
        "kind": "building:yes",
        "source": "OpenStreetMap",
        "sourceUrl": "https://www.openstreetmap.org/way/1533554514",
        "tags": {
          "building": "yes",
          "name": "Hotel La Guaira",
          "tourism": "hotel"
        }
      }
    },
    {
      "type": "Feature",
      "geometry": {
        "type": "Point",
        "coordinates": [
          -67.0287583,
          10.609136
        ]
      },
      "properties": {
        "id": "way/1533554515",
        "osmType": "way",
        "osmId": 1533554515,
        "name": "Hotel La Guaira",
        "category": "lodging",
        "kind": "building:yes",
        "source": "OpenStreetMap",
        "sourceUrl": "https://www.openstreetmap.org/way/1533554515",
        "tags": {
          "building": "yes",
          "name": "Hotel La Guaira",
          "tourism": "hotel"
        }
      }
    },
    {
      "type": "Feature",
      "geometry": {
        "type": "Point",
        "coordinates": [
          -67.033933,
          10.6078839
        ]
      },
      "properties": {
        "id": "node/4252886825",
        "osmType": "node",
        "osmId": 4252886825,
        "name": "Hotel Lunamar",
        "category": "lodging",
        "kind": "tourism:hotel",
        "source": "OpenStreetMap",
        "sourceUrl": "https://www.openstreetmap.org/node/4252886825",
        "tags": {
          "addr:street": "Av. Club Náutico",
          "name": "Hotel Lunamar",
          "tourism": "hotel"
        }
      }
    },
    {
      "type": "Feature",
      "geometry": {
        "type": "Point",
        "coordinates": [
          -67.020143,
          10.6111681
        ]
      },
      "properties": {
        "id": "way/291269105",
        "osmType": "way",
        "osmId": 291269105,
        "name": "Hotel Naval",
        "category": "lodging",
        "kind": "tourism:hotel",
        "source": "OpenStreetMap",
        "sourceUrl": "https://www.openstreetmap.org/way/291269105",
        "tags": {
          "name": "Hotel Naval",
          "tourism": "hotel"
        }
      }
    },
    {
      "type": "Feature",
      "geometry": {
        "type": "Point",
        "coordinates": [
          -67.0175373,
          10.6087078
        ]
      },
      "properties": {
        "id": "way/291269109",
        "osmType": "way",
        "osmId": 291269109,
        "name": "Il Prezzano",
        "category": "lodging",
        "kind": "building:hotel",
        "source": "OpenStreetMap",
        "sourceUrl": "https://www.openstreetmap.org/way/291269109",
        "tags": {
          "addr:city": "Catia La Mar",
          "addr:country": "VE",
          "addr:state": "VA",
          "addr:street": "Av. Central de Playa Grande",
          "building": "hotel",
          "building:levels": "4",
          "email": "reserva@ilprezzano.com.ve",
          "height": "12",
          "min_height": "0",
          "name": "Il Prezzano",
          "phone": "+58-212 3512626;+58-212 3515306;+58-212 3526824",
          "tourism": "guest_house"
        }
      }
    },
    {
      "type": "Feature",
      "geometry": {
        "type": "Point",
        "coordinates": [
          -67.0141169,
          10.6102515
        ]
      },
      "properties": {
        "id": "node/13979601082",
        "osmType": "node",
        "osmId": 13979601082,
        "name": "Marriot Playa Grande",
        "category": "lodging",
        "kind": "tourism:hotel",
        "source": "OpenStreetMap",
        "sourceUrl": "https://www.openstreetmap.org/node/13979601082",
        "tags": {
          "addr:city": "Catia La Mar",
          "addr:country": "VE",
          "addr:state": "VA",
          "addr:street": "Calle 3",
          "damage:date": "2026-06-24",
          "damage:event": "2026 Venezuelan earthquake",
          "damage:event:wikidata": "Q140352499",
          "damage:type": "earthquake",
          "min_height": "0",
          "name": "Marriot Playa Grande",
          "ruins:building": "yes",
          "smoking": "no",
          "tourism": "hotel"
        }
      }
    },
    {
      "type": "Feature",
      "geometry": {
        "type": "Point",
        "coordinates": [
          -67.0321202,
          10.602333
        ]
      },
      "properties": {
        "id": "node/4491554165",
        "osmType": "node",
        "osmId": 4491554165,
        "name": "Muévete por Vargas",
        "category": "lodging",
        "kind": "tourism:hotel",
        "source": "OpenStreetMap",
        "sourceUrl": "https://www.openstreetmap.org/node/4491554165",
        "tags": {
          "name": "Muévete por Vargas",
          "tourism": "hotel",
          "wikidata": "Q111885199"
        }
      }
    },
    {
      "type": "Feature",
      "geometry": {
        "type": "Point",
        "coordinates": [
          -67.0300178,
          10.6096902
        ]
      },
      "properties": {
        "id": "node/4252885728",
        "osmType": "node",
        "osmId": 4252885728,
        "name": "Playa Grande Caribe Hotel",
        "category": "lodging",
        "kind": "tourism:hotel",
        "source": "OpenStreetMap",
        "sourceUrl": "https://www.openstreetmap.org/node/4252885728",
        "tags": {
          "addr:city": "Catia La Mar",
          "addr:country": "VE",
          "addr:postcode": "1162",
          "addr:state": "VA",
          "addr:street": "Avenida El Balneario",
          "addr:suburb": "Puerto Viejo",
          "email": "playagrande@caracas.travel",
          "internet_access": "wlan",
          "internet_access:fee": "customers",
          "name": "Playa Grande Caribe Hotel",
          "phone": "+58 424-8687645",
          "tourism": "hotel",
          "website": "https://caracas.travel/playagrande"
        }
      }
    },
    {
      "type": "Feature",
      "geometry": {
        "type": "Point",
        "coordinates": [
          -67.0313428,
          10.6047929
        ]
      },
      "properties": {
        "id": "node/2846367267",
        "osmType": "node",
        "osmId": 2846367267,
        "name": "Posada Doña Alcinda",
        "category": "lodging",
        "kind": "tourism:guest_house",
        "source": "OpenStreetMap",
        "sourceUrl": "https://www.openstreetmap.org/node/2846367267",
        "tags": {
          "addr:city": "Catia La Mar",
          "addr:postcode": "1162",
          "addr:street": "Calle 7",
          "name": "Posada Doña Alcinda",
          "phone": "+58 212 6191605",
          "smoking": "no",
          "tourism": "guest_house",
          "website": "https://posadaalcinda.com/"
        }
      }
    },
    {
      "type": "Feature",
      "geometry": {
        "type": "Point",
        "coordinates": [
          -67.0302077,
          10.6029765
        ]
      },
      "properties": {
        "id": "node/2940892675",
        "osmType": "node",
        "osmId": 2940892675,
        "name": "Posada La Parada",
        "category": "lodging",
        "kind": "tourism:guest_house",
        "source": "OpenStreetMap",
        "sourceUrl": "https://www.openstreetmap.org/node/2940892675",
        "tags": {
          "name": "Posada La Parada",
          "phone": "+58-212-3523884",
          "smoking": "no",
          "tourism": "guest_house",
          "website": "http://www.hotelturisticolaparada.amawebs.com/",
          "wikidata": "Q112021098"
        }
      }
    },
    {
      "type": "Feature",
      "geometry": {
        "type": "Point",
        "coordinates": [
          -67.0286819,
          10.6092452
        ]
      },
      "properties": {
        "id": "way/1533554516",
        "osmType": "way",
        "osmId": 1533554516,
        "name": "Silvepe",
        "category": "lodging",
        "kind": "building:yes",
        "source": "OpenStreetMap",
        "sourceUrl": "https://www.openstreetmap.org/way/1533554516",
        "tags": {
          "building": "yes",
          "name": "Silvepe",
          "tourism": "hotel"
        }
      }
    },
    {
      "type": "Feature",
      "geometry": {
        "type": "Point",
        "coordinates": [
          -67.0284938,
          10.6092216
        ]
      },
      "properties": {
        "id": "way/1533554517",
        "osmType": "way",
        "osmId": 1533554517,
        "name": "Silvepe",
        "category": "lodging",
        "kind": "building:yes",
        "source": "OpenStreetMap",
        "sourceUrl": "https://www.openstreetmap.org/way/1533554517",
        "tags": {
          "building": "yes",
          "name": "Silvepe",
          "tourism": "hotel"
        }
      }
    },
    {
      "type": "Feature",
      "geometry": {
        "type": "Point",
        "coordinates": [
          -67.0344133,
          10.6078401
        ]
      },
      "properties": {
        "id": "node/10958011288",
        "osmType": "node",
        "osmId": 10958011288,
        "name": "Tanausu",
        "category": "lodging",
        "kind": "tourism:hotel",
        "source": "OpenStreetMap",
        "sourceUrl": "https://www.openstreetmap.org/node/10958011288",
        "tags": {
          "name": "Tanausu",
          "tourism": "hotel"
        }
      }
    },
    {
      "type": "Feature",
      "geometry": {
        "type": "Point",
        "coordinates": [
          -67.0154373,
          10.6073743
        ]
      },
      "properties": {
        "id": "way/551088671",
        "osmType": "way",
        "osmId": 551088671,
        "name": "Villa Playa Grande",
        "category": "lodging",
        "kind": "building:yes",
        "source": "OpenStreetMap",
        "sourceUrl": "https://www.openstreetmap.org/way/551088671",
        "tags": {
          "addr:city": "Catia La Mar",
          "addr:country": "VE",
          "addr:state": "VA",
          "building": "yes",
          "name": "Villa Playa Grande",
          "phone": "+58 212-3520881",
          "rooms": "27",
          "tourism": "hotel",
          "website": "www.hotelvillaplayagrande.com/",
          "wikidata": "Q112021095"
        }
      }
    },
    {
      "type": "Feature",
      "geometry": {
        "type": "Point",
        "coordinates": [
          -66.972454,
          10.59946
        ]
      },
      "properties": {
        "id": "way/248452710",
        "osmType": "way",
        "osmId": 248452710,
        "name": "Almacenadora Andrómeda C.A",
        "category": "office",
        "kind": "building:industrial",
        "source": "OpenStreetMap",
        "sourceUrl": "https://www.openstreetmap.org/way/248452710",
        "tags": {
          "addr:city": "Catia La Mar",
          "addr:postcode": "1162",
          "addr:street": "Av. Soublette",
          "building": "industrial",
          "name": "Almacenadora Andrómeda C.A",
          "office": "company"
        }
      }
    },
    {
      "type": "Feature",
      "geometry": {
        "type": "Point",
        "coordinates": [
          -66.9943168,
          10.5968599
        ]
      },
      "properties": {
        "id": "node/11072373428",
        "osmType": "node",
        "osmId": 11072373428,
        "name": "Aviacion General",
        "category": "office",
        "kind": "office:yes",
        "source": "OpenStreetMap",
        "sourceUrl": "https://www.openstreetmap.org/node/11072373428",
        "tags": {
          "name": "Aviacion General",
          "office": "yes"
        }
      }
    },
    {
      "type": "Feature",
      "geometry": {
        "type": "Point",
        "coordinates": [
          -66.9928985,
          10.5965308
        ]
      },
      "properties": {
        "id": "node/11072373430",
        "osmType": "node",
        "osmId": 11072373430,
        "name": "Centro de Formación de Seguridad Aeroportuaria IAIM",
        "category": "office",
        "kind": "office:yes",
        "source": "OpenStreetMap",
        "sourceUrl": "https://www.openstreetmap.org/node/11072373430",
        "tags": {
          "name": "Centro de Formación de Seguridad Aeroportuaria IAIM",
          "office": "yes"
        }
      }
    },
    {
      "type": "Feature",
      "geometry": {
        "type": "Point",
        "coordinates": [
          -66.974168,
          10.5989546
        ]
      },
      "properties": {
        "id": "way/248452703",
        "osmType": "way",
        "osmId": 248452703,
        "name": "Clover de Venezuela C.A",
        "category": "office",
        "kind": "building:yes",
        "source": "OpenStreetMap",
        "sourceUrl": "https://www.openstreetmap.org/way/248452703",
        "tags": {
          "addr:city": "Catia La Mar",
          "addr:postcode": "1162",
          "addr:street": "Av. Soublette",
          "building": "yes",
          "name": "Clover de Venezuela C.A",
          "office": "company"
        }
      }
    },
    {
      "type": "Feature",
      "geometry": {
        "type": "Point",
        "coordinates": [
          -66.9928186,
          10.5959978
        ]
      },
      "properties": {
        "id": "way/248524161",
        "osmType": "way",
        "osmId": 248524161,
        "name": "Corpovargas",
        "category": "office",
        "kind": "building:public",
        "source": "OpenStreetMap",
        "sourceUrl": "https://www.openstreetmap.org/way/248524161",
        "tags": {
          "addr:city": "Catia La Mar",
          "addr:housename": "Rampa de Carga y Hangares del Aeropuerto de Maiquetía",
          "addr:postcode": "1162",
          "building": "public",
          "name": "Corpovargas",
          "office": "government"
        }
      }
    },
    {
      "type": "Feature",
      "geometry": {
        "type": "Point",
        "coordinates": [
          -67.0056246,
          10.5971114
        ]
      },
      "properties": {
        "id": "node/3808249139",
        "osmType": "node",
        "osmId": 3808249139,
        "name": "Digitel",
        "category": "office",
        "kind": "office:telecommunication",
        "source": "OpenStreetMap",
        "sourceUrl": "https://www.openstreetmap.org/node/3808249139",
        "tags": {
          "addr:city": "Catia La Mar",
          "addr:full": "Terminal Internacional nivel 3",
          "addr:housename": "Terminal Internacional",
          "addr:postcode": "1162",
          "addr:street": "Vìa Terminal Internacional",
          "name": "Digitel",
          "office": "telecommunication",
          "opening_hours": "Mo-Fr 08:00-21:00",
          "payment:cash": "yes",
          "payment:maestro": "yes",
          "payment:mastercard": "yes",
          "payment:visa": "yes",
          "smoking": "no",
          "source": "albertoq2004@hotmail.com",
          "wheelchair": "yes"
        }
      }
    },
    {
      "type": "Feature",
      "geometry": {
        "type": "Point",
        "coordinates": [
          -66.9711433,
          10.6025364
        ]
      },
      "properties": {
        "id": "way/248448811",
        "osmType": "way",
        "osmId": 248448811,
        "name": "Edificio Los Comicionistas",
        "category": "office",
        "kind": "building:office",
        "source": "OpenStreetMap",
        "sourceUrl": "https://www.openstreetmap.org/way/248448811",
        "tags": {
          "addr:city": "Catia La Mar",
          "addr:postcode": "1162",
          "building": "office",
          "building:levels": "1",
          "name": "Edificio Los Comicionistas",
          "office": "tax_advisor",
          "wheelchair": "yes"
        }
      }
    },
    {
      "type": "Feature",
      "geometry": {
        "type": "Point",
        "coordinates": [
          -66.9725816,
          10.6012048
        ]
      },
      "properties": {
        "id": "way/248448813",
        "osmType": "way",
        "osmId": 248448813,
        "name": "Empresa Logicasa",
        "category": "office",
        "kind": "building:industrial",
        "source": "OpenStreetMap",
        "sourceUrl": "https://www.openstreetmap.org/way/248448813",
        "tags": {
          "addr:city": "Catia La Mar",
          "addr:postcode": "1162",
          "addr:street": "Av. Soublette",
          "building": "industrial",
          "building:levels": "1",
          "name": "Empresa Logicasa",
          "office": "company"
        }
      }
    },
    {
      "type": "Feature",
      "geometry": {
        "type": "Point",
        "coordinates": [
          -66.9746916,
          10.5987935
        ]
      },
      "properties": {
        "id": "way/248452700",
        "osmType": "way",
        "osmId": 248452700,
        "name": "Grupo Senaduana C.A",
        "category": "office",
        "kind": "building:industrial",
        "source": "OpenStreetMap",
        "sourceUrl": "https://www.openstreetmap.org/way/248452700",
        "tags": {
          "addr:city": "Catia La Mar",
          "addr:postcode": "1162",
          "addr:street": "Av. Soublette",
          "building": "industrial",
          "name": "Grupo Senaduana C.A",
          "office": "company"
        }
      }
    },
    {
      "type": "Feature",
      "geometry": {
        "type": "Point",
        "coordinates": [
          -66.9713963,
          10.5997445
        ]
      },
      "properties": {
        "id": "way/248452704",
        "osmType": "way",
        "osmId": 248452704,
        "name": "Hector Hoffmann C.A",
        "category": "office",
        "kind": "building:industrial",
        "source": "OpenStreetMap",
        "sourceUrl": "https://www.openstreetmap.org/way/248452704",
        "tags": {
          "addr:city": "Catia La Mar",
          "addr:postcode": "1162",
          "addr:street": "Av. Soublette",
          "building": "industrial",
          "name": "Hector Hoffmann C.A",
          "office": "company"
        }
      }
    },
    {
      "type": "Feature",
      "geometry": {
        "type": "Point",
        "coordinates": [
          -66.9768635,
          10.5936237
        ]
      },
      "properties": {
        "id": "way/401892527",
        "osmType": "way",
        "osmId": 401892527,
        "name": "IMVITRACV",
        "category": "office",
        "kind": "building:yes",
        "source": "OpenStreetMap",
        "sourceUrl": "https://www.openstreetmap.org/way/401892527",
        "tags": {
          "building": "yes",
          "name": "IMVITRACV",
          "office": "government",
          "operator": "Alcaldía del Municipio Vargas"
        }
      }
    },
    {
      "type": "Feature",
      "geometry": {
        "type": "Point",
        "coordinates": [
          -67.0025262,
          10.597742
        ]
      },
      "properties": {
        "id": "node/7306412715",
        "osmType": "node",
        "osmId": 7306412715,
        "name": "Instituto Aeropuerto Internacional de Maiquetía",
        "category": "office",
        "kind": "office:government",
        "source": "OpenStreetMap",
        "sourceUrl": "https://www.openstreetmap.org/node/7306412715",
        "tags": {
          "addr:city": "Catia La Mar",
          "addr:housename": "Edificio Sede IAIM",
          "addr:postcode": "1162",
          "addr:street": "Vía: Terminal Nacional",
          "alt_name": "IAIM",
          "government": "public_service",
          "name": "Instituto Aeropuerto Internacional de Maiquetía",
          "office": "government",
          "opening_hours": "Mo-Fr 08:00-16:00",
          "operator": "Ministerio de Transporte Acuático y Aéreo",
          "phone": "+58-212-3551331",
          "ref:vatin": "VEG200042362",
          "smoking": "no",
          "website": "www.aeropuerto-maiquetia.com.ve",
          "wheelchair": "yes"
        }
      }
    },
    {
      "type": "Feature",
      "geometry": {
        "type": "Point",
        "coordinates": [
          -67.0054142,
          10.5972923
        ]
      },
      "properties": {
        "id": "node/8409656306",
        "osmType": "node",
        "osmId": 8409656306,
        "name": "Instituto Nacional de Salud Agrícola Integral (INSAI)",
        "category": "office",
        "kind": "office:government",
        "source": "OpenStreetMap",
        "sourceUrl": "https://www.openstreetmap.org/node/8409656306",
        "tags": {
          "addr:city": "Caracas",
          "addr:full": "Terminal Internacional, Nivel 2, área Pública, al lado de la Oficina de Salud Humana.",
          "addr:postcode": "1162",
          "addr:street": "Avenida Principal del Aeropuerto",
          "email": "insaivargas@hotmail.com",
          "government": "administrative",
          "name": "Instituto Nacional de Salud Agrícola Integral (INSAI)",
          "office": "government",
          "opening_hours": "24/7",
          "phone": "+58-212-35518.80",
          "smoking": "no",
          "source": "albertoq2004@hotmail.com",
          "website": "https://www.insai.gob.ve/",
          "wheelchair": "yes"
        }
      }
    },
    {
      "type": "Feature",
      "geometry": {
        "type": "Point",
        "coordinates": [
          -66.9926999,
          10.5958543
        ]
      },
      "properties": {
        "id": "node/10951514463",
        "osmType": "node",
        "osmId": 10951514463,
        "name": "INSUVARGAS",
        "category": "office",
        "kind": "office:government",
        "source": "OpenStreetMap",
        "sourceUrl": "https://www.openstreetmap.org/node/10951514463",
        "tags": {
          "name": "INSUVARGAS",
          "office": "government"
        }
      }
    },
    {
      "type": "Feature",
      "geometry": {
        "type": "Point",
        "coordinates": [
          -66.9718401,
          10.6011941
        ]
      },
      "properties": {
        "id": "node/10951503476",
        "osmType": "node",
        "osmId": 10951503476,
        "name": "Logicasa C.A.",
        "category": "office",
        "kind": "office:government",
        "source": "OpenStreetMap",
        "sourceUrl": "https://www.openstreetmap.org/node/10951503476",
        "tags": {
          "government": "yes",
          "name": "Logicasa C.A.",
          "office": "government",
          "website": "http://www.logicasa.gob.ve/"
        }
      }
    },
    {
      "type": "Feature",
      "geometry": {
        "type": "Point",
        "coordinates": [
          -67.0131554,
          10.5939882
        ]
      },
      "properties": {
        "id": "node/4356729496",
        "osmType": "node",
        "osmId": 4356729496,
        "name": "Ministerio de la Mujer",
        "category": "office",
        "kind": "office:government",
        "source": "OpenStreetMap",
        "sourceUrl": "https://www.openstreetmap.org/node/4356729496",
        "tags": {
          "name": "Ministerio de la Mujer",
          "office": "government"
        }
      }
    },
    {
      "type": "Feature",
      "geometry": {
        "type": "Point",
        "coordinates": [
          -67.0317271,
          10.6053643
        ]
      },
      "properties": {
        "id": "node/2746175458",
        "osmType": "node",
        "osmId": 2746175458,
        "name": "Ministerio Público",
        "category": "office",
        "kind": "office:government",
        "source": "OpenStreetMap",
        "sourceUrl": "https://www.openstreetmap.org/node/2746175458",
        "tags": {
          "addr:city": "Catia La Mar",
          "addr:postcode": "1162",
          "addr:street": "Av. La Atlántida",
          "government": "ministry",
          "name": "Ministerio Público",
          "office": "government"
        }
      }
    },
    {
      "type": "Feature",
      "geometry": {
        "type": "Point",
        "coordinates": [
          -67.0322303,
          10.601666
        ]
      },
      "properties": {
        "id": "node/3773415359",
        "osmType": "node",
        "osmId": 3773415359,
        "name": "Notaría Pública Tercera del Estado Vargas",
        "category": "office",
        "kind": "office:government",
        "source": "OpenStreetMap",
        "sourceUrl": "https://www.openstreetmap.org/node/3773415359",
        "tags": {
          "addr:city": "Catia La Mar",
          "addr:full": "Edif. Santa María, Piso 1, Av. El Ejército, • Catia La Mar",
          "addr:postcode": "1162",
          "addr:street": "Av. El Ejercito",
          "email": "directorgeneral@saren.gob.ve",
          "government": "register_office",
          "name": "Notaría Pública Tercera del Estado Vargas",
          "office": "government",
          "opening_hours": "Mo-Fr 08:00-16:00; Jan 1,Apr 19,May 1,Jun 24,Jul 5,Jul 24,Oct 12,Dec 24,Dec 25,Dec 31 off",
          "operator": "SAREN, Ministerio de Interior y Justicia",
          "operator:short": "SAREN",
          "operator:wikidata": "Q6126010",
          "phone": "+58 212 3522484",
          "ref": "03",
          "smoking": "no",
          "source": "albertoq2004@hotmail.com",
          "website": "https://www.saren.gob.ve/",
          "wheelchair": "limited"
        }
      }
    },
    {
      "type": "Feature",
      "geometry": {
        "type": "Point",
        "coordinates": [
          -67.0308328,
          10.6043768
        ]
      },
      "properties": {
        "id": "node/3219493485",
        "osmType": "node",
        "osmId": 3219493485,
        "name": "Nuevo Mundo",
        "category": "office",
        "kind": "office:insurance",
        "source": "OpenStreetMap",
        "sourceUrl": "https://www.openstreetmap.org/node/3219493485",
        "tags": {
          "addr:city": "Catia La Mar",
          "addr:postcode": "1162",
          "addr:street": "Av. La Atlántida",
          "name": "Nuevo Mundo",
          "office": "insurance"
        }
      }
    },
    {
      "type": "Feature",
      "geometry": {
        "type": "Point",
        "coordinates": [
          -66.989721,
          10.5968515
        ]
      },
      "properties": {
        "id": "way/248412744",
        "osmType": "way",
        "osmId": 248412744,
        "name": "Oficina Administrativa de Conviasa Cargo",
        "category": "office",
        "kind": "building:yes",
        "source": "OpenStreetMap",
        "sourceUrl": "https://www.openstreetmap.org/way/248412744",
        "tags": {
          "addr:city": "Catia La Mar",
          "addr:postcode": "1162",
          "building": "yes",
          "name": "Oficina Administrativa de Conviasa Cargo",
          "office": "yes"
        }
      }
    },
    {
      "type": "Feature",
      "geometry": {
        "type": "Point",
        "coordinates": [
          -66.990188,
          10.5967454
        ]
      },
      "properties": {
        "id": "way/248412750",
        "osmType": "way",
        "osmId": 248412750,
        "name": "Oficina Administrativa de Conviasa Cargo",
        "category": "office",
        "kind": "building:yes",
        "source": "OpenStreetMap",
        "sourceUrl": "https://www.openstreetmap.org/way/248412750",
        "tags": {
          "addr:city": "Catia La Mar",
          "addr:postcode": "1162",
          "building": "yes",
          "name": "Oficina Administrativa de Conviasa Cargo",
          "office": "yes"
        }
      }
    },
    {
      "type": "Feature",
      "geometry": {
        "type": "Point",
        "coordinates": [
          -66.9899391,
          10.5967993
        ]
      },
      "properties": {
        "id": "way/248412752",
        "osmType": "way",
        "osmId": 248412752,
        "name": "Oficina Administrativa de Conviasa Cargo",
        "category": "office",
        "kind": "building:yes",
        "source": "OpenStreetMap",
        "sourceUrl": "https://www.openstreetmap.org/way/248412752",
        "tags": {
          "addr:city": "Catia La Mar",
          "addr:postcode": "1162",
          "building": "yes",
          "name": "Oficina Administrativa de Conviasa Cargo",
          "office": "yes"
        }
      }
    },
    {
      "type": "Feature",
      "geometry": {
        "type": "Point",
        "coordinates": [
          -67.0273069,
          10.6032328
        ]
      },
      "properties": {
        "id": "node/3733063094",
        "osmType": "node",
        "osmId": 3733063094,
        "name": "Oficina Comercial Corpoelec, Catia La Mar",
        "category": "office",
        "kind": "office:company",
        "source": "OpenStreetMap",
        "sourceUrl": "https://www.openstreetmap.org/node/3733063094",
        "tags": {
          "addr:city": "Catia La Mar",
          "addr:full": "Calle 13 entre Avenida Tacagua y Avenida Atlántida, Edif. C.A. La Electricidad de Caracas",
          "addr:postcode": "1162",
          "addr:street": "Calle 13",
          "name": "Oficina Comercial Corpoelec, Catia La Mar",
          "office": "company",
          "opening_hours": "Mo-Fr 07:45-15:30; Jan 1,Apr 19,May 1,Jun 24,Jul 5,Jul 24,Oct 12,Dec 24,Dec 25,Dec 31 off",
          "operator": "Corpoelec",
          "payment:cash": "yes",
          "payment:cheque": "yes",
          "phone": "0500-5020000",
          "smoking": "no",
          "source": "albertoq2004@hotmail.com",
          "surveillance": "indoor",
          "website": "https://corpoelec.gob.ve/",
          "wheelchair": "yes",
          "wikipedia:es": "Corporación Eléctrica Nacional"
        }
      }
    },
    {
      "type": "Feature",
      "geometry": {
        "type": "Point",
        "coordinates": [
          -67.0336067,
          10.6079499
        ]
      },
      "properties": {
        "id": "node/8365865517",
        "osmType": "node",
        "osmId": 8365865517,
        "name": "Pandock Catia La Mar",
        "category": "office",
        "kind": "office:company",
        "source": "OpenStreetMap",
        "sourceUrl": "https://www.openstreetmap.org/node/8365865517",
        "tags": {
          "addr:postcode": "1162",
          "addr:street": "Avenida Club Náutico",
          "name": "Pandock Catia La Mar",
          "office": "company",
          "opening_hours": "Mo-Fr 08:30-16:00"
        }
      }
    },
    {
      "type": "Feature",
      "geometry": {
        "type": "Point",
        "coordinates": [
          -66.9769705,
          10.5936652
        ]
      },
      "properties": {
        "id": "node/4043021773",
        "osmType": "node",
        "osmId": 4043021773,
        "name": "Proveeduría de Transporte",
        "category": "office",
        "kind": "office:government",
        "source": "OpenStreetMap",
        "sourceUrl": "https://www.openstreetmap.org/node/4043021773",
        "tags": {
          "name": "Proveeduría de Transporte",
          "office": "government",
          "operator": "Alcaldia del Municipio Vargas"
        }
      }
    },
    {
      "type": "Feature",
      "geometry": {
        "type": "Point",
        "coordinates": [
          -67.0242707,
          10.6035716
        ]
      },
      "properties": {
        "id": "node/3789156337",
        "osmType": "node",
        "osmId": 3789156337,
        "name": "Registro Civil de Catia La Mar",
        "category": "office",
        "kind": "building:public",
        "source": "OpenStreetMap",
        "sourceUrl": "https://www.openstreetmap.org/node/3789156337",
        "tags": {
          "addr:city": "Catia La Mar",
          "addr:country": "VE",
          "addr:place": "Atlántida",
          "addr:postcode": "1162",
          "addr:state": "VA",
          "addr:street": "Las Angustias",
          "building": "public",
          "government": "election_commission",
          "name": "Registro Civil de Catia La Mar",
          "office": "government",
          "opening_hours": "Mo-Fr 08:30-16:00; Jan 1,Apr 19,May 1,Jun 24,Jul 5,Jul 24,Oct 12,Dec 24,Dec 25,Dec 31 off",
          "operator": "Consejo Nacional Electoral",
          "operator:short": "CNE",
          "operator:wikidata": "Q2890246",
          "smoking": "no",
          "website": "http://www.cne.gob.ve/registrocivil",
          "wheelchair": "yes"
        }
      }
    },
    {
      "type": "Feature",
      "geometry": {
        "type": "Point",
        "coordinates": [
          -67.0137399,
          10.596274
        ]
      },
      "properties": {
        "id": "node/3789102663",
        "osmType": "node",
        "osmId": 3789102663,
        "name": "Registro Civil de Urimare",
        "category": "office",
        "kind": "building:public",
        "source": "OpenStreetMap",
        "sourceUrl": "https://www.openstreetmap.org/node/3789102663",
        "tags": {
          "addr:city": "Catia La Mar",
          "addr:country": "VE",
          "addr:place": "Week End",
          "addr:postcode": "1020",
          "addr:state": "VA",
          "addr:street": "Av Principal De Week End",
          "building": "public",
          "building:levels": "1",
          "government": "election_commission",
          "name": "Registro Civil de Urimare",
          "office": "government",
          "opening_hours": "Mo-Fr 08:30-16:00; Jan 1,Apr 19,May 1,Jun 24,Jul 5,Jul 24,Oct 12,Dec 24,Dec 25,Dec 31 off",
          "operator": "Consejo Nacional Electoral",
          "operator:short": "CNE",
          "operator:wikidata": "Q2890246",
          "smoking": "no",
          "website": "http://www.cne.gob.ve/registrocivil",
          "wheelchair": "yes"
        }
      }
    },
    {
      "type": "Feature",
      "geometry": {
        "type": "Point",
        "coordinates": [
          -67.030663,
          10.6047955
        ]
      },
      "properties": {
        "id": "node/3773319034",
        "osmType": "node",
        "osmId": 3773319034,
        "name": "Registro Mercantil del Estado Vargas",
        "category": "office",
        "kind": "office:government",
        "source": "OpenStreetMap",
        "sourceUrl": "https://www.openstreetmap.org/node/3773319034",
        "tags": {
          "addr:city": "Catia La Mar",
          "addr:full": "Av. Principal De La Atlántida, Quinta Mary, Piso 1, Urbanización Catia La Mar",
          "addr:postcode": "1162",
          "addr:street": "Av. La Atlántida",
          "email": "directorgeneral@saren.gob.ve",
          "government": "register_office",
          "name": "Registro Mercantil del Estado Vargas",
          "office": "government",
          "opening_hours": "Mo-Fr 08:00-16:00; Jan 1,Apr 19,May 1,Jun 24,Jul 5,Jul 24,Oct 12,Dec 24,Dec 25,Dec 31 off",
          "operator": "SAREN, Ministerio de Interior y Justicia",
          "operator:short": "SAREN",
          "operator:wikidata": "Q6126010",
          "phone": "+58-212-3511074",
          "ref": "01",
          "smoking": "no",
          "source": "albertoq2004@hotmail.com",
          "website": "https://www.saren.gob.ve/",
          "wheelchair": "yes"
        }
      }
    },
    {
      "type": "Feature",
      "geometry": {
        "type": "Point",
        "coordinates": [
          -67.0280938,
          10.6038903
        ]
      },
      "properties": {
        "id": "node/3773383598",
        "osmType": "node",
        "osmId": 3773383598,
        "name": "Registro Público del Segundo Circuito del Municipio Vargas Estado Vargas",
        "category": "office",
        "kind": "office:government",
        "source": "OpenStreetMap",
        "sourceUrl": "https://www.openstreetmap.org/node/3773383598",
        "tags": {
          "addr:city": "Catia La Mar",
          "addr:full": "Cl. 12, Edificio Registro Público, Urbanización La Atlántida",
          "addr:postcode": "1162",
          "addr:street": "Calle 12 de Catia La Mar",
          "email": "directorgeneral@saren.gob.ve",
          "government": "register_office",
          "name": "Registro Público del Segundo Circuito del Municipio Vargas Estado Vargas",
          "office": "government",
          "opening_hours": "Mo-Fr 08:00-16:00; Jan 1,Apr 19,May 1,Jun 24,Jul 5,Jul 24,Oct 12,Dec 24,Dec 25,Dec 31 off",
          "operator": "SAREN, Ministerio de Interior y Justicia",
          "operator:short": "SAREN",
          "operator:wikidata": "Q6126010",
          "phone": "+58-212-3519852",
          "ref": "02",
          "smoking": "no",
          "source": "albertoq2004@hotmail.com",
          "website": "https://www.saren.gob.ve/",
          "wheelchair": "limited"
        }
      }
    },
    {
      "type": "Feature",
      "geometry": {
        "type": "Point",
        "coordinates": [
          -67.0409541,
          10.6008191
        ]
      },
      "properties": {
        "id": "node/3664796494",
        "osmType": "node",
        "osmId": 3664796494,
        "name": "Saime",
        "category": "office",
        "kind": "office:government",
        "source": "OpenStreetMap",
        "sourceUrl": "https://www.openstreetmap.org/node/3664796494",
        "tags": {
          "addr:city": "Catia La Mar",
          "addr:housename": "Terminal Público de Catia La Mar",
          "addr:postcode": "1162",
          "addr:street": "Av. La Marina",
          "name": "Saime",
          "office": "government"
        }
      }
    },
    {
      "type": "Feature",
      "geometry": {
        "type": "Point",
        "coordinates": [
          -67.0247239,
          10.6020658
        ]
      },
      "properties": {
        "id": "way/416823952",
        "osmType": "way",
        "osmId": 416823952,
        "name": "Secretaría de Desarrollo Económico",
        "category": "office",
        "kind": "building:yes",
        "source": "OpenStreetMap",
        "sourceUrl": "https://www.openstreetmap.org/way/416823952",
        "tags": {
          "addr:city": "Catia La Mar",
          "addr:country": "VE",
          "addr:state": "VA",
          "addr:street": "Av. La Armada",
          "building": "yes",
          "name": "Secretaría de Desarrollo Económico",
          "office": "government"
        }
      }
    },
    {
      "type": "Feature",
      "geometry": {
        "type": "Point",
        "coordinates": [
          -66.9729712,
          10.59934
        ]
      },
      "properties": {
        "id": "way/248452697",
        "osmType": "way",
        "osmId": 248452697,
        "name": "Swissport Cargo Service Co. de Venezuela C.A",
        "category": "office",
        "kind": "building:industrial",
        "source": "OpenStreetMap",
        "sourceUrl": "https://www.openstreetmap.org/way/248452697",
        "tags": {
          "addr:city": "Catia La Mar",
          "addr:postcode": "1162",
          "addr:street": "Av. Soublette",
          "building": "industrial",
          "name": "Swissport Cargo Service Co. de Venezuela C.A",
          "office": "company"
        }
      }
    },
    {
      "type": "Feature",
      "geometry": {
        "type": "Point",
        "coordinates": [
          -66.971925,
          10.5996355
        ]
      },
      "properties": {
        "id": "way/248452702",
        "osmType": "way",
        "osmId": 248452702,
        "name": "Transporte y Maquinaria Temma C.A",
        "category": "office",
        "kind": "building:industrial",
        "source": "OpenStreetMap",
        "sourceUrl": "https://www.openstreetmap.org/way/248452702",
        "tags": {
          "addr:city": "Catia La Mar",
          "addr:postcode": "1162",
          "addr:street": "Av. Soublette",
          "building": "industrial",
          "name": "Transporte y Maquinaria Temma C.A",
          "office": "company"
        }
      }
    },
    {
      "type": "Feature",
      "geometry": {
        "type": "Point",
        "coordinates": [
          -66.9810797,
          10.608766
        ]
      },
      "properties": {
        "id": "way/1205553136",
        "osmType": "way",
        "osmId": 1205553136,
        "name": "Campo de Beisbol Mare Abajo",
        "category": "leisure",
        "kind": "leisure:pitch",
        "source": "OpenStreetMap",
        "sourceUrl": "https://www.openstreetmap.org/way/1205553136",
        "tags": {
          "addr:city": "Maiquetia",
          "addr:postcode": "1162",
          "addr:street": "Avenida Bicentenaria",
          "addr:suburb": "Mare",
          "leisure": "pitch",
          "name": "Campo de Beisbol Mare Abajo",
          "sport": "baseball"
        }
      }
    },
    {
      "type": "Feature",
      "geometry": {
        "type": "Point",
        "coordinates": [
          -67.0162117,
          10.6080043
        ]
      },
      "properties": {
        "id": "way/307093760",
        "osmType": "way",
        "osmId": 307093760,
        "name": "Campo de Softball",
        "category": "leisure",
        "kind": "leisure:pitch",
        "source": "OpenStreetMap",
        "sourceUrl": "https://www.openstreetmap.org/way/307093760",
        "tags": {
          "leisure": "pitch",
          "name": "Campo de Softball",
          "sport": "softball",
          "surface": "dirt"
        }
      }
    },
    {
      "type": "Feature",
      "geometry": {
        "type": "Point",
        "coordinates": [
          -67.0152834,
          10.6090385
        ]
      },
      "properties": {
        "id": "way/387686544",
        "osmType": "way",
        "osmId": 387686544,
        "name": "Club deportivo Ariel",
        "category": "leisure",
        "kind": "leisure:pitch",
        "source": "OpenStreetMap",
        "sourceUrl": "https://www.openstreetmap.org/way/387686544",
        "tags": {
          "addr:street": "Calle 3",
          "addr:suburb": "Playa Grande",
          "leisure": "pitch",
          "name": "Club deportivo Ariel",
          "sport": "soccer"
        }
      }
    },
    {
      "type": "Feature",
      "geometry": {
        "type": "Point",
        "coordinates": [
          -66.9721981,
          10.6023916
        ]
      },
      "properties": {
        "id": "node/10951503486",
        "osmType": "node",
        "osmId": 10951503486,
        "name": "Complejo Deportivo Ángel Bravo",
        "category": "leisure",
        "kind": "leisure:sports_hall",
        "source": "OpenStreetMap",
        "sourceUrl": "https://www.openstreetmap.org/node/10951503486",
        "tags": {
          "leisure": "sports_hall",
          "name": "Complejo Deportivo Ángel Bravo"
        }
      }
    },
    {
      "type": "Feature",
      "geometry": {
        "type": "Point",
        "coordinates": [
          -66.9692491,
          10.6006556
        ]
      },
      "properties": {
        "id": "way/378723909",
        "osmType": "way",
        "osmId": 378723909,
        "name": "Domo José María Vargas",
        "category": "leisure",
        "kind": "building:yes",
        "source": "OpenStreetMap",
        "sourceUrl": "https://www.openstreetmap.org/way/378723909",
        "tags": {
          "building": "yes",
          "leisure": "stadium",
          "name": "Domo José María Vargas",
          "wikidata": "Q5813064",
          "wikipedia": "es:Domo José María Vargas"
        }
      }
    },
    {
      "type": "Feature",
      "geometry": {
        "type": "Point",
        "coordinates": [
          -67.0232789,
          10.6024177
        ]
      },
      "properties": {
        "id": "way/79292328",
        "osmType": "way",
        "osmId": 79292328,
        "name": "Estadio César Nieves",
        "category": "leisure",
        "kind": "leisure:stadium",
        "source": "OpenStreetMap",
        "sourceUrl": "https://www.openstreetmap.org/way/79292328",
        "tags": {
          "leisure": "stadium",
          "name": "Estadio César Nieves",
          "sport": "baseball"
        }
      }
    },
    {
      "type": "Feature",
      "geometry": {
        "type": "Point",
        "coordinates": [
          -67.0407183,
          10.5978701
        ]
      },
      "properties": {
        "id": "node/10958011237",
        "osmType": "node",
        "osmId": 10958011237,
        "name": "Estadio Juan Guillermo Guzman",
        "category": "leisure",
        "kind": "leisure:stadium",
        "source": "OpenStreetMap",
        "sourceUrl": "https://www.openstreetmap.org/node/10958011237",
        "tags": {
          "leisure": "stadium",
          "name": "Estadio Juan Guillermo Guzman",
          "sport": "baseball"
        }
      }
    },
    {
      "type": "Feature",
      "geometry": {
        "type": "Point",
        "coordinates": [
          -66.9727022,
          10.6027029
        ]
      },
      "properties": {
        "id": "way/1178757426",
        "osmType": "way",
        "osmId": 1178757426,
        "name": "Estadio SENIAT",
        "category": "leisure",
        "kind": "leisure:stadium",
        "source": "OpenStreetMap",
        "sourceUrl": "https://www.openstreetmap.org/way/1178757426",
        "tags": {
          "leisure": "stadium",
          "name": "Estadio SENIAT"
        }
      }
    },
    {
      "type": "Feature",
      "geometry": {
        "type": "Point",
        "coordinates": [
          -67.0304607,
          10.6043724
        ]
      },
      "properties": {
        "id": "node/3746798525",
        "osmType": "node",
        "osmId": 3746798525,
        "name": "Hollywood",
        "category": "leisure",
        "kind": "leisure:sports_centre",
        "source": "OpenStreetMap",
        "sourceUrl": "https://www.openstreetmap.org/node/3746798525",
        "tags": {
          "addr:city": "Catia La Mar",
          "addr:postcode": "1162",
          "addr:street": "Av. La Atlántida",
          "leisure": "sports_centre",
          "name": "Hollywood"
        }
      }
    },
    {
      "type": "Feature",
      "geometry": {
        "type": "Point",
        "coordinates": [
          -67.0099223,
          10.6102447
        ]
      },
      "properties": {
        "id": "way/411884979",
        "osmType": "way",
        "osmId": 411884979,
        "name": "Hotel Miramar Suites",
        "category": "leisure",
        "kind": "leisure:swimming_pool",
        "source": "OpenStreetMap",
        "sourceUrl": "https://www.openstreetmap.org/way/411884979",
        "tags": {
          "access": "customers",
          "leisure": "swimming_pool",
          "location": "outdoor",
          "name": "Hotel Miramar Suites"
        }
      }
    },
    {
      "type": "Feature",
      "geometry": {
        "type": "Point",
        "coordinates": [
          -67.0148582,
          10.6129442
        ]
      },
      "properties": {
        "id": "node/3875613865",
        "osmType": "node",
        "osmId": 3875613865,
        "name": "Marina de Club Marina Grande",
        "category": "leisure",
        "kind": "leisure:marina",
        "source": "OpenStreetMap",
        "sourceUrl": "https://www.openstreetmap.org/node/3875613865",
        "tags": {
          "leisure": "marina",
          "name": "Marina de Club Marina Grande",
          "seamark:harbour:category": "marina",
          "seamark:type": "harbour"
        }
      }
    },
    {
      "type": "Feature",
      "geometry": {
        "type": "Point",
        "coordinates": [
          -67.0239959,
          10.6024775
        ]
      },
      "properties": {
        "id": "way/822279027",
        "osmType": "way",
        "osmId": 822279027,
        "name": "Parque del Estadio César Nieves",
        "category": "leisure",
        "kind": "leisure:park",
        "source": "OpenStreetMap",
        "sourceUrl": "https://www.openstreetmap.org/way/822279027",
        "tags": {
          "leisure": "park",
          "name": "Parque del Estadio César Nieves"
        }
      }
    },
    {
      "type": "Feature",
      "geometry": {
        "type": "Point",
        "coordinates": [
          -66.9760613,
          10.5988475
        ]
      },
      "properties": {
        "id": "way/784038827",
        "osmType": "way",
        "osmId": 784038827,
        "name": "Parque General Carlos Soublette",
        "category": "leisure",
        "kind": "leisure:park",
        "source": "OpenStreetMap",
        "sourceUrl": "https://www.openstreetmap.org/way/784038827",
        "tags": {
          "addr:city": "Catia La Mar",
          "addr:postcode": "1162",
          "addr:street": "Av. Soublette",
          "leisure": "park",
          "name": "Parque General Carlos Soublette"
        }
      }
    },
    {
      "type": "Feature",
      "geometry": {
        "type": "Point",
        "coordinates": [
          -67.0195288,
          10.6029753
        ]
      },
      "properties": {
        "id": "way/822277506",
        "osmType": "way",
        "osmId": 822277506,
        "name": "Parque Infantil La Lucha",
        "category": "leisure",
        "kind": "leisure:park",
        "source": "OpenStreetMap",
        "sourceUrl": "https://www.openstreetmap.org/way/822277506",
        "tags": {
          "description": "Parque para niños de la comunidad",
          "leisure": "park",
          "name": "Parque Infantil La Lucha",
          "opening_hours": "Mo-Sa 08:00-20:00",
          "opening_hours:covid19": "Mo-Sa 09:00-19:00"
        }
      }
    },
    {
      "type": "Feature",
      "geometry": {
        "type": "Point",
        "coordinates": [
          -67.0196878,
          10.6019856
        ]
      },
      "properties": {
        "id": "way/822279026",
        "osmType": "way",
        "osmId": 822279026,
        "name": "Parque para perros",
        "category": "leisure",
        "kind": "leisure:dog_park",
        "source": "OpenStreetMap",
        "sourceUrl": "https://www.openstreetmap.org/way/822279026",
        "tags": {
          "leisure": "dog_park",
          "name": "Parque para perros",
          "opening_hours": "Mo-Su 08:00-22:00",
          "opening_hours:covid19": "Mo-Sa 08:30-19:00"
        }
      }
    },
    {
      "type": "Feature",
      "geometry": {
        "type": "Point",
        "coordinates": [
          -66.9829737,
          10.5743572
        ]
      },
      "properties": {
        "id": "node/12853980840",
        "osmType": "node",
        "osmId": 12853980840,
        "name": "Pedro Garcia",
        "category": "leisure",
        "kind": "leisure:track",
        "source": "OpenStreetMap",
        "sourceUrl": "https://www.openstreetmap.org/node/12853980840",
        "tags": {
          "leisure": "track",
          "name": "Pedro Garcia",
          "sport": "cycling"
        }
      }
    },
    {
      "type": "Feature",
      "geometry": {
        "type": "Point",
        "coordinates": [
          -66.980542,
          10.5289582
        ]
      },
      "properties": {
        "id": "way/958727667",
        "osmType": "way",
        "osmId": 958727667,
        "name": "Placita",
        "category": "leisure",
        "kind": "leisure:park",
        "source": "OpenStreetMap",
        "sourceUrl": "https://www.openstreetmap.org/way/958727667",
        "tags": {
          "leisure": "park",
          "name": "Placita",
          "source:geometry": "Maxar (2021)",
          "source:name": "local knowledge"
        }
      }
    },
    {
      "type": "Feature",
      "geometry": {
        "type": "Point",
        "coordinates": [
          -67.0131572,
          10.6134244
        ]
      },
      "properties": {
        "id": "way/764028087",
        "osmType": "way",
        "osmId": 764028087,
        "name": "Playa Club Marina Grande",
        "category": "leisure",
        "kind": "leisure:beach_resort",
        "source": "OpenStreetMap",
        "sourceUrl": "https://www.openstreetmap.org/way/764028087",
        "tags": {
          "access": "private",
          "addr:city": "Maiquetia",
          "addr:country": "VE",
          "addr:postcode": "1162",
          "addr:state": "VA",
          "addr:street": "Calle Real de Playa Verde",
          "addr:suburb": "Playa Verde",
          "fee": "no",
          "leisure": "beach_resort",
          "lifeguard": "yes",
          "name": "Playa Club Marina Grande",
          "natural": "beach",
          "note": "Playa Privada del Club",
          "nudism": "no",
          "opening_hours": "sunrise-sunset",
          "supervised": "yes",
          "surface": "sand",
          "vehicle": "no",
          "wheelchair": "no"
        }
      }
    },
    {
      "type": "Feature",
      "geometry": {
        "type": "Point",
        "coordinates": [
          -67.0157115,
          10.6142387
        ]
      },
      "properties": {
        "id": "node/2946925334",
        "osmType": "node",
        "osmId": 2946925334,
        "name": "Playa Grande Yachting Club",
        "category": "leisure",
        "kind": "leisure:marina",
        "source": "OpenStreetMap",
        "sourceUrl": "https://www.openstreetmap.org/node/2946925334",
        "tags": {
          "image": "https://photos.app.goo.gl/tTKsCsxAnivSFA6N6",
          "leisure": "marina",
          "name": "Playa Grande Yachting Club",
          "seamark:harbour:category": "marina",
          "seamark:type": "harbour"
        }
      }
    },
    {
      "type": "Feature",
      "geometry": {
        "type": "Point",
        "coordinates": [
          -67.0218282,
          10.613924
        ]
      },
      "properties": {
        "id": "way/783742054",
        "osmType": "way",
        "osmId": 783742054,
        "name": "Playa Mar",
        "category": "leisure",
        "kind": "leisure:beach_resort",
        "source": "OpenStreetMap",
        "sourceUrl": "https://www.openstreetmap.org/way/783742054",
        "tags": {
          "access": "private",
          "addr:city": "Maiquetia",
          "addr:country": "VE",
          "addr:postcode": "1162",
          "addr:state": "VA",
          "addr:street": "Calle Real de Playa Verde",
          "addr:suburb": "Playa Verde",
          "fee": "no",
          "leisure": "beach_resort",
          "lifeguard": "yes",
          "name": "Playa Mar",
          "natural": "beach",
          "nudism": "no",
          "opening_hours": "sunrise-sunset",
          "supervised": "yes",
          "surface": "sand",
          "vehicle": "no",
          "wheelchair": "no"
        }
      }
    },
    {
      "type": "Feature",
      "geometry": {
        "type": "Point",
        "coordinates": [
          -67.0294991,
          10.6107675
        ]
      },
      "properties": {
        "id": "way/730859032",
        "osmType": "way",
        "osmId": 730859032,
        "name": "Playa Yacht Club Puerto Viejo",
        "category": "leisure",
        "kind": "leisure:beach_resort",
        "source": "OpenStreetMap",
        "sourceUrl": "https://www.openstreetmap.org/way/730859032",
        "tags": {
          "access": "private",
          "addr:city": "Catia La Mar",
          "addr:country": "VE",
          "addr:postcode": "1162",
          "addr:state": "VA",
          "addr:street": "Avenida El Balneario",
          "addr:suburb": "Puerto Viejo",
          "fee": "no",
          "leisure": "beach_resort",
          "lifeguard": "yes",
          "name": "Playa Yacht Club Puerto Viejo",
          "natural": "beach",
          "note": "Playa Privada del Yacthing Club",
          "nudism": "no",
          "opening_hours": "sunrise-sunset",
          "supervised": "yes",
          "surface": "sand",
          "vehicle": "no",
          "wheelchair": "no"
        }
      }
    },
    {
      "type": "Feature",
      "geometry": {
        "type": "Point",
        "coordinates": [
          -67.0186901,
          10.613402
        ]
      },
      "properties": {
        "id": "way/764028559",
        "osmType": "way",
        "osmId": 764028559,
        "name": "Playa Yachting Club",
        "category": "leisure",
        "kind": "leisure:beach_resort",
        "source": "OpenStreetMap",
        "sourceUrl": "https://www.openstreetmap.org/way/764028559",
        "tags": {
          "access": "private",
          "addr:city": "Maiquetia",
          "addr:country": "VE",
          "addr:postcode": "1162",
          "addr:state": "VA",
          "addr:street": "Calle Real de Playa Verde",
          "addr:suburb": "Playa Verde",
          "fee": "no",
          "leisure": "beach_resort",
          "lifeguard": "yes",
          "name": "Playa Yachting Club",
          "natural": "beach",
          "note": "Playa Privada del Yacthing Club",
          "nudism": "no",
          "opening_hours": "sunrise-sunset",
          "supervised": "yes",
          "surface": "sand",
          "vehicle": "no",
          "wheelchair": "no"
        }
      }
    },
    {
      "type": "Feature",
      "geometry": {
        "type": "Point",
        "coordinates": [
          -67.0339287,
          10.6075793
        ]
      },
      "properties": {
        "id": "way/280538709",
        "osmType": "way",
        "osmId": 280538709,
        "name": "Plaza Vargas",
        "category": "leisure",
        "kind": "leisure:park",
        "source": "OpenStreetMap",
        "sourceUrl": "https://www.openstreetmap.org/way/280538709",
        "tags": {
          "leisure": "park",
          "name": "Plaza Vargas"
        }
      }
    },
    {
      "type": "Feature",
      "geometry": {
        "type": "Point",
        "coordinates": [
          -66.969133,
          10.6009207
        ]
      },
      "properties": {
        "id": "way/273624224",
        "osmType": "way",
        "osmId": 273624224,
        "name": "Polideportivo José María Vargas",
        "category": "leisure",
        "kind": "leisure:sports_centre",
        "source": "OpenStreetMap",
        "sourceUrl": "https://www.openstreetmap.org/way/273624224",
        "tags": {
          "leisure": "sports_centre",
          "name": "Polideportivo José María Vargas"
        }
      }
    },
    {
      "type": "Feature",
      "geometry": {
        "type": "Point",
        "coordinates": [
          -67.0294065,
          10.6120843
        ]
      },
      "properties": {
        "id": "node/2946924690",
        "osmType": "node",
        "osmId": 2946924690,
        "name": "Yacht Club Puerto Viejo",
        "category": "leisure",
        "kind": "leisure:marina",
        "source": "OpenStreetMap",
        "sourceUrl": "https://www.openstreetmap.org/node/2946924690",
        "tags": {
          "addr:city": "Catia La Mar",
          "addr:country": "VE",
          "addr:postcode": "1162",
          "addr:state": "VA",
          "addr:street": "Avenida El Balneario",
          "addr:suburb": "Puerto Viejo",
          "leisure": "marina",
          "name": "Yacht Club Puerto Viejo",
          "seamark:harbour:category": "marina",
          "seamark:type": "harbour"
        }
      }
    },
    {
      "type": "Feature",
      "geometry": {
        "type": "Point",
        "coordinates": [
          -66.9912285,
          10.5496125
        ]
      },
      "properties": {
        "id": "node/8889231448",
        "osmType": "node",
        "osmId": 8889231448,
        "name": "Cruz de Peña de Mora",
        "category": "historic",
        "kind": "historic:monument",
        "source": "OpenStreetMap",
        "sourceUrl": "https://www.openstreetmap.org/node/8889231448",
        "tags": {
          "historic": "monument",
          "name": "Cruz de Peña de Mora"
        }
      }
    },
    {
      "type": "Feature",
      "geometry": {
        "type": "Point",
        "coordinates": [
          -67.0260989,
          10.6098521
        ]
      },
      "properties": {
        "id": "way/699702723",
        "osmType": "way",
        "osmId": 699702723,
        "name": "La Riviera",
        "category": "historic",
        "kind": "historic:ruins",
        "source": "OpenStreetMap",
        "sourceUrl": "https://www.openstreetmap.org/way/699702723",
        "tags": {
          "area": "yes",
          "historic": "ruins",
          "name": "La Riviera"
        }
      }
    },
    {
      "type": "Feature",
      "geometry": {
        "type": "Point",
        "coordinates": [
          -67.0266813,
          10.6098376
        ]
      },
      "properties": {
        "id": "way/699697169",
        "osmType": "way",
        "osmId": 699697169,
        "name": "Torre B, Belo Horizonte",
        "category": "historic",
        "kind": "historic:ruins",
        "source": "OpenStreetMap",
        "sourceUrl": "https://www.openstreetmap.org/way/699697169",
        "tags": {
          "area": "yes",
          "historic": "ruins",
          "name": "Torre B, Belo Horizonte"
        }
      }
    }
  ]
}
