participant_r2id	crl1_mm_firsttrim	dt_usg_firsttrim	dt_usg	fc1	hc1	bpd1	ofd1	ac1	Weight	thyroid_preg	anemia	hypertension	prediab_diab	sga	age_mod	trimester
52691	26.495275520256612	2020-03-12	2020-09-27	6.560089980430606	31.45486849315297	8.57188185864178	10.725744999099742	29.2139760108801	Underweight	0	0	0	0	0	greater_than_24	3
51925	27.694899346018605	2020-05-21	2020-08-20	7.384444884588294	32.43391089351676	9.090083119863339	11.465809552689672	30.989806262117863	Normal	0	0	0	0	0	less_than_24	3
50740	20.938093822082525	2019-04-02	2019-09-17	5.137277228812106	22.246505944879896	6.837509419743926	8.13858810073399	23.328808679512477	Normal	0	0	0	0	0	less_than_24	2
51600	23.017754535407732	2020-05-27	2020-09-14	5.313307170775664	23.018928278684445	6.139671555782064	8.134042689240713	20.96822136417743	Normal	0	0	0	0	0	less_than_24	2
50993	24.725925352559827	2019-05-28	2019-09-20	6.473445032766443	32.3782815600873	8.616331107745983	10.268385454527712	30.924778877111752	Normal	0	0	0	0	0	less_than_24	2
38920	27.654425513576346	2020-03-03	2020-08-27	5.326517608189503	24.441466313068634	5.964931420278374	8.030196529223488	20.754517832978642	Normal	1	0	0	0	0	less_than_24	2
53117	23.88079162791291	2019-11-14	2020-02-18	7.140570753209032	33.27059292108006	8.290784709328678	11.43880518772251	32.44671223559985	Underweight	0	0	0	0	1	greater_than_24	3
60422	19.6479153298018	2020-01-27	2020-05-21	5.076271696137723	24.11029439574087	6.142951792577805	8.126564804554377	19.91354425048409	Normal	1	0	0	0	0	less_than_24	2
31497	26.661637419390864	2019-07-13	2019-12-17	7.307206570949101	32.58678966014652	8.31831455000619	11.37492006110024	33.922365426148254	Obese	1	1	0	0	0	greater_than_24	3
31909	20.483979165602623	2020-01-16	2020-06-20	7.305826670015744	32.358509279990166	8.800860089127193	11.96275225262714	32.18573287091471	Obese	0	1	0	0	0	less_than_24	3
50912	20.943778611956475	2019-08-31	2020-02-09	5.02863651372769	24.720475736926556	6.1646965144093055	8.404885926850922	21.114858587148447	Normal	0	0	0	0	0	less_than_24	2
52761	30.70916283466026	2020-02-06	2020-05-25	6.637482182179761	33.48666589756768	8.92929080879497	10.805310585110345	31.72601228368334	Normal	0	0	0	0	0	greater_than_24	3
30341	33.1206965324222	2019-08-23	2019-11-19	5.103711818067489	21.982485425041823	5.899073817873822	7.750199780278285	19.661349593495434	Normal	0	0	0	0	0	less_than_24	2
62685	21.15466424690787	2020-06-19	2020-09-16	7.238980556589098	32.76496285814643	8.14682876855988	10.319909710269762	29.927868324891865	Obese	0	0	0	0	0	less_than_24	3
50908	19.77254243577235	2019-08-09	2020-01-01	4.844718609113219	24.679263783736598	6.113886579566	7.571608859659849	20.394821813887926	Normal	0	0	0	0	0	less_than_24	2
50643	27.827107630809063	2019-04-26	2019-07-19	5.540538430344519	25.008003733178562	6.755199659837845	7.964199788432928	23.248187652272108	Normal	0	0	0	0	0	greater_than_24	2
51181	26.188967585357233	2020-05-01	2020-09-20	7.079070440727526	32.480010545894295	8.51815430416735	11.571031993322963	31.070297290116656	Obese	0	1	0	0	0	greater_than_24	3
50851	27.83411011648824	2019-03-07	2019-09-27	4.9315792914220005	23.335899698566045	6.275586001944905	8.377108428575431	18.989656888450718	Normal	0	0	0	0	0	less_than_24	2
51854	24.62214524435909	2020-02-19	2020-07-31	4.85886694699533	21.87138315471429	6.554738201994079	9.218798453526375	21.468435217561257	Normal	0	0	0	0	0	less_than_24	2
52148	23.654356282892774	2019-09-05	2020-03-19	5.050377797055682	22.970493256157354	6.25870205852501	7.707997612874164	20.53450905157392	Underweight	0	0	0	0	0	less_than_24	2
52708	24.186618488739576	2020-01-19	2020-05-28	6.546958551660117	33.10281552925571	8.53033813308474	10.888539157385093	30.485566985520773	Normal	0	0	0	0	0	greater_than_24	2
30952	16.69617480365164	2019-06-03	2019-11-07	5.036303744145839	24.374275654887125	5.929999225695636	8.233404501953327	22.77484754575253	Normal	0	0	0	0	0	greater_than_24	2
51545	25.420535262002197	2019-05-16	2019-08-26	4.921857219142881	24.094563217707382	6.619739201044268	8.113278502679039	22.45022258002192	Normal	0	0	0	0	0	less_than_24	2
51625	27.28196550888408	2020-05-05	2020-09-10	6.705035700687701	33.109148383302205	8.429078632687185	10.503289400142851	31.16540919578972	Normal	0	0	0	0	0	less_than_24	2
60862	39.801231497389786	2019-06-10	2019-10-10	5.089787441289639	23.120620105400203	6.132985594358816	7.965246759786563	24.101987326024837	Normal	0	1	1	0	0	greater_than_24	2
61933	39.270560840162176	2019-05-13	2019-09-29	7.417709405940365	29.542889380900473	8.402099059526499	10.540308123495391	29.692791313354718	Normal	0	0	0	0	0	greater_than_24	3
33212	21.07049815299213	2020-03-03	2020-07-07	7.123623651884104	32.876108704854914	8.387170353798478	9.730485402859253	32.375665198464965	Obese	0	0	0	0	0	less_than_24	3
52092	29.638934093203623	2020-04-01	2020-10-04	7.240516848582157	31.41142960744551	8.352933683746722	11.16149947914473	31.95746614799013	Obese	0	0	0	0	1	greater_than_24	3
32790	23.714395809334878	2020-04-21	2020-10-02	7.399030476483609	31.534324937513745	8.118904314799913	11.433691744206559	31.752335863735397	Obese	0	0	0	0	0	greater_than_24	3
51461	19.614347077909873	2020-04-17	2020-09-05	6.947436771952774	32.38219339028336	8.833915160388251	11.59403910752076	30.91599084669339	Obese	1	0	0	0	0	greater_than_24	3
52328	29.94374636155881	2020-11-18	2021-04-28	7.4399734887976035	30.685139325950065	8.24407432171047	11.243732444202415	31.964454188083344	Obese	0	1	0	0	0	greater_than_24	3
42377	27.003265173201267	2020-04-30	2020-08-16	7.029797021455304	32.324157958626486	8.513141766370147	10.533803935404684	33.522057928667586	Obese	0	0	0	0	0	greater_than_24	3
52549	35.89750375496965	2020-03-31	2020-10-06	7.092100017483635	33.626946340902464	9.163381256323909	11.261781409944236	31.995960375748915	Normal	0	0	0	0	0	greater_than_24	3
52930	34.36059207997112	2020-05-28	2020-11-12	7.365470274671269	32.34990410958722	9.416788129762617	11.913655609762994	31.499664838761422	Obese	0	0	0	0	0	greater_than_24	3
33339	47.38743570570926	2020-02-07	2020-08-08	7.290292034417044	32.52226498464319	8.109007523867513	10.1971983153037	32.02707609570333	Normal	0	0	0	1	0	greater_than_24	3
62418	30.78752392552912	2020-05-16	2020-10-08	7.216476597865151	32.83118499402576	9.248468438328628	11.850611865431988	31.629648385219866	Obese	0	0	0	0	0	less_than_24	3
50999	36.9931038475748	2019-07-09	2019-11-27	5.0423387919817815	22.14038324727903	6.2266498758602085	7.486492172596088	21.9540184316997	Normal	0	0	0	0	1	less_than_24	2
61985	71.22425048298257	2020-08-01	2020-11-13	7.120061681102937	32.27899521833468	8.144887028293942	10.498020738877598	29.11812438516349	Normal	0	0	0	0	0	greater_than_24	3
51816	29.409817901186667	2020-06-10	2020-08-29	7.435712733027373	32.38445187848909	9.486781664310502	11.861769597971918	32.34803003898794	Obese	0	0	0	0	0	greater_than_24	3
32816	23.7948002511617	2020-02-27	2020-07-21	7.243099331006042	29.76026231330417	8.201977155541838	11.532668753396932	31.110445362443073	Normal	0	0	0	0	0	greater_than_24	3
52036	37.24872391532354	2020-02-06	2020-06-21	7.0706889949643	32.239047776066286	8.695527458858267	11.117031883563657	30.94728965611875	Obese	0	0	0	1	0	greater_than_24	3
52481	26.82595442863401	2019-03-02	2019-09-20	4.652217257876176	22.368102643028234	6.868924457008768	8.508523955803499	20.060346226681283	Normal	0	0	0	0	0	less_than_24	2
51204	40.578050749270126	2019-05-13	2019-10-23	6.562951110002459	32.04216640709227	8.081363980627657	11.22746113691939	32.00201088659759	Normal	0	0	0	0	1	less_than_24	3
50384	31.674827870985922	2019-04-05	2019-08-10	5.011869247144644	23.011406189542033	6.051753558112864	8.169858090927638	20.22975022647689	Normal	0	0	0	0	0	less_than_24	2
52361	47.341081873105026	2020-02-29	2020-08-04	7.475570266878036	32.706539360291224	8.573067802809472	11.685185217284598	33.81339619294633	Obese	0	0	0	0	1	greater_than_24	3
51521	17.835833365388062	2020-04-12	2020-06-30	7.4194419444112665	33.11324744226929	8.717689053408563	10.740438559352128	31.919696213299865	Obese	0	1	0	0	0	greater_than_24	3
51032	33.61411029820921	2020-04-20	2020-08-18	6.779468849760894	32.045455641263686	8.397411199836773	11.552539133115623	32.099023662141185	Normal	0	0	0	0	1	greater_than_24	3
33779	26.04357746197354	2019-09-25	2020-02-17	7.408596524623143	31.907785535747703	8.752095677941488	11.194590681670542	33.5666368631397	Underweight	0	0	0	0	1	less_than_24	3
39449	29.279882844907178	2019-07-12	2020-01-16	4.954392548127724	23.213293696330208	5.971732785127017	8.135365050593403	22.498371059421693	Normal	0	0	0	0	1	greater_than_24	2
51304	30.486794322454713	2019-05-21	2019-11-22	7.121052119693467	29.04271748660591	8.240482371719175	11.504849245828401	30.532464225637753	Normal	0	0	0	0	0	greater_than_24	3
51966	28.398586323509388	2019-05-13	2019-08-14	4.954225388254522	23.911661917395598	6.0038352322548185	8.227657465347754	20.092858284221304	Obese	0	0	0	0	0	less_than_24	2
52085	23.608365548724876	2020-02-04	2020-08-01	7.333672569942042	32.41544734911393	9.272333343240458	11.43027365005099	33.16926859908695	Obese	0	0	0	0	0	greater_than_24	3
49930	24.729136954532862	2019-07-26	2019-12-23	5.03933651551254	23.428314178907353	6.054009786469281	7.529408464066384	21.55376820316275	Normal	0	0	0	0	0	greater_than_24	2
29451	19.331828756790614	2018-12-26	2019-05-13	4.771991256413485	23.095759906090038	6.06353375195518	7.7028664492153105	21.332675235018403	Normal	0	0	0	0	0	less_than_24	2
32493	30.90822970951928	2018-10-14	2019-05-01	5.214988416417888	22.09159023907915	6.283066583076333	7.581245231584484	22.97933925619752	Normal	0	0	0	0	0	less_than_24	2
52780	33.67996022246445	2020-05-16	2020-10-30	7.233436307683192	33.03063653333312	8.452474019029955	11.556528336476013	33.79115285277562	Obese	0	1	0	0	0	greater_than_24	3
52566	38.92049804875076	2018-12-21	2019-06-28	6.834445961054598	32.81529952175669	9.331982165781472	11.808950257961534	32.579903225443644	Normal	0	0	0	0	0	greater_than_24	3
52331	26.375292608706413	2020-03-27	2020-08-19	7.2454002523410885	32.112139703225814	9.037861397866472	11.777967819029369	33.12730895286614	Normal	0	0	0	0	0	greater_than_24	3
62878	25.3926795037151	2020-06-02	2020-11-18	6.750559190426405	32.124583502423725	8.944451978365336	11.590247622149958	31.822991031120658	Obese	0	0	0	0	0	greater_than_24	3
50991	33.15938216669137	2020-03-27	2020-09-08	7.189962452154744	31.61653170228268	8.472585499089217	11.53728993519384	33.05948674439351	Obese	0	0	0	0	0	greater_than_24	3
52187	30.4726093709713	2020-02-02	2020-07-18	7.2073728083865	32.552435156113226	9.017050148355137	10.315340708215071	30.094452781283227	Obese	0	0	0	0	0	greater_than_24	3
52269	32.7656552373396	2020-06-15	2020-10-21	7.152571465490837	32.05358944732223	9.27321243151626	11.866877744349248	32.41111181522287	Obese	0	0	0	0	0	greater_than_24	3
33881	31.43595700335728	2020-02-03	2020-06-18	6.895252777824196	33.35599404354177	8.35466809734421	11.128899179267561	31.021013815591417	Normal	0	0	0	0	0	greater_than_24	3
33129	65.17978892228126	2019-05-29	2019-10-07	6.8746956447726975	33.415358075141235	8.314959037550866	10.992504214444498	31.44913172735663	Normal	0	0	0	0	0	greater_than_24	3
52467	43.93089325248564	2018-12-05	2019-05-27	6.845986734949305	32.31651011329368	9.535358979996367	11.14843344054422	30.402092927917664	Normal	0	0	0	0	0	greater_than_24	3
29450	25.358728487824735	2019-05-21	2019-11-25	4.80654022570051	23.10811664761638	6.068087995926909	7.561906930740954	20.942109696199562	Normal	0	0	0	0	0	less_than_24	2
32888	24.08296371850133	2020-03-03	2020-08-30	6.858761068344264	30.815148635960334	7.868290358904953	8.945230213313694	29.83651876243059	Normal	0	0	1	0	0	greater_than_24	3
32463	37.510056616177906	2020-01-26	2020-06-06	7.191024024375355	30.760070507983684	8.133812063966253	10.76411515008801	30.678294311792353	Normal	0	0	0	0	0	greater_than_24	3
52275	23.673723999829054	2019-11-07	2020-03-01	7.498846231341303	32.740955871508355	8.437759990790958	10.934742531995562	32.06405864559436	Obese	0	0	0	0	0	greater_than_24	3
61425	25.64829841091053	2019-05-05	2019-09-11	7.2877436892738325	32.933913447838464	8.425219979948325	11.530872169343892	32.9434862883138	Normal	0	0	0	0	1	greater_than_24	3
51362	34.060747183114884	2019-04-12	2019-08-11	5.259278583628819	22.918927455362017	6.037379875548597	8.224170605256324	22.409659204325415	Normal	0	0	0	0	0	less_than_24	2
52135	22.17572857455709	2020-03-21	2020-10-09	7.308706495587875	33.596894257449804	9.134716434906258	10.885368526406092	33.42601380762235	Normal	0	0	0	0	0	greater_than_24	3
51908	29.612532576255195	2020-02-24	2020-09-01	6.703707766902405	32.367718502580956	8.744787097587889	10.449077204512927	31.22577522352728	Obese	0	0	0	0	0	greater_than_24	3
52106	30.756719810205404	2020-02-22	2020-08-10	7.34566607737064	31.036494253398033	8.008740796679799	11.243147377636948	31.849758396329243	Obese	0	1	0	0	0	greater_than_24	3
52228	20.420388419940657	2020-04-09	2020-08-08	7.248441329389768	32.67394322634549	8.494074825036122	10.926450139882759	30.69633763544984	Obese	0	1	0	0	0	less_than_24	3
52790	23.735500604039796	2020-05-07	2020-07-31	7.0275360127197715	32.977824850236225	8.403951053913262	10.924235015653775	28.72400835962489	Obese	0	0	0	0	0	less_than_24	3
50980	37.56084351484688	2018-10-12	2019-03-12	4.507790696913585	22.883501141300748	6.071045090526035	7.983303324364579	19.62684226452672	Normal	0	0	0	0	0	greater_than_24	2
40820	21.131079103168744	2019-06-02	2019-11-11	5.235213971795612	23.725546949243462	6.418232675707424	9.008127677593757	20.38749374448523	Normal	0	0	0	0	0	greater_than_24	2
62919	26.575304486234746	2020-04-05	2020-08-08	7.843732757712529	31.67587822919927	8.748870756575375	11.201853211435736	32.77282721657705	Normal	0	0	0	0	0	greater_than_24	3
60670	28.351142168945515	2019-05-15	2019-10-21	4.838817329237762	23.94992266976137	5.99703222869014	8.153751889114831	20.610704012638198	Normal	0	0	0	0	0	greater_than_24	2
51780	20.73898466860129	2019-07-11	2019-12-03	5.008402276273279	21.724694634140018	5.868975898622199	8.200663761264577	20.138396468407258	Normal	1	0	0	0	1	less_than_24	2
42369	19.45783779192933	2019-03-11	2019-07-26	4.932917718450813	22.78302060919494	6.27150619777911	8.000568986414674	21.183533588101866	Normal	0	0	0	0	1	less_than_24	2
51889	31.521127696571973	2020-01-08	2020-07-09	7.168590570286366	31.404293019574503	8.452641382150402	11.875390608153939	32.20117800699972	Normal	0	1	0	0	0	greater_than_24	3
52568	26.93922183334018	2020-03-07	2020-06-13	7.01530428768433	31.84123503616209	8.270767660184376	10.911305536358789	30.616344436257293	Normal	0	0	0	0	1	greater_than_24	3
31445	16.772919457864916	2020-03-05	2020-09-13	4.399523717725385	24.062877307669364	6.21654230686942	8.528762559913913	21.559238716145067	Normal	0	0	0	0	0	greater_than_24	3
51298	47.96658173795778	2021-02-20	2021-06-21	7.285738567189915	31.938515857069618	7.957244007151169	10.579667081049118	28.687698507787058	Normal	0	0	0	0	0	greater_than_24	3
61891	47.801341993711965	2020-03-12	2020-10-04	6.313239432151302	33.11991809828368	8.68853606678638	11.559334784744328	30.367228507067974	Normal	0	0	0	0	0	greater_than_24	3
52489	17.012608950332485	2019-09-01	2020-02-08	7.280359343731285	30.19058626903071	7.801153411619658	10.857980962444008	29.763021931865357	Underweight	0	0	0	0	0	greater_than_24	3
60532	19.40833501704484	2020-03-05	2020-08-10	6.95041809446493	29.752889275030363	8.089560154913855	10.460913635477018	31.161292179953332	Normal	0	0	0	0	0	greater_than_24	3
51768	19.221726299357094	2020-04-09	2020-08-04	5.864827369095354	26.667674799661054	7.969285549210891	9.63000237979529	22.55434671197922	Normal	1	0	0	0	0	greater_than_24	2
41763	20.66924482104759	2019-10-05	2020-02-20	5.186740048158875	22.76177793093583	5.868085571594816	8.121307652894796	23.03261072126347	Underweight	0	0	0	0	0	less_than_24	2
51627	32.52408370281202	2020-03-25	2020-06-14	7.088438951380177	29.9106578294052	8.664472270235311	10.995645213408283	31.131425578964308	Normal	0	0	0	1	0	less_than_24	3
52426	27.555450736723582	2020-04-05	2020-08-28	6.8648574177178805	31.283140173682575	8.802008987413528	11.240891706024192	29.415242693198163	Normal	1	0	0	0	0	less_than_24	3
62278	20.318045634373394	2019-03-06	2019-09-23	6.786462189063499	31.309169307870796	8.764254492295162	11.935324713803068	31.262136578534506	Normal	0	0	0	0	0	greater_than_24	3
32423	25.79859666972701	2019-10-09	2020-04-08	5.146635526861513	23.65017121005898	6.2686099247559035	8.775977072338444	20.571594941565873	Normal	0	0	0	0	0	less_than_24	2
51397	22.581969117067832	2019-01-21	2019-06-21	5.0315183891665	24.15439837031084	6.748487195334105	7.863281123664536	22.522214309614863	Normal	1	0	0	0	1	less_than_24	2
52485	30.343578758982435	2020-04-08	2020-10-05	7.060917727299214	32.694256560276834	8.217519643566861	11.016516246162363	28.765316935144018	Normal	0	0	0	0	0	greater_than_24	3
30321	42.92084902677222	2019-02-18	2019-05-09	4.961610642520845	24.2665254095473	5.99518583691135	7.854605368417056	20.464817007741797	Normal	0	0	0	0	0	less_than_24	2
41794	25.962039791999914	2019-01-02	2019-07-06	4.444594195547736	22.67383398126361	6.383193503670534	8.586040657488129	19.665295000472202	Normal	0	0	0	0	0	greater_than_24	2
51932	26.25293309430363	2020-01-19	2020-08-09	6.5725523779060175	33.14414896926694	8.276128713467237	11.653950957388108	30.04180137816402	Normal	0	0	0	0	0	greater_than_24	3
50959	31.158284162152373	2020-02-14	2020-07-27	6.865052034526545	31.658109988359655	8.73362262536313	11.477076652941964	32.70802149993467	Normal	0	0	0	0	1	greater_than_24	3
51532	27.858061184804455	2020-01-13	2020-04-03	7.376380252231386	31.077630930347805	8.431898015525684	11.4201042506268	32.21626688511199	Obese	0	0	0	0	0	greater_than_24	3
52552	33.07749805890207	2020-04-24	2020-11-19	7.434380578541859	31.40236904091983	8.799140104296725	11.849095613726602	32.25358536341808	Obese	0	0	0	0	0	greater_than_24	3
60634	23.09746581454899	2019-08-09	2019-11-23	4.948080821880965	22.133223733369313	6.5935462140796215	8.357995738288725	19.925503708552487	Obese	0	0	0	0	0	less_than_24	2
51973	32.96906044248894	2020-04-21	2020-10-26	7.075415321487034	33.09235464297392	8.825414570666675	10.63625423447625	28.989479855536437	Obese	0	0	1	0	0	greater_than_24	3
52544	25.37316206034235	2020-02-12	2020-07-22	6.726851849672684	32.26542124218247	8.672129243172668	11.96110342470151	31.643669050229335	Obese	0	0	0	0	0	greater_than_24	3
33175	20.764990135032356	2018-12-14	2019-04-19	5.237340482645	23.411526815928507	6.113487646752761	8.104930743332702	22.13251541497518	Normal	0	0	0	0	0	greater_than_24	2
52306	30.01350678768473	2020-03-06	2020-05-28	6.98263605370724	32.703279977365824	8.70204620304043	11.238190090504371	33.04467813376942	Normal	0	0	0	0	0	greater_than_24	3
41544	28.094414019432275	2020-03-15	2020-09-04	7.356792372071105	32.77883600524226	7.9307197845421085	10.770630875419863	31.560757747568534	Normal	0	0	0	0	0	greater_than_24	3
60757	28.90309735804075	2020-05-09	2020-09-14	6.621991572665715	31.636600080401053	8.545083046112762	11.310500639678029	32.67237102678465	Obese	0	0	0	0	1	greater_than_24	3
51907	29.98293112898422	2020-03-17	2020-09-21	7.310615095511362	32.96081732230773	8.205653115311625	10.989662732658733	33.61689209052169	Obese	0	0	0	0	0	greater_than_24	3
61821	24.134282605290057	2019-06-05	2019-12-02	7.1291505748334885	30.366309279060026	7.88221103401381	10.89003281813159	31.061102441487122	Normal	0	0	0	0	0	greater_than_24	3
52475	28.86344488783642	2019-12-20	2020-04-04	7.21035012820243	32.38157057476427	8.282382354396098	10.944113723691656	31.212056347296365	Obese	1	1	0	0	0	greater_than_24	3
62505	26.017500803775768	2020-04-23	2020-08-01	7.3280447218663785	31.699971367411347	9.267343757495373	11.871174193906185	32.915607594756246	Obese	0	0	0	0	0	greater_than_24	3
50789	25.249204786226848	2020-02-06	2020-08-31	6.870259570907751	32.518582635900955	8.339135586939387	11.636713618387537	32.929760892604044	Obese	1	0	0	0	0	greater_than_24	3
52481	33.75197865389717	2020-07-09	2020-11-01	7.29512803481638	31.831580353017447	7.955762806515772	10.98781248299193	32.39249638977171	Normal	0	0	0	0	1	less_than_24	3
33635	32.268948787695784	2019-05-02	2019-09-12	4.970239705922379	24.127436302222574	6.334831999666302	8.718927258197617	22.602881863477275	Underweight	0	0	0	1	0	less_than_24	2
41226	31.238781129434262	2019-01-22	2019-08-06	4.9723979195063395	24.004177509919668	6.128914424965974	7.759131899653254	19.506981088835214	Normal	0	0	0	0	0	greater_than_24	2
32967	26.119967000330764	2019-06-29	2019-10-30	5.073709191966172	22.59228568309562	6.162920587420025	7.9212337175203995	20.185247765355527	Normal	0	0	0	0	0	less_than_24	2
62599	19.528901475332553	2019-10-20	2020-04-25	7.417507269780933	32.772309337591054	8.27672229372758	10.830476363258223	30.610750302801186	Obese	0	0	0	0	0	greater_than_24	3
52067	21.2537825218907	2020-04-13	2020-09-26	6.773020341743745	31.864440648541056	8.809120985732404	11.170271176327091	30.060845161415727	Normal	0	0	0	0	0	greater_than_24	3
52830	30.374940646226044	2020-05-24	2020-12-07	7.355957466819658	31.25597430514318	8.369391680124103	9.992627262134386	30.281345739189916	Underweight	0	0	0	0	1	greater_than_24	3
52226	33.53831993073903	2019-05-04	2019-09-25	7.002780937638109	31.503749579277812	7.855426941118832	10.708877242041051	29.31697361889412	Normal	0	0	0	0	0	greater_than_24	3
52158	77.51715926432375	2020-04-20	2020-08-16	7.207004560333673	32.60622578448419	8.601540546224134	10.832230965947701	33.48977122619123	Obese	0	1	0	0	0	greater_than_24	3
33859	58.49089679921978	2020-06-21	2020-09-11	7.456951439474161	32.36942704398226	8.904768480218797	11.342278186510498	32.75771142540951	Underweight	0	0	0	0	0	less_than_24	3
41955	25.01790108801623	2018-10-25	2019-04-17	7.028859389864275	31.195373696651842	8.213703554056224	10.238037630251206	28.114638203027344	Obese	1	0	0	1	0	greater_than_24	3
32288	24.999753447937646	2019-03-07	2019-07-21	7.266185281761305	31.548804673085435	7.869776621715352	10.953827738055251	30.16052736798374	Normal	0	0	0	0	0	greater_than_24	2
51527	29.692956344274414	2019-05-17	2019-11-23	4.589398941073936	22.78615288405881	5.988151018055243	8.023684998505955	18.1624920622137	Normal	0	0	0	0	0	less_than_24	2
32104	41.79710901802926	2020-03-02	2020-09-04	4.684653735558122	23.591962594992435	6.185175548700073	8.13491669812558	19.530598533194233	Normal	0	0	0	0	0	less_than_24	2
62192	33.946165197938704	2020-02-23	2020-07-11	7.250462690984089	33.69062014614684	9.283598605294703	11.755892663279136	31.113361251930627	Obese	1	0	0	0	0	greater_than_24	3
33586	27.753484162011933	2020-06-16	2020-09-19	7.029018125360338	31.92905575576028	8.636308855557562	11.59244965863802	30.732586288308884	Normal	0	0	0	0	0	greater_than_24	3
51293	30.35266213802779	2019-08-04	2019-12-27	5.170051566040319	22.554511809141633	6.185121376529605	7.648121127948007	23.186638241413778	Normal	0	0	0	0	0	less_than_24	2
61032	35.01034898652758	2019-07-16	2020-01-09	4.880000825780487	23.665990126010808	5.917362077908267	7.992091083357078	20.63055675158174	Normal	0	0	0	0	0	less_than_24	2
62937	39.359904624556016	2020-01-14	2020-05-22	7.086858858454127	31.04178813043673	8.643496073375278	10.647804106982106	30.949389278814788	Obese	0	0	0	0	0	greater_than_24	3
33865	24.253692120770843	2020-04-18	2020-10-07	7.017279189411738	31.2845793165206	8.72227926551403	11.607109897516994	31.774938125751916	Obese	0	0	0	0	0	greater_than_24	3
31943	31.364318729464042	2018-10-26	2019-01-14	4.929103918945695	23.64108632588152	6.206397772226533	7.518268246754756	21.794266619865738	Normal	0	0	0	0	0	less_than_24	2
62866	19.66473371479539	2020-03-12	2020-06-05	7.390157818549456	33.20047036871638	8.67383328430372	11.917153749954615	31.04093488935862	Normal	0	0	0	0	0	greater_than_24	3
51986	29.927584580075024	2020-06-24	2020-09-21	7.34274210777727	32.30121310566133	8.7762177072534	11.104989139362278	31.261908278315282	Obese	0	0	0	0	0	greater_than_24	3
61756	35.98473384156394	2020-06-13	2020-12-06	7.321676603714334	32.726155250588405	7.8956487149566295	10.467980408753967	32.58508431836938	Obese	0	0	0	0	0	greater_than_24	3
52280	23.457047398168154	2020-05-29	2020-10-18	6.230855909829284	32.73558440317944	8.49255875561494	10.798402702766897	27.54926973379709	Normal	0	0	0	0	0	less_than_24	3
51749	26.00485852088661	2019-08-03	2020-01-01	5.180013136872923	24.62098560191689	6.384137341079218	8.07652798573261	23.39070389460631	Underweight	0	0	0	0	0	less_than_24	3
50774	22.66818654719262	2019-04-06	2019-07-06	4.673329377655088	22.19780223355213	6.3045807186534315	7.56862664921053	20.139490665827	Normal	0	0	0	0	1	less_than_24	2
52173	19.033599072245714	2020-06-04	2020-09-05	7.408670288596458	32.895456263179554	7.990489226115903	11.212278565551147	33.417073569177184	Obese	0	0	0	0	0	greater_than_24	3
51622	44.105039963054466	2019-04-03	2019-10-13	5.1114848598004246	25.249432144371657	6.398112248399094	7.897663742227552	21.665208218303402	Normal	0	0	0	0	0	greater_than_24	2
51867	21.97761965501408	2019-05-29	2019-10-10	6.961941113542805	29.90138594459194	8.697891922808132	11.398653368347047	31.01998499976934	Normal	1	0	0	0	0	less_than_24	3
60538	36.34059795577816	2019-05-23	2019-10-19	6.944424171228677	30.99495357632426	8.440846442438682	9.686334371432652	30.43004440479678	Obese	0	0	0	0	0	greater_than_24	3
32785	30.552122596268468	2020-02-22	2020-09-11	7.346605167086723	32.817127032597924	8.812001574043222	11.323818800100051	30.94479655132886	Obese	0	0	0	0	0	greater_than_24	3
51101	28.392371787337137	2019-01-26	2019-07-26	4.89343954440906	23.621023763156902	6.219341895646556	8.568787946530207	19.946480284388212	Normal	0	0	0	0	1	less_than_24	2
52581	24.666104863889515	2020-05-20	2020-08-16	7.298830300100282	32.342598456111425	8.753604255333368	11.743072883954248	32.95522611715625	Obese	0	1	0	0	0	greater_than_24	3
51172	23.49382137597308	2020-02-10	2020-08-28	7.757668710714254	31.09360377512879	8.555811693771814	11.712930286320136	31.199791034439038	Obese	0	0	0	0	0	less_than_24	3
52009	45.74631672504812	2020-04-18	2020-11-12	7.4672062900247695	30.615596623065706	9.21339321378647	11.676164457075084	31.78481576711156	Obese	0	0	0	0	0	greater_than_24	3
51029	21.568841562362167	2019-02-18	2019-09-12	4.953821073749365	23.848195616926155	6.128165153572691	7.846389144918919	21.260712862209846	Normal	0	0	0	0	0	less_than_24	2
62220	21.335172656734965	2020-05-14	2020-08-15	7.012260351566918	30.916309710728655	9.24718994592584	11.840332670241766	32.190409229994785	Normal	0	0	0	0	0	greater_than_24	3
52518	29.429289254491188	2020-01-11	2020-04-19	6.999621295009067	33.40980179248031	8.394165578517189	11.315058146702343	29.363350690315006	Obese	0	0	0	0	0	less_than_24	3
42922	23.54214901491926	2020-05-13	2020-09-22	7.393969300258963	33.44641412623596	8.40747981734265	10.617580935695521	33.1015986519911	Obese	0	0	0	0	0	greater_than_24	3
51563	37.17221247411451	2019-03-04	2019-07-20	5.157327396673706	23.10731492134166	6.208779551442255	8.35188887646916	20.53312573797767	Normal	0	0	0	0	0	less_than_24	2
52565	18.52664631959572	2020-02-01	2020-08-08	7.039014687641595	33.155132691343084	8.82075771141358	11.057228719531793	31.481510824167508	Obese	0	0	0	0	0	greater_than_24	3
52685	40.504383199375994	2020-04-08	2020-09-27	6.686565359649501	33.16229940482819	8.390496938206548	11.259359161246293	31.339358775607412	Obese	0	0	0	0	0	greater_than_24	3
50392	21.682188181513514	2018-11-20	2019-04-03	4.524481929552303	23.755627535987507	6.21580198538679	8.470650977032022	22.086565002389307	Normal	0	0	0	0	1	less_than_24	2
52033	26.572026364437093	2020-01-25	2020-08-20	7.495239916404085	33.3971391573097	9.258589964689483	11.628964348795629	33.303361520272176	Obese	0	0	0	0	0	greater_than_24	3
52906	27.820344783997545	2020-06-24	2020-10-30	6.981286744809328	33.80406168537135	9.098317057705366	10.432027915567923	32.49004952481163	Underweight	0	0	0	0	1	greater_than_24	3
32321	19.29241132960803	2020-03-25	2020-09-26	7.191109853618723	33.07689345348844	8.75926762130893	11.634696724284627	32.07684888165117	Obese	0	0	0	0	0	greater_than_24	3
52508	21.424825227933404	2020-03-28	2020-06-20	4.916191996681009	24.752714851064628	6.06611394186623	7.955693494218873	22.9346508735499	Normal	0	0	0	0	0	less_than_24	2
52026	46.10570943730215	2019-10-20	2020-05-07	6.929627518451372	33.7284355290162	8.778310112184977	11.88822922184025	32.93597024053648	Obese	0	0	0	0	0	greater_than_24	3
52318	29.345537619356968	2020-02-24	2020-06-07	7.259267193147756	31.890630946533644	9.207141794023944	11.385672640842715	33.34662366022249	Obese	1	1	0	0	0	greater_than_24	3
52519	28.167669552301305	2019-08-17	2019-11-05	4.9402045878067895	23.7195593944221	6.47349039704551	7.960539607292001	21.99984702798031	Underweight	0	0	0	0	0	greater_than_24	2
52925	21.356634209677967	2019-05-09	2019-09-16	5.306197387083044	24.2862009277008	6.258305552272053	8.05412428371088	20.492117135380294	Underweight	0	0	0	0	0	less_than_24	2
63147	33.69237569061579	2020-05-13	2020-10-08	7.224352646048422	32.68161719151857	8.163604827492474	11.439328911386205	28.32365868638309	Obese	0	0	0	0	0	greater_than_24	3
50966	27.950186956475406	2019-03-27	2019-10-12	4.6507035270427215	22.490330605209945	5.915510209826262	8.055660907595003	18.77030270374606	Normal	1	0	0	0	0	less_than_24	2
41308	36.3617340827379	2019-01-15	2019-05-24	4.909289446744485	22.94430832028909	5.868284675593081	7.493457075911635	20.352621788402466	Normal	0	0	0	0	0	greater_than_24	2
51857	38.8094902480212	2019-07-22	2020-01-18	5.429158056005184	24.315297215975864	6.138434703340795	8.518547998317622	21.98013377407962	Underweight	0	0	0	0	0	less_than_24	2
33267	25.600225187789867	2020-02-07	2020-04-25	6.075663128670007	31.61332307745025	8.11133514539109	11.35145749779891	26.214878677859744	Normal	0	0	0	0	0	greater_than_24	3
51487	31.551191556143294	2019-09-14	2020-03-09	7.395215453956984	33.65838365386738	8.488572996026454	11.142904710060206	30.72598531598356	Underweight	0	0	0	0	0	less_than_24	3
50976	24.23702686686231	2019-06-16	2019-11-13	4.934527418520385	24.02606019482491	6.121062359514896	7.888784819358221	21.05763540145576	Normal	1	0	0	0	1	less_than_24	2
62189	42.88178741210022	2019-06-28	2019-10-06	6.418943383926137	32.38574656653821	8.302381630298878	11.406613283149339	29.779095438166138	Normal	0	0	0	0	0	greater_than_24	3
51949	33.5982412414336	2020-03-06	2020-09-18	7.3807045936902425	33.461997135144564	9.193984521332313	11.16080489785916	32.20866222850399	Obese	0	0	0	0	0	greater_than_24	3
62856	24.379382551504335	2020-01-18	2020-08-09	7.22621784530854	30.55851302911757	8.589774049781303	11.6974213026268	29.75920037055276	Obese	0	0	0	0	0	greater_than_24	3
51044	23.98973207133272	2019-04-25	2019-09-12	4.750891200057243	22.84317158088954	6.21186796392058	7.997587366568906	20.584999471800923	Normal	0	0	0	0	1	greater_than_24	2
51905	16.744366146519024	2020-04-23	2020-10-18	6.557439332969689	33.60287416441094	8.91262482878941	11.667425613011797	32.09692424975091	Obese	0	0	0	0	0	greater_than_24	3
62176	33.25483293884011	2020-02-10	2020-07-27	7.119086109669819	33.51024311406078	8.654712695770542	10.602817014767316	33.312683673993895	Normal	0	1	0	0	1	greater_than_24	3
51729	25.94615528000123	2020-05-27	2020-11-04	7.431614372361183	32.84651690127663	9.04395709296675	11.52318004491676	32.94884936583167	Obese	0	0	0	0	0	greater_than_24	3
30562	26.125024124585977	2019-02-25	2019-08-27	5.280019801743162	22.678989653408465	7.156931742460506	8.678886857990808	22.954740833413428	Normal	0	0	0	0	0	greater_than_24	2
59828	24.020932587627982	2021-01-23	2021-07-16	6.987466193015673	28.663427245420458	8.352324661091865	11.555125518992842	29.601328177723307	Normal	1	0	0	0	1	greater_than_24	3
30764	24.524574182673053	2019-12-19	2020-05-02	4.7867320294314135	23.776044105934886	6.043590042073805	8.335101940783844	22.22910051011069	Normal	0	0	0	0	0	less_than_24	2
32390	18.97272467724224	2019-12-10	2020-06-16	6.846415109217589	30.751034565992295	7.94036723277828	11.163808507647293	28.285423199752028	Normal	0	0	0	0	0	less_than_24	2
52790	25.822134855846123	2020-03-10	2020-07-28	7.276850751763365	32.01097767159885	8.602767440942575	11.824256344215891	32.47044902713834	Obese	0	0	0	0	0	less_than_24	3
52886	28.32683348835789	2020-03-04	2020-08-21	7.188631670022223	31.79514668774904	8.278325693767961	11.601208835250572	32.05204471823294	Normal	0	1	0	0	0	greater_than_24	3
52501	27.2897845342098	2020-05-21	2020-08-23	7.171951634307656	32.828539866335674	8.934439472357509	11.15722442154436	33.73363646820837	Obese	0	0	0	0	0	greater_than_24	3
51994	66.4064462726141	2021-01-22	2021-08-12	7.236616621379174	30.435571166224648	8.015036075663273	9.619066089452936	30.497489735312733	Normal	0	0	0	0	1	greater_than_24	3
51070	46.86449730733365	2020-04-10	2020-10-24	6.735061197367355	32.334212999659	9.269723919801788	11.559140619600191	32.166270053418216	Normal	0	0	0	0	0	greater_than_24	3
51859	32.2998443794908	2019-07-05	2019-10-07	6.7902284188626325	30.518105581342876	8.119725638614781	9.350577799133967	28.84256832516851	Normal	0	0	0	0	1	less_than_24	3
62085	28.51771988496841	2020-03-26	2020-07-14	6.9992177374573865	32.40464416122791	9.00125410169749	10.776802467604924	31.834308425775056	Normal	1	0	0	0	0	greater_than_24	3
51756	34.834136217970865	2020-04-24	2020-09-09	6.866016241161448	32.51296917493423	8.625520088295092	11.355949364582495	31.363652807331906	Obese	0	0	0	0	1	greater_than_24	3
51971	29.700150616909827	2020-03-27	2020-09-12	7.313649711064703	31.28557472387887	8.277115722221591	11.63360273835002	32.85066405165006	Normal	1	0	0	0	0	greater_than_24	3
62214	34.65447267545052	2020-04-13	2020-10-01	7.052414456617269	32.13329885904362	8.608917793229821	11.491299206944657	31.0446957173242	Obese	0	0	0	0	0	greater_than_24	3
50757	33.795904538845754	2019-08-28	2020-03-15	5.335571220357565	22.14781174930854	6.163422759343477	8.0136098925142	21.51530080121684	Normal	0	0	0	0	0	less_than_24	2
52440	27.498584974725592	2019-11-04	2020-05-08	6.7892042100397045	32.502768609077336	8.58288090245248	11.808400037775746	31.313226741563547	Underweight	0	0	0	0	0	greater_than_24	3
60800	31.53410187486342	2020-08-18	2020-11-04	5.262525680310122	23.66322885720164	5.964422220784233	7.831671768451374	20.5063359492247	Normal	0	0	0	0	0	greater_than_24	2
50418	25.654140192738247	2020-05-05	2020-08-14	7.096438196835159	32.3244034631756	8.518848471531681	11.368148423282351	31.297543679551847	Obese	0	0	0	0	0	greater_than_24	3
51681	45.06033623217026	2020-04-30	2020-09-27	7.372486715249238	32.13072396957948	8.7230976110605	11.587716244579925	31.020622156147567	Obese	0	0	0	0	0	greater_than_24	3
52132	17.237418214738156	2020-02-24	2020-06-21	7.42542803379919	30.34539112815498	8.886567167950286	11.664062181309728	29.11228910109223	Obese	0	0	0	0	0	less_than_24	3
51104	32.894567488911996	2019-08-28	2020-01-16	4.946242170904795	23.465323741477167	6.553507778361871	8.21736379385583	22.84434491739365	Normal	0	0	0	0	1	less_than_24	2
52270	35.87451079207501	2020-03-09	2020-08-16	7.370749087635993	31.224509335876803	8.590585470148461	10.170269798483622	30.598045966662784	Normal	0	0	0	0	0	greater_than_24	2
40969	30.09194199795085	2019-07-19	2019-11-28	4.503120385429752	24.49688455054116	6.327926466051234	8.007425724908288	22.375706781183176	Normal	0	0	0	0	0	less_than_24	2
50546	21.114228628164028	2019-06-01	2019-11-17	4.868158329672688	23.03809986814875	6.018806037731264	8.040423800001792	19.98658035354538	Normal	0	0	0	1	0	less_than_24	2
52930	34.9515685516187	2020-06-01	2020-11-16	7.368600211576174	33.173182378948994	8.666451478177848	11.929247207814395	33.28839279685594	Obese	0	0	0	0	0	greater_than_24	3
40914	29.326492218031646	2019-05-16	2019-09-26	6.9415371846063065	32.871668112514186	8.489295062412408	10.744445013275369	32.590591525440956	Normal	0	1	0	0	1	greater_than_24	3
52321	37.428776498655466	2019-12-24	2020-07-02	7.235508732245087	32.085364452507804	8.47648687198531	10.332717247259723	33.36071498797035	Normal	0	0	0	0	0	greater_than_24	3
62078	42.828242543006596	2020-05-05	2020-08-31	6.515836119134894	31.341619066451134	8.67174802668642	11.914742438027908	30.459456087206696	Normal	0	1	0	0	0	greater_than_24	3
51484	23.68604291160951	2020-05-21	2020-09-21	7.0690092063115255	30.769875393928295	8.95786346943806	11.513753960688321	32.55959890446335	Obese	0	0	0	0	0	greater_than_24	3
51935	45.28007896214227	2020-05-03	2020-11-23	7.039963240875185	31.224509719992103	8.177269253806939	11.131497753972997	32.04553883916618	Obese	0	0	0	0	1	greater_than_24	3
41011	26.10731628648984	2019-03-06	2019-06-13	5.1608027626109605	24.208140420686696	5.900774300897948	8.090113765794726	21.014564659238893	Normal	0	0	0	0	0	greater_than_24	2
51373	31.409124374218457	2020-05-20	2020-12-05	7.46045008188289	32.99610390954873	8.087898863522351	10.466499086227948	31.67194732474804	Normal	0	0	0	0	0	greater_than_24	3
42320	32.38691637597827	2020-03-24	2020-07-05	7.380580853195473	33.83170196374073	8.658209055760036	11.32509791007296	31.398689379154376	Normal	0	0	0	0	0	greater_than_24	3
51783	34.217950250459076	2020-01-01	2020-04-03	6.954817772384904	32.56251170760243	8.800312492298458	11.464596020538814	33.815238471483006	Obese	0	0	0	0	0	greater_than_24	3
32096	36.53113934693221	2019-03-27	2019-09-27	6.918553087257726	30.703240855402814	9.042174677432426	11.792778475967532	31.986527460988842	Normal	0	0	0	0	0	less_than_24	3
32831	26.551145217976757	2019-04-30	2019-11-23	7.0101724308524895	30.58995909442392	8.763957600812574	10.672152484545514	29.075516716766383	Obese	1	0	0	0	0	greater_than_24	3
51933	36.67930577507699	2020-03-16	2020-09-05	7.456800709370551	32.610695898829256	8.69121233644045	11.755104274032062	29.853883078861813	Obese	0	0	0	0	0	greater_than_24	3
31240	30.460757773171277	2020-03-24	2020-08-29	7.215889783111114	33.37584995606983	9.180463153644924	10.982838205497748	30.97589794075852	Obese	0	0	0	0	0	greater_than_24	3
50488	21.736286662977058	2019-01-18	2019-04-18	4.713840383976778	23.777182054887728	6.271733443573902	8.333084080469845	19.855072413834247	Normal	0	0	0	0	1	less_than_24	2
40547	29.291615288739447	2020-02-13	2020-06-12	7.3567842523159035	28.413926669933044	8.002114246603062	10.986810006438159	29.93795307291242	Normal	1	0	0	0	1	less_than_24	3
52220	25.18080534315963	2020-03-27	2020-09-21	6.780474748765599	33.144862984732534	8.778857982252427	11.255720105786926	32.56038909333951	Normal	0	1	0	0	0	less_than_24	3
52452	24.43780549519059	2020-03-06	2020-07-04	7.008178630680756	32.77209862291323	8.527821877751785	11.763730668396573	28.016725803122963	Normal	0	1	0	0	0	greater_than_24	3
52693	25.261425792994864	2020-02-15	2020-08-05	6.65748154308595	33.13175433682719	8.42836033217435	10.770203956093352	31.2166883609862	Obese	0	0	0	0	1	greater_than_24	3
62580	33.15946097718973	2019-11-22	2020-05-30	7.4490899725414295	31.915947876085536	8.235845155814669	11.054999865481383	30.05324898714041	Obese	0	0	0	0	0	greater_than_24	3
61273	26.148173591114126	2020-04-18	2020-09-04	7.17019547992902	29.810156146849316	8.607308976892963	11.7830686267458	31.126799440061813	Obese	0	0	0	1	0	greater_than_24	3
30896	21.87291618513375	2019-02-25	2019-08-18	5.298370650413016	22.57094183497246	6.257384247208853	8.510070464387248	20.681585298423002	Normal	0	0	0	0	0	less_than_24	2
51321	36.62174221179149	2020-03-27	2020-07-03	6.761940742783364	33.09895330480672	9.013078111635163	11.411908863501337	32.90951547461426	Obese	0	0	0	0	0	greater_than_24	3
40874	33.623921878537544	2019-11-24	2020-05-18	5.031271105445075	22.937824768735325	6.144738402735084	8.079235438972395	22.525005406362865	Normal	0	0	0	0	0	less_than_24	3
61338	22.353171147738134	2020-03-25	2020-09-20	5.002988702488742	23.716995514103846	6.021600993984223	8.429681583804314	22.447504818425664	Normal	0	0	0	0	1	less_than_24	2
51480	28.938407275963783	2020-03-01	2020-06-02	7.3038138284462475	33.281886788822625	9.195050575402874	11.934287197320794	32.34483633557951	Obese	0	0	0	0	0	greater_than_24	3
52186	24.264022453125335	2020-04-23	2020-09-10	7.315425593017598	32.24380312345702	9.234678051404199	11.423816631679621	32.846483172961804	Normal	0	0	0	0	0	greater_than_24	3
31280	21.162436705575328	2019-07-26	2020-01-12	5.1701752676949475	23.210610450039468	5.905255685033654	7.764087400941387	20.59277574374199	Normal	1	0	0	0	0	less_than_24	2
41339	23.204398649353397	2019-06-17	2019-10-23	5.165444923118865	23.134666603156862	5.922473233221774	7.8742379585733016	21.920774275233228	Normal	0	0	0	0	0	less_than_24	2
51959	24.426580789058637	2019-08-02	2019-10-25	4.869375506597452	23.264883143336373	6.049990236631546	7.8441335455823005	19.561953557088547	Normal	0	0	0	0	0	less_than_24	2
30318	27.288320441558838	2018-10-27	2019-03-21	4.505106547998135	24.25605422884515	5.955000485967909	8.248545741934276	19.445608049275112	Normal	1	0	0	0	0	less_than_24	2
52029	28.656972640792823	2020-02-13	2020-08-29	6.811782409113968	33.166532794402386	9.03091061410287	11.056426846594155	30.358686202751144	Normal	1	0	0	0	0	greater_than_24	3
40006	30.658143357398757	2020-09-28	2021-03-22	7.011361088678287	32.20608376941219	8.575277634143989	11.443818466679978	31.157758902829837	Obese	0	0	0	0	0	greater_than_24	3
51382	25.392283967094244	2019-06-03	2019-10-19	5.138240771901505	22.2196301804725	5.855449369220544	7.67956907964763	19.811159627074854	Normal	0	0	0	0	0	greater_than_24	2
61767	26.915138423996595	2019-11-07	2020-01-31	7.08044576715091	31.413008376194398	8.689192491094243	11.616032333798799	31.385917598691066	Normal	0	1	0	0	0	less_than_24	3
41940	21.355764948645533	2019-06-27	2019-11-28	6.98188740655947	31.06779213250973	8.205859792324752	10.144756098970182	31.956524696214142	Normal	0	0	0	0	0	less_than_24	3
31504	34.35290242706034	2020-06-16	2020-11-03	7.086986258556875	32.621909431600905	8.500323018818973	11.922028938798551	33.25257632235224	Obese	0	0	0	0	0	greater_than_24	3
51801	31.129861718853306	2020-01-06	2020-06-07	7.02627893737919	30.035934345080097	8.804481163171731	10.441975163854993	28.358101799219938	Normal	0	0	0	0	1	greater_than_24	3
50958	28.709983021357967	2020-01-25	2020-05-20	4.86605987412896	23.411632026600735	6.080524968247836	7.912736872963176	22.228030650665794	Underweight	0	0	0	0	1	less_than_24	2
51960	46.59077004790495	2018-12-24	2019-03-28	4.656150657173245	22.915341412705548	6.622940294946112	8.200646064251004	19.333182030075626	Normal	0	0	0	0	0	less_than_24	2
61952	30.44019897616477	2019-07-19	2020-02-09	5.1740083925939055	22.84386929376853	6.362313661497218	8.566227337371759	20.09602620352892	Normal	1	0	0	0	0	greater_than_24	2
52357	39.72203760632628	2020-04-07	2020-07-24	6.9606384360559295	32.999516170362774	8.586688254787914	11.480192926455707	32.90552693822757	Obese	0	0	0	0	0	greater_than_24	3
31713	31.172077875804675	2019-09-26	2020-03-25	5.258183493922935	23.58941696066914	6.183191788398263	8.347250223440126	22.839540664374667	Underweight	1	0	0	0	0	greater_than_24	2
30705	24.41176835951952	2020-04-30	2020-10-10	7.2308862470987405	32.13529483187988	9.14308653004208	11.594672070480717	32.59094315668677	Obese	0	1	0	0	0	greater_than_24	3
52842	43.20704085867812	2020-01-02	2020-06-17	7.4490482873193	31.725606728545383	8.472635933667645	11.92576866191415	31.09043133352596	Obese	0	0	0	0	0	greater_than_24	3
31931	24.14066525879771	2020-05-22	2020-09-25	7.445032610920873	31.331780254894657	8.302528121507105	11.571272859122358	33.07785232659107	Obese	0	1	0	0	1	greater_than_24	3
62634	19.662840855504577	2019-11-30	2020-06-06	7.456004172821501	31.794935369461456	9.189835382620137	11.959184082855314	32.53576312900957	Normal	0	0	0	0	0	greater_than_24	3
31037	26.43261389187978	2019-04-23	2019-08-26	4.679768763913754	24.28139009613052	6.070411852833545	8.231471013575316	20.42334079994979	Normal	0	1	0	0	1	less_than_24	2
62947	31.10473149030094	2020-05-05	2020-11-26	7.223336418657919	31.901511725709888	9.335001118652261	11.750498758999429	33.58762902418855	Obese	0	0	0	0	1	greater_than_24	3
51607	26.77076778465418	2020-02-18	2020-05-30	7.83904526409256	33.321847071516686	8.952121207986872	11.057467273841377	30.789973860592603	Obese	0	0	0	0	0	greater_than_24	3
52760	36.997638265890785	2020-06-09	2020-09-16	6.75856948618204	32.716393234654745	8.691918167131576	11.655554529032925	32.85700659323621	Obese	0	0	0	0	0	greater_than_24	3
52340	24.851323250993595	2020-02-08	2020-06-07	7.3097445662634986	32.960064456323416	8.539365120535578	11.0381854304625	33.496679069684525	Normal	1	0	0	0	0	less_than_24	3
33273	34.73333289947562	2019-01-23	2019-06-17	7.203736701953083	31.933530150247243	9.107625997340211	10.48468267765963	28.59302095782462	Normal	0	1	0	0	0	greater_than_24	3
41184	23.82702566325341	2019-05-01	2019-10-14	7.249309857289517	33.33521591515618	8.311080881131454	10.223627298924063	29.008236606464383	Normal	0	0	0	0	0	greater_than_24	3
40113	30.558833685491358	2020-01-08	2020-07-05	6.677303128661866	33.51685516505539	8.486521449235703	11.48624975745218	31.951581337812733	Obese	0	0	0	0	0	greater_than_24	3
61249	15.09669615372327	2019-11-26	2020-06-08	4.481471328238699	22.796560908425707	6.2084361774053605	8.486310529635464	18.82314708476511	Normal	0	0	0	0	0	greater_than_24	2
40353	23.27368351510607	2019-12-30	2020-06-22	7.434441019254877	31.928848443246522	8.118221556440483	10.925056116227143	31.529501619232462	Normal	0	0	0	0	1	greater_than_24	3
51989	29.662847450132606	2020-05-22	2020-08-22	7.0037483607253375	32.6132010988036	8.614652474510185	11.915554627058963	30.8847897258448	Obese	0	1	0	0	1	less_than_24	3
50874	24.46919766935563	2020-05-07	2020-09-22	6.6543754154353	31.514340900140116	7.929312382163435	10.945548929575272	28.815386076063117	Normal	0	0	0	0	0	greater_than_24	3
32442	40.57476619006768	2020-01-20	2020-07-18	6.946428750089535	33.243478551427415	9.070189825325645	10.795618003530139	32.509656612065676	Normal	0	0	0	0	0	less_than_24	3
33114	27.646675201725838	2019-04-25	2019-07-14	5.051075639897349	25.90865697397783	6.563107135522612	8.468351324998329	21.039142941953706	Normal	0	0	0	0	0	greater_than_24	2
51313	24.413050724410866	2020-02-23	2020-06-18	6.955228306064294	31.838325307905215	8.684254312544951	11.540211144650742	32.226388621367555	Obese	0	1	0	0	0	greater_than_24	3
31504	16.851409656225876	2019-12-20	2020-03-31	5.081381134144947	23.86004712710152	6.341721650341337	7.970635932825657	19.800968429851512	Normal	1	1	0	0	0	greater_than_24	2
33427	22.561939219656388	2020-03-23	2020-08-09	7.215026363840959	32.117169967422775	8.530981441835477	10.209250859627462	29.594966374244002	Obese	0	0	0	0	0	greater_than_24	3
51042	34.99216721691338	2020-04-24	2020-07-15	6.594228978854629	32.301824068479796	9.188465767214618	11.477446876560052	31.673848629103887	Normal	0	0	0	0	1	greater_than_24	3
52367	35.491296620271456	2020-03-07	2020-09-05	7.0699041520063695	32.911444897842976	8.588666203408465	11.923961258669944	29.978840142185714	Obese	0	0	0	0	0	greater_than_24	3
42159	32.55083611412217	2020-05-16	2020-11-03	7.242653030376801	32.24430927767271	8.931399914131468	11.126645380389606	31.250620536774317	Obese	0	0	0	0	0	less_than_24	3
33207	37.19216887593798	2019-07-02	2019-11-08	5.015331984606716	24.041307935057592	6.128375917665822	8.05380801550884	22.581036982273233	Normal	0	0	0	0	0	greater_than_24	2
61484	26.665871841791983	2019-04-27	2019-11-09	5.186387646732095	23.693611531771992	6.110599567309729	8.203872172874272	24.762444939661428	Normal	0	0	0	0	0	less_than_24	2
50307	28.266083123936827	2019-01-28	2019-05-10	4.777594266294847	23.100141040113975	5.955350856061723	8.352389761013626	24.055471071327688	Normal	0	0	0	0	0	less_than_24	2
51880	28.743708519887015	2020-09-15	2021-03-20	7.128545081257187	31.50543853424365	8.312795304231935	10.41720653488101	31.47495965925848	Normal	0	0	0	0	1	greater_than_24	3
52056	22.980585864399007	2020-02-09	2020-07-25	7.289505275883062	31.088046010880287	8.642336141974027	11.873130399172295	32.81916781845755	Obese	0	0	0	0	0	greater_than_24	3
61839	26.79420324516301	2020-05-31	2020-08-25	7.4919728013813645	31.212569084397924	8.345869317105898	11.381499031961834	31.925595673948905	Normal	0	0	0	0	0	greater_than_24	3
51134	18.607839485907927	2019-07-25	2020-01-19	5.414550565181391	23.892738877777393	5.9523325932352105	7.476198627662067	21.04184188063528	Normal	1	0	0	0	0	less_than_24	2
62153	62.84954136359273	2019-08-11	2020-01-10	7.0672776399239945	32.13473307444971	8.491539328409091	11.50100887672863	31.191579806578893	Normal	0	0	0	0	0	greater_than_24	3
51194	35.67728470528467	2020-05-04	2020-09-12	7.3016146899581	31.61747262014223	8.08193647743613	11.03494519197825	32.246645132836356	Obese	0	1	0	0	0	greater_than_24	3
52380	27.33533934780868	2019-07-05	2020-01-12	7.007919742006971	33.309858503820664	8.625630983549984	11.690745976884376	29.762446301553453	Obese	0	0	0	0	0	greater_than_24	3
52467	30.851825317313732	2019-03-11	2019-08-15	4.667923971719557	21.97661118745231	6.582804439332724	7.531156313092246	22.062048127624827	Underweight	0	0	0	0	0	less_than_24	2
52546	27.971765786945717	2019-05-06	2019-11-10	7.240288008720758	30.167977710214757	8.551351838569117	11.706962019627724	30.800021569217467	Normal	0	0	0	0	0	greater_than_24	3
33809	36.927606772280484	2020-02-14	2020-07-25	7.259924607412251	33.42022602318793	8.956543287548085	11.016474548384357	33.01492799927522	Obese	0	1	0	0	0	less_than_24	3
51884	23.417114986506128	2020-04-03	2020-07-19	7.197195038328937	33.39650657428731	8.165106438354112	11.468033676747043	32.73900122215844	Obese	0	0	0	0	1	less_than_24	3
33416	34.499433660784774	2019-08-04	2019-11-11	7.145261503194821	30.488004907305	9.070839463593469	11.527513749711055	32.24179015405645	Normal	0	0	0	0	0	greater_than_24	3
41603	30.376340939902146	2019-09-14	2020-02-18	6.779428536891757	32.4470774879585	8.300998337265227	11.6030166771151	29.41191236114178	Normal	0	0	0	0	0	greater_than_24	3
51548	29.294269513737568	2020-01-12	2020-05-13	7.210692473092535	31.692752578866543	8.807337018971701	11.183084213806696	31.919590359396125	Obese	0	0	0	0	1	greater_than_24	3
34460	32.129182121746695	2020-05-11	2020-10-29	7.408132497767757	32.064679514462334	8.89361889509697	11.416797322009002	32.42778191231053	Obese	0	0	0	0	0	greater_than_24	2
52164	21.95017554084785	2019-09-20	2020-04-15	7.123580479946234	33.21745594719927	8.765724851523451	11.472152366342225	32.0486129954083	Normal	0	0	0	0	0	greater_than_24	3
33158	23.956328382730284	2020-04-12	2020-08-29	7.182705906984567	31.187077135454125	8.523927238867913	11.967584208050532	31.79608170695447	Normal	0	0	0	0	0	greater_than_24	3
32242	31.43441689416938	2019-11-17	2020-05-14	4.531074328443507	22.022658840643132	6.2481023705033705	7.400396264843286	21.77903743237989	Underweight	0	0	0	0	0	less_than_24	2
61022	26.156443595095492	2019-11-12	2020-03-10	7.10796596196713	32.247137244244705	8.466504762987551	10.419762269971722	31.746810430163833	Normal	0	0	0	0	0	less_than_24	3
61922	37.44663574831406	2020-03-14	2020-07-30	5.021652990869328	23.31885776467189	6.040268490725717	8.365139499562067	22.551273982701634	Normal	0	0	0	0	1	less_than_24	3
52031	28.906499344553012	2019-09-01	2019-12-30	5.354378846714986	23.61049990228886	6.012677491870113	7.412551982776428	21.44549392639431	Normal	0	0	0	0	0	less_than_24	2
50882	18.540263178736836	2019-05-04	2019-08-25	5.346539051053576	24.07803431679246	6.055536628621224	8.454669002348462	20.84541888891227	Normal	1	0	0	0	0	less_than_24	2
52478	23.697542559550065	2020-03-24	2020-06-19	7.100056376907619	33.356357745855476	9.240164226479703	11.486799763611135	31.433174006010578	Normal	0	0	0	0	0	greater_than_24	3
61740	33.07487573339138	2020-06-27	2020-09-15	7.353712811957279	32.83915132581433	8.38957416699284	10.393619180323078	31.3553198676057	Underweight	0	0	0	0	0	greater_than_24	3
41876	25.0636017233358	2019-09-28	2020-01-02	5.037662022754958	24.824818034488935	6.320159204154972	8.202798961848545	20.711882315782244	Normal	0	0	0	0	1	greater_than_24	2
51980	43.827431483892894	2020-04-30	2020-08-14	7.214833433882848	31.203487226910003	8.080373736379	10.937422409334804	31.00516475972562	Normal	0	0	0	0	0	less_than_24	3
50841	44.224675474186625	2019-10-20	2020-03-21	6.900619455859333	30.773397168757516	7.808773281383666	9.190689858681095	29.300092012629168	Normal	0	0	0	0	0	greater_than_24	3
31781	32.21831491894408	2019-03-13	2019-07-23	4.858927829161195	23.579288001499233	5.910352659150704	7.817169329490751	21.86820481850665	Normal	0	0	0	0	1	less_than_24	2
51153	31.452372573410166	2020-05-02	2020-10-18	6.812563406624452	32.39252631129726	8.167856726528235	11.290182021770756	33.138615271416704	Obese	0	0	0	0	0	greater_than_24	3
51354	38.82643775662463	2019-11-01	2020-03-09	7.169969098866731	31.335036400276824	8.239108228672805	10.159008516512358	31.058352132741714	Normal	1	0	0	0	0	greater_than_24	3
32271	33.35497821438171	2020-03-06	2020-09-20	6.944105728153182	32.99368442215948	9.405943250270212	11.448134610326857	31.983116862230613	Normal	1	0	0	0	0	greater_than_24	3
51565	32.87423546322594	2020-04-15	2020-09-16	7.189993558822561	33.022933375397386	9.02529737421041	11.843488538719868	29.38314946670099	Obese	0	0	0	0	0	greater_than_24	3
51356	29.796028279257975	2019-07-15	2019-12-25	5.40678352675768	22.05551450229096	6.302854331310443	8.139235317854931	20.789656463728644	Normal	0	0	0	0	0	less_than_24	3
52328	22.918991818396098	2020-06-15	2020-11-19	7.13584248251956	32.24051498675788	8.319655711392711	11.309518575759169	32.41536798337643	Underweight	0	0	0	0	1	less_than_24	3
50425	29.856581481269707	2018-10-27	2019-02-26	4.763699861217685	23.182334370995058	5.9195164852741184	7.463827086316677	22.79590577303715	Normal	0	0	0	0	1	less_than_24	2
40758	20.781392071337713	2020-04-21	2020-09-21	7.217984241989504	30.825099067306923	8.376908565334746	11.040759242380089	30.581929053837815	Normal	1	1	0	0	0	greater_than_24	3
33247	28.17588174846223	2019-11-21	2020-04-22	6.907595631307345	31.08831098184397	8.215295304137957	9.588633047771275	28.97771703326324	Normal	0	1	0	0	0	greater_than_24	3
52260	44.90705666387796	2020-03-19	2020-09-12	7.545391698772499	31.593818909831203	9.080890593821541	11.875951700902915	32.938316692103434	Obese	0	0	0	0	1	greater_than_24	3
40954	23.576085261164888	2019-04-28	2019-08-25	7.3686979917268465	32.73642221351825	8.341812339168285	10.45635549753627	28.928844282488647	Normal	0	0	0	0	0	less_than_24	3
31721	17.68099508283799	2020-03-26	2020-10-17	7.216655118116847	31.201362712632907	7.865193515259875	9.581386595305347	32.470292699850035	Normal	0	1	0	0	0	greater_than_24	3
50526	23.496142448285173	2019-01-25	2019-07-14	6.955516157104345	30.927834519032082	8.522408719112441	11.42113059490832	30.20097528426445	Obese	0	0	0	1	0	less_than_24	3
52638	49.39922023450516	2019-05-18	2019-11-26	7.14800427473379	32.600323907802185	8.754094427961043	10.935234894603658	31.642868486268576	Obese	0	0	0	0	0	greater_than_24	3
51733	45.68433004848425	2019-01-27	2019-07-28	6.492586312138851	29.005840676769242	8.32518902455375	10.88297394067649	25.2346766433729	Obese	0	0	0	0	0	greater_than_24	3
33177	20.49671390136325	2020-05-21	2020-10-01	6.526417072009932	31.359334683494907	7.93984703704729	10.650264450438584	27.32252061330047	Obese	0	0	0	0	0	greater_than_24	3
32175	23.74973528119479	2019-01-31	2019-05-03	5.220114333628523	25.36455686463904	6.194845076289168	7.690144511219775	21.586396735296674	Normal	0	0	0	0	0	greater_than_24	2
59945	16.103998465125493	2019-07-01	2019-09-25	4.825970320743767	24.499758961979357	6.021211546815725	8.253244858001935	22.52111334813458	Normal	0	0	0	0	0	less_than_24	2
61688	30.23279324647252	2020-02-23	2020-08-07	7.17318457910813	32.7621046013395	8.547255575955507	11.585331168932358	31.494101550151438	Normal	0	0	0	0	0	greater_than_24	3
30590	47.755250866182585	2019-06-06	2019-08-24	4.67218693116727	23.7953384162402	6.024168483846002	7.672677242428645	20.42179328404273	Underweight	0	0	0	0	0	less_than_24	2
31405	34.73987698549962	2020-02-22	2020-06-26	7.3366108920604525	33.152190587653934	9.1299785460891	11.330719196461496	31.45843855779247	Obese	0	0	0	0	0	greater_than_24	3
51398	23.087662944217794	2019-09-21	2020-02-08	4.889278569465472	22.48892480305565	6.198127235424874	7.867348863442237	21.096484704156307	Underweight	1	0	0	0	0	less_than_24	2
40334	21.437881500493972	2020-06-14	2020-10-07	7.178077532156631	30.701864007835105	8.007718052789768	10.434311076943162	31.22192564652717	Normal	0	0	0	0	0	greater_than_24	3
30471	29.481001607384044	2019-06-12	2019-09-23	5.103817892475509	22.21070149099146	6.2193252878898155	8.089215035932616	20.934361607084224	Normal	0	0	0	0	0	less_than_24	2
61369	28.357299708239495	2019-07-08	2019-11-20	6.936120006093308	31.18567705979653	8.281206264450475	10.408779815871577	29.730085220936786	Normal	0	0	0	0	0	less_than_24	3
52393	18.129910928471773	2020-01-07	2020-04-08	5.096187495109976	23.42270698386333	6.66432596993228	8.18276796741058	20.107810461302545	Normal	0	0	0	0	0	less_than_24	3
52563	50.09397397295989	2019-07-16	2019-11-05	7.823860240326466	32.50329879793597	9.297958198848665	10.621326440651636	32.68722534386254	Normal	0	0	0	0	1	greater_than_24	3
52762	22.389991365657885	2020-05-09	2020-08-31	7.211930081457284	31.70968981369548	8.751828097911442	11.2715339921085	29.77291791650675	Obese	0	0	0	0	0	less_than_24	3
51787	26.856298750615537	2020-01-06	2020-06-23	7.309086980454879	31.32479012469946	8.659587583091813	11.112331832878283	30.822527721497543	Normal	0	0	0	0	0	greater_than_24	3
52550	24.870308923240753	2019-04-29	2019-09-09	7.366074796164202	31.255953819470403	8.592997654043083	11.429962497839188	31.133682607678207	Normal	1	0	0	0	0	greater_than_24	3
52620	50.78997926910281	2019-03-05	2019-09-20	5.156512931777134	21.890189973938988	5.969430767262927	8.241928282251115	22.680559829011393	Normal	0	0	0	0	0	less_than_24	2
52190	33.18611112249606	2020-04-20	2020-07-07	7.321256778061562	31.153549521910453	8.650949475200528	11.291886124828665	31.88924996671019	Normal	0	0	0	0	0	less_than_24	3
49782	34.832407078108176	2019-07-07	2019-11-21	5.260343250189945	24.667286928065646	6.042796147182334	8.177029810951268	22.080294086112172	Normal	0	0	0	0	0	greater_than_24	2
52131	29.28850672478022	2020-05-27	2020-08-16	7.067542160963184	32.41670175993036	8.436017150864044	11.679355811202324	33.09008399052535	Obese	1	0	0	0	0	greater_than_24	3
52467	19.986639061553028	2019-11-08	2020-02-23	7.405128702975358	30.642272415358313	9.070268482819161	11.663375882862647	29.281901474933363	Normal	0	0	0	0	0	greater_than_24	3
33933	28.529530670188926	2020-06-20	2020-10-09	7.299790203836743	33.80668486361583	8.934456078220103	11.078264507467633	32.440995704186165	Obese	0	0	0	0	0	greater_than_24	3
52305	50.930196387682585	2019-02-14	2019-08-22	6.5858182347845595	33.57189471688139	8.471230450968772	11.349320944600144	29.82943534867112	Obese	0	0	0	0	0	greater_than_24	3
52835	31.90114019187991	2020-06-03	2020-08-29	7.61493471455373	33.12731835387004	9.358200901435772	11.761613343729552	32.858191596142746	Underweight	1	0	0	0	0	less_than_24	3
51366	48.44018894479457	2019-03-27	2019-09-27	5.264804785234633	23.62832138789927	6.2484701992257135	8.573879112618158	21.510242453418922	Normal	0	0	0	0	0	less_than_24	2
52384	26.02624960324104	2020-01-22	2020-08-02	7.482566636793498	32.380214867256356	8.412816151832121	10.901574005377249	30.307598269676696	Normal	0	0	0	0	1	greater_than_24	3
52642	31.501021168179534	2020-05-19	2020-10-12	7.222896522342641	33.18410617903862	8.454701672580056	10.870334890961214	31.439703574825806	Obese	0	0	0	0	0	greater_than_24	2
51250	27.768866159955866	2020-03-14	2020-06-26	7.148765987825669	32.235201135723685	8.453598228876201	11.365031721714939	31.53920232333843	Normal	0	1	0	0	0	greater_than_24	3
52226	35.10727182619913	2020-05-09	2020-09-08	7.065604084041058	32.1222478619167	8.92147519434069	11.558573191656919	33.055885187997006	Obese	0	0	0	0	0	greater_than_24	3
61874	16.33288164683821	2020-04-25	2020-10-09	6.811718180134878	31.13871095588641	7.78658775153075	10.592015508490507	28.994449591164305	Normal	1	1	0	0	0	less_than_24	3
41345	16.122878270582255	2019-12-11	2020-04-01	6.863707314433949	31.157545089241502	8.338351797276303	11.239053429543818	32.704535751914975	Obese	0	0	0	0	0	greater_than_24	3
51298	35.25181966238167	2020-04-20	2020-09-05	7.116189958815223	32.4635056602702	8.391826394399052	11.779933355865458	32.28730775327765	Normal	0	0	0	0	1	greater_than_24	3
42716	42.262812582452334	2019-01-25	2019-07-24	4.846033184348706	23.303844965008608	5.993465374157104	8.206039983211499	21.20707128608357	Normal	0	0	0	0	0	less_than_24	2
52495	32.825973415186596	2021-03-07	2021-06-13	7.115939447212826	31.631336274102836	8.833119894699108	11.552480104514704	32.89770861095823	Normal	0	0	0	0	0	greater_than_24	3
52762	35.390724103949964	2020-05-12	2020-10-07	7.4978532195889125	31.90695661493436	8.939705276001717	11.964295214881455	32.39772431078202	Obese	0	0	0	0	0	greater_than_24	3
62380	33.712448912190474	2020-07-30	2020-11-01	7.267132605595339	32.00288820342043	8.567996553945001	11.299491118931527	29.94697165025655	Obese	0	0	0	0	0	greater_than_24	3
52073	24.994509873080688	2019-08-05	2020-02-29	5.082857637285936	21.661123243037785	5.898603632426825	7.999454222210474	20.95530441863488	Normal	0	0	0	0	0	less_than_24	2
31472	31.646411474973338	2019-01-31	2019-08-09	4.717440378374368	22.17806313502795	6.2864098474118855	7.895069431753922	20.607621908397736	Normal	0	1	0	0	0	greater_than_24	2
60938	30.41259611469531	2019-06-19	2019-09-19	7.014811069737178	32.36654574025744	8.273264748647318	11.59350493934755	32.94704045581035	Obese	0	0	0	0	0	greater_than_24	3
52676	30.207025966391797	2020-04-17	2020-09-18	7.519963770455181	32.67658089122407	8.988711274282869	11.824098135579927	33.90757167713184	Obese	0	1	0	1	0	greater_than_24	3
32900	26.186073476452904	2020-05-14	2020-10-18	7.1370203616562335	32.8781172986224	8.810209991855087	11.513969442905163	33.65175293561092	Obese	0	1	0	0	0	greater_than_24	3
41501	16.762521462180523	2019-04-04	2019-09-18	4.718395173613771	23.01127369094296	6.051652430425236	8.15909183112928	20.86430422496346	Normal	0	0	0	0	0	greater_than_24	2
31487	34.37937337230494	2018-11-17	2019-05-25	4.830696403508446	23.171317331983037	6.215468286077256	8.246587574764987	19.01243685361298	Normal	0	0	0	0	0	greater_than_24	2
63174	30.775588357019544	2020-04-27	2020-07-24	7.295625112506322	33.20322941402917	8.616597352431985	11.175091424482645	30.244565407058552	Obese	0	0	0	0	0	greater_than_24	3
51445	19.88284826028338	2019-06-18	2019-09-21	5.05511101173976	23.193175360475408	6.297438879034724	8.653629770919515	22.772904174264998	Normal	0	0	0	0	1	less_than_24	2
60157	25.823752067611085	2019-04-17	2019-10-11	4.4413002204358305	23.337800474779065	5.851302661321238	7.928063035134819	22.331917770410143	Normal	0	0	0	0	0	less_than_24	2
59097	19.142358647122695	2018-11-19	2019-03-11	4.657266866090466	23.03112912483349	6.117222973899714	7.5281326760223575	19.224065090437854	Normal	0	0	0	0	1	less_than_24	2
27093	22.44836320042417	2019-05-02	2019-11-07	4.939889509742742	24.24700431511873	6.213197876524381	8.228319679580315	22.027492628430576	Normal	0	0	0	0	0	greater_than_24	2
52678	23.59259300810372	2019-11-06	2020-05-20	6.867535021358517	31.823072967394676	8.39758064729114	11.202794330231812	31.683829881105737	Normal	0	0	0	0	0	less_than_24	3
51791	24.883486832935347	2019-12-29	2020-04-30	4.677587792765141	23.64583916437145	6.618096900317831	8.509028318053701	23.274472837463705	Normal	1	0	0	1	0	less_than_24	2
51204	24.71278011138193	2020-03-25	2020-08-04	7.703780234241901	32.68864013613495	8.388208061555824	9.783414337676955	32.419084506926666	Normal	0	0	0	0	0	greater_than_24	3
31328	28.12775498413774	2019-04-14	2019-07-11	6.8223623929609065	31.7352491748741	8.530525090065348	11.311791326713307	28.462082198367593	Normal	0	0	0	0	1	greater_than_24	3
31978	24.2487783413893	2019-02-23	2019-06-22	4.515573568766406	23.989594538754847	6.014509198232126	7.715887654467784	20.466930934699803	Normal	0	1	0	0	0	less_than_24	2
51334	25.43925345902632	2019-08-12	2019-12-26	4.636494005035466	23.283332824959132	6.363437710399109	8.798599846091959	21.59190843318967	Normal	0	1	0	0	0	less_than_24	2
51902	34.93298240909033	2020-05-19	2020-11-16	7.355895825297771	32.195085121713035	8.567923052730475	11.644983144408425	31.713761018765144	Obese	0	0	0	0	0	greater_than_24	3
52460	28.726791471127346	2020-07-26	2020-10-29	7.216618750762562	31.561244780204692	8.014319379326125	10.999406847583833	30.258588737995087	Obese	0	1	0	0	0	greater_than_24	3
32472	19.68684099780377	2020-04-12	2020-08-05	6.398005225712179	30.13703760706645	7.976982070306333	10.487021082559773	29.01895883579244	Normal	1	1	0	0	1	less_than_24	3
62889	24.86173176897712	2020-04-18	2020-09-02	7.5192719330031395	33.48535507667604	8.608506956785375	11.46906241812911	32.37456964561218	Obese	0	0	0	0	0	greater_than_24	3
32950	31.541983393808884	2020-06-09	2020-09-14	7.517875735378004	32.83305420881364	9.127812732630272	11.56359969747275	31.4087060514151	Obese	0	0	0	0	0	greater_than_24	3
52124	26.15553809530712	2020-04-25	2020-08-23	7.090554404926506	33.027799128499524	8.171328374251889	11.509440677895332	33.66109668072493	Obese	0	0	0	0	0	less_than_24	2
33846	19.448249490090546	2020-02-05	2020-06-25	7.061726872341376	32.63917596298756	8.49241056972896	11.609339029802287	29.458813562017408	Normal	1	0	0	0	0	less_than_24	3
51968	36.25166969058839	2020-06-10	2020-10-10	7.03286180018378	33.120160859152094	8.728056233657082	10.041913722345782	29.929000987242265	Normal	0	0	0	0	0	greater_than_24	3
50728	28.10015958196128	2019-06-07	2019-11-12	7.190191463560268	33.540266004750784	8.411217758230142	10.88167550943111	31.178450046221293	Obese	0	0	0	0	0	greater_than_24	3
51967	29.771998113911792	2019-11-29	2020-05-21	6.8171249507207525	29.914073053394404	9.159646841097265	11.687158715918926	28.036613879105488	Normal	0	0	0	0	0	less_than_24	3
52416	26.642915117653285	2020-04-01	2020-07-31	7.203664253151386	33.22814444923199	8.87716839074889	11.180457762106084	31.160437785665064	Obese	0	0	0	0	0	greater_than_24	3
52149	34.25682117092478	2020-04-11	2020-10-23	7.402920644192763	31.525872096263306	8.743691031329359	11.534323780101722	32.94337677698411	Normal	0	0	0	0	0	greater_than_24	3
52671	22.647564715121995	2020-04-20	2020-10-16	7.399488732448266	32.16061593182644	8.335762834002514	11.416392126406178	32.991994014959026	Obese	0	0	0	0	0	greater_than_24	3
52075	32.6213388776229	2020-05-28	2020-09-30	7.48187668632682	31.25604421412744	8.358317015295292	11.277671061765176	30.867213351096478	Underweight	0	1	0	0	0	less_than_24	3
61942	21.761276950275295	2019-06-14	2019-10-01	5.234239570130961	22.98956178006982	6.168862634790873	8.087786745614297	20.737755479508568	Normal	0	0	0	0	0	less_than_24	2
41731	23.8012713659641	2020-02-20	2020-08-28	6.849647172057641	33.407230853916374	8.725680563082543	11.477479665471076	32.53093050008488	Normal	0	0	0	0	0	greater_than_24	3
33380	26.494559514713988	2019-09-24	2019-12-27	4.5071735997768725	25.103828156758148	6.176733671531435	8.26670121151425	22.650152279317037	Underweight	0	0	0	0	1	less_than_24	2
61006	26.542260940529673	2020-07-10	2020-12-02	4.565875846866879	24.382784050430974	6.09144467860287	8.185226460160258	19.435281414940413	Normal	0	0	0	0	0	greater_than_24	2
51513	17.681777727419924	2019-07-01	2019-11-27	4.96116926774619	23.361627025379615	6.348026846639697	8.183471186404029	20.858548926067694	Normal	0	0	0	0	1	less_than_24	2
39267	24.118233225122697	2019-04-07	2019-09-18	4.77040365916518	24.479403665151068	6.077054104657933	7.659600689186165	21.370383648814148	Normal	0	0	0	0	1	less_than_24	2
52256	26.124467525441354	2020-05-30	2020-09-19	7.414974821059878	33.503708325114694	8.93596726460101	11.297136053256892	33.58832415485711	Obese	0	0	0	0	0	greater_than_24	3
52438	31.190248386776254	2020-04-23	2020-09-25	6.8014099793617095	33.35491325284009	8.881652467241612	11.605442157618242	33.62455731519117	Obese	0	0	0	0	0	greater_than_24	3
42805	34.546174142138334	2019-12-26	2020-05-01	7.327770079723875	32.59957027358727	8.43652008638399	11.364906387600733	32.246871982659215	Obese	0	0	0	0	0	greater_than_24	3
50697	24.496283500675922	2019-02-08	2019-05-12	7.336628961374846	30.799113256278375	8.109364955364267	11.044905479587472	30.574390853852826	Normal	1	0	0	0	0	less_than_24	3
51016	19.55905045222154	2019-06-01	2019-10-24	4.650952174065444	22.922001762088794	6.600062714144421	7.689930797105926	18.388550252716705	Normal	0	0	0	1	0	greater_than_24	2
31867	32.89901761207725	2019-04-01	2019-08-12	5.020409755755717	23.96146106656577	6.415262357119616	8.273893370639373	19.812665420739318	Normal	0	0	0	0	0	greater_than_24	2
51556	19.444965988808903	2019-01-06	2019-06-28	4.743631734253238	23.093949374593027	6.463682074935307	8.534576374929353	18.8105752880548	Normal	0	0	0	0	0	greater_than_24	2
51539	30.55546922778784	2019-07-24	2019-10-27	5.277525582224349	24.096209996700082	5.857912359421314	8.112758180949822	20.35185283482839	Normal	0	0	0	0	0	greater_than_24	2
51250	15.73931096611009	2019-12-13	2020-07-07	7.143047793178039	31.42135251281547	8.18139695650116	11.049222104074241	29.42647361777039	Obese	0	0	0	0	0	less_than_24	3
42945	26.820007350387314	2019-12-28	2020-07-17	7.438614459065999	31.517644389594167	9.085294214733715	11.941656483670968	33.065383157341635	Obese	0	0	0	0	1	greater_than_24	3
51850	29.11626709011407	2020-03-06	2020-07-21	6.831812115460923	31.32047209257564	8.468339971671822	11.456882236596043	30.050820025610076	Normal	0	0	0	0	0	less_than_24	2
61794	35.757431229229326	2018-12-25	2019-07-11	6.951547540977265	33.0310553287553	8.326025840155983	11.121701499633183	30.91059732818898	Normal	0	0	0	0	0	greater_than_24	3
33506	26.07398388920214	2020-06-26	2020-09-13	7.410519248346172	32.082702752986286	8.207326087155058	11.50646129594485	31.546597795808175	Normal	0	1	0	0	0	greater_than_24	3
61038	34.73074622633323	2020-06-06	2020-09-15	6.989230924600509	33.06858712478743	8.5596138633858	11.380449358755367	32.718774400931125	Underweight	1	0	0	0	0	greater_than_24	3
42795	24.138035779357853	2019-02-16	2019-07-17	7.11427981499462	32.039630368146845	9.057392205297102	11.94093033342733	32.32454084744151	Obese	0	0	0	0	0	greater_than_24	3
40302	32.98046075636386	2019-05-15	2019-12-09	5.28374075325461	24.587034781479378	5.925546834228243	7.244044436599474	21.604687134293933	Normal	0	0	0	0	0	less_than_24	2
62285	29.058825495456976	2020-03-24	2020-07-28	7.528413748095941	33.27240177489252	8.47913975549027	11.546077406153895	32.888597323820925	Obese	0	0	0	0	0	greater_than_24	3
51921	36.462935304728276	2020-03-06	2020-05-23	7.268215963919697	31.739165175464823	8.35815391822447	10.724752725285555	31.560359644517895	Obese	0	0	0	0	0	greater_than_24	3
62679	27.408643863726603	2020-03-06	2020-06-19	6.335868132044075	29.96512417145917	8.597656797225204	11.931493633467907	31.46568293158287	Normal	0	0	0	0	0	greater_than_24	3
61974	23.82219250406125	2019-09-10	2020-01-16	5.066595868473689	24.745760071436006	6.5330063929297975	8.315451970008786	21.711381528809547	Underweight	0	0	0	0	0	less_than_24	2
52207	17.477679524730604	2019-04-29	2019-09-09	4.614625862934051	24.125948810890577	6.284374625123819	8.520787318072713	20.967614163312795	Normal	0	1	0	0	0	less_than_24	2
50969	43.26784582525826	2019-07-02	2019-12-26	5.362121250045064	26.110083778747025	7.019294237913703	8.841616085032825	22.451888308949655	Obese	0	0	0	0	0	greater_than_24	2
41441	32.87765527592235	2019-10-03	2020-03-12	6.67836908620251	32.61205358178727	9.296608646389329	10.73330245774991	31.63006073268828	Normal	0	0	0	0	0	greater_than_24	3
52496	30.100579722392418	2021-03-14	2021-08-07	7.470063528953908	32.763007382037316	8.558585807125025	11.67469854448114	32.83955317726084	Obese	0	0	0	0	0	greater_than_24	3
50695	36.958882265105224	2020-05-01	2020-11-11	7.104005208279066	32.902076215974596	8.367540443754422	11.004689505868235	32.55903556541005	Normal	0	0	0	0	0	greater_than_24	3
63084	20.131216338320634	2020-04-08	2020-10-18	6.874787506651093	31.07873640045739	8.464528694176336	11.058336319100981	31.025743802642594	Normal	0	0	0	0	0	greater_than_24	2
51964	28.349482691934053	2020-02-21	2020-07-22	6.982832586091955	32.932761760427475	8.417216406666507	11.524716158312375	31.597854607577773	Obese	0	0	0	0	0	greater_than_24	3
52689	33.484862957349876	2020-05-26	2020-09-27	7.389761265716171	33.74268774303766	8.561215350755173	11.631419236585812	33.811901059132396	Obese	0	0	0	0	0	greater_than_24	3
30116	35.50059111276456	2020-01-18	2020-04-21	6.585365830043573	30.765287795175613	8.353118921967667	10.063636202694722	29.294649661882268	Obese	0	0	0	0	0	greater_than_24	3
30481	31.923069213046777	2019-05-15	2019-11-22	4.520286118672914	22.824430113007008	6.063025623929216	8.159167386197954	18.832044289782395	Normal	0	1	0	0	0	less_than_24	2
51323	28.949845118647445	2019-08-04	2020-02-18	7.0836781730792096	31.89961880552075	8.439208878744683	11.120925235006275	31.62457945537094	Normal	1	0	0	0	0	less_than_24	3
50719	32.773840270525746	2020-01-09	2020-06-19	6.698815037218649	32.88794318744278	8.60310032943275	11.11308019910733	33.13809399351721	Normal	1	0	0	0	0	greater_than_24	3
52419	32.97891832232466	2020-05-07	2020-07-29	7.156995331132293	31.579402898071898	8.727918339686353	11.79205566454251	32.82834780547941	Normal	0	0	0	0	0	greater_than_24	3
51909	47.80061229181685	2020-01-06	2020-07-03	5.156650960054177	24.095051195181576	6.539047046886681	8.120394094272255	22.001011015333113	Normal	0	0	0	0	0	greater_than_24	2
52098	49.528854315396146	2020-03-17	2020-07-30	7.210273162072134	31.836915934002796	8.370884515440297	11.418081012156165	29.341917483769336	Obese	0	1	0	0	0	less_than_24	3
61500	31.52044467225291	2019-08-02	2019-12-03	4.705747074067836	23.11803907659045	5.955502185184812	8.136474710295476	23.30440571911338	Normal	0	0	0	0	1	greater_than_24	2
31629	32.72531082972413	2020-05-08	2020-09-28	6.819048432096995	30.379356029528754	8.731020352719643	11.422537222069144	32.124998387469816	Normal	0	0	0	0	1	greater_than_24	3
30380	19.841466257353154	2019-05-05	2019-08-08	4.63391157753091	23.921447116345895	6.547246047430654	8.251547273556936	22.375278685687974	Normal	0	0	0	0	0	less_than_24	2
30795	40.62756921752359	2019-07-26	2020-01-12	5.290174339503366	24.327705440391604	6.215396844360879	7.570721351265225	20.265828145017128	Normal	0	0	0	0	0	less_than_24	2
40505	28.55461562961575	2019-07-19	2019-11-18	5.168148397428154	23.29310923608701	6.2092665967561524	7.846614333616062	21.22397091205332	Normal	0	0	0	0	0	less_than_24	2
52415	20.00910216173712	2020-04-28	2020-08-14	8.01244466787625	33.14671332299719	8.783225877685652	11.342614465472654	33.39723923174054	Underweight	0	0	0	0	1	less_than_24	3
52299	29.80783859536838	2020-06-30	2020-09-16	7.19247957626739	31.36658612184005	8.639150265588627	11.965390176166075	31.095054555348394	Obese	0	0	0	0	0	less_than_24	3
42799	32.69938459804339	2020-03-05	2020-08-13	6.982730059887185	32.170659888388926	8.906239333039604	11.408195198287508	31.034145237707516	Obese	0	0	0	0	0	greater_than_24	3
52032	25.1403307028742	2020-03-20	2020-08-18	7.1116582776918404	30.804848748862074	8.362934890617188	10.749092691594372	31.600328816736788	Normal	0	0	0	0	0	greater_than_24	3
52320	24.751913942664437	2020-04-09	2020-08-12	6.8069429778321515	32.473139162199836	8.540121392415745	10.890249932729564	33.263518391310846	Normal	1	1	0	0	0	greater_than_24	3
51870	24.305359966842087	2020-01-17	2020-04-30	6.994244673302984	33.31378964952886	8.760891038288777	10.37854270398741	30.524222517804407	Normal	0	0	0	0	0	greater_than_24	3
61891	26.94518164272311	2020-02-20	2020-07-20	7.477022159162093	33.25067094576388	8.81252245430236	10.035188571156317	33.04136034995726	Obese	0	0	0	0	0	greater_than_24	3
31468	36.575350974867824	2020-04-02	2020-09-18	7.045780673798542	33.077591006869824	8.203420138013644	10.168557101149649	32.49349797860828	Obese	0	0	0	0	0	less_than_24	3
29875	34.503261599276236	2019-10-04	2019-12-22	4.980761581629723	24.53192474293195	6.106737208156285	8.197920956183614	19.55033315394037	Underweight	0	0	0	0	0	greater_than_24	2
60954	20.187193578703045	2019-03-25	2019-10-08	4.484039094274911	23.435545030541718	6.1026772891793	7.7831357998128725	20.87722100456527	Normal	0	0	0	0	0	less_than_24	2
51509	21.031486252641976	2019-02-01	2019-08-05	4.985064112691432	24.12615002817196	6.697883006016073	8.424478303233178	21.74441511438197	Normal	0	0	0	0	0	less_than_24	2
51238	28.49805525829888	2019-11-29	2020-04-30	6.783342194570114	31.961038183206842	7.944813736475135	10.615893472340066	30.573265577784685	Normal	0	0	0	0	0	less_than_24	2
59994	30.78751501243704	2019-04-30	2019-08-13	6.82400298378135	31.701890517187987	8.365296219598335	10.812219039582104	29.847522626234333	Normal	0	0	0	0	0	greater_than_24	2
62044	23.112740280605347	2019-05-21	2019-09-24	4.7248944853356365	24.260123048306028	6.271705805997694	8.295057416898661	21.458461016088883	Normal	1	0	0	0	0	less_than_24	2
50958	27.106231368824044	2019-01-02	2019-05-12	4.781329647573213	25.090166333962873	6.322277008277078	7.434793015705579	23.742690291682788	Normal	0	0	0	0	1	less_than_24	2
32029	26.0762822941824	2020-03-14	2020-06-14	7.181741028468512	32.15988819795734	7.969976860789936	10.69761985860704	30.95205027771028	Obese	0	0	1	0	0	greater_than_24	3
61528	28.57555295201167	2020-03-10	2020-08-28	6.958501539494103	31.218942352861145	8.87604786521823	11.206789547746249	31.812917945599665	Obese	0	0	0	0	0	greater_than_24	3
51715	35.26862693937578	2020-05-07	2020-09-08	7.180791817649113	33.08429502604153	9.015779049523339	11.760746791882568	29.07464429833454	Obese	0	0	0	0	0	greater_than_24	3
62720	22.559003294037662	2020-06-28	2020-10-01	7.392404817848195	32.174073905158615	9.060506174727744	11.69630296961187	32.60153331399188	Obese	0	0	0	0	0	less_than_24	3
50887	26.589247513825082	2019-03-19	2019-10-07	4.503287306127288	24.299213502371977	5.907726490649361	7.608713274691767	20.71228626294916	Normal	0	0	0	0	0	greater_than_24	2
33348	18.82939309613989	2020-02-21	2020-09-05	7.263925473834641	31.88246926467918	8.605926151009374	11.679412014649028	33.4303705019335	Obese	0	1	0	0	0	greater_than_24	3
61667	25.961254970787145	2019-07-17	2020-01-06	7.33724452136973	31.56763689775433	8.377129606641601	11.613108449022729	29.236717798860155	Obese	0	0	0	0	1	greater_than_24	3
32458	26.515586671695825	2019-11-28	2020-04-30	4.749110686706167	26.154017041643044	6.652156124081961	7.843320284491343	21.28973023942413	Normal	0	0	0	0	0	less_than_24	2
52465	29.885177964419302	2020-07-07	2020-11-29	7.259372006607513	31.75193514342445	8.531371892101935	11.94840825979863	31.908052143684245	Obese	0	0	0	0	0	greater_than_24	3
62312	24.732648147545913	2020-02-19	2020-09-02	6.921950432861239	33.01057693499299	9.311123862613114	10.731864879796921	33.591715685892275	Normal	1	0	0	0	0	greater_than_24	3
52444	23.362942285632958	2020-05-19	2020-08-29	7.491495050996059	32.453375552133714	8.073613943465146	10.776452619341468	31.938507223116222	Normal	0	0	0	0	0	greater_than_24	3
52383	29.195835201294024	2020-05-07	2020-10-29	7.453377317650879	33.250781790464195	8.750456580630361	11.937697158456654	33.4527027313426	Obese	0	0	0	0	0	greater_than_24	3
52129	32.432306905997244	2020-03-12	2020-07-04	7.268807276515082	31.688590799358636	8.806110987118982	10.843230051096658	33.20046002911821	Normal	0	0	0	0	0	greater_than_24	3
51027	21.89524187190353	2020-02-29	2020-07-20	6.701146155680272	30.8846533993137	8.426131673810907	10.793680580957702	31.823915254873608	Obese	0	0	0	0	0	greater_than_24	3
51035	23.55255486576037	2020-12-27	2021-04-12	4.8843470004219105	24.10863015646591	6.107976014451288	7.768661878566612	22.914702020094246	Normal	1	0	0	0	1	less_than_24	2
52106	24.62923515962367	2020-02-01	2020-08-22	7.369980684323277	32.98135893047339	8.66954255064482	11.792521643766293	32.98930574641548	Normal	0	0	0	0	0	greater_than_24	3
61891	23.698360608429407	2019-09-02	2019-12-25	4.9531885976173085	24.564908662824582	6.445073477429768	7.902712811992691	21.842876382908234	Normal	0	0	0	0	1	less_than_24	3
52540	42.04249425050689	2020-03-21	2020-07-02	7.3575959419292385	31.930789981457682	8.560167779961604	11.47809618651104	32.597944375941516	Normal	0	0	0	0	0	greater_than_24	3
41913	30.014475500060325	2019-06-18	2019-10-02	4.588833362375753	22.541499808165444	5.986699178675675	7.6435667308435455	19.30813136346804	Normal	1	1	0	0	0	less_than_24	2
32171	32.61740859952521	2019-04-24	2019-07-12	5.161679771944279	24.786697648761926	6.073169181645237	7.946631146760711	24.0088996926979	Underweight	0	0	0	0	0	less_than_24	2
60800	30.518718203609197	2020-05-18	2020-10-09	7.1674622674015245	32.07889628012914	8.252812466712864	9.432647634218705	30.15338857753879	Normal	0	0	0	0	0	greater_than_24	3
52005	21.01698981204602	2020-05-06	2020-09-23	6.977702902152352	32.924761626492675	8.46752346101371	11.860242216871145	33.63612413248764	Obese	0	1	0	0	0	greater_than_24	3
51730	66.78106097152353	2020-04-05	2020-10-20	6.890325473064867	31.793553377492433	8.942046279548077	10.195815089419375	32.93698952249703	Obese	0	0	0	0	0	less_than_24	3
52120	29.985894966654442	2019-11-11	2020-03-04	6.6760365512028015	33.13463212864071	8.33408465469555	11.028361288426165	29.546650430324455	Obese	0	0	0	0	0	greater_than_24	3
52162	26.588320434971685	2020-03-23	2020-08-24	7.466948516387791	32.39359502980386	9.190959856890947	11.860477389556745	33.858228615972045	Obese	0	0	0	0	0	greater_than_24	3
51184	26.59378758526851	2020-05-23	2020-10-10	7.234629225521402	33.043985308173404	8.595440660464973	11.686782114301174	30.301486442281906	Obese	0	0	0	0	0	less_than_24	3
51501	33.063588944162895	2019-06-19	2019-11-21	6.916099434470955	31.5676489150758	8.561998957561185	11.399424293004435	30.905913748610836	Obese	0	0	0	0	0	greater_than_24	3
61978	25.46574961893929	2020-02-04	2020-08-06	7.21866694313826	31.28325910218425	8.253170668149146	10.959088857911112	32.74398014113822	Obese	1	0	0	0	0	greater_than_24	3
51990	32.32468845087653	2019-10-21	2020-03-15	7.071133580152302	33.32331153852758	8.438664450379498	11.218523247900142	32.57219509839728	Normal	1	0	0	0	1	greater_than_24	3
31800	32.86982331362519	2020-01-31	2020-04-18	7.319990725245158	32.68607764810757	8.38122087163096	11.313289214916304	29.8177410159767	Normal	0	0	0	0	0	greater_than_24	3
30573	25.08954591656648	2019-10-06	2020-03-16	4.905860636350684	23.41884636579674	6.0775914144348295	8.216672007259705	20.477383115055392	Normal	0	0	0	0	0	less_than_24	2
51895	28.79440241839511	2020-01-05	2020-05-25	7.308029925562868	32.920704271472246	8.535935842441164	11.408096018252463	31.369361627534058	Normal	0	0	0	0	0	greater_than_24	3
61844	20.13713934301805	2020-04-22	2020-09-08	6.394866596614151	29.843111812714085	8.047423112058521	10.126970725866524	29.18814449794138	Obese	0	0	0	0	0	less_than_24	3
51383	17.284445789020126	2019-10-06	2020-04-26	6.788832907413993	32.33459656622098	8.95231347990121	10.796905460847363	31.75012226286095	Normal	0	0	0	0	0	greater_than_24	3
52322	24.65946087207194	2020-06-08	2020-10-22	7.291623502726061	32.542701454964394	8.56897514518408	10.825158866558386	30.267137253603227	Obese	0	0	0	0	0	greater_than_24	3
52708	21.771123442050087	2020-03-10	2020-09-20	7.4280602068376576	31.7471288184463	8.778652004331544	11.655655720920212	33.39549395401351	Obese	0	1	0	1	0	greater_than_24	3
62569	26.01876823852347	2020-04-11	2020-11-02	7.093554511520239	33.37958311273549	8.975736630823157	11.747240500083768	33.19709317395994	Obese	1	0	0	0	0	greater_than_24	3
51874	24.638171980968522	2020-05-31	2020-10-22	7.323195034885116	32.03140580113072	8.908376923583347	11.659246919979415	32.70193048404827	Obese	0	1	0	0	0	greater_than_24	3
32156	24.312339738880045	2020-03-25	2020-10-12	7.027524519263465	31.52730287087519	8.71290879055509	11.738787809898028	32.10936187313499	Obese	0	0	0	0	0	less_than_24	3
51295	20.033118377825417	2019-10-08	2020-03-27	6.773479007845258	31.99122777993623	8.05104070573435	10.560171483133914	31.59358575702239	Normal	0	0	0	0	1	less_than_24	3
51629	23.95270051970042	2020-01-10	2020-07-23	7.019228130795049	31.392484053217157	7.75656064167649	10.647211616496529	32.3552156263002	Obese	0	1	0	0	0	greater_than_24	3
40643	47.843843811184485	2019-01-26	2019-06-07	4.602823847307778	24.880263510001786	5.984199065253956	7.694065865688542	21.227082973535328	Normal	0	0	0	0	0	less_than_24	2
52658	20.75259442881819	2019-11-23	2020-02-26	6.77124317320992	32.57558984577838	7.849259432084484	9.451404878165846	28.681910727446297	Normal	0	0	0	0	0	greater_than_24	3
32916	20.181030671711476	2020-05-15	2020-10-05	7.491274044982989	33.7744097403121	9.10749463121702	11.934555415749621	32.185783063891584	Obese	0	1	0	0	0	less_than_24	3
32078	29.242385935654834	2020-02-11	2020-07-24	6.98617046306582	31.671403834712308	8.585859200046619	11.22165829156726	33.41490489608698	Obese	0	0	0	0	0	less_than_24	3
51855	26.104619593996635	2020-05-07	2020-09-04	7.040829624473385	32.58807897058147	7.937356741493524	11.014969233450207	30.83504049414309	Underweight	0	0	0	0	0	greater_than_24	3
50374	21.960163364183835	2019-03-21	2019-07-30	4.69038402576002	21.946920127133787	6.038809214096451	8.482825414988461	20.964428662188936	Normal	0	1	0	0	1	less_than_24	2
50751	22.99355417881409	2019-07-03	2019-11-01	4.720749798254927	23.289814580598147	6.794399313461676	7.981851789577896	20.431341229613416	Normal	0	0	0	0	0	greater_than_24	3
50899	38.099729953321344	2019-03-22	2019-07-04	4.968069856431052	24.604147354686894	6.271705805997694	8.35983713469861	20.419410766521583	Normal	0	0	0	0	1	less_than_24	2
62416	32.71594363906268	2019-12-06	2020-06-21	6.958711509501863	31.88992263792391	8.563200421210638	11.438062257775057	32.762370679620375	Normal	0	1	0	0	0	greater_than_24	3
62249	24.76594576646103	2019-08-13	2020-02-18	4.9229970107808025	23.789304348474065	5.982865654621695	7.639708908442575	21.978882928603596	Underweight	0	0	0	0	0	less_than_24	2
33254	35.412123968913605	2020-03-26	2020-09-06	7.251359752389795	32.05563886705854	8.474986282769073	11.527694427323318	30.674902780757183	Normal	0	0	0	0	0	greater_than_24	3
52286	29.392305846959957	2020-05-03	2020-09-22	6.8276319139522474	33.642966802262016	8.490260112883668	10.53421636331955	29.554935846706798	Obese	0	0	0	0	0	greater_than_24	3
50565	24.092735984766676	2019-04-11	2019-08-26	5.120075332208195	23.21008334906139	5.995699826498516	8.341291634751562	20.082219238791314	Normal	0	0	0	0	1	less_than_24	2
52427	74.0826095799761	2020-04-28	2020-09-06	7.461437432679189	33.00951480132007	9.087217674265863	10.386333764449198	33.74887971075511	Obese	0	0	0	0	1	greater_than_24	3
51336	22.106365348356988	2019-04-25	2019-09-04	4.701658527495407	25.34595817197885	6.513746681545789	8.214746977168275	23.068686680122617	Normal	1	0	0	0	0	less_than_24	2
51290	31.79235965597692	2020-12-06	2021-06-08	7.354243683839646	30.888595047960223	8.479912016242382	11.010536298955467	31.382317023721484	Normal	0	0	1	0	0	greater_than_24	3
52622	30.944535548204243	2020-05-23	2020-10-09	7.180164023336692	32.869820408182996	8.865488105527941	10.664698020840001	31.18804847162159	Normal	0	0	0	0	0	greater_than_24	3
61879	37.596003481818435	2019-06-08	2019-10-04	4.551046261944649	26.139595447136983	6.592107041808947	8.777824986480383	22.010280306895694	Normal	1	0	0	0	0	greater_than_24	3
32041	26.07957929392826	2019-10-26	2020-04-05	5.226108936859287	23.85899458636651	5.999034928767664	8.03124147565066	21.1152324279244	Normal	0	0	0	0	0	less_than_24	2
51785	20.386089020885805	2019-06-20	2019-11-01	7.296214824023217	31.741808492325646	8.560055796158926	10.698463466777378	31.07886949346603	Obese	0	0	0	0	0	greater_than_24	3
31634	25.74030998261058	2019-07-28	2020-02-06	5.047726032525454	23.706073671045015	5.927960032672561	7.818428180334825	21.319680783398884	Underweight	0	0	0	0	0	greater_than_24	2
51404	31.13881792648198	2019-04-02	2019-08-21	5.148312794056824	25.26102247927996	6.151421401863961	7.769250879051722	22.83894795566778	Normal	0	0	0	0	0	greater_than_24	3
33229	36.10676533072283	2020-02-11	2020-09-01	7.249789380297438	32.39247560807791	9.013801428166891	11.60319436219299	30.54207193954285	Obese	1	0	0	0	0	less_than_24	3
51132	45.333787053397174	2020-04-12	2020-09-01	6.720752480407717	32.995873220875396	9.090045254265833	10.95912662261162	33.813459565084734	Obese	0	0	0	0	0	greater_than_24	2
51989	32.069860333771736	2019-10-26	2020-04-19	7.078013014156579	31.083139239751674	8.749373515200869	11.440898498578715	32.16488862492341	Obese	0	0	0	0	0	greater_than_24	3
51145	33.81416324251787	2019-09-05	2019-12-07	4.8376920585524825	22.603577497063846	6.113358408782376	8.266594565387166	20.41344738156734	Normal	1	1	0	0	1	less_than_24	2
52370	31.39709498368703	2020-03-20	2020-08-02	6.402405110878814	33.640705796245705	8.471919413613538	11.030495403498342	31.782924136821087	Normal	0	1	0	0	0	greater_than_24	3
50869	18.70132134521433	2019-04-17	2019-08-12	4.72879242086078	25.878895673438116	6.440773848961994	8.068439163857809	22.848626832116587	Normal	1	0	0	0	0	less_than_24	2
51250	23.244692275799544	2019-07-07	2019-10-27	4.9863372806396855	24.292624316110558	6.1683542546547505	8.634607791010485	22.106051621561274	Normal	0	0	0	0	0	greater_than_24	2
52743	74.52349297394753	2020-06-03	2020-10-12	7.574114989711619	33.3524360384089	8.407577566289657	10.082944549929989	31.54041592782956	Obese	0	0	0	0	0	greater_than_24	3
61608	22.528935916140522	2019-09-30	2020-03-16	4.352803764920152	24.487155032742773	6.261772697237107	7.959513644550427	21.271748600825937	Normal	1	1	0	0	0	less_than_24	2
53073	36.75078783530385	2020-06-13	2020-12-02	7.476076550769299	33.04678100906035	9.016413272979582	11.929648379712733	33.152729873003004	Obese	0	0	0	0	0	greater_than_24	3
29350	24.177821880556138	2019-01-22	2019-06-19	6.6255917834911875	30.95550176625608	8.569908687291676	11.441805587108128	29.75046833647854	Normal	0	0	0	0	0	greater_than_24	3
52416	29.563968835799663	2020-03-08	2020-08-12	4.6886378759728045	25.440810207496284	6.9213896526163845	8.790316082859064	23.452712614080134	Normal	0	0	0	0	1	greater_than_24	2
51866	32.15139073253867	2019-11-01	2020-05-22	4.978091962636004	22.807467997546027	6.289114737310454	8.344392113562147	22.690625256821257	Underweight	0	0	0	0	0	greater_than_24	2
52736	27.971956011095017	2020-01-28	2020-04-26	7.474449082051532	32.91626367913151	8.260193960416284	10.307271626920123	29.12976151859374	Normal	0	0	0	0	0	greater_than_24	3
51851	30.38509781831146	2020-04-23	2020-08-15	7.010978516691107	30.879109112967935	8.108086931326516	11.37663861096947	32.48705813555299	Normal	0	0	0	0	0	greater_than_24	3
52424	22.512320778504144	2019-04-30	2019-08-06	5.095943607683013	24.634218350747325	6.198152401133039	8.328755715781888	22.941566883715943	Normal	0	0	0	0	0	greater_than_24	2
61816	17.110908131366276	2020-07-27	2020-10-20	4.572355761442205	23.208935809424936	6.168131357760206	8.256677045078845	20.535775574498672	Normal	0	0	0	0	0	less_than_24	2
30214	28.45003245641525	2019-08-05	2019-11-09	5.3287963782680805	22.389001004521237	5.927019787833647	8.051657374860588	21.492922222992974	Normal	0	0	0	1	0	greater_than_24	2
52486	25.441583939410297	2020-04-29	2020-10-22	7.404066673303751	33.7887627022889	8.848987728577509	11.46244149800798	31.757661647030226	Obese	0	0	0	0	0	greater_than_24	3
50613	53.9856957946092	2020-01-10	2020-05-29	6.657290149877283	31.56222251825925	8.255192845760227	11.528261217887792	30.29569793298441	Obese	0	0	0	0	1	less_than_24	3
62158	30.700580934321692	2019-12-31	2020-05-30	7.319757482417909	31.05844004990958	8.610763749922384	10.943134385053632	30.81047727103424	Normal	0	1	0	0	0	less_than_24	3
50990	26.088146088845257	2019-01-19	2019-04-09	4.440398719514279	23.482934356764435	5.8771151490584295	7.896541932966697	19.82286777336351	Normal	0	0	0	0	0	less_than_24	2
62870	50.968741052770554	2020-06-05	2020-10-23	7.454385939918551	32.25462540736072	8.590708975710783	11.910362935332367	32.11558888675203	Obese	0	0	0	1	0	greater_than_24	3
33183	20.263454256126415	2019-09-06	2020-02-27	7.078965913174644	31.611281724135196	9.170837739839923	11.3182459907895	31.016461256507377	Obese	0	1	0	0	0	greater_than_24	3
39818	28.064787272393716	2019-04-06	2019-07-15	5.247643261483199	22.847238330059806	6.514611758165035	8.215407904728814	20.929080242836932	Normal	1	0	0	0	0	less_than_24	2
52066	28.988243165155524	2019-11-28	2020-04-02	6.580634886124836	31.338126772471043	9.419181753739531	10.968698240740006	25.276136342997976	Normal	0	0	0	0	0	less_than_24	3
41857	31.263423465387387	2020-02-27	2020-07-07	6.946609128735908	32.30595572237361	8.35622333685741	10.814365514703965	33.37816447823803	Obese	0	0	0	0	0	greater_than_24	3
52758	25.872321779941235	2020-04-01	2020-09-20	7.238846809353763	32.826897828309825	8.76356256372547	11.33806511108136	31.407076041501295	Obese	0	0	0	0	0	less_than_24	3
51703	26.663075241875706	2019-05-28	2019-12-22	7.313548385668801	32.89313049992305	9.010676670214057	11.053265927082762	31.638674148011106	Obese	0	0	0	0	0	greater_than_24	3
52120	21.381042008662096	2020-04-17	2020-10-20	7.289840816189582	30.209601651138595	9.035288638717287	11.891523694096287	31.38539800323772	Normal	0	0	0	0	0	greater_than_24	3
51471	35.462868547651084	2020-05-10	2020-11-03	7.479537396289375	32.35589564975453	8.235179255674405	11.366882411751707	31.390011130383243	Obese	0	0	0	0	0	greater_than_24	3
51172	23.034590223316023	2019-12-01	2020-05-29	5.152571268960793	24.08597546518067	6.290432170461372	8.650905580396929	24.348979714964027	Normal	0	1	0	0	0	less_than_24	2
52020	22.580842246063554	2019-05-31	2019-08-24	4.8540364535883604	24.3138948559915	6.470224680219253	8.314775075059362	23.82620203817961	Normal	0	0	0	0	0	greater_than_24	2
51389	34.94295569001292	2019-10-28	2020-03-19	7.230045223440204	32.73828550195582	8.920122116220504	11.704410734151342	32.46177433477754	Obese	0	0	0	0	0	greater_than_24	3
63056	22.90730922344922	2020-01-03	2020-07-19	6.892851746197459	29.245903285094368	8.583381837159893	11.816046020504587	29.55465056317619	Underweight	0	1	0	0	0	less_than_24	3
40015	34.2717116640125	2020-02-19	2020-06-15	7.3885073319104615	30.219306379019223	8.254891754323822	10.37674106890108	31.11804363977608	Normal	0	0	0	0	0	greater_than_24	2
60030	44.89342863553465	2020-05-06	2020-10-28	7.3887438375168	30.58963141663782	8.528090832789564	11.485505500538354	30.383757782421995	Obese	0	1	0	0	1	greater_than_24	3
52317	31.506428077128852	2019-04-30	2019-10-04	7.062884280545921	33.1773077772508	9.484409312859457	11.539013193653426	33.20534837641347	Normal	0	0	0	0	0	greater_than_24	3
41134	38.483124553878916	2019-11-02	2020-04-25	7.2532940839318805	30.63970540025778	8.337392676499254	11.436351757348692	30.66239379361548	Normal	0	0	0	0	0	greater_than_24	3
41034	22.85954056196728	2019-03-06	2019-06-21	4.752662439371857	23.107495460660196	6.091295397874825	8.57695514993354	20.929234417586027	Normal	0	0	0	0	0	greater_than_24	2
52410	35.8838348246064	2020-07-19	2020-11-24	7.286043115191368	33.814800012645605	9.14147124852464	11.847134014984265	33.76036184492858	Obese	0	1	0	0	0	greater_than_24	3
60898	25.372374189913867	2020-02-20	2020-08-30	7.414645113253574	32.81740557106267	8.763178689772356	10.505869878879443	30.028147731772467	Obese	1	0	0	0	0	greater_than_24	3
51195	21.218421038400415	2019-08-23	2020-01-26	4.817405629977981	23.96258219752531	6.2563233991725085	7.649167593070026	21.099389548130304	Normal	0	0	0	0	0	less_than_24	2
51878	23.288483554587362	2020-02-09	2020-07-13	7.44453147335333	33.09740850282491	8.380876749503907	11.792034261859074	33.96455640871499	Obese	1	0	0	0	0	greater_than_24	3
42424	37.027348277412116	2020-02-04	2020-07-08	5.628196698358712	25.11054817042019	6.643847589552237	7.840259650327525	26.294316984368788	Normal	0	0	0	0	0	greater_than_24	3
61460	21.03555859750035	2019-07-17	2019-11-11	4.8978105933197815	24.580577420349	6.0336829952009285	7.4983117527362655	23.01757061139519	Normal	0	0	0	0	0	greater_than_24	2
51045	15.312924952818989	2019-03-26	2019-09-19	4.974219313958184	23.614462488403834	6.317795576870716	8.491525224147566	21.529700948777723	Obese	1	0	0	0	1	less_than_24	2
33645	19.528407988087114	2020-02-28	2020-06-25	7.055035622241113	31.31607589298865	9.619361874376898	11.846397591452577	29.260602127257883	Obese	0	0	0	0	0	less_than_24	3
51863	29.357577330310797	2018-09-10	2019-01-01	5.182376359879284	24.765334943533926	6.674138018545774	7.845509061254661	20.187967865925987	Normal	0	1	0	0	0	less_than_24	2
50650	16.21309189747135	2019-03-27	2019-06-19	4.96024271317359	23.84349418026003	6.450341193152169	8.173747637176538	21.728608210210577	Normal	0	0	0	0	0	less_than_24	2
52193	22.51448698097791	2020-06-28	2020-10-19	7.396727901316809	33.108366324555234	8.711367869632008	11.084676494593054	31.9247807057757	Obese	1	0	0	0	0	greater_than_24	3
51250	31.66843624574743	2019-04-22	2019-11-12	5.22978033117267	22.584078452477442	5.905222469520174	7.368248110446925	21.22539553699129	Normal	0	0	0	0	0	greater_than_24	2
51599	27.176417743323753	2019-08-07	2019-11-24	7.1435234564431696	32.57777798601093	8.739220070294992	11.828857921154771	30.154731298818678	Obese	0	0	0	0	0	greater_than_24	3
52053	28.818764495481176	2020-05-08	2020-11-09	6.690245001921032	32.25120634221854	8.651985268639846	11.951930456606432	32.452734271194004	Obese	0	0	0	0	0	greater_than_24	3
61395	32.341602215865436	2019-11-28	2020-06-11	7.9093775610160115	33.12030353054854	8.44572214933838	11.875382903187901	31.13908459176335	Obese	0	0	0	0	0	greater_than_24	3
52708	15.742480633805773	2020-01-01	2020-05-24	5.288313791994943	25.349851016737837	6.205599875086285	8.064612685631058	21.528182227539606	Underweight	0	0	0	1	0	less_than_24	2
52259	40.50556412442738	2019-06-28	2020-01-22	7.411523467647996	33.39462989668792	8.805705625184187	11.83577098790481	31.12377692554936	Obese	0	0	0	0	0	greater_than_24	3
50991	23.896296303411166	2020-06-18	2020-10-14	7.1376668542781685	33.7202000970245	8.652392508083903	10.581838832153945	32.19934795399318	Obese	0	0	0	0	0	greater_than_24	3
61467	28.069142021537857	2019-03-15	2019-09-02	5.042854335130568	24.086770020268037	5.919774520022108	8.276217606545915	20.734845416303276	Normal	0	0	0	0	0	greater_than_24	2
31736	32.5944760202551	2020-01-07	2020-05-17	6.476745541711965	32.61512428223861	9.390129197827738	11.487768705895679	32.35207337770325	Normal	0	0	0	0	0	less_than_24	3
52145	34.36776383532129	2020-04-11	2020-07-13	5.122703227006922	23.723998895675294	6.906340882073192	8.185139303950386	21.287721345051075	Underweight	0	0	0	0	0	less_than_24	2
51105	23.709650760579844	2019-05-06	2019-07-25	4.9081822667086685	25.313840331972685	6.311872674115086	7.552248875228772	21.78210566081392	Normal	0	0	0	0	0	less_than_24	2
61672	22.86826667714478	2020-11-28	2021-05-08	4.737954965586074	24.392894651361253	6.0801790100818085	8.219858988397661	22.266983294936157	Underweight	0	0	0	0	0	greater_than_24	2
52510	28.737511340788807	2019-10-29	2020-04-11	7.277557799461068	31.602722812188862	8.7860171627276	11.643903942717206	33.1270708867356	Obese	0	0	0	0	0	greater_than_24	3
52268	24.138185261457235	2020-02-05	2020-08-24	7.386466532089489	32.40287360919803	8.562161359176466	9.801568864264528	29.31687619316307	Normal	0	0	0	0	0	greater_than_24	2
52373	24.840256432259736	2020-01-29	2020-06-17	7.246722457267412	32.21274520665942	7.967681303011906	11.005584514646985	31.2190770548857	Normal	0	1	0	0	0	greater_than_24	3
51753	24.935792156196253	2019-12-16	2020-05-25	7.1886409905862925	32.16759750173785	8.418669013264104	11.099008041761147	32.5721202295435	Obese	0	0	0	0	0	less_than_24	3
50737	24.552021999694535	2019-04-02	2019-07-09	5.38220774869038	25.231043274417676	6.116599694558514	7.376527781640924	21.066048259043278	Normal	0	0	0	0	0	greater_than_24	2
52454	23.389153764177003	2020-02-15	2020-06-16	6.7047136623332735	30.205072547658457	8.725910431762745	11.030795447717441	29.167972600780487	Obese	0	0	0	0	0	greater_than_24	3
52414	34.62835151240905	2020-01-25	2020-06-30	7.185224632175704	32.07707897578012	8.60446795531101	10.980900639930564	32.82314259749215	Normal	0	0	0	0	0	greater_than_24	3
50851	76.98438450877117	2019-03-05	2019-07-05	6.422614021439099	31.77869980353496	8.10877497127799	9.42560596506815	32.03453732377685	Normal	0	0	0	0	0	greater_than_24	2
52385	23.07530505748082	2020-05-29	2020-09-14	7.562906639738513	33.69459409327397	9.281535247540111	11.469054113887935	33.05059978340983	Obese	0	0	0	0	0	greater_than_24	3
51303	36.95561687175983	2019-07-09	2019-11-12	5.0572173361629105	24.115733273663935	6.150209634383537	8.275137034068774	20.73229915841029	Normal	0	0	0	1	0	less_than_24	2
52193	32.90983247653583	2020-05-12	2020-09-21	5.107894928718997	25.860122178409274	8.215450433215262	10.718084055777679	22.46306152551586	Underweight	0	1	0	0	1	greater_than_24	2
52698	35.23947784048	2019-11-27	2020-06-03	6.751541080401423	30.770670197072125	9.268203948229031	11.565760469587147	31.965681812959076	Obese	0	0	0	0	0	greater_than_24	3
51176	27.520894913301166	2020-02-22	2020-09-05	6.939551346024058	32.8582668784989	8.541175988088552	11.17383395262269	32.21369498576065	Obese	0	0	0	0	0	greater_than_24	3
62580	33.058484087954064	2020-05-10	2020-09-10	7.205597898516975	31.719337802259215	8.692340834371706	11.963531481525703	32.09701650388159	Obese	0	0	0	0	0	greater_than_24	3
33415	48.74767762858572	2019-07-01	2019-11-28	7.242113123837237	31.783222486802256	8.830329739589038	11.763430577754121	31.054545037506948	Obese	0	0	0	0	0	greater_than_24	3
33006	17.42242023030173	2019-06-10	2019-11-28	4.605753964478486	22.49272964799206	6.432611601352174	8.333519481845496	19.2431665445449	Normal	0	0	0	0	0	less_than_24	2
52092	43.87240002583516	2020-03-28	2020-10-19	7.431795923225737	32.41149677814638	8.492039549170183	11.678107649509665	31.80635766744065	Normal	1	1	0	0	0	greater_than_24	3
60930	69.21761701173828	2019-08-03	2019-12-16	6.792334830604093	32.263842531414404	8.699569311710842	11.354104710102456	32.16906137178859	Normal	0	0	0	0	0	greater_than_24	3
31805	53.94437539127691	2020-04-07	2020-07-04	7.265281129865141	28.983767860539505	8.534157040773602	11.034977671178407	28.921616146725388	Obese	0	0	0	0	0	less_than_24	3
52277	26.693638469158323	2019-08-01	2019-11-18	7.063864512261073	33.25371006600261	9.061134040085456	11.892046433236544	30.38971834842344	Obese	0	0	0	0	0	greater_than_24	3
61926	67.82007328841286	2019-12-14	2020-06-11	7.033715460926118	32.71174653701977	8.636593334045411	10.970847113238921	33.44798683477794	Normal	0	0	0	0	0	greater_than_24	3
51559	30.236466679527602	2020-01-28	2020-07-06	5.2938120100477954	21.693726478890696	5.8860003304283355	7.783004770196288	20.425001471636	Underweight	0	0	0	0	0	less_than_24	2
52589	26.487311411693536	2020-03-07	2020-07-10	7.340753911380253	33.12520220781908	8.663003227620996	10.269483361489064	31.4471786877816	Obese	0	0	0	0	0	greater_than_24	3
51228	27.2591535205164	2020-03-28	2020-08-29	6.900032425978803	31.182816501130564	8.53968045891178	11.706620860853745	31.7371137919694	Obese	0	1	0	0	0	greater_than_24	3
61975	21.785528447479564	2019-04-25	2019-10-13	5.213257310780085	29.16462879288736	8.245207892186269	10.563470987430728	23.842685215735	Obese	0	0	0	0	0	less_than_24	2
61800	35.41063782808751	2019-05-27	2019-09-27	7.483653826269958	31.63127031601879	8.63162894653641	11.904392442760878	32.07018359081149	Obese	0	0	0	0	0	greater_than_24	3
52757	27.63561508685239	2020-06-30	2020-11-01	7.318098078925202	33.23340178044376	8.678880760298156	10.9965908508459	32.87362747877392	Obese	0	1	0	0	0	greater_than_24	3
51604	22.461815943559024	2020-02-23	2020-06-12	5.233426564205954	23.398603513186185	6.1884655232507155	8.531309163990144	22.85008766800888	Underweight	1	0	0	0	0	less_than_24	2
41085	18.158614427367848	2019-08-07	2020-01-14	5.235006415152366	22.2127558179153	6.038696646910347	8.182356970617414	23.36529348531007	Normal	0	0	0	0	0	less_than_24	3
62763	28.16769736438959	2019-12-04	2020-06-12	5.295968083009543	25.207246406296964	6.719484647453759	7.682707040690778	21.391483345479283	Normal	0	0	0	0	0	greater_than_24	2
51869	21.464872688849724	2020-04-04	2020-07-29	7.185522947407318	31.325439416737318	8.192030390532791	10.786336464163249	28.11699188258333	Normal	0	0	0	0	0	greater_than_24	3
52667	26.493073563718912	2020-05-08	2020-10-01	6.766595099398413	30.809113937695596	8.88873288841299	11.628588603285214	31.96871091705229	Obese	0	0	1	0	0	greater_than_24	3
51264	32.60731744038563	2020-02-15	2020-08-22	7.332205181505452	33.033548346787335	9.195943977861718	11.691444988525417	32.20695118076719	Obese	0	0	0	0	0	greater_than_24	3
31978	29.526377220921194	2020-04-13	2020-09-30	7.051111207316647	32.03617585465001	8.466433238538036	10.956111623920563	33.51181856138522	Obese	0	1	0	0	0	greater_than_24	3
50629	27.88718124681253	2019-11-02	2020-01-29	8.064515429101508	32.236463009351624	9.063215398293051	11.354758519276078	32.32286232699699	Obese	0	0	0	0	1	greater_than_24	2
52092	25.495417021829535	2019-07-16	2020-01-29	7.30012780267275	31.87846041793354	8.768534556422923	11.208702240996328	31.228965351737642	Obese	1	0	0	0	1	less_than_24	3
31155	36.62057037473859	2020-05-05	2020-09-10	7.152598226374179	33.40281857636048	8.852926405095033	11.172109966471869	33.60886738319101	Obese	0	0	0	0	1	greater_than_24	3
51335	16.319406787350438	2019-03-27	2019-06-28	4.7367412925848225	23.073056700163384	6.063756113115637	8.201479089467966	22.85533645255802	Normal	0	0	0	0	1	less_than_24	2
39210	23.208862935708048	2019-09-03	2019-12-28	4.916710673031025	23.110099038177324	5.888382645378146	8.249020038772414	19.313211994736434	Normal	0	0	0	0	0	less_than_24	3
51281	28.84189162386706	2019-08-01	2019-12-23	5.041967423924663	22.701666070273482	5.905211565755786	7.657105304807478	19.815234246572622	Normal	0	1	0	0	0	less_than_24	2
52382	36.91311775928751	2020-04-27	2020-07-23	7.449586993049996	32.19720082877508	8.701352471976628	11.922151362147808	31.76683672691747	Obese	0	0	0	0	0	less_than_24	3
52253	33.81839231648297	2020-02-02	2020-08-03	7.079587989349597	30.99635801160142	8.43556017233325	11.526588818274185	32.28628308439793	Obese	0	0	0	0	0	less_than_24	3
51117	49.916782503520224	2019-03-13	2019-08-20	5.0247690432030465	25.038248035012025	6.6992632618673	8.92938339192509	24.533544305637907	Normal	0	0	0	0	0	greater_than_24	3
32206	37.81984075068845	2020-02-20	2020-08-13	7.084712584146855	32.66496667132287	8.431168200386491	11.77069099227164	31.06777256935949	Normal	0	0	0	0	0	greater_than_24	3
51505	26.577295300886533	2019-06-08	2019-10-09	5.220394264828402	24.98116698003038	6.478004728827654	7.690826573950277	20.901477968723057	Normal	0	0	0	0	0	less_than_24	2
42200	25.116432354822912	2019-12-25	2020-05-09	6.8757854074110165	27.35430837963481	7.950986452738766	10.039641356639946	27.057767528749945	Normal	0	0	0	0	0	greater_than_24	3
42394	24.26085742585701	2020-04-13	2020-08-27	7.4585459421066265	31.817358319483695	8.804940556780204	11.367024397153624	29.718410867290427	Obese	0	1	0	0	1	greater_than_24	3
39433	20.113736357429865	2019-04-13	2019-08-05	4.704800829358505	23.97130378311552	5.984062421547644	8.326181633479912	22.70708556654117	Normal	0	0	0	0	0	greater_than_24	2
61075	49.135229951322195	2020-02-08	2020-08-23	7.220351893988782	32.74677401105537	8.81059455991726	10.988867307279481	32.06673457619945	Obese	0	0	0	0	0	greater_than_24	3
52250	79.39021527875852	2020-03-25	2020-08-12	6.988912395752951	32.442702304965685	8.828304141662127	11.247398357218453	32.8624885636155	Normal	0	0	0	0	0	greater_than_24	3
52657	29.65162305254865	2020-05-26	2020-09-04	7.381736374414653	32.87644475086716	8.835283899495069	11.813176603054405	33.69938719229546	Obese	0	0	0	0	0	less_than_24	3
52646	41.0986049973811	2019-10-24	2020-02-27	7.181009278416955	32.016838393070344	9.433037265991372	11.528389458065242	31.477573199152097	Normal	0	0	0	0	0	greater_than_24	3
62453	36.484370822060214	2020-05-25	2020-09-18	7.092784507129033	31.512653426761858	8.208537211654987	9.587925926575785	32.649544719022195	Underweight	0	0	0	0	0	greater_than_24	3
51127	17.612843455599666	2019-08-16	2020-01-21	5.1607301488786606	24.232412607576965	5.863548786251614	7.933994761908265	23.60587243801556	Normal	0	0	0	0	0	greater_than_24	2
41512	25.012284905931892	2019-07-02	2019-12-31	5.095633636019443	23.35976531031233	5.989125865013514	8.257812670244217	19.95129477832128	Obese	0	0	0	0	0	greater_than_24	2
50698	40.37935959427172	2019-06-19	2019-12-11	5.017401786905616	23.385783026563093	6.298901527637369	8.232547810408322	22.780574618919026	Normal	0	0	0	0	0	greater_than_24	2
51781	33.839067359997586	2020-03-01	2020-05-31	7.2287321103524524	32.13961612898374	8.018767141512111	11.1261641838579	28.357773655352823	Normal	0	0	0	0	0	greater_than_24	3
52811	27.61871938260269	2020-04-08	2020-08-05	5.038256780884435	24.476371911626476	6.226525963716938	8.546503346042613	23.50655161005897	Normal	0	0	0	0	0	less_than_24	2
32254	16.416169663764435	2019-09-05	2020-01-17	5.037753890128398	24.36269519750993	6.778223572860483	8.145717866812452	21.506572097165666	Underweight	0	0	0	1	0	less_than_24	2
42161	61.87478474791692	2020-11-06	2021-04-22	6.502517844858187	33.16966717523505	8.624286543298876	10.8871353339758	30.792202638591753	Normal	0	0	0	0	0	greater_than_24	3
52800	31.85853232798732	2020-05-27	2020-10-05	6.802287842120873	33.19677100915379	9.16193767448976	11.86877914801889	33.191133949688805	Normal	1	0	0	0	0	greater_than_24	3
51537	33.67044519641276	2020-01-14	2020-07-09	7.367076156397292	32.48086679376742	8.26075827769159	11.078781746118247	30.999433579065737	Normal	0	1	0	0	0	greater_than_24	3
41468	21.695431863562725	2019-02-01	2019-06-06	4.835961407348446	23.41590321073297	5.954662217161738	7.68994311540858	20.13830651272361	Normal	0	0	0	0	0	less_than_24	2
41295	19.887831224110705	2019-07-06	2019-11-28	6.505973515463857	31.070999810772314	8.458271263162063	10.51781317551223	31.859985077727057	Normal	0	0	0	0	0	less_than_24	2
41886	27.427452636085174	2019-05-09	2019-09-27	5.066232082285193	23.568249461396775	6.551406828197834	7.5604725234572765	19.716253536126086	Underweight	0	0	0	0	0	less_than_24	2
51085	28.114848157971497	2020-08-24	2021-02-06	7.261123414932052	31.130899504873412	8.13608593893007	11.39856035228483	28.720489089418287	Normal	0	0	0	0	1	greater_than_24	3
51820	22.383616159273217	2020-03-19	2020-08-19	7.261016886031055	27.046877369287202	8.098900723454653	11.000489761635542	28.371745355282204	Normal	0	0	0	0	0	greater_than_24	2
51260	20.774922898149924	2019-06-02	2019-11-21	4.925930775380423	24.49769755116957	6.068274084738205	8.383397597055675	22.46473066808163	Normal	0	0	0	0	0	less_than_24	2
52012	36.8335463643368	2020-03-25	2020-09-11	6.69630567905145	32.133987742394	8.789741309467024	10.908957033798105	30.152571767457374	Obese	0	1	0	0	1	greater_than_24	3
52222	46.972103733878896	2020-06-20	2020-09-09	7.21999548248051	32.90395267407953	8.993994159753885	11.394129311927573	32.92218455717294	Obese	0	0	0	0	0	greater_than_24	3
52037	24.526611733113185	2020-03-04	2020-07-12	7.286264064023064	30.481517776092694	8.361444699546631	11.21062827746877	28.57256681070373	Obese	1	1	0	0	0	greater_than_24	3
52723	19.149526231358603	2020-02-12	2020-06-12	7.155016912750344	33.11638840793564	9.053695796694399	11.890627606546161	32.38728795709599	Obese	0	0	0	0	0	greater_than_24	3
51504	33.317635485213984	2019-07-11	2020-01-15	4.948101749751769	23.44197275907878	6.1851844986107265	8.520505726983547	23.15222047633268	Normal	0	1	0	0	0	less_than_24	2
42119	21.99335665729394	2020-03-07	2020-07-16	6.541270034145937	32.09943821753648	8.86294037485777	10.31286694844254	32.276471257815096	Obese	0	0	0	0	0	greater_than_24	3
32944	45.96848520768364	2020-02-17	2020-09-12	7.291954697248107	31.430750497193742	8.690647950855467	11.620791092044838	30.08309182266505	Obese	0	0	0	0	0	greater_than_24	3
50350	34.96455093409693	2019-09-16	2020-03-09	4.6617414362089695	22.809136901210678	5.859830917733189	7.835841851387424	20.158688902893754	Normal	0	0	0	0	1	less_than_24	2
51941	21.15427705718315	2019-03-23	2019-08-12	4.638130205768867	24.432939858604275	6.1833234529289305	7.958100077134937	20.85610858577692	Normal	0	0	0	0	0	less_than_24	2
62723	47.89596023275387	2020-03-06	2020-09-06	7.175661504714388	33.248776928102465	8.581550357712189	10.989763721220529	32.43606908124095	Normal	0	0	0	0	0	greater_than_24	3
42369	28.334136692930254	2019-05-15	2019-11-09	7.119477659132821	31.27008146076599	8.570268146043418	11.911677316927578	32.98285440664482	Normal	0	0	0	0	0	greater_than_24	3
32203	37.5697901265975	2019-12-12	2020-03-04	7.254840611391003	32.07068071238571	8.820482286788145	10.924249141424841	30.43509891117505	Obese	0	1	0	0	1	greater_than_24	3
41305	37.9226942907106	2019-06-14	2019-11-04	4.667800150477095	23.856589242293243	6.475658481387501	8.371008443068648	20.06333208529395	Normal	0	0	0	0	0	less_than_24	2
33132	25.101594775167435	2020-06-23	2020-10-03	7.47425966977077	32.731284397037825	8.371172297507002	11.765594756513172	33.62556818492096	Obese	0	0	0	0	0	greater_than_24	3
52190	20.339023980922303	2018-12-31	2019-04-22	4.603728098749492	23.54300897713905	6.098488037690621	8.484178258339648	21.82430284160102	Underweight	0	0	0	0	1	less_than_24	2
52686	31.42802200585937	2020-03-22	2020-08-29	7.345353523976734	32.624777894900035	8.32504443720238	10.988063922777325	32.10027666391304	Normal	1	0	0	0	0	greater_than_24	3
61786	30.579076647424284	2019-07-06	2020-01-16	4.640112015340122	24.551656707683662	6.633379959983389	8.68146492686676	22.42082875439152	Underweight	0	0	0	0	0	less_than_24	2
52560	32.540059247582434	2020-05-14	2020-11-23	7.053654606270951	32.430110237262696	8.946519391235562	11.951107349650792	33.001546663803595	Obese	0	0	0	0	0	greater_than_24	3
50968	23.892078600858902	2019-08-06	2019-11-01	5.1052171897114045	25.139357636144297	6.341200743481677	7.867934404677971	22.77269935598318	Normal	0	0	0	0	0	less_than_24	2
52316	55.133774309480295	2020-12-25	2021-06-06	7.529531300882346	32.9772344101494	8.559883682210486	11.150321649485052	33.51132728710877	Obese	0	0	0	0	0	greater_than_24	3
29205	25.49665805262355	2020-03-26	2020-09-28	7.230612691402355	29.69381267142112	8.297789080596067	10.66915217077063	28.709823515911737	Obese	1	0	0	0	0	less_than_24	2
52119	26.610143085421278	2020-08-07	2020-11-06	7.253188412751504	32.90056302119446	8.402805249394321	11.72667474718022	33.799908863367115	Obese	0	0	0	0	0	greater_than_24	3
51496	27.614328981090246	2019-06-16	2019-12-24	5.836354269515887	29.921540489959753	8.161604636890148	9.587649985059194	24.140111948361636	Normal	0	0	0	0	1	greater_than_24	2
52326	24.16231231659993	2019-06-05	2019-12-04	4.8114985534560235	23.789195090757843	6.040476292524477	7.805353714831564	22.57398402680957	Normal	1	1	0	0	0	greater_than_24	2
62061	52.4554921211127	2020-02-03	2020-04-27	6.584199960395715	31.730359112760954	8.421191464945997	11.335988442343123	30.097816784169506	Normal	0	0	0	0	0	greater_than_24	3
42740	23.062026311302493	2020-01-24	2020-08-12	7.317160247199362	32.62942086112926	8.365956787414788	10.730113583822035	33.66255872643121	Obese	0	0	0	0	1	greater_than_24	3
52446	17.296910758792876	2019-08-08	2020-01-22	4.643091318986613	22.64511371263858	6.315696145276466	7.890216990785595	21.540061308591852	Normal	0	0	0	0	0	less_than_24	2
51271	36.1267395268645	2019-08-07	2020-02-22	6.759875201429444	32.87073021270341	8.596635034269042	10.52720582874914	33.38526215773883	Normal	0	0	0	0	0	greater_than_24	3
31033	22.12828453998903	2020-04-04	2020-08-25	6.997816107601658	32.38450730083924	8.87969694182405	11.451008698180521	30.798972564041563	Normal	0	1	0	0	0	less_than_24	3
52490	27.69135756469379	2020-06-29	2020-09-15	7.1180008643600985	32.88150607352965	8.94823326785861	11.137662872554227	32.60027983641183	Obese	0	0	0	0	0	less_than_24	3
52089	18.209885375068296	2019-12-11	2020-05-31	7.097278734452011	33.14946095459826	8.223624924687245	10.944982232546506	32.240309321034815	Normal	0	1	0	1	0	greater_than_24	3
51814	21.303499133460747	2020-05-27	2020-08-20	7.306297901724339	30.884542637352506	8.435065909938992	11.77368779600644	28.511075731339268	Normal	0	0	0	0	0	greater_than_24	3
63057	33.910364590841404	2020-01-16	2020-05-16	6.998010409912761	33.29281014992334	9.157596105208508	11.044834789072887	33.6930202552401	Obese	0	0	0	0	0	greater_than_24	3
52716	33.606719937548135	2020-03-23	2020-10-07	7.446431724796117	31.77044598888256	8.543993061619195	11.437250839240606	31.542154735927873	Normal	0	0	1	0	1	greater_than_24	3
51286	16.38329115858781	2019-06-23	2019-12-11	5.200207934259956	22.9052871835437	6.461972216564635	8.444929211523293	20.20771468726731	Normal	0	0	0	0	0	greater_than_24	2
51091	21.104203876870272	2018-11-08	2019-05-09	5.025937201074996	23.625777325001376	6.2561331190298155	7.656367050367611	22.541252674633864	Normal	0	0	0	0	0	less_than_24	2
50537	27.552041391059028	2019-06-14	2019-11-28	4.796059635263438	22.854221046140037	6.389543071356921	8.211298274284896	21.346082623439564	Normal	0	0	0	0	1	less_than_24	2
52511	32.95591128612674	2020-04-07	2020-10-22	7.369172368411047	33.07574900939449	9.2092515847319	11.801479351670404	31.325681329612994	Obese	0	0	0	0	0	greater_than_24	3
51126	35.261663468914115	2019-02-18	2019-07-17	5.0094663927303715	23.660756556063827	5.9173847678225995	7.49824273649263	21.3606605330401	Normal	0	0	0	0	0	less_than_24	2
33460	28.35986386409664	2020-04-09	2020-08-28	6.98621566494249	31.584339986872255	8.788734363100577	10.923009575584919	29.867235917901738	Obese	0	0	0	0	0	greater_than_24	3
52554	28.140502582246423	2020-05-08	2020-09-10	6.94831519223034	30.398195403313984	8.04003806445863	10.254371311962744	28.856151872915742	Obese	0	0	0	0	0	less_than_24	3
62155	24.879350194882598	2019-09-04	2019-12-17	7.315887790068996	30.592054635432817	8.223210553767798	10.107643248456593	30.69170530163318	Normal	0	0	0	0	0	less_than_24	3
33790	33.33805307222055	2020-05-31	2020-11-11	7.504693941802543	33.64984224660392	9.234361165007195	11.054906196637322	33.55773251687911	Obese	0	1	0	0	0	greater_than_24	3
62928	28.941098091550423	2020-05-04	2020-10-08	7.282040590509113	30.310007634111635	8.010855206003468	11.07367530127978	30.375572003455908	Obese	1	0	0	0	1	greater_than_24	3
52563	33.60048366360078	2020-03-26	2020-10-05	7.227861752648714	32.28979368708989	8.456340632514069	11.3487414972708	32.28428776243443	Normal	0	0	0	0	0	less_than_24	2
63046	20.35203819449599	2019-05-29	2019-09-06	7.540594730289243	29.71422192442977	8.041742180940297	11.326971543786371	30.54514317489179	Normal	0	0	0	0	0	less_than_24	3
60984	35.26173289721028	2020-05-08	2020-08-18	6.852620046021691	32.71422100777026	9.042068766580558	11.525612074641034	31.633392550185892	Obese	0	0	0	1	0	greater_than_24	3
51709	27.658951203791943	2018-11-30	2019-04-21	5.0150104846760275	23.41700365749385	6.971887005271394	8.833885729508644	20.316389023097006	Normal	1	0	0	0	0	less_than_24	2
52313	26.403351374393285	2020-05-08	2020-09-12	7.358788745404699	32.98378785612425	8.948154398825444	11.922630782256789	31.652973257858765	Obese	0	0	0	1	0	less_than_24	3
51899	21.082005189416908	2019-04-04	2019-10-11	5.022641503898293	24.431545181144106	6.387837404317646	8.013842759057518	23.076808357151833	Normal	0	0	0	0	0	less_than_24	2
52956	25.607912499326417	2020-04-25	2020-10-27	7.205903418601797	32.834903669100484	8.894005677720283	11.087216297529773	31.113808361995577	Normal	0	0	0	1	0	greater_than_24	3
33852	15.82574715953971	2019-07-26	2019-11-29	7.2799315698674345	32.495787258660386	9.352419222991728	11.617220953226138	32.367322789219216	Obese	0	0	0	0	0	greater_than_24	3
52079	29.139069594304353	2019-07-16	2019-10-18	4.576752336375916	24.749983464281378	6.621923022575105	7.5426586547531205	20.95351075730041	Normal	0	0	0	0	0	less_than_24	2
51809	36.762836172430475	2019-11-20	2020-05-31	6.929886835985466	31.374985022327913	8.650463918439778	11.22129489540519	30.26922784191394	Normal	0	0	0	0	0	less_than_24	3
51905	27.598177754583922	2020-04-13	2020-09-21	6.591924390763932	30.80447318012934	9.11024711464093	11.720974356473702	31.321827476395583	Normal	0	0	0	0	0	less_than_24	3
41827	25.018812144600766	2019-08-20	2020-01-22	4.75598280153915	22.891552825747276	5.9940193862320506	8.150910621984574	22.641271004610566	Normal	1	0	0	0	1	less_than_24	2
60624	23.2433583612039	2020-03-09	2020-09-02	7.354179640700024	33.0192934988324	8.513575537238408	11.718218204511464	31.391459996927992	Obese	0	0	0	0	0	greater_than_24	3
51726	27.76999078148327	2019-06-25	2019-12-29	8.068619833551839	31.366339190576973	8.196904120261456	10.886329699516548	32.31789630677104	Normal	0	0	0	0	0	greater_than_24	3
52439	31.226004947402412	2020-06-18	2020-11-17	7.515028846277679	33.74420840062931	8.412413856301077	11.55130265728812	32.85542761752235	Obese	0	0	0	0	1	greater_than_24	3
52531	28.315246332496034	2020-05-21	2020-08-19	7.547590379809648	33.47119724527069	9.395591222126432	11.314904132992334	32.537206948215854	Obese	0	0	0	0	0	greater_than_24	3
52080	53.755432189430465	2020-02-21	2020-09-08	7.425197650040675	33.214338247945264	8.53028062074216	11.34252538750419	33.36837460448599	Obese	0	0	0	1	0	greater_than_24	3
31870	35.87207611060801	2019-04-13	2019-10-21	7.218510367817775	30.589399109192875	8.430094939683185	10.280758542158756	30.749757228585487	Normal	0	1	0	1	0	greater_than_24	3
51367	51.610714642012226	2020-04-29	2020-10-02	5.090926969834328	22.131011166401702	6.038213099624911	7.729827501359261	22.490972188637627	Normal	1	0	0	0	0	less_than_24	2
34394	32.56369011872552	2020-04-17	2020-10-14	7.447446865740501	33.09164984627549	8.300155922827733	11.242366415121028	33.652831664002186	Obese	0	0	0	0	0	greater_than_24	3
60060	22.16296060263159	2018-11-23	2019-03-18	4.999181324850265	23.326760537854028	5.9525371176019	7.794986175709685	20.720866979470173	Normal	0	0	0	0	0	less_than_24	2
39820	19.14906898862037	2019-01-12	2019-05-17	5.327229107961718	22.493824756895222	6.11543132153925	8.049040241778275	22.748791752391586	Normal	0	1	0	0	0	less_than_24	2
52004	68.287492287499	2020-06-21	2020-11-11	7.134737824133142	33.28089730781466	8.64043883292945	11.709528629425447	31.122802158309923	Obese	0	0	0	0	1	greater_than_24	3
50322	34.63522039656702	2019-05-21	2019-09-07	5.228717291006076	22.333685832600544	5.950776695387413	8.21655500447748	20.56582358592826	Normal	0	0	0	0	0	greater_than_24	2
52313	25.677261232335383	2019-11-23	2020-06-15	7.518564141947566	33.06104968516602	9.147502067687917	11.270232066875048	31.935988881634053	Obese	0	0	0	0	0	greater_than_24	3
62445	25.298232070131903	2020-07-26	2020-10-22	7.436754177404102	32.777280667526554	8.537376499594313	11.931195793725204	32.62985785577977	Obese	0	0	0	0	0	greater_than_24	3
50621	33.56783446237242	2020-04-05	2020-08-28	6.858030133127296	33.02186180346286	8.454547019466965	10.816903765946135	29.404753342458346	Obese	0	0	0	0	0	greater_than_24	3
30320	16.59326929941594	2019-05-27	2019-12-19	4.532844539302755	24.601642253161696	5.998959799940208	8.346429284502992	22.33532382257813	Underweight	0	0	0	0	0	less_than_24	2
39302	15.556333634747194	2020-12-14	2021-03-13	4.843582402120597	24.944082737339023	6.109789474340526	7.681168940297773	22.13948138588459	Normal	0	0	0	0	0	less_than_24	2
51562	38.53402054337526	2019-07-20	2019-11-03	7.2231349114936085	32.98732632625053	8.591639904422275	11.257174289710346	32.411118264599786	Obese	0	1	0	0	0	greater_than_24	3
32205	24.891319760321682	2019-07-07	2019-12-18	6.9241916568411375	30.348137552536542	7.892368193239996	9.097489369872724	30.25717068795425	Normal	0	0	0	0	0	greater_than_24	3
52407	30.032045550092068	2020-04-02	2020-09-26	7.404071876808844	32.01445303706902	8.767931518577356	11.46772898814564	29.59167643981056	Obese	0	0	0	0	0	greater_than_24	3
52071	34.17716627437461	2020-03-17	2020-09-30	7.2402597039403	32.3823458291831	8.44380591741097	11.39868358893606	32.922199138372925	Normal	0	0	0	0	1	greater_than_24	3
51891	23.28542206843192	2019-04-01	2019-08-15	5.170932856618065	25.43816063460704	6.2367568776031375	7.372010761304104	23.09155274482186	Normal	0	0	0	0	0	greater_than_24	2
52310	23.31319923971356	2019-10-24	2020-03-26	7.8134977875136595	33.632762200157515	8.280459670509336	10.696486094257349	31.96682910103104	Normal	1	0	0	0	0	less_than_24	3
52694	34.17944521128534	2020-04-03	2020-08-01	7.5255423853672605	32.663596586928094	8.444620397951734	11.570257858263059	32.561839361922715	Obese	0	0	0	0	0	greater_than_24	3
51762	26.991179999930285	2020-03-30	2020-09-03	6.791094931118925	32.55862863118012	8.86162495079544	10.956364276579027	32.441892728392986	Obese	0	0	0	0	0	less_than_24	3
52554	28.390498630670916	2020-05-27	2020-09-23	7.379414353152356	32.93246193100048	9.21817608398453	10.933492419983375	29.612176134850277	Obese	0	0	0	0	0	less_than_24	3
62253	43.3312506593781	2020-04-27	2020-10-01	7.190524144798054	30.22390281242376	8.282130727981388	11.584879743533312	31.772549052215773	Normal	0	0	0	0	0	greater_than_24	3
51695	28.690986407484004	2019-12-25	2020-05-08	7.043637887555125	31.214345480467696	8.886592131586145	11.721510108445488	30.579635702668725	Obese	1	0	0	0	1	greater_than_24	3
30893	34.337200373483626	2019-11-17	2020-02-11	7.3300261136798115	33.0905960533919	8.516989638428235	11.379522836589395	28.84430141554386	Normal	0	0	0	0	1	greater_than_24	3
52215	43.256186891247836	2020-02-21	2020-07-30	7.228093851848469	32.033893551295805	8.246863577777024	11.162826846716753	32.4557358953334	Normal	0	0	0	0	0	greater_than_24	3
51784	28.581901653675168	2019-12-07	2020-02-27	6.909539186900044	30.800212950498683	8.18389710837819	9.528146131888267	30.199641513707867	Normal	0	0	0	0	0	less_than_24	2
32239	24.424358981657896	2019-11-01	2020-02-20	6.922084608956885	32.19638441914574	8.356834359199395	10.997557679615454	32.40917770316705	Obese	1	1	0	0	0	less_than_24	2
32537	34.63834466989461	2020-04-17	2020-08-16	7.229710312128805	32.3279008878386	8.339058445480035	11.248693562009306	31.962273457462384	Obese	0	0	0	0	0	greater_than_24	3
52534	28.36304818351821	2019-12-30	2020-04-26	7.399349552982337	30.837939825658236	8.818061691448145	10.719396917782367	29.731203521863584	Normal	0	0	0	0	0	greater_than_24	3
52334	21.67868694491821	2020-01-15	2020-07-06	7.360534950224144	33.03543995000973	8.245317434468811	10.596377760623199	31.42423839429233	Normal	0	1	0	0	0	greater_than_24	3
51635	19.32918722852277	2019-07-24	2019-11-02	4.838576936765224	23.14160302454585	5.964541847054796	8.058686949265066	22.311687413563384	Normal	1	0	0	0	0	less_than_24	2
52094	28.82299352311604	2020-05-22	2020-09-03	6.854494808866721	33.43387594442194	8.811717652575146	11.342564725636347	33.96883262601853	Obese	1	1	0	0	1	less_than_24	3
52738	15.649433583925674	2020-07-02	2020-10-20	6.840248741250698	31.873408314038205	9.024742752502437	10.269295189096288	31.891541029825547	Underweight	0	0	0	0	0	greater_than_24	3
31243	16.68851059946764	2020-05-19	2020-08-31	6.649306547102107	33.05361101804985	8.584509466897163	11.332739036987967	32.23277504675751	Obese	0	0	0	0	0	greater_than_24	3
50741	23.51896372601484	2020-02-22	2020-06-20	4.815147440965491	23.560151332599442	7.451414909382065	9.501061137370355	20.90760061300019	Normal	0	0	0	0	0	greater_than_24	2
51155	24.69647690218318	2019-07-05	2019-11-18	7.016246465194644	31.531031203705975	8.511971661233812	11.896055926340834	32.58028906642788	Normal	0	0	0	0	0	greater_than_24	3
52868	30.959369748078856	2020-05-31	2020-09-26	7.259103883141719	32.018747775343684	8.892811036529691	11.514555319961557	32.74498372026802	Normal	0	0	0	0	0	less_than_24	3
51775	29.947404482190716	2019-09-27	2020-02-20	7.169161126042749	32.75746383005484	8.26870180312143	11.596167622814857	32.79078242820049	Normal	0	0	0	0	0	less_than_24	3
51413	33.37178859139749	2019-03-02	2019-07-24	5.061120850460472	24.423553759614624	6.3273720758110485	8.300815105461155	21.26709543289756	Normal	0	0	0	0	1	greater_than_24	2
62069	32.22849320098442	2020-05-19	2020-08-24	7.188622635365026	32.86630300952449	8.713860507444357	10.989262606816549	32.06118306471253	Obese	0	1	0	0	0	greater_than_24	3
51716	25.980610500511915	2019-07-07	2019-10-06	4.705576595632264	21.998527333741336	5.910590903251194	7.410633955555685	19.047822878296895	Normal	0	0	0	0	0	less_than_24	2
51645	29.277809378224305	2020-04-07	2020-08-07	7.1251653761077565	33.11882611336474	8.911617199813861	10.831604134856551	31.079432729073808	Normal	0	1	0	0	0	greater_than_24	3
51478	25.075468831088806	2019-07-26	2019-11-03	4.589591525320469	22.443074800259975	6.259294170747773	8.014772875279814	22.630420566484776	Normal	0	0	0	0	0	less_than_24	2
51947	27.584820547888274	2019-09-21	2020-03-19	7.347282995101973	32.659412034870364	8.815661774109019	10.828412384779668	31.077070958529312	Normal	0	0	0	0	0	greater_than_24	3
62312	31.803616891268522	2019-08-22	2020-03-08	7.03562217386424	31.590653744901076	8.72634142617309	11.491764458477203	29.748124058071202	Normal	0	1	0	0	0	greater_than_24	3
51046	30.204533115271257	2019-05-20	2019-11-16	4.798392142134849	24.02570945516926	6.207114962602053	7.68537901553148	19.158343581751335	Underweight	0	0	0	0	0	less_than_24	2
33076	22.627229461813307	2019-04-04	2019-09-27	7.027551337328181	32.223213555752714	8.433469508335392	11.69880143326553	28.250104538716958	Normal	0	0	0	0	0	greater_than_24	3
34297	28.358968802008196	2020-04-06	2020-10-01	7.211861603478885	31.167832876707866	8.473598474335715	11.83618500141321	32.00021990879478	Obese	0	0	0	0	0	greater_than_24	3
40868	19.758379820353852	2020-06-22	2020-10-02	4.585106933741547	22.97491100688751	5.953804979592756	8.386629664446922	21.19750597204902	Underweight	0	0	0	0	0	greater_than_24	2
52041	32.25784119852903	2019-08-31	2020-01-29	7.3219296884785905	33.35986416979118	9.202977142404038	11.28587573765525	32.595157684298066	Obese	0	0	0	0	0	less_than_24	3
52423	27.798237031879054	2020-03-25	2020-08-03	7.1610950069701	32.09780671524452	8.758499485580012	11.386335567559483	29.883702085804323	Normal	0	0	0	0	1	greater_than_24	3
52013	21.561978950571277	2020-05-02	2020-07-23	6.885293855182811	32.814448322256055	8.67290133535412	11.467463209622721	30.4991164955057	Obese	1	0	0	1	0	greater_than_24	3
52384	28.73129297673284	2020-03-20	2020-07-02	6.907723864093976	32.29214370448379	8.938598341893625	11.498552148307668	31.68971367570772	Obese	0	1	0	0	1	greater_than_24	3
52204	33.96218343172906	2020-05-09	2020-08-26	7.109601063375606	32.797840054743155	9.236241505707175	11.212873453019986	33.93591921235048	Normal	0	0	0	0	0	greater_than_24	3
60804	19.86489971464038	2019-07-17	2019-12-06	4.545816757752924	23.374105839222196	6.061543184679071	7.771713020887631	19.961771865591388	Normal	0	1	0	0	0	less_than_24	2
52726	18.211105972152165	2020-04-04	2020-07-29	6.931368033724038	32.768128846180765	8.7615225811023	11.072180495063197	33.597376836786786	Normal	0	0	0	0	0	greater_than_24	3
51867	24.48088806919436	2020-04-04	2020-07-08	5.300510179893303	25.38187616758848	6.641495451006582	8.583332133779406	20.765293139460006	Normal	0	0	0	1	0	greater_than_24	2
52652	20.592595512967378	2019-05-30	2019-09-20	4.911869578162645	23.31590742594914	6.225625835907114	8.324448591728816	23.769373309424036	Obese	0	0	0	1	0	greater_than_24	2
39433	25.388798907613882	2019-04-06	2019-10-05	4.671406465091668	25.460230331606887	7.510962047145991	9.0817173020194	23.20710499869936	Normal	0	1	0	0	0	greater_than_24	2
52632	34.80307643763761	2020-06-17	2020-10-20	7.2661161494793385	32.688783905003675	9.040342955595538	11.886800121861818	32.14106560801961	Obese	0	0	0	0	0	greater_than_24	3
52215	36.319052666680655	2020-03-11	2020-09-06	7.487669674212508	32.605671560982614	8.49025808562868	11.840438741940877	29.471008142034417	Obese	1	0	0	0	0	greater_than_24	3
62046	34.913823952228675	2020-06-18	2020-11-01	7.423474546496593	32.72161467852294	8.597623329889606	11.781217516871656	32.18812629077008	Obese	0	0	0	0	0	greater_than_24	3
62163	41.58093104618583	2020-02-28	2020-07-12	5.828214242228818	30.90658792744287	8.396438405935756	11.217047896722804	28.282805923930074	Normal	1	0	0	0	0	less_than_24	3
51666	63.1354405195168	2020-04-20	2020-08-13	7.2973163088433415	31.70414730431167	8.805500696147407	11.737064551438444	32.92231775082666	Obese	0	1	0	1	0	greater_than_24	3
31045	28.16147217303564	2020-07-15	2020-10-12	4.936147367267258	22.286999133079114	5.9028999046781045	8.256286824874916	20.32308901506113	Normal	0	0	0	0	0	greater_than_24	2
32235	23.615365140664952	2019-10-19	2020-03-15	6.038936749913705	24.13924641219797	6.391352166589027	7.771970692780129	23.69797740259968	Underweight	0	0	0	0	0	greater_than_24	2
50881	56.140348053178755	2019-04-17	2019-09-29	6.3679658901133855	29.566716162590115	8.303617691735523	11.215245341321085	29.022097189107974	Normal	0	0	0	0	0	less_than_24	3
51800	31.0377857248305	2020-01-07	2020-06-17	6.8840727183362045	30.65574240601196	9.113245230856112	11.41814012232936	31.695427262840635	Normal	0	0	0	0	1	greater_than_24	3
61955	25.98642026532018	2019-07-11	2019-11-09	5.11719981884211	23.41861758621265	6.086797059330909	7.501024563593986	23.459627127557013	Normal	0	0	0	0	0	less_than_24	2
51849	34.197675768350905	2020-05-08	2020-08-12	7.409878531043078	32.978715339244495	9.135353486738007	10.498946186196038	31.883860811276957	Obese	0	1	0	0	0	greater_than_24	3
32096	17.636355080963227	2019-12-22	2020-05-24	5.132404383374021	21.90976903650465	6.188848005876064	7.995680476443713	20.110922718618593	Normal	1	0	0	0	0	less_than_24	2
62351	20.183075053567578	2019-02-16	2019-08-16	4.8905340085174585	23.388707873273752	6.505337647423599	8.148530700600283	21.83679182598134	Underweight	0	0	0	0	0	less_than_24	2
52018	33.035016385628865	2020-02-26	2020-06-21	7.175330538917842	33.31828467649469	8.950915735324536	11.92104843906495	32.050904019741736	Obese	0	0	0	0	0	greater_than_24	3
52170	24.48584638700251	2020-05-20	2020-09-11	7.10496208140267	31.628713534847268	8.85403002508193	11.685879691556751	33.09509095027433	Obese	0	0	0	0	0	less_than_24	3
52078	28.15554600522976	2018-11-03	2019-04-25	5.131190064598469	21.880911280628474	6.095887741994371	7.746296650147691	20.083564970761472	Normal	0	0	0	0	0	less_than_24	2
52487	31.995001149868404	2020-03-28	2020-08-20	7.272778923255019	32.88245538705215	8.670021239534051	11.49366865522256	32.80519538357111	Normal	0	0	0	0	0	greater_than_24	3
52653	71.84994633764447	2020-07-09	2020-11-05	7.477231557356108	33.21056601622327	8.656354735814325	11.266146123385523	31.78702958584018	Obese	0	1	0	0	0	greater_than_24	3
52800	23.664695352423053	2020-05-22	2020-10-27	7.31024004287495	32.234289904489316	8.800866135635548	10.870355266315844	33.763181344272	Obese	1	0	0	0	0	greater_than_24	3
51241	21.20067761563854	2020-04-16	2020-09-09	4.92600795736795	22.144602050564494	5.947931254075065	7.9553662576651565	19.616623602298606	Normal	1	1	0	0	1	less_than_24	2
33092	34.44286032432056	2020-05-28	2020-08-16	7.403317768839795	32.38232376999027	8.497737704604162	11.559306062343156	31.4757863011346	Obese	0	0	0	0	0	less_than_24	3
51253	23.077410225678314	2019-05-19	2019-11-14	4.628001331557661	24.73180870727439	6.460885960551304	7.592016321676178	20.66156861003073	Normal	0	1	0	0	0	less_than_24	2
52446	67.62170023328301	2020-06-06	2020-09-16	7.427017047019689	33.55253113546145	8.951348224474287	10.759485856073894	32.81188338743385	Obese	0	1	0	0	0	greater_than_24	3
50070	24.224839972611704	2018-12-16	2019-05-08	5.201341268154887	23.63975211088448	5.861069219807873	8.182114148185649	20.999097870298133	Normal	0	0	0	0	0	greater_than_24	2
51500	18.655158365920716	2019-07-22	2019-12-15	5.111019160860503	24.7104236528851	6.383240916137358	7.400111762675145	23.999506119424808	Underweight	0	0	0	0	0	less_than_24	2
33477	25.911170424375534	2020-05-01	2020-10-30	7.099886176545937	32.705622422200996	9.15826548717708	11.95968824446635	33.49696592675348	Obese	0	0	0	0	0	greater_than_24	3
52787	31.214423976256306	2020-03-14	2020-06-30	7.142960076949307	32.60436381301336	8.722121527447698	11.928118430289947	32.74344091714644	Obese	0	0	0	0	0	less_than_24	3
51723	29.81272525881138	2019-10-26	2020-05-02	5.066510793689174	23.852392395312716	5.8690543048817245	7.972711819938628	20.551808262839774	Normal	0	0	0	0	0	greater_than_24	2
50389	29.511664325943343	2019-08-07	2020-01-14	4.818171075821738	22.607177907038288	6.04009648856957	7.825981092299037	20.16374399509244	Normal	0	0	0	0	0	less_than_24	2
51261	43.50829742398472	2020-02-21	2020-05-25	7.484253258620545	31.25895407956835	8.325830483288405	10.8470211619205	30.093754881679587	Normal	0	1	0	0	0	less_than_24	3
51939	25.360737151350065	2019-12-06	2020-03-19	7.210649587061538	31.824152111887937	8.431425629856985	9.977626148104653	30.751175285335073	Normal	0	0	0	0	0	greater_than_24	2
31939	30.151537746229607	2019-11-22	2020-03-10	4.920655504924945	23.248464541518796	5.9866507735251	6.902706091283672	21.387517330243295	Normal	0	0	0	0	1	less_than_24	2
42529	20.859301498038306	2020-05-24	2020-11-04	7.375193567163015	32.266663580803815	8.971522514181554	11.641599679794657	31.246350628643846	Obese	0	0	0	0	0	greater_than_24	3
60183	30.072952420728527	2019-08-31	2020-02-03	4.973676433030736	23.246021498825392	6.160222756605916	8.28610068201137	22.71075661816514	Underweight	0	0	0	0	0	less_than_24	3
52203	32.03631031605233	2020-04-17	2020-07-26	7.221825229288338	33.595483127591734	8.98933200213174	11.904064296818428	33.68386242042591	Obese	0	0	0	0	0	greater_than_24	3
31263	19.776308739619168	2020-04-27	2020-09-16	7.229532878323227	32.711221616028084	8.34757073051785	10.909197728376034	29.79190338744194	Obese	1	0	0	0	0	less_than_24	3
52094	22.56060061395965	2019-12-04	2020-06-27	7.150555478945734	31.750068233328356	8.484486437794327	11.864213185145248	31.646275860338342	Normal	0	0	0	0	0	greater_than_24	3
51533	29.35159383086735	2020-04-04	2020-10-14	7.382861932593511	32.72248848595255	8.408969549039913	11.710804657411941	32.124206393674214	Obese	0	1	0	0	0	greater_than_24	3
33389	47.82291344007361	2020-03-15	2020-08-25	7.3643588402919535	30.729117207731207	8.450170087807411	11.2156694140907	32.337611070578824	Normal	0	0	0	0	0	greater_than_24	3
33893	30.94010488271027	2020-06-04	2020-12-11	7.404652953938165	32.98400603361358	8.857986592198595	10.921517773770024	33.498209254459965	Normal	0	0	0	0	0	greater_than_24	3
60886	29.934580644423875	2020-03-30	2020-06-16	7.078565186101008	30.450454097565622	8.20340818602337	10.264816386651468	27.200543982380292	Normal	0	0	0	0	0	greater_than_24	3
51450	15.34349614094261	2019-07-27	2019-11-17	4.877048740324826	22.996208161227262	6.33081955618368	8.492030358928305	22.065949726246878	Underweight	0	0	0	0	0	less_than_24	2
52152	32.50768548983318	2019-05-09	2019-09-02	6.961392887113227	31.756832448854645	9.114379294924428	11.65332800787501	33.21250858682959	Obese	0	1	0	0	0	greater_than_24	3
52231	21.234014925552188	2019-12-09	2020-05-09	7.127264390008869	33.47179887957478	8.771146145625202	11.317720768937964	30.853679964553844	Obese	0	0	0	0	0	greater_than_24	3
52002	78.66027756858182	2020-04-15	2020-10-03	6.9377259164100185	32.27845537171997	8.42686464107287	11.469016744802655	33.28873853954021	Obese	0	0	0	0	0	greater_than_24	3
52163	51.0583738833751	2020-05-15	2020-11-20	6.649969070165045	32.28853752031781	8.732964402111143	11.775851093637483	31.511837617080378	Obese	0	0	0	0	0	greater_than_24	3
51210	35.567387277935474	2019-10-24	2020-01-28	4.805530235257276	24.53934157151561	6.03562266773864	6.984419971917152	20.63381699715497	Normal	0	0	0	0	0	less_than_24	3
52444	36.24255675760616	2019-11-23	2020-05-10	7.245329290255133	32.884185222860424	8.887867942891795	11.478464103298428	32.46022396064827	Obese	0	1	0	0	0	greater_than_24	3
31374	17.982643106285817	2019-07-29	2019-11-25	4.765188873246022	23.41854839360839	6.1847587475792976	8.281462313737618	23.79015528489028	Normal	1	1	0	0	0	less_than_24	2
33515	33.966559351292396	2020-04-23	2020-09-01	7.388116843743625	32.496259610729844	8.368589521768001	10.963608384653286	32.64676447675566	Normal	0	0	0	0	0	greater_than_24	3
52484	20.04094825208919	2019-06-10	2019-09-27	5.262148452449178	24.093156717141795	6.315514169012144	8.713046703003348	24.230112918063707	Normal	0	0	0	0	0	less_than_24	2
51867	27.676778560718606	2020-06-29	2020-10-29	7.174946451624233	30.462156883479846	9.269323557087873	10.879175092782585	31.54749257675346	Obese	0	0	0	0	0	greater_than_24	3
52417	30.529604841914498	2020-04-23	2020-10-06	7.4640007021611865	33.17149029618716	8.496397706685723	10.932248375631943	32.180258751950795	Obese	0	0	0	0	0	less_than_24	3
52357	33.022192791682485	2019-11-21	2020-06-11	7.228650798437682	30.975447920258432	9.097874125204903	10.705707975483117	30.29978082744414	Obese	0	0	0	0	0	greater_than_24	3
51289	25.966687484849515	2020-01-12	2020-06-22	6.844951880726006	31.760542289277506	8.216847793635695	10.939500273614138	31.44498211412604	Normal	0	0	0	0	0	greater_than_24	3
51951	49.736805677549306	2020-03-21	2020-09-07	6.877279299414763	31.013278215032404	8.514903345184466	11.33350021834189	32.2498173429269	Normal	0	1	0	0	0	greater_than_24	3
42060	28.314710608751273	2020-01-19	2020-08-01	6.33880865564541	32.11817470329543	8.234791538750967	9.497018039469184	26.888400711940427	Obese	0	0	0	0	0	greater_than_24	3
41839	37.57822898212996	2019-05-05	2019-08-19	4.824808529429087	22.128097793590815	5.8783107184611225	7.73891975866873	18.662744532377747	Underweight	0	0	0	0	1	less_than_24	2
51312	31.472575269375003	2020-02-12	2020-07-03	7.182558321856563	33.38839581514665	8.782911298395614	11.827686252652715	31.640137034940455	Normal	0	1	0	0	0	greater_than_24	3
33931	21.951365492660358	2020-04-08	2020-07-21	7.192751399542245	32.36247609354747	8.709749031604188	11.102187677919204	33.017607294772624	Underweight	0	0	0	0	0	greater_than_24	3
50976	40.72207592391705	2019-02-05	2019-07-21	6.651240587879166	32.30981247199814	8.062992265010047	9.396610211253847	30.65556751665106	Normal	0	1	0	0	0	greater_than_24	2
52330	29.706385090261723	2020-05-29	2020-09-05	7.331754077640739	33.07125990877898	9.266611971329796	11.41497107383672	33.62461395754496	Obese	0	0	0	0	0	greater_than_24	3
51882	35.34258496275925	2020-03-30	2020-09-03	6.942945003428906	30.692193905204924	7.866878358065843	10.531260005466454	30.264507905725974	Normal	0	0	0	0	1	greater_than_24	3
30511	20.93307049541206	2020-03-12	2020-07-23	6.926705521615427	30.731100436170614	8.281586406849842	10.749455240332555	31.086719086193025	Obese	0	0	0	0	0	greater_than_24	3
52513	33.42506080062306	2020-06-17	2020-10-03	7.338756165693668	31.634547258500668	8.459877078280126	10.429915793243389	29.44534753217407	Normal	0	0	0	0	0	less_than_24	3
52873	29.71693631483891	2020-04-14	2020-08-21	7.352113677633466	33.812533293397784	8.672154658780304	10.228317795041836	29.192604465878194	Obese	0	1	0	1	0	greater_than_24	3
32741	18.48290649300952	2020-02-25	2020-06-29	6.6658340908119555	32.616853486552586	8.574450478852476	11.379576086465784	29.92941861944859	Obese	0	1	0	0	0	greater_than_24	3
41907	24.754881417996693	2020-03-27	2020-09-15	7.026148106393962	29.126623851821797	8.615057594976983	11.436852834939419	29.59688063131993	Normal	0	0	0	0	0	greater_than_24	3
52085	28.216407881693375	2020-01-23	2020-08-03	6.7961820864111235	32.53163443474218	8.794798628604942	11.2969790431712	32.509320964058304	Obese	0	0	0	0	0	greater_than_24	3
52831	36.57124438497148	2020-05-10	2020-08-05	7.37048513841055	32.60828584970162	9.051508970296915	11.510246274899888	32.344242432087775	Obese	0	0	0	0	0	greater_than_24	3
62742	27.258301616558008	2020-01-31	2020-07-25	7.268319119119588	31.177175383862366	8.931197503809788	11.713195936426953	32.88808137366758	Obese	0	0	0	0	0	greater_than_24	3
52147	31.629639432382366	2019-12-28	2020-07-20	6.804257997794184	31.18576469149124	7.981695734368865	9.35778274060739	26.810031347275576	Normal	1	0	0	0	0	greater_than_24	3
52778	26.567988616449277	2020-05-09	2020-09-10	7.2938736470004075	33.22912602843953	9.185696820890504	11.810138620556671	31.668039282744143	Obese	0	0	0	0	0	greater_than_24	3
41517	29.99658317138353	2019-10-23	2020-01-10	4.814126824582713	22.69901330464691	6.177319985220535	8.333461265209666	20.06187692726027	Normal	0	0	1	0	0	greater_than_24	2
52794	36.72827148828021	2019-02-10	2019-06-21	7.189528273976931	32.62798152623359	8.897515402581094	11.533528541995949	32.27021026841879	Obese	0	1	0	0	0	greater_than_24	3
52238	28.94492649915199	2019-12-22	2020-03-27	6.956526651045422	33.282923022149724	8.609063861358749	11.680451757010381	31.563228916226645	Normal	0	0	0	0	0	greater_than_24	3
33449	19.201201324747203	2020-01-21	2020-05-13	6.820903252937612	31.762139715055163	8.12569920104589	11.138206281451692	30.39173249461426	Normal	0	0	0	0	0	less_than_24	2
42252	29.263916316719662	2020-03-07	2020-07-22	7.019668627514762	32.61576281860038	8.522965332818796	11.702721891206723	32.462720850942	Obese	0	0	0	0	0	greater_than_24	3
62771	30.72464161977348	2020-05-26	2020-12-08	7.440825319735952	33.05272974780873	8.697664331048612	11.1487674936273	32.57592143621674	Obese	0	0	0	0	0	less_than_24	3
51709	24.758608011986176	2019-03-30	2019-08-02	4.516313554360481	25.143371505602584	6.165503645084137	8.356762695176766	21.714212635831508	Normal	1	0	0	0	1	less_than_24	2
32750	26.14781314186062	2020-02-12	2020-06-25	7.150680105751811	32.5611253806179	9.162751185473791	11.66679680217243	30.68215612157803	Normal	0	0	0	0	0	greater_than_24	3
62060	27.67443030664061	2019-08-19	2019-11-16	4.910762792766678	24.106106821417384	5.999057555654456	7.2146842684557955	19.802546512600316	Underweight	0	0	0	0	0	less_than_24	2
52350	30.914146595327214	2018-10-04	2019-04-29	5.123413411312972	24.870051539661375	6.175590982234645	7.677957660042256	20.829704395886452	Normal	0	0	0	0	0	less_than_24	2
31520	24.983912655046115	2019-07-23	2019-11-09	5.08170863738486	24.399375608815937	6.026689900576177	7.927774651857623	22.67820669452919	Underweight	0	0	0	0	1	less_than_24	2
52514	22.33634674822504	2020-06-23	2020-10-11	7.526221986005125	33.73941925109234	8.645653582801042	11.102448758553107	32.70994369466357	Obese	0	0	0	0	0	greater_than_24	3
52703	36.45377873688413	2019-10-26	2020-02-11	7.5343847987823285	32.492760978847336	8.37361351796296	10.86871004204007	31.753973304453037	Obese	0	0	0	0	0	greater_than_24	2
51060	19.932489057324492	2020-02-12	2020-05-05	7.4256683099355225	31.45395643881439	8.517028851525653	11.411938698842047	30.041307436760302	Normal	0	0	0	0	0	less_than_24	3
61219	39.466279200981965	2020-01-27	2020-08-01	6.640565802171189	33.69409123147511	8.915558130624667	11.52097659585159	33.28325606996067	Normal	0	0	0	0	0	greater_than_24	3
51544	19.93817986066935	2019-08-01	2019-10-21	4.710276648610205	23.56857477139848	6.183988172877557	8.624395759913117	21.98953815720647	Normal	1	1	0	0	0	less_than_24	2
51807	31.012071972471908	2020-03-07	2020-09-11	7.772169043199346	33.308890533269405	9.211029787037118	10.975759661818367	32.57143238947494	Obese	1	1	0	0	1	less_than_24	3
51504	30.100492467912098	2019-11-03	2020-03-19	4.893278513412308	23.366060091271635	6.0331737326792485	8.289496673527742	19.28658928460039	Normal	1	0	0	0	1	greater_than_24	2
62601	29.293628240218226	2020-05-23	2020-09-17	7.4431307583995965	29.66856828478696	7.98165575337485	9.960759369733614	29.969410171706404	Obese	0	0	0	0	0	greater_than_24	3
51623	25.844168033023106	2019-10-28	2020-05-22	7.310989747878151	31.230930097452955	8.794158473608837	11.460362013285275	32.83188542892213	Obese	0	0	0	0	1	greater_than_24	3
52570	41.57619438376515	2020-04-14	2020-07-03	6.975139289582105	31.01492844294515	8.674248943191145	11.759432495898091	32.61005910986822	Normal	0	0	0	0	0	greater_than_24	3
52309	27.978734886728695	2019-08-26	2020-03-01	7.268936735147318	32.90880613549212	8.641373518673282	11.535898760770458	33.2133251340288	Obese	0	0	0	0	0	greater_than_24	3
52176	27.74341354074167	2019-09-15	2020-04-01	7.022251967659267	31.243104083090746	8.235678665533502	10.344700349417348	27.798711486438428	Normal	0	0	1	0	0	greater_than_24	3
52675	32.893336688654266	2020-04-22	2020-10-04	7.339835578503172	31.963276038933692	8.755036061460286	10.259473943309098	29.648191067898008	Underweight	0	1	0	0	0	greater_than_24	3
33580	23.527374626583576	2019-11-13	2020-06-08	7.0850188189988605	33.05445102333322	8.992497939803277	11.599378563373804	29.661190803551737	Obese	0	0	0	0	0	greater_than_24	3
52344	34.888431022015126	2020-02-22	2020-08-31	7.254329867352517	32.979867904633316	8.951464095318052	10.301792638378203	32.19494286155962	Obese	0	0	0	0	0	greater_than_24	3
33965	22.518091946503503	2020-06-18	2020-09-08	7.3534226164808665	33.677498987057504	8.886927181477102	11.393897264033752	32.1897715829031	Obese	0	1	0	0	0	less_than_24	3
51664	25.65981601458879	2020-03-24	2020-08-06	7.367988771136907	30.71061713121985	8.89381932891617	11.823162153427875	31.443345514631474	Obese	0	0	0	0	0	greater_than_24	3
52277	32.82711898207338	2020-02-18	2020-06-12	7.4367565790218375	33.674182864815215	8.90319982556607	11.433754282847561	30.70915079483548	Normal	0	0	0	0	0	greater_than_24	3
51790	58.18061507156603	2020-04-27	2020-08-24	6.934951161613831	33.168281726228344	8.068992048889884	10.307388335797866	31.737846216860998	Normal	0	0	0	0	1	greater_than_24	3
62933	40.76977791728608	2020-01-01	2020-07-26	7.290682869112862	32.00907706910375	8.239274451775607	10.801780312061974	30.764866856866973	Normal	1	0	0	0	0	greater_than_24	3
51363	27.300734267824794	2019-11-26	2020-04-27	6.955467009712822	29.250812388351576	8.873311437322258	11.389948711255203	28.9557669061157	Obese	0	0	0	0	0	greater_than_24	3
31905	21.461161212906553	2020-04-14	2020-08-23	7.290851153898494	32.205875578920605	8.552229111129583	9.976491429946186	32.28031017852226	Obese	1	0	0	0	0	greater_than_24	3
62468	15.454325060168479	2020-03-16	2020-07-25	6.9836671768458425	30.33169188096492	8.511660125430941	11.584774009851113	31.004061137652105	Obese	0	1	0	0	1	greater_than_24	3
41128	20.429275297543096	2019-07-02	2019-10-24	4.991136531725239	23.747954116084447	6.251095800479198	7.895861304559108	22.783378227190187	Underweight	0	0	0	0	0	less_than_24	2
61220	27.279731928683987	2019-01-02	2019-06-21	6.929519560016009	31.48708984031496	8.181536447097887	11.14270737731892	29.47960964798761	Normal	0	0	0	0	0	less_than_24	3
50790	37.07676119157706	2019-03-25	2019-06-18	5.1572872629968955	23.857971672612575	5.860897595816965	8.15689487028817	22.074481103055245	Normal	0	0	0	0	0	less_than_24	2
52517	37.27644880652606	2020-03-21	2020-08-26	7.226588666523226	31.531058366144915	8.112175964758253	9.48878569566005	33.17281986768463	Normal	0	0	0	0	0	greater_than_24	3
62619	33.59996287553454	2020-07-06	2020-09-30	7.20931983419376	33.15328981588993	8.258595195633724	11.026897088046898	31.31636162945858	Obese	0	0	0	0	0	greater_than_24	3
62259	35.23305056691069	2020-02-26	2020-08-27	7.041796876016489	32.41782315710642	8.685204850541373	11.23642881847398	28.94902263372955	Normal	0	0	0	0	0	greater_than_24	3
52391	41.734478068010255	2020-03-19	2020-07-22	6.663987008219557	32.86599964396437	8.757059499919928	11.592700840530835	32.814236274739855	Obese	0	1	0	0	0	greater_than_24	3
50618	42.74988161148403	2019-10-14	2020-03-24	4.873104332967713	23.825547990819416	6.55132546949199	8.197255261608694	19.648675893368363	Normal	1	0	0	0	0	greater_than_24	2
31493	34.59146650684611	2020-01-10	2020-05-03	7.2584747736576825	32.35987607196811	8.462053627376237	11.637212514938446	29.633680740956326	Obese	1	0	0	0	0	greater_than_24	3
61676	26.95265315943309	2020-06-20	2020-09-12	6.9558123852157845	31.44437122566509	8.733386265059892	10.301259019850212	32.55221044218591	Normal	0	0	0	0	0	greater_than_24	3
51924	25.495193666778768	2019-04-09	2019-07-09	7.071387036595493	29.71500257119029	8.376049114989868	11.599969448658124	29.828004989034046	Normal	0	0	0	0	0	greater_than_24	3
51134	45.03677451876425	2020-04-21	2020-09-11	7.065558882164387	31.259767580896156	8.843228598968826	11.395419294463666	30.136008092135434	Normal	1	0	0	0	0	greater_than_24	3
50961	34.69501786219275	2019-07-05	2019-11-25	5.426103945743725	22.328290306063998	6.030553534098981	8.081572921272887	21.21693279643276	Normal	0	1	0	0	0	less_than_24	2
62717	18.81582924644112	2019-12-15	2020-07-01	7.1121429470234805	33.18842736639525	8.26250513687187	10.900794051401066	31.496382386318455	Obese	0	0	0	0	0	greater_than_24	3
33293	67.6555830474433	2020-02-06	2020-08-13	7.412135708626508	32.20798470114897	8.616708238872725	11.88207543668781	32.661783112741084	Obese	0	0	0	0	0	greater_than_24	3
40101	25.374143907801002	2019-05-30	2019-10-15	5.267788214661368	25.268442400827904	6.123865005127713	7.664753367688695	21.45019314682834	Normal	0	0	0	0	0	less_than_24	2
52410	21.216749797091456	2020-04-10	2020-10-02	7.543574360322974	33.11952234977939	9.055618551094378	11.750136197542012	33.417177039615545	Obese	0	0	0	0	0	greater_than_24	3
30277	22.020445546051306	2020-04-28	2020-09-10	7.2908924960323755	31.49974682350333	7.914065873366589	10.633292359920818	32.728541734837826	Obese	1	0	0	0	0	greater_than_24	3
61842	48.84764101350429	2020-03-20	2020-06-12	7.340132864470043	32.416975469517084	8.115750984857966	11.156072892967417	32.736676081576086	Normal	0	0	0	0	0	greater_than_24	3
33236	19.34141880551128	2019-06-06	2019-10-01	4.76686465157281	25.281378374746495	6.739470412461073	8.268951347768013	20.185089798016207	Underweight	0	0	0	0	0	less_than_24	3
51170	24.31217138698959	2020-04-14	2020-10-13	6.761616681637808	30.38871428541048	8.57692552802427	11.685065191035886	31.314871542983102	Normal	0	1	0	0	1	less_than_24	3
61831	17.163679734885815	2020-05-22	2020-10-01	7.465681720213516	31.93079667603859	8.299679881134567	10.344114433021941	30.869102365160675	Normal	0	0	0	0	0	greater_than_24	3
52168	25.210840463063125	2020-04-06	2020-09-16	7.422418349325202	30.896316556618498	8.346515500226092	11.101716262413829	29.157920265428707	Obese	0	0	0	0	0	less_than_24	3
62902	24.636785379443733	2020-05-19	2020-08-27	7.209987026473323	32.343021312181044	9.323996958326068	10.942744132536852	31.41762399744875	Normal	0	0	0	0	0	greater_than_24	3
33197	23.468210107772745	2020-05-09	2020-08-02	6.85193913021221	31.134200811239914	8.523486883828017	11.384353960887381	29.86060354945484	Obese	0	0	0	0	0	greater_than_24	3
29006	25.191914802093187	2019-04-11	2019-08-08	7.0575155498695405	31.65659190982787	8.205376280421852	10.335661057950334	28.04423796283317	Normal	0	1	0	0	1	less_than_24	2
52271	39.39911375865392	2019-06-30	2020-01-19	4.949975798726557	23.923115951416577	6.142788204598223	7.596154258904618	19.82271858473848	Underweight	0	1	0	0	1	greater_than_24	2
52709	45.37584744295191	2020-04-25	2020-10-16	7.380595091357764	32.57810898365069	8.544593334972724	11.678418041440972	33.497988573606335	Obese	0	0	0	0	1	greater_than_24	3
50908	21.576490449810347	2019-07-25	2020-02-11	5.158964506274639	21.456022395789546	5.979986619630626	8.240987999210532	21.118283698795434	Normal	0	0	0	0	0	less_than_24	2
61725	54.07587076603362	2020-05-05	2020-10-04	6.767941735067059	32.34473358843283	8.803013342419252	10.00104073044365	33.514622638305575	Normal	0	0	0	0	0	greater_than_24	3
51975	26.42171151991168	2019-07-04	2019-12-25	7.208235332241911	33.20739388234416	8.575431934690995	9.940800949666645	27.616166426549672	Normal	1	1	0	0	0	greater_than_24	3
51334	19.545686603109846	2019-04-20	2019-10-23	4.725470904670897	21.72842614589095	6.144815516930043	8.02532831070313	22.55085119261981	Normal	1	0	0	0	1	less_than_24	2
52317	25.378951465478092	2020-04-25	2020-07-23	7.139553896823408	31.197100624158576	8.985314728499601	11.54533546072988	32.04780046740629	Normal	0	0	0	0	0	greater_than_24	3
60120	25.152850615960794	2019-04-17	2019-08-23	4.673256225777539	24.11234792448038	5.97484476990523	7.860090008301718	20.064964878936248	Normal	0	0	0	0	1	less_than_24	2
52567	37.7696359759112	2020-06-15	2020-09-21	7.461266631913071	32.69159782393047	8.818671613146519	11.752213713217841	33.46571392866074	Obese	0	0	0	0	0	less_than_24	3
60971	27.570023642267344	2019-11-01	2020-04-26	7.226048931527787	32.45282527953235	8.143491977363656	11.455122582681362	31.52528947508655	Obese	0	0	0	0	0	greater_than_24	3
52717	28.017420286442814	2020-05-09	2020-08-23	7.420248602063631	31.36058377157078	8.961064859325313	11.279016819694306	32.960764449481644	Obese	0	1	0	0	0	greater_than_24	3
50784	20.912350344425125	2019-06-12	2019-11-11	4.994144691915873	25.086951945885875	6.1657750416705674	8.363191214455782	20.768472500776575	Normal	0	0	0	0	0	greater_than_24	2
51667	17.481850868936817	2018-12-24	2019-05-17	5.189230082103526	24.251262154606668	6.1863293623576405	8.15003070706419	22.079173211743377	Normal	0	0	0	0	0	less_than_24	2
62913	24.653102480352747	2020-01-03	2020-07-22	5.195050111015433	24.232629289679775	6.493685090468859	8.457111248227216	20.718066721621522	Underweight	0	0	0	0	0	less_than_24	2
51841	30.282502030088786	2020-04-04	2020-08-14	7.125120488728646	31.961460380793092	8.30831690405318	11.5255914424542	30.168465554754295	Obese	0	0	0	0	0	less_than_24	3
30512	21.967864041182178	2019-06-29	2019-10-14	5.164835383933209	24.93086540344349	6.428287407900758	7.6038780034124125	21.64897485229698	Normal	1	0	0	0	0	less_than_24	2
29911	21.73711483471266	2019-12-27	2020-04-09	4.839449243307004	24.579024502845062	5.9211287927700464	7.988794376516375	20.284189421169696	Normal	0	0	0	0	1	greater_than_24	3
40907	28.944075064303707	2020-02-21	2020-08-13	7.193412776301883	31.66319759548326	8.703113476673444	11.024955720211631	33.216847054640766	Normal	0	0	0	0	0	less_than_24	3
50914	30.493784063082494	2019-10-30	2020-04-13	7.102024273916632	31.177753422512424	8.89920052224094	11.082904545028649	29.879979904214846	Underweight	0	0	0	0	0	less_than_24	3
31562	33.381225275574565	2019-11-09	2020-05-06	6.665079512883483	33.316609933794886	8.919208917176	11.882405380455669	30.42093979486764	Obese	0	0	0	0	0	greater_than_24	3
52203	34.47199122791709	2020-03-04	2020-08-20	7.424254328902867	31.80882673459714	8.37103539609628	11.676647686861717	33.468600445442554	Obese	0	0	0	0	0	greater_than_24	3
52455	73.0723528424713	2020-02-02	2020-07-26	7.374226858842969	30.10323299151922	7.96284045209059	10.719515317427138	31.32699714270787	Underweight	0	1	0	0	0	less_than_24	3
50556	31.632544162178824	2019-04-18	2019-08-02	4.3820836499929365	23.670978877857287	6.145001605741339	8.28247279422894	20.17540574119009	Normal	0	0	0	0	0	less_than_24	2
51800	26.571855373802272	2020-02-23	2020-07-24	6.651261978571442	33.21301798879201	8.54899442307151	10.910924963154748	32.960383375428165	Obese	0	1	0	0	0	greater_than_24	3
51869	51.07119192489266	2020-03-17	2020-06-12	6.722596866976431	32.95864235174255	9.127296434855714	10.938778933428383	32.53444605408007	Normal	0	1	0	0	0	greater_than_24	3
41856	22.111420906611546	2019-06-08	2019-10-06	4.7363246186771075	23.923834389027025	6.367672767152346	8.690447479566464	23.634295146841865	Normal	0	1	0	0	0	less_than_24	3
51758	21.375008079881905	2020-04-30	2020-10-03	7.209493894298233	29.8951352750698	8.24595676931365	10.723998237889047	28.826919483752654	Normal	0	0	0	1	1	greater_than_24	3
52527	36.21080363253144	2020-02-08	2020-06-13	7.33854722495065	33.33388678142098	8.646806744933464	11.639505555636482	33.922202228871484	Obese	0	0	0	0	0	greater_than_24	3
51924	41.134215592257036	2019-04-17	2019-11-03	7.122039670624577	32.24235467954142	8.044670236552477	9.661533320728953	27.24001674572687	Normal	0	0	0	0	1	greater_than_24	3
52089	29.251277448665505	2020-07-07	2020-11-23	6.695135072670866	32.88728711851359	8.865532158660235	11.948209642896336	32.52393328929797	Obese	0	0	0	0	0	greater_than_24	3
41671	27.381336063130473	2020-06-24	2020-11-11	6.699928540848961	30.696424455069597	8.124785949116474	11.064379880433723	27.23462037970905	Obese	0	0	0	0	0	greater_than_24	3
50884	43.124186873375926	2019-03-06	2019-09-28	4.357555324377838	22.275140109370138	5.951157066590178	7.552721020582543	21.928394716411667	Normal	0	0	0	0	0	less_than_24	2
60237	46.98953123522457	2019-06-11	2019-12-01	5.137246638244382	22.392695500473785	5.8779137079878465	8.227732387626908	21.508611113733565	Normal	0	0	0	0	1	less_than_24	2
32280	33.82381659034596	2020-02-04	2020-05-26	6.822301852180483	32.58303608545329	8.933218888571986	11.671893423179199	32.38574964049749	Normal	0	0	0	0	0	greater_than_24	3
52169	22.391449080692407	2020-05-20	2020-11-12	7.330533140928944	32.12949897102016	8.889780807813095	11.760807917946464	31.90591669890555	Obese	0	0	0	0	0	greater_than_24	3
61718	42.392376764373864	2019-11-28	2020-03-11	4.84015781018761	22.6018126872106	6.031544470775111	8.363792121930357	22.966550630256762	Normal	0	0	0	0	1	greater_than_24	2
59925	38.96444734526715	2019-05-30	2019-10-08	5.2311064167371	25.13262275629907	7.713880820652136	10.749026022235467	21.912746978973995	Normal	0	0	0	0	0	greater_than_24	3
31522	31.319994286454005	2019-08-05	2019-11-11	5.273584158583675	22.815224852655017	6.092951320428304	7.495912805480409	23.092242552566052	Normal	0	0	0	0	0	greater_than_24	2
51668	24.85671213688142	2020-05-02	2020-11-02	5.185729148287541	25.08889183313115	6.058231245030804	8.34692758515692	21.180118369683612	Normal	0	0	0	0	0	less_than_24	2
50466	25.981567790350127	2020-03-30	2020-08-13	5.162902844549219	24.184990880059033	6.591005423694936	8.448907084642677	20.649008255329367	Normal	0	0	0	0	1	less_than_24	2
52103	36.3060323146411	2020-05-16	2020-10-11	7.330165922140861	30.3027069192611	7.930532613382873	10.634210363370045	31.354720420302115	Underweight	1	0	0	0	1	less_than_24	3
51425	28.60011907565767	2020-01-05	2020-07-16	5.010191549433134	24.20723103930023	6.158664180087677	7.771968836597537	22.110385305349052	Normal	1	0	0	0	0	less_than_24	2
31938	59.720328322839386	2019-07-06	2019-11-28	6.77207308938643	33.44070770936708	8.563732399361816	11.663202865904136	29.836304741259646	Obese	1	1	0	0	0	greater_than_24	3
62417	28.764675161664762	2019-07-11	2020-01-15	7.0316681675783865	31.80757045807783	9.439974990894541	10.990434399484096	33.05478296067899	Underweight	0	0	0	1	0	less_than_24	3
32308	30.419700552726955	2020-05-22	2020-08-14	6.996987492301423	33.477728302811016	8.728164307415403	11.367396761040055	32.32312338655827	Underweight	0	0	0	0	0	greater_than_24	3
51406	22.42032103648124	2019-07-25	2019-11-10	4.491102693146361	24.059357214993305	6.830776754913677	8.384476102420386	22.37973500048994	Normal	0	0	0	0	0	greater_than_24	3
41872	35.603287276652026	2019-05-30	2019-12-15	6.813732079559806	30.364984904385718	8.606905782318403	11.110886434756415	29.121748163869587	Normal	1	0	0	0	1	greater_than_24	3
51925	28.46261914975646	2019-09-22	2020-04-05	7.4743483009014975	31.883395860525475	8.194987290451989	10.71924630630522	31.279943680455467	Obese	1	0	0	0	0	greater_than_24	3
52771	78.95300588658515	2020-03-25	2020-10-05	7.5640172735785836	33.77672957721829	9.394985231539906	11.280720965557583	33.856358016258476	Obese	0	0	0	0	0	greater_than_24	3
50830	20.900021662851284	2020-06-16	2020-09-17	6.848899525583928	33.17560757319409	8.304567857334018	11.509908198112324	27.740445580204643	Obese	0	0	0	0	0	greater_than_24	3
51935	24.721812498491378	2019-05-27	2019-11-04	5.345677635973702	21.222350540386316	6.563279376097275	8.821076993883963	21.25003255284978	Normal	0	0	0	0	0	less_than_24	2
52027	25.15428979646164	2020-04-23	2020-07-23	6.6646007448484	31.73398263698897	7.994118470879456	10.83664313983951	29.264072452854514	Obese	0	0	0	0	0	greater_than_24	3
33746	18.852070199733966	2019-12-21	2020-05-03	6.795044548734274	33.26804700488412	8.989314232801068	10.356030933495068	28.703773719956068	Normal	0	0	0	0	1	greater_than_24	3
50432	23.30175107660749	2019-06-29	2019-10-11	7.182763888898475	31.21979160434848	8.294478685225396	10.598526247597302	31.730919025236954	Normal	0	0	0	0	0	greater_than_24	3
52347	47.101668459415805	2019-11-23	2020-02-14	6.85570429500824	30.35360027568557	8.322032338288814	11.657996917655982	29.019939842103025	Normal	0	0	0	0	0	greater_than_24	3
33245	39.21726818532011	2019-06-06	2019-12-27	4.708498234025601	24.308769165645607	6.276401798906461	8.048531014958638	20.794436473596054	Normal	1	0	0	0	0	less_than_24	2
52227	23.291808874229634	2019-08-16	2019-11-06	4.580125837396878	22.9250277786635	6.07342608189751	7.9847072733793665	20.458082279201175	Underweight	0	0	0	0	0	less_than_24	2
51459	20.925235158448046	2019-04-27	2019-10-29	4.965970468113424	23.868815946808525	5.987608603047621	8.264014197375957	22.070845831415077	Normal	0	0	0	0	0	less_than_24	3
61302	18.68206288479719	2019-09-26	2020-03-19	6.230633102982959	29.3026783795845	9.075478034544542	11.033235562305384	28.1372632950851	Normal	0	0	0	0	1	greater_than_24	3
51825	28.5369716947418	2020-05-24	2020-12-02	7.13345578912252	32.48984455600955	8.969359803304272	11.437786848044594	30.581378613538348	Obese	0	1	0	0	0	greater_than_24	3
51328	36.68545205572835	2019-06-18	2019-12-18	4.866629267679022	24.23372489744814	5.903741826554912	7.98085105404518	23.26024892045034	Normal	0	0	0	0	0	less_than_24	2
51832	32.5848170431057	2020-04-06	2020-08-03	7.093026670250729	32.947746427448834	8.484964834714772	11.041522178368995	30.636701438832727	Normal	0	0	0	0	0	greater_than_24	3
33804	59.41917717296733	2019-03-12	2019-08-29	6.841362548657062	32.88834091139717	8.745270139566498	11.398773951065529	32.87195184241846	Obese	0	0	0	0	0	greater_than_24	3
59574	32.241181296373824	2020-04-01	2020-09-25	4.570157617480749	23.032368405781575	6.0039868134880665	7.734204548654282	20.95633374112817	Normal	0	0	0	0	0	less_than_24	2
31707	30.63448848013997	2020-06-19	2020-09-12	7.06470693686329	31.108136777433177	8.642161395899413	11.646710726210065	31.213438420163538	Obese	0	0	0	0	0	greater_than_24	3
61349	25.11991508035137	2019-03-01	2019-07-31	5.113841457640828	24.493639631913474	6.276802654059665	7.820369135162975	23.549265722162993	Normal	0	0	0	0	0	less_than_24	2
52342	31.241910544887425	2020-01-24	2020-08-14	7.0760118661782005	33.78660968116932	9.02888123378565	11.849015310858347	29.761301291793988	Normal	0	1	0	0	0	greater_than_24	3
51435	42.84119538962766	2019-10-01	2020-01-07	4.958643919514404	22.094722114850853	5.908265628224912	7.434994664632582	21.56662194108816	Normal	0	0	0	0	0	less_than_24	2
61290	15.558306619160971	2019-04-07	2019-07-21	4.874636414554166	22.519543453340706	6.138998201060483	8.115640241911127	23.394855748122254	Normal	1	0	0	0	1	less_than_24	2
61744	16.2577542818672	2021-02-27	2021-06-21	6.46193094827836	32.9780987793174	8.459070019255446	10.795699129591915	29.67089928897116	Normal	0	1	0	0	1	greater_than_24	2
52787	27.111286261200828	2019-07-26	2019-10-14	4.673313544225977	23.71277454075473	6.086514191732233	7.969747918199417	21.47353731049838	Underweight	0	0	0	0	0	less_than_24	2
32534	23.960164823842472	2019-05-02	2019-10-05	4.68749298989319	23.222104803281876	6.3996092154971675	7.963629476331638	20.188040563772926	Normal	0	0	0	0	0	greater_than_24	2
51556	35.720780165756096	2019-07-17	2020-01-01	5.274232372474577	25.669175134823792	6.512678833513304	8.512653654903376	20.65972246401154	Normal	0	0	0	0	0	greater_than_24	2
51191	26.410952365493415	2020-01-14	2020-05-19	7.2458550729951545	31.810192922965328	8.965990576028247	11.357499732165278	31.00342867810272	Normal	0	0	0	0	0	greater_than_24	3
52394	23.99240617526339	2019-06-30	2019-10-07	4.575066315351218	22.557312039323495	6.562433193952699	7.628201504465541	22.4669624287672	Normal	0	0	0	0	1	less_than_24	2
52204	45.00565435690757	2020-03-06	2020-08-15	7.023065744392777	31.46229903897427	8.107763847003437	11.2387840339674	32.48492072792045	Obese	0	0	0	0	0	greater_than_24	3
52171	37.2689288166189	2020-01-11	2020-07-22	6.79948019373891	31.550688358960905	8.489024855024253	11.083406609176707	30.287605128648757	Normal	0	0	0	0	1	greater_than_24	3
62916	22.002644852616854	2020-01-15	2020-07-13	7.431823999280696	31.02047571261497	8.494750125399356	11.866298662619315	32.81078909981019	Obese	0	0	0	0	1	greater_than_24	3
52369	21.023792460859028	2020-06-09	2020-10-11	6.850846079644847	30.218667705025677	7.9234016822652436	10.602448596337592	30.39216984298643	Underweight	0	0	0	0	0	less_than_24	2
32533	32.46735843929175	2020-04-05	2020-07-24	6.675479752412004	32.99834406996737	8.387372814872665	11.111116272971776	31.863205980681624	Obese	0	0	0	0	0	greater_than_24	3
52646	17.389534204313176	2019-10-11	2020-03-04	7.166195185320377	33.24690332342546	9.179377778952915	11.818089118178252	32.35870221554297	Obese	0	0	0	0	0	greater_than_24	3
50884	30.694968500974657	2019-07-22	2019-10-12	4.5081245622262225	23.3347391884342	6.263669006827428	7.529901533660279	19.55797022080033	Normal	0	0	0	0	0	greater_than_24	2
32919	26.27745582526452	2019-06-05	2019-09-04	6.919221480346156	30.113633791193656	9.237884957254789	11.316794824644445	31.46018105225744	Obese	0	0	0	0	0	greater_than_24	3
61765	25.616576200740283	2019-07-03	2019-10-10	6.9639902652852115	30.487442013772412	8.34600297490864	11.241400726044366	30.70688945839166	Obese	0	0	0	0	0	greater_than_24	3
30811	39.0355166448645	2020-04-16	2020-09-14	7.308909317923803	32.975347342719154	8.400076969632131	10.996871054777452	33.60021876874556	Normal	0	0	0	0	0	greater_than_24	3
29712	46.60774161502631	2019-07-17	2019-10-19	5.179058538953445	24.537073780169546	6.454401521808162	8.196936420062608	21.148600531923023	Normal	0	1	0	0	1	less_than_24	2
61600	26.229403973565546	2019-04-24	2019-10-04	5.003867194711193	24.266264976965804	6.126289390960348	8.430719727744147	19.797773235185684	Normal	1	0	0	0	0	less_than_24	2
50513	24.123943117819834	2019-08-10	2019-12-12	5.101447183270792	24.31178630241962	5.997634330777963	7.669004363311354	22.237386960204724	Normal	0	0	0	0	0	less_than_24	3
53068	39.00308313533593	2020-03-19	2020-06-30	6.969440736736672	31.908692157598495	9.067790234325216	11.337160890511527	29.994595811037037	Normal	0	0	0	0	0	less_than_24	3
51192	31.265063005219204	2019-07-11	2019-11-02	7.018568286322131	33.27079419749627	9.272400189770133	11.716405226002912	33.82403233711293	Normal	0	0	0	0	0	greater_than_24	3
52114	65.27256144043551	2020-05-12	2020-10-03	6.903716807787779	32.70783854797669	8.843869581739268	10.934171706905985	33.50696806912838	Obese	0	0	0	0	0	greater_than_24	3
50708	21.683883173464	2019-04-18	2019-07-15	4.598030790871983	24.139407545659942	5.939731623255693	8.044864632480417	22.592141926078835	Normal	0	0	1	0	1	less_than_24	2
51869	34.53654871440819	2020-05-16	2020-09-18	7.415269934134511	32.8464255915829	9.033358938765437	11.787903886398734	32.675629083758416	Obese	0	0	0	0	0	greater_than_24	3
63198	30.526653201107113	2020-04-16	2020-08-26	7.148140738084422	32.43115865253211	9.029334573190667	10.440746863852564	30.1417772264528	Normal	0	0	0	1	1	greater_than_24	3
52932	19.32488653647649	2020-02-18	2020-05-23	6.894733713895697	31.663685147543806	8.514887144772871	11.020530747494577	29.461361837020704	Normal	0	0	0	0	0	less_than_24	3
51578	25.529541908977844	2021-02-21	2021-08-07	7.132255494886977	31.84287147707931	8.410310023959953	11.627569493110695	28.771321848113484	Obese	0	0	0	0	0	greater_than_24	3
33386	20.523794954936	2019-09-20	2020-04-13	4.630017582424869	25.082806176466764	6.400129302998811	8.119242543903967	20.320190709942388	Underweight	0	0	0	0	0	less_than_24	2
32904	21.77832596541724	2020-02-28	2020-07-15	7.31569468856676	32.04295406294787	8.750752674397177	10.93551746698076	31.296021135886015	Obese	0	0	1	0	0	greater_than_24	3
61967	26.577617616727508	2019-05-18	2019-11-01	5.060253838670006	21.60174611105282	6.2671700606089	8.67280610928543	22.554940478118002	Normal	0	0	0	0	0	less_than_24	2
50792	21.48895656730342	2019-07-10	2020-01-28	4.67978576930363	24.749363574374733	6.414749675353901	7.46355279315279	19.77728154538305	Normal	0	0	0	0	0	less_than_24	2
51867	29.825729708128087	2019-08-22	2019-12-26	5.001264580780397	24.20693833013982	7.4237415650827305	9.071807269720399	20.58299298412569	Obese	0	0	0	0	0	greater_than_24	2
52074	43.13531017322729	2020-03-01	2020-07-16	7.329650432048278	30.675750162505246	8.394641599329447	11.497260282335432	30.802017511169375	Obese	0	0	0	0	1	less_than_24	3
33366	28.065170769908026	2019-11-22	2020-04-05	7.289375359799829	31.685404837328797	8.3199937517548	11.635397353356183	32.550404336241506	Obese	0	1	0	0	0	greater_than_24	3
51318	37.52768360248372	2020-01-12	2020-05-22	6.977767831603281	33.47563410620567	8.663553855416291	11.202998190791547	29.286835421338527	Normal	1	0	0	0	0	greater_than_24	3
62768	24.08975836796243	2020-05-04	2020-09-17	7.0630098347888985	32.75183818714579	8.108476629857046	10.74222052537238	30.984574765909482	Normal	1	0	0	0	0	less_than_24	3
34176	22.358098820604624	2018-11-19	2019-04-24	7.188302534029665	32.11835040860751	8.809792906176787	11.356165060826168	29.345347500760237	Normal	0	0	0	0	0	greater_than_24	3
51196	35.67717389400669	2020-04-13	2020-07-21	6.912354854969803	33.169091221782324	9.027117081488031	11.448232984165623	31.507668094903654	Normal	0	0	0	0	0	greater_than_24	3
52552	26.18097723286643	2020-02-09	2020-07-11	6.877241173733207	32.67223588871896	8.589425780595677	11.564061652992047	31.801785199410475	Obese	0	0	0	0	0	greater_than_24	3
50892	17.920913793623452	2019-01-27	2019-06-10	5.030118744241146	24.675481138301915	6.102518081613735	8.467909469169577	20.702821382570548	Normal	0	0	0	0	0	greater_than_24	2
51028	34.23763175279592	2020-04-14	2020-07-24	6.774171131204173	32.19659425584574	8.962372887556286	10.673466438087056	30.68689227759843	Normal	0	0	0	0	0	greater_than_24	3
33487	31.50175673283083	2019-10-31	2020-03-15	7.283809153246051	32.6009628561638	9.18473858152867	11.412610486269756	32.637785542048995	Obese	0	1	0	0	0	greater_than_24	3
50361	19.68800767464547	2020-04-30	2020-10-05	6.843643370738915	32.481355717668315	8.642608708610636	11.12308718414997	32.59304789682319	Normal	0	0	0	0	0	greater_than_24	3
51522	24.174039469873417	2020-02-27	2020-09-17	7.488355793527084	31.50085625823153	8.893918999348339	10.91518894409576	33.01590297682043	Obese	0	0	0	0	1	greater_than_24	3
30976	27.161378307776346	2019-07-31	2019-11-18	5.217294643862961	24.762510867595154	6.047260072689513	8.100667724709163	22.929901938794757	Underweight	0	0	0	0	0	less_than_24	2
51562	39.45836718938206	2019-08-14	2020-01-21	7.373755614411937	31.6185212549061	7.773261830742456	10.153862341497343	32.551324073471385	Obese	0	1	0	1	1	greater_than_24	3
61931	29.532764043577455	2019-10-11	2019-12-28	4.905292492493479	25.463060094609023	6.626273856979755	8.36022762686483	20.394260712940582	Normal	0	0	0	0	0	less_than_24	2
31972	27.303328681283983	2020-05-21	2020-09-28	7.172243087774311	33.4771578367197	8.568952704352784	11.26906350176209	31.670000594346085	Obese	0	0	0	0	0	greater_than_24	3
52769	15.753710193669784	2020-04-23	2020-07-20	7.3510064746758745	32.941099915824616	8.999407862517385	11.694963589682402	30.082832480600878	Obese	0	0	0	0	0	greater_than_24	3
50656	24.885890481488005	2019-09-26	2020-03-23	4.903234361967096	23.722659317877273	6.135549491650825	8.168899035131298	21.911582169819443	Normal	0	0	0	0	0	less_than_24	2
41199	19.847616290885387	2019-06-03	2019-12-11	5.1978561677680135	23.240780071751395	6.186851545524982	8.631454896134668	21.409074770482082	Normal	0	0	0	0	0	greater_than_24	2
52167	25.54475948908924	2020-05-21	2020-10-07	7.172301469957842	32.25937471865391	8.042243811965728	10.986784210853946	33.15343734161001	Obese	1	1	0	0	0	greater_than_24	3
61876	32.35235421956938	2020-04-05	2020-10-12	7.508145180851677	33.15172555660578	8.669190511205624	10.812123904654227	31.8523031687999	Normal	0	0	0	0	1	greater_than_24	3
51764	27.965183233892763	2020-03-13	2020-10-03	7.2088933755015265	32.1562825625275	8.988608642295588	11.40508555960563	32.030541654369195	Obese	0	0	0	0	0	greater_than_24	3
32442	34.64857220849641	2020-03-20	2020-10-06	7.094100164787957	33.55098062662378	9.32436419987432	11.13497217999137	33.85503449195207	Obese	0	1	0	0	0	greater_than_24	3
30198	18.914816007407566	2019-08-05	2020-01-23	4.851990802052368	23.015662906583255	6.21238040933302	7.442605603861965	21.482902278749087	Obese	0	1	0	0	0	greater_than_24	2
50552	20.716598526180757	2019-08-31	2019-12-01	4.932167842942936	24.704072550043886	6.681196496364638	8.149025246703058	21.023504772777493	Normal	0	0	0	0	0	less_than_24	2
62987	65.50762366231015	2019-05-21	2019-08-28	7.4249331861828605	32.67628325674164	8.18615236785273	11.518748951313041	32.81741358793617	Obese	0	0	0	0	0	greater_than_24	3
62837	34.84554122294688	2020-05-06	2020-11-05	7.454784036648952	31.499540388967397	8.819792738039524	10.996704525848303	30.418504804571928	Obese	0	1	0	0	0	greater_than_24	3
30308	25.633890878956304	2019-02-10	2019-05-22	4.890935512708536	24.12490954994738	6.4034336793422995	8.153466880715074	22.318827100719226	Normal	0	0	0	0	0	greater_than_24	2
52606	27.462417523522856	2019-12-30	2020-07-21	7.4913407756472195	32.90808421822611	8.807603365020451	11.914507950228176	33.620921549056234	Obese	0	0	0	0	0	greater_than_24	3
52202	55.680509486949596	2020-06-07	2020-09-26	6.737480223257932	32.460555654780634	8.54762389293013	11.164173820091946	32.14061232898543	Obese	0	0	0	0	0	greater_than_24	3
51780	43.41292536941962	2019-11-26	2020-04-12	6.673632981106298	32.73159234775969	8.52638138968503	11.028422055995113	29.993200836572736	Normal	0	0	0	0	1	greater_than_24	3
33445	79.40456645100697	2020-02-14	2020-07-23	7.4313999993875735	30.970588292423464	8.277596234538542	10.722142004557268	32.327192803188936	Obese	0	0	0	0	0	greater_than_24	3
32258	23.102734478436705	2020-03-21	2020-10-12	7.427897354282618	33.50189442292974	8.589619987216405	11.864249740928557	33.39242853712418	Normal	0	0	0	0	0	greater_than_24	3
30954	20.936821360289073	2019-07-31	2019-10-26	5.043308960237138	22.783807618946046	6.049836953654723	7.5811338606289835	19.679826857567086	Normal	1	0	0	0	0	less_than_24	2
31053	22.84663792296749	2019-06-19	2019-12-31	5.317191335761819	22.455931454610596	5.978548987690763	7.873728352079953	20.532139259802438	Normal	0	0	0	0	0	greater_than_24	2
62266	15.790136593652823	2019-04-23	2019-09-02	4.581030806365591	22.547981763350545	5.903116908497677	8.025348559967767	22.826800967245678	Underweight	1	0	0	0	0	less_than_24	2
50389	53.07592489530358	2020-06-01	2020-10-12	6.788479705210374	31.849094035161635	8.548767220672325	11.808177877921674	33.362393508414875	Obese	0	1	0	0	0	greater_than_24	3
61867	25.51700341670036	2019-02-02	2019-06-30	4.635383895097737	22.981547610286885	6.6051156024669835	8.945365503713047	20.583902497406438	Normal	0	0	0	0	0	greater_than_24	2
51466	20.474987785467132	2019-02-21	2019-06-03	6.693321672588521	30.691987991968325	8.236488686113294	10.755465113230144	30.76604975569866	Normal	0	0	0	0	1	greater_than_24	3
52062	18.525330916734063	2019-03-20	2019-09-05	5.073912515200123	25.225246360935298	6.402550364128721	8.806041429752836	22.53053524196022	Normal	0	0	0	0	0	less_than_24	2
52536	24.859972613397286	2020-04-24	2020-09-30	7.3814307971484565	31.20342414969069	8.411441813977023	11.36118309117936	32.616714306030985	Obese	0	0	0	0	0	greater_than_24	3
40222	32.83822469479969	2019-03-05	2019-07-27	4.655141467407926	23.173165078824518	6.198902190540631	7.5119104838905555	18.841844718136276	Normal	1	0	0	0	1	greater_than_24	2
51776	46.82006329927316	2020-05-22	2020-09-04	7.244433601202418	32.02122422154428	8.989217030331492	11.104106931452362	30.18869228385924	Normal	0	0	0	0	0	greater_than_24	3
41277	37.582728011117766	2019-10-08	2020-04-11	5.2675021605644305	25.452029486463363	6.185750643487087	7.952402313739977	21.259891534578212	Normal	0	0	0	0	1	greater_than_24	2
51391	25.29126435341742	2019-06-04	2019-09-23	4.947429594376667	23.640958890764306	6.113248110587705	7.90046316087756	22.157649020343797	Normal	0	1	0	0	0	less_than_24	2
51292	31.165744264066774	2019-11-02	2020-02-27	7.027346770960326	32.68935689528124	8.777686167170582	11.619575034377334	31.480622804604998	Normal	0	0	0	0	0	greater_than_24	3
52160	18.611628430546496	2020-05-10	2020-09-03	7.308561369258981	32.8998413234229	8.844851619311827	11.444496632107352	33.433720252222564	Obese	0	0	0	0	0	greater_than_24	3
51766	34.2898981247278	2019-08-14	2020-01-04	7.355726053796398	32.215752939190935	8.705145228076152	9.917077177725272	31.790631843255916	Normal	0	0	0	0	0	greater_than_24	3
52019	62.381685361697556	2020-04-28	2020-10-15	7.063290039580527	32.25760537384354	8.714576626950302	10.311292820661995	31.130859392932873	Normal	0	0	0	0	0	greater_than_24	3
62326	30.105654086444144	2020-04-02	2020-08-29	7.454386797639171	33.268595741024285	8.627263714885082	11.069090653863498	30.497597141477367	Obese	0	0	0	0	0	greater_than_24	3
51121	30.824908717465348	2020-04-06	2020-06-26	7.381796529220798	32.166387867790455	8.39240964447311	11.779072111883966	31.168111484717866	Obese	0	0	0	0	0	greater_than_24	3
31869	16.31157519819321	2020-02-10	2020-05-16	6.54746201164932	30.691315419799718	8.569737384245231	10.999158897298749	30.06502416487754	Normal	0	0	0	0	0	greater_than_24	3
51880	32.70450579637902	2020-01-27	2020-07-24	7.012713485370432	32.02417982414248	8.544061926589706	10.539336142029798	32.43399588696988	Normal	0	0	0	0	0	greater_than_24	3
62358	31.86285095565305	2019-05-19	2019-09-20	4.903813167079628	25.174894798054638	6.4023697902271595	7.486417840920485	21.034670334833308	Normal	1	0	0	0	0	less_than_24	2
50464	24.351154906178134	2019-05-05	2019-10-06	4.706056698926691	23.85654888098006	6.280366672353409	7.364843280970257	20.136728906229468	Normal	0	0	0	0	0	less_than_24	2
51450	18.948332211458627	2019-04-10	2019-10-09	7.13071511442563	32.29302892562512	8.238320548976615	11.214222549885015	30.60775866818582	Obese	0	0	0	0	0	greater_than_24	3
49902	24.040225590934487	2019-05-09	2019-10-20	4.559209447024511	24.742333665645887	6.3098657669492795	7.283762187976586	22.352878266502266	Normal	0	0	0	0	1	greater_than_24	2
52917	36.861791454906054	2020-05-24	2020-11-14	6.755878616462482	31.72412667742811	9.357301830825824	11.34411757593041	29.264855281028755	Obese	0	0	0	0	0	greater_than_24	3
52509	16.90504713479503	2020-03-09	2020-07-24	7.367506103153381	32.536999537731866	9.022375694322411	11.737095371302592	33.561467827744714	Obese	0	0	0	0	0	greater_than_24	3
52413	26.664137658995624	2019-03-07	2019-08-15	5.16747533318552	24.398551433606887	6.332648662659677	7.398158299241288	23.554559642592757	Underweight	0	0	0	1	0	less_than_24	2
42665	21.280199754027787	2020-06-05	2020-11-07	7.162460269471543	32.66027278237984	8.894503730199952	11.96897820762813	31.46951203882146	Obese	0	0	0	0	0	greater_than_24	3
62435	27.31352830783429	2020-05-01	2020-10-04	7.28254264297865	32.623789291869905	8.742463986770332	11.870580055413983	32.15180185773226	Obese	0	1	0	0	0	greater_than_24	3
51404	29.69383123462816	2019-05-09	2019-11-07	5.283853692004253	23.799317396313047	6.569541749121553	8.908139846209119	21.72079337136765	Normal	0	0	0	0	0	less_than_24	2
29530	18.576870248373023	2019-05-08	2019-09-03	4.900810346485744	22.916882407331034	5.995235376557642	7.785348875693755	20.691118925678612	Normal	0	0	0	0	0	less_than_24	2
32690	69.33383115511931	2019-09-16	2020-02-11	7.474620598607641	30.604853137671736	8.563031956321176	11.215728185859417	29.012705253546585	Obese	0	0	0	0	1	greater_than_24	3
30827	27.624692092513623	2019-05-26	2019-11-06	5.023773163563559	24.323914813113603	6.012667596546362	8.12466242832776	24.15952305714579	Underweight	0	0	0	0	0	less_than_24	2
52060	34.03860334496586	2020-01-28	2020-05-10	7.147178690046411	32.04095051755287	9.105904840227511	11.731081131646159	32.102395845045606	Obese	0	0	0	0	0	greater_than_24	3
52582	34.28081819627167	2020-01-26	2020-08-15	6.965057584233976	32.871970136885736	9.096525687006082	11.70362097513253	32.22160066002605	Normal	1	1	0	0	0	greater_than_24	3
51546	17.984981439134227	2020-05-24	2020-09-16	6.911144725537819	31.4582838268894	8.631260529623866	11.834477837771567	32.588689800473574	Obese	0	0	0	0	0	greater_than_24	3
52326	28.354790806447028	2020-06-06	2020-08-25	7.311934498550325	32.26747000343541	8.947065944599439	11.780792459578604	29.65945746340342	Normal	1	1	0	0	0	less_than_24	3
42312	27.369649592088905	2020-03-13	2020-09-01	7.301727680354434	32.58363069593478	8.505551908794104	11.246013389573267	29.437662129399477	Obese	0	0	0	0	0	greater_than_24	3
32658	79.46354276101216	2020-06-06	2020-09-09	7.05743263687628	32.06196414854631	8.762824880892124	10.525799115977582	33.24857883029458	Obese	0	0	0	0	0	less_than_24	3
52560	32.974962785883484	2020-05-21	2020-10-12	7.370750688714483	32.95206980975002	8.918879497054682	11.281322766210454	33.41828464999908	Obese	0	0	0	0	0	greater_than_24	3
52765	42.42046253082597	2020-03-12	2020-05-30	6.877903291165769	33.33300024331292	8.165953751085613	11.399486617618601	32.42311789116891	Underweight	1	0	0	0	0	greater_than_24	3
52271	32.28362911945456	2020-02-25	2020-08-02	7.4773319106686404	32.92768595113088	8.980787316270733	11.447628829217573	31.41632066249617	Obese	0	1	0	0	1	greater_than_24	3
52071	23.48900141964716	2020-05-23	2020-10-04	7.41373581503369	32.30998970123447	8.189630354574218	11.532848749964634	33.44527304913443	Normal	0	1	0	0	0	less_than_24	3
52366	32.403483937706554	2020-03-31	2020-07-28	7.183496896940274	33.31371897231401	8.423591417541733	11.713682205394633	33.26175911345102	Obese	0	0	0	0	0	greater_than_24	3
50939	21.614652979190804	2019-03-23	2019-06-12	7.3033151496778155	33.46891099101628	8.498900829413989	11.721185360242414	31.67019113137282	Normal	0	0	1	0	0	greater_than_24	3
52064	44.99125868858252	2019-09-22	2020-03-20	5.05439664185955	25.1380114982688	6.114780404621842	7.847319851744767	23.5753266991965	Underweight	0	0	0	0	0	greater_than_24	2
60395	30.36580144307769	2019-05-21	2019-11-26	4.762396877032926	23.299483635933406	6.154298104836056	7.754729625149374	21.325353338108474	Normal	0	0	0	0	1	less_than_24	2
41696	51.49502687747028	2020-01-02	2020-05-20	7.530662234110422	33.51747128599358	8.70220071072001	11.737564774955725	31.935762732830426	Obese	0	0	0	0	0	greater_than_24	3
52207	29.781029890845126	2020-05-15	2020-09-23	7.178188006572479	32.666457806910174	8.194312263088802	10.709290206817961	30.34140760344628	Obese	0	0	0	0	0	less_than_24	3
51172	28.758507067393325	2018-12-21	2019-06-16	4.845763932342329	22.30107421581215	6.056931711701192	7.927939345876665	19.346963898252152	Normal	1	0	0	0	1	less_than_24	2
52576	20.2475392265601	2019-05-30	2019-12-24	4.857080496108337	21.57136442174125	6.586793814735774	7.64485686211669	21.363128561728228	Normal	0	0	0	0	1	greater_than_24	2
60492	24.072650977775933	2019-02-22	2019-05-28	4.6453513018166	23.00935046579561	6.167175891770427	7.920826032325721	18.808623698549784	Normal	0	0	0	0	0	less_than_24	2
50571	15.576275862388584	2019-02-15	2019-07-31	5.069642344606071	22.64779491358197	6.315993020745865	7.345169517309252	19.625278439015737	Normal	0	0	0	0	0	less_than_24	2
30445	28.12364792513128	2019-03-18	2019-08-28	4.781713159774791	23.44900411451673	5.948308726010998	7.759548359529275	22.090803602943566	Normal	1	0	0	0	0	less_than_24	2
30768	27.872494582067276	2018-09-15	2018-12-29	5.436405767879258	23.5749831439655	6.479067485574328	8.581718942363377	21.42151109633501	Obese	0	0	0	0	1	greater_than_24	3
52376	28.11264955246904	2019-08-10	2019-11-11	7.290828681618252	32.99117691749335	8.919880026718387	11.169507978038423	33.12823373743447	Obese	0	0	0	0	0	greater_than_24	3
52439	31.350789593913355	2020-04-18	2020-10-14	7.2033580468900675	33.398350766707196	9.005745011076703	11.871064355334788	33.61425709943963	Obese	0	1	0	0	0	greater_than_24	3
61702	23.13786450487828	2019-04-22	2019-11-09	7.308863458461324	32.97663058090075	9.449667314618129	11.053543819524505	29.234830066588668	Obese	0	0	0	0	0	less_than_24	3
51063	17.59516700339131	2019-04-06	2019-06-26	5.092365826725435	25.671064437137044	6.205219566911059	8.727970811807038	21.543028929527264	Normal	0	0	0	0	0	greater_than_24	2
52255	24.99114407276688	2020-02-14	2020-06-12	7.23074397983858	32.61136129627283	8.550491877003417	11.056864895316053	33.579861170303786	Normal	1	0	1	1	1	greater_than_24	3
33338	32.79519510091889	2019-12-06	2020-06-26	7.047078776775444	32.557372903396946	8.632335776855088	10.547451568729942	32.48026736227112	Obese	0	0	0	0	0	greater_than_24	3
52502	26.970685986587604	2020-02-11	2020-08-23	7.3134474605425215	31.80477322072969	8.695231325382428	11.473154268759263	31.764373906158326	Normal	0	0	0	1	0	greater_than_24	3
61469	25.860966969746908	2019-12-13	2020-05-31	7.16793744462497	32.464853795219376	8.04900932235126	10.274983535400585	28.516266513760073	Obese	0	0	0	0	1	less_than_24	3
52496	30.564487869638114	2021-02-03	2021-06-27	7.247969411504678	33.01734504654588	9.210390443698971	11.260105708247247	32.66730405978957	Obese	0	0	0	0	0	greater_than_24	3
51969	30.4364722360824	2018-12-29	2019-04-10	4.92334043116131	24.39842063114952	6.460301647986593	8.075316067244124	20.116584269626582	Normal	1	0	0	0	0	less_than_24	2
33351	25.021048965221357	2020-02-01	2020-07-13	6.83148962680317	31.60249563542683	8.55566393332568	11.145951799399741	31.206609357776653	Normal	1	0	0	0	1	greater_than_24	3
51070	21.451147048316617	2020-03-20	2020-09-04	5.257322270183595	24.01399982911825	6.578307697052819	8.15610814417108	21.851700928873985	Normal	0	0	0	0	1	less_than_24	2
62734	36.38697230473789	2019-08-09	2020-01-30	5.075336351859385	21.941403476124897	5.972455269815882	7.534977855560742	20.083556652621954	Normal	0	0	0	0	0	less_than_24	2
63268	30.581791465127804	2019-12-02	2020-03-05	7.297703083661559	33.504635250202675	8.831564637557603	11.67697005407964	32.73420709184771	Obese	0	1	0	0	0	less_than_24	3
28965	23.55871528659474	2019-04-27	2019-10-03	4.792316160878461	23.432364415639256	6.348375514989936	7.877958507834424	23.624555911110452	Normal	0	0	0	0	0	greater_than_24	2
33274	41.06458742035549	2019-12-01	2020-06-27	7.16269128222518	30.90216863120878	8.463944104351155	11.789097899302298	32.30441668840336	Obese	0	1	0	0	0	greater_than_24	3
60518	16.123682550255495	2020-04-05	2020-07-25	6.090878546606362	30.329750886066954	8.714211350362403	11.606791040339154	29.34290045293377	Normal	0	0	0	0	0	greater_than_24	3
51677	46.069758483574454	2020-06-14	2020-09-28	7.374562913781861	32.262527866262566	9.136912705827758	11.964918632244599	31.212172365978944	Obese	1	0	0	0	0	greater_than_24	3
51950	29.27385478000335	2020-03-11	2020-09-22	7.3186724658336875	32.271785264441725	8.54144768432764	11.433058438803668	33.21695613323297	Obese	0	0	0	0	0	greater_than_24	3
52286	43.49118177928975	2020-01-31	2020-08-05	6.4755837124840285	33.742268947615486	8.670473749289721	11.854625467851497	31.03474103395117	Obese	0	0	0	0	0	greater_than_24	3
32249	24.111224570027524	2020-02-23	2020-07-29	7.371544880827171	33.262159724583434	8.127541605635148	11.278338697072298	33.26857189873671	Obese	0	1	0	0	0	greater_than_24	3
51839	33.62599098083601	2020-03-23	2020-08-27	6.315530812472539	32.250439318841806	8.160412013822397	11.469460122792729	28.156014538637763	Normal	0	0	0	0	0	less_than_24	3
52325	52.37543271172178	2020-07-31	2020-10-23	6.844101550798743	32.238512868076846	8.267580960281293	11.019127534061761	30.986109131791704	Normal	1	0	0	0	0	less_than_24	3
41893	34.662213930473314	2020-05-12	2020-09-07	7.262382320076623	32.152431642043005	8.994778125700012	11.228537456466736	30.357217917973724	Obese	0	1	0	0	0	greater_than_24	3
52020	26.844819053175506	2020-03-27	2020-10-04	7.14140351415893	30.896536160393094	8.41330983249234	11.421076274897757	32.51852702899552	Obese	0	0	0	0	0	greater_than_24	3
51388	29.443534252068588	2020-03-26	2020-10-19	7.301443260196862	33.28055884736341	8.56097671118777	11.22377653654967	32.32331504521578	Obese	0	0	0	0	0	greater_than_24	3
52636	21.700402554280306	2020-06-02	2020-10-08	7.036099695524047	31.43752744339848	8.625397461403727	11.958976134383045	29.105613785677555	Underweight	1	0	0	0	0	greater_than_24	3
39644	39.967559414160135	2019-03-08	2019-05-25	4.550241890261196	22.20841968153307	6.173828480111345	8.176395080876855	19.330186878781653	Normal	1	0	0	0	1	less_than_24	2
52449	30.19766299772133	2020-01-23	2020-08-17	5.37690034498413	23.47737001424172	6.241753331881332	8.260427335447403	22.555795025504917	Underweight	0	0	0	0	0	less_than_24	2
52734	24.96865059743249	2020-04-07	2020-10-21	7.16232189054486	32.10957183758427	8.259412321406316	10.502378459130421	32.61415988226067	Obese	0	0	0	0	0	greater_than_24	3
51161	25.634104127155787	2019-05-06	2019-08-10	4.647395871082702	21.810695603602674	5.998912655340429	8.135050427644115	20.6047064086578	Normal	0	0	0	0	0	less_than_24	2
62332	42.022626711536894	2020-04-03	2020-09-28	6.4502936522232215	32.76467246698105	8.607741769390339	11.492344540689295	31.609883568639052	Obese	0	0	0	0	1	greater_than_24	3
52530	23.064025374603574	2020-06-19	2020-10-26	7.183796127073883	31.53101841815391	9.282939518255807	11.791666820589834	31.635280934529785	Obese	0	0	0	0	0	greater_than_24	3
33218	29.213027148577712	2019-10-09	2020-01-12	6.959976047011838	29.858690760975254	8.713811474316115	11.689987551394115	30.233640000450766	Obese	1	0	0	0	0	greater_than_24	3
50969	36.505662791698725	2020-02-29	2020-07-04	6.861712523266892	33.07542810849972	8.636289164266378	10.80492038208727	29.683947518005763	Normal	0	0	0	0	0	greater_than_24	3
52873	22.49186640950256	2019-11-27	2020-03-06	7.13700755302831	33.46807515612757	8.424302642564637	11.598855310569144	32.86566586317395	Normal	0	0	0	0	0	greater_than_24	3
51825	22.7363539473338	2020-02-04	2020-07-24	7.132418347442017	32.57331412725786	8.573752221721561	10.120008176112378	32.90206517325613	Obese	0	0	0	0	0	greater_than_24	3
62049	64.54297889435996	2020-04-23	2020-07-31	6.349118629041192	31.402918051428074	8.448205025477257	10.79698203048854	30.88404958974167	Normal	0	0	0	0	1	less_than_24	3
52249	23.76969662000842	2019-09-20	2019-12-17	7.3351188584513825	31.8710708078283	8.428680532692551	11.743089064382927	33.129901321979006	Normal	0	0	0	0	1	greater_than_24	3
51480	62.26401003983325	2019-07-31	2019-10-28	7.487396404422997	31.840513887126676	8.42371390262944	10.633369195554355	31.27663421692814	Normal	0	0	0	0	0	greater_than_24	3
52386	33.88405501947439	2020-06-05	2020-11-11	7.409980942885099	31.998483278928816	9.000752287493464	10.91323865667162	31.2147686607995	Normal	0	0	0	0	0	greater_than_24	3
61651	63.89926223567963	2020-03-13	2020-07-23	7.094963317638488	31.121479625923147	8.542619085144334	11.388186214790883	30.922428149327498	Obese	0	0	0	0	0	greater_than_24	3
33584	38.267342505831074	2020-06-08	2020-11-03	7.061583175546849	31.81363382780589	8.268318916353355	11.074169264512156	33.39581530122859	Normal	0	0	0	0	0	greater_than_24	3
52239	25.64511040952288	2020-04-06	2020-09-12	7.19615336522671	32.91490917884311	8.93806980845153	11.550278624496409	33.539705947581226	Obese	0	0	0	0	0	greater_than_24	3
52132	25.056985966082927	2019-06-04	2019-11-14	7.383356780209841	32.46472604944594	8.880282301731524	11.385270313199474	33.546653048151406	Obese	0	0	0	0	0	greater_than_24	3
51723	28.708286484647875	2019-07-31	2019-11-01	4.73700398519855	25.50712765201886	6.2540550065009075	8.258307490555785	23.673085453659233	Underweight	0	0	0	0	0	greater_than_24	2
51311	27.38270441541554	2019-10-14	2020-03-07	6.992441630197124	31.871469300013292	8.442844281264694	11.617633040493027	31.151933993843183	Obese	0	0	0	1	1	less_than_24	3
62683	26.87576996228742	2019-09-13	2020-02-29	7.1254480522334	32.237807193400585	8.612282588932542	11.887185541385145	30.981179729778162	Normal	0	0	0	0	0	less_than_24	3
52657	33.96240016059953	2019-12-27	2020-06-19	7.404015724698926	31.668342271165443	8.177995963020896	11.086077482146791	30.629354266587935	Obese	0	0	0	0	0	greater_than_24	3
52163	21.847671229096477	2019-06-01	2019-10-15	5.38689157359936	23.013021215764287	6.19820891911647	8.617474403063031	21.45065022663904	Normal	0	0	0	0	1	less_than_24	2
51382	17.567420924266123	2019-10-12	2020-02-16	4.683088402574657	23.37042087159511	6.0366798916914455	8.328558622939427	20.108071414965302	Normal	0	0	0	0	0	less_than_24	2
51442	70.8220426321606	2020-01-17	2020-06-27	7.113385098025275	31.37235295455796	8.511321688028207	11.512502074928745	33.02358194146682	Normal	0	0	0	0	0	greater_than_24	3
50847	18.514754378326305	2019-06-02	2019-09-07	5.041970700631292	22.70278522447964	5.868011829373236	7.533451145379097	20.14801041097986	Normal	0	0	0	0	0	greater_than_24	2
42532	19.680586326399197	2019-10-20	2020-03-22	4.588287443917342	23.42902027272183	5.9562651335542345	6.756875974441535	19.062976396806405	Normal	0	0	0	0	1	less_than_24	2
31056	37.18543868370706	2019-08-28	2020-01-04	7.3027768442167424	32.36461605474692	8.811329882766795	11.094376308441305	33.19889535419665	Obese	0	0	0	0	0	greater_than_24	3
62901	30.61820707557833	2020-10-03	2021-02-24	7.450280292649045	30.31685997666203	8.818859760037663	11.675247651727393	31.53272252218703	Obese	0	0	0	0	0	greater_than_24	3
42953	32.699467553805704	2019-06-04	2019-10-21	5.089030880821887	23.3580853817266	6.194061738510616	7.796106803763435	20.45336994154694	Underweight	1	0	0	0	0	less_than_24	3
52979	51.811476268956596	2020-01-11	2020-07-28	7.452001819683371	33.593265794596526	8.816101547414874	11.722742817400706	33.06147651737619	Obese	0	0	0	0	0	greater_than_24	3
34000	30.863234135890362	2020-05-21	2020-10-14	7.152867722192964	33.70756972753893	8.495961335642585	10.168137442268533	29.507882454556317	Underweight	0	0	0	0	0	greater_than_24	3
51175	33.301367211352115	2019-04-24	2019-11-04	6.346012508178835	32.124034107800185	8.923210013389175	10.822471732262017	28.68740197665273	Normal	0	0	0	0	0	greater_than_24	3
52758	36.595579002778564	2020-03-21	2020-10-02	7.225632022125122	31.78325639869572	8.782745869495777	11.171098004793617	31.51087665991977	Obese	0	0	0	0	0	greater_than_24	3
52284	22.484834609386894	2020-06-23	2020-10-15	7.2454919712660475	33.65683687643546	8.658653342185792	11.03883630211782	32.8993927395566	Obese	0	0	0	0	0	greater_than_24	3
34233	31.60559800839356	2020-01-16	2020-06-27	7.522868698650789	31.458251890446043	8.463381990613879	11.888174859024321	31.59776252553928	Obese	0	0	0	0	0	less_than_24	3
29956	19.25892185650808	2019-07-26	2019-12-01	4.858370155218784	24.110217196350032	6.0987628062504315	7.639431071657377	19.88296727307624	Normal	0	0	0	0	1	greater_than_24	2
41480	18.699136699435567	2020-06-16	2020-09-15	6.8778717413422985	32.207461426365704	8.546741164409504	11.515776257440884	30.240284312490957	Normal	0	0	0	0	0	greater_than_24	3
31719	34.075869452044444	2020-04-26	2020-08-10	7.5186369097796275	31.756487842558617	7.910000292816507	9.809192602441678	31.46986310925189	Normal	0	0	0	1	1	greater_than_24	3
61362	21.946775196220976	2019-07-13	2019-10-26	4.735591240310815	24.24552151311968	6.037470464042849	7.90690373479693	21.52281677875	Normal	0	0	0	0	0	less_than_24	2
31734	54.69646397992267	2020-11-05	2021-05-11	5.00707320101302	23.90808834169245	6.885596889467117	8.264909700011517	22.363858170011127	Normal	0	0	0	0	0	less_than_24	2
31188	34.84220209718926	2020-05-12	2020-07-29	7.356080292412432	31.68869681518092	8.975062771265307	10.625522030088407	33.16978202557107	Obese	0	0	0	0	0	greater_than_24	3
51902	24.471083257439748	2020-03-04	2020-06-04	4.73232960772839	24.4527093879061	6.624843955123263	8.714603344129284	23.697069674459954	Underweight	0	0	0	0	0	less_than_24	2
32122	35.796778308752536	2019-07-24	2019-11-11	5.2074116661543135	24.414120767295483	6.038621265972733	7.811534127886324	20.424394281020216	Normal	1	0	0	0	0	less_than_24	2
31214	23.591666521505523	2019-10-25	2020-02-11	4.92426056386727	24.902122386565008	6.379951666403423	7.894545735147265	21.49902896856706	Normal	0	0	0	0	0	greater_than_24	2
51862	37.93324280046144	2019-08-07	2020-03-01	7.0189580631625175	31.276435139349005	8.848770549360877	10.23640825516055	32.38578146677053	Normal	0	0	0	0	0	less_than_24	3
51184	45.431311290845414	2019-02-24	2019-07-18	4.895537049229514	22.865186003624412	6.656916294783141	7.847202237266004	21.33033560602918	Normal	1	0	0	0	1	less_than_24	2
52083	31.177625571956632	2019-04-19	2019-10-17	6.6472513466424115	31.79743420409657	9.580005428760197	11.486376632559592	31.05982294118836	Obese	1	0	0	0	0	greater_than_24	3
52322	18.745201410766487	2020-05-05	2020-08-01	6.930593540594921	29.973853520850643	9.114481715372058	10.640777820036687	29.088965262933613	Obese	0	0	0	0	0	less_than_24	3
50261	31.674390660364104	2019-08-09	2020-01-10	5.024678754389005	23.236329346031035	6.224110118115947	7.431191346502259	20.85857391200161	Normal	1	0	0	0	0	less_than_24	2
62919	25.0707029215936	2019-08-01	2019-11-18	7.349000151783089	32.29669558051375	8.18899556146692	10.126920933419667	31.67866603325306	Underweight	1	0	0	0	0	less_than_24	3
61479	24.048419613968214	2019-09-01	2019-11-22	4.953672127103156	23.5737237338063	6.070539924794443	7.345304765522636	23.647334522632192	Normal	0	0	0	0	0	less_than_24	2
51042	24.019794523965384	2019-05-07	2019-10-14	5.130974758663634	29.66082638607973	8.296202909663034	10.461096192821199	23.85823511744454	Normal	1	0	0	0	0	greater_than_24	3
62194	25.46070961720307	2020-02-07	2020-06-26	7.185514656107992	33.60278109876157	9.175475119190613	11.408395613015209	33.16476244747594	Obese	0	0	0	0	0	greater_than_24	3
61668	31.305576761584117	2020-04-07	2020-08-08	7.035821107866691	31.750807161414713	8.850768788797675	11.600886039978981	31.664029452748032	Normal	0	0	0	0	0	greater_than_24	3
61880	36.75909256891834	2019-07-20	2019-11-20	4.824735649613859	23.250692623194354	6.336257698373733	7.99869993710277	23.161512348338487	Normal	0	0	0	0	0	less_than_24	2
51630	23.308834028163613	2020-05-25	2020-11-06	7.1993766221350635	32.84739729353992	8.19216668692324	11.452046557105731	31.326585083604424	Obese	0	0	0	0	0	greater_than_24	3
51837	27.42209117664659	2019-04-14	2019-08-01	5.309788281404091	24.04331178929408	6.337579874347022	8.809772652063861	23.162433395409153	Underweight	0	0	0	0	1	less_than_24	2
50150	34.81914064421867	2019-10-20	2020-02-16	5.14701763390605	24.39935620295937	6.754583913841114	7.9593357463234025	21.611692804549325	Normal	0	0	0	0	0	greater_than_24	2
52269	32.694691114419086	2020-05-15	2020-11-04	7.143849418869434	33.71239092326648	8.278378860733547	11.65144504259162	32.67127295026265	Obese	0	0	0	0	0	greater_than_24	3
51496	24.962343780819282	2020-05-31	2020-09-30	6.987617494933031	32.082251143142926	9.122718223218355	11.225519335659232	32.633439503230136	Normal	0	0	0	0	0	greater_than_24	3
52802	28.278764279122033	2019-12-25	2020-03-24	6.7793637279071834	32.96142400498431	8.906980250666779	11.132265917684222	32.83630661700245	Obese	0	0	0	0	0	greater_than_24	3
33010	24.068819463588184	2019-01-27	2019-05-30	5.305281304086134	23.9467822135081	6.161222972148962	8.408773996590943	22.987787251736222	Normal	0	0	0	0	0	less_than_24	2
61588	23.01477157087738	2019-04-12	2019-09-08	4.893971961401106	23.08936370583408	6.154257199962718	7.541765915298465	21.707231682844075	Normal	0	0	0	0	0	less_than_24	2
62988	37.502175570588264	2020-07-24	2020-11-26	7.065521685680169	32.61553542234389	8.656437064402198	11.729757332870236	31.897653925444338	Obese	0	1	0	0	0	greater_than_24	3
61818	30.38638927844222	2019-11-26	2020-05-22	6.816377876060786	33.2392980070915	8.831225574753866	10.189689320630762	32.39947924232262	Obese	1	0	0	0	0	greater_than_24	3
51331	29.676040637978055	2019-05-18	2019-10-03	4.4965590315400386	24.837124340742815	6.548539829497258	8.33328340916861	21.486111793868258	Normal	0	0	0	0	0	greater_than_24	2
51909	24.84929253563435	2020-02-20	2020-09-04	7.262169776907002	31.33739371586139	7.859272070885905	10.818388973059196	31.417210115695305	Obese	0	1	0	0	0	less_than_24	3
61187	21.629484129849708	2019-10-23	2020-02-22	7.326873418587791	32.584943382529296	8.665008056100206	10.033404398613216	31.737927254683996	Normal	0	0	0	0	0	greater_than_24	3
42762	22.39751941951224	2020-01-31	2020-06-05	7.324793102996193	30.825370437905843	8.836511791974385	11.914292211179134	32.48280168699174	Underweight	0	0	0	0	0	less_than_24	3
62682	30.918911346706835	2020-03-24	2020-08-23	6.466561653247314	32.53151854166937	8.186950965291375	11.190171048943558	32.37483855658884	Normal	0	1	0	0	0	greater_than_24	3
52421	22.661170691424402	2019-08-10	2019-12-20	7.161802969569797	30.006250244083034	8.471615060940849	11.358731499402424	31.666733003510792	Obese	0	0	0	0	1	less_than_24	3
60438	30.072203720994167	2019-02-17	2019-07-22	4.371066262098861	23.10556146002437	6.266304503404663	8.602536662918432	20.764843771942633	Normal	0	0	0	0	1	less_than_24	2
63168	19.643124310559273	2020-05-15	2020-09-13	7.25000415354067	32.12568163318744	8.954469209970014	10.982818241444093	32.34482315641798	Obese	0	1	0	0	0	less_than_24	3
50810	37.18395378976025	2020-04-08	2020-10-06	6.594462300038692	32.32213718291669	7.881801182710137	9.035545814700905	28.421285403220207	Normal	0	0	0	0	0	less_than_24	3
51468	25.898099732276947	2020-03-30	2020-10-10	7.080174870388446	31.88656305577932	8.788773497935988	11.302832441661607	31.15963237672225	Obese	0	0	0	0	0	greater_than_24	3
52490	35.172421838171374	2019-12-08	2020-05-13	7.508777092223073	32.86063412620761	8.438338657505914	11.640012970455398	33.65101854786548	Obese	0	1	0	0	0	greater_than_24	3
62154	18.888091436779657	2019-11-11	2020-03-18	4.943312687549602	23.366480135776218	5.9411595751976725	7.837772660956468	20.383494414670686	Normal	0	0	0	0	1	less_than_24	2
62826	20.923451525997393	2019-11-07	2020-01-25	7.118200084269423	32.622662517079675	8.416553387587443	9.660026808190976	32.429275924493695	Normal	0	0	0	0	0	greater_than_24	3
33601	26.747419087978507	2020-05-12	2020-10-05	7.259698626619585	30.104456288996506	8.125394901258113	11.08995499560367	28.901276634579744	Underweight	0	0	0	0	0	less_than_24	3
52159	21.4288886596997	2020-05-19	2020-08-08	7.309624428195333	31.835000844873594	9.15336707502152	11.490702457325074	32.856286225875365	Obese	0	1	0	0	0	greater_than_24	3
52795	49.04414589608376	2020-03-20	2020-08-22	7.350667732212374	31.098577313727258	8.39713764381159	10.882651610913262	30.658328618151156	Obese	0	0	0	0	0	greater_than_24	3
31444	28.186647536362734	2020-03-14	2020-08-24	7.239646433697044	31.460292804772184	7.861921025716473	10.854191542432156	29.382979685171787	Obese	0	0	0	0	0	greater_than_24	3
52468	19.467981429215392	2020-03-30	2020-08-08	7.724397227730284	29.961954342271852	7.891812043121439	11.050988553149002	31.075790266497865	Normal	1	0	0	0	0	less_than_24	3
61681	19.73257441426887	2020-02-17	2020-08-05	6.187679089847602	30.735329079177202	7.834483786283675	10.629649646021445	30.367985689809153	Normal	0	0	0	0	1	greater_than_24	3
51275	29.685295776190408	2020-06-09	2020-08-30	7.231158601986258	30.602981426134413	8.498445392877846	10.373234044538538	30.765550048055506	Normal	0	1	0	0	0	less_than_24	3
31760	23.245651893992527	2020-03-22	2020-10-13	7.332438309969951	33.1757214908168	9.296495190623244	11.478772515966751	33.65683981155214	Obese	0	0	0	0	0	greater_than_24	3
60954	23.224906240621895	2019-06-21	2019-09-28	4.867462077349201	24.09838266692274	5.926785892633405	7.45482282893644	21.135737069006503	Normal	0	0	0	0	0	greater_than_24	2
32076	23.276057078805728	2020-06-26	2020-10-12	7.3335399663342	31.506790235977736	8.612487564740162	11.88187116947709	30.612150974273863	Underweight	0	0	0	0	0	greater_than_24	3
51085	32.38926856008023	2019-05-30	2019-10-12	6.864288105656397	30.66053423467963	8.569136646893368	10.598968469842472	32.106071148665116	Obese	0	0	0	0	0	greater_than_24	3
61348	22.313854091261913	2019-09-04	2020-03-20	7.28277823024226	32.56813285087513	8.208820872699631	11.073580089421213	33.421664964726574	Obese	0	0	0	0	0	less_than_24	3
41131	33.95337166743696	2020-06-07	2020-11-04	7.059787222931448	31.51287061652614	8.770074803063368	10.29223962652759	32.06015186542507	Normal	0	0	0	1	0	greater_than_24	3
51108	19.795814337961662	2019-07-03	2019-10-16	5.408034798173681	23.215674480645735	6.018992672472058	8.12104287227401	22.726451387949	Underweight	1	0	0	0	1	less_than_24	2
51699	25.974428208370725	2020-06-02	2020-08-30	7.385727348459226	32.09679802847166	8.4663960780727	10.789640064663772	31.730388073272085	Normal	1	1	0	0	0	greater_than_24	3
52233	36.73951699581908	2020-04-28	2020-10-15	7.393658119218049	32.329062013511205	9.015599938278594	11.59822808352835	32.65433187138706	Obese	0	1	0	0	0	less_than_24	3
52268	33.616221293700825	2020-07-17	2020-10-05	7.287948284232375	32.599895125382254	8.630909208538068	11.9638764927827	33.05263778651555	Obese	0	0	0	0	1	greater_than_24	3
52158	31.054381902275445	2019-09-28	2020-04-15	7.37026916435845	32.890412939062465	8.977080436455312	11.787728812448222	32.41531162143033	Obese	0	0	0	0	0	greater_than_24	3
52066	20.605429767440302	2020-06-09	2020-09-28	6.762668861817629	32.97007889088156	9.060227647520763	11.864355983849137	33.21533032943454	Obese	0	0	0	0	0	greater_than_24	2
32176	58.51775916325305	2019-10-08	2020-02-05	7.208317215970427	30.643841910466435	8.152795667491986	11.347857609250232	32.27834054795956	Normal	0	0	0	0	0	greater_than_24	3
32133	25.49407370989747	2020-05-26	2020-11-01	6.869778546888746	31.69467052142367	7.954946686542714	10.7031080594736	30.093979361090298	Obese	0	1	0	0	0	less_than_24	3
50922	24.334462854354612	2020-05-27	2020-08-16	6.972519067450944	33.47216060643838	8.72413795424933	10.919891498895096	31.414406983221017	Obese	0	1	0	0	0	greater_than_24	3
51478	28.12107532529217	2020-04-04	2020-07-21	7.313371752402468	32.88813700104749	8.095576413097831	10.08357858642242	31.155679749895317	Normal	0	0	0	0	0	greater_than_24	3
51914	28.736594934190393	2020-02-22	2020-09-14	6.33181311485988	33.34258293227597	8.876414630470443	11.692836591002468	31.564459754445753	Normal	0	0	0	0	0	greater_than_24	2
52209	23.41762361914208	2020-05-20	2020-10-21	7.406106618844837	30.8657812621226	7.7992960934850135	10.769265641048806	30.859646689730745	Obese	0	0	0	0	1	greater_than_24	3
52590	26.917967371890825	2020-05-02	2020-11-03	7.059678235231341	33.51037020135084	9.411907306456259	11.479383220135933	33.261134365113165	Normal	1	0	0	0	0	greater_than_24	3
41268	19.760597547861614	2020-05-09	2020-08-20	7.081369961118893	32.35926642611638	9.163886307240363	11.841122600482045	32.58507534532323	Obese	0	0	0	0	0	greater_than_24	3
52609	33.36196173804844	2020-05-21	2020-11-08	6.973143345108822	31.912115063893662	8.200721561944096	10.97432184764761	29.326269220760587	Obese	0	0	0	0	0	greater_than_24	3
33801	20.407874025249132	2019-11-03	2020-04-01	7.288558638225523	31.948558386918137	8.338598099943132	11.486520544203021	32.37505208704633	Normal	0	0	0	0	0	less_than_24	3
52503	26.098414205471514	2020-02-02	2020-07-13	7.073169094136852	32.57820336626679	8.438011652462277	10.806985645541694	33.43547195907471	Obese	0	0	0	0	0	greater_than_24	3
61487	35.243263093989	2019-08-25	2020-02-04	4.880749050976267	23.18924659742149	6.270598506664509	8.248687739902538	20.421211574836168	Underweight	0	0	0	0	1	greater_than_24	2
62542	22.117436383160577	2019-07-15	2019-11-27	4.737708124339633	24.395078932671606	5.883150918380978	7.824091245304913	23.273403817108644	Underweight	0	0	0	0	0	less_than_24	2
50953	18.56647517520113	2019-03-10	2019-07-17	4.806081092599769	22.955324361570696	6.300104597317299	8.780824978315211	19.16401527812312	Normal	0	0	0	0	1	greater_than_24	2
52547	20.442958452763612	2020-06-01	2020-09-10	7.3608636287657045	32.99610412904318	8.249205074257695	11.490987113014782	33.342000298196204	Obese	0	0	0	0	0	greater_than_24	3
50783	19.736843913458532	2019-06-28	2019-11-21	7.927412256631888	31.133054556316708	7.903441929020567	10.603240188624225	32.54192135391849	Obese	1	0	0	0	1	greater_than_24	3
62484	27.544475436607637	2020-07-09	2020-10-03	7.460435214725478	33.176298761236254	8.160793206046016	11.456207238765817	33.42903463968865	Obese	0	0	0	1	0	greater_than_24	3
32271	42.86219332501886	2020-06-13	2020-09-10	7.308523972639952	31.84108424347077	8.409045175502484	11.126618102669566	30.8982389199779	Obese	0	0	0	0	0	greater_than_24	3
52176	23.691832434022782	2020-05-27	2020-08-27	6.497977958207541	30.73810843123819	8.737945411686216	10.841794605222587	31.518235258778013	Obese	0	0	0	0	0	greater_than_24	3
51554	24.884820455988503	2020-05-16	2020-10-26	7.358982818990304	31.76157923596159	8.596066652463469	11.317641450593149	32.84987919052005	Obese	0	1	0	1	1	greater_than_24	3
33754	43.43046978626312	2019-01-08	2019-05-19	4.7923213614543565	21.894046601083918	6.240570295871917	7.744055731527934	21.871984853685507	Normal	0	0	0	0	0	greater_than_24	2
60952	24.696893220045496	2019-02-17	2019-06-05	5.286758863152963	24.63656446393094	6.16585451939827	8.17047919493439	22.985474954479344	Normal	0	0	0	0	0	less_than_24	2
51440	26.445114605534172	2018-11-24	2019-03-23	6.915138272744252	32.165092631005194	9.250599759510015	11.463311474284312	30.445437385051072	Obese	0	0	0	0	1	less_than_24	3
50965	33.79625730964791	2019-05-31	2019-12-26	4.888812954237034	22.306359792457002	6.0423432312812455	8.069814215484522	20.27183368254517	Normal	0	0	0	0	0	less_than_24	2
60326	22.989069955279795	2020-04-24	2020-07-16	7.0563140548251315	32.63595872299773	8.664623029145819	10.748279368221096	31.555616688610957	Obese	0	1	0	0	0	greater_than_24	3
61754	35.70580155075079	2019-06-07	2019-12-15	6.8721795785154836	30.345138709530502	8.553938845101134	11.619787083700842	29.65732191347184	Normal	0	1	0	0	0	less_than_24	3
51341	36.39112643100035	2019-04-10	2019-08-20	4.728236421148034	24.259629421183362	6.213325192154801	8.681946237122078	20.04950432265057	Normal	0	0	0	0	0	less_than_24	2
62145	32.782593865164294	2020-02-26	2020-08-31	7.568831259148675	33.119582710754806	8.334433364709882	11.65185464714723	31.97159505036872	Obese	0	0	0	0	0	less_than_24	3
52333	27.95977064145227	2020-05-10	2020-08-30	7.3418895334810514	32.197322867692655	8.647522119147796	11.236590216109777	32.3525031024913	Obese	0	0	0	0	0	greater_than_24	3
51823	26.014881879313368	2020-05-05	2020-09-04	7.510882510438148	32.279135365544875	8.830876340418584	11.802691856492457	28.827206942728566	Obese	0	0	0	0	0	greater_than_24	3
62507	23.2847534345065	2020-02-27	2020-07-10	7.193425470567058	31.268033989042973	8.680897286258999	11.700484369069521	31.73019804720271	Obese	0	0	0	0	0	less_than_24	3
30053	28.696300252246502	2020-01-20	2020-07-17	6.824668803707921	30.33585370992349	8.323985152400644	10.759307507512817	27.489392390310034	Obese	0	0	0	0	0	greater_than_24	3
51548	30.732161895986316	2020-01-27	2020-06-16	7.033748454579298	32.13370898443479	8.341635812731987	11.464052520795624	31.01490036708966	Obese	0	0	0	0	0	less_than_24	3
34103	32.78424982384994	2020-03-30	2020-10-23	7.448055618655158	30.889389055329474	8.84708951490669	11.57886670242715	30.72656235996281	Obese	1	0	0	0	0	greater_than_24	3
62056	25.641803746714952	2020-02-24	2020-07-23	7.477219549267428	31.829811776437673	8.243213813667337	11.118256822874386	29.241691152099317	Normal	0	1	0	0	0	greater_than_24	3
40656	44.172733359306065	2019-03-22	2019-07-17	4.554533610582786	22.14016753796337	6.149430582477692	7.878322319622391	20.45180529423421	Normal	0	0	0	0	1	greater_than_24	2
32123	28.40956004738837	2019-05-06	2019-08-22	5.094194276859437	22.874144026379643	5.914480710898226	7.453270638430127	22.305366999534808	Normal	0	0	0	0	0	less_than_24	2
52310	30.771680669809513	2020-04-23	2020-08-02	7.542494204155598	33.232405495107656	8.574237661149548	11.472959932393657	33.28518633489751	Normal	0	0	0	0	0	less_than_24	3
52432	30.430535354383032	2020-03-28	2020-09-25	6.812666904912591	32.84175782248014	9.181905043161867	11.713383766376792	33.64111230492125	Obese	0	0	0	0	0	greater_than_24	3
31331	52.473036394054525	2019-03-15	2019-06-02	4.769615102972663	23.92969279699993	6.711100267158313	7.792425318708673	23.467877511383076	Normal	0	0	0	0	0	less_than_24	2
61918	24.642512862045056	2020-01-13	2020-05-04	7.30085223350835	33.63292800381925	8.925925442117574	11.758299523447688	32.920914029920326	Obese	0	0	0	0	0	greater_than_24	3
61639	44.69561675491396	2020-04-20	2020-10-29	6.868258279975937	32.94659474003784	8.222391507496235	11.498063610655544	30.722477976571582	Underweight	0	1	0	0	0	greater_than_24	3
51746	18.969280792497166	2019-05-12	2019-11-24	4.972497261119352	22.55925711476693	6.022120719077512	8.476645381607412	20.099599207882793	Normal	1	0	0	0	0	less_than_24	2
61390	51.099929322870224	2020-05-25	2020-09-05	6.702514382678608	30.793529063084115	8.713637324298537	10.331767424971458	30.562115656624353	Normal	0	0	0	0	0	greater_than_24	2
60938	20.836542515851548	2020-03-07	2020-08-25	7.203613075821063	31.383633103897022	8.51549006803446	10.946594942133139	32.7326984421659	Obese	0	0	0	0	1	greater_than_24	3
62877	16.49462926775624	2020-05-23	2020-09-17	6.964788603047563	32.96671360188111	8.18337003131161	11.287962991552043	32.52081908147022	Obese	0	0	0	0	1	greater_than_24	3
51477	15.34437878564401	2019-07-14	2019-10-27	4.714724765900011	24.44334658592163	6.314173100533797	8.233632285087502	20.945894022131778	Normal	1	0	0	0	0	less_than_24	2
51759	31.07237133674485	2019-04-10	2019-10-25	7.68008608712387	31.562744201707712	8.908941046947307	10.720825675317863	30.98409267498495	Normal	0	0	0	0	1	less_than_24	3
33893	40.12524614213825	2020-03-19	2020-09-06	7.0704012868776855	29.93222809677235	8.7581480477067	10.963850085157336	28.69801915414129	Normal	0	0	0	0	1	greater_than_24	3
52232	37.638551485373576	2020-06-05	2020-09-25	7.119831497479233	33.759568183676095	8.43710026913311	11.072268021337111	30.055944232979197	Normal	0	0	0	0	0	greater_than_24	3
41829	26.142414974555983	2020-06-14	2020-09-24	7.359882796646118	32.260904265771025	8.73785656503285	10.924806665276355	32.18656133544083	Obese	0	1	0	0	0	greater_than_24	3
51758	61.94891035620997	2020-04-18	2020-08-09	7.243489479525365	32.85570954859124	8.393794488797534	11.726600642781715	29.474818532059565	Obese	0	0	0	0	0	greater_than_24	2
34210	32.48669797265557	2020-04-03	2020-08-21	7.503149358510159	33.14215156971672	8.471336692388608	10.021784669795077	28.716369212870767	Underweight	0	0	0	0	0	less_than_24	3
52226	29.797604958335157	2020-04-02	2020-06-20	7.276666456192828	28.44499479322285	8.001721346958178	10.929406369480434	29.672694197787614	Obese	1	1	0	0	1	greater_than_24	3
62501	33.617501964299066	2019-06-03	2019-10-21	7.081704300616545	33.11088809636101	8.454694691771577	9.985682794595597	33.68601931639305	Obese	0	0	0	0	0	greater_than_24	3
32050	24.901521651794233	2019-04-18	2019-08-29	5.339495710361064	23.23788181455629	6.1542785978124845	7.66985255438381	22.873911447822174	Normal	0	0	0	0	0	less_than_24	2
52603	22.387067128256557	2019-10-27	2020-03-08	6.197040574701689	31.963402467740387	8.814262210150556	10.822907475482317	30.84263113036649	Obese	0	0	0	0	0	greater_than_24	3
51046	25.697956995328504	2019-08-24	2020-02-21	4.788813639533991	22.414308935354995	6.23398117626359	8.696956152184665	20.998524019570784	Normal	0	0	0	0	0	less_than_24	2
51760	40.119985846578814	2020-01-25	2020-07-14	7.038278534624189	32.14724751223234	8.78133177981462	10.866812362411817	30.637938968600444	Normal	0	1	0	0	0	less_than_24	2
52585	34.355413104365034	2020-05-11	2020-09-21	7.460760919835556	33.50745729042435	9.18599882899873	11.549990330350518	33.72183158478136	Obese	0	0	0	0	0	greater_than_24	3
51447	26.799619355929323	2019-08-21	2020-02-29	6.874075798671355	32.73288374339197	8.346650462523346	11.549059698869325	31.466030994856975	Obese	0	0	0	0	0	greater_than_24	3
52550	27.135747538737412	2020-08-10	2020-11-10	7.370405027304648	32.44096412836807	9.189340415093708	11.44194205061772	32.7076858519273	Obese	1	1	0	0	0	greater_than_24	3
51013	26.791449489190406	2019-04-25	2019-10-04	4.75221427798767	22.752388489549286	6.693409043373179	8.317507818786959	20.711836832216267	Normal	0	0	0	0	0	less_than_24	2
31734	46.282492188060544	2019-05-22	2019-11-27	4.56121005580314	21.91843711880137	5.998585542408804	7.936109333553884	21.397944192783495	Normal	0	1	0	0	0	less_than_24	2
32229	32.31071225339173	2019-10-05	2020-01-12	5.042163021784592	23.368514907183933	5.937550240102803	7.893134234844206	23.07164309031703	Underweight	0	0	0	0	0	less_than_24	2
51206	23.22273252792052	2019-09-15	2020-04-06	6.603782863305557	32.398986801369965	8.33925715172542	11.536886023752023	32.21763168995853	Normal	0	0	0	0	0	less_than_24	3
61244	27.23813878385254	2019-09-06	2020-01-09	7.027887163541575	32.75021604387969	8.593375133328834	11.289520892879397	28.21664667327506	Obese	0	0	0	0	1	less_than_24	3
52878	27.826771827049285	2020-06-10	2020-11-25	6.69494406364956	31.66066523306998	8.174121614315201	10.79533722356509	30.10087696094009	Underweight	0	0	0	0	0	greater_than_24	3
40838	26.86006298817106	2019-07-07	2019-10-29	4.644007864057578	24.505005028499784	6.144214959016946	7.379989393430509	21.565036775298182	Normal	0	0	0	0	0	greater_than_24	2
51628	32.46020732478639	2019-10-12	2020-04-06	7.163438928698892	31.988255276264923	8.877311814632181	10.407586102605581	30.50393582068692	Obese	0	0	0	0	0	less_than_24	3
51624	29.85782509216932	2020-05-29	2020-09-14	6.59528365357192	30.51560943551485	8.49933944782247	11.4432774068427	27.094710426990257	Normal	0	0	0	0	0	greater_than_24	3
51526	24.047000740667464	2020-04-12	2020-09-12	6.307203679969178	30.959136608166986	8.4870391572746	11.60862709094045	29.98731933780873	Normal	0	0	0	0	0	greater_than_24	3
41079	18.58730556661368	2019-05-02	2019-10-07	4.612355822767294	23.69343482124392	6.0104272826437475	8.089215289048424	21.82729938363641	Underweight	0	0	0	0	0	less_than_24	2
51728	27.751588722615523	2019-06-19	2020-01-12	6.922997652556809	30.83787187840568	8.618553450769433	11.089297943923505	28.036434117553835	Obese	0	0	0	0	0	less_than_24	3
61639	43.19574531526386	2020-05-03	2020-10-05	7.207200635267391	31.14340199140151	8.372163043461853	11.70275930309737	31.825871098525553	Normal	0	1	0	0	0	less_than_24	3
62855	25.700562801400473	2020-03-29	2020-09-08	8.102363392030083	33.213481341588775	8.396817936885906	11.339124287079272	30.986516589176826	Obese	0	0	0	0	0	greater_than_24	3
52436	28.588221775374173	2020-04-19	2020-11-06	7.352256802614246	32.51311074885839	9.172488531886405	11.149919493063278	33.6198453443342	Obese	0	0	0	0	0	greater_than_24	3
52572	30.45517709050617	2020-02-12	2020-05-14	6.947222370388476	30.166251496065	8.339002102932737	11.1100401560144	31.756931886011703	Normal	0	0	0	0	0	less_than_24	3
32062	46.97783081975985	2019-09-09	2020-01-14	7.525647827822138	31.735913749213463	8.499193996445669	11.200707739818206	30.37319615527022	Normal	0	0	0	0	0	greater_than_24	3
50531	28.59640257784589	2019-03-06	2019-07-24	5.322539734177279	22.01574257340852	6.1530701077641305	8.24001995780301	23.10960001693274	Normal	0	0	0	0	0	less_than_24	2
50797	35.70218225522285	2020-02-24	2020-09-01	5.163803484438371	22.286960520912064	5.895257248228051	8.012981405963048	22.768535855465586	Normal	0	0	0	0	0	less_than_24	2
51855	34.252195745247604	2020-03-01	2020-06-15	7.108855418250006	32.938032480801056	9.237682408039081	11.883793472892638	33.366725052202845	Obese	0	0	0	0	0	greater_than_24	3
60821	21.474015442955864	2019-06-25	2019-11-01	4.79052415364177	23.226381125725748	6.100141124004808	8.53496231325753	19.996531234834674	Normal	0	0	0	0	0	greater_than_24	2
52660	69.82260528965678	2020-06-06	2020-10-01	7.443081982687009	32.46791343818975	8.874541385594554	11.646857163370138	32.28405357534236	Obese	0	0	0	0	0	greater_than_24	3
51860	43.665069595275924	2019-12-27	2020-07-21	7.072969588320654	33.34711373683814	8.704488388646046	11.908280796676916	33.85260980663904	Normal	0	0	0	0	0	greater_than_24	3
50863	26.427551475841366	2019-06-29	2019-12-27	5.446049665591835	23.700136875758503	6.395804675002667	8.211763880813628	21.805787142493767	Normal	0	0	0	0	1	less_than_24	2
60707	35.96170314432319	2019-03-09	2019-06-11	5.092230501133423	22.76650886924315	5.975717764359166	7.8459747099693615	20.18138472820012	Normal	0	0	0	0	0	greater_than_24	2
51195	23.419319217631955	2020-04-01	2020-08-24	4.637087352028511	24.553076478063762	6.253738230085813	7.876142781586062	21.2401989205445	Normal	0	1	0	0	0	less_than_24	2
51751	28.663597215710077	2019-06-13	2019-12-28	6.77868832399675	32.67038116056518	8.22107414432044	10.795727458692191	30.422159673480877	Underweight	0	0	0	0	0	greater_than_24	2
51978	23.192308509062826	2020-02-26	2020-07-02	6.826088042333324	30.704086718444486	9.140191539406699	10.843676292490159	29.25122903156299	Normal	0	0	0	0	0	greater_than_24	3
51126	28.33604323295464	2020-04-26	2020-10-30	6.971915060590383	31.719670665601843	8.277321162479193	11.053133663849795	33.33120684531438	Obese	0	0	0	0	0	less_than_24	3
62628	44.32196034379408	2019-04-01	2019-08-10	4.436468919810988	25.21390466044634	6.170090947000498	7.942945611853022	21.193623243259417	Normal	0	0	0	0	0	less_than_24	2
61912	33.06656310225552	2020-02-02	2020-06-27	6.780514432639614	31.52702318692024	8.118104821809812	10.494621790756598	30.931102733282067	Normal	0	0	0	0	1	greater_than_24	3
51326	39.85030268002773	2019-04-24	2019-08-13	4.882928700679324	22.806026775962014	5.994897801054409	7.574864266437888	20.309908263255526	Normal	1	0	0	0	0	less_than_24	2
51658	30.299040037880182	2020-04-05	2020-08-07	6.8345987496876965	30.957195152266248	8.783993424586786	11.747679426315687	32.2655286280411	Obese	0	0	0	0	0	greater_than_24	3
51896	40.32301955870612	2019-06-18	2019-12-01	6.692682005993186	31.236504570716928	8.530506368806247	11.172725315023355	28.666241150377118	Obese	0	0	0	0	1	greater_than_24	3
51275	26.373842237526148	2020-02-10	2020-05-21	6.792051025146299	33.123039089954524	9.128688224732008	11.793032397403826	30.446215306090703	Obese	0	0	0	0	1	less_than_24	3
28589	32.13525254331864	2019-04-20	2019-08-06	5.029217734514453	24.088305040982664	5.892115325368427	7.97034210755859	21.896196271061797	Normal	1	0	0	0	0	less_than_24	2
51349	23.364175207012426	2019-09-18	2020-04-11	5.111335901195431	23.611958534268613	6.435944119492189	7.640950778968336	20.831735557926105	Normal	0	0	0	0	1	less_than_24	2
51828	21.90559811816159	2019-02-08	2019-06-22	7.334963782563298	31.961815961811922	8.398408809193576	10.237525496818929	30.201315230439537	Obese	0	0	0	0	0	greater_than_24	2
51287	25.870159534170188	2019-11-30	2020-06-17	6.710455426428773	32.34657020829399	8.911060838527414	10.940174917561585	33.69802945825062	Normal	0	0	0	0	0	less_than_24	3
30875	28.91068146117695	2019-04-06	2019-07-20	5.152306908096793	25.92198425776506	6.313179266529157	7.8627767482312185	21.283736459982638	Normal	0	0	0	0	0	less_than_24	2
50026	26.558354101891556	2020-04-14	2020-10-20	7.095766487226998	31.619509638441777	7.940380559776285	10.999612050964481	32.59962513964757	Obese	1	0	0	0	0	greater_than_24	3
60400	25.357595814142254	2019-07-26	2019-11-03	4.937348710762911	23.8535209811892	6.174927207699116	8.087586277894397	21.962304974802677	Normal	1	0	0	0	0	greater_than_24	2
51731	26.547471147601133	2018-12-18	2019-03-21	4.832059627074466	23.374839520282634	6.510811067520075	8.06764130064517	19.48103781909823	Normal	0	0	0	0	0	less_than_24	2
62551	18.42937440487404	2020-03-19	2020-09-27	7.031401530828335	31.994516904360424	8.834068861572913	11.26568506677893	30.703525360870746	Obese	1	0	0	0	0	greater_than_24	3
52208	26.504093004909162	2019-05-17	2019-11-19	4.918734864530355	23.884430032213864	6.640848085297261	7.772766320136466	20.22082685023471	Underweight	0	0	0	0	1	greater_than_24	2
50638	20.023448259231536	2019-06-07	2019-09-01	5.119606476149477	25.30515708417366	6.436463738969923	8.257137652570371	20.22584142128567	Normal	0	1	0	0	0	less_than_24	2
51392	73.67011388847905	2019-03-18	2019-08-02	6.901865503601703	31.16426524125573	8.616250422997481	11.291911520988943	32.73189635394984	Obese	0	0	0	0	0	greater_than_24	3
62647	43.06579968218603	2020-11-15	2021-04-26	7.1806999843614046	31.04694262849582	8.64491154577655	10.95926510733713	31.696969645350677	Normal	0	0	0	0	0	greater_than_24	3
52180	33.811271647804475	2020-05-27	2020-11-04	7.197252448429099	31.755957928068053	8.802567029012524	11.165379742846428	31.770857773221262	Obese	0	0	0	0	0	greater_than_24	3
50876	28.82946420988737	2019-07-14	2019-11-04	5.279675053937706	21.902976288295374	5.873219731960354	7.94979640212515	22.21979265708147	Normal	0	0	0	0	0	less_than_24	2
51732	28.182288565227612	2019-03-09	2019-06-10	5.077188217291121	23.462403234893817	5.894717354322022	7.74434242736641	19.766326548788705	Normal	0	0	0	0	0	less_than_24	2
52840	33.66602389933894	2020-07-08	2020-12-03	6.930946349676589	33.45547705232704	9.119034083915402	11.123926533304598	31.98147745865913	Obese	0	0	0	0	0	greater_than_24	3
62922	26.84598854467786	2020-06-19	2020-11-27	7.483229197381713	33.11679183874589	8.479028468005607	11.339150227131597	33.245272262790095	Obese	0	0	0	0	0	greater_than_24	3
62700	23.794577047427616	2019-02-16	2019-08-12	6.620200205281794	31.217576027308922	8.84658485181293	11.720384241685986	30.30700544400203	Obese	0	0	0	0	0	greater_than_24	3
51899	32.54183482934593	2019-06-22	2019-10-26	7.027007942724763	32.06891487948664	8.850428157074859	10.797238242011959	30.761817002604552	Obese	0	1	0	0	0	greater_than_24	3
52227	27.738828927644	2020-06-20	2020-11-20	7.3438653215197665	33.72582003307769	9.240549510697155	11.848253632160203	33.03244731105822	Obese	0	1	0	0	0	less_than_24	3
52484	26.982812248356588	2020-05-04	2020-11-24	6.994043566408296	31.031189182142075	8.893371904926274	11.750265983414373	31.336877658246358	Obese	0	0	0	0	0	greater_than_24	3
52074	29.757752647224283	2020-04-25	2020-10-23	7.359509459450946	30.5593943542323	9.142434600094704	11.81694724221154	31.225375782769973	Obese	0	1	0	0	0	greater_than_24	3
31994	27.104793542733795	2020-05-15	2020-08-27	5.950786170011407	29.402454344644067	8.041118421023096	10.320928221169146	26.028566029656545	Underweight	0	0	0	0	0	less_than_24	3
60257	26.569069211585926	2020-03-09	2020-06-02	6.499110378151358	31.200730431415394	8.167258100717516	11.149801692693643	30.9729046183785	Normal	0	1	0	0	1	less_than_24	2
50809	22.131787766762006	2020-05-05	2020-08-05	7.112942742910886	30.818054523064227	8.175418211348605	10.411215826983753	31.820245699611785	Obese	0	0	0	0	1	greater_than_24	3
61510	32.505050967459646	2019-07-02	2019-12-19	7.160050303255015	30.442090206443506	8.049441871665902	11.165730511425272	31.529039647559834	Normal	0	0	0	0	0	greater_than_24	3
50157	24.237198092052186	2019-04-22	2019-07-27	5.36747031815239	23.296563279009614	5.893828729038214	8.010603804806996	21.09476948537907	Normal	0	0	0	0	0	less_than_24	2
33413	21.36098145306036	2020-05-28	2020-09-24	7.410056936932025	32.05561219848213	8.416151444622484	10.578209579123591	29.697987478193905	Obese	0	0	0	0	0	less_than_24	3
63144	18.00451275042954	2019-05-02	2019-11-24	5.243399950316475	25.4204946203385	6.180699458877711	8.060811814286877	22.525561824212183	Underweight	0	0	0	0	0	greater_than_24	2
51779	53.4694492062613	2020-05-26	2020-10-14	7.2568907923981545	33.01028456837751	8.514677923244008	11.58721588923579	31.21555317141989	Normal	0	0	0	0	0	greater_than_24	3
51563	24.060698052192315	2019-04-24	2019-07-15	5.112908002850254	24.545747649302672	6.5714893665761	7.975730605622197	21.720017906595107	Normal	0	0	0	0	0	greater_than_24	2
50496	53.36652168804559	2019-05-22	2019-11-10	4.723509197814397	22.606146453335583	6.458619230231066	7.951802640204965	22.446373260634147	Normal	0	0	0	0	0	less_than_24	2
52783	39.033585452179864	2019-07-07	2019-10-03	7.230720707019092	33.800816898827286	8.55210290448825	11.93172769321397	29.543177300650903	Normal	0	0	0	0	0	greater_than_24	3
33279	29.75007894405722	2020-04-23	2020-09-07	7.476794863197809	32.0846265121465	8.17439019915859	11.090167963005205	29.41618205896648	Obese	0	0	0	0	0	greater_than_24	3
52075	22.80246862607627	2019-12-07	2020-04-11	7.100931280530644	31.829504703693633	9.51031759606646	11.93033200288902	33.67903436078444	Obese	0	0	0	0	0	greater_than_24	3
62743	36.1105332231203	2020-03-21	2020-09-01	7.382310361053516	30.678859191728233	8.5579669302481	10.90420889663372	31.172859417861336	Normal	0	0	0	0	0	less_than_24	3
51525	21.57111182073587	2020-06-02	2020-10-26	7.3372072937981825	33.047412933599375	8.90750550361989	11.883890812296906	33.63945817994593	Obese	0	0	0	0	0	greater_than_24	3
52361	28.033214520156	2019-07-19	2020-01-15	4.557112187359115	24.230199741290228	5.992968402005687	8.300410225633346	20.92337270326583	Normal	0	0	0	0	0	less_than_24	2
50941	25.03251536829076	2019-04-23	2019-09-09	5.293532987715449	21.820102006406266	6.303689320157871	7.826860205686032	21.64962306422962	Normal	0	1	0	0	0	less_than_24	2
52791	43.90098702879374	2019-09-15	2020-03-29	6.807998417350329	32.21842429646852	8.630572684210142	11.207730281294024	32.682390834844156	Normal	0	0	0	0	1	greater_than_24	3
60229	32.711496475227015	2020-06-19	2020-09-07	7.281584626227554	31.804370613023647	8.513412270278408	10.532932245118717	32.68789663206123	Obese	0	0	0	0	0	greater_than_24	3
51564	24.135586790032526	2019-07-26	2019-10-15	6.785977305301705	31.537951973653055	8.62356408250624	11.30897732329774	33.32515172161256	Obese	0	1	0	0	0	greater_than_24	3
52803	26.455673922260743	2020-04-11	2020-09-27	7.0628667830452745	30.801814368288632	8.236902704466655	11.150398249689072	31.93813722516658	Obese	0	0	0	0	0	less_than_24	3
29211	46.90054405758016	2019-07-17	2020-01-25	5.0194284179967426	24.141409890829177	5.893784861870505	8.202549769335613	22.280289703396242	Normal	0	0	0	0	0	less_than_24	2
51614	30.651378320513306	2019-02-21	2019-06-22	5.327235834910491	23.70117202106374	6.378334080351036	7.589886942755793	22.75665955589618	Normal	1	0	0	0	0	less_than_24	2
52834	23.836593300392384	2019-05-02	2019-10-11	5.234284056804899	24.436605420374796	6.301736726974498	7.971822370989476	22.78661094240486	Normal	0	0	0	0	0	greater_than_24	2
51334	23.831118388655366	2020-04-26	2020-10-29	7.272725973302082	31.61631522587538	8.250259775962311	11.337021259404786	32.43132093779171	Obese	0	1	0	0	0	greater_than_24	3
50188	33.53743237441233	2019-03-19	2019-09-11	4.7038796562383975	23.23886422980911	5.854040829760827	7.742624783493631	20.522494436448767	Normal	0	0	1	0	0	less_than_24	2
52416	35.80393036147812	2019-02-28	2019-07-02	5.007550523890325	23.576028416234447	6.01746695462042	8.281882169584064	19.753653733678902	Normal	0	1	0	0	0	less_than_24	2
29810	26.324835589329133	2019-07-06	2019-11-26	4.762512715787524	24.507600075421866	6.1772300134074545	7.452647298567071	20.82202023346478	Normal	0	1	0	0	0	less_than_24	2
52597	26.09050477226962	2020-02-11	2020-06-17	7.150889818443386	32.4456485790495	8.771143836317346	11.127751567381688	32.17884633840601	Obese	0	1	0	0	0	greater_than_24	3
52103	25.656919670135537	2019-10-26	2020-03-07	5.120578653480432	24.108411977767478	6.127568093688052	8.20116263142907	22.399936278197924	Normal	0	0	0	0	0	less_than_24	3
52399	21.42601700216595	2020-01-22	2020-04-14	7.3507500162105135	30.586664811880013	8.59641691330594	11.967046572642603	30.059920017575042	Normal	0	0	0	0	0	greater_than_24	3
52236	27.217026729040843	2020-03-31	2020-08-11	7.4299542826919796	32.46498077276221	8.586730633231305	10.805405698635537	31.953336443705673	Normal	0	1	0	0	0	greater_than_24	3
51601	29.503977213204642	2018-10-21	2019-03-07	4.983233246883201	23.95830886827268	6.193620482704392	7.858747271126488	23.34647994571587	Normal	0	0	0	0	0	greater_than_24	2
62622	27.972995793652164	2020-05-22	2020-09-13	7.081089114797239	31.550810178384022	8.18118513479742	11.427387583800293	32.954910097687325	Obese	0	0	0	0	1	greater_than_24	3
61354	21.93990584662091	2019-08-07	2020-03-01	5.2252248479262455	22.983832911801727	5.859302557866945	7.422869067480588	20.169951885497053	Normal	1	0	0	0	1	less_than_24	2
51423	19.3074608629231	2020-04-18	2020-10-17	7.206023385125839	31.930458544829015	8.125668422026688	11.402700401758082	29.844963310178162	Obese	0	0	0	1	0	less_than_24	3
41325	20.105318668756965	2020-06-22	2020-11-06	5.120865257681401	22.61863853699268	6.374851871803967	8.22333334034958	21.679379177999863	Normal	0	0	0	0	0	greater_than_24	2
51622	20.247720486120105	2020-04-07	2020-08-20	5.011111395128294	26.29316754935437	8.20619060230788	10.578939590916148	22.897519156991255	Normal	0	1	0	0	0	greater_than_24	3
30158	22.44343828295196	2019-08-23	2020-01-03	5.068369906143599	24.465761796964085	5.95375361214781	8.18420127785909	19.515649580104466	Normal	0	0	0	0	0	less_than_24	2
52134	27.939387338095372	2020-02-20	2020-07-04	7.310376248909396	31.969435053370983	8.89683286989756	11.153284080510254	33.47032523315626	Obese	0	0	0	0	0	greater_than_24	3
51485	21.91887346514317	2019-06-10	2019-09-27	5.142282314476108	23.16164298867658	6.342825089237709	8.221110435138154	21.717279410308596	Normal	0	0	0	0	0	less_than_24	2
32553	35.10443371003819	2019-09-09	2020-03-30	7.492334988208477	33.68417139902754	8.717213168521472	11.341689655521357	32.667047767159055	Obese	0	0	0	0	0	greater_than_24	3
32381	25.11081387363127	2020-03-14	2020-08-31	6.897431173768685	31.299117367197475	7.754355481842598	8.839759260739243	31.976538077163923	Obese	0	0	0	0	0	greater_than_24	3
53000	21.502872718694235	2020-01-05	2020-04-15	7.100834329509904	31.479037795941306	8.29831294716725	11.521299733566115	32.6112567311209	Obese	0	0	0	0	1	greater_than_24	3
31584	28.3086393857174	2020-05-09	2020-08-14	7.26171672887555	32.66854629665967	8.441421107528575	10.76777006433562	29.700891213566706	Obese	0	1	0	0	0	less_than_24	3
51518	38.38515080605282	2019-11-27	2020-02-24	6.549786270704586	33.11974447816893	8.624410071437294	10.537474381244731	30.389807303028146	Normal	1	0	0	0	0	greater_than_24	3
52049	15.423363792958169	2019-06-17	2019-10-07	5.19022371349175	24.34155319024966	5.91097411069325	8.303320002775624	20.821212876462862	Normal	0	0	0	0	1	less_than_24	2
29982	40.40822588919127	2019-06-18	2020-01-13	5.008715333302945	25.417245411470027	6.337400056775938	8.122548362913756	21.030359616730816	Normal	0	0	0	0	1	greater_than_24	2
52103	19.54948007196903	2020-06-13	2020-09-23	7.023845869887298	32.70361591363084	8.396198055195638	11.676209707299112	33.14990336346728	Obese	0	0	0	0	0	greater_than_24	3
52008	55.1560847735289	2019-12-20	2020-07-14	7.294085446812158	32.20243039393815	8.349418635138031	11.582933597528417	33.592552983260695	Obese	0	0	0	0	0	greater_than_24	3
50583	30.51334642374821	2020-02-22	2020-08-26	5.280416785514146	22.590360163168317	6.357226251809334	8.379410769964585	22.979253788815722	Obese	0	0	0	0	0	less_than_24	3
32277	54.349730427154995	2020-05-03	2020-10-15	6.975058806797268	33.07904208471889	8.500398420862238	10.301698237734174	32.64557134202605	Normal	0	0	0	0	0	greater_than_24	3
41909	31.882694756881108	2019-04-16	2019-09-22	4.778889680569765	22.941704144133713	6.0699463944520335	8.237907664199662	19.10237294045174	Normal	0	0	0	0	0	greater_than_24	2
50108	34.17058090666101	2019-05-15	2019-09-29	4.671921027620222	23.139260902283894	6.102653149631552	7.676395091787817	22.538683469507447	Normal	0	0	0	0	0	greater_than_24	2
33158	71.93797141619154	2019-03-29	2019-08-05	7.131117957210129	30.212783278152926	8.025266838311545	11.088150267829581	30.5557604616411	Normal	0	0	0	0	0	less_than_24	3
33386	22.483284064458303	2020-03-31	2020-08-18	7.550288427310091	31.113569580744162	8.868054328289261	11.968810410589986	31.539122967961585	Obese	0	0	0	0	0	greater_than_24	3
41205	23.507496554814338	2019-04-21	2019-07-09	5.050264834388472	23.789243686464854	6.235793312574493	7.853002343819313	23.576631214648216	Normal	0	0	0	0	0	less_than_24	2
31453	28.232474668380032	2020-03-20	2020-07-04	6.836649416736532	31.074428478796953	8.094954662807314	10.633515996560048	26.16131353642053	Obese	0	0	0	0	0	greater_than_24	2
52588	30.640092938615147	2020-04-23	2020-09-25	7.3366801387051686	32.07726411935381	8.348788740570955	11.28444695871707	29.314237038450052	Normal	0	0	0	1	0	greater_than_24	3
50893	21.774501076141494	2019-02-06	2019-08-02	5.197901228463551	22.89094091768395	6.399413105307043	8.023650701313978	23.755417851432114	Normal	0	0	0	0	1	greater_than_24	2
52550	30.5997954420106	2019-11-18	2020-03-11	7.119661096982739	33.475575720680354	8.436160962570028	10.23070276923602	31.521687498078506	Obese	0	0	0	0	0	greater_than_24	3
30918	28.536092816952127	2019-12-16	2020-03-06	4.921068920064206	22.698631173898086	6.272929044490365	7.848226511347333	23.898164309340665	Obese	1	0	0	0	0	greater_than_24	2
42457	48.4682945873312	2020-03-13	2020-07-11	7.205488682091369	33.29631009678807	8.07670351532272	11.019701056419143	31.213782116436995	Normal	0	0	0	0	0	greater_than_24	3
51283	34.851858259677996	2019-09-09	2020-03-18	7.119363982559992	30.59066644274541	8.35767335847879	11.216969203221645	30.544543593144297	Normal	0	1	0	0	0	greater_than_24	3
62014	20.26139454279816	2019-01-28	2019-07-01	5.201012592954209	23.31816419237412	6.042337054582344	7.748638477602886	22.38709720627294	Normal	0	0	0	0	1	less_than_24	2
51349	36.60071315468612	2019-06-04	2019-08-28	4.812055293492199	24.162737625606145	6.214450832502072	8.42921095714539	20.791220984610334	Normal	1	0	0	0	0	less_than_24	2
51632	30.67158547154827	2019-02-25	2019-05-15	4.994376740147352	22.75518951791548	6.113995648723645	7.98744375056513	19.166853781360814	Normal	0	1	0	0	0	greater_than_24	2
52239	24.537725977779616	2020-01-25	2020-08-16	7.106929835458245	29.578424066325322	8.860289518607797	11.67389521616103	30.964128558637018	Normal	0	0	0	0	0	greater_than_24	3
50952	27.75198230599718	2019-03-31	2019-07-07	4.759203152401565	21.30261396132627	6.432830039048277	8.228346530948942	19.95132840897743	Normal	0	1	0	0	0	less_than_24	2
52362	25.19751263438807	2019-10-25	2020-02-05	7.265034335052097	31.23222278609236	8.963285124920047	11.757146603696322	28.95270721620385	Normal	1	1	0	0	0	greater_than_24	3
50901	16.855318250131447	2019-09-30	2019-12-21	4.613815798869739	24.324974502587043	6.000743605371965	7.709950148216725	22.587364223577868	Normal	0	0	0	0	0	less_than_24	2
50822	28.62509882225165	2019-10-10	2020-01-26	4.927836144408718	23.31071638426108	6.740649909841113	8.153548637121045	23.769948064923504	Normal	0	0	0	0	0	greater_than_24	3
50268	49.937193234500334	2019-03-28	2019-09-25	5.055789409599755	24.336940034017786	7.5157207689036785	8.8514572187337	23.262350204304532	Normal	1	0	0	0	1	less_than_24	2
51525	26.843318839046134	2020-05-02	2020-09-19	7.175654642949429	31.255048175722607	7.816538055808522	9.143374751956294	32.053305010604795	Obese	1	0	0	0	1	greater_than_24	3
61725	25.254066614079704	2020-03-07	2020-08-27	6.725608136904594	31.048447894038734	8.065575930324583	9.305728630982195	31.95368905637841	Obese	0	1	0	0	0	greater_than_24	3
51927	23.612387933356615	2019-08-01	2020-01-04	4.409758714179745	22.01593074536473	6.477235721935966	8.185825543091719	19.90258317507755	Normal	0	0	0	0	0	greater_than_24	2
52531	23.171170703704824	2020-04-25	2020-09-10	7.066841631942192	32.27760033106636	8.583842522041653	10.602547983036517	32.851609586387596	Obese	0	0	0	0	0	greater_than_24	3
50707	29.517255843956992	2019-06-21	2020-01-15	5.0625634863271065	22.548534805319406	6.335005262373245	7.799324496286088	19.83769863986364	Normal	0	0	0	0	0	greater_than_24	2
51256	22.60245063047075	2019-06-25	2019-11-05	5.09153887685908	23.892184164999826	6.112244743667669	8.12887769243553	21.004270772518563	Normal	0	0	0	0	0	less_than_24	2
51079	17.925447303082397	2019-07-10	2019-10-25	5.230817205521367	24.134924992339354	5.9678475784903915	7.6530005257498805	21.231582297608654	Obese	0	0	0	0	0	greater_than_24	2
52484	19.38740397994787	2019-04-04	2019-09-13	6.679129144608361	32.36761401977513	8.947622605771459	11.870456091071517	30.927475768191826	Normal	0	0	0	0	0	greater_than_24	3
52300	29.434455564124328	2020-05-06	2020-09-27	7.499174681157364	32.53784228669595	8.306626173393596	11.473456046595718	30.943962969362364	Underweight	0	0	0	0	1	greater_than_24	3
52238	61.44186155874955	2020-01-06	2020-04-18	6.896647560210309	33.53134136016702	8.398602450124041	10.803157753121653	33.32726499935182	Normal	1	0	0	0	0	less_than_24	3
31893	25.280205834069356	2020-06-19	2020-11-21	7.9359181714960965	31.573046997107514	8.471399960372521	11.130120544800558	31.732713494262132	Obese	0	0	0	0	0	less_than_24	3
32191	32.31975460641672	2018-12-17	2019-05-22	7.118251804822806	32.038487021525185	8.236161416374925	11.259149414948613	32.292363503965056	Normal	0	0	0	0	0	greater_than_24	3
52532	21.520110873323684	2020-03-19	2020-10-11	7.261758071009432	30.571853545478945	9.030640019632798	11.885459200939145	32.227960586889104	Obese	0	0	0	0	0	greater_than_24	3
51711	34.98536418210908	2020-04-22	2020-09-23	7.275477826957717	33.2567149451062	8.399943029776521	11.502828661290513	31.561739670974248	Normal	0	0	0	0	0	greater_than_24	3
31707	36.80673015405179	2020-03-08	2020-08-31	7.510468002653219	32.37950118103245	9.095955742624374	11.955917862141414	29.258265980673613	Obese	0	0	0	0	0	greater_than_24	3
62564	26.359880582454736	2019-08-18	2019-12-24	4.836750690037049	24.74412868243495	6.152557126617602	8.107470971395363	19.776822727145575	Underweight	0	0	0	0	0	greater_than_24	2
62447	30.787814146588524	2020-05-09	2020-09-25	6.820236802859093	33.221790304223255	9.004008200029839	11.674661646254897	32.00387698591431	Obese	0	0	0	0	0	less_than_24	3
52398	34.60961190666403	2020-04-15	2020-09-25	7.409943489084695	31.966498656537695	8.863814544836687	10.84929422321355	31.482728073958633	Obese	0	0	0	0	0	greater_than_24	3
52305	51.85903028396322	2020-05-02	2020-09-15	7.190399203494417	33.688589602933746	8.525567332223568	11.259923913854136	33.277977053135274	Obese	0	0	0	0	0	greater_than_24	3
51806	23.954410315207628	2019-06-11	2019-11-16	7.3217691803599125	33.11861232576452	8.409573125586146	11.588994215884464	31.168783551853753	Normal	0	0	0	0	0	greater_than_24	3
61347	27.665399122243546	2020-04-11	2020-07-13	7.175123199253315	31.268411766438675	8.437607397168561	10.291754137765908	32.036339363809724	Normal	0	1	0	0	1	less_than_24	2
34532	36.600396056109176	2020-03-23	2020-08-29	7.300194704881106	32.10914481111998	8.123538464538681	11.020492351080492	32.70406438658466	Obese	0	0	0	0	1	greater_than_24	3
61053	63.66687129279398	2019-12-05	2020-02-24	7.515289364620641	31.34945575932658	8.875844082021223	11.919156013795481	33.11911123398948	Obese	0	0	0	0	0	greater_than_24	3
51434	15.079511237846122	2019-05-14	2019-09-02	5.168605270785988	25.606395542578657	6.7067408413121425	8.384424688271896	22.12975504611907	Normal	0	0	0	0	0	less_than_24	2
51368	40.68650920770294	2019-08-13	2020-01-11	5.017761985459117	24.621537546382292	6.2098190016288335	7.962735133810199	21.80358502988664	Normal	0	0	0	0	0	greater_than_24	2
62243	20.51359127213874	2020-03-26	2020-08-19	7.139523790829648	30.7061831099944	8.36635969993648	11.470284619338887	31.605905004100606	Normal	0	0	0	0	0	less_than_24	3
51990	28.03620309277439	2019-05-23	2019-11-28	5.04188254048068	23.248004537911104	5.998135021554229	8.163415513174789	19.63505433974822	Normal	0	0	0	0	0	less_than_24	2
62279	55.73303683184652	2019-05-16	2019-08-24	5.217646949619473	24.26457806426717	6.276427230518776	8.311003143289225	23.099611970441234	Normal	0	0	0	0	0	less_than_24	2
51662	34.76977431098216	2018-11-30	2019-06-02	6.76556982305537	33.577486553962586	8.839912873596168	11.48648017874206	33.37412324258041	Normal	0	0	0	0	0	greater_than_24	3
29495	30.785413399147615	2018-10-22	2019-02-23	4.70494889105475	23.59832751639989	7.313546553258627	10.257771556280325	21.139194223019725	Normal	0	0	0	0	1	less_than_24	3
31712	28.782523393991287	2020-04-26	2020-09-15	7.098879441263628	33.11880811481934	8.375285721274789	10.797718090174609	29.848757207577197	Obese	0	1	0	0	0	greater_than_24	3
32915	27.13358752123938	2020-02-15	2020-08-27	7.477437810574515	32.84914337193795	8.405519267858383	11.552201099133423	31.761267129134417	Obese	0	1	0	0	0	greater_than_24	3
34353	30.749458923934476	2020-02-28	2020-05-25	7.032802160010007	32.82511487484318	8.258388892575406	10.543352013133752	30.250553338067164	Underweight	0	0	0	0	1	less_than_24	3
51184	21.66294301619891	2020-01-21	2020-06-10	5.979519741195258	29.95347411192825	8.318053545333624	11.02617885144546	29.538084325842387	Normal	0	1	0	0	0	greater_than_24	3
51648	25.910780087787	2020-03-07	2020-09-03	7.149707908019798	33.242054910385356	9.336283613042273	10.662355203964164	32.39015807002782	Normal	0	1	0	0	0	greater_than_24	3
50731	19.21554061345656	2019-03-02	2019-08-29	5.1735330309570635	23.260825273966798	6.017034900835009	8.133382436655664	22.654611645759026	Normal	0	0	0	0	0	greater_than_24	2
52038	25.54349947255372	2019-06-22	2019-11-22	4.858251033778166	23.782879307573307	6.0981951802268854	7.700979386495074	20.14623702602313	Normal	0	1	0	0	0	less_than_24	2
40221	26.377093053305703	2019-08-13	2020-03-01	5.287085864123977	23.956308874005735	6.0201992385392495	8.249447614651002	22.38376852990031	Normal	0	0	0	0	1	less_than_24	2
52021	20.038610249874374	2019-07-17	2020-01-07	5.172422155657203	24.82353924341643	6.371178390430455	8.78843161457586	22.81238125448164	Normal	0	0	0	0	0	greater_than_24	2
52335	16.218229101755863	2020-05-14	2020-08-05	6.847594903930315	29.922897608506194	8.064560116921102	11.071885170135795	30.478860170344156	Obese	1	0	0	0	1	greater_than_24	2
51779	29.62210408255119	2020-02-10	2020-08-08	6.982355293157647	32.02200671928017	8.706353132703851	10.222120293177921	30.30166758565096	Obese	1	1	0	0	0	greater_than_24	3
52592	22.283647118787478	2020-02-01	2020-05-02	6.902463706552736	32.480835845049114	8.529646460125457	11.499471650393474	32.332794788060426	Normal	0	0	0	0	1	greater_than_24	3
51867	18.022255723141246	2019-06-17	2019-09-12	4.923919367820458	24.989609076388174	6.222430749317659	7.595135383405665	21.5931092751901	Underweight	0	1	0	0	1	less_than_24	2
52474	20.534821788352936	2020-01-05	2020-05-14	6.8744955126959555	30.73640664605406	8.762439208851978	11.088326419178674	32.48151100464156	Obese	0	0	0	0	0	greater_than_24	3
31915	26.01725944662456	2019-07-22	2019-10-22	4.683227339719231	23.135781766441358	6.634211549282889	8.461420101904977	22.838933416098392	Normal	0	0	0	0	0	less_than_24	2
52297	29.387718593050145	2020-06-20	2020-11-06	7.517615788848788	32.40475149401693	8.875001931808356	11.884483067352965	33.470307847879354	Obese	0	0	0	0	0	greater_than_24	3
32291	32.133026479091974	2019-06-17	2019-12-27	4.886318794512138	23.823216051643502	6.564322424762454	8.34000009024849	20.794453778844403	Underweight	0	0	0	0	1	less_than_24	2
32149	55.10619622393549	2020-04-22	2020-08-06	6.865721113791471	32.74218065057322	9.140039868436507	11.481838279147583	31.46038713601432	Obese	0	0	0	0	0	greater_than_24	3
51795	27.503216264279132	2019-03-25	2019-07-24	5.085362811050267	25.444309946471883	6.315946396123289	8.095480580270785	23.27669709279059	Normal	0	0	0	0	0	greater_than_24	2
62571	28.539647264249894	2020-03-28	2020-10-19	7.360142400087086	30.402251935230208	8.215129280768632	11.235770942790506	29.72709516361469	Normal	0	0	0	1	0	greater_than_24	3
61356	33.495681574689335	2020-04-13	2020-08-10	7.324174457703719	33.13010286053973	8.604851697051842	11.90398390833944	31.521609544740123	Obese	0	0	0	0	0	greater_than_24	3
51678	27.96885847704366	2018-11-26	2019-06-23	4.508464239507552	22.861976504426444	6.210655786761147	7.9258179822902	20.88584012451412	Normal	0	1	0	0	0	less_than_24	2
52589	28.962948875671604	2020-04-20	2020-11-14	6.711403811692074	33.737383879001214	8.494984128225388	11.731039267997357	29.49409149483982	Normal	0	0	0	0	0	greater_than_24	3
52807	29.025070677546097	2020-06-05	2020-10-27	7.381304426310452	33.326023831521226	8.48915215633393	11.68994380430917	33.87891232855966	Obese	0	1	0	0	0	greater_than_24	3
52089	37.60886152985347	2020-05-12	2020-09-02	7.4506487939961055	32.30862960383744	8.729033039062463	11.837476524942511	32.1154261100868	Obese	0	1	0	0	0	greater_than_24	3
51293	20.405147557294185	2019-07-24	2020-01-25	6.866288281551405	31.827235679754022	8.166447237834484	11.32185653787453	33.50798931394278	Obese	0	0	0	0	0	less_than_24	3
51279	32.81722451164914	2020-03-24	2020-06-21	6.5844944502227625	31.20805551015055	8.270114535423161	11.356282304726035	32.37275975416394	Obese	0	0	0	0	0	greater_than_24	3
50858	18.9017349561574	2019-07-02	2019-12-21	5.351519630664733	25.068895519706068	6.162675221207538	8.048115061314233	22.37934711006487	Normal	0	0	1	0	0	less_than_24	3
32540	27.302285122433002	2020-05-03	2020-08-03	7.4491133597236665	32.81963146434167	8.089249752585667	9.774935934845999	33.69119704442648	Normal	0	0	0	0	0	greater_than_24	3
62696	32.429177098390014	2020-04-06	2020-09-28	7.479837712869102	32.12312463252147	8.355227619720761	11.524735677559669	32.58968664981876	Normal	0	0	0	0	0	greater_than_24	3
32351	34.99744470564241	2020-05-17	2020-10-10	7.34460450515003	31.767706478576365	8.616587533466523	11.208451787155356	30.58663643301882	Obese	0	1	0	0	0	greater_than_24	3
32170	28.359723834729028	2020-06-08	2020-11-03	7.166948893019804	33.674191644593456	8.39177603033384	10.773298377467308	32.6906454764823	Normal	0	1	0	0	0	less_than_24	3
52342	30.53335256257727	2020-11-13	2021-05-05	7.2120568778733585	31.48122835061287	8.167435057490835	11.503880988429728	32.54464924877017	Obese	0	0	0	0	1	greater_than_24	3
34155	38.01123345118117	2020-05-23	2020-09-29	6.993857698349955	32.20841798320525	8.2628204719781	11.13062202037482	29.787460630536863	Normal	0	0	0	0	0	less_than_24	3
52605	28.167539508837827	2020-04-02	2020-09-01	7.376504621721278	31.4663791453709	8.907659129035752	11.351342522583488	31.352041265008562	Obese	0	0	0	0	0	greater_than_24	3
51413	26.20314592934863	2019-08-09	2020-02-25	4.9997069372946035	24.433874033591547	5.973051384287422	7.5673598889636535	23.022259180014252	Underweight	0	0	0	0	0	less_than_24	2
51317	17.623241107859226	2019-03-07	2019-08-31	4.943959310922323	23.14826397256735	6.27074895340204	8.401375885570081	21.51912805838845	Normal	0	0	0	0	0	less_than_24	2
33630	31.715673288198072	2021-02-27	2021-08-10	7.224059191233654	33.20965840664742	8.994286401781563	10.99375905377439	32.307753539938574	Obese	0	0	0	0	0	greater_than_24	3
51691	27.422195084535787	2019-09-06	2020-03-20	6.687425895821122	31.549708371088172	8.801934692925311	11.416688767598611	28.274345859634295	Normal	0	0	0	0	0	less_than_24	3
52462	33.60046711338919	2019-01-20	2019-05-18	5.332783771471825	24.93177423607823	6.697385537522781	8.011989613855548	22.47169170818055	Underweight	0	0	0	0	0	less_than_24	2
61035	35.63641723892098	2019-08-19	2019-12-21	4.770321026962157	24.277286281275348	5.945197182425563	7.63348993741307	22.834740836442023	Normal	0	0	0	0	0	greater_than_24	2
42246	28.22362209150843	2020-08-08	2020-11-13	7.144612847402553	33.81249378439569	8.681483876896712	11.381766522699426	31.120886833569475	Obese	0	1	0	0	0	greater_than_24	3
61184	25.32300381060266	2019-04-04	2019-09-20	5.198208449606959	22.77451356058715	6.121004563260889	7.625646300384241	20.28294640185962	Normal	0	0	0	0	0	less_than_24	2
32631	16.72100849646345	2020-04-26	2020-10-21	7.395318266068627	32.311632617238146	8.11035245771114	11.079520727270607	33.82191077251499	Obese	0	0	0	0	0	greater_than_24	3
52836	29.16282063913554	2020-03-18	2020-08-27	7.26925832319842	32.824493925026964	8.944332141758776	11.787755437386418	32.45036356436169	Obese	0	0	0	0	0	greater_than_24	3
33019	28.916063272604298	2020-01-27	2020-07-01	7.112533724537925	32.35367623156199	8.485685797101548	11.616604470332428	32.951262834837024	Normal	0	0	0	0	0	greater_than_24	2
60866	29.44391235481664	2019-07-14	2019-12-31	6.842460631185395	30.83187483372896	8.512913171334924	11.319390563494325	32.46483358269764	Obese	0	0	0	0	1	less_than_24	3
51963	30.51285432724361	2020-03-25	2020-08-12	7.438965038074055	32.12993126535139	9.242313821898632	11.901723100082657	32.60068956724654	Obese	0	0	0	0	0	greater_than_24	3
52586	40.729034391860395	2020-05-16	2020-08-07	7.05516539537091	31.96706231830088	8.9894499354871	11.914687304715375	32.9025403158997	Obese	0	0	0	0	0	greater_than_24	3
33947	27.681105632366304	2020-04-10	2020-09-07	7.119688058000892	32.04364645820954	9.127772230359495	11.745490959128922	31.323473189140138	Obese	0	1	0	0	0	greater_than_24	3
31854	21.139977334881614	2019-12-19	2020-03-27	4.790115704387282	25.312084326442836	6.852860155230356	8.264982745015095	20.808517414065296	Normal	0	0	0	0	0	greater_than_24	2
51958	36.584235920336965	2020-01-16	2020-07-27	7.287287610629524	32.96819782339305	9.349746278476545	11.92794438366824	32.89470236009192	Obese	0	0	0	0	0	greater_than_24	3
62929	31.01162579958833	2019-07-08	2020-01-15	7.262446134490746	31.997240940307467	7.9807657355504205	10.888810703931195	30.229083261539564	Obese	0	0	0	0	0	greater_than_24	3
51095	22.79652105683503	2019-04-19	2019-10-29	5.224783712327256	23.359839691114743	6.37466657083692	7.9027784955448555	24.45403581608719	Normal	0	0	0	0	1	less_than_24	2
51745	21.395000057430828	2019-07-12	2019-10-19	4.997169068216685	22.092082519265755	5.863072298050636	7.425365379950571	22.438950747245947	Normal	0	0	0	0	0	less_than_24	2
32777	68.75604908298973	2020-02-07	2020-05-01	7.4039363569508945	30.60111909798509	8.545427932277725	11.962676059074106	31.735163276063602	Normal	0	0	0	0	0	greater_than_24	3
61219	30.269746926218357	2019-06-29	2019-10-05	6.880065004444199	29.35012489573609	8.341844951531128	11.725068090539997	29.40289332813515	Obese	0	0	0	0	0	less_than_24	3
61945	23.550306198435802	2019-03-02	2019-06-18	5.140156521153719	22.669666960186667	5.9737250856604724	8.08792030638896	20.598053670645427	Normal	0	0	0	0	0	less_than_24	2
52178	27.74022388490195	2019-10-14	2020-02-26	5.006941439138435	24.53418639823596	6.3517731090648075	8.236516392068255	23.43315474392534	Normal	0	0	0	0	0	less_than_24	3
40804	28.072181620490724	2019-09-15	2020-01-25	5.231350806432961	25.469397279110954	6.197033329443898	8.38804190300442	25.062451008704375	Underweight	0	0	0	0	0	less_than_24	3
31379	36.276449962999266	2019-05-05	2019-09-28	5.183241960533318	24.41371314453456	6.082609257475646	7.661408948518192	21.04307175778088	Normal	0	0	0	0	0	less_than_24	2
52358	41.127293359767975	2018-11-28	2019-06-02	6.543208740063183	33.00046394742408	8.541653274425828	10.770707411415833	32.208751117742366	Normal	0	0	0	0	0	greater_than_24	3
51190	23.580784454406746	2020-04-10	2020-09-15	6.94897640905625	30.550087597237333	8.218354167489546	10.831921338804042	30.515556868591663	Obese	1	0	0	0	1	greater_than_24	3
50225	33.04649738644258	2020-05-09	2020-08-24	5.228124039683297	23.831391105455808	6.130152317361651	7.280753147251623	20.07201252429631	Normal	0	0	0	0	0	less_than_24	2
41007	16.38031213728317	2018-11-13	2019-03-11	5.14062528154217	23.429007900864686	5.884493026813733	7.621003903350548	20.61705078753823	Normal	0	0	0	0	0	less_than_24	2
51773	26.305966930374233	2020-02-14	2020-08-24	6.962422666489525	33.78079571201697	8.901395445229056	11.463372771569675	32.71542173933518	Obese	0	0	0	0	0	greater_than_24	3
52182	35.85346838901462	2020-01-29	2020-06-28	7.36254115875418	31.91611743555285	8.546694070394729	11.837483373801211	31.0437195480463	Obese	0	0	0	0	0	less_than_24	3
50386	67.4982532961373	2020-04-26	2020-08-18	7.098077558256048	32.775810713154264	8.71139525960972	11.12767983628815	33.48942492269157	Obese	0	0	0	0	0	greater_than_24	3
52301	26.113824003450173	2020-05-08	2020-10-15	7.113419406850073	31.003337763824362	8.109726306109987	9.811876185577594	31.5006814568489	Normal	0	0	0	0	0	greater_than_24	3
51747	27.854351983147197	2020-04-17	2020-09-27	7.183991687375229	32.839555415107945	8.855035173361344	11.546254341644342	32.931107971156585	Normal	0	1	0	0	0	greater_than_24	3
